city_id,city_name,eurostat_city_code,eurostat_city_label,dataset,indicator,indicator_label,year,value,status_flag,source_url,boundary_compatible_with_ghsl
ghsl_5071,Barcelona,ES002C,Barcelona (greater city),urb_cpop1,DE1001V,"Population on the 1st of January, total",2015,3610906.0,b,https://ec.europa.eu/eurostat/api/dissemination/statistics/1.0/data/urb_cpop1?lang=EN&cities=ES002C&sinceTimePeriod=2015&indic_ur=DE1001V,False
ghsl_5071,Barcelona,ES002C,Barcelona (greater city),urb_cpop1,DE1001V,"Population on the 1st of January, total",2016,3624554.0,,https://ec.europa.eu/eurostat/api/dissemination/statistics/1.0/data/urb_cpop1?lang=EN&cities=ES002C&sinceTimePeriod=2015&indic_ur=DE1001V,False
ghsl_5071,Barcelona,ES002C,Barcelona (greater city),urb_cpop1,DE1001V,"Population on the 1st of January, total",2017,3648483.0,,https://ec.europa.eu/eurostat/api/dissemination/statistics/1.0/data/urb_cpop1?lang=EN&cities=ES002C&sinceTimePeriod=2015&indic_ur=DE1001V,False
ghsl_5071,Barcelona,ES002C,Barcelona (greater city),urb_cpop1,DE1001V,"Population on the 1st of January, total",2018,3665687.0,,https://ec.europa.eu/eurostat/api/dissemination/statistics/1.0/data/urb_cpop1?lang=EN&cities=ES002C&sinceTimePeriod=2015&indic_ur=DE1001V,False
ghsl_5071,Barcelona,ES002C,Barcelona (greater city),urb_cpop1,DE1001V,"Population on the 1st of January, total",2019,3701270.0,,https://ec.europa.eu/eurostat/api/dissemination/statistics/1.0/data/urb_cpop1?lang=EN&cities=ES002C&sinceTimePeriod=2015&indic_ur=DE1001V,False
ghsl_5071,Barcelona,ES002C,Barcelona (greater city),urb_cpop1,DE1001V,"Population on the 1st of January, total",2020,3755512.0,,https://ec.europa.eu/eurostat/api/dissemination/statistics/1.0/data/urb_cpop1?lang=EN&cities=ES002C&sinceTimePeriod=2015&indic_ur=DE1001V,False
ghsl_5071,Barcelona,ES002C,Barcelona (greater city),urb_cpop1,DE1001V,"Population on the 1st of January, total",2021,3719096.0,,https://ec.europa.eu/eurostat/api/dissemination/statistics/1.0/data/urb_cpop1?lang=EN&cities=ES002C&sinceTimePeriod=2015&indic_ur=DE1001V,False
ghsl_5071,Barcelona,ES002C,Barcelona (greater city),urb_cpop1,DE1001V,"Population on the 1st of January, total",2022,3720333.0,,https://ec.europa.eu/eurostat/api/dissemination/statistics/1.0/data/urb_cpop1?lang=EN&cities=ES002C&sinceTimePeriod=2015&indic_ur=DE1001V,False
ghsl_5071,Barcelona,ES002C,Barcelona (greater city),urb_cpop1,DE1001V,"Population on the 1st of January, total",2023,3767382.0,,https://ec.europa.eu/eurostat/api/dissemination/statistics/1.0/data/urb_cpop1?lang=EN&cities=ES002C&sinceTimePeriod=2015&indic_ur=DE1001V,False
ghsl_5071,Barcelona,ES002C,Barcelona (greater city),urb_cpop1,DE1001V,"Population on the 1st of January, total",2024,2658830.0,,https://ec.europa.eu/eurostat/api/dissemination/statistics/1.0/data/urb_cpop1?lang=EN&cities=ES002C&sinceTimePeriod=2015&indic_ur=DE1001V,False
ghsl_5071,Barcelona,ES002C,Barcelona (greater city),urb_ctran,TT1057I,Number of registered cars per 1000 population,2015,382.73,b,https://ec.europa.eu/eurostat/api/dissemination/statistics/1.0/data/urb_ctran?lang=EN&cities=ES002C&sinceTimePeriod=2015,False
ghsl_5071,Barcelona,ES002C,Barcelona (greater city),urb_ctran,TT1057I,Number of registered cars per 1000 population,2016,386.47,,https://ec.europa.eu/eurostat/api/dissemination/statistics/1.0/data/urb_ctran?lang=EN&cities=ES002C&sinceTimePeriod=2015,False
ghsl_5071,Barcelona,ES002C,Barcelona (greater city),urb_ctran,TT1057I,Number of registered cars per 1000 population,2017,361.14,,https://ec.europa.eu/eurostat/api/dissemination/statistics/1.0/data/urb_ctran?lang=EN&cities=ES002C&sinceTimePeriod=2015,False
ghsl_5071,Barcelona,ES002C,Barcelona (greater city),urb_ctran,TT1057I,Number of registered cars per 1000 population,2018,360.68,,https://ec.europa.eu/eurostat/api/dissemination/statistics/1.0/data/urb_ctran?lang=EN&cities=ES002C&sinceTimePeriod=2015,False
ghsl_5071,Barcelona,ES002C,Barcelona (greater city),urb_ctran,TT1057I,Number of registered cars per 1000 population,2019,356.87,,https://ec.europa.eu/eurostat/api/dissemination/statistics/1.0/data/urb_ctran?lang=EN&cities=ES002C&sinceTimePeriod=2015,False
ghsl_5071,Barcelona,ES002C,Barcelona (greater city),urb_ctran,TT1057I,Number of registered cars per 1000 population,2020,349.74,,https://ec.europa.eu/eurostat/api/dissemination/statistics/1.0/data/urb_ctran?lang=EN&cities=ES002C&sinceTimePeriod=2015,False
ghsl_5071,Barcelona,ES002C,Barcelona (greater city),urb_ctran,TT1057I,Number of registered cars per 1000 population,2021,348.38,,https://ec.europa.eu/eurostat/api/dissemination/statistics/1.0/data/urb_ctran?lang=EN&cities=ES002C&sinceTimePeriod=2015,False
ghsl_5071,Barcelona,ES002C,Barcelona (greater city),urb_ctran,TT1057I,Number of registered cars per 1000 population,2022,344.65,,https://ec.europa.eu/eurostat/api/dissemination/statistics/1.0/data/urb_ctran?lang=EN&cities=ES002C&sinceTimePeriod=2015,False
ghsl_5071,Barcelona,ES002C,Barcelona (greater city),urb_ctran,TT1057I,Number of registered cars per 1000 population,2023,335.52,,https://ec.europa.eu/eurostat/api/dissemination/statistics/1.0/data/urb_ctran?lang=EN&cities=ES002C&sinceTimePeriod=2015,False
ghsl_5071,Barcelona,ES002C,Barcelona (greater city),urb_ctran,TT1057I,Number of registered cars per 1000 population,2024,278.97,,https://ec.europa.eu/eurostat/api/dissemination/statistics/1.0/data/urb_ctran?lang=EN&cities=ES002C&sinceTimePeriod=2015,False
ghsl_5071,Barcelona,ES002C,Barcelona (greater city),urb_ctran,TT1057V,Number of private cars registered,2015,1382003.0,,https://ec.europa.eu/eurostat/api/dissemination/statistics/1.0/data/urb_ctran?lang=EN&cities=ES002C&sinceTimePeriod=2015,False
ghsl_5071,Barcelona,ES002C,Barcelona (greater city),urb_ctran,TT1057V,Number of private cars registered,2016,1400786.0,,https://ec.europa.eu/eurostat/api/dissemination/statistics/1.0/data/urb_ctran?lang=EN&cities=ES002C&sinceTimePeriod=2015,False
ghsl_5071,Barcelona,ES002C,Barcelona (greater city),urb_ctran,TT1057V,Number of private cars registered,2017,1317629.0,,https://ec.europa.eu/eurostat/api/dissemination/statistics/1.0/data/urb_ctran?lang=EN&cities=ES002C&sinceTimePeriod=2015,False
ghsl_5071,Barcelona,ES002C,Barcelona (greater city),urb_ctran,TT1057V,Number of private cars registered,2018,1322154.0,,https://ec.europa.eu/eurostat/api/dissemination/statistics/1.0/data/urb_ctran?lang=EN&cities=ES002C&sinceTimePeriod=2015,False
ghsl_5071,Barcelona,ES002C,Barcelona (greater city),urb_ctran,TT1057V,Number of private cars registered,2019,1320856.0,,https://ec.europa.eu/eurostat/api/dissemination/statistics/1.0/data/urb_ctran?lang=EN&cities=ES002C&sinceTimePeriod=2015,False
ghsl_5071,Barcelona,ES002C,Barcelona (greater city),urb_ctran,TT1057V,Number of private cars registered,2020,1313437.0,,https://ec.europa.eu/eurostat/api/dissemination/statistics/1.0/data/urb_ctran?lang=EN&cities=ES002C&sinceTimePeriod=2015,False
ghsl_5071,Barcelona,ES002C,Barcelona (greater city),urb_ctran,TT1057V,Number of private cars registered,2021,1295661.0,,https://ec.europa.eu/eurostat/api/dissemination/statistics/1.0/data/urb_ctran?lang=EN&cities=ES002C&sinceTimePeriod=2015,False
ghsl_5071,Barcelona,ES002C,Barcelona (greater city),urb_ctran,TT1057V,Number of private cars registered,2022,1282200.0,,https://ec.europa.eu/eurostat/api/dissemination/statistics/1.0/data/urb_ctran?lang=EN&cities=ES002C&sinceTimePeriod=2015,False
ghsl_5071,Barcelona,ES002C,Barcelona (greater city),urb_ctran,TT1057V,Number of private cars registered,2023,1264050.0,,https://ec.europa.eu/eurostat/api/dissemination/statistics/1.0/data/urb_ctran?lang=EN&cities=ES002C&sinceTimePeriod=2015,False
ghsl_5071,Barcelona,ES002C,Barcelona (greater city),urb_ctran,TT1057V,Number of private cars registered,2024,741737.0,,https://ec.europa.eu/eurostat/api/dissemination/statistics/1.0/data/urb_ctran?lang=EN&cities=ES002C&sinceTimePeriod=2015,False
ghsl_5071,Barcelona,ES002C,Barcelona (greater city),urb_ctran,TT1060I,People killed in road accidents per 10000 pop.,2017,0.18,,https://ec.europa.eu/eurostat/api/dissemination/statistics/1.0/data/urb_ctran?lang=EN&cities=ES002C&sinceTimePeriod=2015,False
ghsl_5071,Barcelona,ES002C,Barcelona (greater city),urb_ctran,TT1060I,People killed in road accidents per 10000 pop.,2018,0.17,,https://ec.europa.eu/eurostat/api/dissemination/statistics/1.0/data/urb_ctran?lang=EN&cities=ES002C&sinceTimePeriod=2015,False
ghsl_5071,Barcelona,ES002C,Barcelona (greater city),urb_ctran,TT1060I,People killed in road accidents per 10000 pop.,2019,0.22,,https://ec.europa.eu/eurostat/api/dissemination/statistics/1.0/data/urb_ctran?lang=EN&cities=ES002C&sinceTimePeriod=2015,False
ghsl_5071,Barcelona,ES002C,Barcelona (greater city),urb_ctran,TT1060I,People killed in road accidents per 10000 pop.,2020,0.14,,https://ec.europa.eu/eurostat/api/dissemination/statistics/1.0/data/urb_ctran?lang=EN&cities=ES002C&sinceTimePeriod=2015,False
ghsl_5071,Barcelona,ES002C,Barcelona (greater city),urb_ctran,TT1060I,People killed in road accidents per 10000 pop.,2021,0.14,,https://ec.europa.eu/eurostat/api/dissemination/statistics/1.0/data/urb_ctran?lang=EN&cities=ES002C&sinceTimePeriod=2015,False
ghsl_5071,Barcelona,ES002C,Barcelona (greater city),urb_ctran,TT1060I,People killed in road accidents per 10000 pop.,2022,0.16,,https://ec.europa.eu/eurostat/api/dissemination/statistics/1.0/data/urb_ctran?lang=EN&cities=ES002C&sinceTimePeriod=2015,False
ghsl_5071,Barcelona,ES002C,Barcelona (greater city),urb_ctran,TT1060I,People killed in road accidents per 10000 pop.,2023,0.18,,https://ec.europa.eu/eurostat/api/dissemination/statistics/1.0/data/urb_ctran?lang=EN&cities=ES002C&sinceTimePeriod=2015,False
ghsl_5071,Barcelona,ES002C,Barcelona (greater city),urb_ctran,TT1060I,People killed in road accidents per 10000 pop.,2024,0.16,,https://ec.europa.eu/eurostat/api/dissemination/statistics/1.0/data/urb_ctran?lang=EN&cities=ES002C&sinceTimePeriod=2015,False
ghsl_5071,Barcelona,ES002C,Barcelona (greater city),urb_ctran,TT1060V,Number of deaths in road accidents,2017,64.0,,https://ec.europa.eu/eurostat/api/dissemination/statistics/1.0/data/urb_ctran?lang=EN&cities=ES002C&sinceTimePeriod=2015,False
ghsl_5071,Barcelona,ES002C,Barcelona (greater city),urb_ctran,TT1060V,Number of deaths in road accidents,2018,62.0,,https://ec.europa.eu/eurostat/api/dissemination/statistics/1.0/data/urb_ctran?lang=EN&cities=ES002C&sinceTimePeriod=2015,False
ghsl_5071,Barcelona,ES002C,Barcelona (greater city),urb_ctran,TT1060V,Number of deaths in road accidents,2019,82.0,,https://ec.europa.eu/eurostat/api/dissemination/statistics/1.0/data/urb_ctran?lang=EN&cities=ES002C&sinceTimePeriod=2015,False
ghsl_5071,Barcelona,ES002C,Barcelona (greater city),urb_ctran,TT1060V,Number of deaths in road accidents,2020,51.0,,https://ec.europa.eu/eurostat/api/dissemination/statistics/1.0/data/urb_ctran?lang=EN&cities=ES002C&sinceTimePeriod=2015,False
ghsl_5071,Barcelona,ES002C,Barcelona (greater city),urb_ctran,TT1060V,Number of deaths in road accidents,2021,51.0,,https://ec.europa.eu/eurostat/api/dissemination/statistics/1.0/data/urb_ctran?lang=EN&cities=ES002C&sinceTimePeriod=2015,False
ghsl_5071,Barcelona,ES002C,Barcelona (greater city),urb_ctran,TT1060V,Number of deaths in road accidents,2022,60.0,,https://ec.europa.eu/eurostat/api/dissemination/statistics/1.0/data/urb_ctran?lang=EN&cities=ES002C&sinceTimePeriod=2015,False
ghsl_5071,Barcelona,ES002C,Barcelona (greater city),urb_ctran,TT1060V,Number of deaths in road accidents,2023,66.0,,https://ec.europa.eu/eurostat/api/dissemination/statistics/1.0/data/urb_ctran?lang=EN&cities=ES002C&sinceTimePeriod=2015,False
ghsl_5071,Barcelona,ES002C,Barcelona (greater city),urb_ctran,TT1060V,Number of deaths in road accidents,2024,42.0,,https://ec.europa.eu/eurostat/api/dissemination/statistics/1.0/data/urb_ctran?lang=EN&cities=ES002C&sinceTimePeriod=2015,False
ghsl_5071,Barcelona,ES002C,Barcelona (greater city),urb_ceduc,TE1001I,Number of Children 0-4 in day care (publ.&priv) per 1000 children 0-4,2016,612.4,,https://ec.europa.eu/eurostat/api/dissemination/statistics/1.0/data/urb_ceduc?lang=EN&cities=ES002C&sinceTimePeriod=2015,False
ghsl_5071,Barcelona,ES002C,Barcelona (greater city),urb_ceduc,TE1001I,Number of Children 0-4 in day care (publ.&priv) per 1000 children 0-4,2017,612.0,,https://ec.europa.eu/eurostat/api/dissemination/statistics/1.0/data/urb_ceduc?lang=EN&cities=ES002C&sinceTimePeriod=2015,False
ghsl_5071,Barcelona,ES002C,Barcelona (greater city),urb_ceduc,TE1001I,Number of Children 0-4 in day care (publ.&priv) per 1000 children 0-4,2018,619.4,,https://ec.europa.eu/eurostat/api/dissemination/statistics/1.0/data/urb_ceduc?lang=EN&cities=ES002C&sinceTimePeriod=2015,False
ghsl_5071,Barcelona,ES002C,Barcelona (greater city),urb_ceduc,TE1001I,Number of Children 0-4 in day care (publ.&priv) per 1000 children 0-4,2019,632.4,,https://ec.europa.eu/eurostat/api/dissemination/statistics/1.0/data/urb_ceduc?lang=EN&cities=ES002C&sinceTimePeriod=2015,False
ghsl_5071,Barcelona,ES002C,Barcelona (greater city),urb_ceduc,TE1001I,Number of Children 0-4 in day care (publ.&priv) per 1000 children 0-4,2020,642.1,,https://ec.europa.eu/eurostat/api/dissemination/statistics/1.0/data/urb_ceduc?lang=EN&cities=ES002C&sinceTimePeriod=2015,False
ghsl_5071,Barcelona,ES002C,Barcelona (greater city),urb_ceduc,TE1001I,Number of Children 0-4 in day care (publ.&priv) per 1000 children 0-4,2021,621.3,,https://ec.europa.eu/eurostat/api/dissemination/statistics/1.0/data/urb_ceduc?lang=EN&cities=ES002C&sinceTimePeriod=2015,False
ghsl_5071,Barcelona,ES002C,Barcelona (greater city),urb_ceduc,TE1001I,Number of Children 0-4 in day care (publ.&priv) per 1000 children 0-4,2022,637.8,,https://ec.europa.eu/eurostat/api/dissemination/statistics/1.0/data/urb_ceduc?lang=EN&cities=ES002C&sinceTimePeriod=2015,False
ghsl_5071,Barcelona,ES002C,Barcelona (greater city),urb_ceduc,TE1001I,Number of Children 0-4 in day care (publ.&priv) per 1000 children 0-4,2023,651.8,,https://ec.europa.eu/eurostat/api/dissemination/statistics/1.0/data/urb_ceduc?lang=EN&cities=ES002C&sinceTimePeriod=2015,False
ghsl_5071,Barcelona,ES002C,Barcelona (greater city),urb_ceduc,TE1001I,Number of Children 0-4 in day care (publ.&priv) per 1000 children 0-4,2024,645.2,e,https://ec.europa.eu/eurostat/api/dissemination/statistics/1.0/data/urb_ceduc?lang=EN&cities=ES002C&sinceTimePeriod=2015,False
ghsl_5071,Barcelona,ES002C,Barcelona (greater city),urb_ceduc,TE1001V,Number of children 0-4 in day care or school,2016,105672.0,,https://ec.europa.eu/eurostat/api/dissemination/statistics/1.0/data/urb_ceduc?lang=EN&cities=ES002C&sinceTimePeriod=2015,False
ghsl_5071,Barcelona,ES002C,Barcelona (greater city),urb_ceduc,TE1001V,Number of children 0-4 in day care or school,2017,104539.0,,https://ec.europa.eu/eurostat/api/dissemination/statistics/1.0/data/urb_ceduc?lang=EN&cities=ES002C&sinceTimePeriod=2015,False
ghsl_5071,Barcelona,ES002C,Barcelona (greater city),urb_ceduc,TE1001V,Number of children 0-4 in day care or school,2018,103431.0,,https://ec.europa.eu/eurostat/api/dissemination/statistics/1.0/data/urb_ceduc?lang=EN&cities=ES002C&sinceTimePeriod=2015,False
ghsl_5071,Barcelona,ES002C,Barcelona (greater city),urb_ceduc,TE1001V,Number of children 0-4 in day care or school,2019,104126.0,,https://ec.europa.eu/eurostat/api/dissemination/statistics/1.0/data/urb_ceduc?lang=EN&cities=ES002C&sinceTimePeriod=2015,False
ghsl_5071,Barcelona,ES002C,Barcelona (greater city),urb_ceduc,TE1001V,Number of children 0-4 in day care or school,2020,103459.0,,https://ec.europa.eu/eurostat/api/dissemination/statistics/1.0/data/urb_ceduc?lang=EN&cities=ES002C&sinceTimePeriod=2015,False
ghsl_5071,Barcelona,ES002C,Barcelona (greater city),urb_ceduc,TE1001V,Number of children 0-4 in day care or school,2021,94017.0,,https://ec.europa.eu/eurostat/api/dissemination/statistics/1.0/data/urb_ceduc?lang=EN&cities=ES002C&sinceTimePeriod=2015,False
ghsl_5071,Barcelona,ES002C,Barcelona (greater city),urb_ceduc,TE1001V,Number of children 0-4 in day care or school,2022,92519.0,,https://ec.europa.eu/eurostat/api/dissemination/statistics/1.0/data/urb_ceduc?lang=EN&cities=ES002C&sinceTimePeriod=2015,False
ghsl_5071,Barcelona,ES002C,Barcelona (greater city),urb_ceduc,TE1001V,Number of children 0-4 in day care or school,2023,93024.0,,https://ec.europa.eu/eurostat/api/dissemination/statistics/1.0/data/urb_ceduc?lang=EN&cities=ES002C&sinceTimePeriod=2015,False
ghsl_5071,Barcelona,ES002C,Barcelona (greater city),urb_ceduc,TE1001V,Number of children 0-4 in day care or school,2024,60920.0,e,https://ec.europa.eu/eurostat/api/dissemination/statistics/1.0/data/urb_ceduc?lang=EN&cities=ES002C&sinceTimePeriod=2015,False
ghsl_5071,Barcelona,ES002C,Barcelona (greater city),urb_ceduc,TE1026I,Share of students in higher education in the total population (per 1000 persons),2017,74.8,,https://ec.europa.eu/eurostat/api/dissemination/statistics/1.0/data/urb_ceduc?lang=EN&cities=ES002C&sinceTimePeriod=2015,False
ghsl_5071,Barcelona,ES002C,Barcelona (greater city),urb_ceduc,TE1026I,Share of students in higher education in the total population (per 1000 persons),2018,74.5,,https://ec.europa.eu/eurostat/api/dissemination/statistics/1.0/data/urb_ceduc?lang=EN&cities=ES002C&sinceTimePeriod=2015,False
ghsl_5071,Barcelona,ES002C,Barcelona (greater city),urb_ceduc,TE1026I,Share of students in higher education in the total population (per 1000 persons),2019,75.7,,https://ec.europa.eu/eurostat/api/dissemination/statistics/1.0/data/urb_ceduc?lang=EN&cities=ES002C&sinceTimePeriod=2015,False
ghsl_5071,Barcelona,ES002C,Barcelona (greater city),urb_ceduc,TE1026I,Share of students in higher education in the total population (per 1000 persons),2020,77.6,,https://ec.europa.eu/eurostat/api/dissemination/statistics/1.0/data/urb_ceduc?lang=EN&cities=ES002C&sinceTimePeriod=2015,False
ghsl_5071,Barcelona,ES002C,Barcelona (greater city),urb_ceduc,TE1026I,Share of students in higher education in the total population (per 1000 persons),2021,80.5,,https://ec.europa.eu/eurostat/api/dissemination/statistics/1.0/data/urb_ceduc?lang=EN&cities=ES002C&sinceTimePeriod=2015,False
ghsl_5071,Barcelona,ES002C,Barcelona (greater city),urb_ceduc,TE1026I,Share of students in higher education in the total population (per 1000 persons),2022,83.4,,https://ec.europa.eu/eurostat/api/dissemination/statistics/1.0/data/urb_ceduc?lang=EN&cities=ES002C&sinceTimePeriod=2015,False
ghsl_5071,Barcelona,ES002C,Barcelona (greater city),urb_ceduc,TE1026I,Share of students in higher education in the total population (per 1000 persons),2023,83.5,,https://ec.europa.eu/eurostat/api/dissemination/statistics/1.0/data/urb_ceduc?lang=EN&cities=ES002C&sinceTimePeriod=2015,False
ghsl_5071,Barcelona,ES002C,Barcelona (greater city),urb_ceduc,TE1026I,Share of students in higher education in the total population (per 1000 persons),2024,96.8,,https://ec.europa.eu/eurostat/api/dissemination/statistics/1.0/data/urb_ceduc?lang=EN&cities=ES002C&sinceTimePeriod=2015,False
ghsl_5071,Barcelona,ES002C,Barcelona (greater city),urb_ceduc,TE1026V,"Students in higher education (ISCED level 5-8 from 2014 onwards), total",2017,272958.0,,https://ec.europa.eu/eurostat/api/dissemination/statistics/1.0/data/urb_ceduc?lang=EN&cities=ES002C&sinceTimePeriod=2015,False
ghsl_5071,Barcelona,ES002C,Barcelona (greater city),urb_ceduc,TE1026V,"Students in higher education (ISCED level 5-8 from 2014 onwards), total",2018,272958.0,,https://ec.europa.eu/eurostat/api/dissemination/statistics/1.0/data/urb_ceduc?lang=EN&cities=ES002C&sinceTimePeriod=2015,False
ghsl_5071,Barcelona,ES002C,Barcelona (greater city),urb_ceduc,TE1026V,"Students in higher education (ISCED level 5-8 from 2014 onwards), total",2019,280346.0,,https://ec.europa.eu/eurostat/api/dissemination/statistics/1.0/data/urb_ceduc?lang=EN&cities=ES002C&sinceTimePeriod=2015,False
ghsl_5071,Barcelona,ES002C,Barcelona (greater city),urb_ceduc,TE1026V,"Students in higher education (ISCED level 5-8 from 2014 onwards), total",2020,291535.0,,https://ec.europa.eu/eurostat/api/dissemination/statistics/1.0/data/urb_ceduc?lang=EN&cities=ES002C&sinceTimePeriod=2015,False
ghsl_5071,Barcelona,ES002C,Barcelona (greater city),urb_ceduc,TE1026V,"Students in higher education (ISCED level 5-8 from 2014 onwards), total",2021,299382.0,,https://ec.europa.eu/eurostat/api/dissemination/statistics/1.0/data/urb_ceduc?lang=EN&cities=ES002C&sinceTimePeriod=2015,False
ghsl_5071,Barcelona,ES002C,Barcelona (greater city),urb_ceduc,TE1026V,"Students in higher education (ISCED level 5-8 from 2014 onwards), total",2022,310140.0,,https://ec.europa.eu/eurostat/api/dissemination/statistics/1.0/data/urb_ceduc?lang=EN&cities=ES002C&sinceTimePeriod=2015,False
ghsl_5071,Barcelona,ES002C,Barcelona (greater city),urb_ceduc,TE1026V,"Students in higher education (ISCED level 5-8 from 2014 onwards), total",2023,314436.0,,https://ec.europa.eu/eurostat/api/dissemination/statistics/1.0/data/urb_ceduc?lang=EN&cities=ES002C&sinceTimePeriod=2015,False
ghsl_5071,Barcelona,ES002C,Barcelona (greater city),urb_ceduc,TE1026V,"Students in higher education (ISCED level 5-8 from 2014 onwards), total",2024,257293.0,,https://ec.europa.eu/eurostat/api/dissemination/statistics/1.0/data/urb_ceduc?lang=EN&cities=ES002C&sinceTimePeriod=2015,False
ghsl_5071,Barcelona,ES002C,Barcelona (greater city),urb_ceduc,TE1027V,"Students in higher education (ISCED level 5-8 from 2014 onwards), male",2019,129311.0,,https://ec.europa.eu/eurostat/api/dissemination/statistics/1.0/data/urb_ceduc?lang=EN&cities=ES002C&sinceTimePeriod=2015,False
ghsl_5071,Barcelona,ES002C,Barcelona (greater city),urb_ceduc,TE1027V,"Students in higher education (ISCED level 5-8 from 2014 onwards), male",2020,133402.0,,https://ec.europa.eu/eurostat/api/dissemination/statistics/1.0/data/urb_ceduc?lang=EN&cities=ES002C&sinceTimePeriod=2015,False
ghsl_5071,Barcelona,ES002C,Barcelona (greater city),urb_ceduc,TE1027V,"Students in higher education (ISCED level 5-8 from 2014 onwards), male",2021,137117.0,,https://ec.europa.eu/eurostat/api/dissemination/statistics/1.0/data/urb_ceduc?lang=EN&cities=ES002C&sinceTimePeriod=2015,False
ghsl_5071,Barcelona,ES002C,Barcelona (greater city),urb_ceduc,TE1027V,"Students in higher education (ISCED level 5-8 from 2014 onwards), male",2022,141021.0,,https://ec.europa.eu/eurostat/api/dissemination/statistics/1.0/data/urb_ceduc?lang=EN&cities=ES002C&sinceTimePeriod=2015,False
ghsl_5071,Barcelona,ES002C,Barcelona (greater city),urb_ceduc,TE1027V,"Students in higher education (ISCED level 5-8 from 2014 onwards), male",2023,141492.0,,https://ec.europa.eu/eurostat/api/dissemination/statistics/1.0/data/urb_ceduc?lang=EN&cities=ES002C&sinceTimePeriod=2015,False
ghsl_5071,Barcelona,ES002C,Barcelona (greater city),urb_ceduc,TE1027V,"Students in higher education (ISCED level 5-8 from 2014 onwards), male",2024,114839.0,,https://ec.europa.eu/eurostat/api/dissemination/statistics/1.0/data/urb_ceduc?lang=EN&cities=ES002C&sinceTimePeriod=2015,False
ghsl_5071,Barcelona,ES002C,Barcelona (greater city),urb_ceduc,TE1028V,"Students in higher education (ISCED level 5-8 from 2014 onwards), female",2019,151035.0,,https://ec.europa.eu/eurostat/api/dissemination/statistics/1.0/data/urb_ceduc?lang=EN&cities=ES002C&sinceTimePeriod=2015,False
ghsl_5071,Barcelona,ES002C,Barcelona (greater city),urb_ceduc,TE1028V,"Students in higher education (ISCED level 5-8 from 2014 onwards), female",2020,158133.0,,https://ec.europa.eu/eurostat/api/dissemination/statistics/1.0/data/urb_ceduc?lang=EN&cities=ES002C&sinceTimePeriod=2015,False
ghsl_5071,Barcelona,ES002C,Barcelona (greater city),urb_ceduc,TE1028V,"Students in higher education (ISCED level 5-8 from 2014 onwards), female",2021,162265.0,,https://ec.europa.eu/eurostat/api/dissemination/statistics/1.0/data/urb_ceduc?lang=EN&cities=ES002C&sinceTimePeriod=2015,False
ghsl_5071,Barcelona,ES002C,Barcelona (greater city),urb_ceduc,TE1028V,"Students in higher education (ISCED level 5-8 from 2014 onwards), female",2022,169119.0,,https://ec.europa.eu/eurostat/api/dissemination/statistics/1.0/data/urb_ceduc?lang=EN&cities=ES002C&sinceTimePeriod=2015,False
ghsl_5071,Barcelona,ES002C,Barcelona (greater city),urb_ceduc,TE1028V,"Students in higher education (ISCED level 5-8 from 2014 onwards), female",2023,172944.0,,https://ec.europa.eu/eurostat/api/dissemination/statistics/1.0/data/urb_ceduc?lang=EN&cities=ES002C&sinceTimePeriod=2015,False
ghsl_5071,Barcelona,ES002C,Barcelona (greater city),urb_ceduc,TE1028V,"Students in higher education (ISCED level 5-8 from 2014 onwards), female",2024,142454.0,,https://ec.europa.eu/eurostat/api/dissemination/statistics/1.0/data/urb_ceduc?lang=EN&cities=ES002C&sinceTimePeriod=2015,False
ghsl_5071,Barcelona,ES002C,Barcelona (greater city),urb_ceduc,TE2025V,"Persons (aged 25-64) with ISCED level 0, 1or 2 as the highest level of education",2018,636376.0,,https://ec.europa.eu/eurostat/api/dissemination/statistics/1.0/data/urb_ceduc?lang=EN&cities=ES002C&sinceTimePeriod=2015,False
ghsl_5071,Barcelona,ES002C,Barcelona (greater city),urb_ceduc,TE2025V,"Persons (aged 25-64) with ISCED level 0, 1or 2 as the highest level of education",2019,617126.0,,https://ec.europa.eu/eurostat/api/dissemination/statistics/1.0/data/urb_ceduc?lang=EN&cities=ES002C&sinceTimePeriod=2015,False
ghsl_5071,Barcelona,ES002C,Barcelona (greater city),urb_ceduc,TE2025V,"Persons (aged 25-64) with ISCED level 0, 1or 2 as the highest level of education",2020,607491.0,,https://ec.europa.eu/eurostat/api/dissemination/statistics/1.0/data/urb_ceduc?lang=EN&cities=ES002C&sinceTimePeriod=2015,False
ghsl_5071,Barcelona,ES002C,Barcelona (greater city),urb_ceduc,TE2025V,"Persons (aged 25-64) with ISCED level 0, 1or 2 as the highest level of education",2021,579901.0,,https://ec.europa.eu/eurostat/api/dissemination/statistics/1.0/data/urb_ceduc?lang=EN&cities=ES002C&sinceTimePeriod=2015,False
ghsl_5071,Barcelona,ES002C,Barcelona (greater city),urb_ceduc,TE2025V,"Persons (aged 25-64) with ISCED level 0, 1or 2 as the highest level of education",2022,558332.0,,https://ec.europa.eu/eurostat/api/dissemination/statistics/1.0/data/urb_ceduc?lang=EN&cities=ES002C&sinceTimePeriod=2015,False
ghsl_5071,Barcelona,ES002C,Barcelona (greater city),urb_ceduc,TE2025V,"Persons (aged 25-64) with ISCED level 0, 1or 2 as the highest level of education",2023,549786.0,,https://ec.europa.eu/eurostat/api/dissemination/statistics/1.0/data/urb_ceduc?lang=EN&cities=ES002C&sinceTimePeriod=2015,False
ghsl_5071,Barcelona,ES002C,Barcelona (greater city),urb_ceduc,TE2028I,Proportion of working age population qualified at level 3 or 4 ISCED,2018,23.6,,https://ec.europa.eu/eurostat/api/dissemination/statistics/1.0/data/urb_ceduc?lang=EN&cities=ES002C&sinceTimePeriod=2015,False
ghsl_5071,Barcelona,ES002C,Barcelona (greater city),urb_ceduc,TE2028V,Persons (aged 25-64) with ISCED level 3 or 4 as the highest level of education,2018,487009.0,,https://ec.europa.eu/eurostat/api/dissemination/statistics/1.0/data/urb_ceduc?lang=EN&cities=ES002C&sinceTimePeriod=2015,False
ghsl_5071,Barcelona,ES002C,Barcelona (greater city),urb_ceduc,TE2028V,Persons (aged 25-64) with ISCED level 3 or 4 as the highest level of education,2019,489823.0,,https://ec.europa.eu/eurostat/api/dissemination/statistics/1.0/data/urb_ceduc?lang=EN&cities=ES002C&sinceTimePeriod=2015,False
ghsl_5071,Barcelona,ES002C,Barcelona (greater city),urb_ceduc,TE2028V,Persons (aged 25-64) with ISCED level 3 or 4 as the highest level of education,2020,495193.0,,https://ec.europa.eu/eurostat/api/dissemination/statistics/1.0/data/urb_ceduc?lang=EN&cities=ES002C&sinceTimePeriod=2015,False
ghsl_5071,Barcelona,ES002C,Barcelona (greater city),urb_ceduc,TE2028V,Persons (aged 25-64) with ISCED level 3 or 4 as the highest level of education,2021,487967.0,,https://ec.europa.eu/eurostat/api/dissemination/statistics/1.0/data/urb_ceduc?lang=EN&cities=ES002C&sinceTimePeriod=2015,False
ghsl_5071,Barcelona,ES002C,Barcelona (greater city),urb_ceduc,TE2028V,Persons (aged 25-64) with ISCED level 3 or 4 as the highest level of education,2022,482626.0,,https://ec.europa.eu/eurostat/api/dissemination/statistics/1.0/data/urb_ceduc?lang=EN&cities=ES002C&sinceTimePeriod=2015,False
ghsl_5071,Barcelona,ES002C,Barcelona (greater city),urb_ceduc,TE2028V,Persons (aged 25-64) with ISCED level 3 or 4 as the highest level of education,2023,491883.0,,https://ec.europa.eu/eurostat/api/dissemination/statistics/1.0/data/urb_ceduc?lang=EN&cities=ES002C&sinceTimePeriod=2015,False
ghsl_5071,Barcelona,ES002C,Barcelona (greater city),urb_ceduc,TE2031I,"Proportion of population aged 25-64 qualified at level 5 to 8 ISCED, from 2014 onwards",2018,45.2,,https://ec.europa.eu/eurostat/api/dissemination/statistics/1.0/data/urb_ceduc?lang=EN&cities=ES002C&sinceTimePeriod=2015,False
ghsl_5071,Barcelona,ES002C,Barcelona (greater city),urb_ceduc,TE2031V,"Persons aged 25-64 with ISCED level 5, 6, 7 or 8 as the highest level of education, from 2014 onwards",2018,932910.0,,https://ec.europa.eu/eurostat/api/dissemination/statistics/1.0/data/urb_ceduc?lang=EN&cities=ES002C&sinceTimePeriod=2015,False
ghsl_5071,Barcelona,ES002C,Barcelona (greater city),urb_ceduc,TE2031V,"Persons aged 25-64 with ISCED level 5, 6, 7 or 8 as the highest level of education, from 2014 onwards",2019,966746.0,,https://ec.europa.eu/eurostat/api/dissemination/statistics/1.0/data/urb_ceduc?lang=EN&cities=ES002C&sinceTimePeriod=2015,False
ghsl_5071,Barcelona,ES002C,Barcelona (greater city),urb_ceduc,TE2031V,"Persons aged 25-64 with ISCED level 5, 6, 7 or 8 as the highest level of education, from 2014 onwards",2020,1004042.0,,https://ec.europa.eu/eurostat/api/dissemination/statistics/1.0/data/urb_ceduc?lang=EN&cities=ES002C&sinceTimePeriod=2015,False
ghsl_5071,Barcelona,ES002C,Barcelona (greater city),urb_ceduc,TE2031V,"Persons aged 25-64 with ISCED level 5, 6, 7 or 8 as the highest level of education, from 2014 onwards",2021,1016931.0,,https://ec.europa.eu/eurostat/api/dissemination/statistics/1.0/data/urb_ceduc?lang=EN&cities=ES002C&sinceTimePeriod=2015,False
ghsl_5071,Barcelona,ES002C,Barcelona (greater city),urb_ceduc,TE2031V,"Persons aged 25-64 with ISCED level 5, 6, 7 or 8 as the highest level of education, from 2014 onwards",2022,1031945.0,,https://ec.europa.eu/eurostat/api/dissemination/statistics/1.0/data/urb_ceduc?lang=EN&cities=ES002C&sinceTimePeriod=2015,False
ghsl_5071,Barcelona,ES002C,Barcelona (greater city),urb_ceduc,TE2031V,"Persons aged 25-64 with ISCED level 5, 6, 7 or 8 as the highest level of education, from 2014 onwards",2023,1074540.0,,https://ec.europa.eu/eurostat/api/dissemination/statistics/1.0/data/urb_ceduc?lang=EN&cities=ES002C&sinceTimePeriod=2015,False
ghsl_5071,Barcelona,ES002C,Barcelona (greater city),urb_clivcon,DE3001V,Private households (excluding institutional households),2015,1397275.0,,https://ec.europa.eu/eurostat/api/dissemination/statistics/1.0/data/urb_clivcon?lang=EN&cities=ES002C&sinceTimePeriod=2015,False
ghsl_5071,Barcelona,ES002C,Barcelona (greater city),urb_clivcon,DE3001V,Private households (excluding institutional households),2016,1402431.0,,https://ec.europa.eu/eurostat/api/dissemination/statistics/1.0/data/urb_clivcon?lang=EN&cities=ES002C&sinceTimePeriod=2015,False
ghsl_5071,Barcelona,ES002C,Barcelona (greater city),urb_clivcon,DE3001V,Private households (excluding institutional households),2017,1416572.0,,https://ec.europa.eu/eurostat/api/dissemination/statistics/1.0/data/urb_clivcon?lang=EN&cities=ES002C&sinceTimePeriod=2015,False
ghsl_5071,Barcelona,ES002C,Barcelona (greater city),urb_clivcon,DE3001V,Private households (excluding institutional households),2018,1425458.0,,https://ec.europa.eu/eurostat/api/dissemination/statistics/1.0/data/urb_clivcon?lang=EN&cities=ES002C&sinceTimePeriod=2015,False
ghsl_5071,Barcelona,ES002C,Barcelona (greater city),urb_clivcon,DE3001V,Private households (excluding institutional households),2019,1431092.0,,https://ec.europa.eu/eurostat/api/dissemination/statistics/1.0/data/urb_clivcon?lang=EN&cities=ES002C&sinceTimePeriod=2015,False
ghsl_5071,Barcelona,ES002C,Barcelona (greater city),urb_clivcon,DE3001V,Private households (excluding institutional households),2020,1437219.0,,https://ec.europa.eu/eurostat/api/dissemination/statistics/1.0/data/urb_clivcon?lang=EN&cities=ES002C&sinceTimePeriod=2015,False
ghsl_5071,Barcelona,ES002C,Barcelona (greater city),urb_clivcon,DE3001V,Private households (excluding institutional households),2021,1436669.0,,https://ec.europa.eu/eurostat/api/dissemination/statistics/1.0/data/urb_clivcon?lang=EN&cities=ES002C&sinceTimePeriod=2015,False
ghsl_5071,Barcelona,ES002C,Barcelona (greater city),urb_clivcon,DE3001V,Private households (excluding institutional households),2022,1442672.0,,https://ec.europa.eu/eurostat/api/dissemination/statistics/1.0/data/urb_clivcon?lang=EN&cities=ES002C&sinceTimePeriod=2015,False
ghsl_5071,Barcelona,ES002C,Barcelona (greater city),urb_clivcon,DE3001V,Private households (excluding institutional households),2023,1462662.0,,https://ec.europa.eu/eurostat/api/dissemination/statistics/1.0/data/urb_clivcon?lang=EN&cities=ES002C&sinceTimePeriod=2015,False
ghsl_5071,Barcelona,ES002C,Barcelona (greater city),urb_clivcon,DE3001V,Private households (excluding institutional households),2024,1037593.0,,https://ec.europa.eu/eurostat/api/dissemination/statistics/1.0/data/urb_clivcon?lang=EN&cities=ES002C&sinceTimePeriod=2015,False
ghsl_5071,Barcelona,ES002C,Barcelona (greater city),urb_clivcon,DE3002I,Proportion of households that are 1-person households,2015,26.78,,https://ec.europa.eu/eurostat/api/dissemination/statistics/1.0/data/urb_clivcon?lang=EN&cities=ES002C&sinceTimePeriod=2015,False
ghsl_5071,Barcelona,ES002C,Barcelona (greater city),urb_clivcon,DE3002I,Proportion of households that are 1-person households,2016,26.78,,https://ec.europa.eu/eurostat/api/dissemination/statistics/1.0/data/urb_clivcon?lang=EN&cities=ES002C&sinceTimePeriod=2015,False
ghsl_5071,Barcelona,ES002C,Barcelona (greater city),urb_clivcon,DE3002I,Proportion of households that are 1-person households,2017,27.68,,https://ec.europa.eu/eurostat/api/dissemination/statistics/1.0/data/urb_clivcon?lang=EN&cities=ES002C&sinceTimePeriod=2015,False
ghsl_5071,Barcelona,ES002C,Barcelona (greater city),urb_clivcon,DE3002I,Proportion of households that are 1-person households,2018,27.51,,https://ec.europa.eu/eurostat/api/dissemination/statistics/1.0/data/urb_clivcon?lang=EN&cities=ES002C&sinceTimePeriod=2015,False
ghsl_5071,Barcelona,ES002C,Barcelona (greater city),urb_clivcon,DE3002I,Proportion of households that are 1-person households,2019,27.49,,https://ec.europa.eu/eurostat/api/dissemination/statistics/1.0/data/urb_clivcon?lang=EN&cities=ES002C&sinceTimePeriod=2015,False
ghsl_5071,Barcelona,ES002C,Barcelona (greater city),urb_clivcon,DE3002I,Proportion of households that are 1-person households,2020,27.32,,https://ec.europa.eu/eurostat/api/dissemination/statistics/1.0/data/urb_clivcon?lang=EN&cities=ES002C&sinceTimePeriod=2015,False
ghsl_5071,Barcelona,ES002C,Barcelona (greater city),urb_clivcon,DE3002I,Proportion of households that are 1-person households,2021,27.66,,https://ec.europa.eu/eurostat/api/dissemination/statistics/1.0/data/urb_clivcon?lang=EN&cities=ES002C&sinceTimePeriod=2015,False
ghsl_5071,Barcelona,ES002C,Barcelona (greater city),urb_clivcon,DE3002I,Proportion of households that are 1-person households,2022,28.11,,https://ec.europa.eu/eurostat/api/dissemination/statistics/1.0/data/urb_clivcon?lang=EN&cities=ES002C&sinceTimePeriod=2015,False
ghsl_5071,Barcelona,ES002C,Barcelona (greater city),urb_clivcon,DE3002I,Proportion of households that are 1-person households,2023,28.38,,https://ec.europa.eu/eurostat/api/dissemination/statistics/1.0/data/urb_clivcon?lang=EN&cities=ES002C&sinceTimePeriod=2015,False
ghsl_5071,Barcelona,ES002C,Barcelona (greater city),urb_clivcon,DE3002I,Proportion of households that are 1-person households,2024,29.83,,https://ec.europa.eu/eurostat/api/dissemination/statistics/1.0/data/urb_clivcon?lang=EN&cities=ES002C&sinceTimePeriod=2015,False
ghsl_5071,Barcelona,ES002C,Barcelona (greater city),urb_clivcon,DE3002V,One person households,2015,374222.0,,https://ec.europa.eu/eurostat/api/dissemination/statistics/1.0/data/urb_clivcon?lang=EN&cities=ES002C&sinceTimePeriod=2015,False
ghsl_5071,Barcelona,ES002C,Barcelona (greater city),urb_clivcon,DE3002V,One person households,2016,375527.0,,https://ec.europa.eu/eurostat/api/dissemination/statistics/1.0/data/urb_clivcon?lang=EN&cities=ES002C&sinceTimePeriod=2015,False
ghsl_5071,Barcelona,ES002C,Barcelona (greater city),urb_clivcon,DE3002V,One person households,2017,392124.0,,https://ec.europa.eu/eurostat/api/dissemination/statistics/1.0/data/urb_clivcon?lang=EN&cities=ES002C&sinceTimePeriod=2015,False
ghsl_5071,Barcelona,ES002C,Barcelona (greater city),urb_clivcon,DE3002V,One person households,2018,392124.0,,https://ec.europa.eu/eurostat/api/dissemination/statistics/1.0/data/urb_clivcon?lang=EN&cities=ES002C&sinceTimePeriod=2015,False
ghsl_5071,Barcelona,ES002C,Barcelona (greater city),urb_clivcon,DE3002V,One person households,2019,393383.0,,https://ec.europa.eu/eurostat/api/dissemination/statistics/1.0/data/urb_clivcon?lang=EN&cities=ES002C&sinceTimePeriod=2015,False
ghsl_5071,Barcelona,ES002C,Barcelona (greater city),urb_clivcon,DE3002V,One person households,2020,392601.0,,https://ec.europa.eu/eurostat/api/dissemination/statistics/1.0/data/urb_clivcon?lang=EN&cities=ES002C&sinceTimePeriod=2015,False
ghsl_5071,Barcelona,ES002C,Barcelona (greater city),urb_clivcon,DE3002V,One person households,2021,397425.0,,https://ec.europa.eu/eurostat/api/dissemination/statistics/1.0/data/urb_clivcon?lang=EN&cities=ES002C&sinceTimePeriod=2015,False
ghsl_5071,Barcelona,ES002C,Barcelona (greater city),urb_clivcon,DE3002V,One person households,2022,405533.0,,https://ec.europa.eu/eurostat/api/dissemination/statistics/1.0/data/urb_clivcon?lang=EN&cities=ES002C&sinceTimePeriod=2015,False
ghsl_5071,Barcelona,ES002C,Barcelona (greater city),urb_clivcon,DE3002V,One person households,2023,415040.0,,https://ec.europa.eu/eurostat/api/dissemination/statistics/1.0/data/urb_clivcon?lang=EN&cities=ES002C&sinceTimePeriod=2015,False
ghsl_5071,Barcelona,ES002C,Barcelona (greater city),urb_clivcon,DE3002V,One person households,2024,309495.0,,https://ec.europa.eu/eurostat/api/dissemination/statistics/1.0/data/urb_clivcon?lang=EN&cities=ES002C&sinceTimePeriod=2015,False
ghsl_5071,Barcelona,ES002C,Barcelona (greater city),urb_clivcon,DE3004I,Average size of households,2015,2.54,,https://ec.europa.eu/eurostat/api/dissemination/statistics/1.0/data/urb_clivcon?lang=EN&cities=ES002C&sinceTimePeriod=2015,False
ghsl_5071,Barcelona,ES002C,Barcelona (greater city),urb_clivcon,DE3004I,Average size of households,2016,2.54,,https://ec.europa.eu/eurostat/api/dissemination/statistics/1.0/data/urb_clivcon?lang=EN&cities=ES002C&sinceTimePeriod=2015,False
ghsl_5071,Barcelona,ES002C,Barcelona (greater city),urb_clivcon,DE3004I,Average size of households,2017,2.53,,https://ec.europa.eu/eurostat/api/dissemination/statistics/1.0/data/urb_clivcon?lang=EN&cities=ES002C&sinceTimePeriod=2015,False
ghsl_5071,Barcelona,ES002C,Barcelona (greater city),urb_clivcon,DE3004I,Average size of households,2018,2.53,,https://ec.europa.eu/eurostat/api/dissemination/statistics/1.0/data/urb_clivcon?lang=EN&cities=ES002C&sinceTimePeriod=2015,False
ghsl_5071,Barcelona,ES002C,Barcelona (greater city),urb_clivcon,DE3004I,Average size of households,2019,2.54,,https://ec.europa.eu/eurostat/api/dissemination/statistics/1.0/data/urb_clivcon?lang=EN&cities=ES002C&sinceTimePeriod=2015,False
ghsl_5071,Barcelona,ES002C,Barcelona (greater city),urb_clivcon,DE3004I,Average size of households,2020,2.55,,https://ec.europa.eu/eurostat/api/dissemination/statistics/1.0/data/urb_clivcon?lang=EN&cities=ES002C&sinceTimePeriod=2015,False
ghsl_5071,Barcelona,ES002C,Barcelona (greater city),urb_clivcon,DE3004I,Average size of households,2021,2.54,,https://ec.europa.eu/eurostat/api/dissemination/statistics/1.0/data/urb_clivcon?lang=EN&cities=ES002C&sinceTimePeriod=2015,False
ghsl_5071,Barcelona,ES002C,Barcelona (greater city),urb_clivcon,DE3004I,Average size of households,2022,2.52,,https://ec.europa.eu/eurostat/api/dissemination/statistics/1.0/data/urb_clivcon?lang=EN&cities=ES002C&sinceTimePeriod=2015,False
ghsl_5071,Barcelona,ES002C,Barcelona (greater city),urb_clivcon,DE3004I,Average size of households,2023,2.52,,https://ec.europa.eu/eurostat/api/dissemination/statistics/1.0/data/urb_clivcon?lang=EN&cities=ES002C&sinceTimePeriod=2015,False
ghsl_5071,Barcelona,ES002C,Barcelona (greater city),urb_clivcon,DE3004I,Average size of households,2024,2.48,,https://ec.europa.eu/eurostat/api/dissemination/statistics/1.0/data/urb_clivcon?lang=EN&cities=ES002C&sinceTimePeriod=2015,False
ghsl_5071,Barcelona,ES002C,Barcelona (greater city),urb_clivcon,DE3005I,Proportion of households that are lone-parent households,2015,3.25,,https://ec.europa.eu/eurostat/api/dissemination/statistics/1.0/data/urb_clivcon?lang=EN&cities=ES002C&sinceTimePeriod=2015,False
ghsl_5071,Barcelona,ES002C,Barcelona (greater city),urb_clivcon,DE3005I,Proportion of households that are lone-parent households,2016,3.25,,https://ec.europa.eu/eurostat/api/dissemination/statistics/1.0/data/urb_clivcon?lang=EN&cities=ES002C&sinceTimePeriod=2015,False
ghsl_5071,Barcelona,ES002C,Barcelona (greater city),urb_clivcon,DE3005I,Proportion of households that are lone-parent households,2017,3.49,,https://ec.europa.eu/eurostat/api/dissemination/statistics/1.0/data/urb_clivcon?lang=EN&cities=ES002C&sinceTimePeriod=2015,False
ghsl_5071,Barcelona,ES002C,Barcelona (greater city),urb_clivcon,DE3005I,Proportion of households that are lone-parent households,2018,3.46,,https://ec.europa.eu/eurostat/api/dissemination/statistics/1.0/data/urb_clivcon?lang=EN&cities=ES002C&sinceTimePeriod=2015,False
ghsl_5071,Barcelona,ES002C,Barcelona (greater city),urb_clivcon,DE3005I,Proportion of households that are lone-parent households,2019,3.46,,https://ec.europa.eu/eurostat/api/dissemination/statistics/1.0/data/urb_clivcon?lang=EN&cities=ES002C&sinceTimePeriod=2015,False
ghsl_5071,Barcelona,ES002C,Barcelona (greater city),urb_clivcon,DE3005I,Proportion of households that are lone-parent households,2020,3.41,,https://ec.europa.eu/eurostat/api/dissemination/statistics/1.0/data/urb_clivcon?lang=EN&cities=ES002C&sinceTimePeriod=2015,False
ghsl_5071,Barcelona,ES002C,Barcelona (greater city),urb_clivcon,DE3005I,Proportion of households that are lone-parent households,2021,3.43,,https://ec.europa.eu/eurostat/api/dissemination/statistics/1.0/data/urb_clivcon?lang=EN&cities=ES002C&sinceTimePeriod=2015,False
ghsl_5071,Barcelona,ES002C,Barcelona (greater city),urb_clivcon,DE3005I,Proportion of households that are lone-parent households,2022,3.43,,https://ec.europa.eu/eurostat/api/dissemination/statistics/1.0/data/urb_clivcon?lang=EN&cities=ES002C&sinceTimePeriod=2015,False
ghsl_5071,Barcelona,ES002C,Barcelona (greater city),urb_clivcon,DE3005I,Proportion of households that are lone-parent households,2023,3.43,,https://ec.europa.eu/eurostat/api/dissemination/statistics/1.0/data/urb_clivcon?lang=EN&cities=ES002C&sinceTimePeriod=2015,False
ghsl_5071,Barcelona,ES002C,Barcelona (greater city),urb_clivcon,DE3005I,Proportion of households that are lone-parent households,2024,3.19,,https://ec.europa.eu/eurostat/api/dissemination/statistics/1.0/data/urb_clivcon?lang=EN&cities=ES002C&sinceTimePeriod=2015,False
ghsl_5071,Barcelona,ES002C,Barcelona (greater city),urb_clivcon,DE3005V,Lone parent private households (with children aged 0 to under 18),2015,45460.0,,https://ec.europa.eu/eurostat/api/dissemination/statistics/1.0/data/urb_clivcon?lang=EN&cities=ES002C&sinceTimePeriod=2015,False
ghsl_5071,Barcelona,ES002C,Barcelona (greater city),urb_clivcon,DE3005V,Lone parent private households (with children aged 0 to under 18),2016,45633.0,,https://ec.europa.eu/eurostat/api/dissemination/statistics/1.0/data/urb_clivcon?lang=EN&cities=ES002C&sinceTimePeriod=2015,False
ghsl_5071,Barcelona,ES002C,Barcelona (greater city),urb_clivcon,DE3005V,Lone parent private households (with children aged 0 to under 18),2017,49375.0,,https://ec.europa.eu/eurostat/api/dissemination/statistics/1.0/data/urb_clivcon?lang=EN&cities=ES002C&sinceTimePeriod=2015,False
ghsl_5071,Barcelona,ES002C,Barcelona (greater city),urb_clivcon,DE3005V,Lone parent private households (with children aged 0 to under 18),2018,49375.0,,https://ec.europa.eu/eurostat/api/dissemination/statistics/1.0/data/urb_clivcon?lang=EN&cities=ES002C&sinceTimePeriod=2015,False
ghsl_5071,Barcelona,ES002C,Barcelona (greater city),urb_clivcon,DE3005V,Lone parent private households (with children aged 0 to under 18),2019,49571.0,,https://ec.europa.eu/eurostat/api/dissemination/statistics/1.0/data/urb_clivcon?lang=EN&cities=ES002C&sinceTimePeriod=2015,False
ghsl_5071,Barcelona,ES002C,Barcelona (greater city),urb_clivcon,DE3005V,Lone parent private households (with children aged 0 to under 18),2020,49032.0,,https://ec.europa.eu/eurostat/api/dissemination/statistics/1.0/data/urb_clivcon?lang=EN&cities=ES002C&sinceTimePeriod=2015,False
ghsl_5071,Barcelona,ES002C,Barcelona (greater city),urb_clivcon,DE3005V,Lone parent private households (with children aged 0 to under 18),2021,49326.0,,https://ec.europa.eu/eurostat/api/dissemination/statistics/1.0/data/urb_clivcon?lang=EN&cities=ES002C&sinceTimePeriod=2015,False
ghsl_5071,Barcelona,ES002C,Barcelona (greater city),urb_clivcon,DE3005V,Lone parent private households (with children aged 0 to under 18),2022,49469.0,,https://ec.europa.eu/eurostat/api/dissemination/statistics/1.0/data/urb_clivcon?lang=EN&cities=ES002C&sinceTimePeriod=2015,False
ghsl_5071,Barcelona,ES002C,Barcelona (greater city),urb_clivcon,DE3005V,Lone parent private households (with children aged 0 to under 18),2023,50130.0,,https://ec.europa.eu/eurostat/api/dissemination/statistics/1.0/data/urb_clivcon?lang=EN&cities=ES002C&sinceTimePeriod=2015,False
ghsl_5071,Barcelona,ES002C,Barcelona (greater city),urb_clivcon,DE3005V,Lone parent private households (with children aged 0 to under 18),2024,33109.0,,https://ec.europa.eu/eurostat/api/dissemination/statistics/1.0/data/urb_clivcon?lang=EN&cities=ES002C&sinceTimePeriod=2015,False
ghsl_5071,Barcelona,ES002C,Barcelona (greater city),urb_clivcon,DE3008I,Proportion of households that are lone-pensioner households,2015,11.47,,https://ec.europa.eu/eurostat/api/dissemination/statistics/1.0/data/urb_clivcon?lang=EN&cities=ES002C&sinceTimePeriod=2015,False
ghsl_5071,Barcelona,ES002C,Barcelona (greater city),urb_clivcon,DE3008I,Proportion of households that are lone-pensioner households,2016,11.47,,https://ec.europa.eu/eurostat/api/dissemination/statistics/1.0/data/urb_clivcon?lang=EN&cities=ES002C&sinceTimePeriod=2015,False
ghsl_5071,Barcelona,ES002C,Barcelona (greater city),urb_clivcon,DE3008I,Proportion of households that are lone-pensioner households,2017,11.72,,https://ec.europa.eu/eurostat/api/dissemination/statistics/1.0/data/urb_clivcon?lang=EN&cities=ES002C&sinceTimePeriod=2015,False
ghsl_5071,Barcelona,ES002C,Barcelona (greater city),urb_clivcon,DE3008I,Proportion of households that are lone-pensioner households,2018,11.64,,https://ec.europa.eu/eurostat/api/dissemination/statistics/1.0/data/urb_clivcon?lang=EN&cities=ES002C&sinceTimePeriod=2015,False
ghsl_5071,Barcelona,ES002C,Barcelona (greater city),urb_clivcon,DE3008I,Proportion of households that are lone-pensioner households,2019,11.73,,https://ec.europa.eu/eurostat/api/dissemination/statistics/1.0/data/urb_clivcon?lang=EN&cities=ES002C&sinceTimePeriod=2015,False
ghsl_5071,Barcelona,ES002C,Barcelona (greater city),urb_clivcon,DE3008I,Proportion of households that are lone-pensioner households,2020,11.78,,https://ec.europa.eu/eurostat/api/dissemination/statistics/1.0/data/urb_clivcon?lang=EN&cities=ES002C&sinceTimePeriod=2015,False
ghsl_5071,Barcelona,ES002C,Barcelona (greater city),urb_clivcon,DE3008I,Proportion of households that are lone-pensioner households,2021,12.04,,https://ec.europa.eu/eurostat/api/dissemination/statistics/1.0/data/urb_clivcon?lang=EN&cities=ES002C&sinceTimePeriod=2015,False
ghsl_5071,Barcelona,ES002C,Barcelona (greater city),urb_clivcon,DE3008I,Proportion of households that are lone-pensioner households,2022,12.22,,https://ec.europa.eu/eurostat/api/dissemination/statistics/1.0/data/urb_clivcon?lang=EN&cities=ES002C&sinceTimePeriod=2015,False
ghsl_5071,Barcelona,ES002C,Barcelona (greater city),urb_clivcon,DE3008I,Proportion of households that are lone-pensioner households,2023,12.24,,https://ec.europa.eu/eurostat/api/dissemination/statistics/1.0/data/urb_clivcon?lang=EN&cities=ES002C&sinceTimePeriod=2015,False
ghsl_5071,Barcelona,ES002C,Barcelona (greater city),urb_clivcon,DE3008I,Proportion of households that are lone-pensioner households,2024,13.03,,https://ec.europa.eu/eurostat/api/dissemination/statistics/1.0/data/urb_clivcon?lang=EN&cities=ES002C&sinceTimePeriod=2015,False
ghsl_5071,Barcelona,ES002C,Barcelona (greater city),urb_clivcon,DE3008V,Lone pensioner (above retirement age) households,2015,160271.0,,https://ec.europa.eu/eurostat/api/dissemination/statistics/1.0/data/urb_clivcon?lang=EN&cities=ES002C&sinceTimePeriod=2015,False
ghsl_5071,Barcelona,ES002C,Barcelona (greater city),urb_clivcon,DE3008V,Lone pensioner (above retirement age) households,2016,160818.0,,https://ec.europa.eu/eurostat/api/dissemination/statistics/1.0/data/urb_clivcon?lang=EN&cities=ES002C&sinceTimePeriod=2015,False
ghsl_5071,Barcelona,ES002C,Barcelona (greater city),urb_clivcon,DE3008V,Lone pensioner (above retirement age) households,2017,165970.0,,https://ec.europa.eu/eurostat/api/dissemination/statistics/1.0/data/urb_clivcon?lang=EN&cities=ES002C&sinceTimePeriod=2015,False
ghsl_5071,Barcelona,ES002C,Barcelona (greater city),urb_clivcon,DE3008V,Lone pensioner (above retirement age) households,2018,165970.0,,https://ec.europa.eu/eurostat/api/dissemination/statistics/1.0/data/urb_clivcon?lang=EN&cities=ES002C&sinceTimePeriod=2015,False
ghsl_5071,Barcelona,ES002C,Barcelona (greater city),urb_clivcon,DE3008V,Lone pensioner (above retirement age) households,2019,167855.0,,https://ec.europa.eu/eurostat/api/dissemination/statistics/1.0/data/urb_clivcon?lang=EN&cities=ES002C&sinceTimePeriod=2015,False
ghsl_5071,Barcelona,ES002C,Barcelona (greater city),urb_clivcon,DE3008V,Lone pensioner (above retirement age) households,2020,169324.0,,https://ec.europa.eu/eurostat/api/dissemination/statistics/1.0/data/urb_clivcon?lang=EN&cities=ES002C&sinceTimePeriod=2015,False
ghsl_5071,Barcelona,ES002C,Barcelona (greater city),urb_clivcon,DE3008V,Lone pensioner (above retirement age) households,2021,172942.0,,https://ec.europa.eu/eurostat/api/dissemination/statistics/1.0/data/urb_clivcon?lang=EN&cities=ES002C&sinceTimePeriod=2015,False
ghsl_5071,Barcelona,ES002C,Barcelona (greater city),urb_clivcon,DE3008V,Lone pensioner (above retirement age) households,2022,176284.0,,https://ec.europa.eu/eurostat/api/dissemination/statistics/1.0/data/urb_clivcon?lang=EN&cities=ES002C&sinceTimePeriod=2015,False
ghsl_5071,Barcelona,ES002C,Barcelona (greater city),urb_clivcon,DE3008V,Lone pensioner (above retirement age) households,2023,179015.0,,https://ec.europa.eu/eurostat/api/dissemination/statistics/1.0/data/urb_clivcon?lang=EN&cities=ES002C&sinceTimePeriod=2015,False
ghsl_5071,Barcelona,ES002C,Barcelona (greater city),urb_clivcon,DE3008V,Lone pensioner (above retirement age) households,2024,135153.0,,https://ec.europa.eu/eurostat/api/dissemination/statistics/1.0/data/urb_clivcon?lang=EN&cities=ES002C&sinceTimePeriod=2015,False
ghsl_5071,Barcelona,ES002C,Barcelona (greater city),urb_clivcon,DE3011I,Proportion of households with children aged 0-17,2015,27.85,,https://ec.europa.eu/eurostat/api/dissemination/statistics/1.0/data/urb_clivcon?lang=EN&cities=ES002C&sinceTimePeriod=2015,False
ghsl_5071,Barcelona,ES002C,Barcelona (greater city),urb_clivcon,DE3011I,Proportion of households with children aged 0-17,2016,27.86,,https://ec.europa.eu/eurostat/api/dissemination/statistics/1.0/data/urb_clivcon?lang=EN&cities=ES002C&sinceTimePeriod=2015,False
ghsl_5071,Barcelona,ES002C,Barcelona (greater city),urb_clivcon,DE3011I,Proportion of households with children aged 0-17,2017,27.95,,https://ec.europa.eu/eurostat/api/dissemination/statistics/1.0/data/urb_clivcon?lang=EN&cities=ES002C&sinceTimePeriod=2015,False
ghsl_5071,Barcelona,ES002C,Barcelona (greater city),urb_clivcon,DE3011I,Proportion of households with children aged 0-17,2018,27.78,,https://ec.europa.eu/eurostat/api/dissemination/statistics/1.0/data/urb_clivcon?lang=EN&cities=ES002C&sinceTimePeriod=2015,False
ghsl_5071,Barcelona,ES002C,Barcelona (greater city),urb_clivcon,DE3011I,Proportion of households with children aged 0-17,2019,27.62,,https://ec.europa.eu/eurostat/api/dissemination/statistics/1.0/data/urb_clivcon?lang=EN&cities=ES002C&sinceTimePeriod=2015,False
ghsl_5071,Barcelona,ES002C,Barcelona (greater city),urb_clivcon,DE3011I,Proportion of households with children aged 0-17,2020,27.49,,https://ec.europa.eu/eurostat/api/dissemination/statistics/1.0/data/urb_clivcon?lang=EN&cities=ES002C&sinceTimePeriod=2015,False
ghsl_5071,Barcelona,ES002C,Barcelona (greater city),urb_clivcon,DE3011I,Proportion of households with children aged 0-17,2021,27.07,,https://ec.europa.eu/eurostat/api/dissemination/statistics/1.0/data/urb_clivcon?lang=EN&cities=ES002C&sinceTimePeriod=2015,False
ghsl_5071,Barcelona,ES002C,Barcelona (greater city),urb_clivcon,DE3011I,Proportion of households with children aged 0-17,2022,26.6,,https://ec.europa.eu/eurostat/api/dissemination/statistics/1.0/data/urb_clivcon?lang=EN&cities=ES002C&sinceTimePeriod=2015,False
ghsl_5071,Barcelona,ES002C,Barcelona (greater city),urb_clivcon,DE3011I,Proportion of households with children aged 0-17,2023,26.4,,https://ec.europa.eu/eurostat/api/dissemination/statistics/1.0/data/urb_clivcon?lang=EN&cities=ES002C&sinceTimePeriod=2015,False
ghsl_5071,Barcelona,ES002C,Barcelona (greater city),urb_clivcon,DE3011I,Proportion of households with children aged 0-17,2024,24.34,,https://ec.europa.eu/eurostat/api/dissemination/statistics/1.0/data/urb_clivcon?lang=EN&cities=ES002C&sinceTimePeriod=2015,False
ghsl_5071,Barcelona,ES002C,Barcelona (greater city),urb_clivcon,DE3011V,Households with children aged 0 to under 18,2015,389128.0,,https://ec.europa.eu/eurostat/api/dissemination/statistics/1.0/data/urb_clivcon?lang=EN&cities=ES002C&sinceTimePeriod=2015,False
ghsl_5071,Barcelona,ES002C,Barcelona (greater city),urb_clivcon,DE3011V,Households with children aged 0 to under 18,2016,390659.0,,https://ec.europa.eu/eurostat/api/dissemination/statistics/1.0/data/urb_clivcon?lang=EN&cities=ES002C&sinceTimePeriod=2015,False
ghsl_5071,Barcelona,ES002C,Barcelona (greater city),urb_clivcon,DE3011V,Households with children aged 0 to under 18,2017,395990.0,,https://ec.europa.eu/eurostat/api/dissemination/statistics/1.0/data/urb_clivcon?lang=EN&cities=ES002C&sinceTimePeriod=2015,False
ghsl_5071,Barcelona,ES002C,Barcelona (greater city),urb_clivcon,DE3011V,Households with children aged 0 to under 18,2018,395990.0,,https://ec.europa.eu/eurostat/api/dissemination/statistics/1.0/data/urb_clivcon?lang=EN&cities=ES002C&sinceTimePeriod=2015,False
ghsl_5071,Barcelona,ES002C,Barcelona (greater city),urb_clivcon,DE3011V,Households with children aged 0 to under 18,2019,395339.0,,https://ec.europa.eu/eurostat/api/dissemination/statistics/1.0/data/urb_clivcon?lang=EN&cities=ES002C&sinceTimePeriod=2015,False
ghsl_5071,Barcelona,ES002C,Barcelona (greater city),urb_clivcon,DE3011V,Households with children aged 0 to under 18,2020,395094.0,,https://ec.europa.eu/eurostat/api/dissemination/statistics/1.0/data/urb_clivcon?lang=EN&cities=ES002C&sinceTimePeriod=2015,False
ghsl_5071,Barcelona,ES002C,Barcelona (greater city),urb_clivcon,DE3011V,Households with children aged 0 to under 18,2021,388907.0,,https://ec.europa.eu/eurostat/api/dissemination/statistics/1.0/data/urb_clivcon?lang=EN&cities=ES002C&sinceTimePeriod=2015,False
ghsl_5071,Barcelona,ES002C,Barcelona (greater city),urb_clivcon,DE3011V,Households with children aged 0 to under 18,2022,383728.0,,https://ec.europa.eu/eurostat/api/dissemination/statistics/1.0/data/urb_clivcon?lang=EN&cities=ES002C&sinceTimePeriod=2015,False
ghsl_5071,Barcelona,ES002C,Barcelona (greater city),urb_clivcon,DE3011V,Households with children aged 0 to under 18,2023,386159.0,,https://ec.europa.eu/eurostat/api/dissemination/statistics/1.0/data/urb_clivcon?lang=EN&cities=ES002C&sinceTimePeriod=2015,False
ghsl_5071,Barcelona,ES002C,Barcelona (greater city),urb_clivcon,DE3011V,Households with children aged 0 to under 18,2024,252527.0,,https://ec.europa.eu/eurostat/api/dissemination/statistics/1.0/data/urb_clivcon?lang=EN&cities=ES002C&sinceTimePeriod=2015,False
ghsl_5071,Barcelona,ES002C,Barcelona (greater city),urb_clivcon,DE3016I,Lone parent households per 100 households with children aged 0-17,2015,11.68,,https://ec.europa.eu/eurostat/api/dissemination/statistics/1.0/data/urb_clivcon?lang=EN&cities=ES002C&sinceTimePeriod=2015,False
ghsl_5071,Barcelona,ES002C,Barcelona (greater city),urb_clivcon,DE3016I,Lone parent households per 100 households with children aged 0-17,2016,11.68,,https://ec.europa.eu/eurostat/api/dissemination/statistics/1.0/data/urb_clivcon?lang=EN&cities=ES002C&sinceTimePeriod=2015,False
ghsl_5071,Barcelona,ES002C,Barcelona (greater city),urb_clivcon,DE3016I,Lone parent households per 100 households with children aged 0-17,2017,12.47,,https://ec.europa.eu/eurostat/api/dissemination/statistics/1.0/data/urb_clivcon?lang=EN&cities=ES002C&sinceTimePeriod=2015,False
ghsl_5071,Barcelona,ES002C,Barcelona (greater city),urb_clivcon,DE3016I,Lone parent households per 100 households with children aged 0-17,2018,12.47,,https://ec.europa.eu/eurostat/api/dissemination/statistics/1.0/data/urb_clivcon?lang=EN&cities=ES002C&sinceTimePeriod=2015,False
ghsl_5071,Barcelona,ES002C,Barcelona (greater city),urb_clivcon,DE3016I,Lone parent households per 100 households with children aged 0-17,2019,12.54,,https://ec.europa.eu/eurostat/api/dissemination/statistics/1.0/data/urb_clivcon?lang=EN&cities=ES002C&sinceTimePeriod=2015,False
ghsl_5071,Barcelona,ES002C,Barcelona (greater city),urb_clivcon,DE3016I,Lone parent households per 100 households with children aged 0-17,2020,12.41,,https://ec.europa.eu/eurostat/api/dissemination/statistics/1.0/data/urb_clivcon?lang=EN&cities=ES002C&sinceTimePeriod=2015,False
ghsl_5071,Barcelona,ES002C,Barcelona (greater city),urb_clivcon,DE3016I,Lone parent households per 100 households with children aged 0-17,2021,12.68,,https://ec.europa.eu/eurostat/api/dissemination/statistics/1.0/data/urb_clivcon?lang=EN&cities=ES002C&sinceTimePeriod=2015,False
ghsl_5071,Barcelona,ES002C,Barcelona (greater city),urb_clivcon,DE3016I,Lone parent households per 100 households with children aged 0-17,2022,12.89,,https://ec.europa.eu/eurostat/api/dissemination/statistics/1.0/data/urb_clivcon?lang=EN&cities=ES002C&sinceTimePeriod=2015,False
ghsl_5071,Barcelona,ES002C,Barcelona (greater city),urb_clivcon,DE3016I,Lone parent households per 100 households with children aged 0-17,2023,12.98,,https://ec.europa.eu/eurostat/api/dissemination/statistics/1.0/data/urb_clivcon?lang=EN&cities=ES002C&sinceTimePeriod=2015,False
ghsl_5071,Barcelona,ES002C,Barcelona (greater city),urb_clivcon,DE3016I,Lone parent households per 100 households with children aged 0-17,2024,13.11,,https://ec.europa.eu/eurostat/api/dissemination/statistics/1.0/data/urb_clivcon?lang=EN&cities=ES002C&sinceTimePeriod=2015,False
ghsl_5071,Barcelona,ES002C,Barcelona (greater city),urb_clivcon,DE3017V,Population living in private households (excluding institutional households),2015,3553755.0,,https://ec.europa.eu/eurostat/api/dissemination/statistics/1.0/data/urb_clivcon?lang=EN&cities=ES002C&sinceTimePeriod=2015,False
ghsl_5071,Barcelona,ES002C,Barcelona (greater city),urb_clivcon,DE3017V,Population living in private households (excluding institutional households),2016,3567182.0,,https://ec.europa.eu/eurostat/api/dissemination/statistics/1.0/data/urb_clivcon?lang=EN&cities=ES002C&sinceTimePeriod=2015,False
ghsl_5071,Barcelona,ES002C,Barcelona (greater city),urb_clivcon,DE3017V,Population living in private households (excluding institutional households),2017,3584822.0,,https://ec.europa.eu/eurostat/api/dissemination/statistics/1.0/data/urb_clivcon?lang=EN&cities=ES002C&sinceTimePeriod=2015,False
ghsl_5071,Barcelona,ES002C,Barcelona (greater city),urb_clivcon,DE3017V,Population living in private households (excluding institutional households),2018,3609270.0,,https://ec.europa.eu/eurostat/api/dissemination/statistics/1.0/data/urb_clivcon?lang=EN&cities=ES002C&sinceTimePeriod=2015,False
ghsl_5071,Barcelona,ES002C,Barcelona (greater city),urb_clivcon,DE3017V,Population living in private households (excluding institutional households),2019,3634396.0,,https://ec.europa.eu/eurostat/api/dissemination/statistics/1.0/data/urb_clivcon?lang=EN&cities=ES002C&sinceTimePeriod=2015,False
ghsl_5071,Barcelona,ES002C,Barcelona (greater city),urb_clivcon,DE3017V,Population living in private households (excluding institutional households),2020,3669488.0,,https://ec.europa.eu/eurostat/api/dissemination/statistics/1.0/data/urb_clivcon?lang=EN&cities=ES002C&sinceTimePeriod=2015,False
ghsl_5071,Barcelona,ES002C,Barcelona (greater city),urb_clivcon,DE3017V,Population living in private households (excluding institutional households),2021,3649525.0,,https://ec.europa.eu/eurostat/api/dissemination/statistics/1.0/data/urb_clivcon?lang=EN&cities=ES002C&sinceTimePeriod=2015,False
ghsl_5071,Barcelona,ES002C,Barcelona (greater city),urb_clivcon,DE3017V,Population living in private households (excluding institutional households),2022,3631881.0,,https://ec.europa.eu/eurostat/api/dissemination/statistics/1.0/data/urb_clivcon?lang=EN&cities=ES002C&sinceTimePeriod=2015,False
ghsl_5071,Barcelona,ES002C,Barcelona (greater city),urb_clivcon,DE3017V,Population living in private households (excluding institutional households),2023,3682735.0,,https://ec.europa.eu/eurostat/api/dissemination/statistics/1.0/data/urb_clivcon?lang=EN&cities=ES002C&sinceTimePeriod=2015,False
ghsl_5071,Barcelona,ES002C,Barcelona (greater city),urb_clivcon,DE3017V,Population living in private households (excluding institutional households),2024,2573761.0,,https://ec.europa.eu/eurostat/api/dissemination/statistics/1.0/data/urb_clivcon?lang=EN&cities=ES002C&sinceTimePeriod=2015,False
ghsl_5071,Barcelona,ES002C,Barcelona (greater city),urb_clivcon,SA1001V,Number of conventional dwellings,2015,1490765.0,,https://ec.europa.eu/eurostat/api/dissemination/statistics/1.0/data/urb_clivcon?lang=EN&cities=ES002C&sinceTimePeriod=2015,False
ghsl_5071,Barcelona,ES002C,Barcelona (greater city),urb_clivcon,SA1001V,Number of conventional dwellings,2016,1494419.0,,https://ec.europa.eu/eurostat/api/dissemination/statistics/1.0/data/urb_clivcon?lang=EN&cities=ES002C&sinceTimePeriod=2015,False
ghsl_5071,Barcelona,ES002C,Barcelona (greater city),urb_clivcon,SA1001V,Number of conventional dwellings,2017,1499079.0,,https://ec.europa.eu/eurostat/api/dissemination/statistics/1.0/data/urb_clivcon?lang=EN&cities=ES002C&sinceTimePeriod=2015,False
ghsl_5071,Barcelona,ES002C,Barcelona (greater city),urb_clivcon,SA1001V,Number of conventional dwellings,2018,1502514.0,,https://ec.europa.eu/eurostat/api/dissemination/statistics/1.0/data/urb_clivcon?lang=EN&cities=ES002C&sinceTimePeriod=2015,False
ghsl_5071,Barcelona,ES002C,Barcelona (greater city),urb_clivcon,SA1001V,Number of conventional dwellings,2019,1507469.0,,https://ec.europa.eu/eurostat/api/dissemination/statistics/1.0/data/urb_clivcon?lang=EN&cities=ES002C&sinceTimePeriod=2015,False
ghsl_5071,Barcelona,ES002C,Barcelona (greater city),urb_clivcon,SA1001V,Number of conventional dwellings,2020,1514145.0,,https://ec.europa.eu/eurostat/api/dissemination/statistics/1.0/data/urb_clivcon?lang=EN&cities=ES002C&sinceTimePeriod=2015,False
ghsl_5071,Barcelona,ES002C,Barcelona (greater city),urb_clivcon,SA1001V,Number of conventional dwellings,2021,1526654.0,,https://ec.europa.eu/eurostat/api/dissemination/statistics/1.0/data/urb_clivcon?lang=EN&cities=ES002C&sinceTimePeriod=2015,False
ghsl_5071,Barcelona,ES002C,Barcelona (greater city),urb_clivcon,SA1001V,Number of conventional dwellings,2022,1533909.0,,https://ec.europa.eu/eurostat/api/dissemination/statistics/1.0/data/urb_clivcon?lang=EN&cities=ES002C&sinceTimePeriod=2015,False
ghsl_5071,Barcelona,ES002C,Barcelona (greater city),urb_clivcon,SA1001V,Number of conventional dwellings,2023,1540840.0,,https://ec.europa.eu/eurostat/api/dissemination/statistics/1.0/data/urb_clivcon?lang=EN&cities=ES002C&sinceTimePeriod=2015,False
ghsl_5071,Barcelona,ES002C,Barcelona (greater city),urb_clivcon,SA1001V,Number of conventional dwellings,2024,1079128.0,,https://ec.europa.eu/eurostat/api/dissemination/statistics/1.0/data/urb_clivcon?lang=EN&cities=ES002C&sinceTimePeriod=2015,False
ghsl_5071,Barcelona,ES002C,Barcelona (greater city),urb_clivcon,SA1049V,Average annual rent for housing per m² - EUR,2023,147.02,,https://ec.europa.eu/eurostat/api/dissemination/statistics/1.0/data/urb_clivcon?lang=EN&cities=ES002C&sinceTimePeriod=2015,False
ghsl_5071,Barcelona,ES002C,Barcelona (greater city),urb_clivcon,SA1050V,Average price for buying a house - EUR,2023,465674.0,d,https://ec.europa.eu/eurostat/api/dissemination/statistics/1.0/data/urb_clivcon?lang=EN&cities=ES002C&sinceTimePeriod=2015,False
ghsl_5071,Barcelona,ES002C,Barcelona (greater city),urb_clivcon,SA1050V,Average price for buying a house - EUR,2024,512620.0,d,https://ec.europa.eu/eurostat/api/dissemination/statistics/1.0/data/urb_clivcon?lang=EN&cities=ES002C&sinceTimePeriod=2015,False
ghsl_5071,Barcelona,ES002C,Barcelona (greater city),urb_clivcon,SA1051V,Average price for buying an apartment - EUR,2023,276119.0,d,https://ec.europa.eu/eurostat/api/dissemination/statistics/1.0/data/urb_clivcon?lang=EN&cities=ES002C&sinceTimePeriod=2015,False
ghsl_5071,Barcelona,ES002C,Barcelona (greater city),urb_clivcon,SA1051V,Average price for buying an apartment - EUR,2024,293057.0,d,https://ec.europa.eu/eurostat/api/dissemination/statistics/1.0/data/urb_clivcon?lang=EN&cities=ES002C&sinceTimePeriod=2015,False
ghsl_5071,Barcelona,ES002C,Barcelona (greater city),urb_clivcon,SA1052V,Average price for buying a house per m2 - EUR,2023,2895.0,d,https://ec.europa.eu/eurostat/api/dissemination/statistics/1.0/data/urb_clivcon?lang=EN&cities=ES002C&sinceTimePeriod=2015,False
ghsl_5071,Barcelona,ES002C,Barcelona (greater city),urb_clivcon,SA1052V,Average price for buying a house per m2 - EUR,2024,2927.0,d,https://ec.europa.eu/eurostat/api/dissemination/statistics/1.0/data/urb_clivcon?lang=EN&cities=ES002C&sinceTimePeriod=2015,False
ghsl_5071,Barcelona,ES002C,Barcelona (greater city),urb_clivcon,SA1053V,Average price for buying an apartment per m2 - EUR,2023,3404.0,d,https://ec.europa.eu/eurostat/api/dissemination/statistics/1.0/data/urb_clivcon?lang=EN&cities=ES002C&sinceTimePeriod=2015,False
ghsl_5071,Barcelona,ES002C,Barcelona (greater city),urb_clivcon,SA1053V,Average price for buying an apartment per m2 - EUR,2024,3612.0,d,https://ec.europa.eu/eurostat/api/dissemination/statistics/1.0/data/urb_clivcon?lang=EN&cities=ES002C&sinceTimePeriod=2015,False
ghsl_5071,Barcelona,ES002C,Barcelona (greater city),urb_clivcon,SA3005V,Number of murders and violent deaths,2015,25.0,,https://ec.europa.eu/eurostat/api/dissemination/statistics/1.0/data/urb_clivcon?lang=EN&cities=ES002C&sinceTimePeriod=2015,False
ghsl_5071,Barcelona,ES002C,Barcelona (greater city),urb_clivcon,SA3005V,Number of murders and violent deaths,2016,31.0,,https://ec.europa.eu/eurostat/api/dissemination/statistics/1.0/data/urb_clivcon?lang=EN&cities=ES002C&sinceTimePeriod=2015,False
ghsl_5071,Barcelona,ES002C,Barcelona (greater city),urb_clivcon,SA3005V,Number of murders and violent deaths,2021,25.0,,https://ec.europa.eu/eurostat/api/dissemination/statistics/1.0/data/urb_clivcon?lang=EN&cities=ES002C&sinceTimePeriod=2015,False
ghsl_5071,Barcelona,ES002C,Barcelona (greater city),urb_clivcon,SA3005V,Number of murders and violent deaths,2022,24.0,,https://ec.europa.eu/eurostat/api/dissemination/statistics/1.0/data/urb_clivcon?lang=EN&cities=ES002C&sinceTimePeriod=2015,False
ghsl_5071,Barcelona,ES002C,Barcelona (greater city),urb_clivcon,SA3005V,Number of murders and violent deaths,2023,32.0,,https://ec.europa.eu/eurostat/api/dissemination/statistics/1.0/data/urb_clivcon?lang=EN&cities=ES002C&sinceTimePeriod=2015,False
ghsl_5071,Barcelona,ES002C,Barcelona (greater city),urb_clivcon,SA3005V,Number of murders and violent deaths,2024,18.0,,https://ec.europa.eu/eurostat/api/dissemination/statistics/1.0/data/urb_clivcon?lang=EN&cities=ES002C&sinceTimePeriod=2015,False
ghsl_1689,Zurich,CH002C,Zurich (greater city),urb_cpop1,DE1001V,"Population on the 1st of January, total",2015,647786.0,,https://ec.europa.eu/eurostat/api/dissemination/statistics/1.0/data/urb_cpop1?lang=EN&cities=CH002C&sinceTimePeriod=2015&indic_ur=DE1001V,False
ghsl_1689,Zurich,CH002C,Zurich (greater city),urb_cpop1,DE1001V,"Population on the 1st of January, total",2016,657918.0,,https://ec.europa.eu/eurostat/api/dissemination/statistics/1.0/data/urb_cpop1?lang=EN&cities=CH002C&sinceTimePeriod=2015&indic_ur=DE1001V,False
ghsl_1689,Zurich,CH002C,Zurich (greater city),urb_cpop1,DE1001V,"Population on the 1st of January, total",2017,668341.0,,https://ec.europa.eu/eurostat/api/dissemination/statistics/1.0/data/urb_cpop1?lang=EN&cities=CH002C&sinceTimePeriod=2015&indic_ur=DE1001V,False
ghsl_1689,Zurich,CH002C,Zurich (greater city),urb_cpop1,DE1001V,"Population on the 1st of January, total",2018,677118.0,,https://ec.europa.eu/eurostat/api/dissemination/statistics/1.0/data/urb_cpop1?lang=EN&cities=CH002C&sinceTimePeriod=2015&indic_ur=DE1001V,False
ghsl_1689,Zurich,CH002C,Zurich (greater city),urb_cpop1,DE1001V,"Population on the 1st of January, total",2019,686121.0,,https://ec.europa.eu/eurostat/api/dissemination/statistics/1.0/data/urb_cpop1?lang=EN&cities=CH002C&sinceTimePeriod=2015&indic_ur=DE1001V,False
ghsl_1689,Zurich,CH002C,Zurich (greater city),urb_cpop1,DE1001V,"Population on the 1st of January, total",2020,695019.0,,https://ec.europa.eu/eurostat/api/dissemination/statistics/1.0/data/urb_cpop1?lang=EN&cities=CH002C&sinceTimePeriod=2015&indic_ur=DE1001V,False
ghsl_1689,Zurich,CH002C,Zurich (greater city),urb_cpop1,DE1001V,"Population on the 1st of January, total",2021,700889.0,,https://ec.europa.eu/eurostat/api/dissemination/statistics/1.0/data/urb_cpop1?lang=EN&cities=CH002C&sinceTimePeriod=2015&indic_ur=DE1001V,False
ghsl_1689,Zurich,CH002C,Zurich (greater city),urb_cpop1,DE1001V,"Population on the 1st of January, total",2022,704537.0,,https://ec.europa.eu/eurostat/api/dissemination/statistics/1.0/data/urb_cpop1?lang=EN&cities=CH002C&sinceTimePeriod=2015&indic_ur=DE1001V,False
ghsl_1689,Zurich,CH002C,Zurich (greater city),urb_cpop1,DE1001V,"Population on the 1st of January, total",2023,710972.0,,https://ec.europa.eu/eurostat/api/dissemination/statistics/1.0/data/urb_cpop1?lang=EN&cities=CH002C&sinceTimePeriod=2015&indic_ur=DE1001V,False
ghsl_1689,Zurich,CH002C,Zurich (greater city),urb_cpop1,DE1001V,"Population on the 1st of January, total",2024,721075.0,,https://ec.europa.eu/eurostat/api/dissemination/statistics/1.0/data/urb_cpop1?lang=EN&cities=CH002C&sinceTimePeriod=2015&indic_ur=DE1001V,False
ghsl_1689,Zurich,CH002C,Zurich (greater city),urb_cpop1,DE1001V,"Population on the 1st of January, total",2025,725893.0,,https://ec.europa.eu/eurostat/api/dissemination/statistics/1.0/data/urb_cpop1?lang=EN&cities=CH002C&sinceTimePeriod=2015&indic_ur=DE1001V,False
ghsl_1689,Zurich,CH002C,Zurich (greater city),urb_ctran,TT1003V,Share of journeys to work by car -%,2015,32.48,e,https://ec.europa.eu/eurostat/api/dissemination/statistics/1.0/data/urb_ctran?lang=EN&cities=CH002C&sinceTimePeriod=2015,False
ghsl_1689,Zurich,CH002C,Zurich (greater city),urb_ctran,TT1003V,Share of journeys to work by car -%,2016,31.7,e,https://ec.europa.eu/eurostat/api/dissemination/statistics/1.0/data/urb_ctran?lang=EN&cities=CH002C&sinceTimePeriod=2015,False
ghsl_1689,Zurich,CH002C,Zurich (greater city),urb_ctran,TT1003V,Share of journeys to work by car -%,2017,30.96,e,https://ec.europa.eu/eurostat/api/dissemination/statistics/1.0/data/urb_ctran?lang=EN&cities=CH002C&sinceTimePeriod=2015,False
ghsl_1689,Zurich,CH002C,Zurich (greater city),urb_ctran,TT1003V,Share of journeys to work by car -%,2018,30.78,e,https://ec.europa.eu/eurostat/api/dissemination/statistics/1.0/data/urb_ctran?lang=EN&cities=CH002C&sinceTimePeriod=2015,False
ghsl_1689,Zurich,CH002C,Zurich (greater city),urb_ctran,TT1003V,Share of journeys to work by car -%,2019,28.98,e,https://ec.europa.eu/eurostat/api/dissemination/statistics/1.0/data/urb_ctran?lang=EN&cities=CH002C&sinceTimePeriod=2015,False
ghsl_1689,Zurich,CH002C,Zurich (greater city),urb_ctran,TT1003V,Share of journeys to work by car -%,2020,27.98,e,https://ec.europa.eu/eurostat/api/dissemination/statistics/1.0/data/urb_ctran?lang=EN&cities=CH002C&sinceTimePeriod=2015,False
ghsl_1689,Zurich,CH002C,Zurich (greater city),urb_ctran,TT1003V,Share of journeys to work by car -%,2021,30.18,e,https://ec.europa.eu/eurostat/api/dissemination/statistics/1.0/data/urb_ctran?lang=EN&cities=CH002C&sinceTimePeriod=2015,False
ghsl_1689,Zurich,CH002C,Zurich (greater city),urb_ctran,TT1003V,Share of journeys to work by car -%,2022,29.69,e,https://ec.europa.eu/eurostat/api/dissemination/statistics/1.0/data/urb_ctran?lang=EN&cities=CH002C&sinceTimePeriod=2015,False
ghsl_1689,Zurich,CH002C,Zurich (greater city),urb_ctran,TT1003V,Share of journeys to work by car -%,2023,27.5,e,https://ec.europa.eu/eurostat/api/dissemination/statistics/1.0/data/urb_ctran?lang=EN&cities=CH002C&sinceTimePeriod=2015,False
ghsl_1689,Zurich,CH002C,Zurich (greater city),urb_ctran,TT1003V,Share of journeys to work by car -%,2024,26.83,e,https://ec.europa.eu/eurostat/api/dissemination/statistics/1.0/data/urb_ctran?lang=EN&cities=CH002C&sinceTimePeriod=2015,False
ghsl_1689,Zurich,CH002C,Zurich (greater city),urb_ctran,TT1006V,Share of journeys to work by motorcycle -%,2015,1.02,e,https://ec.europa.eu/eurostat/api/dissemination/statistics/1.0/data/urb_ctran?lang=EN&cities=CH002C&sinceTimePeriod=2015,False
ghsl_1689,Zurich,CH002C,Zurich (greater city),urb_ctran,TT1006V,Share of journeys to work by motorcycle -%,2016,1.07,e,https://ec.europa.eu/eurostat/api/dissemination/statistics/1.0/data/urb_ctran?lang=EN&cities=CH002C&sinceTimePeriod=2015,False
ghsl_1689,Zurich,CH002C,Zurich (greater city),urb_ctran,TT1006V,Share of journeys to work by motorcycle -%,2017,0.9,e,https://ec.europa.eu/eurostat/api/dissemination/statistics/1.0/data/urb_ctran?lang=EN&cities=CH002C&sinceTimePeriod=2015,False
ghsl_1689,Zurich,CH002C,Zurich (greater city),urb_ctran,TT1006V,Share of journeys to work by motorcycle -%,2018,0.88,e,https://ec.europa.eu/eurostat/api/dissemination/statistics/1.0/data/urb_ctran?lang=EN&cities=CH002C&sinceTimePeriod=2015,False
ghsl_1689,Zurich,CH002C,Zurich (greater city),urb_ctran,TT1006V,Share of journeys to work by motorcycle -%,2019,0.99,e,https://ec.europa.eu/eurostat/api/dissemination/statistics/1.0/data/urb_ctran?lang=EN&cities=CH002C&sinceTimePeriod=2015,False
ghsl_1689,Zurich,CH002C,Zurich (greater city),urb_ctran,TT1006V,Share of journeys to work by motorcycle -%,2020,1.01,e,https://ec.europa.eu/eurostat/api/dissemination/statistics/1.0/data/urb_ctran?lang=EN&cities=CH002C&sinceTimePeriod=2015,False
ghsl_1689,Zurich,CH002C,Zurich (greater city),urb_ctran,TT1006V,Share of journeys to work by motorcycle -%,2021,1.1,e,https://ec.europa.eu/eurostat/api/dissemination/statistics/1.0/data/urb_ctran?lang=EN&cities=CH002C&sinceTimePeriod=2015,False
ghsl_1689,Zurich,CH002C,Zurich (greater city),urb_ctran,TT1006V,Share of journeys to work by motorcycle -%,2022,1.11,e,https://ec.europa.eu/eurostat/api/dissemination/statistics/1.0/data/urb_ctran?lang=EN&cities=CH002C&sinceTimePeriod=2015,False
ghsl_1689,Zurich,CH002C,Zurich (greater city),urb_ctran,TT1006V,Share of journeys to work by motorcycle -%,2023,1.15,e,https://ec.europa.eu/eurostat/api/dissemination/statistics/1.0/data/urb_ctran?lang=EN&cities=CH002C&sinceTimePeriod=2015,False
ghsl_1689,Zurich,CH002C,Zurich (greater city),urb_ctran,TT1006V,Share of journeys to work by motorcycle -%,2024,1.05,e,https://ec.europa.eu/eurostat/api/dissemination/statistics/1.0/data/urb_ctran?lang=EN&cities=CH002C&sinceTimePeriod=2015,False
ghsl_1689,Zurich,CH002C,Zurich (greater city),urb_ctran,TT1007V,Share of journeys to work by bicycle -%,2015,4.66,e,https://ec.europa.eu/eurostat/api/dissemination/statistics/1.0/data/urb_ctran?lang=EN&cities=CH002C&sinceTimePeriod=2015,False
ghsl_1689,Zurich,CH002C,Zurich (greater city),urb_ctran,TT1007V,Share of journeys to work by bicycle -%,2016,4.95,e,https://ec.europa.eu/eurostat/api/dissemination/statistics/1.0/data/urb_ctran?lang=EN&cities=CH002C&sinceTimePeriod=2015,False
ghsl_1689,Zurich,CH002C,Zurich (greater city),urb_ctran,TT1007V,Share of journeys to work by bicycle -%,2017,5.13,e,https://ec.europa.eu/eurostat/api/dissemination/statistics/1.0/data/urb_ctran?lang=EN&cities=CH002C&sinceTimePeriod=2015,False
ghsl_1689,Zurich,CH002C,Zurich (greater city),urb_ctran,TT1007V,Share of journeys to work by bicycle -%,2018,5.72,e,https://ec.europa.eu/eurostat/api/dissemination/statistics/1.0/data/urb_ctran?lang=EN&cities=CH002C&sinceTimePeriod=2015,False
ghsl_1689,Zurich,CH002C,Zurich (greater city),urb_ctran,TT1007V,Share of journeys to work by bicycle -%,2019,5.96,e,https://ec.europa.eu/eurostat/api/dissemination/statistics/1.0/data/urb_ctran?lang=EN&cities=CH002C&sinceTimePeriod=2015,False
ghsl_1689,Zurich,CH002C,Zurich (greater city),urb_ctran,TT1007V,Share of journeys to work by bicycle -%,2020,6.59,e,https://ec.europa.eu/eurostat/api/dissemination/statistics/1.0/data/urb_ctran?lang=EN&cities=CH002C&sinceTimePeriod=2015,False
ghsl_1689,Zurich,CH002C,Zurich (greater city),urb_ctran,TT1007V,Share of journeys to work by bicycle -%,2021,7.79,e,https://ec.europa.eu/eurostat/api/dissemination/statistics/1.0/data/urb_ctran?lang=EN&cities=CH002C&sinceTimePeriod=2015,False
ghsl_1689,Zurich,CH002C,Zurich (greater city),urb_ctran,TT1007V,Share of journeys to work by bicycle -%,2022,7.71,e,https://ec.europa.eu/eurostat/api/dissemination/statistics/1.0/data/urb_ctran?lang=EN&cities=CH002C&sinceTimePeriod=2015,False
ghsl_1689,Zurich,CH002C,Zurich (greater city),urb_ctran,TT1007V,Share of journeys to work by bicycle -%,2023,7.43,e,https://ec.europa.eu/eurostat/api/dissemination/statistics/1.0/data/urb_ctran?lang=EN&cities=CH002C&sinceTimePeriod=2015,False
ghsl_1689,Zurich,CH002C,Zurich (greater city),urb_ctran,TT1007V,Share of journeys to work by bicycle -%,2024,6.77,e,https://ec.europa.eu/eurostat/api/dissemination/statistics/1.0/data/urb_ctran?lang=EN&cities=CH002C&sinceTimePeriod=2015,False
ghsl_1689,Zurich,CH002C,Zurich (greater city),urb_ctran,TT1008V,Share of journeys to work by foot -%,2015,4.18,e,https://ec.europa.eu/eurostat/api/dissemination/statistics/1.0/data/urb_ctran?lang=EN&cities=CH002C&sinceTimePeriod=2015,False
ghsl_1689,Zurich,CH002C,Zurich (greater city),urb_ctran,TT1008V,Share of journeys to work by foot -%,2016,4.49,e,https://ec.europa.eu/eurostat/api/dissemination/statistics/1.0/data/urb_ctran?lang=EN&cities=CH002C&sinceTimePeriod=2015,False
ghsl_1689,Zurich,CH002C,Zurich (greater city),urb_ctran,TT1008V,Share of journeys to work by foot -%,2017,4.61,e,https://ec.europa.eu/eurostat/api/dissemination/statistics/1.0/data/urb_ctran?lang=EN&cities=CH002C&sinceTimePeriod=2015,False
ghsl_1689,Zurich,CH002C,Zurich (greater city),urb_ctran,TT1008V,Share of journeys to work by foot -%,2018,4.07,e,https://ec.europa.eu/eurostat/api/dissemination/statistics/1.0/data/urb_ctran?lang=EN&cities=CH002C&sinceTimePeriod=2015,False
ghsl_1689,Zurich,CH002C,Zurich (greater city),urb_ctran,TT1008V,Share of journeys to work by foot -%,2019,5.08,e,https://ec.europa.eu/eurostat/api/dissemination/statistics/1.0/data/urb_ctran?lang=EN&cities=CH002C&sinceTimePeriod=2015,False
ghsl_1689,Zurich,CH002C,Zurich (greater city),urb_ctran,TT1008V,Share of journeys to work by foot -%,2020,4.65,e,https://ec.europa.eu/eurostat/api/dissemination/statistics/1.0/data/urb_ctran?lang=EN&cities=CH002C&sinceTimePeriod=2015,False
ghsl_1689,Zurich,CH002C,Zurich (greater city),urb_ctran,TT1008V,Share of journeys to work by foot -%,2021,5.31,e,https://ec.europa.eu/eurostat/api/dissemination/statistics/1.0/data/urb_ctran?lang=EN&cities=CH002C&sinceTimePeriod=2015,False
ghsl_1689,Zurich,CH002C,Zurich (greater city),urb_ctran,TT1008V,Share of journeys to work by foot -%,2022,5.22,e,https://ec.europa.eu/eurostat/api/dissemination/statistics/1.0/data/urb_ctran?lang=EN&cities=CH002C&sinceTimePeriod=2015,False
ghsl_1689,Zurich,CH002C,Zurich (greater city),urb_ctran,TT1008V,Share of journeys to work by foot -%,2023,5.3,e,https://ec.europa.eu/eurostat/api/dissemination/statistics/1.0/data/urb_ctran?lang=EN&cities=CH002C&sinceTimePeriod=2015,False
ghsl_1689,Zurich,CH002C,Zurich (greater city),urb_ctran,TT1008V,Share of journeys to work by foot -%,2024,4.94,e,https://ec.europa.eu/eurostat/api/dissemination/statistics/1.0/data/urb_ctran?lang=EN&cities=CH002C&sinceTimePeriod=2015,False
ghsl_1689,Zurich,CH002C,Zurich (greater city),urb_ctran,TT1010V,"Share of journeys to work by public transport (rail, metro, bus, tram) -%",2015,57.66,e,https://ec.europa.eu/eurostat/api/dissemination/statistics/1.0/data/urb_ctran?lang=EN&cities=CH002C&sinceTimePeriod=2015,False
ghsl_1689,Zurich,CH002C,Zurich (greater city),urb_ctran,TT1010V,"Share of journeys to work by public transport (rail, metro, bus, tram) -%",2016,57.79,e,https://ec.europa.eu/eurostat/api/dissemination/statistics/1.0/data/urb_ctran?lang=EN&cities=CH002C&sinceTimePeriod=2015,False
ghsl_1689,Zurich,CH002C,Zurich (greater city),urb_ctran,TT1010V,"Share of journeys to work by public transport (rail, metro, bus, tram) -%",2017,58.4,e,https://ec.europa.eu/eurostat/api/dissemination/statistics/1.0/data/urb_ctran?lang=EN&cities=CH002C&sinceTimePeriod=2015,False
ghsl_1689,Zurich,CH002C,Zurich (greater city),urb_ctran,TT1010V,"Share of journeys to work by public transport (rail, metro, bus, tram) -%",2018,58.56,e,https://ec.europa.eu/eurostat/api/dissemination/statistics/1.0/data/urb_ctran?lang=EN&cities=CH002C&sinceTimePeriod=2015,False
ghsl_1689,Zurich,CH002C,Zurich (greater city),urb_ctran,TT1010V,"Share of journeys to work by public transport (rail, metro, bus, tram) -%",2019,58.98,e,https://ec.europa.eu/eurostat/api/dissemination/statistics/1.0/data/urb_ctran?lang=EN&cities=CH002C&sinceTimePeriod=2015,False
ghsl_1689,Zurich,CH002C,Zurich (greater city),urb_ctran,TT1010V,"Share of journeys to work by public transport (rail, metro, bus, tram) -%",2020,59.77,e,https://ec.europa.eu/eurostat/api/dissemination/statistics/1.0/data/urb_ctran?lang=EN&cities=CH002C&sinceTimePeriod=2015,False
ghsl_1689,Zurich,CH002C,Zurich (greater city),urb_ctran,TT1010V,"Share of journeys to work by public transport (rail, metro, bus, tram) -%",2021,55.62,e,https://ec.europa.eu/eurostat/api/dissemination/statistics/1.0/data/urb_ctran?lang=EN&cities=CH002C&sinceTimePeriod=2015,False
ghsl_1689,Zurich,CH002C,Zurich (greater city),urb_ctran,TT1010V,"Share of journeys to work by public transport (rail, metro, bus, tram) -%",2022,56.28,e,https://ec.europa.eu/eurostat/api/dissemination/statistics/1.0/data/urb_ctran?lang=EN&cities=CH002C&sinceTimePeriod=2015,False
ghsl_1689,Zurich,CH002C,Zurich (greater city),urb_ctran,TT1010V,"Share of journeys to work by public transport (rail, metro, bus, tram) -%",2023,58.62,e,https://ec.europa.eu/eurostat/api/dissemination/statistics/1.0/data/urb_ctran?lang=EN&cities=CH002C&sinceTimePeriod=2015,False
ghsl_1689,Zurich,CH002C,Zurich (greater city),urb_ctran,TT1010V,"Share of journeys to work by public transport (rail, metro, bus, tram) -%",2024,60.41,e,https://ec.europa.eu/eurostat/api/dissemination/statistics/1.0/data/urb_ctran?lang=EN&cities=CH002C&sinceTimePeriod=2015,False
ghsl_1689,Zurich,CH002C,Zurich (greater city),urb_ctran,TT1012V,Share of journeys to work by car or motorcycle -%,2015,33.5,e,https://ec.europa.eu/eurostat/api/dissemination/statistics/1.0/data/urb_ctran?lang=EN&cities=CH002C&sinceTimePeriod=2015,False
ghsl_1689,Zurich,CH002C,Zurich (greater city),urb_ctran,TT1012V,Share of journeys to work by car or motorcycle -%,2016,32.77,e,https://ec.europa.eu/eurostat/api/dissemination/statistics/1.0/data/urb_ctran?lang=EN&cities=CH002C&sinceTimePeriod=2015,False
ghsl_1689,Zurich,CH002C,Zurich (greater city),urb_ctran,TT1012V,Share of journeys to work by car or motorcycle -%,2017,31.86,e,https://ec.europa.eu/eurostat/api/dissemination/statistics/1.0/data/urb_ctran?lang=EN&cities=CH002C&sinceTimePeriod=2015,False
ghsl_1689,Zurich,CH002C,Zurich (greater city),urb_ctran,TT1012V,Share of journeys to work by car or motorcycle -%,2018,31.66,e,https://ec.europa.eu/eurostat/api/dissemination/statistics/1.0/data/urb_ctran?lang=EN&cities=CH002C&sinceTimePeriod=2015,False
ghsl_1689,Zurich,CH002C,Zurich (greater city),urb_ctran,TT1012V,Share of journeys to work by car or motorcycle -%,2019,29.98,e,https://ec.europa.eu/eurostat/api/dissemination/statistics/1.0/data/urb_ctran?lang=EN&cities=CH002C&sinceTimePeriod=2015,False
ghsl_1689,Zurich,CH002C,Zurich (greater city),urb_ctran,TT1012V,Share of journeys to work by car or motorcycle -%,2020,28.99,e,https://ec.europa.eu/eurostat/api/dissemination/statistics/1.0/data/urb_ctran?lang=EN&cities=CH002C&sinceTimePeriod=2015,False
ghsl_1689,Zurich,CH002C,Zurich (greater city),urb_ctran,TT1012V,Share of journeys to work by car or motorcycle -%,2021,31.28,e,https://ec.europa.eu/eurostat/api/dissemination/statistics/1.0/data/urb_ctran?lang=EN&cities=CH002C&sinceTimePeriod=2015,False
ghsl_1689,Zurich,CH002C,Zurich (greater city),urb_ctran,TT1012V,Share of journeys to work by car or motorcycle -%,2022,30.79,e,https://ec.europa.eu/eurostat/api/dissemination/statistics/1.0/data/urb_ctran?lang=EN&cities=CH002C&sinceTimePeriod=2015,False
ghsl_1689,Zurich,CH002C,Zurich (greater city),urb_ctran,TT1012V,Share of journeys to work by car or motorcycle -%,2023,28.65,e,https://ec.europa.eu/eurostat/api/dissemination/statistics/1.0/data/urb_ctran?lang=EN&cities=CH002C&sinceTimePeriod=2015,False
ghsl_1689,Zurich,CH002C,Zurich (greater city),urb_ctran,TT1012V,Share of journeys to work by car or motorcycle -%,2024,27.88,e,https://ec.europa.eu/eurostat/api/dissemination/statistics/1.0/data/urb_ctran?lang=EN&cities=CH002C&sinceTimePeriod=2015,False
ghsl_1689,Zurich,CH002C,Zurich (greater city),urb_ctran,TT1019V,Average time of journey to work - minutes,2015,38.88,e,https://ec.europa.eu/eurostat/api/dissemination/statistics/1.0/data/urb_ctran?lang=EN&cities=CH002C&sinceTimePeriod=2015,False
ghsl_1689,Zurich,CH002C,Zurich (greater city),urb_ctran,TT1019V,Average time of journey to work - minutes,2016,38.67,e,https://ec.europa.eu/eurostat/api/dissemination/statistics/1.0/data/urb_ctran?lang=EN&cities=CH002C&sinceTimePeriod=2015,False
ghsl_1689,Zurich,CH002C,Zurich (greater city),urb_ctran,TT1019V,Average time of journey to work - minutes,2017,39.11,e,https://ec.europa.eu/eurostat/api/dissemination/statistics/1.0/data/urb_ctran?lang=EN&cities=CH002C&sinceTimePeriod=2015,False
ghsl_1689,Zurich,CH002C,Zurich (greater city),urb_ctran,TT1019V,Average time of journey to work - minutes,2018,39.37,e,https://ec.europa.eu/eurostat/api/dissemination/statistics/1.0/data/urb_ctran?lang=EN&cities=CH002C&sinceTimePeriod=2015,False
ghsl_1689,Zurich,CH002C,Zurich (greater city),urb_ctran,TT1019V,Average time of journey to work - minutes,2019,38.49,e,https://ec.europa.eu/eurostat/api/dissemination/statistics/1.0/data/urb_ctran?lang=EN&cities=CH002C&sinceTimePeriod=2015,False
ghsl_1689,Zurich,CH002C,Zurich (greater city),urb_ctran,TT1019V,Average time of journey to work - minutes,2020,38.38,e,https://ec.europa.eu/eurostat/api/dissemination/statistics/1.0/data/urb_ctran?lang=EN&cities=CH002C&sinceTimePeriod=2015,False
ghsl_1689,Zurich,CH002C,Zurich (greater city),urb_ctran,TT1019V,Average time of journey to work - minutes,2021,38.83,e,https://ec.europa.eu/eurostat/api/dissemination/statistics/1.0/data/urb_ctran?lang=EN&cities=CH002C&sinceTimePeriod=2015,False
ghsl_1689,Zurich,CH002C,Zurich (greater city),urb_ctran,TT1019V,Average time of journey to work - minutes,2022,38.7,e,https://ec.europa.eu/eurostat/api/dissemination/statistics/1.0/data/urb_ctran?lang=EN&cities=CH002C&sinceTimePeriod=2015,False
ghsl_1689,Zurich,CH002C,Zurich (greater city),urb_ctran,TT1019V,Average time of journey to work - minutes,2023,39.12,e,https://ec.europa.eu/eurostat/api/dissemination/statistics/1.0/data/urb_ctran?lang=EN&cities=CH002C&sinceTimePeriod=2015,False
ghsl_1689,Zurich,CH002C,Zurich (greater city),urb_ctran,TT1019V,Average time of journey to work - minutes,2024,39.9,e,https://ec.europa.eu/eurostat/api/dissemination/statistics/1.0/data/urb_ctran?lang=EN&cities=CH002C&sinceTimePeriod=2015,False
ghsl_1689,Zurich,CH002C,Zurich (greater city),urb_ctran,TT1020V,Average length of journey to work by private car - km,2015,18.16,e,https://ec.europa.eu/eurostat/api/dissemination/statistics/1.0/data/urb_ctran?lang=EN&cities=CH002C&sinceTimePeriod=2015,False
ghsl_1689,Zurich,CH002C,Zurich (greater city),urb_ctran,TT1020V,Average length of journey to work by private car - km,2016,19.17,e,https://ec.europa.eu/eurostat/api/dissemination/statistics/1.0/data/urb_ctran?lang=EN&cities=CH002C&sinceTimePeriod=2015,False
ghsl_1689,Zurich,CH002C,Zurich (greater city),urb_ctran,TT1020V,Average length of journey to work by private car - km,2017,18.31,e,https://ec.europa.eu/eurostat/api/dissemination/statistics/1.0/data/urb_ctran?lang=EN&cities=CH002C&sinceTimePeriod=2015,False
ghsl_1689,Zurich,CH002C,Zurich (greater city),urb_ctran,TT1020V,Average length of journey to work by private car - km,2018,18.32,e,https://ec.europa.eu/eurostat/api/dissemination/statistics/1.0/data/urb_ctran?lang=EN&cities=CH002C&sinceTimePeriod=2015,False
ghsl_1689,Zurich,CH002C,Zurich (greater city),urb_ctran,TT1020V,Average length of journey to work by private car - km,2019,17.7,e,https://ec.europa.eu/eurostat/api/dissemination/statistics/1.0/data/urb_ctran?lang=EN&cities=CH002C&sinceTimePeriod=2015,False
ghsl_1689,Zurich,CH002C,Zurich (greater city),urb_ctran,TT1020V,Average length of journey to work by private car - km,2020,17.36,e,https://ec.europa.eu/eurostat/api/dissemination/statistics/1.0/data/urb_ctran?lang=EN&cities=CH002C&sinceTimePeriod=2015,False
ghsl_1689,Zurich,CH002C,Zurich (greater city),urb_ctran,TT1020V,Average length of journey to work by private car - km,2021,16.19,e,https://ec.europa.eu/eurostat/api/dissemination/statistics/1.0/data/urb_ctran?lang=EN&cities=CH002C&sinceTimePeriod=2015,False
ghsl_1689,Zurich,CH002C,Zurich (greater city),urb_ctran,TT1020V,Average length of journey to work by private car - km,2022,15.97,e,https://ec.europa.eu/eurostat/api/dissemination/statistics/1.0/data/urb_ctran?lang=EN&cities=CH002C&sinceTimePeriod=2015,False
ghsl_1689,Zurich,CH002C,Zurich (greater city),urb_ctran,TT1020V,Average length of journey to work by private car - km,2023,16.2,e,https://ec.europa.eu/eurostat/api/dissemination/statistics/1.0/data/urb_ctran?lang=EN&cities=CH002C&sinceTimePeriod=2015,False
ghsl_1689,Zurich,CH002C,Zurich (greater city),urb_ctran,TT1020V,Average length of journey to work by private car - km,2024,16.28,e,https://ec.europa.eu/eurostat/api/dissemination/statistics/1.0/data/urb_ctran?lang=EN&cities=CH002C&sinceTimePeriod=2015,False
ghsl_1689,Zurich,CH002C,Zurich (greater city),urb_ctran,TT1057I,Number of registered cars per 1000 population,2015,442.07,,https://ec.europa.eu/eurostat/api/dissemination/statistics/1.0/data/urb_ctran?lang=EN&cities=CH002C&sinceTimePeriod=2015,False
ghsl_1689,Zurich,CH002C,Zurich (greater city),urb_ctran,TT1057I,Number of registered cars per 1000 population,2016,438.91,,https://ec.europa.eu/eurostat/api/dissemination/statistics/1.0/data/urb_ctran?lang=EN&cities=CH002C&sinceTimePeriod=2015,False
ghsl_1689,Zurich,CH002C,Zurich (greater city),urb_ctran,TT1057I,Number of registered cars per 1000 population,2017,433.31,,https://ec.europa.eu/eurostat/api/dissemination/statistics/1.0/data/urb_ctran?lang=EN&cities=CH002C&sinceTimePeriod=2015,False
ghsl_1689,Zurich,CH002C,Zurich (greater city),urb_ctran,TT1057I,Number of registered cars per 1000 population,2018,426.68,,https://ec.europa.eu/eurostat/api/dissemination/statistics/1.0/data/urb_ctran?lang=EN&cities=CH002C&sinceTimePeriod=2015,False
ghsl_1689,Zurich,CH002C,Zurich (greater city),urb_ctran,TT1057I,Number of registered cars per 1000 population,2019,420.83,,https://ec.europa.eu/eurostat/api/dissemination/statistics/1.0/data/urb_ctran?lang=EN&cities=CH002C&sinceTimePeriod=2015,False
ghsl_1689,Zurich,CH002C,Zurich (greater city),urb_ctran,TT1057I,Number of registered cars per 1000 population,2020,414.88,,https://ec.europa.eu/eurostat/api/dissemination/statistics/1.0/data/urb_ctran?lang=EN&cities=CH002C&sinceTimePeriod=2015,False
ghsl_1689,Zurich,CH002C,Zurich (greater city),urb_ctran,TT1057I,Number of registered cars per 1000 population,2021,416.52,,https://ec.europa.eu/eurostat/api/dissemination/statistics/1.0/data/urb_ctran?lang=EN&cities=CH002C&sinceTimePeriod=2015,False
ghsl_1689,Zurich,CH002C,Zurich (greater city),urb_ctran,TT1057I,Number of registered cars per 1000 population,2022,414.04,,https://ec.europa.eu/eurostat/api/dissemination/statistics/1.0/data/urb_ctran?lang=EN&cities=CH002C&sinceTimePeriod=2015,False
ghsl_1689,Zurich,CH002C,Zurich (greater city),urb_ctran,TT1057I,Number of registered cars per 1000 population,2023,414.05,,https://ec.europa.eu/eurostat/api/dissemination/statistics/1.0/data/urb_ctran?lang=EN&cities=CH002C&sinceTimePeriod=2015,False
ghsl_1689,Zurich,CH002C,Zurich (greater city),urb_ctran,TT1057I,Number of registered cars per 1000 population,2024,407.99,,https://ec.europa.eu/eurostat/api/dissemination/statistics/1.0/data/urb_ctran?lang=EN&cities=CH002C&sinceTimePeriod=2015,False
ghsl_1689,Zurich,CH002C,Zurich (greater city),urb_ctran,TT1057V,Number of private cars registered,2015,286368.0,,https://ec.europa.eu/eurostat/api/dissemination/statistics/1.0/data/urb_ctran?lang=EN&cities=CH002C&sinceTimePeriod=2015,False
ghsl_1689,Zurich,CH002C,Zurich (greater city),urb_ctran,TT1057V,Number of private cars registered,2016,288767.0,,https://ec.europa.eu/eurostat/api/dissemination/statistics/1.0/data/urb_ctran?lang=EN&cities=CH002C&sinceTimePeriod=2015,False
ghsl_1689,Zurich,CH002C,Zurich (greater city),urb_ctran,TT1057V,Number of private cars registered,2017,289600.0,,https://ec.europa.eu/eurostat/api/dissemination/statistics/1.0/data/urb_ctran?lang=EN&cities=CH002C&sinceTimePeriod=2015,False
ghsl_1689,Zurich,CH002C,Zurich (greater city),urb_ctran,TT1057V,Number of private cars registered,2018,288913.0,,https://ec.europa.eu/eurostat/api/dissemination/statistics/1.0/data/urb_ctran?lang=EN&cities=CH002C&sinceTimePeriod=2015,False
ghsl_1689,Zurich,CH002C,Zurich (greater city),urb_ctran,TT1057V,Number of private cars registered,2019,288741.0,,https://ec.europa.eu/eurostat/api/dissemination/statistics/1.0/data/urb_ctran?lang=EN&cities=CH002C&sinceTimePeriod=2015,False
ghsl_1689,Zurich,CH002C,Zurich (greater city),urb_ctran,TT1057V,Number of private cars registered,2020,288348.0,,https://ec.europa.eu/eurostat/api/dissemination/statistics/1.0/data/urb_ctran?lang=EN&cities=CH002C&sinceTimePeriod=2015,False
ghsl_1689,Zurich,CH002C,Zurich (greater city),urb_ctran,TT1057V,Number of private cars registered,2021,291933.0,,https://ec.europa.eu/eurostat/api/dissemination/statistics/1.0/data/urb_ctran?lang=EN&cities=CH002C&sinceTimePeriod=2015,False
ghsl_1689,Zurich,CH002C,Zurich (greater city),urb_ctran,TT1057V,Number of private cars registered,2022,291706.0,,https://ec.europa.eu/eurostat/api/dissemination/statistics/1.0/data/urb_ctran?lang=EN&cities=CH002C&sinceTimePeriod=2015,False
ghsl_1689,Zurich,CH002C,Zurich (greater city),urb_ctran,TT1057V,Number of private cars registered,2023,294379.0,,https://ec.europa.eu/eurostat/api/dissemination/statistics/1.0/data/urb_ctran?lang=EN&cities=CH002C&sinceTimePeriod=2015,False
ghsl_1689,Zurich,CH002C,Zurich (greater city),urb_ctran,TT1057V,Number of private cars registered,2024,294192.0,,https://ec.europa.eu/eurostat/api/dissemination/statistics/1.0/data/urb_ctran?lang=EN&cities=CH002C&sinceTimePeriod=2015,False
ghsl_1689,Zurich,CH002C,Zurich (greater city),urb_ctran,TT1060I,People killed in road accidents per 10000 pop.,2015,0.14,,https://ec.europa.eu/eurostat/api/dissemination/statistics/1.0/data/urb_ctran?lang=EN&cities=CH002C&sinceTimePeriod=2015,False
ghsl_1689,Zurich,CH002C,Zurich (greater city),urb_ctran,TT1060I,People killed in road accidents per 10000 pop.,2016,0.17,,https://ec.europa.eu/eurostat/api/dissemination/statistics/1.0/data/urb_ctran?lang=EN&cities=CH002C&sinceTimePeriod=2015,False
ghsl_1689,Zurich,CH002C,Zurich (greater city),urb_ctran,TT1060I,People killed in road accidents per 10000 pop.,2017,0.09,,https://ec.europa.eu/eurostat/api/dissemination/statistics/1.0/data/urb_ctran?lang=EN&cities=CH002C&sinceTimePeriod=2015,False
ghsl_1689,Zurich,CH002C,Zurich (greater city),urb_ctran,TT1060I,People killed in road accidents per 10000 pop.,2018,0.21,,https://ec.europa.eu/eurostat/api/dissemination/statistics/1.0/data/urb_ctran?lang=EN&cities=CH002C&sinceTimePeriod=2015,False
ghsl_1689,Zurich,CH002C,Zurich (greater city),urb_ctran,TT1060I,People killed in road accidents per 10000 pop.,2019,0.13,,https://ec.europa.eu/eurostat/api/dissemination/statistics/1.0/data/urb_ctran?lang=EN&cities=CH002C&sinceTimePeriod=2015,False
ghsl_1689,Zurich,CH002C,Zurich (greater city),urb_ctran,TT1060I,People killed in road accidents per 10000 pop.,2020,0.14,,https://ec.europa.eu/eurostat/api/dissemination/statistics/1.0/data/urb_ctran?lang=EN&cities=CH002C&sinceTimePeriod=2015,False
ghsl_1689,Zurich,CH002C,Zurich (greater city),urb_ctran,TT1060I,People killed in road accidents per 10000 pop.,2021,0.11,,https://ec.europa.eu/eurostat/api/dissemination/statistics/1.0/data/urb_ctran?lang=EN&cities=CH002C&sinceTimePeriod=2015,False
ghsl_1689,Zurich,CH002C,Zurich (greater city),urb_ctran,TT1060I,People killed in road accidents per 10000 pop.,2022,0.16,,https://ec.europa.eu/eurostat/api/dissemination/statistics/1.0/data/urb_ctran?lang=EN&cities=CH002C&sinceTimePeriod=2015,False
ghsl_1689,Zurich,CH002C,Zurich (greater city),urb_ctran,TT1060I,People killed in road accidents per 10000 pop.,2023,0.08,,https://ec.europa.eu/eurostat/api/dissemination/statistics/1.0/data/urb_ctran?lang=EN&cities=CH002C&sinceTimePeriod=2015,False
ghsl_1689,Zurich,CH002C,Zurich (greater city),urb_ctran,TT1060I,People killed in road accidents per 10000 pop.,2024,0.26,,https://ec.europa.eu/eurostat/api/dissemination/statistics/1.0/data/urb_ctran?lang=EN&cities=CH002C&sinceTimePeriod=2015,False
ghsl_1689,Zurich,CH002C,Zurich (greater city),urb_ctran,TT1060V,Number of deaths in road accidents,2015,9.0,,https://ec.europa.eu/eurostat/api/dissemination/statistics/1.0/data/urb_ctran?lang=EN&cities=CH002C&sinceTimePeriod=2015,False
ghsl_1689,Zurich,CH002C,Zurich (greater city),urb_ctran,TT1060V,Number of deaths in road accidents,2016,11.0,,https://ec.europa.eu/eurostat/api/dissemination/statistics/1.0/data/urb_ctran?lang=EN&cities=CH002C&sinceTimePeriod=2015,False
ghsl_1689,Zurich,CH002C,Zurich (greater city),urb_ctran,TT1060V,Number of deaths in road accidents,2017,6.0,,https://ec.europa.eu/eurostat/api/dissemination/statistics/1.0/data/urb_ctran?lang=EN&cities=CH002C&sinceTimePeriod=2015,False
ghsl_1689,Zurich,CH002C,Zurich (greater city),urb_ctran,TT1060V,Number of deaths in road accidents,2018,14.0,,https://ec.europa.eu/eurostat/api/dissemination/statistics/1.0/data/urb_ctran?lang=EN&cities=CH002C&sinceTimePeriod=2015,False
ghsl_1689,Zurich,CH002C,Zurich (greater city),urb_ctran,TT1060V,Number of deaths in road accidents,2019,9.0,,https://ec.europa.eu/eurostat/api/dissemination/statistics/1.0/data/urb_ctran?lang=EN&cities=CH002C&sinceTimePeriod=2015,False
ghsl_1689,Zurich,CH002C,Zurich (greater city),urb_ctran,TT1060V,Number of deaths in road accidents,2020,10.0,,https://ec.europa.eu/eurostat/api/dissemination/statistics/1.0/data/urb_ctran?lang=EN&cities=CH002C&sinceTimePeriod=2015,False
ghsl_1689,Zurich,CH002C,Zurich (greater city),urb_ctran,TT1060V,Number of deaths in road accidents,2021,8.0,,https://ec.europa.eu/eurostat/api/dissemination/statistics/1.0/data/urb_ctran?lang=EN&cities=CH002C&sinceTimePeriod=2015,False
ghsl_1689,Zurich,CH002C,Zurich (greater city),urb_ctran,TT1060V,Number of deaths in road accidents,2022,11.0,,https://ec.europa.eu/eurostat/api/dissemination/statistics/1.0/data/urb_ctran?lang=EN&cities=CH002C&sinceTimePeriod=2015,False
ghsl_1689,Zurich,CH002C,Zurich (greater city),urb_ctran,TT1060V,Number of deaths in road accidents,2023,6.0,,https://ec.europa.eu/eurostat/api/dissemination/statistics/1.0/data/urb_ctran?lang=EN&cities=CH002C&sinceTimePeriod=2015,False
ghsl_1689,Zurich,CH002C,Zurich (greater city),urb_ctran,TT1060V,Number of deaths in road accidents,2024,19.0,,https://ec.europa.eu/eurostat/api/dissemination/statistics/1.0/data/urb_ctran?lang=EN&cities=CH002C&sinceTimePeriod=2015,False
ghsl_1689,Zurich,CH002C,Zurich (greater city),urb_ctran,TT1064V,People commuting into the city,2015,251956.46,e,https://ec.europa.eu/eurostat/api/dissemination/statistics/1.0/data/urb_ctran?lang=EN&cities=CH002C&sinceTimePeriod=2015,False
ghsl_1689,Zurich,CH002C,Zurich (greater city),urb_ctran,TT1064V,People commuting into the city,2016,259707.01,e,https://ec.europa.eu/eurostat/api/dissemination/statistics/1.0/data/urb_ctran?lang=EN&cities=CH002C&sinceTimePeriod=2015,False
ghsl_1689,Zurich,CH002C,Zurich (greater city),urb_ctran,TT1064V,People commuting into the city,2017,253488.4,e,https://ec.europa.eu/eurostat/api/dissemination/statistics/1.0/data/urb_ctran?lang=EN&cities=CH002C&sinceTimePeriod=2015,False
ghsl_1689,Zurich,CH002C,Zurich (greater city),urb_ctran,TT1064V,People commuting into the city,2018,260226.36,e,https://ec.europa.eu/eurostat/api/dissemination/statistics/1.0/data/urb_ctran?lang=EN&cities=CH002C&sinceTimePeriod=2015,False
ghsl_1689,Zurich,CH002C,Zurich (greater city),urb_ctran,TT1064V,People commuting into the city,2019,235369.77,e,https://ec.europa.eu/eurostat/api/dissemination/statistics/1.0/data/urb_ctran?lang=EN&cities=CH002C&sinceTimePeriod=2015,False
ghsl_1689,Zurich,CH002C,Zurich (greater city),urb_ctran,TT1064V,People commuting into the city,2020,237260.34,e,https://ec.europa.eu/eurostat/api/dissemination/statistics/1.0/data/urb_ctran?lang=EN&cities=CH002C&sinceTimePeriod=2015,False
ghsl_1689,Zurich,CH002C,Zurich (greater city),urb_ctran,TT1064V,People commuting into the city,2021,217597.53,e,https://ec.europa.eu/eurostat/api/dissemination/statistics/1.0/data/urb_ctran?lang=EN&cities=CH002C&sinceTimePeriod=2015,False
ghsl_1689,Zurich,CH002C,Zurich (greater city),urb_ctran,TT1064V,People commuting into the city,2022,209688.59,e,https://ec.europa.eu/eurostat/api/dissemination/statistics/1.0/data/urb_ctran?lang=EN&cities=CH002C&sinceTimePeriod=2015,False
ghsl_1689,Zurich,CH002C,Zurich (greater city),urb_ctran,TT1064V,People commuting into the city,2023,226956.06,e,https://ec.europa.eu/eurostat/api/dissemination/statistics/1.0/data/urb_ctran?lang=EN&cities=CH002C&sinceTimePeriod=2015,False
ghsl_1689,Zurich,CH002C,Zurich (greater city),urb_ctran,TT1064V,People commuting into the city,2024,238202.43,e,https://ec.europa.eu/eurostat/api/dissemination/statistics/1.0/data/urb_ctran?lang=EN&cities=CH002C&sinceTimePeriod=2015,False
ghsl_1689,Zurich,CH002C,Zurich (greater city),urb_ctran,TT1065V,People commuting out of the city,2015,62037.87,e,https://ec.europa.eu/eurostat/api/dissemination/statistics/1.0/data/urb_ctran?lang=EN&cities=CH002C&sinceTimePeriod=2015,False
ghsl_1689,Zurich,CH002C,Zurich (greater city),urb_ctran,TT1065V,People commuting out of the city,2016,64382.3,e,https://ec.europa.eu/eurostat/api/dissemination/statistics/1.0/data/urb_ctran?lang=EN&cities=CH002C&sinceTimePeriod=2015,False
ghsl_1689,Zurich,CH002C,Zurich (greater city),urb_ctran,TT1065V,People commuting out of the city,2017,66902.95,e,https://ec.europa.eu/eurostat/api/dissemination/statistics/1.0/data/urb_ctran?lang=EN&cities=CH002C&sinceTimePeriod=2015,False
ghsl_1689,Zurich,CH002C,Zurich (greater city),urb_ctran,TT1065V,People commuting out of the city,2018,63525.44,e,https://ec.europa.eu/eurostat/api/dissemination/statistics/1.0/data/urb_ctran?lang=EN&cities=CH002C&sinceTimePeriod=2015,False
ghsl_1689,Zurich,CH002C,Zurich (greater city),urb_ctran,TT1065V,People commuting out of the city,2019,62541.38,e,https://ec.europa.eu/eurostat/api/dissemination/statistics/1.0/data/urb_ctran?lang=EN&cities=CH002C&sinceTimePeriod=2015,False
ghsl_1689,Zurich,CH002C,Zurich (greater city),urb_ctran,TT1065V,People commuting out of the city,2020,61561.51,e,https://ec.europa.eu/eurostat/api/dissemination/statistics/1.0/data/urb_ctran?lang=EN&cities=CH002C&sinceTimePeriod=2015,False
ghsl_1689,Zurich,CH002C,Zurich (greater city),urb_ctran,TT1065V,People commuting out of the city,2021,56564.15,e,https://ec.europa.eu/eurostat/api/dissemination/statistics/1.0/data/urb_ctran?lang=EN&cities=CH002C&sinceTimePeriod=2015,False
ghsl_1689,Zurich,CH002C,Zurich (greater city),urb_ctran,TT1065V,People commuting out of the city,2022,57508.05,e,https://ec.europa.eu/eurostat/api/dissemination/statistics/1.0/data/urb_ctran?lang=EN&cities=CH002C&sinceTimePeriod=2015,False
ghsl_1689,Zurich,CH002C,Zurich (greater city),urb_ctran,TT1065V,People commuting out of the city,2023,60508.73,e,https://ec.europa.eu/eurostat/api/dissemination/statistics/1.0/data/urb_ctran?lang=EN&cities=CH002C&sinceTimePeriod=2015,False
ghsl_1689,Zurich,CH002C,Zurich (greater city),urb_ctran,TT1065V,People commuting out of the city,2024,62484.9,e,https://ec.europa.eu/eurostat/api/dissemination/statistics/1.0/data/urb_ctran?lang=EN&cities=CH002C&sinceTimePeriod=2015,False
ghsl_1689,Zurich,CH002C,Zurich (greater city),urb_ctran,TT1080V,Cost of a combined monthly ticket (all modes of public transport) for 5-10 km in the central zone - EUR,2015,79.0,,https://ec.europa.eu/eurostat/api/dissemination/statistics/1.0/data/urb_ctran?lang=EN&cities=CH002C&sinceTimePeriod=2015,False
ghsl_1689,Zurich,CH002C,Zurich (greater city),urb_ctran,TT1080V,Cost of a combined monthly ticket (all modes of public transport) for 5-10 km in the central zone - EUR,2016,78.0,,https://ec.europa.eu/eurostat/api/dissemination/statistics/1.0/data/urb_ctran?lang=EN&cities=CH002C&sinceTimePeriod=2015,False
ghsl_1689,Zurich,CH002C,Zurich (greater city),urb_ctran,TT1080V,Cost of a combined monthly ticket (all modes of public transport) for 5-10 km in the central zone - EUR,2017,76.0,,https://ec.europa.eu/eurostat/api/dissemination/statistics/1.0/data/urb_ctran?lang=EN&cities=CH002C&sinceTimePeriod=2015,False
ghsl_1689,Zurich,CH002C,Zurich (greater city),urb_ctran,TT1080V,Cost of a combined monthly ticket (all modes of public transport) for 5-10 km in the central zone - EUR,2018,74.0,,https://ec.europa.eu/eurostat/api/dissemination/statistics/1.0/data/urb_ctran?lang=EN&cities=CH002C&sinceTimePeriod=2015,False
ghsl_1689,Zurich,CH002C,Zurich (greater city),urb_ctran,TT1080V,Cost of a combined monthly ticket (all modes of public transport) for 5-10 km in the central zone - EUR,2019,76.0,,https://ec.europa.eu/eurostat/api/dissemination/statistics/1.0/data/urb_ctran?lang=EN&cities=CH002C&sinceTimePeriod=2015,False
ghsl_1689,Zurich,CH002C,Zurich (greater city),urb_ctran,TT1080V,Cost of a combined monthly ticket (all modes of public transport) for 5-10 km in the central zone - EUR,2020,79.0,,https://ec.europa.eu/eurostat/api/dissemination/statistics/1.0/data/urb_ctran?lang=EN&cities=CH002C&sinceTimePeriod=2015,False
ghsl_1689,Zurich,CH002C,Zurich (greater city),urb_ctran,TT1080V,Cost of a combined monthly ticket (all modes of public transport) for 5-10 km in the central zone - EUR,2021,79.0,,https://ec.europa.eu/eurostat/api/dissemination/statistics/1.0/data/urb_ctran?lang=EN&cities=CH002C&sinceTimePeriod=2015,False
ghsl_1689,Zurich,CH002C,Zurich (greater city),urb_ctran,TT1080V,Cost of a combined monthly ticket (all modes of public transport) for 5-10 km in the central zone - EUR,2022,85.0,,https://ec.europa.eu/eurostat/api/dissemination/statistics/1.0/data/urb_ctran?lang=EN&cities=CH002C&sinceTimePeriod=2015,False
ghsl_1689,Zurich,CH002C,Zurich (greater city),urb_ctran,TT1080V,Cost of a combined monthly ticket (all modes of public transport) for 5-10 km in the central zone - EUR,2023,87.0,,https://ec.europa.eu/eurostat/api/dissemination/statistics/1.0/data/urb_ctran?lang=EN&cities=CH002C&sinceTimePeriod=2015,False
ghsl_1689,Zurich,CH002C,Zurich (greater city),urb_ctran,TT1080V,Cost of a combined monthly ticket (all modes of public transport) for 5-10 km in the central zone - EUR,2024,91.0,,https://ec.europa.eu/eurostat/api/dissemination/statistics/1.0/data/urb_ctran?lang=EN&cities=CH002C&sinceTimePeriod=2015,False
ghsl_1689,Zurich,CH002C,Zurich (greater city),urb_ctran,TT1081V,Cost of a taxi ride of 5 km to the centre at day time - EUR,2015,31.0,,https://ec.europa.eu/eurostat/api/dissemination/statistics/1.0/data/urb_ctran?lang=EN&cities=CH002C&sinceTimePeriod=2015,False
ghsl_1689,Zurich,CH002C,Zurich (greater city),urb_ctran,TT1081V,Cost of a taxi ride of 5 km to the centre at day time - EUR,2016,30.0,,https://ec.europa.eu/eurostat/api/dissemination/statistics/1.0/data/urb_ctran?lang=EN&cities=CH002C&sinceTimePeriod=2015,False
ghsl_1689,Zurich,CH002C,Zurich (greater city),urb_ctran,TT1081V,Cost of a taxi ride of 5 km to the centre at day time - EUR,2017,30.0,,https://ec.europa.eu/eurostat/api/dissemination/statistics/1.0/data/urb_ctran?lang=EN&cities=CH002C&sinceTimePeriod=2015,False
ghsl_1689,Zurich,CH002C,Zurich (greater city),urb_ctran,TT1081V,Cost of a taxi ride of 5 km to the centre at day time - EUR,2018,29.0,,https://ec.europa.eu/eurostat/api/dissemination/statistics/1.0/data/urb_ctran?lang=EN&cities=CH002C&sinceTimePeriod=2015,False
ghsl_1689,Zurich,CH002C,Zurich (greater city),urb_ctran,TT1081V,Cost of a taxi ride of 5 km to the centre at day time - EUR,2019,30.0,,https://ec.europa.eu/eurostat/api/dissemination/statistics/1.0/data/urb_ctran?lang=EN&cities=CH002C&sinceTimePeriod=2015,False
ghsl_1689,Zurich,CH002C,Zurich (greater city),urb_ctran,TT1081V,Cost of a taxi ride of 5 km to the centre at day time - EUR,2020,31.0,,https://ec.europa.eu/eurostat/api/dissemination/statistics/1.0/data/urb_ctran?lang=EN&cities=CH002C&sinceTimePeriod=2015,False
ghsl_1689,Zurich,CH002C,Zurich (greater city),urb_ctran,TT1081V,Cost of a taxi ride of 5 km to the centre at day time - EUR,2021,31.0,,https://ec.europa.eu/eurostat/api/dissemination/statistics/1.0/data/urb_ctran?lang=EN&cities=CH002C&sinceTimePeriod=2015,False
ghsl_1689,Zurich,CH002C,Zurich (greater city),urb_ctran,TT1081V,Cost of a taxi ride of 5 km to the centre at day time - EUR,2022,33.0,,https://ec.europa.eu/eurostat/api/dissemination/statistics/1.0/data/urb_ctran?lang=EN&cities=CH002C&sinceTimePeriod=2015,False
ghsl_1689,Zurich,CH002C,Zurich (greater city),urb_ctran,TT1081V,Cost of a taxi ride of 5 km to the centre at day time - EUR,2023,34.0,,https://ec.europa.eu/eurostat/api/dissemination/statistics/1.0/data/urb_ctran?lang=EN&cities=CH002C&sinceTimePeriod=2015,False
ghsl_1689,Zurich,CH002C,Zurich (greater city),urb_ctran,TT1081V,Cost of a taxi ride of 5 km to the centre at day time - EUR,2024,35.0,p,https://ec.europa.eu/eurostat/api/dissemination/statistics/1.0/data/urb_ctran?lang=EN&cities=CH002C&sinceTimePeriod=2015,False
ghsl_1689,Zurich,CH002C,Zurich (greater city),urb_ceduc,TE1026I,Share of students in higher education in the total population (per 1000 persons),2015,113.0,e,https://ec.europa.eu/eurostat/api/dissemination/statistics/1.0/data/urb_ceduc?lang=EN&cities=CH002C&sinceTimePeriod=2015,False
ghsl_1689,Zurich,CH002C,Zurich (greater city),urb_ceduc,TE1026I,Share of students in higher education in the total population (per 1000 persons),2016,112.7,e,https://ec.europa.eu/eurostat/api/dissemination/statistics/1.0/data/urb_ceduc?lang=EN&cities=CH002C&sinceTimePeriod=2015,False
ghsl_1689,Zurich,CH002C,Zurich (greater city),urb_ceduc,TE1026I,Share of students in higher education in the total population (per 1000 persons),2017,112.0,e,https://ec.europa.eu/eurostat/api/dissemination/statistics/1.0/data/urb_ceduc?lang=EN&cities=CH002C&sinceTimePeriod=2015,False
ghsl_1689,Zurich,CH002C,Zurich (greater city),urb_ceduc,TE1026I,Share of students in higher education in the total population (per 1000 persons),2018,118.1,e,https://ec.europa.eu/eurostat/api/dissemination/statistics/1.0/data/urb_ceduc?lang=EN&cities=CH002C&sinceTimePeriod=2015,False
ghsl_1689,Zurich,CH002C,Zurich (greater city),urb_ceduc,TE1026I,Share of students in higher education in the total population (per 1000 persons),2019,118.5,e,https://ec.europa.eu/eurostat/api/dissemination/statistics/1.0/data/urb_ceduc?lang=EN&cities=CH002C&sinceTimePeriod=2015,False
ghsl_1689,Zurich,CH002C,Zurich (greater city),urb_ceduc,TE1026I,Share of students in higher education in the total population (per 1000 persons),2020,104.7,e,https://ec.europa.eu/eurostat/api/dissemination/statistics/1.0/data/urb_ceduc?lang=EN&cities=CH002C&sinceTimePeriod=2015,False
ghsl_1689,Zurich,CH002C,Zurich (greater city),urb_ceduc,TE1026I,Share of students in higher education in the total population (per 1000 persons),2021,108.1,e,https://ec.europa.eu/eurostat/api/dissemination/statistics/1.0/data/urb_ceduc?lang=EN&cities=CH002C&sinceTimePeriod=2015,False
ghsl_1689,Zurich,CH002C,Zurich (greater city),urb_ceduc,TE1026I,Share of students in higher education in the total population (per 1000 persons),2022,109.1,e,https://ec.europa.eu/eurostat/api/dissemination/statistics/1.0/data/urb_ceduc?lang=EN&cities=CH002C&sinceTimePeriod=2015,False
ghsl_1689,Zurich,CH002C,Zurich (greater city),urb_ceduc,TE1026I,Share of students in higher education in the total population (per 1000 persons),2023,112.6,e,https://ec.europa.eu/eurostat/api/dissemination/statistics/1.0/data/urb_ceduc?lang=EN&cities=CH002C&sinceTimePeriod=2015,False
ghsl_1689,Zurich,CH002C,Zurich (greater city),urb_ceduc,TE1026I,Share of students in higher education in the total population (per 1000 persons),2024,105.3,e,https://ec.europa.eu/eurostat/api/dissemination/statistics/1.0/data/urb_ceduc?lang=EN&cities=CH002C&sinceTimePeriod=2015,False
ghsl_1689,Zurich,CH002C,Zurich (greater city),urb_ceduc,TE1026V,"Students in higher education (ISCED level 5-8 from 2014 onwards), total",2015,73232.1,e,https://ec.europa.eu/eurostat/api/dissemination/statistics/1.0/data/urb_ceduc?lang=EN&cities=CH002C&sinceTimePeriod=2015,False
ghsl_1689,Zurich,CH002C,Zurich (greater city),urb_ceduc,TE1026V,"Students in higher education (ISCED level 5-8 from 2014 onwards), total",2016,74166.5,e,https://ec.europa.eu/eurostat/api/dissemination/statistics/1.0/data/urb_ceduc?lang=EN&cities=CH002C&sinceTimePeriod=2015,False
ghsl_1689,Zurich,CH002C,Zurich (greater city),urb_ceduc,TE1026V,"Students in higher education (ISCED level 5-8 from 2014 onwards), total",2017,74831.5,e,https://ec.europa.eu/eurostat/api/dissemination/statistics/1.0/data/urb_ceduc?lang=EN&cities=CH002C&sinceTimePeriod=2015,False
ghsl_1689,Zurich,CH002C,Zurich (greater city),urb_ceduc,TE1026V,"Students in higher education (ISCED level 5-8 from 2014 onwards), total",2018,79976.0,e,https://ec.europa.eu/eurostat/api/dissemination/statistics/1.0/data/urb_ceduc?lang=EN&cities=CH002C&sinceTimePeriod=2015,False
ghsl_1689,Zurich,CH002C,Zurich (greater city),urb_ceduc,TE1026V,"Students in higher education (ISCED level 5-8 from 2014 onwards), total",2019,81324.0,e,https://ec.europa.eu/eurostat/api/dissemination/statistics/1.0/data/urb_ceduc?lang=EN&cities=CH002C&sinceTimePeriod=2015,False
ghsl_1689,Zurich,CH002C,Zurich (greater city),urb_ceduc,TE1026V,"Students in higher education (ISCED level 5-8 from 2014 onwards), total",2020,72787.3,e,https://ec.europa.eu/eurostat/api/dissemination/statistics/1.0/data/urb_ceduc?lang=EN&cities=CH002C&sinceTimePeriod=2015,False
ghsl_1689,Zurich,CH002C,Zurich (greater city),urb_ceduc,TE1026V,"Students in higher education (ISCED level 5-8 from 2014 onwards), total",2021,75792.1,e,https://ec.europa.eu/eurostat/api/dissemination/statistics/1.0/data/urb_ceduc?lang=EN&cities=CH002C&sinceTimePeriod=2015,False
ghsl_1689,Zurich,CH002C,Zurich (greater city),urb_ceduc,TE1026V,"Students in higher education (ISCED level 5-8 from 2014 onwards), total",2022,76873.1,e,https://ec.europa.eu/eurostat/api/dissemination/statistics/1.0/data/urb_ceduc?lang=EN&cities=CH002C&sinceTimePeriod=2015,False
ghsl_1689,Zurich,CH002C,Zurich (greater city),urb_ceduc,TE1026V,"Students in higher education (ISCED level 5-8 from 2014 onwards), total",2023,80029.7,e,https://ec.europa.eu/eurostat/api/dissemination/statistics/1.0/data/urb_ceduc?lang=EN&cities=CH002C&sinceTimePeriod=2015,False
ghsl_1689,Zurich,CH002C,Zurich (greater city),urb_ceduc,TE1026V,"Students in higher education (ISCED level 5-8 from 2014 onwards), total",2024,75924.2,e,https://ec.europa.eu/eurostat/api/dissemination/statistics/1.0/data/urb_ceduc?lang=EN&cities=CH002C&sinceTimePeriod=2015,False
ghsl_1689,Zurich,CH002C,Zurich (greater city),urb_ceduc,TE1027V,"Students in higher education (ISCED level 5-8 from 2014 onwards), male",2015,38066.5,e,https://ec.europa.eu/eurostat/api/dissemination/statistics/1.0/data/urb_ceduc?lang=EN&cities=CH002C&sinceTimePeriod=2015,False
ghsl_1689,Zurich,CH002C,Zurich (greater city),urb_ceduc,TE1027V,"Students in higher education (ISCED level 5-8 from 2014 onwards), male",2016,37819.6,e,https://ec.europa.eu/eurostat/api/dissemination/statistics/1.0/data/urb_ceduc?lang=EN&cities=CH002C&sinceTimePeriod=2015,False
ghsl_1689,Zurich,CH002C,Zurich (greater city),urb_ceduc,TE1027V,"Students in higher education (ISCED level 5-8 from 2014 onwards), male",2017,38102.5,e,https://ec.europa.eu/eurostat/api/dissemination/statistics/1.0/data/urb_ceduc?lang=EN&cities=CH002C&sinceTimePeriod=2015,False
ghsl_1689,Zurich,CH002C,Zurich (greater city),urb_ceduc,TE1027V,"Students in higher education (ISCED level 5-8 from 2014 onwards), male",2018,40909.6,e,https://ec.europa.eu/eurostat/api/dissemination/statistics/1.0/data/urb_ceduc?lang=EN&cities=CH002C&sinceTimePeriod=2015,False
ghsl_1689,Zurich,CH002C,Zurich (greater city),urb_ceduc,TE1027V,"Students in higher education (ISCED level 5-8 from 2014 onwards), male",2019,40157.9,e,https://ec.europa.eu/eurostat/api/dissemination/statistics/1.0/data/urb_ceduc?lang=EN&cities=CH002C&sinceTimePeriod=2015,False
ghsl_1689,Zurich,CH002C,Zurich (greater city),urb_ceduc,TE1027V,"Students in higher education (ISCED level 5-8 from 2014 onwards), male",2020,36900.2,e,https://ec.europa.eu/eurostat/api/dissemination/statistics/1.0/data/urb_ceduc?lang=EN&cities=CH002C&sinceTimePeriod=2015,False
ghsl_1689,Zurich,CH002C,Zurich (greater city),urb_ceduc,TE1027V,"Students in higher education (ISCED level 5-8 from 2014 onwards), male",2021,37849.8,e,https://ec.europa.eu/eurostat/api/dissemination/statistics/1.0/data/urb_ceduc?lang=EN&cities=CH002C&sinceTimePeriod=2015,False
ghsl_1689,Zurich,CH002C,Zurich (greater city),urb_ceduc,TE1027V,"Students in higher education (ISCED level 5-8 from 2014 onwards), male",2022,38680.1,e,https://ec.europa.eu/eurostat/api/dissemination/statistics/1.0/data/urb_ceduc?lang=EN&cities=CH002C&sinceTimePeriod=2015,False
ghsl_1689,Zurich,CH002C,Zurich (greater city),urb_ceduc,TE1027V,"Students in higher education (ISCED level 5-8 from 2014 onwards), male",2023,38083.8,e,https://ec.europa.eu/eurostat/api/dissemination/statistics/1.0/data/urb_ceduc?lang=EN&cities=CH002C&sinceTimePeriod=2015,False
ghsl_1689,Zurich,CH002C,Zurich (greater city),urb_ceduc,TE1027V,"Students in higher education (ISCED level 5-8 from 2014 onwards), male",2024,36899.4,e,https://ec.europa.eu/eurostat/api/dissemination/statistics/1.0/data/urb_ceduc?lang=EN&cities=CH002C&sinceTimePeriod=2015,False
ghsl_1689,Zurich,CH002C,Zurich (greater city),urb_ceduc,TE1028V,"Students in higher education (ISCED level 5-8 from 2014 onwards), female",2015,35165.6,e,https://ec.europa.eu/eurostat/api/dissemination/statistics/1.0/data/urb_ceduc?lang=EN&cities=CH002C&sinceTimePeriod=2015,False
ghsl_1689,Zurich,CH002C,Zurich (greater city),urb_ceduc,TE1028V,"Students in higher education (ISCED level 5-8 from 2014 onwards), female",2016,36346.9,e,https://ec.europa.eu/eurostat/api/dissemination/statistics/1.0/data/urb_ceduc?lang=EN&cities=CH002C&sinceTimePeriod=2015,False
ghsl_1689,Zurich,CH002C,Zurich (greater city),urb_ceduc,TE1028V,"Students in higher education (ISCED level 5-8 from 2014 onwards), female",2017,36729.0,e,https://ec.europa.eu/eurostat/api/dissemination/statistics/1.0/data/urb_ceduc?lang=EN&cities=CH002C&sinceTimePeriod=2015,False
ghsl_1689,Zurich,CH002C,Zurich (greater city),urb_ceduc,TE1028V,"Students in higher education (ISCED level 5-8 from 2014 onwards), female",2018,39066.4,e,https://ec.europa.eu/eurostat/api/dissemination/statistics/1.0/data/urb_ceduc?lang=EN&cities=CH002C&sinceTimePeriod=2015,False
ghsl_1689,Zurich,CH002C,Zurich (greater city),urb_ceduc,TE1028V,"Students in higher education (ISCED level 5-8 from 2014 onwards), female",2019,41166.1,e,https://ec.europa.eu/eurostat/api/dissemination/statistics/1.0/data/urb_ceduc?lang=EN&cities=CH002C&sinceTimePeriod=2015,False
ghsl_1689,Zurich,CH002C,Zurich (greater city),urb_ceduc,TE1028V,"Students in higher education (ISCED level 5-8 from 2014 onwards), female",2020,35887.1,e,https://ec.europa.eu/eurostat/api/dissemination/statistics/1.0/data/urb_ceduc?lang=EN&cities=CH002C&sinceTimePeriod=2015,False
ghsl_1689,Zurich,CH002C,Zurich (greater city),urb_ceduc,TE1028V,"Students in higher education (ISCED level 5-8 from 2014 onwards), female",2021,37942.3,e,https://ec.europa.eu/eurostat/api/dissemination/statistics/1.0/data/urb_ceduc?lang=EN&cities=CH002C&sinceTimePeriod=2015,False
ghsl_1689,Zurich,CH002C,Zurich (greater city),urb_ceduc,TE1028V,"Students in higher education (ISCED level 5-8 from 2014 onwards), female",2022,38193.0,e,https://ec.europa.eu/eurostat/api/dissemination/statistics/1.0/data/urb_ceduc?lang=EN&cities=CH002C&sinceTimePeriod=2015,False
ghsl_1689,Zurich,CH002C,Zurich (greater city),urb_ceduc,TE1028V,"Students in higher education (ISCED level 5-8 from 2014 onwards), female",2023,41945.9,e,https://ec.europa.eu/eurostat/api/dissemination/statistics/1.0/data/urb_ceduc?lang=EN&cities=CH002C&sinceTimePeriod=2015,False
ghsl_1689,Zurich,CH002C,Zurich (greater city),urb_ceduc,TE1028V,"Students in higher education (ISCED level 5-8 from 2014 onwards), female",2024,39024.8,e,https://ec.europa.eu/eurostat/api/dissemination/statistics/1.0/data/urb_ceduc?lang=EN&cities=CH002C&sinceTimePeriod=2015,False
ghsl_1689,Zurich,CH002C,Zurich (greater city),urb_ceduc,TE1039V,"Share of early leavers from education and training, total -%",2016,7.4,e,https://ec.europa.eu/eurostat/api/dissemination/statistics/1.0/data/urb_ceduc?lang=EN&cities=CH002C&sinceTimePeriod=2015,False
ghsl_1689,Zurich,CH002C,Zurich (greater city),urb_ceduc,TE1039V,"Share of early leavers from education and training, total -%",2017,7.1,e,https://ec.europa.eu/eurostat/api/dissemination/statistics/1.0/data/urb_ceduc?lang=EN&cities=CH002C&sinceTimePeriod=2015,False
ghsl_1689,Zurich,CH002C,Zurich (greater city),urb_ceduc,TE1039V,"Share of early leavers from education and training, total -%",2018,7.4,e,https://ec.europa.eu/eurostat/api/dissemination/statistics/1.0/data/urb_ceduc?lang=EN&cities=CH002C&sinceTimePeriod=2015,False
ghsl_1689,Zurich,CH002C,Zurich (greater city),urb_ceduc,TE1039V,"Share of early leavers from education and training, total -%",2019,7.4,e,https://ec.europa.eu/eurostat/api/dissemination/statistics/1.0/data/urb_ceduc?lang=EN&cities=CH002C&sinceTimePeriod=2015,False
ghsl_1689,Zurich,CH002C,Zurich (greater city),urb_ceduc,TE1039V,"Share of early leavers from education and training, total -%",2020,7.3,e,https://ec.europa.eu/eurostat/api/dissemination/statistics/1.0/data/urb_ceduc?lang=EN&cities=CH002C&sinceTimePeriod=2015,False
ghsl_1689,Zurich,CH002C,Zurich (greater city),urb_ceduc,TE2025V,"Persons (aged 25-64) with ISCED level 0, 1or 2 as the highest level of education",2015,58265.8,e,https://ec.europa.eu/eurostat/api/dissemination/statistics/1.0/data/urb_ceduc?lang=EN&cities=CH002C&sinceTimePeriod=2015,False
ghsl_1689,Zurich,CH002C,Zurich (greater city),urb_ceduc,TE2025V,"Persons (aged 25-64) with ISCED level 0, 1or 2 as the highest level of education",2016,58797.1,e,https://ec.europa.eu/eurostat/api/dissemination/statistics/1.0/data/urb_ceduc?lang=EN&cities=CH002C&sinceTimePeriod=2015,False
ghsl_1689,Zurich,CH002C,Zurich (greater city),urb_ceduc,TE2025V,"Persons (aged 25-64) with ISCED level 0, 1or 2 as the highest level of education",2017,58803.4,e,https://ec.europa.eu/eurostat/api/dissemination/statistics/1.0/data/urb_ceduc?lang=EN&cities=CH002C&sinceTimePeriod=2015,False
ghsl_1689,Zurich,CH002C,Zurich (greater city),urb_ceduc,TE2025V,"Persons (aged 25-64) with ISCED level 0, 1or 2 as the highest level of education",2018,56257.4,e,https://ec.europa.eu/eurostat/api/dissemination/statistics/1.0/data/urb_ceduc?lang=EN&cities=CH002C&sinceTimePeriod=2015,False
ghsl_1689,Zurich,CH002C,Zurich (greater city),urb_ceduc,TE2025V,"Persons (aged 25-64) with ISCED level 0, 1or 2 as the highest level of education",2019,53268.1,e,https://ec.europa.eu/eurostat/api/dissemination/statistics/1.0/data/urb_ceduc?lang=EN&cities=CH002C&sinceTimePeriod=2015,False
ghsl_1689,Zurich,CH002C,Zurich (greater city),urb_ceduc,TE2025V,"Persons (aged 25-64) with ISCED level 0, 1or 2 as the highest level of education",2020,50106.7,e,https://ec.europa.eu/eurostat/api/dissemination/statistics/1.0/data/urb_ceduc?lang=EN&cities=CH002C&sinceTimePeriod=2015,False
ghsl_1689,Zurich,CH002C,Zurich (greater city),urb_ceduc,TE2025V,"Persons (aged 25-64) with ISCED level 0, 1or 2 as the highest level of education",2021,51987.2,e,https://ec.europa.eu/eurostat/api/dissemination/statistics/1.0/data/urb_ceduc?lang=EN&cities=CH002C&sinceTimePeriod=2015,False
ghsl_1689,Zurich,CH002C,Zurich (greater city),urb_ceduc,TE2025V,"Persons (aged 25-64) with ISCED level 0, 1or 2 as the highest level of education",2022,53636.4,e,https://ec.europa.eu/eurostat/api/dissemination/statistics/1.0/data/urb_ceduc?lang=EN&cities=CH002C&sinceTimePeriod=2015,False
ghsl_1689,Zurich,CH002C,Zurich (greater city),urb_ceduc,TE2025V,"Persons (aged 25-64) with ISCED level 0, 1or 2 as the highest level of education",2023,50634.1,e,https://ec.europa.eu/eurostat/api/dissemination/statistics/1.0/data/urb_ceduc?lang=EN&cities=CH002C&sinceTimePeriod=2015,False
ghsl_1689,Zurich,CH002C,Zurich (greater city),urb_ceduc,TE2025V,"Persons (aged 25-64) with ISCED level 0, 1or 2 as the highest level of education",2024,50333.0,e,https://ec.europa.eu/eurostat/api/dissemination/statistics/1.0/data/urb_ceduc?lang=EN&cities=CH002C&sinceTimePeriod=2015,False
ghsl_1689,Zurich,CH002C,Zurich (greater city),urb_ceduc,TE2028I,Proportion of working age population qualified at level 3 or 4 ISCED,2015,34.5,e,https://ec.europa.eu/eurostat/api/dissemination/statistics/1.0/data/urb_ceduc?lang=EN&cities=CH002C&sinceTimePeriod=2015,False
ghsl_1689,Zurich,CH002C,Zurich (greater city),urb_ceduc,TE2028I,Proportion of working age population qualified at level 3 or 4 ISCED,2016,33.2,e,https://ec.europa.eu/eurostat/api/dissemination/statistics/1.0/data/urb_ceduc?lang=EN&cities=CH002C&sinceTimePeriod=2015,False
ghsl_1689,Zurich,CH002C,Zurich (greater city),urb_ceduc,TE2028I,Proportion of working age population qualified at level 3 or 4 ISCED,2017,32.1,e,https://ec.europa.eu/eurostat/api/dissemination/statistics/1.0/data/urb_ceduc?lang=EN&cities=CH002C&sinceTimePeriod=2015,False
ghsl_1689,Zurich,CH002C,Zurich (greater city),urb_ceduc,TE2028I,Proportion of working age population qualified at level 3 or 4 ISCED,2018,30.9,e,https://ec.europa.eu/eurostat/api/dissemination/statistics/1.0/data/urb_ceduc?lang=EN&cities=CH002C&sinceTimePeriod=2015,False
ghsl_1689,Zurich,CH002C,Zurich (greater city),urb_ceduc,TE2028I,Proportion of working age population qualified at level 3 or 4 ISCED,2019,32.3,e,https://ec.europa.eu/eurostat/api/dissemination/statistics/1.0/data/urb_ceduc?lang=EN&cities=CH002C&sinceTimePeriod=2015,False
ghsl_1689,Zurich,CH002C,Zurich (greater city),urb_ceduc,TE2028I,Proportion of working age population qualified at level 3 or 4 ISCED,2020,30.8,e,https://ec.europa.eu/eurostat/api/dissemination/statistics/1.0/data/urb_ceduc?lang=EN&cities=CH002C&sinceTimePeriod=2015,False
ghsl_1689,Zurich,CH002C,Zurich (greater city),urb_ceduc,TE2028I,Proportion of working age population qualified at level 3 or 4 ISCED,2021,26.9,e,https://ec.europa.eu/eurostat/api/dissemination/statistics/1.0/data/urb_ceduc?lang=EN&cities=CH002C&sinceTimePeriod=2015,False
ghsl_1689,Zurich,CH002C,Zurich (greater city),urb_ceduc,TE2028V,Persons (aged 25-64) with ISCED level 3 or 4 as the highest level of education,2015,130243.3,e,https://ec.europa.eu/eurostat/api/dissemination/statistics/1.0/data/urb_ceduc?lang=EN&cities=CH002C&sinceTimePeriod=2015,False
ghsl_1689,Zurich,CH002C,Zurich (greater city),urb_ceduc,TE2028V,Persons (aged 25-64) with ISCED level 3 or 4 as the highest level of education,2016,129701.0,e,https://ec.europa.eu/eurostat/api/dissemination/statistics/1.0/data/urb_ceduc?lang=EN&cities=CH002C&sinceTimePeriod=2015,False
ghsl_1689,Zurich,CH002C,Zurich (greater city),urb_ceduc,TE2028V,Persons (aged 25-64) with ISCED level 3 or 4 as the highest level of education,2017,128623.1,e,https://ec.europa.eu/eurostat/api/dissemination/statistics/1.0/data/urb_ceduc?lang=EN&cities=CH002C&sinceTimePeriod=2015,False
ghsl_1689,Zurich,CH002C,Zurich (greater city),urb_ceduc,TE2028V,Persons (aged 25-64) with ISCED level 3 or 4 as the highest level of education,2018,124381.6,e,https://ec.europa.eu/eurostat/api/dissemination/statistics/1.0/data/urb_ceduc?lang=EN&cities=CH002C&sinceTimePeriod=2015,False
ghsl_1689,Zurich,CH002C,Zurich (greater city),urb_ceduc,TE2028V,Persons (aged 25-64) with ISCED level 3 or 4 as the highest level of education,2019,133145.3,e,https://ec.europa.eu/eurostat/api/dissemination/statistics/1.0/data/urb_ceduc?lang=EN&cities=CH002C&sinceTimePeriod=2015,False
ghsl_1689,Zurich,CH002C,Zurich (greater city),urb_ceduc,TE2028V,Persons (aged 25-64) with ISCED level 3 or 4 as the highest level of education,2020,127673.4,e,https://ec.europa.eu/eurostat/api/dissemination/statistics/1.0/data/urb_ceduc?lang=EN&cities=CH002C&sinceTimePeriod=2015,False
ghsl_1689,Zurich,CH002C,Zurich (greater city),urb_ceduc,TE2028V,Persons (aged 25-64) with ISCED level 3 or 4 as the highest level of education,2021,113090.8,e,https://ec.europa.eu/eurostat/api/dissemination/statistics/1.0/data/urb_ceduc?lang=EN&cities=CH002C&sinceTimePeriod=2015,False
ghsl_1689,Zurich,CH002C,Zurich (greater city),urb_ceduc,TE2028V,Persons (aged 25-64) with ISCED level 3 or 4 as the highest level of education,2022,111495.6,e,https://ec.europa.eu/eurostat/api/dissemination/statistics/1.0/data/urb_ceduc?lang=EN&cities=CH002C&sinceTimePeriod=2015,False
ghsl_1689,Zurich,CH002C,Zurich (greater city),urb_ceduc,TE2028V,Persons (aged 25-64) with ISCED level 3 or 4 as the highest level of education,2023,109185.2,e,https://ec.europa.eu/eurostat/api/dissemination/statistics/1.0/data/urb_ceduc?lang=EN&cities=CH002C&sinceTimePeriod=2015,False
ghsl_1689,Zurich,CH002C,Zurich (greater city),urb_ceduc,TE2028V,Persons (aged 25-64) with ISCED level 3 or 4 as the highest level of education,2024,111334.4,e,https://ec.europa.eu/eurostat/api/dissemination/statistics/1.0/data/urb_ceduc?lang=EN&cities=CH002C&sinceTimePeriod=2015,False
ghsl_1689,Zurich,CH002C,Zurich (greater city),urb_ceduc,TE2031I,"Proportion of population aged 25-64 qualified at level 5 to 8 ISCED, from 2014 onwards",2015,49.8,e,https://ec.europa.eu/eurostat/api/dissemination/statistics/1.0/data/urb_ceduc?lang=EN&cities=CH002C&sinceTimePeriod=2015,False
ghsl_1689,Zurich,CH002C,Zurich (greater city),urb_ceduc,TE2031I,"Proportion of population aged 25-64 qualified at level 5 to 8 ISCED, from 2014 onwards",2016,51.8,e,https://ec.europa.eu/eurostat/api/dissemination/statistics/1.0/data/urb_ceduc?lang=EN&cities=CH002C&sinceTimePeriod=2015,False
ghsl_1689,Zurich,CH002C,Zurich (greater city),urb_ceduc,TE2031I,"Proportion of population aged 25-64 qualified at level 5 to 8 ISCED, from 2014 onwards",2017,53.2,e,https://ec.europa.eu/eurostat/api/dissemination/statistics/1.0/data/urb_ceduc?lang=EN&cities=CH002C&sinceTimePeriod=2015,False
ghsl_1689,Zurich,CH002C,Zurich (greater city),urb_ceduc,TE2031I,"Proportion of population aged 25-64 qualified at level 5 to 8 ISCED, from 2014 onwards",2018,55.1,e,https://ec.europa.eu/eurostat/api/dissemination/statistics/1.0/data/urb_ceduc?lang=EN&cities=CH002C&sinceTimePeriod=2015,False
ghsl_1689,Zurich,CH002C,Zurich (greater city),urb_ceduc,TE2031I,"Proportion of population aged 25-64 qualified at level 5 to 8 ISCED, from 2014 onwards",2019,54.7,e,https://ec.europa.eu/eurostat/api/dissemination/statistics/1.0/data/urb_ceduc?lang=EN&cities=CH002C&sinceTimePeriod=2015,False
ghsl_1689,Zurich,CH002C,Zurich (greater city),urb_ceduc,TE2031I,"Proportion of population aged 25-64 qualified at level 5 to 8 ISCED, from 2014 onwards",2020,57.1,e,https://ec.europa.eu/eurostat/api/dissemination/statistics/1.0/data/urb_ceduc?lang=EN&cities=CH002C&sinceTimePeriod=2015,False
ghsl_1689,Zurich,CH002C,Zurich (greater city),urb_ceduc,TE2031I,"Proportion of population aged 25-64 qualified at level 5 to 8 ISCED, from 2014 onwards",2021,60.8,e,https://ec.europa.eu/eurostat/api/dissemination/statistics/1.0/data/urb_ceduc?lang=EN&cities=CH002C&sinceTimePeriod=2015,False
ghsl_1689,Zurich,CH002C,Zurich (greater city),urb_ceduc,TE2031V,"Persons aged 25-64 with ISCED level 5, 6, 7 or 8 as the highest level of education, from 2014 onwards",2015,192567.5,e,https://ec.europa.eu/eurostat/api/dissemination/statistics/1.0/data/urb_ceduc?lang=EN&cities=CH002C&sinceTimePeriod=2015,False
ghsl_1689,Zurich,CH002C,Zurich (greater city),urb_ceduc,TE2031V,"Persons aged 25-64 with ISCED level 5, 6, 7 or 8 as the highest level of education, from 2014 onwards",2016,202490.6,e,https://ec.europa.eu/eurostat/api/dissemination/statistics/1.0/data/urb_ceduc?lang=EN&cities=CH002C&sinceTimePeriod=2015,False
ghsl_1689,Zurich,CH002C,Zurich (greater city),urb_ceduc,TE2031V,"Persons aged 25-64 with ISCED level 5, 6, 7 or 8 as the highest level of education, from 2014 onwards",2017,213389.1,e,https://ec.europa.eu/eurostat/api/dissemination/statistics/1.0/data/urb_ceduc?lang=EN&cities=CH002C&sinceTimePeriod=2015,False
ghsl_1689,Zurich,CH002C,Zurich (greater city),urb_ceduc,TE2031V,"Persons aged 25-64 with ISCED level 5, 6, 7 or 8 as the highest level of education, from 2014 onwards",2018,221506.1,e,https://ec.europa.eu/eurostat/api/dissemination/statistics/1.0/data/urb_ceduc?lang=EN&cities=CH002C&sinceTimePeriod=2015,False
ghsl_1689,Zurich,CH002C,Zurich (greater city),urb_ceduc,TE2031V,"Persons aged 25-64 with ISCED level 5, 6, 7 or 8 as the highest level of education, from 2014 onwards",2019,225488.5,e,https://ec.europa.eu/eurostat/api/dissemination/statistics/1.0/data/urb_ceduc?lang=EN&cities=CH002C&sinceTimePeriod=2015,False
ghsl_1689,Zurich,CH002C,Zurich (greater city),urb_ceduc,TE2031V,"Persons aged 25-64 with ISCED level 5, 6, 7 or 8 as the highest level of education, from 2014 onwards",2020,236437.4,e,https://ec.europa.eu/eurostat/api/dissemination/statistics/1.0/data/urb_ceduc?lang=EN&cities=CH002C&sinceTimePeriod=2015,False
ghsl_1689,Zurich,CH002C,Zurich (greater city),urb_ceduc,TE2031V,"Persons aged 25-64 with ISCED level 5, 6, 7 or 8 as the highest level of education, from 2014 onwards",2021,255742.5,e,https://ec.europa.eu/eurostat/api/dissemination/statistics/1.0/data/urb_ceduc?lang=EN&cities=CH002C&sinceTimePeriod=2015,False
ghsl_1689,Zurich,CH002C,Zurich (greater city),urb_ceduc,TE2031V,"Persons aged 25-64 with ISCED level 5, 6, 7 or 8 as the highest level of education, from 2014 onwards",2022,257301.7,e,https://ec.europa.eu/eurostat/api/dissemination/statistics/1.0/data/urb_ceduc?lang=EN&cities=CH002C&sinceTimePeriod=2015,False
ghsl_1689,Zurich,CH002C,Zurich (greater city),urb_ceduc,TE2031V,"Persons aged 25-64 with ISCED level 5, 6, 7 or 8 as the highest level of education, from 2014 onwards",2023,267595.7,e,https://ec.europa.eu/eurostat/api/dissemination/statistics/1.0/data/urb_ceduc?lang=EN&cities=CH002C&sinceTimePeriod=2015,False
ghsl_1689,Zurich,CH002C,Zurich (greater city),urb_ceduc,TE2031V,"Persons aged 25-64 with ISCED level 5, 6, 7 or 8 as the highest level of education, from 2014 onwards",2024,277686.3,e,https://ec.europa.eu/eurostat/api/dissemination/statistics/1.0/data/urb_ceduc?lang=EN&cities=CH002C&sinceTimePeriod=2015,False
ghsl_1689,Zurich,CH002C,Zurich (greater city),urb_clivcon,DE3001V,Private households (excluding institutional households),2015,303491.0,,https://ec.europa.eu/eurostat/api/dissemination/statistics/1.0/data/urb_clivcon?lang=EN&cities=CH002C&sinceTimePeriod=2015,False
ghsl_1689,Zurich,CH002C,Zurich (greater city),urb_clivcon,DE3001V,Private households (excluding institutional households),2016,308941.0,,https://ec.europa.eu/eurostat/api/dissemination/statistics/1.0/data/urb_clivcon?lang=EN&cities=CH002C&sinceTimePeriod=2015,False
ghsl_1689,Zurich,CH002C,Zurich (greater city),urb_clivcon,DE3001V,Private households (excluding institutional households),2017,313401.0,,https://ec.europa.eu/eurostat/api/dissemination/statistics/1.0/data/urb_clivcon?lang=EN&cities=CH002C&sinceTimePeriod=2015,False
ghsl_1689,Zurich,CH002C,Zurich (greater city),urb_clivcon,DE3001V,Private households (excluding institutional households),2018,317143.0,,https://ec.europa.eu/eurostat/api/dissemination/statistics/1.0/data/urb_clivcon?lang=EN&cities=CH002C&sinceTimePeriod=2015,False
ghsl_1689,Zurich,CH002C,Zurich (greater city),urb_clivcon,DE3001V,Private households (excluding institutional households),2019,322285.0,,https://ec.europa.eu/eurostat/api/dissemination/statistics/1.0/data/urb_clivcon?lang=EN&cities=CH002C&sinceTimePeriod=2015,False
ghsl_1689,Zurich,CH002C,Zurich (greater city),urb_clivcon,DE3001V,Private households (excluding institutional households),2020,327464.0,,https://ec.europa.eu/eurostat/api/dissemination/statistics/1.0/data/urb_clivcon?lang=EN&cities=CH002C&sinceTimePeriod=2015,False
ghsl_1689,Zurich,CH002C,Zurich (greater city),urb_clivcon,DE3001V,Private households (excluding institutional households),2021,331246.0,,https://ec.europa.eu/eurostat/api/dissemination/statistics/1.0/data/urb_clivcon?lang=EN&cities=CH002C&sinceTimePeriod=2015,False
ghsl_1689,Zurich,CH002C,Zurich (greater city),urb_clivcon,DE3001V,Private households (excluding institutional households),2022,333967.0,,https://ec.europa.eu/eurostat/api/dissemination/statistics/1.0/data/urb_clivcon?lang=EN&cities=CH002C&sinceTimePeriod=2015,False
ghsl_1689,Zurich,CH002C,Zurich (greater city),urb_clivcon,DE3001V,Private households (excluding institutional households),2023,336824.0,,https://ec.europa.eu/eurostat/api/dissemination/statistics/1.0/data/urb_clivcon?lang=EN&cities=CH002C&sinceTimePeriod=2015,False
ghsl_1689,Zurich,CH002C,Zurich (greater city),urb_clivcon,DE3001V,Private households (excluding institutional households),2024,339560.0,,https://ec.europa.eu/eurostat/api/dissemination/statistics/1.0/data/urb_clivcon?lang=EN&cities=CH002C&sinceTimePeriod=2015,False
ghsl_1689,Zurich,CH002C,Zurich (greater city),urb_clivcon,DE3002I,Proportion of households that are 1-person households,2015,41.73,,https://ec.europa.eu/eurostat/api/dissemination/statistics/1.0/data/urb_clivcon?lang=EN&cities=CH002C&sinceTimePeriod=2015,False
ghsl_1689,Zurich,CH002C,Zurich (greater city),urb_clivcon,DE3002I,Proportion of households that are 1-person households,2016,41.73,,https://ec.europa.eu/eurostat/api/dissemination/statistics/1.0/data/urb_clivcon?lang=EN&cities=CH002C&sinceTimePeriod=2015,False
ghsl_1689,Zurich,CH002C,Zurich (greater city),urb_clivcon,DE3002I,Proportion of households that are 1-person households,2017,41.72,,https://ec.europa.eu/eurostat/api/dissemination/statistics/1.0/data/urb_clivcon?lang=EN&cities=CH002C&sinceTimePeriod=2015,False
ghsl_1689,Zurich,CH002C,Zurich (greater city),urb_clivcon,DE3002I,Proportion of households that are 1-person households,2018,41.58,,https://ec.europa.eu/eurostat/api/dissemination/statistics/1.0/data/urb_clivcon?lang=EN&cities=CH002C&sinceTimePeriod=2015,False
ghsl_1689,Zurich,CH002C,Zurich (greater city),urb_clivcon,DE3002I,Proportion of households that are 1-person households,2019,41.62,,https://ec.europa.eu/eurostat/api/dissemination/statistics/1.0/data/urb_clivcon?lang=EN&cities=CH002C&sinceTimePeriod=2015,False
ghsl_1689,Zurich,CH002C,Zurich (greater city),urb_clivcon,DE3002I,Proportion of households that are 1-person households,2020,41.76,,https://ec.europa.eu/eurostat/api/dissemination/statistics/1.0/data/urb_clivcon?lang=EN&cities=CH002C&sinceTimePeriod=2015,False
ghsl_1689,Zurich,CH002C,Zurich (greater city),urb_clivcon,DE3002I,Proportion of households that are 1-person households,2021,41.88,,https://ec.europa.eu/eurostat/api/dissemination/statistics/1.0/data/urb_clivcon?lang=EN&cities=CH002C&sinceTimePeriod=2015,False
ghsl_1689,Zurich,CH002C,Zurich (greater city),urb_clivcon,DE3002I,Proportion of households that are 1-person households,2022,42.25,,https://ec.europa.eu/eurostat/api/dissemination/statistics/1.0/data/urb_clivcon?lang=EN&cities=CH002C&sinceTimePeriod=2015,False
ghsl_1689,Zurich,CH002C,Zurich (greater city),urb_clivcon,DE3002I,Proportion of households that are 1-person households,2023,42.31,,https://ec.europa.eu/eurostat/api/dissemination/statistics/1.0/data/urb_clivcon?lang=EN&cities=CH002C&sinceTimePeriod=2015,False
ghsl_1689,Zurich,CH002C,Zurich (greater city),urb_clivcon,DE3002I,Proportion of households that are 1-person households,2024,41.89,,https://ec.europa.eu/eurostat/api/dissemination/statistics/1.0/data/urb_clivcon?lang=EN&cities=CH002C&sinceTimePeriod=2015,False
ghsl_1689,Zurich,CH002C,Zurich (greater city),urb_clivcon,DE3002V,One person households,2015,126636.0,,https://ec.europa.eu/eurostat/api/dissemination/statistics/1.0/data/urb_clivcon?lang=EN&cities=CH002C&sinceTimePeriod=2015,False
ghsl_1689,Zurich,CH002C,Zurich (greater city),urb_clivcon,DE3002V,One person households,2016,128935.0,,https://ec.europa.eu/eurostat/api/dissemination/statistics/1.0/data/urb_clivcon?lang=EN&cities=CH002C&sinceTimePeriod=2015,False
ghsl_1689,Zurich,CH002C,Zurich (greater city),urb_clivcon,DE3002V,One person households,2017,130742.0,,https://ec.europa.eu/eurostat/api/dissemination/statistics/1.0/data/urb_clivcon?lang=EN&cities=CH002C&sinceTimePeriod=2015,False
ghsl_1689,Zurich,CH002C,Zurich (greater city),urb_clivcon,DE3002V,One person households,2018,131859.0,,https://ec.europa.eu/eurostat/api/dissemination/statistics/1.0/data/urb_clivcon?lang=EN&cities=CH002C&sinceTimePeriod=2015,False
ghsl_1689,Zurich,CH002C,Zurich (greater city),urb_clivcon,DE3002V,One person households,2019,134137.0,,https://ec.europa.eu/eurostat/api/dissemination/statistics/1.0/data/urb_clivcon?lang=EN&cities=CH002C&sinceTimePeriod=2015,False
ghsl_1689,Zurich,CH002C,Zurich (greater city),urb_clivcon,DE3002V,One person households,2020,136750.0,,https://ec.europa.eu/eurostat/api/dissemination/statistics/1.0/data/urb_clivcon?lang=EN&cities=CH002C&sinceTimePeriod=2015,False
ghsl_1689,Zurich,CH002C,Zurich (greater city),urb_clivcon,DE3002V,One person households,2021,138712.0,,https://ec.europa.eu/eurostat/api/dissemination/statistics/1.0/data/urb_clivcon?lang=EN&cities=CH002C&sinceTimePeriod=2015,False
ghsl_1689,Zurich,CH002C,Zurich (greater city),urb_clivcon,DE3002V,One person households,2022,141093.0,,https://ec.europa.eu/eurostat/api/dissemination/statistics/1.0/data/urb_clivcon?lang=EN&cities=CH002C&sinceTimePeriod=2015,False
ghsl_1689,Zurich,CH002C,Zurich (greater city),urb_clivcon,DE3002V,One person households,2023,142504.0,,https://ec.europa.eu/eurostat/api/dissemination/statistics/1.0/data/urb_clivcon?lang=EN&cities=CH002C&sinceTimePeriod=2015,False
ghsl_1689,Zurich,CH002C,Zurich (greater city),urb_clivcon,DE3002V,One person households,2024,142244.0,,https://ec.europa.eu/eurostat/api/dissemination/statistics/1.0/data/urb_clivcon?lang=EN&cities=CH002C&sinceTimePeriod=2015,False
ghsl_1689,Zurich,CH002C,Zurich (greater city),urb_clivcon,DE3004I,Average size of households,2015,2.07,,https://ec.europa.eu/eurostat/api/dissemination/statistics/1.0/data/urb_clivcon?lang=EN&cities=CH002C&sinceTimePeriod=2015,False
ghsl_1689,Zurich,CH002C,Zurich (greater city),urb_clivcon,DE3004I,Average size of households,2016,2.07,,https://ec.europa.eu/eurostat/api/dissemination/statistics/1.0/data/urb_clivcon?lang=EN&cities=CH002C&sinceTimePeriod=2015,False
ghsl_1689,Zurich,CH002C,Zurich (greater city),urb_clivcon,DE3004I,Average size of households,2017,2.07,,https://ec.europa.eu/eurostat/api/dissemination/statistics/1.0/data/urb_clivcon?lang=EN&cities=CH002C&sinceTimePeriod=2015,False
ghsl_1689,Zurich,CH002C,Zurich (greater city),urb_clivcon,DE3004I,Average size of households,2018,2.08,,https://ec.europa.eu/eurostat/api/dissemination/statistics/1.0/data/urb_clivcon?lang=EN&cities=CH002C&sinceTimePeriod=2015,False
ghsl_1689,Zurich,CH002C,Zurich (greater city),urb_clivcon,DE3004I,Average size of households,2019,2.07,,https://ec.europa.eu/eurostat/api/dissemination/statistics/1.0/data/urb_clivcon?lang=EN&cities=CH002C&sinceTimePeriod=2015,False
ghsl_1689,Zurich,CH002C,Zurich (greater city),urb_clivcon,DE3004I,Average size of households,2020,2.07,,https://ec.europa.eu/eurostat/api/dissemination/statistics/1.0/data/urb_clivcon?lang=EN&cities=CH002C&sinceTimePeriod=2015,False
ghsl_1689,Zurich,CH002C,Zurich (greater city),urb_clivcon,DE3004I,Average size of households,2021,2.06,,https://ec.europa.eu/eurostat/api/dissemination/statistics/1.0/data/urb_clivcon?lang=EN&cities=CH002C&sinceTimePeriod=2015,False
ghsl_1689,Zurich,CH002C,Zurich (greater city),urb_clivcon,DE3004I,Average size of households,2022,2.06,,https://ec.europa.eu/eurostat/api/dissemination/statistics/1.0/data/urb_clivcon?lang=EN&cities=CH002C&sinceTimePeriod=2015,False
ghsl_1689,Zurich,CH002C,Zurich (greater city),urb_clivcon,DE3004I,Average size of households,2023,2.06,,https://ec.europa.eu/eurostat/api/dissemination/statistics/1.0/data/urb_clivcon?lang=EN&cities=CH002C&sinceTimePeriod=2015,False
ghsl_1689,Zurich,CH002C,Zurich (greater city),urb_clivcon,DE3004I,Average size of households,2024,2.07,,https://ec.europa.eu/eurostat/api/dissemination/statistics/1.0/data/urb_clivcon?lang=EN&cities=CH002C&sinceTimePeriod=2015,False
ghsl_1689,Zurich,CH002C,Zurich (greater city),urb_clivcon,DE3005I,Proportion of households that are lone-parent households,2015,2.5,,https://ec.europa.eu/eurostat/api/dissemination/statistics/1.0/data/urb_clivcon?lang=EN&cities=CH002C&sinceTimePeriod=2015,False
ghsl_1689,Zurich,CH002C,Zurich (greater city),urb_clivcon,DE3005I,Proportion of households that are lone-parent households,2016,2.54,e,https://ec.europa.eu/eurostat/api/dissemination/statistics/1.0/data/urb_clivcon?lang=EN&cities=CH002C&sinceTimePeriod=2015,False
ghsl_1689,Zurich,CH002C,Zurich (greater city),urb_clivcon,DE3005I,Proportion of households that are lone-parent households,2017,2.57,e,https://ec.europa.eu/eurostat/api/dissemination/statistics/1.0/data/urb_clivcon?lang=EN&cities=CH002C&sinceTimePeriod=2015,False
ghsl_1689,Zurich,CH002C,Zurich (greater city),urb_clivcon,DE3005I,Proportion of households that are lone-parent households,2018,2.62,e,https://ec.europa.eu/eurostat/api/dissemination/statistics/1.0/data/urb_clivcon?lang=EN&cities=CH002C&sinceTimePeriod=2015,False
ghsl_1689,Zurich,CH002C,Zurich (greater city),urb_clivcon,DE3005I,Proportion of households that are lone-parent households,2019,2.68,e,https://ec.europa.eu/eurostat/api/dissemination/statistics/1.0/data/urb_clivcon?lang=EN&cities=CH002C&sinceTimePeriod=2015,False
ghsl_1689,Zurich,CH002C,Zurich (greater city),urb_clivcon,DE3005I,Proportion of households that are lone-parent households,2020,2.71,e,https://ec.europa.eu/eurostat/api/dissemination/statistics/1.0/data/urb_clivcon?lang=EN&cities=CH002C&sinceTimePeriod=2015,False
ghsl_1689,Zurich,CH002C,Zurich (greater city),urb_clivcon,DE3005V,Lone parent private households (with children aged 0 to under 18),2016,7639.72,e,https://ec.europa.eu/eurostat/api/dissemination/statistics/1.0/data/urb_clivcon?lang=EN&cities=CH002C&sinceTimePeriod=2015,False
ghsl_1689,Zurich,CH002C,Zurich (greater city),urb_clivcon,DE3005V,Lone parent private households (with children aged 0 to under 18),2017,8031.29,e,https://ec.europa.eu/eurostat/api/dissemination/statistics/1.0/data/urb_clivcon?lang=EN&cities=CH002C&sinceTimePeriod=2015,False
ghsl_1689,Zurich,CH002C,Zurich (greater city),urb_clivcon,DE3005V,Lone parent private households (with children aged 0 to under 18),2018,8366.64,e,https://ec.europa.eu/eurostat/api/dissemination/statistics/1.0/data/urb_clivcon?lang=EN&cities=CH002C&sinceTimePeriod=2015,False
ghsl_1689,Zurich,CH002C,Zurich (greater city),urb_clivcon,DE3005V,Lone parent private households (with children aged 0 to under 18),2019,8669.24,e,https://ec.europa.eu/eurostat/api/dissemination/statistics/1.0/data/urb_clivcon?lang=EN&cities=CH002C&sinceTimePeriod=2015,False
ghsl_1689,Zurich,CH002C,Zurich (greater city),urb_clivcon,DE3005V,Lone parent private households (with children aged 0 to under 18),2020,8863.74,e,https://ec.europa.eu/eurostat/api/dissemination/statistics/1.0/data/urb_clivcon?lang=EN&cities=CH002C&sinceTimePeriod=2015,False
ghsl_1689,Zurich,CH002C,Zurich (greater city),urb_clivcon,DE3005V,Lone parent private households (with children aged 0 to under 18),2022,9292.35,e,https://ec.europa.eu/eurostat/api/dissemination/statistics/1.0/data/urb_clivcon?lang=EN&cities=CH002C&sinceTimePeriod=2015,False
ghsl_1689,Zurich,CH002C,Zurich (greater city),urb_clivcon,DE3008I,Proportion of households that are lone-pensioner households,2015,12.17,,https://ec.europa.eu/eurostat/api/dissemination/statistics/1.0/data/urb_clivcon?lang=EN&cities=CH002C&sinceTimePeriod=2015,False
ghsl_1689,Zurich,CH002C,Zurich (greater city),urb_clivcon,DE3008I,Proportion of households that are lone-pensioner households,2016,12.09,,https://ec.europa.eu/eurostat/api/dissemination/statistics/1.0/data/urb_clivcon?lang=EN&cities=CH002C&sinceTimePeriod=2015,False
ghsl_1689,Zurich,CH002C,Zurich (greater city),urb_clivcon,DE3008I,Proportion of households that are lone-pensioner households,2017,12.06,,https://ec.europa.eu/eurostat/api/dissemination/statistics/1.0/data/urb_clivcon?lang=EN&cities=CH002C&sinceTimePeriod=2015,False
ghsl_1689,Zurich,CH002C,Zurich (greater city),urb_clivcon,DE3008I,Proportion of households that are lone-pensioner households,2018,12.0,,https://ec.europa.eu/eurostat/api/dissemination/statistics/1.0/data/urb_clivcon?lang=EN&cities=CH002C&sinceTimePeriod=2015,False
ghsl_1689,Zurich,CH002C,Zurich (greater city),urb_clivcon,DE3008I,Proportion of households that are lone-pensioner households,2019,11.93,,https://ec.europa.eu/eurostat/api/dissemination/statistics/1.0/data/urb_clivcon?lang=EN&cities=CH002C&sinceTimePeriod=2015,False
ghsl_1689,Zurich,CH002C,Zurich (greater city),urb_clivcon,DE3008I,Proportion of households that are lone-pensioner households,2020,11.95,,https://ec.europa.eu/eurostat/api/dissemination/statistics/1.0/data/urb_clivcon?lang=EN&cities=CH002C&sinceTimePeriod=2015,False
ghsl_1689,Zurich,CH002C,Zurich (greater city),urb_clivcon,DE3008I,Proportion of households that are lone-pensioner households,2021,11.89,,https://ec.europa.eu/eurostat/api/dissemination/statistics/1.0/data/urb_clivcon?lang=EN&cities=CH002C&sinceTimePeriod=2015,False
ghsl_1689,Zurich,CH002C,Zurich (greater city),urb_clivcon,DE3008I,Proportion of households that are lone-pensioner households,2022,11.96,,https://ec.europa.eu/eurostat/api/dissemination/statistics/1.0/data/urb_clivcon?lang=EN&cities=CH002C&sinceTimePeriod=2015,False
ghsl_1689,Zurich,CH002C,Zurich (greater city),urb_clivcon,DE3008I,Proportion of households that are lone-pensioner households,2023,11.92,,https://ec.europa.eu/eurostat/api/dissemination/statistics/1.0/data/urb_clivcon?lang=EN&cities=CH002C&sinceTimePeriod=2015,False
ghsl_1689,Zurich,CH002C,Zurich (greater city),urb_clivcon,DE3008I,Proportion of households that are lone-pensioner households,2024,11.85,,https://ec.europa.eu/eurostat/api/dissemination/statistics/1.0/data/urb_clivcon?lang=EN&cities=CH002C&sinceTimePeriod=2015,False
ghsl_1689,Zurich,CH002C,Zurich (greater city),urb_clivcon,DE3008V,Lone pensioner (above retirement age) households,2015,36949.0,,https://ec.europa.eu/eurostat/api/dissemination/statistics/1.0/data/urb_clivcon?lang=EN&cities=CH002C&sinceTimePeriod=2015,False
ghsl_1689,Zurich,CH002C,Zurich (greater city),urb_clivcon,DE3008V,Lone pensioner (above retirement age) households,2016,37349.0,,https://ec.europa.eu/eurostat/api/dissemination/statistics/1.0/data/urb_clivcon?lang=EN&cities=CH002C&sinceTimePeriod=2015,False
ghsl_1689,Zurich,CH002C,Zurich (greater city),urb_clivcon,DE3008V,Lone pensioner (above retirement age) households,2017,37807.0,,https://ec.europa.eu/eurostat/api/dissemination/statistics/1.0/data/urb_clivcon?lang=EN&cities=CH002C&sinceTimePeriod=2015,False
ghsl_1689,Zurich,CH002C,Zurich (greater city),urb_clivcon,DE3008V,Lone pensioner (above retirement age) households,2018,38066.0,,https://ec.europa.eu/eurostat/api/dissemination/statistics/1.0/data/urb_clivcon?lang=EN&cities=CH002C&sinceTimePeriod=2015,False
ghsl_1689,Zurich,CH002C,Zurich (greater city),urb_clivcon,DE3008V,Lone pensioner (above retirement age) households,2019,38455.0,,https://ec.europa.eu/eurostat/api/dissemination/statistics/1.0/data/urb_clivcon?lang=EN&cities=CH002C&sinceTimePeriod=2015,False
ghsl_1689,Zurich,CH002C,Zurich (greater city),urb_clivcon,DE3008V,Lone pensioner (above retirement age) households,2020,39143.0,,https://ec.europa.eu/eurostat/api/dissemination/statistics/1.0/data/urb_clivcon?lang=EN&cities=CH002C&sinceTimePeriod=2015,False
ghsl_1689,Zurich,CH002C,Zurich (greater city),urb_clivcon,DE3008V,Lone pensioner (above retirement age) households,2021,39394.0,,https://ec.europa.eu/eurostat/api/dissemination/statistics/1.0/data/urb_clivcon?lang=EN&cities=CH002C&sinceTimePeriod=2015,False
ghsl_1689,Zurich,CH002C,Zurich (greater city),urb_clivcon,DE3008V,Lone pensioner (above retirement age) households,2022,39957.0,,https://ec.europa.eu/eurostat/api/dissemination/statistics/1.0/data/urb_clivcon?lang=EN&cities=CH002C&sinceTimePeriod=2015,False
ghsl_1689,Zurich,CH002C,Zurich (greater city),urb_clivcon,DE3008V,Lone pensioner (above retirement age) households,2023,40164.0,,https://ec.europa.eu/eurostat/api/dissemination/statistics/1.0/data/urb_clivcon?lang=EN&cities=CH002C&sinceTimePeriod=2015,False
ghsl_1689,Zurich,CH002C,Zurich (greater city),urb_clivcon,DE3008V,Lone pensioner (above retirement age) households,2024,40237.0,,https://ec.europa.eu/eurostat/api/dissemination/statistics/1.0/data/urb_clivcon?lang=EN&cities=CH002C&sinceTimePeriod=2015,False
ghsl_1689,Zurich,CH002C,Zurich (greater city),urb_clivcon,DE3011I,Proportion of households with children aged 0-17,2015,20.71,,https://ec.europa.eu/eurostat/api/dissemination/statistics/1.0/data/urb_clivcon?lang=EN&cities=CH002C&sinceTimePeriod=2015,False
ghsl_1689,Zurich,CH002C,Zurich (greater city),urb_clivcon,DE3011I,Proportion of households with children aged 0-17,2016,20.8,,https://ec.europa.eu/eurostat/api/dissemination/statistics/1.0/data/urb_clivcon?lang=EN&cities=CH002C&sinceTimePeriod=2015,False
ghsl_1689,Zurich,CH002C,Zurich (greater city),urb_clivcon,DE3011I,Proportion of households with children aged 0-17,2017,21.05,,https://ec.europa.eu/eurostat/api/dissemination/statistics/1.0/data/urb_clivcon?lang=EN&cities=CH002C&sinceTimePeriod=2015,False
ghsl_1689,Zurich,CH002C,Zurich (greater city),urb_clivcon,DE3011I,Proportion of households with children aged 0-17,2018,21.3,,https://ec.europa.eu/eurostat/api/dissemination/statistics/1.0/data/urb_clivcon?lang=EN&cities=CH002C&sinceTimePeriod=2015,False
ghsl_1689,Zurich,CH002C,Zurich (greater city),urb_clivcon,DE3011I,Proportion of households with children aged 0-17,2019,21.33,,https://ec.europa.eu/eurostat/api/dissemination/statistics/1.0/data/urb_clivcon?lang=EN&cities=CH002C&sinceTimePeriod=2015,False
ghsl_1689,Zurich,CH002C,Zurich (greater city),urb_clivcon,DE3011I,Proportion of households with children aged 0-17,2020,21.35,,https://ec.europa.eu/eurostat/api/dissemination/statistics/1.0/data/urb_clivcon?lang=EN&cities=CH002C&sinceTimePeriod=2015,False
ghsl_1689,Zurich,CH002C,Zurich (greater city),urb_clivcon,DE3011I,Proportion of households with children aged 0-17,2021,21.45,,https://ec.europa.eu/eurostat/api/dissemination/statistics/1.0/data/urb_clivcon?lang=EN&cities=CH002C&sinceTimePeriod=2015,False
ghsl_1689,Zurich,CH002C,Zurich (greater city),urb_clivcon,DE3011I,Proportion of households with children aged 0-17,2022,21.51,,https://ec.europa.eu/eurostat/api/dissemination/statistics/1.0/data/urb_clivcon?lang=EN&cities=CH002C&sinceTimePeriod=2015,False
ghsl_1689,Zurich,CH002C,Zurich (greater city),urb_clivcon,DE3011I,Proportion of households with children aged 0-17,2023,21.44,,https://ec.europa.eu/eurostat/api/dissemination/statistics/1.0/data/urb_clivcon?lang=EN&cities=CH002C&sinceTimePeriod=2015,False
ghsl_1689,Zurich,CH002C,Zurich (greater city),urb_clivcon,DE3011I,Proportion of households with children aged 0-17,2024,21.52,,https://ec.europa.eu/eurostat/api/dissemination/statistics/1.0/data/urb_clivcon?lang=EN&cities=CH002C&sinceTimePeriod=2015,False
ghsl_1689,Zurich,CH002C,Zurich (greater city),urb_clivcon,DE3011V,Households with children aged 0 to under 18,2015,62857.0,,https://ec.europa.eu/eurostat/api/dissemination/statistics/1.0/data/urb_clivcon?lang=EN&cities=CH002C&sinceTimePeriod=2015,False
ghsl_1689,Zurich,CH002C,Zurich (greater city),urb_clivcon,DE3011V,Households with children aged 0 to under 18,2016,64273.0,,https://ec.europa.eu/eurostat/api/dissemination/statistics/1.0/data/urb_clivcon?lang=EN&cities=CH002C&sinceTimePeriod=2015,False
ghsl_1689,Zurich,CH002C,Zurich (greater city),urb_clivcon,DE3011V,Households with children aged 0 to under 18,2017,65965.0,,https://ec.europa.eu/eurostat/api/dissemination/statistics/1.0/data/urb_clivcon?lang=EN&cities=CH002C&sinceTimePeriod=2015,False
ghsl_1689,Zurich,CH002C,Zurich (greater city),urb_clivcon,DE3011V,Households with children aged 0 to under 18,2018,67536.0,,https://ec.europa.eu/eurostat/api/dissemination/statistics/1.0/data/urb_clivcon?lang=EN&cities=CH002C&sinceTimePeriod=2015,False
ghsl_1689,Zurich,CH002C,Zurich (greater city),urb_clivcon,DE3011V,Households with children aged 0 to under 18,2019,68730.0,,https://ec.europa.eu/eurostat/api/dissemination/statistics/1.0/data/urb_clivcon?lang=EN&cities=CH002C&sinceTimePeriod=2015,False
ghsl_1689,Zurich,CH002C,Zurich (greater city),urb_clivcon,DE3011V,Households with children aged 0 to under 18,2020,69928.0,,https://ec.europa.eu/eurostat/api/dissemination/statistics/1.0/data/urb_clivcon?lang=EN&cities=CH002C&sinceTimePeriod=2015,False
ghsl_1689,Zurich,CH002C,Zurich (greater city),urb_clivcon,DE3011V,Households with children aged 0 to under 18,2021,71054.0,,https://ec.europa.eu/eurostat/api/dissemination/statistics/1.0/data/urb_clivcon?lang=EN&cities=CH002C&sinceTimePeriod=2015,False
ghsl_1689,Zurich,CH002C,Zurich (greater city),urb_clivcon,DE3011V,Households with children aged 0 to under 18,2022,71821.0,,https://ec.europa.eu/eurostat/api/dissemination/statistics/1.0/data/urb_clivcon?lang=EN&cities=CH002C&sinceTimePeriod=2015,False
ghsl_1689,Zurich,CH002C,Zurich (greater city),urb_clivcon,DE3011V,Households with children aged 0 to under 18,2023,72229.0,,https://ec.europa.eu/eurostat/api/dissemination/statistics/1.0/data/urb_clivcon?lang=EN&cities=CH002C&sinceTimePeriod=2015,False
ghsl_1689,Zurich,CH002C,Zurich (greater city),urb_clivcon,DE3011V,Households with children aged 0 to under 18,2024,73087.0,,https://ec.europa.eu/eurostat/api/dissemination/statistics/1.0/data/urb_clivcon?lang=EN&cities=CH002C&sinceTimePeriod=2015,False
ghsl_1689,Zurich,CH002C,Zurich (greater city),urb_clivcon,DE3017V,Population living in private households (excluding institutional households),2015,629054.0,,https://ec.europa.eu/eurostat/api/dissemination/statistics/1.0/data/urb_clivcon?lang=EN&cities=CH002C&sinceTimePeriod=2015,False
ghsl_1689,Zurich,CH002C,Zurich (greater city),urb_clivcon,DE3017V,Population living in private households (excluding institutional households),2016,639648.0,,https://ec.europa.eu/eurostat/api/dissemination/statistics/1.0/data/urb_clivcon?lang=EN&cities=CH002C&sinceTimePeriod=2015,False
ghsl_1689,Zurich,CH002C,Zurich (greater city),urb_clivcon,DE3017V,Population living in private households (excluding institutional households),2017,649012.0,,https://ec.europa.eu/eurostat/api/dissemination/statistics/1.0/data/urb_clivcon?lang=EN&cities=CH002C&sinceTimePeriod=2015,False
ghsl_1689,Zurich,CH002C,Zurich (greater city),urb_clivcon,DE3017V,Population living in private households (excluding institutional households),2018,658516.0,,https://ec.europa.eu/eurostat/api/dissemination/statistics/1.0/data/urb_clivcon?lang=EN&cities=CH002C&sinceTimePeriod=2015,False
ghsl_1689,Zurich,CH002C,Zurich (greater city),urb_clivcon,DE3017V,Population living in private households (excluding institutional households),2019,668562.0,,https://ec.europa.eu/eurostat/api/dissemination/statistics/1.0/data/urb_clivcon?lang=EN&cities=CH002C&sinceTimePeriod=2015,False
ghsl_1689,Zurich,CH002C,Zurich (greater city),urb_clivcon,DE3017V,Population living in private households (excluding institutional households),2020,677185.0,,https://ec.europa.eu/eurostat/api/dissemination/statistics/1.0/data/urb_clivcon?lang=EN&cities=CH002C&sinceTimePeriod=2015,False
ghsl_1689,Zurich,CH002C,Zurich (greater city),urb_clivcon,DE3017V,Population living in private households (excluding institutional households),2021,683715.0,,https://ec.europa.eu/eurostat/api/dissemination/statistics/1.0/data/urb_clivcon?lang=EN&cities=CH002C&sinceTimePeriod=2015,False
ghsl_1689,Zurich,CH002C,Zurich (greater city),urb_clivcon,DE3017V,Population living in private households (excluding institutional households),2022,687670.0,,https://ec.europa.eu/eurostat/api/dissemination/statistics/1.0/data/urb_clivcon?lang=EN&cities=CH002C&sinceTimePeriod=2015,False
ghsl_1689,Zurich,CH002C,Zurich (greater city),urb_clivcon,DE3017V,Population living in private households (excluding institutional households),2023,694134.0,,https://ec.europa.eu/eurostat/api/dissemination/statistics/1.0/data/urb_clivcon?lang=EN&cities=CH002C&sinceTimePeriod=2015,False
ghsl_1689,Zurich,CH002C,Zurich (greater city),urb_clivcon,DE3017V,Population living in private households (excluding institutional households),2024,703247.0,,https://ec.europa.eu/eurostat/api/dissemination/statistics/1.0/data/urb_clivcon?lang=EN&cities=CH002C&sinceTimePeriod=2015,False
ghsl_1689,Zurich,CH002C,Zurich (greater city),urb_clivcon,SA1001V,Number of conventional dwellings,2015,341119.0,,https://ec.europa.eu/eurostat/api/dissemination/statistics/1.0/data/urb_clivcon?lang=EN&cities=CH002C&sinceTimePeriod=2015,False
ghsl_1689,Zurich,CH002C,Zurich (greater city),urb_clivcon,SA1001V,Number of conventional dwellings,2016,346595.0,,https://ec.europa.eu/eurostat/api/dissemination/statistics/1.0/data/urb_clivcon?lang=EN&cities=CH002C&sinceTimePeriod=2015,False
ghsl_1689,Zurich,CH002C,Zurich (greater city),urb_clivcon,SA1001V,Number of conventional dwellings,2017,350376.0,,https://ec.europa.eu/eurostat/api/dissemination/statistics/1.0/data/urb_clivcon?lang=EN&cities=CH002C&sinceTimePeriod=2015,False
ghsl_1689,Zurich,CH002C,Zurich (greater city),urb_clivcon,SA1001V,Number of conventional dwellings,2018,353092.0,,https://ec.europa.eu/eurostat/api/dissemination/statistics/1.0/data/urb_clivcon?lang=EN&cities=CH002C&sinceTimePeriod=2015,False
ghsl_1689,Zurich,CH002C,Zurich (greater city),urb_clivcon,SA1001V,Number of conventional dwellings,2019,357697.0,,https://ec.europa.eu/eurostat/api/dissemination/statistics/1.0/data/urb_clivcon?lang=EN&cities=CH002C&sinceTimePeriod=2015,False
ghsl_1689,Zurich,CH002C,Zurich (greater city),urb_clivcon,SA1001V,Number of conventional dwellings,2020,361682.0,,https://ec.europa.eu/eurostat/api/dissemination/statistics/1.0/data/urb_clivcon?lang=EN&cities=CH002C&sinceTimePeriod=2015,False
ghsl_1689,Zurich,CH002C,Zurich (greater city),urb_clivcon,SA1001V,Number of conventional dwellings,2021,365381.0,,https://ec.europa.eu/eurostat/api/dissemination/statistics/1.0/data/urb_clivcon?lang=EN&cities=CH002C&sinceTimePeriod=2015,False
ghsl_1689,Zurich,CH002C,Zurich (greater city),urb_clivcon,SA1001V,Number of conventional dwellings,2022,367715.0,,https://ec.europa.eu/eurostat/api/dissemination/statistics/1.0/data/urb_clivcon?lang=EN&cities=CH002C&sinceTimePeriod=2015,False
ghsl_1689,Zurich,CH002C,Zurich (greater city),urb_clivcon,SA1001V,Number of conventional dwellings,2023,370984.0,,https://ec.europa.eu/eurostat/api/dissemination/statistics/1.0/data/urb_clivcon?lang=EN&cities=CH002C&sinceTimePeriod=2015,False
ghsl_1689,Zurich,CH002C,Zurich (greater city),urb_clivcon,SA1001V,Number of conventional dwellings,2024,374486.0,,https://ec.europa.eu/eurostat/api/dissemination/statistics/1.0/data/urb_clivcon?lang=EN&cities=CH002C&sinceTimePeriod=2015,False
ghsl_1689,Zurich,CH002C,Zurich (greater city),urb_clivcon,SA1004V,Number of houses,2015,26052.0,,https://ec.europa.eu/eurostat/api/dissemination/statistics/1.0/data/urb_clivcon?lang=EN&cities=CH002C&sinceTimePeriod=2015,False
ghsl_1689,Zurich,CH002C,Zurich (greater city),urb_clivcon,SA1004V,Number of houses,2016,26081.0,,https://ec.europa.eu/eurostat/api/dissemination/statistics/1.0/data/urb_clivcon?lang=EN&cities=CH002C&sinceTimePeriod=2015,False
ghsl_1689,Zurich,CH002C,Zurich (greater city),urb_clivcon,SA1004V,Number of houses,2017,25925.0,,https://ec.europa.eu/eurostat/api/dissemination/statistics/1.0/data/urb_clivcon?lang=EN&cities=CH002C&sinceTimePeriod=2015,False
ghsl_1689,Zurich,CH002C,Zurich (greater city),urb_clivcon,SA1004V,Number of houses,2018,25906.0,,https://ec.europa.eu/eurostat/api/dissemination/statistics/1.0/data/urb_clivcon?lang=EN&cities=CH002C&sinceTimePeriod=2015,False
ghsl_1689,Zurich,CH002C,Zurich (greater city),urb_clivcon,SA1004V,Number of houses,2019,25887.0,,https://ec.europa.eu/eurostat/api/dissemination/statistics/1.0/data/urb_clivcon?lang=EN&cities=CH002C&sinceTimePeriod=2015,False
ghsl_1689,Zurich,CH002C,Zurich (greater city),urb_clivcon,SA1004V,Number of houses,2020,25813.0,,https://ec.europa.eu/eurostat/api/dissemination/statistics/1.0/data/urb_clivcon?lang=EN&cities=CH002C&sinceTimePeriod=2015,False
ghsl_1689,Zurich,CH002C,Zurich (greater city),urb_clivcon,SA1004V,Number of houses,2021,25799.0,,https://ec.europa.eu/eurostat/api/dissemination/statistics/1.0/data/urb_clivcon?lang=EN&cities=CH002C&sinceTimePeriod=2015,False
ghsl_1689,Zurich,CH002C,Zurich (greater city),urb_clivcon,SA1004V,Number of houses,2022,25858.0,,https://ec.europa.eu/eurostat/api/dissemination/statistics/1.0/data/urb_clivcon?lang=EN&cities=CH002C&sinceTimePeriod=2015,False
ghsl_1689,Zurich,CH002C,Zurich (greater city),urb_clivcon,SA1004V,Number of houses,2023,25839.0,,https://ec.europa.eu/eurostat/api/dissemination/statistics/1.0/data/urb_clivcon?lang=EN&cities=CH002C&sinceTimePeriod=2015,False
ghsl_1689,Zurich,CH002C,Zurich (greater city),urb_clivcon,SA1004V,Number of houses,2024,25729.0,,https://ec.europa.eu/eurostat/api/dissemination/statistics/1.0/data/urb_clivcon?lang=EN&cities=CH002C&sinceTimePeriod=2015,False
ghsl_1689,Zurich,CH002C,Zurich (greater city),urb_clivcon,SA1005V,Number of apartments,2015,315067.0,,https://ec.europa.eu/eurostat/api/dissemination/statistics/1.0/data/urb_clivcon?lang=EN&cities=CH002C&sinceTimePeriod=2015,False
ghsl_1689,Zurich,CH002C,Zurich (greater city),urb_clivcon,SA1005V,Number of apartments,2016,320514.0,,https://ec.europa.eu/eurostat/api/dissemination/statistics/1.0/data/urb_clivcon?lang=EN&cities=CH002C&sinceTimePeriod=2015,False
ghsl_1689,Zurich,CH002C,Zurich (greater city),urb_clivcon,SA1005V,Number of apartments,2017,324451.0,,https://ec.europa.eu/eurostat/api/dissemination/statistics/1.0/data/urb_clivcon?lang=EN&cities=CH002C&sinceTimePeriod=2015,False
ghsl_1689,Zurich,CH002C,Zurich (greater city),urb_clivcon,SA1005V,Number of apartments,2018,327186.0,,https://ec.europa.eu/eurostat/api/dissemination/statistics/1.0/data/urb_clivcon?lang=EN&cities=CH002C&sinceTimePeriod=2015,False
ghsl_1689,Zurich,CH002C,Zurich (greater city),urb_clivcon,SA1005V,Number of apartments,2019,331810.0,,https://ec.europa.eu/eurostat/api/dissemination/statistics/1.0/data/urb_clivcon?lang=EN&cities=CH002C&sinceTimePeriod=2015,False
ghsl_1689,Zurich,CH002C,Zurich (greater city),urb_clivcon,SA1005V,Number of apartments,2020,335869.0,,https://ec.europa.eu/eurostat/api/dissemination/statistics/1.0/data/urb_clivcon?lang=EN&cities=CH002C&sinceTimePeriod=2015,False
ghsl_1689,Zurich,CH002C,Zurich (greater city),urb_clivcon,SA1005V,Number of apartments,2021,339582.0,,https://ec.europa.eu/eurostat/api/dissemination/statistics/1.0/data/urb_clivcon?lang=EN&cities=CH002C&sinceTimePeriod=2015,False
ghsl_1689,Zurich,CH002C,Zurich (greater city),urb_clivcon,SA1005V,Number of apartments,2022,341857.0,,https://ec.europa.eu/eurostat/api/dissemination/statistics/1.0/data/urb_clivcon?lang=EN&cities=CH002C&sinceTimePeriod=2015,False
ghsl_1689,Zurich,CH002C,Zurich (greater city),urb_clivcon,SA1005V,Number of apartments,2023,345145.0,,https://ec.europa.eu/eurostat/api/dissemination/statistics/1.0/data/urb_clivcon?lang=EN&cities=CH002C&sinceTimePeriod=2015,False
ghsl_1689,Zurich,CH002C,Zurich (greater city),urb_clivcon,SA1005V,Number of apartments,2024,348757.0,,https://ec.europa.eu/eurostat/api/dissemination/statistics/1.0/data/urb_clivcon?lang=EN&cities=CH002C&sinceTimePeriod=2015,False
ghsl_1689,Zurich,CH002C,Zurich (greater city),urb_clivcon,SA1007I,Proportion of households living in houses,2015,8.09,,https://ec.europa.eu/eurostat/api/dissemination/statistics/1.0/data/urb_clivcon?lang=EN&cities=CH002C&sinceTimePeriod=2015,False
ghsl_1689,Zurich,CH002C,Zurich (greater city),urb_clivcon,SA1007I,Proportion of households living in houses,2016,7.94,,https://ec.europa.eu/eurostat/api/dissemination/statistics/1.0/data/urb_clivcon?lang=EN&cities=CH002C&sinceTimePeriod=2015,False
ghsl_1689,Zurich,CH002C,Zurich (greater city),urb_clivcon,SA1007I,Proportion of households living in houses,2017,7.81,,https://ec.europa.eu/eurostat/api/dissemination/statistics/1.0/data/urb_clivcon?lang=EN&cities=CH002C&sinceTimePeriod=2015,False
ghsl_1689,Zurich,CH002C,Zurich (greater city),urb_clivcon,SA1007I,Proportion of households living in houses,2018,7.72,,https://ec.europa.eu/eurostat/api/dissemination/statistics/1.0/data/urb_clivcon?lang=EN&cities=CH002C&sinceTimePeriod=2015,False
ghsl_1689,Zurich,CH002C,Zurich (greater city),urb_clivcon,SA1007I,Proportion of households living in houses,2019,7.57,,https://ec.europa.eu/eurostat/api/dissemination/statistics/1.0/data/urb_clivcon?lang=EN&cities=CH002C&sinceTimePeriod=2015,False
ghsl_1689,Zurich,CH002C,Zurich (greater city),urb_clivcon,SA1007I,Proportion of households living in houses,2020,7.41,,https://ec.europa.eu/eurostat/api/dissemination/statistics/1.0/data/urb_clivcon?lang=EN&cities=CH002C&sinceTimePeriod=2015,False
ghsl_1689,Zurich,CH002C,Zurich (greater city),urb_clivcon,SA1007I,Proportion of households living in houses,2021,7.31,,https://ec.europa.eu/eurostat/api/dissemination/statistics/1.0/data/urb_clivcon?lang=EN&cities=CH002C&sinceTimePeriod=2015,False
ghsl_1689,Zurich,CH002C,Zurich (greater city),urb_clivcon,SA1007I,Proportion of households living in houses,2022,7.28,,https://ec.europa.eu/eurostat/api/dissemination/statistics/1.0/data/urb_clivcon?lang=EN&cities=CH002C&sinceTimePeriod=2015,False
ghsl_1689,Zurich,CH002C,Zurich (greater city),urb_clivcon,SA1007V,Number of households living in houses,2015,24769.0,,https://ec.europa.eu/eurostat/api/dissemination/statistics/1.0/data/urb_clivcon?lang=EN&cities=CH002C&sinceTimePeriod=2015,False
ghsl_1689,Zurich,CH002C,Zurich (greater city),urb_clivcon,SA1007V,Number of households living in houses,2016,24677.0,,https://ec.europa.eu/eurostat/api/dissemination/statistics/1.0/data/urb_clivcon?lang=EN&cities=CH002C&sinceTimePeriod=2015,False
ghsl_1689,Zurich,CH002C,Zurich (greater city),urb_clivcon,SA1007V,Number of households living in houses,2017,24634.0,,https://ec.europa.eu/eurostat/api/dissemination/statistics/1.0/data/urb_clivcon?lang=EN&cities=CH002C&sinceTimePeriod=2015,False
ghsl_1689,Zurich,CH002C,Zurich (greater city),urb_clivcon,SA1007V,Number of households living in houses,2018,24615.0,,https://ec.europa.eu/eurostat/api/dissemination/statistics/1.0/data/urb_clivcon?lang=EN&cities=CH002C&sinceTimePeriod=2015,False
ghsl_1689,Zurich,CH002C,Zurich (greater city),urb_clivcon,SA1007V,Number of households living in houses,2019,24546.0,,https://ec.europa.eu/eurostat/api/dissemination/statistics/1.0/data/urb_clivcon?lang=EN&cities=CH002C&sinceTimePeriod=2015,False
ghsl_1689,Zurich,CH002C,Zurich (greater city),urb_clivcon,SA1007V,Number of households living in houses,2020,24436.0,,https://ec.europa.eu/eurostat/api/dissemination/statistics/1.0/data/urb_clivcon?lang=EN&cities=CH002C&sinceTimePeriod=2015,False
ghsl_1689,Zurich,CH002C,Zurich (greater city),urb_clivcon,SA1007V,Number of households living in houses,2021,24410.0,,https://ec.europa.eu/eurostat/api/dissemination/statistics/1.0/data/urb_clivcon?lang=EN&cities=CH002C&sinceTimePeriod=2015,False
ghsl_1689,Zurich,CH002C,Zurich (greater city),urb_clivcon,SA1007V,Number of households living in houses,2022,24434.0,,https://ec.europa.eu/eurostat/api/dissemination/statistics/1.0/data/urb_clivcon?lang=EN&cities=CH002C&sinceTimePeriod=2015,False
ghsl_1689,Zurich,CH002C,Zurich (greater city),urb_clivcon,SA1007V,Number of households living in houses,2023,24340.0,,https://ec.europa.eu/eurostat/api/dissemination/statistics/1.0/data/urb_clivcon?lang=EN&cities=CH002C&sinceTimePeriod=2015,False
ghsl_1689,Zurich,CH002C,Zurich (greater city),urb_clivcon,SA1007V,Number of households living in houses,2024,24224.0,,https://ec.europa.eu/eurostat/api/dissemination/statistics/1.0/data/urb_clivcon?lang=EN&cities=CH002C&sinceTimePeriod=2015,False
ghsl_1689,Zurich,CH002C,Zurich (greater city),urb_clivcon,SA1008I,Proportion of households living in apartments,2015,91.91,,https://ec.europa.eu/eurostat/api/dissemination/statistics/1.0/data/urb_clivcon?lang=EN&cities=CH002C&sinceTimePeriod=2015,False
ghsl_1689,Zurich,CH002C,Zurich (greater city),urb_clivcon,SA1008I,Proportion of households living in apartments,2016,92.06,,https://ec.europa.eu/eurostat/api/dissemination/statistics/1.0/data/urb_clivcon?lang=EN&cities=CH002C&sinceTimePeriod=2015,False
ghsl_1689,Zurich,CH002C,Zurich (greater city),urb_clivcon,SA1008I,Proportion of households living in apartments,2017,92.19,,https://ec.europa.eu/eurostat/api/dissemination/statistics/1.0/data/urb_clivcon?lang=EN&cities=CH002C&sinceTimePeriod=2015,False
ghsl_1689,Zurich,CH002C,Zurich (greater city),urb_clivcon,SA1008I,Proportion of households living in apartments,2018,92.28,,https://ec.europa.eu/eurostat/api/dissemination/statistics/1.0/data/urb_clivcon?lang=EN&cities=CH002C&sinceTimePeriod=2015,False
ghsl_1689,Zurich,CH002C,Zurich (greater city),urb_clivcon,SA1008I,Proportion of households living in apartments,2019,92.43,,https://ec.europa.eu/eurostat/api/dissemination/statistics/1.0/data/urb_clivcon?lang=EN&cities=CH002C&sinceTimePeriod=2015,False
ghsl_1689,Zurich,CH002C,Zurich (greater city),urb_clivcon,SA1008I,Proportion of households living in apartments,2020,92.59,,https://ec.europa.eu/eurostat/api/dissemination/statistics/1.0/data/urb_clivcon?lang=EN&cities=CH002C&sinceTimePeriod=2015,False
ghsl_1689,Zurich,CH002C,Zurich (greater city),urb_clivcon,SA1008I,Proportion of households living in apartments,2021,92.69,,https://ec.europa.eu/eurostat/api/dissemination/statistics/1.0/data/urb_clivcon?lang=EN&cities=CH002C&sinceTimePeriod=2015,False
ghsl_1689,Zurich,CH002C,Zurich (greater city),urb_clivcon,SA1008I,Proportion of households living in apartments,2022,92.72,,https://ec.europa.eu/eurostat/api/dissemination/statistics/1.0/data/urb_clivcon?lang=EN&cities=CH002C&sinceTimePeriod=2015,False
ghsl_1689,Zurich,CH002C,Zurich (greater city),urb_clivcon,SA1008V,Number of households living in apartments,2015,281257.0,,https://ec.europa.eu/eurostat/api/dissemination/statistics/1.0/data/urb_clivcon?lang=EN&cities=CH002C&sinceTimePeriod=2015,False
ghsl_1689,Zurich,CH002C,Zurich (greater city),urb_clivcon,SA1008V,Number of households living in apartments,2016,286133.0,,https://ec.europa.eu/eurostat/api/dissemination/statistics/1.0/data/urb_clivcon?lang=EN&cities=CH002C&sinceTimePeriod=2015,False
ghsl_1689,Zurich,CH002C,Zurich (greater city),urb_clivcon,SA1008V,Number of households living in apartments,2017,290871.0,,https://ec.europa.eu/eurostat/api/dissemination/statistics/1.0/data/urb_clivcon?lang=EN&cities=CH002C&sinceTimePeriod=2015,False
ghsl_1689,Zurich,CH002C,Zurich (greater city),urb_clivcon,SA1008V,Number of households living in apartments,2018,294360.0,,https://ec.europa.eu/eurostat/api/dissemination/statistics/1.0/data/urb_clivcon?lang=EN&cities=CH002C&sinceTimePeriod=2015,False
ghsl_1689,Zurich,CH002C,Zurich (greater city),urb_clivcon,SA1008V,Number of households living in apartments,2019,299815.0,,https://ec.europa.eu/eurostat/api/dissemination/statistics/1.0/data/urb_clivcon?lang=EN&cities=CH002C&sinceTimePeriod=2015,False
ghsl_1689,Zurich,CH002C,Zurich (greater city),urb_clivcon,SA1008V,Number of households living in apartments,2020,305351.0,,https://ec.europa.eu/eurostat/api/dissemination/statistics/1.0/data/urb_clivcon?lang=EN&cities=CH002C&sinceTimePeriod=2015,False
ghsl_1689,Zurich,CH002C,Zurich (greater city),urb_clivcon,SA1008V,Number of households living in apartments,2021,309401.0,,https://ec.europa.eu/eurostat/api/dissemination/statistics/1.0/data/urb_clivcon?lang=EN&cities=CH002C&sinceTimePeriod=2015,False
ghsl_1689,Zurich,CH002C,Zurich (greater city),urb_clivcon,SA1008V,Number of households living in apartments,2022,311055.0,,https://ec.europa.eu/eurostat/api/dissemination/statistics/1.0/data/urb_clivcon?lang=EN&cities=CH002C&sinceTimePeriod=2015,False
ghsl_1689,Zurich,CH002C,Zurich (greater city),urb_clivcon,SA1008V,Number of households living in apartments,2023,314657.0,,https://ec.europa.eu/eurostat/api/dissemination/statistics/1.0/data/urb_clivcon?lang=EN&cities=CH002C&sinceTimePeriod=2015,False
ghsl_1689,Zurich,CH002C,Zurich (greater city),urb_clivcon,SA1008V,Number of households living in apartments,2024,316990.0,,https://ec.europa.eu/eurostat/api/dissemination/statistics/1.0/data/urb_clivcon?lang=EN&cities=CH002C&sinceTimePeriod=2015,False
ghsl_1689,Zurich,CH002C,Zurich (greater city),urb_clivcon,SA1011I,Proportion of households living in owned dwellings,2015,14.29,,https://ec.europa.eu/eurostat/api/dissemination/statistics/1.0/data/urb_clivcon?lang=EN&cities=CH002C&sinceTimePeriod=2015,False
ghsl_1689,Zurich,CH002C,Zurich (greater city),urb_clivcon,SA1011I,Proportion of households living in owned dwellings,2016,15.45,,https://ec.europa.eu/eurostat/api/dissemination/statistics/1.0/data/urb_clivcon?lang=EN&cities=CH002C&sinceTimePeriod=2015,False
ghsl_1689,Zurich,CH002C,Zurich (greater city),urb_clivcon,SA1011I,Proportion of households living in owned dwellings,2017,15.57,,https://ec.europa.eu/eurostat/api/dissemination/statistics/1.0/data/urb_clivcon?lang=EN&cities=CH002C&sinceTimePeriod=2015,False
ghsl_1689,Zurich,CH002C,Zurich (greater city),urb_clivcon,SA1011I,Proportion of households living in owned dwellings,2018,15.76,,https://ec.europa.eu/eurostat/api/dissemination/statistics/1.0/data/urb_clivcon?lang=EN&cities=CH002C&sinceTimePeriod=2015,False
ghsl_1689,Zurich,CH002C,Zurich (greater city),urb_clivcon,SA1011I,Proportion of households living in owned dwellings,2019,14.52,,https://ec.europa.eu/eurostat/api/dissemination/statistics/1.0/data/urb_clivcon?lang=EN&cities=CH002C&sinceTimePeriod=2015,False
ghsl_1689,Zurich,CH002C,Zurich (greater city),urb_clivcon,SA1011I,Proportion of households living in owned dwellings,2020,14.82,,https://ec.europa.eu/eurostat/api/dissemination/statistics/1.0/data/urb_clivcon?lang=EN&cities=CH002C&sinceTimePeriod=2015,False
ghsl_1689,Zurich,CH002C,Zurich (greater city),urb_clivcon,SA1011I,Proportion of households living in owned dwellings,2021,14.64,,https://ec.europa.eu/eurostat/api/dissemination/statistics/1.0/data/urb_clivcon?lang=EN&cities=CH002C&sinceTimePeriod=2015,False
ghsl_1689,Zurich,CH002C,Zurich (greater city),urb_clivcon,SA1011V,Households owning their own dwelling,2015,46115.86,e,https://ec.europa.eu/eurostat/api/dissemination/statistics/1.0/data/urb_clivcon?lang=EN&cities=CH002C&sinceTimePeriod=2015,False
ghsl_1689,Zurich,CH002C,Zurich (greater city),urb_clivcon,SA1011V,Households owning their own dwelling,2016,47579.53,e,https://ec.europa.eu/eurostat/api/dissemination/statistics/1.0/data/urb_clivcon?lang=EN&cities=CH002C&sinceTimePeriod=2015,False
ghsl_1689,Zurich,CH002C,Zurich (greater city),urb_clivcon,SA1011V,Households owning their own dwelling,2017,49085.69,e,https://ec.europa.eu/eurostat/api/dissemination/statistics/1.0/data/urb_clivcon?lang=EN&cities=CH002C&sinceTimePeriod=2015,False
ghsl_1689,Zurich,CH002C,Zurich (greater city),urb_clivcon,SA1011V,Households owning their own dwelling,2018,49978.9,e,https://ec.europa.eu/eurostat/api/dissemination/statistics/1.0/data/urb_clivcon?lang=EN&cities=CH002C&sinceTimePeriod=2015,False
ghsl_1689,Zurich,CH002C,Zurich (greater city),urb_clivcon,SA1011V,Households owning their own dwelling,2019,47011.16,e,https://ec.europa.eu/eurostat/api/dissemination/statistics/1.0/data/urb_clivcon?lang=EN&cities=CH002C&sinceTimePeriod=2015,False
ghsl_1689,Zurich,CH002C,Zurich (greater city),urb_clivcon,SA1011V,Households owning their own dwelling,2020,48862.59,e,https://ec.europa.eu/eurostat/api/dissemination/statistics/1.0/data/urb_clivcon?lang=EN&cities=CH002C&sinceTimePeriod=2015,False
ghsl_1689,Zurich,CH002C,Zurich (greater city),urb_clivcon,SA1011V,Households owning their own dwelling,2021,48384.12,e,https://ec.europa.eu/eurostat/api/dissemination/statistics/1.0/data/urb_clivcon?lang=EN&cities=CH002C&sinceTimePeriod=2015,False
ghsl_1689,Zurich,CH002C,Zurich (greater city),urb_clivcon,SA1011V,Households owning their own dwelling,2022,50059.41,e,https://ec.europa.eu/eurostat/api/dissemination/statistics/1.0/data/urb_clivcon?lang=EN&cities=CH002C&sinceTimePeriod=2015,False
ghsl_1689,Zurich,CH002C,Zurich (greater city),urb_clivcon,SA1011V,Households owning their own dwelling,2023,48733.2,e,https://ec.europa.eu/eurostat/api/dissemination/statistics/1.0/data/urb_clivcon?lang=EN&cities=CH002C&sinceTimePeriod=2015,False
ghsl_1689,Zurich,CH002C,Zurich (greater city),urb_clivcon,SA1011V,Households owning their own dwelling,2024,49529.32,e,https://ec.europa.eu/eurostat/api/dissemination/statistics/1.0/data/urb_clivcon?lang=EN&cities=CH002C&sinceTimePeriod=2015,False
ghsl_1689,Zurich,CH002C,Zurich (greater city),urb_clivcon,SA1013V,Households in private rented housing,2015,250045.28,e,https://ec.europa.eu/eurostat/api/dissemination/statistics/1.0/data/urb_clivcon?lang=EN&cities=CH002C&sinceTimePeriod=2015,False
ghsl_1689,Zurich,CH002C,Zurich (greater city),urb_clivcon,SA1013V,Households in private rented housing,2016,257527.07,e,https://ec.europa.eu/eurostat/api/dissemination/statistics/1.0/data/urb_clivcon?lang=EN&cities=CH002C&sinceTimePeriod=2015,False
ghsl_1689,Zurich,CH002C,Zurich (greater city),urb_clivcon,SA1013V,Households in private rented housing,2017,263390.07,e,https://ec.europa.eu/eurostat/api/dissemination/statistics/1.0/data/urb_clivcon?lang=EN&cities=CH002C&sinceTimePeriod=2015,False
ghsl_1689,Zurich,CH002C,Zurich (greater city),urb_clivcon,SA1013V,Households in private rented housing,2018,264371.26,e,https://ec.europa.eu/eurostat/api/dissemination/statistics/1.0/data/urb_clivcon?lang=EN&cities=CH002C&sinceTimePeriod=2015,False
ghsl_1689,Zurich,CH002C,Zurich (greater city),urb_clivcon,SA1013V,Households in private rented housing,2019,272717.15,e,https://ec.europa.eu/eurostat/api/dissemination/statistics/1.0/data/urb_clivcon?lang=EN&cities=CH002C&sinceTimePeriod=2015,False
ghsl_1689,Zurich,CH002C,Zurich (greater city),urb_clivcon,SA1013V,Households in private rented housing,2020,276415.69,e,https://ec.europa.eu/eurostat/api/dissemination/statistics/1.0/data/urb_clivcon?lang=EN&cities=CH002C&sinceTimePeriod=2015,False
ghsl_1689,Zurich,CH002C,Zurich (greater city),urb_clivcon,SA1013V,Households in private rented housing,2021,277936.77,e,https://ec.europa.eu/eurostat/api/dissemination/statistics/1.0/data/urb_clivcon?lang=EN&cities=CH002C&sinceTimePeriod=2015,False
ghsl_1689,Zurich,CH002C,Zurich (greater city),urb_clivcon,SA1013V,Households in private rented housing,2022,280692.72,e,https://ec.europa.eu/eurostat/api/dissemination/statistics/1.0/data/urb_clivcon?lang=EN&cities=CH002C&sinceTimePeriod=2015,False
ghsl_1689,Zurich,CH002C,Zurich (greater city),urb_clivcon,SA1013V,Households in private rented housing,2023,283632.05,e,https://ec.europa.eu/eurostat/api/dissemination/statistics/1.0/data/urb_clivcon?lang=EN&cities=CH002C&sinceTimePeriod=2015,False
ghsl_1689,Zurich,CH002C,Zurich (greater city),urb_clivcon,SA1013V,Households in private rented housing,2024,288680.33,e,https://ec.europa.eu/eurostat/api/dissemination/statistics/1.0/data/urb_clivcon?lang=EN&cities=CH002C&sinceTimePeriod=2015,False
ghsl_1689,Zurich,CH002C,Zurich (greater city),urb_clivcon,SA1022V,Average area of living accommodation - m²/person,2015,40.74,,https://ec.europa.eu/eurostat/api/dissemination/statistics/1.0/data/urb_clivcon?lang=EN&cities=CH002C&sinceTimePeriod=2015,False
ghsl_1689,Zurich,CH002C,Zurich (greater city),urb_clivcon,SA1022V,Average area of living accommodation - m²/person,2016,40.87,,https://ec.europa.eu/eurostat/api/dissemination/statistics/1.0/data/urb_clivcon?lang=EN&cities=CH002C&sinceTimePeriod=2015,False
ghsl_1689,Zurich,CH002C,Zurich (greater city),urb_clivcon,SA1022V,Average area of living accommodation - m²/person,2017,41.02,,https://ec.europa.eu/eurostat/api/dissemination/statistics/1.0/data/urb_clivcon?lang=EN&cities=CH002C&sinceTimePeriod=2015,False
ghsl_1689,Zurich,CH002C,Zurich (greater city),urb_clivcon,SA1022V,Average area of living accommodation - m²/person,2018,40.89,,https://ec.europa.eu/eurostat/api/dissemination/statistics/1.0/data/urb_clivcon?lang=EN&cities=CH002C&sinceTimePeriod=2015,False
ghsl_1689,Zurich,CH002C,Zurich (greater city),urb_clivcon,SA1022V,Average area of living accommodation - m²/person,2019,41.0,,https://ec.europa.eu/eurostat/api/dissemination/statistics/1.0/data/urb_clivcon?lang=EN&cities=CH002C&sinceTimePeriod=2015,False
ghsl_1689,Zurich,CH002C,Zurich (greater city),urb_clivcon,SA1022V,Average area of living accommodation - m²/person,2020,41.14,,https://ec.europa.eu/eurostat/api/dissemination/statistics/1.0/data/urb_clivcon?lang=EN&cities=CH002C&sinceTimePeriod=2015,False
ghsl_1689,Zurich,CH002C,Zurich (greater city),urb_clivcon,SA1022V,Average area of living accommodation - m²/person,2021,41.33,,https://ec.europa.eu/eurostat/api/dissemination/statistics/1.0/data/urb_clivcon?lang=EN&cities=CH002C&sinceTimePeriod=2015,False
ghsl_1689,Zurich,CH002C,Zurich (greater city),urb_clivcon,SA1022V,Average area of living accommodation - m²/person,2022,41.5,,https://ec.europa.eu/eurostat/api/dissemination/statistics/1.0/data/urb_clivcon?lang=EN&cities=CH002C&sinceTimePeriod=2015,False
ghsl_1689,Zurich,CH002C,Zurich (greater city),urb_clivcon,SA1022V,Average area of living accommodation - m²/person,2023,41.29,,https://ec.europa.eu/eurostat/api/dissemination/statistics/1.0/data/urb_clivcon?lang=EN&cities=CH002C&sinceTimePeriod=2015,False
ghsl_1689,Zurich,CH002C,Zurich (greater city),urb_clivcon,SA1022V,Average area of living accommodation - m²/person,2024,41.23,,https://ec.europa.eu/eurostat/api/dissemination/statistics/1.0/data/urb_clivcon?lang=EN&cities=CH002C&sinceTimePeriod=2015,False
ghsl_1689,Zurich,CH002C,Zurich (greater city),urb_clivcon,SA1025V,Empty conventional dwellings,2015,1668.0,,https://ec.europa.eu/eurostat/api/dissemination/statistics/1.0/data/urb_clivcon?lang=EN&cities=CH002C&sinceTimePeriod=2015,False
ghsl_1689,Zurich,CH002C,Zurich (greater city),urb_clivcon,SA1025V,Empty conventional dwellings,2016,1679.0,,https://ec.europa.eu/eurostat/api/dissemination/statistics/1.0/data/urb_clivcon?lang=EN&cities=CH002C&sinceTimePeriod=2015,False
ghsl_1689,Zurich,CH002C,Zurich (greater city),urb_clivcon,SA1025V,Empty conventional dwellings,2017,1823.0,,https://ec.europa.eu/eurostat/api/dissemination/statistics/1.0/data/urb_clivcon?lang=EN&cities=CH002C&sinceTimePeriod=2015,False
ghsl_1689,Zurich,CH002C,Zurich (greater city),urb_clivcon,SA1025V,Empty conventional dwellings,2018,1876.0,,https://ec.europa.eu/eurostat/api/dissemination/statistics/1.0/data/urb_clivcon?lang=EN&cities=CH002C&sinceTimePeriod=2015,False
ghsl_1689,Zurich,CH002C,Zurich (greater city),urb_clivcon,SA1025V,Empty conventional dwellings,2019,1560.0,,https://ec.europa.eu/eurostat/api/dissemination/statistics/1.0/data/urb_clivcon?lang=EN&cities=CH002C&sinceTimePeriod=2015,False
ghsl_1689,Zurich,CH002C,Zurich (greater city),urb_clivcon,SA1025V,Empty conventional dwellings,2020,1837.0,,https://ec.europa.eu/eurostat/api/dissemination/statistics/1.0/data/urb_clivcon?lang=EN&cities=CH002C&sinceTimePeriod=2015,False
ghsl_1689,Zurich,CH002C,Zurich (greater city),urb_clivcon,SA1025V,Empty conventional dwellings,2021,1704.0,,https://ec.europa.eu/eurostat/api/dissemination/statistics/1.0/data/urb_clivcon?lang=EN&cities=CH002C&sinceTimePeriod=2015,False
ghsl_1689,Zurich,CH002C,Zurich (greater city),urb_clivcon,SA1025V,Empty conventional dwellings,2022,1278.0,,https://ec.europa.eu/eurostat/api/dissemination/statistics/1.0/data/urb_clivcon?lang=EN&cities=CH002C&sinceTimePeriod=2015,False
ghsl_1689,Zurich,CH002C,Zurich (greater city),urb_clivcon,SA1025V,Empty conventional dwellings,2023,1167.0,,https://ec.europa.eu/eurostat/api/dissemination/statistics/1.0/data/urb_clivcon?lang=EN&cities=CH002C&sinceTimePeriod=2015,False
ghsl_1689,Zurich,CH002C,Zurich (greater city),urb_clivcon,SA1025V,Empty conventional dwellings,2024,1321.0,,https://ec.europa.eu/eurostat/api/dissemination/statistics/1.0/data/urb_clivcon?lang=EN&cities=CH002C&sinceTimePeriod=2015,False
ghsl_1689,Zurich,CH002C,Zurich (greater city),urb_clivcon,SA1049V,Average annual rent for housing per m² - EUR,2015,198.9,e,https://ec.europa.eu/eurostat/api/dissemination/statistics/1.0/data/urb_clivcon?lang=EN&cities=CH002C&sinceTimePeriod=2015,False
ghsl_1689,Zurich,CH002C,Zurich (greater city),urb_clivcon,SA1049V,Average annual rent for housing per m² - EUR,2016,220.5,e,https://ec.europa.eu/eurostat/api/dissemination/statistics/1.0/data/urb_clivcon?lang=EN&cities=CH002C&sinceTimePeriod=2015,False
ghsl_1689,Zurich,CH002C,Zurich (greater city),urb_clivcon,SA1049V,Average annual rent for housing per m² - EUR,2017,220.5,e,https://ec.europa.eu/eurostat/api/dissemination/statistics/1.0/data/urb_clivcon?lang=EN&cities=CH002C&sinceTimePeriod=2015,False
ghsl_1689,Zurich,CH002C,Zurich (greater city),urb_clivcon,SA1049V,Average annual rent for housing per m² - EUR,2018,215.7,e,https://ec.europa.eu/eurostat/api/dissemination/statistics/1.0/data/urb_clivcon?lang=EN&cities=CH002C&sinceTimePeriod=2015,False
ghsl_1689,Zurich,CH002C,Zurich (greater city),urb_clivcon,SA1049V,Average annual rent for housing per m² - EUR,2019,214.6,e,https://ec.europa.eu/eurostat/api/dissemination/statistics/1.0/data/urb_clivcon?lang=EN&cities=CH002C&sinceTimePeriod=2015,False
ghsl_1689,Zurich,CH002C,Zurich (greater city),urb_clivcon,SA1049V,Average annual rent for housing per m² - EUR,2020,224.9,e,https://ec.europa.eu/eurostat/api/dissemination/statistics/1.0/data/urb_clivcon?lang=EN&cities=CH002C&sinceTimePeriod=2015,False
ghsl_1689,Zurich,CH002C,Zurich (greater city),urb_clivcon,SA1049V,Average annual rent for housing per m² - EUR,2021,234.4,e,https://ec.europa.eu/eurostat/api/dissemination/statistics/1.0/data/urb_clivcon?lang=EN&cities=CH002C&sinceTimePeriod=2015,False
ghsl_1689,Zurich,CH002C,Zurich (greater city),urb_clivcon,SA1049V,Average annual rent for housing per m² - EUR,2022,236.3,e,https://ec.europa.eu/eurostat/api/dissemination/statistics/1.0/data/urb_clivcon?lang=EN&cities=CH002C&sinceTimePeriod=2015,False
ghsl_1689,Zurich,CH002C,Zurich (greater city),urb_clivcon,SA1049V,Average annual rent for housing per m² - EUR,2023,256.8,e,https://ec.europa.eu/eurostat/api/dissemination/statistics/1.0/data/urb_clivcon?lang=EN&cities=CH002C&sinceTimePeriod=2015,False
ghsl_1689,Zurich,CH002C,Zurich (greater city),urb_clivcon,SA3005V,Number of murders and violent deaths,2015,2.0,,https://ec.europa.eu/eurostat/api/dissemination/statistics/1.0/data/urb_clivcon?lang=EN&cities=CH002C&sinceTimePeriod=2015,False
ghsl_1689,Zurich,CH002C,Zurich (greater city),urb_clivcon,SA3005V,Number of murders and violent deaths,2016,7.0,,https://ec.europa.eu/eurostat/api/dissemination/statistics/1.0/data/urb_clivcon?lang=EN&cities=CH002C&sinceTimePeriod=2015,False
ghsl_1689,Zurich,CH002C,Zurich (greater city),urb_clivcon,SA3005V,Number of murders and violent deaths,2017,4.0,,https://ec.europa.eu/eurostat/api/dissemination/statistics/1.0/data/urb_clivcon?lang=EN&cities=CH002C&sinceTimePeriod=2015,False
ghsl_1689,Zurich,CH002C,Zurich (greater city),urb_clivcon,SA3005V,Number of murders and violent deaths,2018,4.0,,https://ec.europa.eu/eurostat/api/dissemination/statistics/1.0/data/urb_clivcon?lang=EN&cities=CH002C&sinceTimePeriod=2015,False
ghsl_1689,Zurich,CH002C,Zurich (greater city),urb_clivcon,SA3005V,Number of murders and violent deaths,2019,11.0,,https://ec.europa.eu/eurostat/api/dissemination/statistics/1.0/data/urb_clivcon?lang=EN&cities=CH002C&sinceTimePeriod=2015,False
ghsl_1689,Zurich,CH002C,Zurich (greater city),urb_clivcon,SA3005V,Number of murders and violent deaths,2020,1.0,,https://ec.europa.eu/eurostat/api/dissemination/statistics/1.0/data/urb_clivcon?lang=EN&cities=CH002C&sinceTimePeriod=2015,False
ghsl_1689,Zurich,CH002C,Zurich (greater city),urb_clivcon,SA3005V,Number of murders and violent deaths,2021,3.0,,https://ec.europa.eu/eurostat/api/dissemination/statistics/1.0/data/urb_clivcon?lang=EN&cities=CH002C&sinceTimePeriod=2015,False
ghsl_1689,Zurich,CH002C,Zurich (greater city),urb_clivcon,SA3005V,Number of murders and violent deaths,2022,6.0,,https://ec.europa.eu/eurostat/api/dissemination/statistics/1.0/data/urb_clivcon?lang=EN&cities=CH002C&sinceTimePeriod=2015,False
ghsl_1689,Zurich,CH002C,Zurich (greater city),urb_clivcon,SA3005V,Number of murders and violent deaths,2023,5.0,,https://ec.europa.eu/eurostat/api/dissemination/statistics/1.0/data/urb_clivcon?lang=EN&cities=CH002C&sinceTimePeriod=2015,False
ghsl_1689,Zurich,CH002C,Zurich (greater city),urb_clivcon,SA3005V,Number of murders and violent deaths,2024,1.0,,https://ec.europa.eu/eurostat/api/dissemination/statistics/1.0/data/urb_clivcon?lang=EN&cities=CH002C&sinceTimePeriod=2015,False
ghsl_5816,London,UK001C,London,urb_cpop1,DE1001V,"Population on the 1st of January, total",2015,8606201.0,,https://ec.europa.eu/eurostat/api/dissemination/statistics/1.0/data/urb_cpop1?lang=EN&cities=UK001C&sinceTimePeriod=2015&indic_ur=DE1001V,False
ghsl_5816,London,UK001C,London,urb_cpop1,DE1001V,"Population on the 1st of January, total",2016,8730803.0,,https://ec.europa.eu/eurostat/api/dissemination/statistics/1.0/data/urb_cpop1?lang=EN&cities=UK001C&sinceTimePeriod=2015&indic_ur=DE1001V,False
ghsl_5816,London,UK001C,London,urb_cpop1,DE1001V,"Population on the 1st of January, total",2017,8797330.0,b,https://ec.europa.eu/eurostat/api/dissemination/statistics/1.0/data/urb_cpop1?lang=EN&cities=UK001C&sinceTimePeriod=2015&indic_ur=DE1001V,False
ghsl_5816,London,UK001C,London,urb_cpop1,DE1001V,"Population on the 1st of January, total",2018,8866541.0,,https://ec.europa.eu/eurostat/api/dissemination/statistics/1.0/data/urb_cpop1?lang=EN&cities=UK001C&sinceTimePeriod=2015&indic_ur=DE1001V,False
ghsl_5816,London,UK001C,London,urb_ctran,TT1057I,Number of registered cars per 1000 population,2015,288.68,b,https://ec.europa.eu/eurostat/api/dissemination/statistics/1.0/data/urb_ctran?lang=EN&cities=UK001C&sinceTimePeriod=2015,False
ghsl_5816,London,UK001C,London,urb_ctran,TT1057I,Number of registered cars per 1000 population,2016,287.84,,https://ec.europa.eu/eurostat/api/dissemination/statistics/1.0/data/urb_ctran?lang=EN&cities=UK001C&sinceTimePeriod=2015,False
ghsl_5816,London,UK001C,London,urb_ctran,TT1057I,Number of registered cars per 1000 population,2017,285.77,b,https://ec.europa.eu/eurostat/api/dissemination/statistics/1.0/data/urb_ctran?lang=EN&cities=UK001C&sinceTimePeriod=2015,False
ghsl_5816,London,UK001C,London,urb_ctran,TT1057I,Number of registered cars per 1000 population,2018,282.79,,https://ec.europa.eu/eurostat/api/dissemination/statistics/1.0/data/urb_ctran?lang=EN&cities=UK001C&sinceTimePeriod=2015,False
ghsl_5816,London,UK001C,London,urb_ctran,TT1057V,Number of private cars registered,2015,2484431.0,b,https://ec.europa.eu/eurostat/api/dissemination/statistics/1.0/data/urb_ctran?lang=EN&cities=UK001C&sinceTimePeriod=2015,False
ghsl_5816,London,UK001C,London,urb_ctran,TT1057V,Number of private cars registered,2016,2513066.0,,https://ec.europa.eu/eurostat/api/dissemination/statistics/1.0/data/urb_ctran?lang=EN&cities=UK001C&sinceTimePeriod=2015,False
ghsl_5816,London,UK001C,London,urb_ctran,TT1057V,Number of private cars registered,2017,2513982.0,,https://ec.europa.eu/eurostat/api/dissemination/statistics/1.0/data/urb_ctran?lang=EN&cities=UK001C&sinceTimePeriod=2015,False
ghsl_5816,London,UK001C,London,urb_ctran,TT1057V,Number of private cars registered,2018,2507333.0,,https://ec.europa.eu/eurostat/api/dissemination/statistics/1.0/data/urb_ctran?lang=EN&cities=UK001C&sinceTimePeriod=2015,False
ghsl_5816,London,UK001C,London,urb_ctran,TT1060I,People killed in road accidents per 10000 pop.,2015,0.16,,https://ec.europa.eu/eurostat/api/dissemination/statistics/1.0/data/urb_ctran?lang=EN&cities=UK001C&sinceTimePeriod=2015,False
ghsl_5816,London,UK001C,London,urb_ctran,TT1060I,People killed in road accidents per 10000 pop.,2016,0.13,,https://ec.europa.eu/eurostat/api/dissemination/statistics/1.0/data/urb_ctran?lang=EN&cities=UK001C&sinceTimePeriod=2015,False
ghsl_5816,London,UK001C,London,urb_ctran,TT1060I,People killed in road accidents per 10000 pop.,2017,0.15,b,https://ec.europa.eu/eurostat/api/dissemination/statistics/1.0/data/urb_ctran?lang=EN&cities=UK001C&sinceTimePeriod=2015,False
ghsl_5816,London,UK001C,London,urb_ctran,TT1060I,People killed in road accidents per 10000 pop.,2018,0.13,,https://ec.europa.eu/eurostat/api/dissemination/statistics/1.0/data/urb_ctran?lang=EN&cities=UK001C&sinceTimePeriod=2015,False
ghsl_5816,London,UK001C,London,urb_ctran,TT1060V,Number of deaths in road accidents,2015,136.0,,https://ec.europa.eu/eurostat/api/dissemination/statistics/1.0/data/urb_ctran?lang=EN&cities=UK001C&sinceTimePeriod=2015,False
ghsl_5816,London,UK001C,London,urb_ctran,TT1060V,Number of deaths in road accidents,2016,116.0,,https://ec.europa.eu/eurostat/api/dissemination/statistics/1.0/data/urb_ctran?lang=EN&cities=UK001C&sinceTimePeriod=2015,False
ghsl_5816,London,UK001C,London,urb_ctran,TT1060V,Number of deaths in road accidents,2017,131.0,,https://ec.europa.eu/eurostat/api/dissemination/statistics/1.0/data/urb_ctran?lang=EN&cities=UK001C&sinceTimePeriod=2015,False
ghsl_5816,London,UK001C,London,urb_ctran,TT1060V,Number of deaths in road accidents,2018,112.0,,https://ec.europa.eu/eurostat/api/dissemination/statistics/1.0/data/urb_ctran?lang=EN&cities=UK001C&sinceTimePeriod=2015,False
ghsl_5816,London,UK001C,London,urb_cenv,EN4008V,"Municipal waste generated (domestic and commercial), total - 1000 t",2015,3671.38,,https://ec.europa.eu/eurostat/api/dissemination/statistics/1.0/data/urb_cenv?lang=EN&cities=UK001C&sinceTimePeriod=2015,False
ghsl_5816,London,UK001C,London,urb_cenv,EN4008V,"Municipal waste generated (domestic and commercial), total - 1000 t",2016,3661.67,,https://ec.europa.eu/eurostat/api/dissemination/statistics/1.0/data/urb_cenv?lang=EN&cities=UK001C&sinceTimePeriod=2015,False
ghsl_5816,London,UK001C,London,urb_cenv,EN4008V,"Municipal waste generated (domestic and commercial), total - 1000 t",2017,3586.72,d,https://ec.europa.eu/eurostat/api/dissemination/statistics/1.0/data/urb_cenv?lang=EN&cities=UK001C&sinceTimePeriod=2015,False
ghsl_5816,London,UK001C,London,urb_cenv,EN4008V,"Municipal waste generated (domestic and commercial), total - 1000 t",2018,3582.91,d,https://ec.europa.eu/eurostat/api/dissemination/statistics/1.0/data/urb_cenv?lang=EN&cities=UK001C&sinceTimePeriod=2015,False
ghsl_5816,London,UK001C,London,urb_ceduc,TE2025V,"Persons (aged 25-64) with ISCED level 0, 1or 2 as the highest level of education",2015,361800.0,,https://ec.europa.eu/eurostat/api/dissemination/statistics/1.0/data/urb_ceduc?lang=EN&cities=UK001C&sinceTimePeriod=2015,False
ghsl_5816,London,UK001C,London,urb_ceduc,TE2025V,"Persons (aged 25-64) with ISCED level 0, 1or 2 as the highest level of education",2016,318900.0,,https://ec.europa.eu/eurostat/api/dissemination/statistics/1.0/data/urb_ceduc?lang=EN&cities=UK001C&sinceTimePeriod=2015,False
ghsl_5816,London,UK001C,London,urb_ceduc,TE2025V,"Persons (aged 25-64) with ISCED level 0, 1or 2 as the highest level of education",2018,328100.0,,https://ec.europa.eu/eurostat/api/dissemination/statistics/1.0/data/urb_ceduc?lang=EN&cities=UK001C&sinceTimePeriod=2015,False
ghsl_5816,London,UK001C,London,urb_ceduc,TE2028I,Proportion of working age population qualified at level 3 or 4 ISCED,2015,36.5,,https://ec.europa.eu/eurostat/api/dissemination/statistics/1.0/data/urb_ceduc?lang=EN&cities=UK001C&sinceTimePeriod=2015,False
ghsl_5816,London,UK001C,London,urb_ceduc,TE2028I,Proportion of working age population qualified at level 3 or 4 ISCED,2016,35.4,,https://ec.europa.eu/eurostat/api/dissemination/statistics/1.0/data/urb_ceduc?lang=EN&cities=UK001C&sinceTimePeriod=2015,False
ghsl_5816,London,UK001C,London,urb_ceduc,TE2028I,Proportion of working age population qualified at level 3 or 4 ISCED,2017,36.3,b,https://ec.europa.eu/eurostat/api/dissemination/statistics/1.0/data/urb_ceduc?lang=EN&cities=UK001C&sinceTimePeriod=2015,False
ghsl_5816,London,UK001C,London,urb_ceduc,TE2028I,Proportion of working age population qualified at level 3 or 4 ISCED,2018,34.9,,https://ec.europa.eu/eurostat/api/dissemination/statistics/1.0/data/urb_ceduc?lang=EN&cities=UK001C&sinceTimePeriod=2015,False
ghsl_5816,London,UK001C,London,urb_ceduc,TE2028V,Persons (aged 25-64) with ISCED level 3 or 4 as the highest level of education,2015,1795000.0,,https://ec.europa.eu/eurostat/api/dissemination/statistics/1.0/data/urb_ceduc?lang=EN&cities=UK001C&sinceTimePeriod=2015,False
ghsl_5816,London,UK001C,London,urb_ceduc,TE2028V,Persons (aged 25-64) with ISCED level 3 or 4 as the highest level of education,2016,1767800.0,,https://ec.europa.eu/eurostat/api/dissemination/statistics/1.0/data/urb_ceduc?lang=EN&cities=UK001C&sinceTimePeriod=2015,False
ghsl_5816,London,UK001C,London,urb_ceduc,TE2028V,Persons (aged 25-64) with ISCED level 3 or 4 as the highest level of education,2017,1825200.0,,https://ec.europa.eu/eurostat/api/dissemination/statistics/1.0/data/urb_ceduc?lang=EN&cities=UK001C&sinceTimePeriod=2015,False
ghsl_5816,London,UK001C,London,urb_ceduc,TE2028V,Persons (aged 25-64) with ISCED level 3 or 4 as the highest level of education,2018,1768700.0,,https://ec.europa.eu/eurostat/api/dissemination/statistics/1.0/data/urb_ceduc?lang=EN&cities=UK001C&sinceTimePeriod=2015,False
ghsl_5816,London,UK001C,London,urb_ceduc,TE2031I,"Proportion of population aged 25-64 qualified at level 5 to 8 ISCED, from 2014 onwards",2015,0.0,,https://ec.europa.eu/eurostat/api/dissemination/statistics/1.0/data/urb_ceduc?lang=EN&cities=UK001C&sinceTimePeriod=2015,False
ghsl_5816,London,UK001C,London,urb_ceduc,TE2031I,"Proportion of population aged 25-64 qualified at level 5 to 8 ISCED, from 2014 onwards",2016,56.6,,https://ec.europa.eu/eurostat/api/dissemination/statistics/1.0/data/urb_ceduc?lang=EN&cities=UK001C&sinceTimePeriod=2015,False
ghsl_5816,London,UK001C,London,urb_ceduc,TE2031I,"Proportion of population aged 25-64 qualified at level 5 to 8 ISCED, from 2014 onwards",2017,57.2,b,https://ec.europa.eu/eurostat/api/dissemination/statistics/1.0/data/urb_ceduc?lang=EN&cities=UK001C&sinceTimePeriod=2015,False
ghsl_5816,London,UK001C,London,urb_ceduc,TE2031V,"Persons aged 25-64 with ISCED level 5, 6, 7 or 8 as the highest level of education, from 2014 onwards",2015,0.0,,https://ec.europa.eu/eurostat/api/dissemination/statistics/1.0/data/urb_ceduc?lang=EN&cities=UK001C&sinceTimePeriod=2015,False
ghsl_5816,London,UK001C,London,urb_ceduc,TE2031V,"Persons aged 25-64 with ISCED level 5, 6, 7 or 8 as the highest level of education, from 2014 onwards",2016,2827900.0,,https://ec.europa.eu/eurostat/api/dissemination/statistics/1.0/data/urb_ceduc?lang=EN&cities=UK001C&sinceTimePeriod=2015,False
ghsl_5816,London,UK001C,London,urb_ceduc,TE2031V,"Persons aged 25-64 with ISCED level 5, 6, 7 or 8 as the highest level of education, from 2014 onwards",2017,2875500.0,,https://ec.europa.eu/eurostat/api/dissemination/statistics/1.0/data/urb_ceduc?lang=EN&cities=UK001C&sinceTimePeriod=2015,False
ghsl_5816,London,UK001C,London,urb_clivcon,DE3001V,Private households (excluding institutional households),2015,3302900.0,,https://ec.europa.eu/eurostat/api/dissemination/statistics/1.0/data/urb_clivcon?lang=EN&cities=UK001C&sinceTimePeriod=2015,False
ghsl_5816,London,UK001C,London,urb_clivcon,DE3001V,Private households (excluding institutional households),2016,3347942.0,,https://ec.europa.eu/eurostat/api/dissemination/statistics/1.0/data/urb_clivcon?lang=EN&cities=UK001C&sinceTimePeriod=2015,False
ghsl_5816,London,UK001C,London,urb_clivcon,DE3001V,Private households (excluding institutional households),2017,3480398.0,b,https://ec.europa.eu/eurostat/api/dissemination/statistics/1.0/data/urb_clivcon?lang=EN&cities=UK001C&sinceTimePeriod=2015,False
ghsl_5816,London,UK001C,London,urb_clivcon,DE3001V,Private households (excluding institutional households),2018,3512847.0,,https://ec.europa.eu/eurostat/api/dissemination/statistics/1.0/data/urb_clivcon?lang=EN&cities=UK001C&sinceTimePeriod=2015,False
ghsl_5816,London,UK001C,London,urb_clivcon,DE3002I,Proportion of households that are 1-person households,2015,26.62,,https://ec.europa.eu/eurostat/api/dissemination/statistics/1.0/data/urb_clivcon?lang=EN&cities=UK001C&sinceTimePeriod=2015,False
ghsl_5816,London,UK001C,London,urb_clivcon,DE3002I,Proportion of households that are 1-person households,2016,26.98,,https://ec.europa.eu/eurostat/api/dissemination/statistics/1.0/data/urb_clivcon?lang=EN&cities=UK001C&sinceTimePeriod=2015,False
ghsl_5816,London,UK001C,London,urb_clivcon,DE3002V,One person households,2015,879200.0,,https://ec.europa.eu/eurostat/api/dissemination/statistics/1.0/data/urb_clivcon?lang=EN&cities=UK001C&sinceTimePeriod=2015,False
ghsl_5816,London,UK001C,London,urb_clivcon,DE3002V,One person households,2016,903222.0,,https://ec.europa.eu/eurostat/api/dissemination/statistics/1.0/data/urb_clivcon?lang=EN&cities=UK001C&sinceTimePeriod=2015,False
ghsl_5816,London,UK001C,London,urb_clivcon,DE3004I,Average size of households,2015,2.6,,https://ec.europa.eu/eurostat/api/dissemination/statistics/1.0/data/urb_clivcon?lang=EN&cities=UK001C&sinceTimePeriod=2015,False
ghsl_5816,London,UK001C,London,urb_clivcon,DE3004I,Average size of households,2016,2.62,,https://ec.europa.eu/eurostat/api/dissemination/statistics/1.0/data/urb_clivcon?lang=EN&cities=UK001C&sinceTimePeriod=2015,False
ghsl_5816,London,UK001C,London,urb_clivcon,DE3004I,Average size of households,2017,2.52,be,https://ec.europa.eu/eurostat/api/dissemination/statistics/1.0/data/urb_clivcon?lang=EN&cities=UK001C&sinceTimePeriod=2015,False
ghsl_5816,London,UK001C,London,urb_clivcon,DE3004I,Average size of households,2018,2.53,e,https://ec.europa.eu/eurostat/api/dissemination/statistics/1.0/data/urb_clivcon?lang=EN&cities=UK001C&sinceTimePeriod=2015,False
ghsl_5816,London,UK001C,London,urb_clivcon,DE3005I,Proportion of households that are lone-parent households,2015,7.63,,https://ec.europa.eu/eurostat/api/dissemination/statistics/1.0/data/urb_clivcon?lang=EN&cities=UK001C&sinceTimePeriod=2015,False
ghsl_5816,London,UK001C,London,urb_clivcon,DE3005I,Proportion of households that are lone-parent households,2016,7.32,,https://ec.europa.eu/eurostat/api/dissemination/statistics/1.0/data/urb_clivcon?lang=EN&cities=UK001C&sinceTimePeriod=2015,False
ghsl_5816,London,UK001C,London,urb_clivcon,DE3005V,Lone parent private households (with children aged 0 to under 18),2015,252000.0,,https://ec.europa.eu/eurostat/api/dissemination/statistics/1.0/data/urb_clivcon?lang=EN&cities=UK001C&sinceTimePeriod=2015,False
ghsl_5816,London,UK001C,London,urb_clivcon,DE3005V,Lone parent private households (with children aged 0 to under 18),2016,244956.0,,https://ec.europa.eu/eurostat/api/dissemination/statistics/1.0/data/urb_clivcon?lang=EN&cities=UK001C&sinceTimePeriod=2015,False
ghsl_5816,London,UK001C,London,urb_clivcon,DE3008I,Proportion of households that are lone-pensioner households,2015,10.11,,https://ec.europa.eu/eurostat/api/dissemination/statistics/1.0/data/urb_clivcon?lang=EN&cities=UK001C&sinceTimePeriod=2015,False
ghsl_5816,London,UK001C,London,urb_clivcon,DE3008I,Proportion of households that are lone-pensioner households,2016,10.13,,https://ec.europa.eu/eurostat/api/dissemination/statistics/1.0/data/urb_clivcon?lang=EN&cities=UK001C&sinceTimePeriod=2015,False
ghsl_5816,London,UK001C,London,urb_clivcon,DE3008V,Lone pensioner (above retirement age) households,2015,334000.0,,https://ec.europa.eu/eurostat/api/dissemination/statistics/1.0/data/urb_clivcon?lang=EN&cities=UK001C&sinceTimePeriod=2015,False
ghsl_5816,London,UK001C,London,urb_clivcon,DE3008V,Lone pensioner (above retirement age) households,2016,339097.0,,https://ec.europa.eu/eurostat/api/dissemination/statistics/1.0/data/urb_clivcon?lang=EN&cities=UK001C&sinceTimePeriod=2015,False
ghsl_5816,London,UK001C,London,urb_clivcon,DE3011I,Proportion of households with children aged 0-17,2015,32.99,,https://ec.europa.eu/eurostat/api/dissemination/statistics/1.0/data/urb_clivcon?lang=EN&cities=UK001C&sinceTimePeriod=2015,False
ghsl_5816,London,UK001C,London,urb_clivcon,DE3011I,Proportion of households with children aged 0-17,2016,33.42,,https://ec.europa.eu/eurostat/api/dissemination/statistics/1.0/data/urb_clivcon?lang=EN&cities=UK001C&sinceTimePeriod=2015,False
ghsl_5816,London,UK001C,London,urb_clivcon,DE3011V,Households with children aged 0 to under 18,2015,1089700.0,,https://ec.europa.eu/eurostat/api/dissemination/statistics/1.0/data/urb_clivcon?lang=EN&cities=UK001C&sinceTimePeriod=2015,False
ghsl_5816,London,UK001C,London,urb_clivcon,DE3011V,Households with children aged 0 to under 18,2016,1118728.0,,https://ec.europa.eu/eurostat/api/dissemination/statistics/1.0/data/urb_clivcon?lang=EN&cities=UK001C&sinceTimePeriod=2015,False
ghsl_5816,London,UK001C,London,urb_clivcon,DE3016I,Lone parent households per 100 households with children aged 0-17,2015,23.13,,https://ec.europa.eu/eurostat/api/dissemination/statistics/1.0/data/urb_clivcon?lang=EN&cities=UK001C&sinceTimePeriod=2015,False
ghsl_5816,London,UK001C,London,urb_clivcon,DE3016I,Lone parent households per 100 households with children aged 0-17,2016,21.9,,https://ec.europa.eu/eurostat/api/dissemination/statistics/1.0/data/urb_clivcon?lang=EN&cities=UK001C&sinceTimePeriod=2015,False
ghsl_5816,London,UK001C,London,urb_clivcon,DE3017V,Population living in private households (excluding institutional households),2015,8595900.0,,https://ec.europa.eu/eurostat/api/dissemination/statistics/1.0/data/urb_clivcon?lang=EN&cities=UK001C&sinceTimePeriod=2015,False
ghsl_5816,London,UK001C,London,urb_clivcon,DE3017V,Population living in private households (excluding institutional households),2016,8764222.0,,https://ec.europa.eu/eurostat/api/dissemination/statistics/1.0/data/urb_clivcon?lang=EN&cities=UK001C&sinceTimePeriod=2015,False
ghsl_5816,London,UK001C,London,urb_clivcon,DE3017V,Population living in private households (excluding institutional households),2017,8755980.0,e,https://ec.europa.eu/eurostat/api/dissemination/statistics/1.0/data/urb_clivcon?lang=EN&cities=UK001C&sinceTimePeriod=2015,False
ghsl_5816,London,UK001C,London,urb_clivcon,DE3017V,Population living in private households (excluding institutional households),2018,8896546.0,e,https://ec.europa.eu/eurostat/api/dissemination/statistics/1.0/data/urb_clivcon?lang=EN&cities=UK001C&sinceTimePeriod=2015,False
ghsl_5816,London,UK001C,London,urb_clivcon,SA1001V,Number of conventional dwellings,2015,3454500.0,,https://ec.europa.eu/eurostat/api/dissemination/statistics/1.0/data/urb_clivcon?lang=EN&cities=UK001C&sinceTimePeriod=2015,False
ghsl_5816,London,UK001C,London,urb_clivcon,SA1001V,Number of conventional dwellings,2016,3484870.0,,https://ec.europa.eu/eurostat/api/dissemination/statistics/1.0/data/urb_clivcon?lang=EN&cities=UK001C&sinceTimePeriod=2015,False
ghsl_5816,London,UK001C,London,urb_clivcon,SA1001V,Number of conventional dwellings,2017,3524450.0,,https://ec.europa.eu/eurostat/api/dissemination/statistics/1.0/data/urb_clivcon?lang=EN&cities=UK001C&sinceTimePeriod=2015,False
ghsl_5816,London,UK001C,London,urb_clivcon,SA1001V,Number of conventional dwellings,2018,3556180.0,,https://ec.europa.eu/eurostat/api/dissemination/statistics/1.0/data/urb_clivcon?lang=EN&cities=UK001C&sinceTimePeriod=2015,False
ghsl_5816,London,UK001C,London,urb_clivcon,SA1004V,Number of houses,2017,1584710.0,,https://ec.europa.eu/eurostat/api/dissemination/statistics/1.0/data/urb_clivcon?lang=EN&cities=UK001C&sinceTimePeriod=2015,False
ghsl_5816,London,UK001C,London,urb_clivcon,SA1005V,Number of apartments,2017,1934160.0,,https://ec.europa.eu/eurostat/api/dissemination/statistics/1.0/data/urb_clivcon?lang=EN&cities=UK001C&sinceTimePeriod=2015,False
ghsl_5816,London,UK001C,London,urb_clivcon,SA1005V,Number of apartments,2018,1968790.0,,https://ec.europa.eu/eurostat/api/dissemination/statistics/1.0/data/urb_clivcon?lang=EN&cities=UK001C&sinceTimePeriod=2015,False
ghsl_5816,London,UK001C,London,urb_clivcon,SA1025V,Empty conventional dwellings,2015,59881.0,,https://ec.europa.eu/eurostat/api/dissemination/statistics/1.0/data/urb_clivcon?lang=EN&cities=UK001C&sinceTimePeriod=2015,False
ghsl_5816,London,UK001C,London,urb_clivcon,SA1025V,Empty conventional dwellings,2016,58096.0,,https://ec.europa.eu/eurostat/api/dissemination/statistics/1.0/data/urb_clivcon?lang=EN&cities=UK001C&sinceTimePeriod=2015,False
ghsl_5816,London,UK001C,London,urb_clivcon,SA1025V,Empty conventional dwellings,2017,20237.0,,https://ec.europa.eu/eurostat/api/dissemination/statistics/1.0/data/urb_clivcon?lang=EN&cities=UK001C&sinceTimePeriod=2015,False
ghsl_5816,London,UK001C,London,urb_clivcon,SA1025V,Empty conventional dwellings,2018,22481.0,,https://ec.europa.eu/eurostat/api/dissemination/statistics/1.0/data/urb_clivcon?lang=EN&cities=UK001C&sinceTimePeriod=2015,False
ghsl_5816,London,UK001C,London,urb_clivcon,SA1051V,Average price for buying an apartment - EUR,2018,16564169.0,,https://ec.europa.eu/eurostat/api/dissemination/statistics/1.0/data/urb_clivcon?lang=EN&cities=UK001C&sinceTimePeriod=2015,False
ghsl_5816,London,UK001C,London,urb_clivcon,SA3005V,Number of murders and violent deaths,2015,124.0,,https://ec.europa.eu/eurostat/api/dissemination/statistics/1.0/data/urb_clivcon?lang=EN&cities=UK001C&sinceTimePeriod=2015,False
ghsl_5816,London,UK001C,London,urb_clivcon,SA3005V,Number of murders and violent deaths,2016,110.0,,https://ec.europa.eu/eurostat/api/dissemination/statistics/1.0/data/urb_clivcon?lang=EN&cities=UK001C&sinceTimePeriod=2015,False
ghsl_5816,London,UK001C,London,urb_clivcon,SA3005V,Number of murders and violent deaths,2017,131.0,,https://ec.europa.eu/eurostat/api/dissemination/statistics/1.0/data/urb_clivcon?lang=EN&cities=UK001C&sinceTimePeriod=2015,False
ghsl_5816,London,UK001C,London,urb_clivcon,SA3005V,Number of murders and violent deaths,2018,141.0,,https://ec.europa.eu/eurostat/api/dissemination/statistics/1.0/data/urb_clivcon?lang=EN&cities=UK001C&sinceTimePeriod=2015,False
ghsl_2878,Paris,FR001C,Paris (greater city),urb_cpop1,DE1001V,"Population on the 1st of January, total",2015,10138695.0,,https://ec.europa.eu/eurostat/api/dissemination/statistics/1.0/data/urb_cpop1?lang=EN&cities=FR001C&sinceTimePeriod=2015&indic_ur=DE1001V,False
ghsl_2878,Paris,FR001C,Paris (greater city),urb_cpop1,DE1001V,"Population on the 1st of January, total",2016,10163539.0,,https://ec.europa.eu/eurostat/api/dissemination/statistics/1.0/data/urb_cpop1?lang=EN&cities=FR001C&sinceTimePeriod=2015&indic_ur=DE1001V,False
ghsl_2878,Paris,FR001C,Paris (greater city),urb_cpop1,DE1001V,"Population on the 1st of January, total",2017,10211741.0,,https://ec.europa.eu/eurostat/api/dissemination/statistics/1.0/data/urb_cpop1?lang=EN&cities=FR001C&sinceTimePeriod=2015&indic_ur=DE1001V,False
ghsl_2878,Paris,FR001C,Paris (greater city),urb_cpop1,DE1001V,"Population on the 1st of January, total",2018,10240964.0,,https://ec.europa.eu/eurostat/api/dissemination/statistics/1.0/data/urb_cpop1?lang=EN&cities=FR001C&sinceTimePeriod=2015&indic_ur=DE1001V,False
ghsl_2878,Paris,FR001C,Paris (greater city),urb_cpop1,DE1001V,"Population on the 1st of January, total",2019,10277625.0,,https://ec.europa.eu/eurostat/api/dissemination/statistics/1.0/data/urb_cpop1?lang=EN&cities=FR001C&sinceTimePeriod=2015&indic_ur=DE1001V,False
ghsl_2878,Paris,FR001C,Paris (greater city),urb_cpop1,DE1001V,"Population on the 1st of January, total",2020,10274884.0,,https://ec.europa.eu/eurostat/api/dissemination/statistics/1.0/data/urb_cpop1?lang=EN&cities=FR001C&sinceTimePeriod=2015&indic_ur=DE1001V,False
ghsl_2878,Paris,FR001C,Paris (greater city),urb_cpop1,DE1001V,"Population on the 1st of January, total",2021,10306512.0,,https://ec.europa.eu/eurostat/api/dissemination/statistics/1.0/data/urb_cpop1?lang=EN&cities=FR001C&sinceTimePeriod=2015&indic_ur=DE1001V,False
ghsl_2878,Paris,FR001C,Paris (greater city),urb_cpop1,DE1001V,"Population on the 1st of January, total",2022,10353710.0,,https://ec.europa.eu/eurostat/api/dissemination/statistics/1.0/data/urb_cpop1?lang=EN&cities=FR001C&sinceTimePeriod=2015&indic_ur=DE1001V,False
ghsl_2878,Paris,FR001C,Paris (greater city),urb_cpop1,DE1001V,"Population on the 1st of January, total",2023,10159710.0,b,https://ec.europa.eu/eurostat/api/dissemination/statistics/1.0/data/urb_cpop1?lang=EN&cities=FR001C&sinceTimePeriod=2015&indic_ur=DE1001V,False
ghsl_2878,Paris,FR001C,Paris (greater city),urb_ctran,TT1003V,Share of journeys to work by car -%,2015,37.1,,https://ec.europa.eu/eurostat/api/dissemination/statistics/1.0/data/urb_ctran?lang=EN&cities=FR001C&sinceTimePeriod=2015,False
ghsl_2878,Paris,FR001C,Paris (greater city),urb_ctran,TT1003V,Share of journeys to work by car -%,2016,36.9,,https://ec.europa.eu/eurostat/api/dissemination/statistics/1.0/data/urb_ctran?lang=EN&cities=FR001C&sinceTimePeriod=2015,False
ghsl_2878,Paris,FR001C,Paris (greater city),urb_ctran,TT1003V,Share of journeys to work by car -%,2017,36.4,,https://ec.europa.eu/eurostat/api/dissemination/statistics/1.0/data/urb_ctran?lang=EN&cities=FR001C&sinceTimePeriod=2015,False
ghsl_2878,Paris,FR001C,Paris (greater city),urb_ctran,TT1003V,Share of journeys to work by car -%,2018,35.9,,https://ec.europa.eu/eurostat/api/dissemination/statistics/1.0/data/urb_ctran?lang=EN&cities=FR001C&sinceTimePeriod=2015,False
ghsl_2878,Paris,FR001C,Paris (greater city),urb_ctran,TT1003V,Share of journeys to work by car -%,2019,36.0,,https://ec.europa.eu/eurostat/api/dissemination/statistics/1.0/data/urb_ctran?lang=EN&cities=FR001C&sinceTimePeriod=2015,False
ghsl_2878,Paris,FR001C,Paris (greater city),urb_ctran,TT1003V,Share of journeys to work by car -%,2020,35.7,,https://ec.europa.eu/eurostat/api/dissemination/statistics/1.0/data/urb_ctran?lang=EN&cities=FR001C&sinceTimePeriod=2015,False
ghsl_2878,Paris,FR001C,Paris (greater city),urb_ctran,TT1006V,Share of journeys to work by motorcycle -%,2017,3.4,,https://ec.europa.eu/eurostat/api/dissemination/statistics/1.0/data/urb_ctran?lang=EN&cities=FR001C&sinceTimePeriod=2015,False
ghsl_2878,Paris,FR001C,Paris (greater city),urb_ctran,TT1006V,Share of journeys to work by motorcycle -%,2018,3.4,,https://ec.europa.eu/eurostat/api/dissemination/statistics/1.0/data/urb_ctran?lang=EN&cities=FR001C&sinceTimePeriod=2015,False
ghsl_2878,Paris,FR001C,Paris (greater city),urb_ctran,TT1006V,Share of journeys to work by motorcycle -%,2019,3.3,,https://ec.europa.eu/eurostat/api/dissemination/statistics/1.0/data/urb_ctran?lang=EN&cities=FR001C&sinceTimePeriod=2015,False
ghsl_2878,Paris,FR001C,Paris (greater city),urb_ctran,TT1006V,Share of journeys to work by motorcycle -%,2020,3.3,,https://ec.europa.eu/eurostat/api/dissemination/statistics/1.0/data/urb_ctran?lang=EN&cities=FR001C&sinceTimePeriod=2015,False
ghsl_2878,Paris,FR001C,Paris (greater city),urb_ctran,TT1007V,Share of journeys to work by bicycle -%,2017,2.5,,https://ec.europa.eu/eurostat/api/dissemination/statistics/1.0/data/urb_ctran?lang=EN&cities=FR001C&sinceTimePeriod=2015,False
ghsl_2878,Paris,FR001C,Paris (greater city),urb_ctran,TT1007V,Share of journeys to work by bicycle -%,2018,2.8,,https://ec.europa.eu/eurostat/api/dissemination/statistics/1.0/data/urb_ctran?lang=EN&cities=FR001C&sinceTimePeriod=2015,False
ghsl_2878,Paris,FR001C,Paris (greater city),urb_ctran,TT1007V,Share of journeys to work by bicycle -%,2019,2.8,,https://ec.europa.eu/eurostat/api/dissemination/statistics/1.0/data/urb_ctran?lang=EN&cities=FR001C&sinceTimePeriod=2015,False
ghsl_2878,Paris,FR001C,Paris (greater city),urb_ctran,TT1007V,Share of journeys to work by bicycle -%,2020,3.4,,https://ec.europa.eu/eurostat/api/dissemination/statistics/1.0/data/urb_ctran?lang=EN&cities=FR001C&sinceTimePeriod=2015,False
ghsl_2878,Paris,FR001C,Paris (greater city),urb_ctran,TT1008V,Share of journeys to work by foot -%,2015,7.8,,https://ec.europa.eu/eurostat/api/dissemination/statistics/1.0/data/urb_ctran?lang=EN&cities=FR001C&sinceTimePeriod=2015,False
ghsl_2878,Paris,FR001C,Paris (greater city),urb_ctran,TT1008V,Share of journeys to work by foot -%,2016,7.7,,https://ec.europa.eu/eurostat/api/dissemination/statistics/1.0/data/urb_ctran?lang=EN&cities=FR001C&sinceTimePeriod=2015,False
ghsl_2878,Paris,FR001C,Paris (greater city),urb_ctran,TT1008V,Share of journeys to work by foot -%,2017,7.6,,https://ec.europa.eu/eurostat/api/dissemination/statistics/1.0/data/urb_ctran?lang=EN&cities=FR001C&sinceTimePeriod=2015,False
ghsl_2878,Paris,FR001C,Paris (greater city),urb_ctran,TT1008V,Share of journeys to work by foot -%,2018,7.7,,https://ec.europa.eu/eurostat/api/dissemination/statistics/1.0/data/urb_ctran?lang=EN&cities=FR001C&sinceTimePeriod=2015,False
ghsl_2878,Paris,FR001C,Paris (greater city),urb_ctran,TT1008V,Share of journeys to work by foot -%,2019,7.6,,https://ec.europa.eu/eurostat/api/dissemination/statistics/1.0/data/urb_ctran?lang=EN&cities=FR001C&sinceTimePeriod=2015,False
ghsl_2878,Paris,FR001C,Paris (greater city),urb_ctran,TT1008V,Share of journeys to work by foot -%,2020,7.8,,https://ec.europa.eu/eurostat/api/dissemination/statistics/1.0/data/urb_ctran?lang=EN&cities=FR001C&sinceTimePeriod=2015,False
ghsl_2878,Paris,FR001C,Paris (greater city),urb_ctran,TT1010V,"Share of journeys to work by public transport (rail, metro, bus, tram) -%",2015,49.5,,https://ec.europa.eu/eurostat/api/dissemination/statistics/1.0/data/urb_ctran?lang=EN&cities=FR001C&sinceTimePeriod=2015,False
ghsl_2878,Paris,FR001C,Paris (greater city),urb_ctran,TT1010V,"Share of journeys to work by public transport (rail, metro, bus, tram) -%",2016,49.7,,https://ec.europa.eu/eurostat/api/dissemination/statistics/1.0/data/urb_ctran?lang=EN&cities=FR001C&sinceTimePeriod=2015,False
ghsl_2878,Paris,FR001C,Paris (greater city),urb_ctran,TT1010V,"Share of journeys to work by public transport (rail, metro, bus, tram) -%",2017,50.1,,https://ec.europa.eu/eurostat/api/dissemination/statistics/1.0/data/urb_ctran?lang=EN&cities=FR001C&sinceTimePeriod=2015,False
ghsl_2878,Paris,FR001C,Paris (greater city),urb_ctran,TT1010V,"Share of journeys to work by public transport (rail, metro, bus, tram) -%",2018,50.2,,https://ec.europa.eu/eurostat/api/dissemination/statistics/1.0/data/urb_ctran?lang=EN&cities=FR001C&sinceTimePeriod=2015,False
ghsl_2878,Paris,FR001C,Paris (greater city),urb_ctran,TT1010V,"Share of journeys to work by public transport (rail, metro, bus, tram) -%",2019,50.2,,https://ec.europa.eu/eurostat/api/dissemination/statistics/1.0/data/urb_ctran?lang=EN&cities=FR001C&sinceTimePeriod=2015,False
ghsl_2878,Paris,FR001C,Paris (greater city),urb_ctran,TT1010V,"Share of journeys to work by public transport (rail, metro, bus, tram) -%",2020,49.9,,https://ec.europa.eu/eurostat/api/dissemination/statistics/1.0/data/urb_ctran?lang=EN&cities=FR001C&sinceTimePeriod=2015,False
ghsl_2878,Paris,FR001C,Paris (greater city),urb_ctran,TT1012V,Share of journeys to work by car or motorcycle -%,2017,39.8,,https://ec.europa.eu/eurostat/api/dissemination/statistics/1.0/data/urb_ctran?lang=EN&cities=FR001C&sinceTimePeriod=2015,False
ghsl_2878,Paris,FR001C,Paris (greater city),urb_ctran,TT1012V,Share of journeys to work by car or motorcycle -%,2018,39.3,,https://ec.europa.eu/eurostat/api/dissemination/statistics/1.0/data/urb_ctran?lang=EN&cities=FR001C&sinceTimePeriod=2015,False
ghsl_2878,Paris,FR001C,Paris (greater city),urb_ctran,TT1012V,Share of journeys to work by car or motorcycle -%,2019,39.3,,https://ec.europa.eu/eurostat/api/dissemination/statistics/1.0/data/urb_ctran?lang=EN&cities=FR001C&sinceTimePeriod=2015,False
ghsl_2878,Paris,FR001C,Paris (greater city),urb_ctran,TT1012V,Share of journeys to work by car or motorcycle -%,2020,39.0,,https://ec.europa.eu/eurostat/api/dissemination/statistics/1.0/data/urb_ctran?lang=EN&cities=FR001C&sinceTimePeriod=2015,False
ghsl_2878,Paris,FR001C,Paris (greater city),urb_ctran,TT1057I,Number of registered cars per 1000 population,2015,356.75,,https://ec.europa.eu/eurostat/api/dissemination/statistics/1.0/data/urb_ctran?lang=EN&cities=FR001C&sinceTimePeriod=2015,False
ghsl_2878,Paris,FR001C,Paris (greater city),urb_ctran,TT1057I,Number of registered cars per 1000 population,2016,356.51,,https://ec.europa.eu/eurostat/api/dissemination/statistics/1.0/data/urb_ctran?lang=EN&cities=FR001C&sinceTimePeriod=2015,False
ghsl_2878,Paris,FR001C,Paris (greater city),urb_ctran,TT1057I,Number of registered cars per 1000 population,2017,355.69,,https://ec.europa.eu/eurostat/api/dissemination/statistics/1.0/data/urb_ctran?lang=EN&cities=FR001C&sinceTimePeriod=2015,False
ghsl_2878,Paris,FR001C,Paris (greater city),urb_ctran,TT1057I,Number of registered cars per 1000 population,2018,355.24,,https://ec.europa.eu/eurostat/api/dissemination/statistics/1.0/data/urb_ctran?lang=EN&cities=FR001C&sinceTimePeriod=2015,False
ghsl_2878,Paris,FR001C,Paris (greater city),urb_ctran,TT1057I,Number of registered cars per 1000 population,2019,356.2,,https://ec.europa.eu/eurostat/api/dissemination/statistics/1.0/data/urb_ctran?lang=EN&cities=FR001C&sinceTimePeriod=2015,False
ghsl_2878,Paris,FR001C,Paris (greater city),urb_ctran,TT1057I,Number of registered cars per 1000 population,2020,356.89,,https://ec.europa.eu/eurostat/api/dissemination/statistics/1.0/data/urb_ctran?lang=EN&cities=FR001C&sinceTimePeriod=2015,False
ghsl_2878,Paris,FR001C,Paris (greater city),urb_ctran,TT1057I,Number of registered cars per 1000 population,2021,356.01,,https://ec.europa.eu/eurostat/api/dissemination/statistics/1.0/data/urb_ctran?lang=EN&cities=FR001C&sinceTimePeriod=2015,False
ghsl_2878,Paris,FR001C,Paris (greater city),urb_ctran,TT1057I,Number of registered cars per 1000 population,2022,356.17,,https://ec.europa.eu/eurostat/api/dissemination/statistics/1.0/data/urb_ctran?lang=EN&cities=FR001C&sinceTimePeriod=2015,False
ghsl_2878,Paris,FR001C,Paris (greater city),urb_ctran,TT1057I,Number of registered cars per 1000 population,2023,351.9,b,https://ec.europa.eu/eurostat/api/dissemination/statistics/1.0/data/urb_ctran?lang=EN&cities=FR001C&sinceTimePeriod=2015,False
ghsl_2878,Paris,FR001C,Paris (greater city),urb_ctran,TT1057V,Number of private cars registered,2015,3617010.0,,https://ec.europa.eu/eurostat/api/dissemination/statistics/1.0/data/urb_ctran?lang=EN&cities=FR001C&sinceTimePeriod=2015,False
ghsl_2878,Paris,FR001C,Paris (greater city),urb_ctran,TT1057V,Number of private cars registered,2016,3623430.0,,https://ec.europa.eu/eurostat/api/dissemination/statistics/1.0/data/urb_ctran?lang=EN&cities=FR001C&sinceTimePeriod=2015,False
ghsl_2878,Paris,FR001C,Paris (greater city),urb_ctran,TT1057V,Number of private cars registered,2017,3632213.0,,https://ec.europa.eu/eurostat/api/dissemination/statistics/1.0/data/urb_ctran?lang=EN&cities=FR001C&sinceTimePeriod=2015,False
ghsl_2878,Paris,FR001C,Paris (greater city),urb_ctran,TT1057V,Number of private cars registered,2018,3637952.0,,https://ec.europa.eu/eurostat/api/dissemination/statistics/1.0/data/urb_ctran?lang=EN&cities=FR001C&sinceTimePeriod=2015,False
ghsl_2878,Paris,FR001C,Paris (greater city),urb_ctran,TT1057V,Number of private cars registered,2019,3660877.0,,https://ec.europa.eu/eurostat/api/dissemination/statistics/1.0/data/urb_ctran?lang=EN&cities=FR001C&sinceTimePeriod=2015,False
ghsl_2878,Paris,FR001C,Paris (greater city),urb_ctran,TT1057V,Number of private cars registered,2020,3666984.0,,https://ec.europa.eu/eurostat/api/dissemination/statistics/1.0/data/urb_ctran?lang=EN&cities=FR001C&sinceTimePeriod=2015,False
ghsl_2878,Paris,FR001C,Paris (greater city),urb_ctran,TT1057V,Number of private cars registered,2021,3669200.0,,https://ec.europa.eu/eurostat/api/dissemination/statistics/1.0/data/urb_ctran?lang=EN&cities=FR001C&sinceTimePeriod=2015,False
ghsl_2878,Paris,FR001C,Paris (greater city),urb_ctran,TT1057V,Number of private cars registered,2022,3687726.0,,https://ec.europa.eu/eurostat/api/dissemination/statistics/1.0/data/urb_ctran?lang=EN&cities=FR001C&sinceTimePeriod=2015,False
ghsl_2878,Paris,FR001C,Paris (greater city),urb_ctran,TT1057V,Number of private cars registered,2023,3575231.0,b,https://ec.europa.eu/eurostat/api/dissemination/statistics/1.0/data/urb_ctran?lang=EN&cities=FR001C&sinceTimePeriod=2015,False
ghsl_2878,Paris,FR001C,Paris (greater city),urb_ctran,TT1060I,People killed in road accidents per 10000 pop.,2015,0.21,,https://ec.europa.eu/eurostat/api/dissemination/statistics/1.0/data/urb_ctran?lang=EN&cities=FR001C&sinceTimePeriod=2015,False
ghsl_2878,Paris,FR001C,Paris (greater city),urb_ctran,TT1060I,People killed in road accidents per 10000 pop.,2016,0.17,,https://ec.europa.eu/eurostat/api/dissemination/statistics/1.0/data/urb_ctran?lang=EN&cities=FR001C&sinceTimePeriod=2015,False
ghsl_2878,Paris,FR001C,Paris (greater city),urb_ctran,TT1060I,People killed in road accidents per 10000 pop.,2017,0.18,,https://ec.europa.eu/eurostat/api/dissemination/statistics/1.0/data/urb_ctran?lang=EN&cities=FR001C&sinceTimePeriod=2015,False
ghsl_2878,Paris,FR001C,Paris (greater city),urb_ctran,TT1060I,People killed in road accidents per 10000 pop.,2018,0.18,,https://ec.europa.eu/eurostat/api/dissemination/statistics/1.0/data/urb_ctran?lang=EN&cities=FR001C&sinceTimePeriod=2015,False
ghsl_2878,Paris,FR001C,Paris (greater city),urb_ctran,TT1060I,People killed in road accidents per 10000 pop.,2019,0.16,,https://ec.europa.eu/eurostat/api/dissemination/statistics/1.0/data/urb_ctran?lang=EN&cities=FR001C&sinceTimePeriod=2015,False
ghsl_2878,Paris,FR001C,Paris (greater city),urb_ctran,TT1060I,People killed in road accidents per 10000 pop.,2020,0.16,,https://ec.europa.eu/eurostat/api/dissemination/statistics/1.0/data/urb_ctran?lang=EN&cities=FR001C&sinceTimePeriod=2015,False
ghsl_2878,Paris,FR001C,Paris (greater city),urb_ctran,TT1060I,People killed in road accidents per 10000 pop.,2021,0.19,,https://ec.europa.eu/eurostat/api/dissemination/statistics/1.0/data/urb_ctran?lang=EN&cities=FR001C&sinceTimePeriod=2015,False
ghsl_2878,Paris,FR001C,Paris (greater city),urb_ctran,TT1060I,People killed in road accidents per 10000 pop.,2022,0.17,,https://ec.europa.eu/eurostat/api/dissemination/statistics/1.0/data/urb_ctran?lang=EN&cities=FR001C&sinceTimePeriod=2015,False
ghsl_2878,Paris,FR001C,Paris (greater city),urb_ctran,TT1060V,Number of deaths in road accidents,2015,208.0,,https://ec.europa.eu/eurostat/api/dissemination/statistics/1.0/data/urb_ctran?lang=EN&cities=FR001C&sinceTimePeriod=2015,False
ghsl_2878,Paris,FR001C,Paris (greater city),urb_ctran,TT1060V,Number of deaths in road accidents,2016,177.0,,https://ec.europa.eu/eurostat/api/dissemination/statistics/1.0/data/urb_ctran?lang=EN&cities=FR001C&sinceTimePeriod=2015,False
ghsl_2878,Paris,FR001C,Paris (greater city),urb_ctran,TT1060V,Number of deaths in road accidents,2017,186.0,,https://ec.europa.eu/eurostat/api/dissemination/statistics/1.0/data/urb_ctran?lang=EN&cities=FR001C&sinceTimePeriod=2015,False
ghsl_2878,Paris,FR001C,Paris (greater city),urb_ctran,TT1060V,Number of deaths in road accidents,2018,181.0,,https://ec.europa.eu/eurostat/api/dissemination/statistics/1.0/data/urb_ctran?lang=EN&cities=FR001C&sinceTimePeriod=2015,False
ghsl_2878,Paris,FR001C,Paris (greater city),urb_ctran,TT1060V,Number of deaths in road accidents,2019,160.0,,https://ec.europa.eu/eurostat/api/dissemination/statistics/1.0/data/urb_ctran?lang=EN&cities=FR001C&sinceTimePeriod=2015,False
ghsl_2878,Paris,FR001C,Paris (greater city),urb_ctran,TT1060V,Number of deaths in road accidents,2020,165.0,,https://ec.europa.eu/eurostat/api/dissemination/statistics/1.0/data/urb_ctran?lang=EN&cities=FR001C&sinceTimePeriod=2015,False
ghsl_2878,Paris,FR001C,Paris (greater city),urb_ctran,TT1060V,Number of deaths in road accidents,2021,196.0,,https://ec.europa.eu/eurostat/api/dissemination/statistics/1.0/data/urb_ctran?lang=EN&cities=FR001C&sinceTimePeriod=2015,False
ghsl_2878,Paris,FR001C,Paris (greater city),urb_ctran,TT1060V,Number of deaths in road accidents,2022,175.0,,https://ec.europa.eu/eurostat/api/dissemination/statistics/1.0/data/urb_ctran?lang=EN&cities=FR001C&sinceTimePeriod=2015,False
ghsl_2878,Paris,FR001C,Paris (greater city),urb_ctran,TT1060V,Number of deaths in road accidents,2024,161.0,b,https://ec.europa.eu/eurostat/api/dissemination/statistics/1.0/data/urb_ctran?lang=EN&cities=FR001C&sinceTimePeriod=2015,False
ghsl_2878,Paris,FR001C,Paris (greater city),urb_ctran,TT1064V,People commuting into the city,2015,683585.0,,https://ec.europa.eu/eurostat/api/dissemination/statistics/1.0/data/urb_ctran?lang=EN&cities=FR001C&sinceTimePeriod=2015,False
ghsl_2878,Paris,FR001C,Paris (greater city),urb_ctran,TT1064V,People commuting into the city,2016,688370.0,,https://ec.europa.eu/eurostat/api/dissemination/statistics/1.0/data/urb_ctran?lang=EN&cities=FR001C&sinceTimePeriod=2015,False
ghsl_2878,Paris,FR001C,Paris (greater city),urb_ctran,TT1064V,People commuting into the city,2017,693789.0,,https://ec.europa.eu/eurostat/api/dissemination/statistics/1.0/data/urb_ctran?lang=EN&cities=FR001C&sinceTimePeriod=2015,False
ghsl_2878,Paris,FR001C,Paris (greater city),urb_ctran,TT1064V,People commuting into the city,2018,703669.0,,https://ec.europa.eu/eurostat/api/dissemination/statistics/1.0/data/urb_ctran?lang=EN&cities=FR001C&sinceTimePeriod=2015,False
ghsl_2878,Paris,FR001C,Paris (greater city),urb_ctran,TT1064V,People commuting into the city,2019,707010.0,,https://ec.europa.eu/eurostat/api/dissemination/statistics/1.0/data/urb_ctran?lang=EN&cities=FR001C&sinceTimePeriod=2015,False
ghsl_2878,Paris,FR001C,Paris (greater city),urb_ctran,TT1064V,People commuting into the city,2020,722207.0,,https://ec.europa.eu/eurostat/api/dissemination/statistics/1.0/data/urb_ctran?lang=EN&cities=FR001C&sinceTimePeriod=2015,False
ghsl_2878,Paris,FR001C,Paris (greater city),urb_ctran,TT1065V,People commuting out of the city,2015,210871.0,,https://ec.europa.eu/eurostat/api/dissemination/statistics/1.0/data/urb_ctran?lang=EN&cities=FR001C&sinceTimePeriod=2015,False
ghsl_2878,Paris,FR001C,Paris (greater city),urb_ctran,TT1065V,People commuting out of the city,2016,213961.0,,https://ec.europa.eu/eurostat/api/dissemination/statistics/1.0/data/urb_ctran?lang=EN&cities=FR001C&sinceTimePeriod=2015,False
ghsl_2878,Paris,FR001C,Paris (greater city),urb_ctran,TT1065V,People commuting out of the city,2017,217710.0,,https://ec.europa.eu/eurostat/api/dissemination/statistics/1.0/data/urb_ctran?lang=EN&cities=FR001C&sinceTimePeriod=2015,False
ghsl_2878,Paris,FR001C,Paris (greater city),urb_ctran,TT1065V,People commuting out of the city,2018,219988.0,,https://ec.europa.eu/eurostat/api/dissemination/statistics/1.0/data/urb_ctran?lang=EN&cities=FR001C&sinceTimePeriod=2015,False
ghsl_2878,Paris,FR001C,Paris (greater city),urb_ctran,TT1065V,People commuting out of the city,2019,221169.0,,https://ec.europa.eu/eurostat/api/dissemination/statistics/1.0/data/urb_ctran?lang=EN&cities=FR001C&sinceTimePeriod=2015,False
ghsl_2878,Paris,FR001C,Paris (greater city),urb_ctran,TT1065V,People commuting out of the city,2020,223247.0,,https://ec.europa.eu/eurostat/api/dissemination/statistics/1.0/data/urb_ctran?lang=EN&cities=FR001C&sinceTimePeriod=2015,False
ghsl_2878,Paris,FR001C,Paris (greater city),urb_ctran,TT1081V,Cost of a taxi ride of 5 km to the centre at day time - EUR,2015,7.85,e,https://ec.europa.eu/eurostat/api/dissemination/statistics/1.0/data/urb_ctran?lang=EN&cities=FR001C&sinceTimePeriod=2015,False
ghsl_2878,Paris,FR001C,Paris (greater city),urb_ctran,TT1081V,Cost of a taxi ride of 5 km to the centre at day time - EUR,2016,7.85,e,https://ec.europa.eu/eurostat/api/dissemination/statistics/1.0/data/urb_ctran?lang=EN&cities=FR001C&sinceTimePeriod=2015,False
ghsl_2878,Paris,FR001C,Paris (greater city),urb_ctran,TT1081V,Cost of a taxi ride of 5 km to the centre at day time - EUR,2017,7.9,e,https://ec.europa.eu/eurostat/api/dissemination/statistics/1.0/data/urb_ctran?lang=EN&cities=FR001C&sinceTimePeriod=2015,False
ghsl_2878,Paris,FR001C,Paris (greater city),urb_ctran,TT1081V,Cost of a taxi ride of 5 km to the centre at day time - EUR,2018,7.9,e,https://ec.europa.eu/eurostat/api/dissemination/statistics/1.0/data/urb_ctran?lang=EN&cities=FR001C&sinceTimePeriod=2015,False
ghsl_2878,Paris,FR001C,Paris (greater city),urb_ctran,TT1081V,Cost of a taxi ride of 5 km to the centre at day time - EUR,2019,7.95,e,https://ec.europa.eu/eurostat/api/dissemination/statistics/1.0/data/urb_ctran?lang=EN&cities=FR001C&sinceTimePeriod=2015,False
ghsl_2878,Paris,FR001C,Paris (greater city),urb_ctran,TT1081V,Cost of a taxi ride of 5 km to the centre at day time - EUR,2020,8.05,e,https://ec.europa.eu/eurostat/api/dissemination/statistics/1.0/data/urb_ctran?lang=EN&cities=FR001C&sinceTimePeriod=2015,False
ghsl_2878,Paris,FR001C,Paris (greater city),urb_ctran,TT1081V,Cost of a taxi ride of 5 km to the centre at day time - EUR,2021,8.05,e,https://ec.europa.eu/eurostat/api/dissemination/statistics/1.0/data/urb_ctran?lang=EN&cities=FR001C&sinceTimePeriod=2015,False
ghsl_2878,Paris,FR001C,Paris (greater city),urb_ctran,TT1081V,Cost of a taxi ride of 5 km to the centre at day time - EUR,2022,8.05,e,https://ec.europa.eu/eurostat/api/dissemination/statistics/1.0/data/urb_ctran?lang=EN&cities=FR001C&sinceTimePeriod=2015,False
ghsl_2878,Paris,FR001C,Paris (greater city),urb_ctran,TT1081V,Cost of a taxi ride of 5 km to the centre at day time - EUR,2023,8.3,e,https://ec.europa.eu/eurostat/api/dissemination/statistics/1.0/data/urb_ctran?lang=EN&cities=FR001C&sinceTimePeriod=2015,False
ghsl_2878,Paris,FR001C,Paris (greater city),urb_ctran,TT1081V,Cost of a taxi ride of 5 km to the centre at day time - EUR,2024,9.1,e,https://ec.europa.eu/eurostat/api/dissemination/statistics/1.0/data/urb_ctran?lang=EN&cities=FR001C&sinceTimePeriod=2015,False
ghsl_2878,Paris,FR001C,Paris (greater city),urb_ctran,TT1081V,Cost of a taxi ride of 5 km to the centre at day time - EUR,2025,9.25,e,https://ec.europa.eu/eurostat/api/dissemination/statistics/1.0/data/urb_ctran?lang=EN&cities=FR001C&sinceTimePeriod=2015,False
ghsl_2878,Paris,FR001C,Paris (greater city),urb_cenv,EN3012V,Share of population connected to potable drinking water system - %,2015,100.0,,https://ec.europa.eu/eurostat/api/dissemination/statistics/1.0/data/urb_cenv?lang=EN&cities=FR001C&sinceTimePeriod=2015,False
ghsl_2878,Paris,FR001C,Paris (greater city),urb_cenv,EN3012V,Share of population connected to potable drinking water system - %,2016,100.0,,https://ec.europa.eu/eurostat/api/dissemination/statistics/1.0/data/urb_cenv?lang=EN&cities=FR001C&sinceTimePeriod=2015,False
ghsl_2878,Paris,FR001C,Paris (greater city),urb_cenv,EN4008V,"Municipal waste generated (domestic and commercial), total - 1000 t",2015,4236.0,e,https://ec.europa.eu/eurostat/api/dissemination/statistics/1.0/data/urb_cenv?lang=EN&cities=FR001C&sinceTimePeriod=2015,False
ghsl_2878,Paris,FR001C,Paris (greater city),urb_cenv,EN4008V,"Municipal waste generated (domestic and commercial), total - 1000 t",2017,4349.0,e,https://ec.europa.eu/eurostat/api/dissemination/statistics/1.0/data/urb_cenv?lang=EN&cities=FR001C&sinceTimePeriod=2015,False
ghsl_2878,Paris,FR001C,Paris (greater city),urb_cenv,EN4008V,"Municipal waste generated (domestic and commercial), total - 1000 t",2019,4451.0,e,https://ec.europa.eu/eurostat/api/dissemination/statistics/1.0/data/urb_cenv?lang=EN&cities=FR001C&sinceTimePeriod=2015,False
ghsl_2878,Paris,FR001C,Paris (greater city),urb_cenv,EN4008V,"Municipal waste generated (domestic and commercial), total - 1000 t",2021,4477.0,e,https://ec.europa.eu/eurostat/api/dissemination/statistics/1.0/data/urb_cenv?lang=EN&cities=FR001C&sinceTimePeriod=2015,False
ghsl_2878,Paris,FR001C,Paris (greater city),urb_cenv,EN4008V,"Municipal waste generated (domestic and commercial), total - 1000 t",2023,4188.0,e,https://ec.europa.eu/eurostat/api/dissemination/statistics/1.0/data/urb_cenv?lang=EN&cities=FR001C&sinceTimePeriod=2015,False
ghsl_2878,Paris,FR001C,Paris (greater city),urb_ceduc,TE1001I,Number of Children 0-4 in day care (publ.&priv) per 1000 children 0-4,2015,412.2,d,https://ec.europa.eu/eurostat/api/dissemination/statistics/1.0/data/urb_ceduc?lang=EN&cities=FR001C&sinceTimePeriod=2015,False
ghsl_2878,Paris,FR001C,Paris (greater city),urb_ceduc,TE1001I,Number of Children 0-4 in day care (publ.&priv) per 1000 children 0-4,2016,414.2,d,https://ec.europa.eu/eurostat/api/dissemination/statistics/1.0/data/urb_ceduc?lang=EN&cities=FR001C&sinceTimePeriod=2015,False
ghsl_2878,Paris,FR001C,Paris (greater city),urb_ceduc,TE1001I,Number of Children 0-4 in day care (publ.&priv) per 1000 children 0-4,2017,417.0,d,https://ec.europa.eu/eurostat/api/dissemination/statistics/1.0/data/urb_ceduc?lang=EN&cities=FR001C&sinceTimePeriod=2015,False
ghsl_2878,Paris,FR001C,Paris (greater city),urb_ceduc,TE1001I,Number of Children 0-4 in day care (publ.&priv) per 1000 children 0-4,2018,421.1,d,https://ec.europa.eu/eurostat/api/dissemination/statistics/1.0/data/urb_ceduc?lang=EN&cities=FR001C&sinceTimePeriod=2015,False
ghsl_2878,Paris,FR001C,Paris (greater city),urb_ceduc,TE1001I,Number of Children 0-4 in day care (publ.&priv) per 1000 children 0-4,2019,416.4,d,https://ec.europa.eu/eurostat/api/dissemination/statistics/1.0/data/urb_ceduc?lang=EN&cities=FR001C&sinceTimePeriod=2015,False
ghsl_2878,Paris,FR001C,Paris (greater city),urb_ceduc,TE1001I,Number of Children 0-4 in day care (publ.&priv) per 1000 children 0-4,2020,418.0,d,https://ec.europa.eu/eurostat/api/dissemination/statistics/1.0/data/urb_ceduc?lang=EN&cities=FR001C&sinceTimePeriod=2015,False
ghsl_2878,Paris,FR001C,Paris (greater city),urb_ceduc,TE1001I,Number of Children 0-4 in day care (publ.&priv) per 1000 children 0-4,2021,414.8,d,https://ec.europa.eu/eurostat/api/dissemination/statistics/1.0/data/urb_ceduc?lang=EN&cities=FR001C&sinceTimePeriod=2015,False
ghsl_2878,Paris,FR001C,Paris (greater city),urb_ceduc,TE1001I,Number of Children 0-4 in day care (publ.&priv) per 1000 children 0-4,2022,417.4,d,https://ec.europa.eu/eurostat/api/dissemination/statistics/1.0/data/urb_ceduc?lang=EN&cities=FR001C&sinceTimePeriod=2015,False
ghsl_2878,Paris,FR001C,Paris (greater city),urb_ceduc,TE1001I,Number of Children 0-4 in day care (publ.&priv) per 1000 children 0-4,2023,432.2,,https://ec.europa.eu/eurostat/api/dissemination/statistics/1.0/data/urb_ceduc?lang=EN&cities=FR001C&sinceTimePeriod=2015,False
ghsl_2878,Paris,FR001C,Paris (greater city),urb_ceduc,TE1001V,Number of children 0-4 in day care or school,2015,283801.0,d,https://ec.europa.eu/eurostat/api/dissemination/statistics/1.0/data/urb_ceduc?lang=EN&cities=FR001C&sinceTimePeriod=2015,False
ghsl_2878,Paris,FR001C,Paris (greater city),urb_ceduc,TE1001V,Number of children 0-4 in day care or school,2016,282880.0,d,https://ec.europa.eu/eurostat/api/dissemination/statistics/1.0/data/urb_ceduc?lang=EN&cities=FR001C&sinceTimePeriod=2015,False
ghsl_2878,Paris,FR001C,Paris (greater city),urb_ceduc,TE1001V,Number of children 0-4 in day care or school,2017,283699.0,d,https://ec.europa.eu/eurostat/api/dissemination/statistics/1.0/data/urb_ceduc?lang=EN&cities=FR001C&sinceTimePeriod=2015,False
ghsl_2878,Paris,FR001C,Paris (greater city),urb_ceduc,TE1001V,Number of children 0-4 in day care or school,2018,283629.0,d,https://ec.europa.eu/eurostat/api/dissemination/statistics/1.0/data/urb_ceduc?lang=EN&cities=FR001C&sinceTimePeriod=2015,False
ghsl_2878,Paris,FR001C,Paris (greater city),urb_ceduc,TE1001V,Number of children 0-4 in day care or school,2019,281540.0,d,https://ec.europa.eu/eurostat/api/dissemination/statistics/1.0/data/urb_ceduc?lang=EN&cities=FR001C&sinceTimePeriod=2015,False
ghsl_2878,Paris,FR001C,Paris (greater city),urb_ceduc,TE1001V,Number of children 0-4 in day care or school,2020,276953.0,d,https://ec.europa.eu/eurostat/api/dissemination/statistics/1.0/data/urb_ceduc?lang=EN&cities=FR001C&sinceTimePeriod=2015,False
ghsl_2878,Paris,FR001C,Paris (greater city),urb_ceduc,TE1001V,Number of children 0-4 in day care or school,2021,270450.0,d,https://ec.europa.eu/eurostat/api/dissemination/statistics/1.0/data/urb_ceduc?lang=EN&cities=FR001C&sinceTimePeriod=2015,False
ghsl_2878,Paris,FR001C,Paris (greater city),urb_ceduc,TE1001V,Number of children 0-4 in day care or school,2022,267152.0,d,https://ec.europa.eu/eurostat/api/dissemination/statistics/1.0/data/urb_ceduc?lang=EN&cities=FR001C&sinceTimePeriod=2015,False
ghsl_2878,Paris,FR001C,Paris (greater city),urb_ceduc,TE1001V,Number of children 0-4 in day care or school,2023,263992.0,d,https://ec.europa.eu/eurostat/api/dissemination/statistics/1.0/data/urb_ceduc?lang=EN&cities=FR001C&sinceTimePeriod=2015,False
ghsl_2878,Paris,FR001C,Paris (greater city),urb_ceduc,TE1001V,Number of children 0-4 in day care or school,2025,250239.0,d,https://ec.europa.eu/eurostat/api/dissemination/statistics/1.0/data/urb_ceduc?lang=EN&cities=FR001C&sinceTimePeriod=2015,False
ghsl_2878,Paris,FR001C,Paris (greater city),urb_ceduc,TE1026I,Share of students in higher education in the total population (per 1000 persons),2015,62.5,,https://ec.europa.eu/eurostat/api/dissemination/statistics/1.0/data/urb_ceduc?lang=EN&cities=FR001C&sinceTimePeriod=2015,False
ghsl_2878,Paris,FR001C,Paris (greater city),urb_ceduc,TE1026I,Share of students in higher education in the total population (per 1000 persons),2016,63.5,,https://ec.europa.eu/eurostat/api/dissemination/statistics/1.0/data/urb_ceduc?lang=EN&cities=FR001C&sinceTimePeriod=2015,False
ghsl_2878,Paris,FR001C,Paris (greater city),urb_ceduc,TE1026I,Share of students in higher education in the total population (per 1000 persons),2017,65.8,,https://ec.europa.eu/eurostat/api/dissemination/statistics/1.0/data/urb_ceduc?lang=EN&cities=FR001C&sinceTimePeriod=2015,False
ghsl_2878,Paris,FR001C,Paris (greater city),urb_ceduc,TE1026I,Share of students in higher education in the total population (per 1000 persons),2018,67.2,,https://ec.europa.eu/eurostat/api/dissemination/statistics/1.0/data/urb_ceduc?lang=EN&cities=FR001C&sinceTimePeriod=2015,False
ghsl_2878,Paris,FR001C,Paris (greater city),urb_ceduc,TE1026I,Share of students in higher education in the total population (per 1000 persons),2019,68.0,,https://ec.europa.eu/eurostat/api/dissemination/statistics/1.0/data/urb_ceduc?lang=EN&cities=FR001C&sinceTimePeriod=2015,False
ghsl_2878,Paris,FR001C,Paris (greater city),urb_ceduc,TE1026I,Share of students in higher education in the total population (per 1000 persons),2020,71.7,,https://ec.europa.eu/eurostat/api/dissemination/statistics/1.0/data/urb_ceduc?lang=EN&cities=FR001C&sinceTimePeriod=2015,False
ghsl_2878,Paris,FR001C,Paris (greater city),urb_ceduc,TE1026I,Share of students in higher education in the total population (per 1000 persons),2021,74.5,,https://ec.europa.eu/eurostat/api/dissemination/statistics/1.0/data/urb_ceduc?lang=EN&cities=FR001C&sinceTimePeriod=2015,False
ghsl_2878,Paris,FR001C,Paris (greater city),urb_ceduc,TE1026I,Share of students in higher education in the total population (per 1000 persons),2022,74.6,,https://ec.europa.eu/eurostat/api/dissemination/statistics/1.0/data/urb_ceduc?lang=EN&cities=FR001C&sinceTimePeriod=2015,False
ghsl_2878,Paris,FR001C,Paris (greater city),urb_ceduc,TE1026V,"Students in higher education (ISCED level 5-8 from 2014 onwards), total",2015,633946.0,,https://ec.europa.eu/eurostat/api/dissemination/statistics/1.0/data/urb_ceduc?lang=EN&cities=FR001C&sinceTimePeriod=2015,False
ghsl_2878,Paris,FR001C,Paris (greater city),urb_ceduc,TE1026V,"Students in higher education (ISCED level 5-8 from 2014 onwards), total",2016,645625.0,,https://ec.europa.eu/eurostat/api/dissemination/statistics/1.0/data/urb_ceduc?lang=EN&cities=FR001C&sinceTimePeriod=2015,False
ghsl_2878,Paris,FR001C,Paris (greater city),urb_ceduc,TE1026V,"Students in higher education (ISCED level 5-8 from 2014 onwards), total",2017,671987.0,,https://ec.europa.eu/eurostat/api/dissemination/statistics/1.0/data/urb_ceduc?lang=EN&cities=FR001C&sinceTimePeriod=2015,False
ghsl_2878,Paris,FR001C,Paris (greater city),urb_ceduc,TE1026V,"Students in higher education (ISCED level 5-8 from 2014 onwards), total",2018,687844.0,,https://ec.europa.eu/eurostat/api/dissemination/statistics/1.0/data/urb_ceduc?lang=EN&cities=FR001C&sinceTimePeriod=2015,False
ghsl_2878,Paris,FR001C,Paris (greater city),urb_ceduc,TE1026V,"Students in higher education (ISCED level 5-8 from 2014 onwards), total",2019,698527.0,,https://ec.europa.eu/eurostat/api/dissemination/statistics/1.0/data/urb_ceduc?lang=EN&cities=FR001C&sinceTimePeriod=2015,False
ghsl_2878,Paris,FR001C,Paris (greater city),urb_ceduc,TE1026V,"Students in higher education (ISCED level 5-8 from 2014 onwards), total",2020,737121.0,,https://ec.europa.eu/eurostat/api/dissemination/statistics/1.0/data/urb_ceduc?lang=EN&cities=FR001C&sinceTimePeriod=2015,False
ghsl_2878,Paris,FR001C,Paris (greater city),urb_ceduc,TE1026V,"Students in higher education (ISCED level 5-8 from 2014 onwards), total",2021,767899.0,,https://ec.europa.eu/eurostat/api/dissemination/statistics/1.0/data/urb_ceduc?lang=EN&cities=FR001C&sinceTimePeriod=2015,False
ghsl_2878,Paris,FR001C,Paris (greater city),urb_ceduc,TE1026V,"Students in higher education (ISCED level 5-8 from 2014 onwards), total",2022,772728.0,,https://ec.europa.eu/eurostat/api/dissemination/statistics/1.0/data/urb_ceduc?lang=EN&cities=FR001C&sinceTimePeriod=2015,False
ghsl_2878,Paris,FR001C,Paris (greater city),urb_ceduc,TE1026V,"Students in higher education (ISCED level 5-8 from 2014 onwards), total",2024,805300.0,b,https://ec.europa.eu/eurostat/api/dissemination/statistics/1.0/data/urb_ceduc?lang=EN&cities=FR001C&sinceTimePeriod=2015,False
ghsl_2878,Paris,FR001C,Paris (greater city),urb_ceduc,TE1027V,"Students in higher education (ISCED level 5-8 from 2014 onwards), male",2015,282014.0,,https://ec.europa.eu/eurostat/api/dissemination/statistics/1.0/data/urb_ceduc?lang=EN&cities=FR001C&sinceTimePeriod=2015,False
ghsl_2878,Paris,FR001C,Paris (greater city),urb_ceduc,TE1027V,"Students in higher education (ISCED level 5-8 from 2014 onwards), male",2016,286600.0,,https://ec.europa.eu/eurostat/api/dissemination/statistics/1.0/data/urb_ceduc?lang=EN&cities=FR001C&sinceTimePeriod=2015,False
ghsl_2878,Paris,FR001C,Paris (greater city),urb_ceduc,TE1027V,"Students in higher education (ISCED level 5-8 from 2014 onwards), male",2017,299083.0,,https://ec.europa.eu/eurostat/api/dissemination/statistics/1.0/data/urb_ceduc?lang=EN&cities=FR001C&sinceTimePeriod=2015,False
ghsl_2878,Paris,FR001C,Paris (greater city),urb_ceduc,TE1027V,"Students in higher education (ISCED level 5-8 from 2014 onwards), male",2018,308345.0,,https://ec.europa.eu/eurostat/api/dissemination/statistics/1.0/data/urb_ceduc?lang=EN&cities=FR001C&sinceTimePeriod=2015,False
ghsl_2878,Paris,FR001C,Paris (greater city),urb_ceduc,TE1027V,"Students in higher education (ISCED level 5-8 from 2014 onwards), male",2019,307483.0,,https://ec.europa.eu/eurostat/api/dissemination/statistics/1.0/data/urb_ceduc?lang=EN&cities=FR001C&sinceTimePeriod=2015,False
ghsl_2878,Paris,FR001C,Paris (greater city),urb_ceduc,TE1027V,"Students in higher education (ISCED level 5-8 from 2014 onwards), male",2020,324272.0,,https://ec.europa.eu/eurostat/api/dissemination/statistics/1.0/data/urb_ceduc?lang=EN&cities=FR001C&sinceTimePeriod=2015,False
ghsl_2878,Paris,FR001C,Paris (greater city),urb_ceduc,TE1027V,"Students in higher education (ISCED level 5-8 from 2014 onwards), male",2021,334801.0,,https://ec.europa.eu/eurostat/api/dissemination/statistics/1.0/data/urb_ceduc?lang=EN&cities=FR001C&sinceTimePeriod=2015,False
ghsl_2878,Paris,FR001C,Paris (greater city),urb_ceduc,TE1027V,"Students in higher education (ISCED level 5-8 from 2014 onwards), male",2022,336268.0,,https://ec.europa.eu/eurostat/api/dissemination/statistics/1.0/data/urb_ceduc?lang=EN&cities=FR001C&sinceTimePeriod=2015,False
ghsl_2878,Paris,FR001C,Paris (greater city),urb_ceduc,TE1027V,"Students in higher education (ISCED level 5-8 from 2014 onwards), male",2024,349557.0,b,https://ec.europa.eu/eurostat/api/dissemination/statistics/1.0/data/urb_ceduc?lang=EN&cities=FR001C&sinceTimePeriod=2015,False
ghsl_2878,Paris,FR001C,Paris (greater city),urb_ceduc,TE1028V,"Students in higher education (ISCED level 5-8 from 2014 onwards), female",2015,351932.0,,https://ec.europa.eu/eurostat/api/dissemination/statistics/1.0/data/urb_ceduc?lang=EN&cities=FR001C&sinceTimePeriod=2015,False
ghsl_2878,Paris,FR001C,Paris (greater city),urb_ceduc,TE1028V,"Students in higher education (ISCED level 5-8 from 2014 onwards), female",2016,359025.0,,https://ec.europa.eu/eurostat/api/dissemination/statistics/1.0/data/urb_ceduc?lang=EN&cities=FR001C&sinceTimePeriod=2015,False
ghsl_2878,Paris,FR001C,Paris (greater city),urb_ceduc,TE1028V,"Students in higher education (ISCED level 5-8 from 2014 onwards), female",2017,372904.0,,https://ec.europa.eu/eurostat/api/dissemination/statistics/1.0/data/urb_ceduc?lang=EN&cities=FR001C&sinceTimePeriod=2015,False
ghsl_2878,Paris,FR001C,Paris (greater city),urb_ceduc,TE1028V,"Students in higher education (ISCED level 5-8 from 2014 onwards), female",2018,379499.0,,https://ec.europa.eu/eurostat/api/dissemination/statistics/1.0/data/urb_ceduc?lang=EN&cities=FR001C&sinceTimePeriod=2015,False
ghsl_2878,Paris,FR001C,Paris (greater city),urb_ceduc,TE1028V,"Students in higher education (ISCED level 5-8 from 2014 onwards), female",2019,391044.0,,https://ec.europa.eu/eurostat/api/dissemination/statistics/1.0/data/urb_ceduc?lang=EN&cities=FR001C&sinceTimePeriod=2015,False
ghsl_2878,Paris,FR001C,Paris (greater city),urb_ceduc,TE1028V,"Students in higher education (ISCED level 5-8 from 2014 onwards), female",2020,412849.0,,https://ec.europa.eu/eurostat/api/dissemination/statistics/1.0/data/urb_ceduc?lang=EN&cities=FR001C&sinceTimePeriod=2015,False
ghsl_2878,Paris,FR001C,Paris (greater city),urb_ceduc,TE1028V,"Students in higher education (ISCED level 5-8 from 2014 onwards), female",2021,433098.0,,https://ec.europa.eu/eurostat/api/dissemination/statistics/1.0/data/urb_ceduc?lang=EN&cities=FR001C&sinceTimePeriod=2015,False
ghsl_2878,Paris,FR001C,Paris (greater city),urb_ceduc,TE1028V,"Students in higher education (ISCED level 5-8 from 2014 onwards), female",2022,436460.0,,https://ec.europa.eu/eurostat/api/dissemination/statistics/1.0/data/urb_ceduc?lang=EN&cities=FR001C&sinceTimePeriod=2015,False
ghsl_2878,Paris,FR001C,Paris (greater city),urb_ceduc,TE1028V,"Students in higher education (ISCED level 5-8 from 2014 onwards), female",2024,455743.0,b,https://ec.europa.eu/eurostat/api/dissemination/statistics/1.0/data/urb_ceduc?lang=EN&cities=FR001C&sinceTimePeriod=2015,False
ghsl_2878,Paris,FR001C,Paris (greater city),urb_ceduc,TE2025V,"Persons (aged 25-64) with ISCED level 0, 1or 2 as the highest level of education",2015,1102329.0,,https://ec.europa.eu/eurostat/api/dissemination/statistics/1.0/data/urb_ceduc?lang=EN&cities=FR001C&sinceTimePeriod=2015,False
ghsl_2878,Paris,FR001C,Paris (greater city),urb_ceduc,TE2025V,"Persons (aged 25-64) with ISCED level 0, 1or 2 as the highest level of education",2016,1052605.0,,https://ec.europa.eu/eurostat/api/dissemination/statistics/1.0/data/urb_ceduc?lang=EN&cities=FR001C&sinceTimePeriod=2015,False
ghsl_2878,Paris,FR001C,Paris (greater city),urb_ceduc,TE2025V,"Persons (aged 25-64) with ISCED level 0, 1or 2 as the highest level of education",2017,1005300.0,,https://ec.europa.eu/eurostat/api/dissemination/statistics/1.0/data/urb_ceduc?lang=EN&cities=FR001C&sinceTimePeriod=2015,False
ghsl_2878,Paris,FR001C,Paris (greater city),urb_ceduc,TE2025V,"Persons (aged 25-64) with ISCED level 0, 1or 2 as the highest level of education",2018,961652.0,,https://ec.europa.eu/eurostat/api/dissemination/statistics/1.0/data/urb_ceduc?lang=EN&cities=FR001C&sinceTimePeriod=2015,False
ghsl_2878,Paris,FR001C,Paris (greater city),urb_ceduc,TE2025V,"Persons (aged 25-64) with ISCED level 0, 1or 2 as the highest level of education",2019,964652.0,,https://ec.europa.eu/eurostat/api/dissemination/statistics/1.0/data/urb_ceduc?lang=EN&cities=FR001C&sinceTimePeriod=2015,False
ghsl_2878,Paris,FR001C,Paris (greater city),urb_ceduc,TE2025V,"Persons (aged 25-64) with ISCED level 0, 1or 2 as the highest level of education",2020,937420.0,,https://ec.europa.eu/eurostat/api/dissemination/statistics/1.0/data/urb_ceduc?lang=EN&cities=FR001C&sinceTimePeriod=2015,False
ghsl_2878,Paris,FR001C,Paris (greater city),urb_ceduc,TE2025V,"Persons (aged 25-64) with ISCED level 0, 1or 2 as the highest level of education",2021,916213.0,,https://ec.europa.eu/eurostat/api/dissemination/statistics/1.0/data/urb_ceduc?lang=EN&cities=FR001C&sinceTimePeriod=2015,False
ghsl_2878,Paris,FR001C,Paris (greater city),urb_ceduc,TE2025V,"Persons (aged 25-64) with ISCED level 0, 1or 2 as the highest level of education",2022,901306.0,,https://ec.europa.eu/eurostat/api/dissemination/statistics/1.0/data/urb_ceduc?lang=EN&cities=FR001C&sinceTimePeriod=2015,False
ghsl_2878,Paris,FR001C,Paris (greater city),urb_ceduc,TE2025V,"Persons (aged 25-64) with ISCED level 0, 1or 2 as the highest level of education",2023,880083.0,b,https://ec.europa.eu/eurostat/api/dissemination/statistics/1.0/data/urb_ceduc?lang=EN&cities=FR001C&sinceTimePeriod=2015,False
ghsl_2878,Paris,FR001C,Paris (greater city),urb_ceduc,TE2028I,Proportion of working age population qualified at level 3 or 4 ISCED,2015,30.3,,https://ec.europa.eu/eurostat/api/dissemination/statistics/1.0/data/urb_ceduc?lang=EN&cities=FR001C&sinceTimePeriod=2015,False
ghsl_2878,Paris,FR001C,Paris (greater city),urb_ceduc,TE2028I,Proportion of working age population qualified at level 3 or 4 ISCED,2016,30.0,,https://ec.europa.eu/eurostat/api/dissemination/statistics/1.0/data/urb_ceduc?lang=EN&cities=FR001C&sinceTimePeriod=2015,False
ghsl_2878,Paris,FR001C,Paris (greater city),urb_ceduc,TE2028I,Proportion of working age population qualified at level 3 or 4 ISCED,2017,29.5,,https://ec.europa.eu/eurostat/api/dissemination/statistics/1.0/data/urb_ceduc?lang=EN&cities=FR001C&sinceTimePeriod=2015,False
ghsl_2878,Paris,FR001C,Paris (greater city),urb_ceduc,TE2028I,Proportion of working age population qualified at level 3 or 4 ISCED,2018,29.3,,https://ec.europa.eu/eurostat/api/dissemination/statistics/1.0/data/urb_ceduc?lang=EN&cities=FR001C&sinceTimePeriod=2015,False
ghsl_2878,Paris,FR001C,Paris (greater city),urb_ceduc,TE2028I,Proportion of working age population qualified at level 3 or 4 ISCED,2019,29.3,,https://ec.europa.eu/eurostat/api/dissemination/statistics/1.0/data/urb_ceduc?lang=EN&cities=FR001C&sinceTimePeriod=2015,False
ghsl_2878,Paris,FR001C,Paris (greater city),urb_ceduc,TE2028I,Proportion of working age population qualified at level 3 or 4 ISCED,2020,28.8,,https://ec.europa.eu/eurostat/api/dissemination/statistics/1.0/data/urb_ceduc?lang=EN&cities=FR001C&sinceTimePeriod=2015,False
ghsl_2878,Paris,FR001C,Paris (greater city),urb_ceduc,TE2028V,Persons (aged 25-64) with ISCED level 3 or 4 as the highest level of education,2015,1649938.0,,https://ec.europa.eu/eurostat/api/dissemination/statistics/1.0/data/urb_ceduc?lang=EN&cities=FR001C&sinceTimePeriod=2015,False
ghsl_2878,Paris,FR001C,Paris (greater city),urb_ceduc,TE2028V,Persons (aged 25-64) with ISCED level 3 or 4 as the highest level of education,2016,1631058.0,,https://ec.europa.eu/eurostat/api/dissemination/statistics/1.0/data/urb_ceduc?lang=EN&cities=FR001C&sinceTimePeriod=2015,False
ghsl_2878,Paris,FR001C,Paris (greater city),urb_ceduc,TE2028V,Persons (aged 25-64) with ISCED level 3 or 4 as the highest level of education,2017,1612064.0,,https://ec.europa.eu/eurostat/api/dissemination/statistics/1.0/data/urb_ceduc?lang=EN&cities=FR001C&sinceTimePeriod=2015,False
ghsl_2878,Paris,FR001C,Paris (greater city),urb_ceduc,TE2028V,Persons (aged 25-64) with ISCED level 3 or 4 as the highest level of education,2018,1601474.0,,https://ec.europa.eu/eurostat/api/dissemination/statistics/1.0/data/urb_ceduc?lang=EN&cities=FR001C&sinceTimePeriod=2015,False
ghsl_2878,Paris,FR001C,Paris (greater city),urb_ceduc,TE2028V,Persons (aged 25-64) with ISCED level 3 or 4 as the highest level of education,2019,1609154.0,,https://ec.europa.eu/eurostat/api/dissemination/statistics/1.0/data/urb_ceduc?lang=EN&cities=FR001C&sinceTimePeriod=2015,False
ghsl_2878,Paris,FR001C,Paris (greater city),urb_ceduc,TE2028V,Persons (aged 25-64) with ISCED level 3 or 4 as the highest level of education,2020,1575746.0,,https://ec.europa.eu/eurostat/api/dissemination/statistics/1.0/data/urb_ceduc?lang=EN&cities=FR001C&sinceTimePeriod=2015,False
ghsl_2878,Paris,FR001C,Paris (greater city),urb_ceduc,TE2028V,Persons (aged 25-64) with ISCED level 3 or 4 as the highest level of education,2021,1550543.0,,https://ec.europa.eu/eurostat/api/dissemination/statistics/1.0/data/urb_ceduc?lang=EN&cities=FR001C&sinceTimePeriod=2015,False
ghsl_2878,Paris,FR001C,Paris (greater city),urb_ceduc,TE2028V,Persons (aged 25-64) with ISCED level 3 or 4 as the highest level of education,2022,1530803.0,,https://ec.europa.eu/eurostat/api/dissemination/statistics/1.0/data/urb_ceduc?lang=EN&cities=FR001C&sinceTimePeriod=2015,False
ghsl_2878,Paris,FR001C,Paris (greater city),urb_ceduc,TE2028V,Persons (aged 25-64) with ISCED level 3 or 4 as the highest level of education,2023,1466774.0,b,https://ec.europa.eu/eurostat/api/dissemination/statistics/1.0/data/urb_ceduc?lang=EN&cities=FR001C&sinceTimePeriod=2015,False
ghsl_2878,Paris,FR001C,Paris (greater city),urb_ceduc,TE2031I,"Proportion of population aged 25-64 qualified at level 5 to 8 ISCED, from 2014 onwards",2015,46.1,,https://ec.europa.eu/eurostat/api/dissemination/statistics/1.0/data/urb_ceduc?lang=EN&cities=FR001C&sinceTimePeriod=2015,False
ghsl_2878,Paris,FR001C,Paris (greater city),urb_ceduc,TE2031I,"Proportion of population aged 25-64 qualified at level 5 to 8 ISCED, from 2014 onwards",2016,47.3,,https://ec.europa.eu/eurostat/api/dissemination/statistics/1.0/data/urb_ceduc?lang=EN&cities=FR001C&sinceTimePeriod=2015,False
ghsl_2878,Paris,FR001C,Paris (greater city),urb_ceduc,TE2031I,"Proportion of population aged 25-64 qualified at level 5 to 8 ISCED, from 2014 onwards",2017,48.5,,https://ec.europa.eu/eurostat/api/dissemination/statistics/1.0/data/urb_ceduc?lang=EN&cities=FR001C&sinceTimePeriod=2015,False
ghsl_2878,Paris,FR001C,Paris (greater city),urb_ceduc,TE2031I,"Proportion of population aged 25-64 qualified at level 5 to 8 ISCED, from 2014 onwards",2018,49.5,,https://ec.europa.eu/eurostat/api/dissemination/statistics/1.0/data/urb_ceduc?lang=EN&cities=FR001C&sinceTimePeriod=2015,False
ghsl_2878,Paris,FR001C,Paris (greater city),urb_ceduc,TE2031I,"Proportion of population aged 25-64 qualified at level 5 to 8 ISCED, from 2014 onwards",2019,49.5,,https://ec.europa.eu/eurostat/api/dissemination/statistics/1.0/data/urb_ceduc?lang=EN&cities=FR001C&sinceTimePeriod=2015,False
ghsl_2878,Paris,FR001C,Paris (greater city),urb_ceduc,TE2031I,"Proportion of population aged 25-64 qualified at level 5 to 8 ISCED, from 2014 onwards",2020,50.4,,https://ec.europa.eu/eurostat/api/dissemination/statistics/1.0/data/urb_ceduc?lang=EN&cities=FR001C&sinceTimePeriod=2015,False
ghsl_2878,Paris,FR001C,Paris (greater city),urb_ceduc,TE2031V,"Persons aged 25-64 with ISCED level 5, 6, 7 or 8 as the highest level of education, from 2014 onwards",2015,2511143.0,,https://ec.europa.eu/eurostat/api/dissemination/statistics/1.0/data/urb_ceduc?lang=EN&cities=FR001C&sinceTimePeriod=2015,False
ghsl_2878,Paris,FR001C,Paris (greater city),urb_ceduc,TE2031V,"Persons aged 25-64 with ISCED level 5, 6, 7 or 8 as the highest level of education, from 2014 onwards",2016,2573721.0,,https://ec.europa.eu/eurostat/api/dissemination/statistics/1.0/data/urb_ceduc?lang=EN&cities=FR001C&sinceTimePeriod=2015,False
ghsl_2878,Paris,FR001C,Paris (greater city),urb_ceduc,TE2031V,"Persons aged 25-64 with ISCED level 5, 6, 7 or 8 as the highest level of education, from 2014 onwards",2017,2648284.0,,https://ec.europa.eu/eurostat/api/dissemination/statistics/1.0/data/urb_ceduc?lang=EN&cities=FR001C&sinceTimePeriod=2015,False
ghsl_2878,Paris,FR001C,Paris (greater city),urb_ceduc,TE2031V,"Persons aged 25-64 with ISCED level 5, 6, 7 or 8 as the highest level of education, from 2014 onwards",2018,2703560.0,,https://ec.europa.eu/eurostat/api/dissemination/statistics/1.0/data/urb_ceduc?lang=EN&cities=FR001C&sinceTimePeriod=2015,False
ghsl_2878,Paris,FR001C,Paris (greater city),urb_ceduc,TE2031V,"Persons aged 25-64 with ISCED level 5, 6, 7 or 8 as the highest level of education, from 2014 onwards",2019,2715294.0,,https://ec.europa.eu/eurostat/api/dissemination/statistics/1.0/data/urb_ceduc?lang=EN&cities=FR001C&sinceTimePeriod=2015,False
ghsl_2878,Paris,FR001C,Paris (greater city),urb_ceduc,TE2031V,"Persons aged 25-64 with ISCED level 5, 6, 7 or 8 as the highest level of education, from 2014 onwards",2020,2757577.0,,https://ec.europa.eu/eurostat/api/dissemination/statistics/1.0/data/urb_ceduc?lang=EN&cities=FR001C&sinceTimePeriod=2015,False
ghsl_2878,Paris,FR001C,Paris (greater city),urb_ceduc,TE2031V,"Persons aged 25-64 with ISCED level 5, 6, 7 or 8 as the highest level of education, from 2014 onwards",2021,2806927.0,,https://ec.europa.eu/eurostat/api/dissemination/statistics/1.0/data/urb_ceduc?lang=EN&cities=FR001C&sinceTimePeriod=2015,False
ghsl_2878,Paris,FR001C,Paris (greater city),urb_ceduc,TE2031V,"Persons aged 25-64 with ISCED level 5, 6, 7 or 8 as the highest level of education, from 2014 onwards",2022,2862957.0,,https://ec.europa.eu/eurostat/api/dissemination/statistics/1.0/data/urb_ceduc?lang=EN&cities=FR001C&sinceTimePeriod=2015,False
ghsl_2878,Paris,FR001C,Paris (greater city),urb_ceduc,TE2031V,"Persons aged 25-64 with ISCED level 5, 6, 7 or 8 as the highest level of education, from 2014 onwards",2023,2848093.0,b,https://ec.europa.eu/eurostat/api/dissemination/statistics/1.0/data/urb_ceduc?lang=EN&cities=FR001C&sinceTimePeriod=2015,False
ghsl_2878,Paris,FR001C,Paris (greater city),urb_clivcon,DE3001V,Private households (excluding institutional households),2015,4351153.0,,https://ec.europa.eu/eurostat/api/dissemination/statistics/1.0/data/urb_clivcon?lang=EN&cities=FR001C&sinceTimePeriod=2015,False
ghsl_2878,Paris,FR001C,Paris (greater city),urb_clivcon,DE3001V,Private households (excluding institutional households),2016,4380850.0,,https://ec.europa.eu/eurostat/api/dissemination/statistics/1.0/data/urb_clivcon?lang=EN&cities=FR001C&sinceTimePeriod=2015,False
ghsl_2878,Paris,FR001C,Paris (greater city),urb_clivcon,DE3001V,Private households (excluding institutional households),2017,4416258.0,,https://ec.europa.eu/eurostat/api/dissemination/statistics/1.0/data/urb_clivcon?lang=EN&cities=FR001C&sinceTimePeriod=2015,False
ghsl_2878,Paris,FR001C,Paris (greater city),urb_clivcon,DE3001V,Private households (excluding institutional households),2018,4445239.0,,https://ec.europa.eu/eurostat/api/dissemination/statistics/1.0/data/urb_clivcon?lang=EN&cities=FR001C&sinceTimePeriod=2015,False
ghsl_2878,Paris,FR001C,Paris (greater city),urb_clivcon,DE3001V,Private households (excluding institutional households),2019,4472174.0,,https://ec.europa.eu/eurostat/api/dissemination/statistics/1.0/data/urb_clivcon?lang=EN&cities=FR001C&sinceTimePeriod=2015,False
ghsl_2878,Paris,FR001C,Paris (greater city),urb_clivcon,DE3001V,Private households (excluding institutional households),2020,4499816.0,,https://ec.europa.eu/eurostat/api/dissemination/statistics/1.0/data/urb_clivcon?lang=EN&cities=FR001C&sinceTimePeriod=2015,False
ghsl_2878,Paris,FR001C,Paris (greater city),urb_clivcon,DE3001V,Private households (excluding institutional households),2021,4532320.0,,https://ec.europa.eu/eurostat/api/dissemination/statistics/1.0/data/urb_clivcon?lang=EN&cities=FR001C&sinceTimePeriod=2015,False
ghsl_2878,Paris,FR001C,Paris (greater city),urb_clivcon,DE3001V,Private households (excluding institutional households),2022,4574512.0,,https://ec.europa.eu/eurostat/api/dissemination/statistics/1.0/data/urb_clivcon?lang=EN&cities=FR001C&sinceTimePeriod=2015,False
ghsl_2878,Paris,FR001C,Paris (greater city),urb_clivcon,DE3001V,Private households (excluding institutional households),2023,4516297.0,b,https://ec.europa.eu/eurostat/api/dissemination/statistics/1.0/data/urb_clivcon?lang=EN&cities=FR001C&sinceTimePeriod=2015,False
ghsl_2878,Paris,FR001C,Paris (greater city),urb_clivcon,DE3002I,Proportion of households that are 1-person households,2015,37.83,,https://ec.europa.eu/eurostat/api/dissemination/statistics/1.0/data/urb_clivcon?lang=EN&cities=FR001C&sinceTimePeriod=2015,False
ghsl_2878,Paris,FR001C,Paris (greater city),urb_clivcon,DE3002I,Proportion of households that are 1-person households,2016,38.24,,https://ec.europa.eu/eurostat/api/dissemination/statistics/1.0/data/urb_clivcon?lang=EN&cities=FR001C&sinceTimePeriod=2015,False
ghsl_2878,Paris,FR001C,Paris (greater city),urb_clivcon,DE3002I,Proportion of households that are 1-person households,2017,38.6,,https://ec.europa.eu/eurostat/api/dissemination/statistics/1.0/data/urb_clivcon?lang=EN&cities=FR001C&sinceTimePeriod=2015,False
ghsl_2878,Paris,FR001C,Paris (greater city),urb_clivcon,DE3002I,Proportion of households that are 1-person households,2018,38.96,,https://ec.europa.eu/eurostat/api/dissemination/statistics/1.0/data/urb_clivcon?lang=EN&cities=FR001C&sinceTimePeriod=2015,False
ghsl_2878,Paris,FR001C,Paris (greater city),urb_clivcon,DE3002I,Proportion of households that are 1-person households,2019,39.07,,https://ec.europa.eu/eurostat/api/dissemination/statistics/1.0/data/urb_clivcon?lang=EN&cities=FR001C&sinceTimePeriod=2015,False
ghsl_2878,Paris,FR001C,Paris (greater city),urb_clivcon,DE3002I,Proportion of households that are 1-person households,2020,39.69,,https://ec.europa.eu/eurostat/api/dissemination/statistics/1.0/data/urb_clivcon?lang=EN&cities=FR001C&sinceTimePeriod=2015,False
ghsl_2878,Paris,FR001C,Paris (greater city),urb_clivcon,DE3002I,Proportion of households that are 1-person households,2021,40.12,,https://ec.europa.eu/eurostat/api/dissemination/statistics/1.0/data/urb_clivcon?lang=EN&cities=FR001C&sinceTimePeriod=2015,False
ghsl_2878,Paris,FR001C,Paris (greater city),urb_clivcon,DE3002I,Proportion of households that are 1-person households,2022,40.51,,https://ec.europa.eu/eurostat/api/dissemination/statistics/1.0/data/urb_clivcon?lang=EN&cities=FR001C&sinceTimePeriod=2015,False
ghsl_2878,Paris,FR001C,Paris (greater city),urb_clivcon,DE3002I,Proportion of households that are 1-person households,2023,41.07,b,https://ec.europa.eu/eurostat/api/dissemination/statistics/1.0/data/urb_clivcon?lang=EN&cities=FR001C&sinceTimePeriod=2015,False
ghsl_2878,Paris,FR001C,Paris (greater city),urb_clivcon,DE3002V,One person households,2015,1646245.0,,https://ec.europa.eu/eurostat/api/dissemination/statistics/1.0/data/urb_clivcon?lang=EN&cities=FR001C&sinceTimePeriod=2015,False
ghsl_2878,Paris,FR001C,Paris (greater city),urb_clivcon,DE3002V,One person households,2016,1675020.0,,https://ec.europa.eu/eurostat/api/dissemination/statistics/1.0/data/urb_clivcon?lang=EN&cities=FR001C&sinceTimePeriod=2015,False
ghsl_2878,Paris,FR001C,Paris (greater city),urb_clivcon,DE3002V,One person households,2017,1704719.0,,https://ec.europa.eu/eurostat/api/dissemination/statistics/1.0/data/urb_clivcon?lang=EN&cities=FR001C&sinceTimePeriod=2015,False
ghsl_2878,Paris,FR001C,Paris (greater city),urb_clivcon,DE3002V,One person households,2018,1731847.0,,https://ec.europa.eu/eurostat/api/dissemination/statistics/1.0/data/urb_clivcon?lang=EN&cities=FR001C&sinceTimePeriod=2015,False
ghsl_2878,Paris,FR001C,Paris (greater city),urb_clivcon,DE3002V,One person households,2019,1747433.0,,https://ec.europa.eu/eurostat/api/dissemination/statistics/1.0/data/urb_clivcon?lang=EN&cities=FR001C&sinceTimePeriod=2015,False
ghsl_2878,Paris,FR001C,Paris (greater city),urb_clivcon,DE3002V,One person households,2020,1786183.0,,https://ec.europa.eu/eurostat/api/dissemination/statistics/1.0/data/urb_clivcon?lang=EN&cities=FR001C&sinceTimePeriod=2015,False
ghsl_2878,Paris,FR001C,Paris (greater city),urb_clivcon,DE3002V,One person households,2021,1818511.0,,https://ec.europa.eu/eurostat/api/dissemination/statistics/1.0/data/urb_clivcon?lang=EN&cities=FR001C&sinceTimePeriod=2015,False
ghsl_2878,Paris,FR001C,Paris (greater city),urb_clivcon,DE3002V,One person households,2022,1853147.0,,https://ec.europa.eu/eurostat/api/dissemination/statistics/1.0/data/urb_clivcon?lang=EN&cities=FR001C&sinceTimePeriod=2015,False
ghsl_2878,Paris,FR001C,Paris (greater city),urb_clivcon,DE3002V,One person households,2023,1854968.0,b,https://ec.europa.eu/eurostat/api/dissemination/statistics/1.0/data/urb_clivcon?lang=EN&cities=FR001C&sinceTimePeriod=2015,False
ghsl_2878,Paris,FR001C,Paris (greater city),urb_clivcon,DE3004I,Average size of households,2015,2.29,,https://ec.europa.eu/eurostat/api/dissemination/statistics/1.0/data/urb_clivcon?lang=EN&cities=FR001C&sinceTimePeriod=2015,False
ghsl_2878,Paris,FR001C,Paris (greater city),urb_clivcon,DE3004I,Average size of households,2016,2.28,,https://ec.europa.eu/eurostat/api/dissemination/statistics/1.0/data/urb_clivcon?lang=EN&cities=FR001C&sinceTimePeriod=2015,False
ghsl_2878,Paris,FR001C,Paris (greater city),urb_clivcon,DE3004I,Average size of households,2017,2.27,,https://ec.europa.eu/eurostat/api/dissemination/statistics/1.0/data/urb_clivcon?lang=EN&cities=FR001C&sinceTimePeriod=2015,False
ghsl_2878,Paris,FR001C,Paris (greater city),urb_clivcon,DE3004I,Average size of households,2018,2.26,,https://ec.europa.eu/eurostat/api/dissemination/statistics/1.0/data/urb_clivcon?lang=EN&cities=FR001C&sinceTimePeriod=2015,False
ghsl_2878,Paris,FR001C,Paris (greater city),urb_clivcon,DE3004I,Average size of households,2019,2.26,,https://ec.europa.eu/eurostat/api/dissemination/statistics/1.0/data/urb_clivcon?lang=EN&cities=FR001C&sinceTimePeriod=2015,False
ghsl_2878,Paris,FR001C,Paris (greater city),urb_clivcon,DE3004I,Average size of households,2020,2.24,,https://ec.europa.eu/eurostat/api/dissemination/statistics/1.0/data/urb_clivcon?lang=EN&cities=FR001C&sinceTimePeriod=2015,False
ghsl_2878,Paris,FR001C,Paris (greater city),urb_clivcon,DE3004I,Average size of households,2021,2.23,,https://ec.europa.eu/eurostat/api/dissemination/statistics/1.0/data/urb_clivcon?lang=EN&cities=FR001C&sinceTimePeriod=2015,False
ghsl_2878,Paris,FR001C,Paris (greater city),urb_clivcon,DE3004I,Average size of households,2022,2.23,,https://ec.europa.eu/eurostat/api/dissemination/statistics/1.0/data/urb_clivcon?lang=EN&cities=FR001C&sinceTimePeriod=2015,False
ghsl_2878,Paris,FR001C,Paris (greater city),urb_clivcon,DE3004I,Average size of households,2023,2.21,b,https://ec.europa.eu/eurostat/api/dissemination/statistics/1.0/data/urb_clivcon?lang=EN&cities=FR001C&sinceTimePeriod=2015,False
ghsl_2878,Paris,FR001C,Paris (greater city),urb_clivcon,DE3005I,Proportion of households that are lone-parent households,2015,6.6,,https://ec.europa.eu/eurostat/api/dissemination/statistics/1.0/data/urb_clivcon?lang=EN&cities=FR001C&sinceTimePeriod=2015,False
ghsl_2878,Paris,FR001C,Paris (greater city),urb_clivcon,DE3005I,Proportion of households that are lone-parent households,2016,6.58,,https://ec.europa.eu/eurostat/api/dissemination/statistics/1.0/data/urb_clivcon?lang=EN&cities=FR001C&sinceTimePeriod=2015,False
ghsl_2878,Paris,FR001C,Paris (greater city),urb_clivcon,DE3005I,Proportion of households that are lone-parent households,2017,6.56,,https://ec.europa.eu/eurostat/api/dissemination/statistics/1.0/data/urb_clivcon?lang=EN&cities=FR001C&sinceTimePeriod=2015,False
ghsl_2878,Paris,FR001C,Paris (greater city),urb_clivcon,DE3005I,Proportion of households that are lone-parent households,2018,6.61,,https://ec.europa.eu/eurostat/api/dissemination/statistics/1.0/data/urb_clivcon?lang=EN&cities=FR001C&sinceTimePeriod=2015,False
ghsl_2878,Paris,FR001C,Paris (greater city),urb_clivcon,DE3005I,Proportion of households that are lone-parent households,2019,6.59,,https://ec.europa.eu/eurostat/api/dissemination/statistics/1.0/data/urb_clivcon?lang=EN&cities=FR001C&sinceTimePeriod=2015,False
ghsl_2878,Paris,FR001C,Paris (greater city),urb_clivcon,DE3005I,Proportion of households that are lone-parent households,2020,6.59,,https://ec.europa.eu/eurostat/api/dissemination/statistics/1.0/data/urb_clivcon?lang=EN&cities=FR001C&sinceTimePeriod=2015,False
ghsl_2878,Paris,FR001C,Paris (greater city),urb_clivcon,DE3005I,Proportion of households that are lone-parent households,2021,6.65,,https://ec.europa.eu/eurostat/api/dissemination/statistics/1.0/data/urb_clivcon?lang=EN&cities=FR001C&sinceTimePeriod=2015,False
ghsl_2878,Paris,FR001C,Paris (greater city),urb_clivcon,DE3005I,Proportion of households that are lone-parent households,2023,6.54,b,https://ec.europa.eu/eurostat/api/dissemination/statistics/1.0/data/urb_clivcon?lang=EN&cities=FR001C&sinceTimePeriod=2015,False
ghsl_2878,Paris,FR001C,Paris (greater city),urb_clivcon,DE3005V,Lone parent private households (with children aged 0 to under 18),2015,287074.0,,https://ec.europa.eu/eurostat/api/dissemination/statistics/1.0/data/urb_clivcon?lang=EN&cities=FR001C&sinceTimePeriod=2015,False
ghsl_2878,Paris,FR001C,Paris (greater city),urb_clivcon,DE3005V,Lone parent private households (with children aged 0 to under 18),2016,288048.0,,https://ec.europa.eu/eurostat/api/dissemination/statistics/1.0/data/urb_clivcon?lang=EN&cities=FR001C&sinceTimePeriod=2015,False
ghsl_2878,Paris,FR001C,Paris (greater city),urb_clivcon,DE3005V,Lone parent private households (with children aged 0 to under 18),2017,289766.0,,https://ec.europa.eu/eurostat/api/dissemination/statistics/1.0/data/urb_clivcon?lang=EN&cities=FR001C&sinceTimePeriod=2015,False
ghsl_2878,Paris,FR001C,Paris (greater city),urb_clivcon,DE3005V,Lone parent private households (with children aged 0 to under 18),2018,293612.0,,https://ec.europa.eu/eurostat/api/dissemination/statistics/1.0/data/urb_clivcon?lang=EN&cities=FR001C&sinceTimePeriod=2015,False
ghsl_2878,Paris,FR001C,Paris (greater city),urb_clivcon,DE3005V,Lone parent private households (with children aged 0 to under 18),2019,294499.0,,https://ec.europa.eu/eurostat/api/dissemination/statistics/1.0/data/urb_clivcon?lang=EN&cities=FR001C&sinceTimePeriod=2015,False
ghsl_2878,Paris,FR001C,Paris (greater city),urb_clivcon,DE3005V,Lone parent private households (with children aged 0 to under 18),2020,296382.0,,https://ec.europa.eu/eurostat/api/dissemination/statistics/1.0/data/urb_clivcon?lang=EN&cities=FR001C&sinceTimePeriod=2015,False
ghsl_2878,Paris,FR001C,Paris (greater city),urb_clivcon,DE3005V,Lone parent private households (with children aged 0 to under 18),2021,301622.0,,https://ec.europa.eu/eurostat/api/dissemination/statistics/1.0/data/urb_clivcon?lang=EN&cities=FR001C&sinceTimePeriod=2015,False
ghsl_2878,Paris,FR001C,Paris (greater city),urb_clivcon,DE3005V,Lone parent private households (with children aged 0 to under 18),2023,295476.0,b,https://ec.europa.eu/eurostat/api/dissemination/statistics/1.0/data/urb_clivcon?lang=EN&cities=FR001C&sinceTimePeriod=2015,False
ghsl_2878,Paris,FR001C,Paris (greater city),urb_clivcon,DE3008I,Proportion of households that are lone-pensioner households,2015,12.08,,https://ec.europa.eu/eurostat/api/dissemination/statistics/1.0/data/urb_clivcon?lang=EN&cities=FR001C&sinceTimePeriod=2015,False
ghsl_2878,Paris,FR001C,Paris (greater city),urb_clivcon,DE3008I,Proportion of households that are lone-pensioner households,2016,12.06,,https://ec.europa.eu/eurostat/api/dissemination/statistics/1.0/data/urb_clivcon?lang=EN&cities=FR001C&sinceTimePeriod=2015,False
ghsl_2878,Paris,FR001C,Paris (greater city),urb_clivcon,DE3008I,Proportion of households that are lone-pensioner households,2017,12.0,,https://ec.europa.eu/eurostat/api/dissemination/statistics/1.0/data/urb_clivcon?lang=EN&cities=FR001C&sinceTimePeriod=2015,False
ghsl_2878,Paris,FR001C,Paris (greater city),urb_clivcon,DE3008I,Proportion of households that are lone-pensioner households,2018,11.96,,https://ec.europa.eu/eurostat/api/dissemination/statistics/1.0/data/urb_clivcon?lang=EN&cities=FR001C&sinceTimePeriod=2015,False
ghsl_2878,Paris,FR001C,Paris (greater city),urb_clivcon,DE3008I,Proportion of households that are lone-pensioner households,2019,11.98,,https://ec.europa.eu/eurostat/api/dissemination/statistics/1.0/data/urb_clivcon?lang=EN&cities=FR001C&sinceTimePeriod=2015,False
ghsl_2878,Paris,FR001C,Paris (greater city),urb_clivcon,DE3008I,Proportion of households that are lone-pensioner households,2020,11.97,,https://ec.europa.eu/eurostat/api/dissemination/statistics/1.0/data/urb_clivcon?lang=EN&cities=FR001C&sinceTimePeriod=2015,False
ghsl_2878,Paris,FR001C,Paris (greater city),urb_clivcon,DE3008I,Proportion of households that are lone-pensioner households,2021,11.96,,https://ec.europa.eu/eurostat/api/dissemination/statistics/1.0/data/urb_clivcon?lang=EN&cities=FR001C&sinceTimePeriod=2015,False
ghsl_2878,Paris,FR001C,Paris (greater city),urb_clivcon,DE3008I,Proportion of households that are lone-pensioner households,2023,12.52,b,https://ec.europa.eu/eurostat/api/dissemination/statistics/1.0/data/urb_clivcon?lang=EN&cities=FR001C&sinceTimePeriod=2015,False
ghsl_2878,Paris,FR001C,Paris (greater city),urb_clivcon,DE3008V,Lone pensioner (above retirement age) households,2015,525602.0,,https://ec.europa.eu/eurostat/api/dissemination/statistics/1.0/data/urb_clivcon?lang=EN&cities=FR001C&sinceTimePeriod=2015,False
ghsl_2878,Paris,FR001C,Paris (greater city),urb_clivcon,DE3008V,Lone pensioner (above retirement age) households,2016,528113.0,,https://ec.europa.eu/eurostat/api/dissemination/statistics/1.0/data/urb_clivcon?lang=EN&cities=FR001C&sinceTimePeriod=2015,False
ghsl_2878,Paris,FR001C,Paris (greater city),urb_clivcon,DE3008V,Lone pensioner (above retirement age) households,2017,530171.0,,https://ec.europa.eu/eurostat/api/dissemination/statistics/1.0/data/urb_clivcon?lang=EN&cities=FR001C&sinceTimePeriod=2015,False
ghsl_2878,Paris,FR001C,Paris (greater city),urb_clivcon,DE3008V,Lone pensioner (above retirement age) households,2018,531619.0,,https://ec.europa.eu/eurostat/api/dissemination/statistics/1.0/data/urb_clivcon?lang=EN&cities=FR001C&sinceTimePeriod=2015,False
ghsl_2878,Paris,FR001C,Paris (greater city),urb_clivcon,DE3008V,Lone pensioner (above retirement age) households,2019,535569.0,,https://ec.europa.eu/eurostat/api/dissemination/statistics/1.0/data/urb_clivcon?lang=EN&cities=FR001C&sinceTimePeriod=2015,False
ghsl_2878,Paris,FR001C,Paris (greater city),urb_clivcon,DE3008V,Lone pensioner (above retirement age) households,2020,538507.0,,https://ec.europa.eu/eurostat/api/dissemination/statistics/1.0/data/urb_clivcon?lang=EN&cities=FR001C&sinceTimePeriod=2015,False
ghsl_2878,Paris,FR001C,Paris (greater city),urb_clivcon,DE3008V,Lone pensioner (above retirement age) households,2021,541894.0,,https://ec.europa.eu/eurostat/api/dissemination/statistics/1.0/data/urb_clivcon?lang=EN&cities=FR001C&sinceTimePeriod=2015,False
ghsl_2878,Paris,FR001C,Paris (greater city),urb_clivcon,DE3008V,Lone pensioner (above retirement age) households,2023,565462.0,b,https://ec.europa.eu/eurostat/api/dissemination/statistics/1.0/data/urb_clivcon?lang=EN&cities=FR001C&sinceTimePeriod=2015,False
ghsl_2878,Paris,FR001C,Paris (greater city),urb_clivcon,DE3011I,Proportion of households with children aged 0-17,2015,28.99,,https://ec.europa.eu/eurostat/api/dissemination/statistics/1.0/data/urb_clivcon?lang=EN&cities=FR001C&sinceTimePeriod=2015,False
ghsl_2878,Paris,FR001C,Paris (greater city),urb_clivcon,DE3011I,Proportion of households with children aged 0-17,2016,28.79,,https://ec.europa.eu/eurostat/api/dissemination/statistics/1.0/data/urb_clivcon?lang=EN&cities=FR001C&sinceTimePeriod=2015,False
ghsl_2878,Paris,FR001C,Paris (greater city),urb_clivcon,DE3011I,Proportion of households with children aged 0-17,2017,28.63,,https://ec.europa.eu/eurostat/api/dissemination/statistics/1.0/data/urb_clivcon?lang=EN&cities=FR001C&sinceTimePeriod=2015,False
ghsl_2878,Paris,FR001C,Paris (greater city),urb_clivcon,DE3011I,Proportion of households with children aged 0-17,2018,28.49,,https://ec.europa.eu/eurostat/api/dissemination/statistics/1.0/data/urb_clivcon?lang=EN&cities=FR001C&sinceTimePeriod=2015,False
ghsl_2878,Paris,FR001C,Paris (greater city),urb_clivcon,DE3011I,Proportion of households with children aged 0-17,2019,28.37,,https://ec.europa.eu/eurostat/api/dissemination/statistics/1.0/data/urb_clivcon?lang=EN&cities=FR001C&sinceTimePeriod=2015,False
ghsl_2878,Paris,FR001C,Paris (greater city),urb_clivcon,DE3011I,Proportion of households with children aged 0-17,2020,28.02,,https://ec.europa.eu/eurostat/api/dissemination/statistics/1.0/data/urb_clivcon?lang=EN&cities=FR001C&sinceTimePeriod=2015,False
ghsl_2878,Paris,FR001C,Paris (greater city),urb_clivcon,DE3011I,Proportion of households with children aged 0-17,2021,27.73,,https://ec.europa.eu/eurostat/api/dissemination/statistics/1.0/data/urb_clivcon?lang=EN&cities=FR001C&sinceTimePeriod=2015,False
ghsl_2878,Paris,FR001C,Paris (greater city),urb_clivcon,DE3011I,Proportion of households with children aged 0-17,2023,26.62,b,https://ec.europa.eu/eurostat/api/dissemination/statistics/1.0/data/urb_clivcon?lang=EN&cities=FR001C&sinceTimePeriod=2015,False
ghsl_2878,Paris,FR001C,Paris (greater city),urb_clivcon,DE3011V,Households with children aged 0 to under 18,2015,1261599.0,,https://ec.europa.eu/eurostat/api/dissemination/statistics/1.0/data/urb_clivcon?lang=EN&cities=FR001C&sinceTimePeriod=2015,False
ghsl_2878,Paris,FR001C,Paris (greater city),urb_clivcon,DE3011V,Households with children aged 0 to under 18,2016,1261144.0,,https://ec.europa.eu/eurostat/api/dissemination/statistics/1.0/data/urb_clivcon?lang=EN&cities=FR001C&sinceTimePeriod=2015,False
ghsl_2878,Paris,FR001C,Paris (greater city),urb_clivcon,DE3011V,Households with children aged 0 to under 18,2017,1264243.0,,https://ec.europa.eu/eurostat/api/dissemination/statistics/1.0/data/urb_clivcon?lang=EN&cities=FR001C&sinceTimePeriod=2015,False
ghsl_2878,Paris,FR001C,Paris (greater city),urb_clivcon,DE3011V,Households with children aged 0 to under 18,2018,1266248.0,,https://ec.europa.eu/eurostat/api/dissemination/statistics/1.0/data/urb_clivcon?lang=EN&cities=FR001C&sinceTimePeriod=2015,False
ghsl_2878,Paris,FR001C,Paris (greater city),urb_clivcon,DE3011V,Households with children aged 0 to under 18,2019,1268888.0,,https://ec.europa.eu/eurostat/api/dissemination/statistics/1.0/data/urb_clivcon?lang=EN&cities=FR001C&sinceTimePeriod=2015,False
ghsl_2878,Paris,FR001C,Paris (greater city),urb_clivcon,DE3011V,Households with children aged 0 to under 18,2020,1260687.0,,https://ec.europa.eu/eurostat/api/dissemination/statistics/1.0/data/urb_clivcon?lang=EN&cities=FR001C&sinceTimePeriod=2015,False
ghsl_2878,Paris,FR001C,Paris (greater city),urb_clivcon,DE3011V,Households with children aged 0 to under 18,2021,1256976.0,,https://ec.europa.eu/eurostat/api/dissemination/statistics/1.0/data/urb_clivcon?lang=EN&cities=FR001C&sinceTimePeriod=2015,False
ghsl_2878,Paris,FR001C,Paris (greater city),urb_clivcon,DE3011V,Households with children aged 0 to under 18,2023,1202184.0,b,https://ec.europa.eu/eurostat/api/dissemination/statistics/1.0/data/urb_clivcon?lang=EN&cities=FR001C&sinceTimePeriod=2015,False
ghsl_2878,Paris,FR001C,Paris (greater city),urb_clivcon,DE3016I,Lone parent households per 100 households with children aged 0-17,2015,22.75,,https://ec.europa.eu/eurostat/api/dissemination/statistics/1.0/data/urb_clivcon?lang=EN&cities=FR001C&sinceTimePeriod=2015,False
ghsl_2878,Paris,FR001C,Paris (greater city),urb_clivcon,DE3016I,Lone parent households per 100 households with children aged 0-17,2016,22.84,,https://ec.europa.eu/eurostat/api/dissemination/statistics/1.0/data/urb_clivcon?lang=EN&cities=FR001C&sinceTimePeriod=2015,False
ghsl_2878,Paris,FR001C,Paris (greater city),urb_clivcon,DE3016I,Lone parent households per 100 households with children aged 0-17,2017,22.92,,https://ec.europa.eu/eurostat/api/dissemination/statistics/1.0/data/urb_clivcon?lang=EN&cities=FR001C&sinceTimePeriod=2015,False
ghsl_2878,Paris,FR001C,Paris (greater city),urb_clivcon,DE3016I,Lone parent households per 100 households with children aged 0-17,2018,23.19,,https://ec.europa.eu/eurostat/api/dissemination/statistics/1.0/data/urb_clivcon?lang=EN&cities=FR001C&sinceTimePeriod=2015,False
ghsl_2878,Paris,FR001C,Paris (greater city),urb_clivcon,DE3016I,Lone parent households per 100 households with children aged 0-17,2019,23.21,,https://ec.europa.eu/eurostat/api/dissemination/statistics/1.0/data/urb_clivcon?lang=EN&cities=FR001C&sinceTimePeriod=2015,False
ghsl_2878,Paris,FR001C,Paris (greater city),urb_clivcon,DE3016I,Lone parent households per 100 households with children aged 0-17,2020,23.51,,https://ec.europa.eu/eurostat/api/dissemination/statistics/1.0/data/urb_clivcon?lang=EN&cities=FR001C&sinceTimePeriod=2015,False
ghsl_2878,Paris,FR001C,Paris (greater city),urb_clivcon,DE3016I,Lone parent households per 100 households with children aged 0-17,2021,24.0,,https://ec.europa.eu/eurostat/api/dissemination/statistics/1.0/data/urb_clivcon?lang=EN&cities=FR001C&sinceTimePeriod=2015,False
ghsl_2878,Paris,FR001C,Paris (greater city),urb_clivcon,DE3016I,Lone parent households per 100 households with children aged 0-17,2023,24.58,b,https://ec.europa.eu/eurostat/api/dissemination/statistics/1.0/data/urb_clivcon?lang=EN&cities=FR001C&sinceTimePeriod=2015,False
ghsl_2878,Paris,FR001C,Paris (greater city),urb_clivcon,DE3017V,Population living in private households (excluding institutional households),2015,9943765.0,,https://ec.europa.eu/eurostat/api/dissemination/statistics/1.0/data/urb_clivcon?lang=EN&cities=FR001C&sinceTimePeriod=2015,False
ghsl_2878,Paris,FR001C,Paris (greater city),urb_clivcon,DE3017V,Population living in private households (excluding institutional households),2016,9971374.0,,https://ec.europa.eu/eurostat/api/dissemination/statistics/1.0/data/urb_clivcon?lang=EN&cities=FR001C&sinceTimePeriod=2015,False
ghsl_2878,Paris,FR001C,Paris (greater city),urb_clivcon,DE3017V,Population living in private households (excluding institutional households),2017,10021961.0,,https://ec.europa.eu/eurostat/api/dissemination/statistics/1.0/data/urb_clivcon?lang=EN&cities=FR001C&sinceTimePeriod=2015,False
ghsl_2878,Paris,FR001C,Paris (greater city),urb_clivcon,DE3017V,Population living in private households (excluding institutional households),2018,10054065.0,,https://ec.europa.eu/eurostat/api/dissemination/statistics/1.0/data/urb_clivcon?lang=EN&cities=FR001C&sinceTimePeriod=2015,False
ghsl_2878,Paris,FR001C,Paris (greater city),urb_clivcon,DE3017V,Population living in private households (excluding institutional households),2019,10092214.0,,https://ec.europa.eu/eurostat/api/dissemination/statistics/1.0/data/urb_clivcon?lang=EN&cities=FR001C&sinceTimePeriod=2015,False
ghsl_2878,Paris,FR001C,Paris (greater city),urb_clivcon,DE3017V,Population living in private households (excluding institutional households),2020,10092232.0,,https://ec.europa.eu/eurostat/api/dissemination/statistics/1.0/data/urb_clivcon?lang=EN&cities=FR001C&sinceTimePeriod=2015,False
ghsl_2878,Paris,FR001C,Paris (greater city),urb_clivcon,DE3017V,Population living in private households (excluding institutional households),2021,10126463.0,,https://ec.europa.eu/eurostat/api/dissemination/statistics/1.0/data/urb_clivcon?lang=EN&cities=FR001C&sinceTimePeriod=2015,False
ghsl_2878,Paris,FR001C,Paris (greater city),urb_clivcon,DE3017V,Population living in private households (excluding institutional households),2022,10179090.0,,https://ec.europa.eu/eurostat/api/dissemination/statistics/1.0/data/urb_clivcon?lang=EN&cities=FR001C&sinceTimePeriod=2015,False
ghsl_2878,Paris,FR001C,Paris (greater city),urb_clivcon,DE3017V,Population living in private households (excluding institutional households),2023,9994283.0,b,https://ec.europa.eu/eurostat/api/dissemination/statistics/1.0/data/urb_clivcon?lang=EN&cities=FR001C&sinceTimePeriod=2015,False
ghsl_2878,Paris,FR001C,Paris (greater city),urb_clivcon,EC3039V,Median disposable annual household income - EUR,2015,22480.0,d,https://ec.europa.eu/eurostat/api/dissemination/statistics/1.0/data/urb_clivcon?lang=EN&cities=FR001C&sinceTimePeriod=2015,False
ghsl_2878,Paris,FR001C,Paris (greater city),urb_clivcon,EC3039V,Median disposable annual household income - EUR,2016,22760.0,d,https://ec.europa.eu/eurostat/api/dissemination/statistics/1.0/data/urb_clivcon?lang=EN&cities=FR001C&sinceTimePeriod=2015,False
ghsl_2878,Paris,FR001C,Paris (greater city),urb_clivcon,EC3039V,Median disposable annual household income - EUR,2017,23090.0,,https://ec.europa.eu/eurostat/api/dissemination/statistics/1.0/data/urb_clivcon?lang=EN&cities=FR001C&sinceTimePeriod=2015,False
ghsl_2878,Paris,FR001C,Paris (greater city),urb_clivcon,EC3039V,Median disposable annual household income - EUR,2018,23730.0,d,https://ec.europa.eu/eurostat/api/dissemination/statistics/1.0/data/urb_clivcon?lang=EN&cities=FR001C&sinceTimePeriod=2015,False
ghsl_2878,Paris,FR001C,Paris (greater city),urb_clivcon,EC3039V,Median disposable annual household income - EUR,2019,23950.0,d,https://ec.europa.eu/eurostat/api/dissemination/statistics/1.0/data/urb_clivcon?lang=EN&cities=FR001C&sinceTimePeriod=2015,False
ghsl_2878,Paris,FR001C,Paris (greater city),urb_clivcon,EC3039V,Median disposable annual household income - EUR,2020,24380.0,d,https://ec.europa.eu/eurostat/api/dissemination/statistics/1.0/data/urb_clivcon?lang=EN&cities=FR001C&sinceTimePeriod=2015,False
ghsl_2878,Paris,FR001C,Paris (greater city),urb_clivcon,EC3040V,Average disposable annual household income - EUR,2015,27680.0,d,https://ec.europa.eu/eurostat/api/dissemination/statistics/1.0/data/urb_clivcon?lang=EN&cities=FR001C&sinceTimePeriod=2015,False
ghsl_2878,Paris,FR001C,Paris (greater city),urb_clivcon,EC3040V,Average disposable annual household income - EUR,2016,27970.0,d,https://ec.europa.eu/eurostat/api/dissemination/statistics/1.0/data/urb_clivcon?lang=EN&cities=FR001C&sinceTimePeriod=2015,False
ghsl_2878,Paris,FR001C,Paris (greater city),urb_clivcon,EC3040V,Average disposable annual household income - EUR,2017,28500.0,d,https://ec.europa.eu/eurostat/api/dissemination/statistics/1.0/data/urb_clivcon?lang=EN&cities=FR001C&sinceTimePeriod=2015,False
ghsl_2878,Paris,FR001C,Paris (greater city),urb_clivcon,EC3040V,Average disposable annual household income - EUR,2018,29750.0,d,https://ec.europa.eu/eurostat/api/dissemination/statistics/1.0/data/urb_clivcon?lang=EN&cities=FR001C&sinceTimePeriod=2015,False
ghsl_2878,Paris,FR001C,Paris (greater city),urb_clivcon,EC3040V,Average disposable annual household income - EUR,2019,29790.0,d,https://ec.europa.eu/eurostat/api/dissemination/statistics/1.0/data/urb_clivcon?lang=EN&cities=FR001C&sinceTimePeriod=2015,False
ghsl_2878,Paris,FR001C,Paris (greater city),urb_clivcon,EC3040V,Average disposable annual household income - EUR,2020,29900.0,d,https://ec.europa.eu/eurostat/api/dissemination/statistics/1.0/data/urb_clivcon?lang=EN&cities=FR001C&sinceTimePeriod=2015,False
ghsl_2878,Paris,FR001C,Paris (greater city),urb_clivcon,EC3064V,Share of persons living in households with very low work intensity - %,2015,10.7,e,https://ec.europa.eu/eurostat/api/dissemination/statistics/1.0/data/urb_clivcon?lang=EN&cities=FR001C&sinceTimePeriod=2015,False
ghsl_2878,Paris,FR001C,Paris (greater city),urb_clivcon,EC3064V,Share of persons living in households with very low work intensity - %,2016,10.8,e,https://ec.europa.eu/eurostat/api/dissemination/statistics/1.0/data/urb_clivcon?lang=EN&cities=FR001C&sinceTimePeriod=2015,False
ghsl_2878,Paris,FR001C,Paris (greater city),urb_clivcon,EC3064V,Share of persons living in households with very low work intensity - %,2017,10.8,e,https://ec.europa.eu/eurostat/api/dissemination/statistics/1.0/data/urb_clivcon?lang=EN&cities=FR001C&sinceTimePeriod=2015,False
ghsl_2878,Paris,FR001C,Paris (greater city),urb_clivcon,EC3064V,Share of persons living in households with very low work intensity - %,2018,10.7,e,https://ec.europa.eu/eurostat/api/dissemination/statistics/1.0/data/urb_clivcon?lang=EN&cities=FR001C&sinceTimePeriod=2015,False
ghsl_2878,Paris,FR001C,Paris (greater city),urb_clivcon,EC3064V,Share of persons living in households with very low work intensity - %,2019,10.7,e,https://ec.europa.eu/eurostat/api/dissemination/statistics/1.0/data/urb_clivcon?lang=EN&cities=FR001C&sinceTimePeriod=2015,False
ghsl_2878,Paris,FR001C,Paris (greater city),urb_clivcon,EC3064V,Share of persons living in households with very low work intensity - %,2020,10.5,e,https://ec.europa.eu/eurostat/api/dissemination/statistics/1.0/data/urb_clivcon?lang=EN&cities=FR001C&sinceTimePeriod=2015,False
ghsl_2878,Paris,FR001C,Paris (greater city),urb_clivcon,EC3065V,Share of persons at risk of poverty after social transfers -%,2015,16.9,e,https://ec.europa.eu/eurostat/api/dissemination/statistics/1.0/data/urb_clivcon?lang=EN&cities=FR001C&sinceTimePeriod=2015,False
ghsl_2878,Paris,FR001C,Paris (greater city),urb_clivcon,EC3065V,Share of persons at risk of poverty after social transfers -%,2016,16.7,e,https://ec.europa.eu/eurostat/api/dissemination/statistics/1.0/data/urb_clivcon?lang=EN&cities=FR001C&sinceTimePeriod=2015,False
ghsl_2878,Paris,FR001C,Paris (greater city),urb_clivcon,EC3065V,Share of persons at risk of poverty after social transfers -%,2017,16.3,e,https://ec.europa.eu/eurostat/api/dissemination/statistics/1.0/data/urb_clivcon?lang=EN&cities=FR001C&sinceTimePeriod=2015,False
ghsl_2878,Paris,FR001C,Paris (greater city),urb_clivcon,EC3065V,Share of persons at risk of poverty after social transfers -%,2018,16.6,e,https://ec.europa.eu/eurostat/api/dissemination/statistics/1.0/data/urb_clivcon?lang=EN&cities=FR001C&sinceTimePeriod=2015,False
ghsl_2878,Paris,FR001C,Paris (greater city),urb_clivcon,EC3065V,Share of persons at risk of poverty after social transfers -%,2019,16.5,e,https://ec.europa.eu/eurostat/api/dissemination/statistics/1.0/data/urb_clivcon?lang=EN&cities=FR001C&sinceTimePeriod=2015,False
ghsl_2878,Paris,FR001C,Paris (greater city),urb_clivcon,EC3065V,Share of persons at risk of poverty after social transfers -%,2020,16.5,e,https://ec.europa.eu/eurostat/api/dissemination/statistics/1.0/data/urb_clivcon?lang=EN&cities=FR001C&sinceTimePeriod=2015,False
ghsl_2878,Paris,FR001C,Paris (greater city),urb_clivcon,SA1001V,Number of conventional dwellings,2015,4838680.0,,https://ec.europa.eu/eurostat/api/dissemination/statistics/1.0/data/urb_clivcon?lang=EN&cities=FR001C&sinceTimePeriod=2015,False
ghsl_2878,Paris,FR001C,Paris (greater city),urb_clivcon,SA1001V,Number of conventional dwellings,2016,4890222.0,,https://ec.europa.eu/eurostat/api/dissemination/statistics/1.0/data/urb_clivcon?lang=EN&cities=FR001C&sinceTimePeriod=2015,False
ghsl_2878,Paris,FR001C,Paris (greater city),urb_clivcon,SA1001V,Number of conventional dwellings,2017,4939531.0,,https://ec.europa.eu/eurostat/api/dissemination/statistics/1.0/data/urb_clivcon?lang=EN&cities=FR001C&sinceTimePeriod=2015,False
ghsl_2878,Paris,FR001C,Paris (greater city),urb_clivcon,SA1001V,Number of conventional dwellings,2018,4980727.0,,https://ec.europa.eu/eurostat/api/dissemination/statistics/1.0/data/urb_clivcon?lang=EN&cities=FR001C&sinceTimePeriod=2015,False
ghsl_2878,Paris,FR001C,Paris (greater city),urb_clivcon,SA1001V,Number of conventional dwellings,2019,5020762.0,,https://ec.europa.eu/eurostat/api/dissemination/statistics/1.0/data/urb_clivcon?lang=EN&cities=FR001C&sinceTimePeriod=2015,False
ghsl_2878,Paris,FR001C,Paris (greater city),urb_clivcon,SA1001V,Number of conventional dwellings,2020,5066491.0,,https://ec.europa.eu/eurostat/api/dissemination/statistics/1.0/data/urb_clivcon?lang=EN&cities=FR001C&sinceTimePeriod=2015,False
ghsl_2878,Paris,FR001C,Paris (greater city),urb_clivcon,SA1001V,Number of conventional dwellings,2021,5113596.0,,https://ec.europa.eu/eurostat/api/dissemination/statistics/1.0/data/urb_clivcon?lang=EN&cities=FR001C&sinceTimePeriod=2015,False
ghsl_2878,Paris,FR001C,Paris (greater city),urb_clivcon,SA1001V,Number of conventional dwellings,2022,5168908.0,,https://ec.europa.eu/eurostat/api/dissemination/statistics/1.0/data/urb_clivcon?lang=EN&cities=FR001C&sinceTimePeriod=2015,False
ghsl_2878,Paris,FR001C,Paris (greater city),urb_clivcon,SA1001V,Number of conventional dwellings,2023,5107552.0,b,https://ec.europa.eu/eurostat/api/dissemination/statistics/1.0/data/urb_clivcon?lang=EN&cities=FR001C&sinceTimePeriod=2015,False
ghsl_2878,Paris,FR001C,Paris (greater city),urb_clivcon,SA1004V,Number of houses,2015,947092.0,,https://ec.europa.eu/eurostat/api/dissemination/statistics/1.0/data/urb_clivcon?lang=EN&cities=FR001C&sinceTimePeriod=2015,False
ghsl_2878,Paris,FR001C,Paris (greater city),urb_clivcon,SA1004V,Number of houses,2016,949041.0,,https://ec.europa.eu/eurostat/api/dissemination/statistics/1.0/data/urb_clivcon?lang=EN&cities=FR001C&sinceTimePeriod=2015,False
ghsl_2878,Paris,FR001C,Paris (greater city),urb_clivcon,SA1004V,Number of houses,2017,946316.0,,https://ec.europa.eu/eurostat/api/dissemination/statistics/1.0/data/urb_clivcon?lang=EN&cities=FR001C&sinceTimePeriod=2015,False
ghsl_2878,Paris,FR001C,Paris (greater city),urb_clivcon,SA1004V,Number of houses,2018,944639.0,,https://ec.europa.eu/eurostat/api/dissemination/statistics/1.0/data/urb_clivcon?lang=EN&cities=FR001C&sinceTimePeriod=2015,False
ghsl_2878,Paris,FR001C,Paris (greater city),urb_clivcon,SA1004V,Number of houses,2019,952965.0,,https://ec.europa.eu/eurostat/api/dissemination/statistics/1.0/data/urb_clivcon?lang=EN&cities=FR001C&sinceTimePeriod=2015,False
ghsl_2878,Paris,FR001C,Paris (greater city),urb_clivcon,SA1004V,Number of houses,2020,947799.0,,https://ec.europa.eu/eurostat/api/dissemination/statistics/1.0/data/urb_clivcon?lang=EN&cities=FR001C&sinceTimePeriod=2015,False
ghsl_2878,Paris,FR001C,Paris (greater city),urb_clivcon,SA1004V,Number of houses,2021,944857.0,,https://ec.europa.eu/eurostat/api/dissemination/statistics/1.0/data/urb_clivcon?lang=EN&cities=FR001C&sinceTimePeriod=2015,False
ghsl_2878,Paris,FR001C,Paris (greater city),urb_clivcon,SA1004V,Number of houses,2022,947567.0,,https://ec.europa.eu/eurostat/api/dissemination/statistics/1.0/data/urb_clivcon?lang=EN&cities=FR001C&sinceTimePeriod=2015,False
ghsl_2878,Paris,FR001C,Paris (greater city),urb_clivcon,SA1004V,Number of houses,2023,902265.0,b,https://ec.europa.eu/eurostat/api/dissemination/statistics/1.0/data/urb_clivcon?lang=EN&cities=FR001C&sinceTimePeriod=2015,False
ghsl_2878,Paris,FR001C,Paris (greater city),urb_clivcon,SA1005V,Number of apartments,2015,3809219.0,,https://ec.europa.eu/eurostat/api/dissemination/statistics/1.0/data/urb_clivcon?lang=EN&cities=FR001C&sinceTimePeriod=2015,False
ghsl_2878,Paris,FR001C,Paris (greater city),urb_clivcon,SA1005V,Number of apartments,2016,3856376.0,,https://ec.europa.eu/eurostat/api/dissemination/statistics/1.0/data/urb_clivcon?lang=EN&cities=FR001C&sinceTimePeriod=2015,False
ghsl_2878,Paris,FR001C,Paris (greater city),urb_clivcon,SA1005V,Number of apartments,2017,3905996.0,,https://ec.europa.eu/eurostat/api/dissemination/statistics/1.0/data/urb_clivcon?lang=EN&cities=FR001C&sinceTimePeriod=2015,False
ghsl_2878,Paris,FR001C,Paris (greater city),urb_clivcon,SA1005V,Number of apartments,2018,3948816.0,,https://ec.europa.eu/eurostat/api/dissemination/statistics/1.0/data/urb_clivcon?lang=EN&cities=FR001C&sinceTimePeriod=2015,False
ghsl_2878,Paris,FR001C,Paris (greater city),urb_clivcon,SA1005V,Number of apartments,2019,3979449.0,,https://ec.europa.eu/eurostat/api/dissemination/statistics/1.0/data/urb_clivcon?lang=EN&cities=FR001C&sinceTimePeriod=2015,False
ghsl_2878,Paris,FR001C,Paris (greater city),urb_clivcon,SA1005V,Number of apartments,2020,4023762.0,,https://ec.europa.eu/eurostat/api/dissemination/statistics/1.0/data/urb_clivcon?lang=EN&cities=FR001C&sinceTimePeriod=2015,False
ghsl_2878,Paris,FR001C,Paris (greater city),urb_clivcon,SA1005V,Number of apartments,2021,4073718.0,,https://ec.europa.eu/eurostat/api/dissemination/statistics/1.0/data/urb_clivcon?lang=EN&cities=FR001C&sinceTimePeriod=2015,False
ghsl_2878,Paris,FR001C,Paris (greater city),urb_clivcon,SA1005V,Number of apartments,2022,4125216.0,,https://ec.europa.eu/eurostat/api/dissemination/statistics/1.0/data/urb_clivcon?lang=EN&cities=FR001C&sinceTimePeriod=2015,False
ghsl_2878,Paris,FR001C,Paris (greater city),urb_clivcon,SA1005V,Number of apartments,2023,4110409.0,b,https://ec.europa.eu/eurostat/api/dissemination/statistics/1.0/data/urb_clivcon?lang=EN&cities=FR001C&sinceTimePeriod=2015,False
ghsl_2878,Paris,FR001C,Paris (greater city),urb_clivcon,SA1007I,Proportion of households living in houses,2015,20.57,,https://ec.europa.eu/eurostat/api/dissemination/statistics/1.0/data/urb_clivcon?lang=EN&cities=FR001C&sinceTimePeriod=2015,False
ghsl_2878,Paris,FR001C,Paris (greater city),urb_clivcon,SA1007I,Proportion of households living in houses,2016,20.44,,https://ec.europa.eu/eurostat/api/dissemination/statistics/1.0/data/urb_clivcon?lang=EN&cities=FR001C&sinceTimePeriod=2015,False
ghsl_2878,Paris,FR001C,Paris (greater city),urb_clivcon,SA1007I,Proportion of households living in houses,2017,20.25,,https://ec.europa.eu/eurostat/api/dissemination/statistics/1.0/data/urb_clivcon?lang=EN&cities=FR001C&sinceTimePeriod=2015,False
ghsl_2878,Paris,FR001C,Paris (greater city),urb_clivcon,SA1007I,Proportion of households living in houses,2018,20.08,,https://ec.europa.eu/eurostat/api/dissemination/statistics/1.0/data/urb_clivcon?lang=EN&cities=FR001C&sinceTimePeriod=2015,False
ghsl_2878,Paris,FR001C,Paris (greater city),urb_clivcon,SA1007I,Proportion of households living in houses,2019,20.11,,https://ec.europa.eu/eurostat/api/dissemination/statistics/1.0/data/urb_clivcon?lang=EN&cities=FR001C&sinceTimePeriod=2015,False
ghsl_2878,Paris,FR001C,Paris (greater city),urb_clivcon,SA1007I,Proportion of households living in houses,2020,19.89,,https://ec.europa.eu/eurostat/api/dissemination/statistics/1.0/data/urb_clivcon?lang=EN&cities=FR001C&sinceTimePeriod=2015,False
ghsl_2878,Paris,FR001C,Paris (greater city),urb_clivcon,SA1007I,Proportion of households living in houses,2021,19.7,,https://ec.europa.eu/eurostat/api/dissemination/statistics/1.0/data/urb_clivcon?lang=EN&cities=FR001C&sinceTimePeriod=2015,False
ghsl_2878,Paris,FR001C,Paris (greater city),urb_clivcon,SA1007I,Proportion of households living in houses,2022,19.57,,https://ec.europa.eu/eurostat/api/dissemination/statistics/1.0/data/urb_clivcon?lang=EN&cities=FR001C&sinceTimePeriod=2015,False
ghsl_2878,Paris,FR001C,Paris (greater city),urb_clivcon,SA1007I,Proportion of households living in houses,2023,18.88,b,https://ec.europa.eu/eurostat/api/dissemination/statistics/1.0/data/urb_clivcon?lang=EN&cities=FR001C&sinceTimePeriod=2015,False
ghsl_2878,Paris,FR001C,Paris (greater city),urb_clivcon,SA1007V,Number of households living in houses,2015,894861.0,,https://ec.europa.eu/eurostat/api/dissemination/statistics/1.0/data/urb_clivcon?lang=EN&cities=FR001C&sinceTimePeriod=2015,False
ghsl_2878,Paris,FR001C,Paris (greater city),urb_clivcon,SA1007V,Number of households living in houses,2016,895570.0,,https://ec.europa.eu/eurostat/api/dissemination/statistics/1.0/data/urb_clivcon?lang=EN&cities=FR001C&sinceTimePeriod=2015,False
ghsl_2878,Paris,FR001C,Paris (greater city),urb_clivcon,SA1007V,Number of households living in houses,2017,894124.0,,https://ec.europa.eu/eurostat/api/dissemination/statistics/1.0/data/urb_clivcon?lang=EN&cities=FR001C&sinceTimePeriod=2015,False
ghsl_2878,Paris,FR001C,Paris (greater city),urb_clivcon,SA1007V,Number of households living in houses,2018,892595.0,,https://ec.europa.eu/eurostat/api/dissemination/statistics/1.0/data/urb_clivcon?lang=EN&cities=FR001C&sinceTimePeriod=2015,False
ghsl_2878,Paris,FR001C,Paris (greater city),urb_clivcon,SA1007V,Number of households living in houses,2019,899339.0,,https://ec.europa.eu/eurostat/api/dissemination/statistics/1.0/data/urb_clivcon?lang=EN&cities=FR001C&sinceTimePeriod=2015,False
ghsl_2878,Paris,FR001C,Paris (greater city),urb_clivcon,SA1007V,Number of households living in houses,2020,895176.0,,https://ec.europa.eu/eurostat/api/dissemination/statistics/1.0/data/urb_clivcon?lang=EN&cities=FR001C&sinceTimePeriod=2015,False
ghsl_2878,Paris,FR001C,Paris (greater city),urb_clivcon,SA1007V,Number of households living in houses,2021,892770.0,,https://ec.europa.eu/eurostat/api/dissemination/statistics/1.0/data/urb_clivcon?lang=EN&cities=FR001C&sinceTimePeriod=2015,False
ghsl_2878,Paris,FR001C,Paris (greater city),urb_clivcon,SA1007V,Number of households living in houses,2022,895447.0,,https://ec.europa.eu/eurostat/api/dissemination/statistics/1.0/data/urb_clivcon?lang=EN&cities=FR001C&sinceTimePeriod=2015,False
ghsl_2878,Paris,FR001C,Paris (greater city),urb_clivcon,SA1007V,Number of households living in houses,2023,852690.0,b,https://ec.europa.eu/eurostat/api/dissemination/statistics/1.0/data/urb_clivcon?lang=EN&cities=FR001C&sinceTimePeriod=2015,False
ghsl_2878,Paris,FR001C,Paris (greater city),urb_clivcon,SA1008I,Proportion of households living in apartments,2015,77.82,,https://ec.europa.eu/eurostat/api/dissemination/statistics/1.0/data/urb_clivcon?lang=EN&cities=FR001C&sinceTimePeriod=2015,False
ghsl_2878,Paris,FR001C,Paris (greater city),urb_clivcon,SA1008I,Proportion of households living in apartments,2016,77.93,,https://ec.europa.eu/eurostat/api/dissemination/statistics/1.0/data/urb_clivcon?lang=EN&cities=FR001C&sinceTimePeriod=2015,False
ghsl_2878,Paris,FR001C,Paris (greater city),urb_clivcon,SA1008I,Proportion of households living in apartments,2017,78.08,,https://ec.europa.eu/eurostat/api/dissemination/statistics/1.0/data/urb_clivcon?lang=EN&cities=FR001C&sinceTimePeriod=2015,False
ghsl_2878,Paris,FR001C,Paris (greater city),urb_clivcon,SA1008I,Proportion of households living in apartments,2018,78.25,,https://ec.europa.eu/eurostat/api/dissemination/statistics/1.0/data/urb_clivcon?lang=EN&cities=FR001C&sinceTimePeriod=2015,False
ghsl_2878,Paris,FR001C,Paris (greater city),urb_clivcon,SA1008I,Proportion of households living in apartments,2019,78.22,,https://ec.europa.eu/eurostat/api/dissemination/statistics/1.0/data/urb_clivcon?lang=EN&cities=FR001C&sinceTimePeriod=2015,False
ghsl_2878,Paris,FR001C,Paris (greater city),urb_clivcon,SA1008I,Proportion of households living in apartments,2020,78.32,,https://ec.europa.eu/eurostat/api/dissemination/statistics/1.0/data/urb_clivcon?lang=EN&cities=FR001C&sinceTimePeriod=2015,False
ghsl_2878,Paris,FR001C,Paris (greater city),urb_clivcon,SA1008I,Proportion of households living in apartments,2021,78.48,,https://ec.europa.eu/eurostat/api/dissemination/statistics/1.0/data/urb_clivcon?lang=EN&cities=FR001C&sinceTimePeriod=2015,False
ghsl_2878,Paris,FR001C,Paris (greater city),urb_clivcon,SA1008I,Proportion of households living in apartments,2022,78.56,,https://ec.europa.eu/eurostat/api/dissemination/statistics/1.0/data/urb_clivcon?lang=EN&cities=FR001C&sinceTimePeriod=2015,False
ghsl_2878,Paris,FR001C,Paris (greater city),urb_clivcon,SA1008I,Proportion of households living in apartments,2023,79.25,b,https://ec.europa.eu/eurostat/api/dissemination/statistics/1.0/data/urb_clivcon?lang=EN&cities=FR001C&sinceTimePeriod=2015,False
ghsl_2878,Paris,FR001C,Paris (greater city),urb_clivcon,SA1008V,Number of households living in apartments,2015,3386195.0,,https://ec.europa.eu/eurostat/api/dissemination/statistics/1.0/data/urb_clivcon?lang=EN&cities=FR001C&sinceTimePeriod=2015,False
ghsl_2878,Paris,FR001C,Paris (greater city),urb_clivcon,SA1008V,Number of households living in apartments,2016,3414172.0,,https://ec.europa.eu/eurostat/api/dissemination/statistics/1.0/data/urb_clivcon?lang=EN&cities=FR001C&sinceTimePeriod=2015,False
ghsl_2878,Paris,FR001C,Paris (greater city),urb_clivcon,SA1008V,Number of households living in apartments,2017,3448259.0,,https://ec.europa.eu/eurostat/api/dissemination/statistics/1.0/data/urb_clivcon?lang=EN&cities=FR001C&sinceTimePeriod=2015,False
ghsl_2878,Paris,FR001C,Paris (greater city),urb_clivcon,SA1008V,Number of households living in apartments,2018,3478466.0,,https://ec.europa.eu/eurostat/api/dissemination/statistics/1.0/data/urb_clivcon?lang=EN&cities=FR001C&sinceTimePeriod=2015,False
ghsl_2878,Paris,FR001C,Paris (greater city),urb_clivcon,SA1008V,Number of households living in apartments,2019,3498338.0,,https://ec.europa.eu/eurostat/api/dissemination/statistics/1.0/data/urb_clivcon?lang=EN&cities=FR001C&sinceTimePeriod=2015,False
ghsl_2878,Paris,FR001C,Paris (greater city),urb_clivcon,SA1008V,Number of households living in apartments,2020,3524078.0,,https://ec.europa.eu/eurostat/api/dissemination/statistics/1.0/data/urb_clivcon?lang=EN&cities=FR001C&sinceTimePeriod=2015,False
ghsl_2878,Paris,FR001C,Paris (greater city),urb_clivcon,SA1008V,Number of households living in apartments,2021,3557151.0,,https://ec.europa.eu/eurostat/api/dissemination/statistics/1.0/data/urb_clivcon?lang=EN&cities=FR001C&sinceTimePeriod=2015,False
ghsl_2878,Paris,FR001C,Paris (greater city),urb_clivcon,SA1008V,Number of households living in apartments,2022,3593800.0,,https://ec.europa.eu/eurostat/api/dissemination/statistics/1.0/data/urb_clivcon?lang=EN&cities=FR001C&sinceTimePeriod=2015,False
ghsl_2878,Paris,FR001C,Paris (greater city),urb_clivcon,SA1008V,Number of households living in apartments,2023,3579378.0,b,https://ec.europa.eu/eurostat/api/dissemination/statistics/1.0/data/urb_clivcon?lang=EN&cities=FR001C&sinceTimePeriod=2015,False
ghsl_2878,Paris,FR001C,Paris (greater city),urb_clivcon,SA1011I,Proportion of households living in owned dwellings,2015,44.04,,https://ec.europa.eu/eurostat/api/dissemination/statistics/1.0/data/urb_clivcon?lang=EN&cities=FR001C&sinceTimePeriod=2015,False
ghsl_2878,Paris,FR001C,Paris (greater city),urb_clivcon,SA1011I,Proportion of households living in owned dwellings,2016,43.84,,https://ec.europa.eu/eurostat/api/dissemination/statistics/1.0/data/urb_clivcon?lang=EN&cities=FR001C&sinceTimePeriod=2015,False
ghsl_2878,Paris,FR001C,Paris (greater city),urb_clivcon,SA1011I,Proportion of households living in owned dwellings,2017,43.7,,https://ec.europa.eu/eurostat/api/dissemination/statistics/1.0/data/urb_clivcon?lang=EN&cities=FR001C&sinceTimePeriod=2015,False
ghsl_2878,Paris,FR001C,Paris (greater city),urb_clivcon,SA1011I,Proportion of households living in owned dwellings,2018,43.64,,https://ec.europa.eu/eurostat/api/dissemination/statistics/1.0/data/urb_clivcon?lang=EN&cities=FR001C&sinceTimePeriod=2015,False
ghsl_2878,Paris,FR001C,Paris (greater city),urb_clivcon,SA1011I,Proportion of households living in owned dwellings,2019,43.75,,https://ec.europa.eu/eurostat/api/dissemination/statistics/1.0/data/urb_clivcon?lang=EN&cities=FR001C&sinceTimePeriod=2015,False
ghsl_2878,Paris,FR001C,Paris (greater city),urb_clivcon,SA1011I,Proportion of households living in owned dwellings,2020,43.63,,https://ec.europa.eu/eurostat/api/dissemination/statistics/1.0/data/urb_clivcon?lang=EN&cities=FR001C&sinceTimePeriod=2015,False
ghsl_2878,Paris,FR001C,Paris (greater city),urb_clivcon,SA1011I,Proportion of households living in owned dwellings,2021,43.58,,https://ec.europa.eu/eurostat/api/dissemination/statistics/1.0/data/urb_clivcon?lang=EN&cities=FR001C&sinceTimePeriod=2015,False
ghsl_2878,Paris,FR001C,Paris (greater city),urb_clivcon,SA1011I,Proportion of households living in owned dwellings,2022,43.43,,https://ec.europa.eu/eurostat/api/dissemination/statistics/1.0/data/urb_clivcon?lang=EN&cities=FR001C&sinceTimePeriod=2015,False
ghsl_2878,Paris,FR001C,Paris (greater city),urb_clivcon,SA1011I,Proportion of households living in owned dwellings,2023,42.88,b,https://ec.europa.eu/eurostat/api/dissemination/statistics/1.0/data/urb_clivcon?lang=EN&cities=FR001C&sinceTimePeriod=2015,False
ghsl_2878,Paris,FR001C,Paris (greater city),urb_clivcon,SA1011V,Households owning their own dwelling,2015,1916340.0,,https://ec.europa.eu/eurostat/api/dissemination/statistics/1.0/data/urb_clivcon?lang=EN&cities=FR001C&sinceTimePeriod=2015,False
ghsl_2878,Paris,FR001C,Paris (greater city),urb_clivcon,SA1011V,Households owning their own dwelling,2016,1920437.0,,https://ec.europa.eu/eurostat/api/dissemination/statistics/1.0/data/urb_clivcon?lang=EN&cities=FR001C&sinceTimePeriod=2015,False
ghsl_2878,Paris,FR001C,Paris (greater city),urb_clivcon,SA1011V,Households owning their own dwelling,2017,1930107.0,,https://ec.europa.eu/eurostat/api/dissemination/statistics/1.0/data/urb_clivcon?lang=EN&cities=FR001C&sinceTimePeriod=2015,False
ghsl_2878,Paris,FR001C,Paris (greater city),urb_clivcon,SA1011V,Households owning their own dwelling,2018,1939731.0,,https://ec.europa.eu/eurostat/api/dissemination/statistics/1.0/data/urb_clivcon?lang=EN&cities=FR001C&sinceTimePeriod=2015,False
ghsl_2878,Paris,FR001C,Paris (greater city),urb_clivcon,SA1011V,Households owning their own dwelling,2019,1956777.0,,https://ec.europa.eu/eurostat/api/dissemination/statistics/1.0/data/urb_clivcon?lang=EN&cities=FR001C&sinceTimePeriod=2015,False
ghsl_2878,Paris,FR001C,Paris (greater city),urb_clivcon,SA1011V,Households owning their own dwelling,2020,1963351.0,,https://ec.europa.eu/eurostat/api/dissemination/statistics/1.0/data/urb_clivcon?lang=EN&cities=FR001C&sinceTimePeriod=2015,False
ghsl_2878,Paris,FR001C,Paris (greater city),urb_clivcon,SA1011V,Households owning their own dwelling,2021,1975060.0,,https://ec.europa.eu/eurostat/api/dissemination/statistics/1.0/data/urb_clivcon?lang=EN&cities=FR001C&sinceTimePeriod=2015,False
ghsl_2878,Paris,FR001C,Paris (greater city),urb_clivcon,SA1011V,Households owning their own dwelling,2022,1986934.0,,https://ec.europa.eu/eurostat/api/dissemination/statistics/1.0/data/urb_clivcon?lang=EN&cities=FR001C&sinceTimePeriod=2015,False
ghsl_2878,Paris,FR001C,Paris (greater city),urb_clivcon,SA1011V,Households owning their own dwelling,2023,1936548.0,b,https://ec.europa.eu/eurostat/api/dissemination/statistics/1.0/data/urb_clivcon?lang=EN&cities=FR001C&sinceTimePeriod=2015,False
ghsl_2878,Paris,FR001C,Paris (greater city),urb_clivcon,SA1012V,Households in social housing,2015,1062610.0,,https://ec.europa.eu/eurostat/api/dissemination/statistics/1.0/data/urb_clivcon?lang=EN&cities=FR001C&sinceTimePeriod=2015,False
ghsl_2878,Paris,FR001C,Paris (greater city),urb_clivcon,SA1012V,Households in social housing,2016,1068514.0,,https://ec.europa.eu/eurostat/api/dissemination/statistics/1.0/data/urb_clivcon?lang=EN&cities=FR001C&sinceTimePeriod=2015,False
ghsl_2878,Paris,FR001C,Paris (greater city),urb_clivcon,SA1012V,Households in social housing,2017,1074804.0,,https://ec.europa.eu/eurostat/api/dissemination/statistics/1.0/data/urb_clivcon?lang=EN&cities=FR001C&sinceTimePeriod=2015,False
ghsl_2878,Paris,FR001C,Paris (greater city),urb_clivcon,SA1012V,Households in social housing,2018,1080520.0,,https://ec.europa.eu/eurostat/api/dissemination/statistics/1.0/data/urb_clivcon?lang=EN&cities=FR001C&sinceTimePeriod=2015,False
ghsl_2878,Paris,FR001C,Paris (greater city),urb_clivcon,SA1012V,Households in social housing,2019,1077604.0,,https://ec.europa.eu/eurostat/api/dissemination/statistics/1.0/data/urb_clivcon?lang=EN&cities=FR001C&sinceTimePeriod=2015,False
ghsl_2878,Paris,FR001C,Paris (greater city),urb_clivcon,SA1012V,Households in social housing,2020,1087608.0,,https://ec.europa.eu/eurostat/api/dissemination/statistics/1.0/data/urb_clivcon?lang=EN&cities=FR001C&sinceTimePeriod=2015,False
ghsl_2878,Paris,FR001C,Paris (greater city),urb_clivcon,SA1013V,Households in private rented housing,2015,1251552.0,,https://ec.europa.eu/eurostat/api/dissemination/statistics/1.0/data/urb_clivcon?lang=EN&cities=FR001C&sinceTimePeriod=2015,False
ghsl_2878,Paris,FR001C,Paris (greater city),urb_clivcon,SA1013V,Households in private rented housing,2016,1273147.0,,https://ec.europa.eu/eurostat/api/dissemination/statistics/1.0/data/urb_clivcon?lang=EN&cities=FR001C&sinceTimePeriod=2015,False
ghsl_2878,Paris,FR001C,Paris (greater city),urb_clivcon,SA1013V,Households in private rented housing,2017,1293795.0,,https://ec.europa.eu/eurostat/api/dissemination/statistics/1.0/data/urb_clivcon?lang=EN&cities=FR001C&sinceTimePeriod=2015,False
ghsl_2878,Paris,FR001C,Paris (greater city),urb_clivcon,SA1013V,Households in private rented housing,2018,1307399.0,,https://ec.europa.eu/eurostat/api/dissemination/statistics/1.0/data/urb_clivcon?lang=EN&cities=FR001C&sinceTimePeriod=2015,False
ghsl_2878,Paris,FR001C,Paris (greater city),urb_clivcon,SA1013V,Households in private rented housing,2019,1319234.0,,https://ec.europa.eu/eurostat/api/dissemination/statistics/1.0/data/urb_clivcon?lang=EN&cities=FR001C&sinceTimePeriod=2015,False
ghsl_2878,Paris,FR001C,Paris (greater city),urb_clivcon,SA1013V,Households in private rented housing,2020,1332601.0,,https://ec.europa.eu/eurostat/api/dissemination/statistics/1.0/data/urb_clivcon?lang=EN&cities=FR001C&sinceTimePeriod=2015,False
ghsl_2878,Paris,FR001C,Paris (greater city),urb_clivcon,SA1013V,Households in private rented housing,2021,1345964.0,,https://ec.europa.eu/eurostat/api/dissemination/statistics/1.0/data/urb_clivcon?lang=EN&cities=FR001C&sinceTimePeriod=2015,False
ghsl_2878,Paris,FR001C,Paris (greater city),urb_clivcon,SA1013V,Households in private rented housing,2022,1364133.0,,https://ec.europa.eu/eurostat/api/dissemination/statistics/1.0/data/urb_clivcon?lang=EN&cities=FR001C&sinceTimePeriod=2015,False
ghsl_2878,Paris,FR001C,Paris (greater city),urb_clivcon,SA1013V,Households in private rented housing,2023,1365022.0,b,https://ec.europa.eu/eurostat/api/dissemination/statistics/1.0/data/urb_clivcon?lang=EN&cities=FR001C&sinceTimePeriod=2015,False
ghsl_2878,Paris,FR001C,Paris (greater city),urb_clivcon,SA1018V,Dwellings lacking basic amenities,2015,44483.0,,https://ec.europa.eu/eurostat/api/dissemination/statistics/1.0/data/urb_clivcon?lang=EN&cities=FR001C&sinceTimePeriod=2015,False
ghsl_2878,Paris,FR001C,Paris (greater city),urb_clivcon,SA1018V,Dwellings lacking basic amenities,2016,43377.0,,https://ec.europa.eu/eurostat/api/dissemination/statistics/1.0/data/urb_clivcon?lang=EN&cities=FR001C&sinceTimePeriod=2015,False
ghsl_2878,Paris,FR001C,Paris (greater city),urb_clivcon,SA1018V,Dwellings lacking basic amenities,2017,3905996.0,,https://ec.europa.eu/eurostat/api/dissemination/statistics/1.0/data/urb_clivcon?lang=EN&cities=FR001C&sinceTimePeriod=2015,False
ghsl_2878,Paris,FR001C,Paris (greater city),urb_clivcon,SA1018V,Dwellings lacking basic amenities,2018,38093.0,,https://ec.europa.eu/eurostat/api/dissemination/statistics/1.0/data/urb_clivcon?lang=EN&cities=FR001C&sinceTimePeriod=2015,False
ghsl_2878,Paris,FR001C,Paris (greater city),urb_clivcon,SA1018V,Dwellings lacking basic amenities,2019,38496.0,,https://ec.europa.eu/eurostat/api/dissemination/statistics/1.0/data/urb_clivcon?lang=EN&cities=FR001C&sinceTimePeriod=2015,False
ghsl_2878,Paris,FR001C,Paris (greater city),urb_clivcon,SA1018V,Dwellings lacking basic amenities,2020,35070.0,,https://ec.europa.eu/eurostat/api/dissemination/statistics/1.0/data/urb_clivcon?lang=EN&cities=FR001C&sinceTimePeriod=2015,False
ghsl_2878,Paris,FR001C,Paris (greater city),urb_clivcon,SA1022V,Average area of living accommodation - m²/person,2015,36.0,e,https://ec.europa.eu/eurostat/api/dissemination/statistics/1.0/data/urb_clivcon?lang=EN&cities=FR001C&sinceTimePeriod=2015,False
ghsl_2878,Paris,FR001C,Paris (greater city),urb_clivcon,SA1022V,Average area of living accommodation - m²/person,2016,36.0,e,https://ec.europa.eu/eurostat/api/dissemination/statistics/1.0/data/urb_clivcon?lang=EN&cities=FR001C&sinceTimePeriod=2015,False
ghsl_2878,Paris,FR001C,Paris (greater city),urb_clivcon,SA1022V,Average area of living accommodation - m²/person,2017,36.0,e,https://ec.europa.eu/eurostat/api/dissemination/statistics/1.0/data/urb_clivcon?lang=EN&cities=FR001C&sinceTimePeriod=2015,False
ghsl_2878,Paris,FR001C,Paris (greater city),urb_clivcon,SA1022V,Average area of living accommodation - m²/person,2018,36.0,e,https://ec.europa.eu/eurostat/api/dissemination/statistics/1.0/data/urb_clivcon?lang=EN&cities=FR001C&sinceTimePeriod=2015,False
ghsl_2878,Paris,FR001C,Paris (greater city),urb_clivcon,SA1022V,Average area of living accommodation - m²/person,2019,36.0,e,https://ec.europa.eu/eurostat/api/dissemination/statistics/1.0/data/urb_clivcon?lang=EN&cities=FR001C&sinceTimePeriod=2015,False
ghsl_2878,Paris,FR001C,Paris (greater city),urb_clivcon,SA1022V,Average area of living accommodation - m²/person,2020,36.0,e,https://ec.europa.eu/eurostat/api/dissemination/statistics/1.0/data/urb_clivcon?lang=EN&cities=FR001C&sinceTimePeriod=2015,False
ghsl_2878,Paris,FR001C,Paris (greater city),urb_clivcon,SA1022V,Average area of living accommodation - m²/person,2021,37.0,e,https://ec.europa.eu/eurostat/api/dissemination/statistics/1.0/data/urb_clivcon?lang=EN&cities=FR001C&sinceTimePeriod=2015,False
ghsl_2878,Paris,FR001C,Paris (greater city),urb_clivcon,SA1022V,Average area of living accommodation - m²/person,2023,37.0,e,https://ec.europa.eu/eurostat/api/dissemination/statistics/1.0/data/urb_clivcon?lang=EN&cities=FR001C&sinceTimePeriod=2015,False
ghsl_2878,Paris,FR001C,Paris (greater city),urb_clivcon,SA1025V,Empty conventional dwellings,2015,316210.0,,https://ec.europa.eu/eurostat/api/dissemination/statistics/1.0/data/urb_clivcon?lang=EN&cities=FR001C&sinceTimePeriod=2015,False
ghsl_2878,Paris,FR001C,Paris (greater city),urb_clivcon,SA1025V,Empty conventional dwellings,2016,326487.0,,https://ec.europa.eu/eurostat/api/dissemination/statistics/1.0/data/urb_clivcon?lang=EN&cities=FR001C&sinceTimePeriod=2015,False
ghsl_2878,Paris,FR001C,Paris (greater city),urb_clivcon,SA1025V,Empty conventional dwellings,2017,331453.0,,https://ec.europa.eu/eurostat/api/dissemination/statistics/1.0/data/urb_clivcon?lang=EN&cities=FR001C&sinceTimePeriod=2015,False
ghsl_2878,Paris,FR001C,Paris (greater city),urb_clivcon,SA1025V,Empty conventional dwellings,2018,334723.0,,https://ec.europa.eu/eurostat/api/dissemination/statistics/1.0/data/urb_clivcon?lang=EN&cities=FR001C&sinceTimePeriod=2015,False
ghsl_2878,Paris,FR001C,Paris (greater city),urb_clivcon,SA1025V,Empty conventional dwellings,2019,342579.0,,https://ec.europa.eu/eurostat/api/dissemination/statistics/1.0/data/urb_clivcon?lang=EN&cities=FR001C&sinceTimePeriod=2015,False
ghsl_2878,Paris,FR001C,Paris (greater city),urb_clivcon,SA1025V,Empty conventional dwellings,2020,353985.0,,https://ec.europa.eu/eurostat/api/dissemination/statistics/1.0/data/urb_clivcon?lang=EN&cities=FR001C&sinceTimePeriod=2015,False
ghsl_2878,Paris,FR001C,Paris (greater city),urb_clivcon,SA1025V,Empty conventional dwellings,2021,362406.0,,https://ec.europa.eu/eurostat/api/dissemination/statistics/1.0/data/urb_clivcon?lang=EN&cities=FR001C&sinceTimePeriod=2015,False
ghsl_2878,Paris,FR001C,Paris (greater city),urb_clivcon,SA1025V,Empty conventional dwellings,2022,371009.0,,https://ec.europa.eu/eurostat/api/dissemination/statistics/1.0/data/urb_clivcon?lang=EN&cities=FR001C&sinceTimePeriod=2015,False
ghsl_2878,Paris,FR001C,Paris (greater city),urb_clivcon,SA1025V,Empty conventional dwellings,2023,368777.0,b,https://ec.europa.eu/eurostat/api/dissemination/statistics/1.0/data/urb_clivcon?lang=EN&cities=FR001C&sinceTimePeriod=2015,False
ghsl_2878,Paris,FR001C,Paris (greater city),urb_clivcon,SA1029V,Number of people in accommodation for the homeless,2015,2729.0,,https://ec.europa.eu/eurostat/api/dissemination/statistics/1.0/data/urb_clivcon?lang=EN&cities=FR001C&sinceTimePeriod=2015,False
ghsl_2878,Paris,FR001C,Paris (greater city),urb_clivcon,SA1029V,Number of people in accommodation for the homeless,2016,2646.0,,https://ec.europa.eu/eurostat/api/dissemination/statistics/1.0/data/urb_clivcon?lang=EN&cities=FR001C&sinceTimePeriod=2015,False
ghsl_2878,Paris,FR001C,Paris (greater city),urb_clivcon,SA1029V,Number of people in accommodation for the homeless,2017,2535.0,,https://ec.europa.eu/eurostat/api/dissemination/statistics/1.0/data/urb_clivcon?lang=EN&cities=FR001C&sinceTimePeriod=2015,False
ghsl_2878,Paris,FR001C,Paris (greater city),urb_clivcon,SA1029V,Number of people in accommodation for the homeless,2018,2473.0,,https://ec.europa.eu/eurostat/api/dissemination/statistics/1.0/data/urb_clivcon?lang=EN&cities=FR001C&sinceTimePeriod=2015,False
ghsl_2878,Paris,FR001C,Paris (greater city),urb_clivcon,SA1029V,Number of people in accommodation for the homeless,2019,2560.0,,https://ec.europa.eu/eurostat/api/dissemination/statistics/1.0/data/urb_clivcon?lang=EN&cities=FR001C&sinceTimePeriod=2015,False
ghsl_2878,Paris,FR001C,Paris (greater city),urb_clivcon,SA1029V,Number of people in accommodation for the homeless,2020,2529.0,,https://ec.europa.eu/eurostat/api/dissemination/statistics/1.0/data/urb_clivcon?lang=EN&cities=FR001C&sinceTimePeriod=2015,False
ghsl_2878,Paris,FR001C,Paris (greater city),urb_clivcon,SA1050V,Average price for buying a house - EUR,2022,503539.0,,https://ec.europa.eu/eurostat/api/dissemination/statistics/1.0/data/urb_clivcon?lang=EN&cities=FR001C&sinceTimePeriod=2015,False
ghsl_2878,Paris,FR001C,Paris (greater city),urb_clivcon,SA1050V,Average price for buying a house - EUR,2023,477604.0,,https://ec.europa.eu/eurostat/api/dissemination/statistics/1.0/data/urb_clivcon?lang=EN&cities=FR001C&sinceTimePeriod=2015,False
ghsl_2878,Paris,FR001C,Paris (greater city),urb_clivcon,SA1050V,Average price for buying a house - EUR,2024,451831.0,b,https://ec.europa.eu/eurostat/api/dissemination/statistics/1.0/data/urb_clivcon?lang=EN&cities=FR001C&sinceTimePeriod=2015,False
ghsl_2878,Paris,FR001C,Paris (greater city),urb_clivcon,SA1051V,Average price for buying an apartment - EUR,2022,400891.0,,https://ec.europa.eu/eurostat/api/dissemination/statistics/1.0/data/urb_clivcon?lang=EN&cities=FR001C&sinceTimePeriod=2015,False
ghsl_2878,Paris,FR001C,Paris (greater city),urb_clivcon,SA1051V,Average price for buying an apartment - EUR,2023,365560.0,,https://ec.europa.eu/eurostat/api/dissemination/statistics/1.0/data/urb_clivcon?lang=EN&cities=FR001C&sinceTimePeriod=2015,False
ghsl_2878,Paris,FR001C,Paris (greater city),urb_clivcon,SA1051V,Average price for buying an apartment - EUR,2024,355475.0,b,https://ec.europa.eu/eurostat/api/dissemination/statistics/1.0/data/urb_clivcon?lang=EN&cities=FR001C&sinceTimePeriod=2015,False
ghsl_2878,Paris,FR001C,Paris (greater city),urb_clivcon,SA1052V,Average price for buying a house per m2 - EUR,2022,5145.0,,https://ec.europa.eu/eurostat/api/dissemination/statistics/1.0/data/urb_clivcon?lang=EN&cities=FR001C&sinceTimePeriod=2015,False
ghsl_2878,Paris,FR001C,Paris (greater city),urb_clivcon,SA1052V,Average price for buying a house per m2 - EUR,2023,4979.0,,https://ec.europa.eu/eurostat/api/dissemination/statistics/1.0/data/urb_clivcon?lang=EN&cities=FR001C&sinceTimePeriod=2015,False
ghsl_2878,Paris,FR001C,Paris (greater city),urb_clivcon,SA1052V,Average price for buying a house per m2 - EUR,2024,4715.0,b,https://ec.europa.eu/eurostat/api/dissemination/statistics/1.0/data/urb_clivcon?lang=EN&cities=FR001C&sinceTimePeriod=2015,False
ghsl_2878,Paris,FR001C,Paris (greater city),urb_clivcon,SA1053V,Average price for buying an apartment per m2 - EUR,2022,7185.0,,https://ec.europa.eu/eurostat/api/dissemination/statistics/1.0/data/urb_clivcon?lang=EN&cities=FR001C&sinceTimePeriod=2015,False
ghsl_2878,Paris,FR001C,Paris (greater city),urb_clivcon,SA1053V,Average price for buying an apartment per m2 - EUR,2023,6707.0,,https://ec.europa.eu/eurostat/api/dissemination/statistics/1.0/data/urb_clivcon?lang=EN&cities=FR001C&sinceTimePeriod=2015,False
ghsl_2878,Paris,FR001C,Paris (greater city),urb_clivcon,SA1053V,Average price for buying an apartment per m2 - EUR,2024,6478.0,b,https://ec.europa.eu/eurostat/api/dissemination/statistics/1.0/data/urb_clivcon?lang=EN&cities=FR001C&sinceTimePeriod=2015,False
ghsl_2878,Paris,FR001C,Paris (greater city),urb_clivcon,SA3005V,Number of murders and violent deaths,2016,107.0,,https://ec.europa.eu/eurostat/api/dissemination/statistics/1.0/data/urb_clivcon?lang=EN&cities=FR001C&sinceTimePeriod=2015,False
ghsl_2878,Paris,FR001C,Paris (greater city),urb_clivcon,SA3005V,Number of murders and violent deaths,2017,99.0,,https://ec.europa.eu/eurostat/api/dissemination/statistics/1.0/data/urb_clivcon?lang=EN&cities=FR001C&sinceTimePeriod=2015,False
ghsl_2878,Paris,FR001C,Paris (greater city),urb_clivcon,SA3005V,Number of murders and violent deaths,2018,93.0,,https://ec.europa.eu/eurostat/api/dissemination/statistics/1.0/data/urb_clivcon?lang=EN&cities=FR001C&sinceTimePeriod=2015,False
ghsl_2878,Paris,FR001C,Paris (greater city),urb_clivcon,SA3005V,Number of murders and violent deaths,2019,117.0,,https://ec.europa.eu/eurostat/api/dissemination/statistics/1.0/data/urb_clivcon?lang=EN&cities=FR001C&sinceTimePeriod=2015,False
ghsl_2878,Paris,FR001C,Paris (greater city),urb_clivcon,SA3005V,Number of murders and violent deaths,2020,115.0,,https://ec.europa.eu/eurostat/api/dissemination/statistics/1.0/data/urb_clivcon?lang=EN&cities=FR001C&sinceTimePeriod=2015,False
ghsl_5483,Berlin,DE001C,Berlin,urb_cpop1,DE1001V,"Population on the 1st of January, total",2015,3469849.0,,https://ec.europa.eu/eurostat/api/dissemination/statistics/1.0/data/urb_cpop1?lang=EN&cities=DE001C&sinceTimePeriod=2015&indic_ur=DE1001V,False
ghsl_5483,Berlin,DE001C,Berlin,urb_cpop1,DE1001V,"Population on the 1st of January, total",2016,3520031.0,,https://ec.europa.eu/eurostat/api/dissemination/statistics/1.0/data/urb_cpop1?lang=EN&cities=DE001C&sinceTimePeriod=2015&indic_ur=DE1001V,False
ghsl_5483,Berlin,DE001C,Berlin,urb_cpop1,DE1001V,"Population on the 1st of January, total",2017,3574830.0,,https://ec.europa.eu/eurostat/api/dissemination/statistics/1.0/data/urb_cpop1?lang=EN&cities=DE001C&sinceTimePeriod=2015&indic_ur=DE1001V,False
ghsl_5483,Berlin,DE001C,Berlin,urb_cpop1,DE1001V,"Population on the 1st of January, total",2018,3613495.0,,https://ec.europa.eu/eurostat/api/dissemination/statistics/1.0/data/urb_cpop1?lang=EN&cities=DE001C&sinceTimePeriod=2015&indic_ur=DE1001V,False
ghsl_5483,Berlin,DE001C,Berlin,urb_cpop1,DE1001V,"Population on the 1st of January, total",2019,3644826.0,,https://ec.europa.eu/eurostat/api/dissemination/statistics/1.0/data/urb_cpop1?lang=EN&cities=DE001C&sinceTimePeriod=2015&indic_ur=DE1001V,False
ghsl_5483,Berlin,DE001C,Berlin,urb_cpop1,DE1001V,"Population on the 1st of January, total",2020,3669491.0,,https://ec.europa.eu/eurostat/api/dissemination/statistics/1.0/data/urb_cpop1?lang=EN&cities=DE001C&sinceTimePeriod=2015&indic_ur=DE1001V,False
ghsl_5483,Berlin,DE001C,Berlin,urb_cpop1,DE1001V,"Population on the 1st of January, total",2021,3664088.0,,https://ec.europa.eu/eurostat/api/dissemination/statistics/1.0/data/urb_cpop1?lang=EN&cities=DE001C&sinceTimePeriod=2015&indic_ur=DE1001V,False
ghsl_5483,Berlin,DE001C,Berlin,urb_cpop1,DE1001V,"Population on the 1st of January, total",2022,3677472.0,,https://ec.europa.eu/eurostat/api/dissemination/statistics/1.0/data/urb_cpop1?lang=EN&cities=DE001C&sinceTimePeriod=2015&indic_ur=DE1001V,False
ghsl_5483,Berlin,DE001C,Berlin,urb_cpop1,DE1001V,"Population on the 1st of January, total",2023,3755251.0,,https://ec.europa.eu/eurostat/api/dissemination/statistics/1.0/data/urb_cpop1?lang=EN&cities=DE001C&sinceTimePeriod=2015&indic_ur=DE1001V,False
ghsl_5483,Berlin,DE001C,Berlin,urb_cpop1,DE1001V,"Population on the 1st of January, total",2024,3662381.0,b,https://ec.europa.eu/eurostat/api/dissemination/statistics/1.0/data/urb_cpop1?lang=EN&cities=DE001C&sinceTimePeriod=2015&indic_ur=DE1001V,False
ghsl_5483,Berlin,DE001C,Berlin,urb_cpop1,DE1001V,"Population on the 1st of January, total",2025,3685265.0,,https://ec.europa.eu/eurostat/api/dissemination/statistics/1.0/data/urb_cpop1?lang=EN&cities=DE001C&sinceTimePeriod=2015&indic_ur=DE1001V,False
ghsl_5483,Berlin,DE001C,Berlin,urb_ctran,TT1003V,Share of journeys to work by car -%,2016,37.7,e,https://ec.europa.eu/eurostat/api/dissemination/statistics/1.0/data/urb_ctran?lang=EN&cities=DE001C&sinceTimePeriod=2015,False
ghsl_5483,Berlin,DE001C,Berlin,urb_ctran,TT1006V,Share of journeys to work by motorcycle -%,2016,1.4,e,https://ec.europa.eu/eurostat/api/dissemination/statistics/1.0/data/urb_ctran?lang=EN&cities=DE001C&sinceTimePeriod=2015,False
ghsl_5483,Berlin,DE001C,Berlin,urb_ctran,TT1007V,Share of journeys to work by bicycle -%,2016,12.8,e,https://ec.europa.eu/eurostat/api/dissemination/statistics/1.0/data/urb_ctran?lang=EN&cities=DE001C&sinceTimePeriod=2015,False
ghsl_5483,Berlin,DE001C,Berlin,urb_ctran,TT1008V,Share of journeys to work by foot -%,2016,5.8,e,https://ec.europa.eu/eurostat/api/dissemination/statistics/1.0/data/urb_ctran?lang=EN&cities=DE001C&sinceTimePeriod=2015,False
ghsl_5483,Berlin,DE001C,Berlin,urb_ctran,TT1010V,"Share of journeys to work by public transport (rail, metro, bus, tram) -%",2016,42.4,e,https://ec.europa.eu/eurostat/api/dissemination/statistics/1.0/data/urb_ctran?lang=EN&cities=DE001C&sinceTimePeriod=2015,False
ghsl_5483,Berlin,DE001C,Berlin,urb_ctran,TT1012V,Share of journeys to work by car or motorcycle -%,2016,39.0,e,https://ec.europa.eu/eurostat/api/dissemination/statistics/1.0/data/urb_ctran?lang=EN&cities=DE001C&sinceTimePeriod=2015,False
ghsl_5483,Berlin,DE001C,Berlin,urb_ctran,TT1019V,Average time of journey to work - minutes,2016,32.5,e,https://ec.europa.eu/eurostat/api/dissemination/statistics/1.0/data/urb_ctran?lang=EN&cities=DE001C&sinceTimePeriod=2015,False
ghsl_5483,Berlin,DE001C,Berlin,urb_ctran,TT1020V,Average length of journey to work by private car - km,2016,12.6,e,https://ec.europa.eu/eurostat/api/dissemination/statistics/1.0/data/urb_ctran?lang=EN&cities=DE001C&sinceTimePeriod=2015,False
ghsl_5483,Berlin,DE001C,Berlin,urb_ctran,TT1057I,Number of registered cars per 1000 population,2015,292.48,,https://ec.europa.eu/eurostat/api/dissemination/statistics/1.0/data/urb_ctran?lang=EN&cities=DE001C&sinceTimePeriod=2015,False
ghsl_5483,Berlin,DE001C,Berlin,urb_ctran,TT1057I,Number of registered cars per 1000 population,2016,291.16,,https://ec.europa.eu/eurostat/api/dissemination/statistics/1.0/data/urb_ctran?lang=EN&cities=DE001C&sinceTimePeriod=2015,False
ghsl_5483,Berlin,DE001C,Berlin,urb_ctran,TT1057I,Number of registered cars per 1000 population,2017,290.37,,https://ec.europa.eu/eurostat/api/dissemination/statistics/1.0/data/urb_ctran?lang=EN&cities=DE001C&sinceTimePeriod=2015,False
ghsl_5483,Berlin,DE001C,Berlin,urb_ctran,TT1057I,Number of registered cars per 1000 population,2018,289.23,,https://ec.europa.eu/eurostat/api/dissemination/statistics/1.0/data/urb_ctran?lang=EN&cities=DE001C&sinceTimePeriod=2015,False
ghsl_5483,Berlin,DE001C,Berlin,urb_ctran,TT1057I,Number of registered cars per 1000 population,2019,288.45,,https://ec.europa.eu/eurostat/api/dissemination/statistics/1.0/data/urb_ctran?lang=EN&cities=DE001C&sinceTimePeriod=2015,False
ghsl_5483,Berlin,DE001C,Berlin,urb_ctran,TT1057I,Number of registered cars per 1000 population,2020,287.5,,https://ec.europa.eu/eurostat/api/dissemination/statistics/1.0/data/urb_ctran?lang=EN&cities=DE001C&sinceTimePeriod=2015,False
ghsl_5483,Berlin,DE001C,Berlin,urb_ctran,TT1057I,Number of registered cars per 1000 population,2021,291.95,,https://ec.europa.eu/eurostat/api/dissemination/statistics/1.0/data/urb_ctran?lang=EN&cities=DE001C&sinceTimePeriod=2015,False
ghsl_5483,Berlin,DE001C,Berlin,urb_ctran,TT1057I,Number of registered cars per 1000 population,2023,282.69,,https://ec.europa.eu/eurostat/api/dissemination/statistics/1.0/data/urb_ctran?lang=EN&cities=DE001C&sinceTimePeriod=2015,False
ghsl_5483,Berlin,DE001C,Berlin,urb_ctran,TT1057V,Number of private cars registered,2015,1014859.0,,https://ec.europa.eu/eurostat/api/dissemination/statistics/1.0/data/urb_ctran?lang=EN&cities=DE001C&sinceTimePeriod=2015,False
ghsl_5483,Berlin,DE001C,Berlin,urb_ctran,TT1057V,Number of private cars registered,2016,1024876.0,,https://ec.europa.eu/eurostat/api/dissemination/statistics/1.0/data/urb_ctran?lang=EN&cities=DE001C&sinceTimePeriod=2015,False
ghsl_5483,Berlin,DE001C,Berlin,urb_ctran,TT1057V,Number of private cars registered,2017,1038011.0,,https://ec.europa.eu/eurostat/api/dissemination/statistics/1.0/data/urb_ctran?lang=EN&cities=DE001C&sinceTimePeriod=2015,False
ghsl_5483,Berlin,DE001C,Berlin,urb_ctran,TT1057V,Number of private cars registered,2018,1045133.0,,https://ec.europa.eu/eurostat/api/dissemination/statistics/1.0/data/urb_ctran?lang=EN&cities=DE001C&sinceTimePeriod=2015,False
ghsl_5483,Berlin,DE001C,Berlin,urb_ctran,TT1057V,Number of private cars registered,2019,1051342.0,,https://ec.europa.eu/eurostat/api/dissemination/statistics/1.0/data/urb_ctran?lang=EN&cities=DE001C&sinceTimePeriod=2015,False
ghsl_5483,Berlin,DE001C,Berlin,urb_ctran,TT1057V,Number of private cars registered,2020,1054972.0,,https://ec.europa.eu/eurostat/api/dissemination/statistics/1.0/data/urb_ctran?lang=EN&cities=DE001C&sinceTimePeriod=2015,False
ghsl_5483,Berlin,DE001C,Berlin,urb_ctran,TT1057V,Number of private cars registered,2021,1069747.0,,https://ec.europa.eu/eurostat/api/dissemination/statistics/1.0/data/urb_ctran?lang=EN&cities=DE001C&sinceTimePeriod=2015,False
ghsl_5483,Berlin,DE001C,Berlin,urb_ctran,TT1057V,Number of private cars registered,2023,1061565.0,,https://ec.europa.eu/eurostat/api/dissemination/statistics/1.0/data/urb_ctran?lang=EN&cities=DE001C&sinceTimePeriod=2015,False
ghsl_5483,Berlin,DE001C,Berlin,urb_ctran,TT1060I,People killed in road accidents per 10000 pop.,2015,0.14,,https://ec.europa.eu/eurostat/api/dissemination/statistics/1.0/data/urb_ctran?lang=EN&cities=DE001C&sinceTimePeriod=2015,False
ghsl_5483,Berlin,DE001C,Berlin,urb_ctran,TT1060I,People killed in road accidents per 10000 pop.,2016,0.16,,https://ec.europa.eu/eurostat/api/dissemination/statistics/1.0/data/urb_ctran?lang=EN&cities=DE001C&sinceTimePeriod=2015,False
ghsl_5483,Berlin,DE001C,Berlin,urb_ctran,TT1060I,People killed in road accidents per 10000 pop.,2017,0.1,,https://ec.europa.eu/eurostat/api/dissemination/statistics/1.0/data/urb_ctran?lang=EN&cities=DE001C&sinceTimePeriod=2015,False
ghsl_5483,Berlin,DE001C,Berlin,urb_ctran,TT1060I,People killed in road accidents per 10000 pop.,2018,0.12,,https://ec.europa.eu/eurostat/api/dissemination/statistics/1.0/data/urb_ctran?lang=EN&cities=DE001C&sinceTimePeriod=2015,False
ghsl_5483,Berlin,DE001C,Berlin,urb_ctran,TT1060I,People killed in road accidents per 10000 pop.,2019,0.11,,https://ec.europa.eu/eurostat/api/dissemination/statistics/1.0/data/urb_ctran?lang=EN&cities=DE001C&sinceTimePeriod=2015,False
ghsl_5483,Berlin,DE001C,Berlin,urb_ctran,TT1060I,People killed in road accidents per 10000 pop.,2020,0.14,,https://ec.europa.eu/eurostat/api/dissemination/statistics/1.0/data/urb_ctran?lang=EN&cities=DE001C&sinceTimePeriod=2015,False
ghsl_5483,Berlin,DE001C,Berlin,urb_ctran,TT1060I,People killed in road accidents per 10000 pop.,2021,0.11,,https://ec.europa.eu/eurostat/api/dissemination/statistics/1.0/data/urb_ctran?lang=EN&cities=DE001C&sinceTimePeriod=2015,False
ghsl_5483,Berlin,DE001C,Berlin,urb_ctran,TT1060I,People killed in road accidents per 10000 pop.,2022,0.09,,https://ec.europa.eu/eurostat/api/dissemination/statistics/1.0/data/urb_ctran?lang=EN&cities=DE001C&sinceTimePeriod=2015,False
ghsl_5483,Berlin,DE001C,Berlin,urb_ctran,TT1060I,People killed in road accidents per 10000 pop.,2023,0.09,,https://ec.europa.eu/eurostat/api/dissemination/statistics/1.0/data/urb_ctran?lang=EN&cities=DE001C&sinceTimePeriod=2015,False
ghsl_5483,Berlin,DE001C,Berlin,urb_ctran,TT1060I,People killed in road accidents per 10000 pop.,2024,0.15,b,https://ec.europa.eu/eurostat/api/dissemination/statistics/1.0/data/urb_ctran?lang=EN&cities=DE001C&sinceTimePeriod=2015,False
ghsl_5483,Berlin,DE001C,Berlin,urb_ctran,TT1060V,Number of deaths in road accidents,2015,48.0,,https://ec.europa.eu/eurostat/api/dissemination/statistics/1.0/data/urb_ctran?lang=EN&cities=DE001C&sinceTimePeriod=2015,False
ghsl_5483,Berlin,DE001C,Berlin,urb_ctran,TT1060V,Number of deaths in road accidents,2016,56.0,,https://ec.europa.eu/eurostat/api/dissemination/statistics/1.0/data/urb_ctran?lang=EN&cities=DE001C&sinceTimePeriod=2015,False
ghsl_5483,Berlin,DE001C,Berlin,urb_ctran,TT1060V,Number of deaths in road accidents,2017,36.0,,https://ec.europa.eu/eurostat/api/dissemination/statistics/1.0/data/urb_ctran?lang=EN&cities=DE001C&sinceTimePeriod=2015,False
ghsl_5483,Berlin,DE001C,Berlin,urb_ctran,TT1060V,Number of deaths in road accidents,2018,45.0,,https://ec.europa.eu/eurostat/api/dissemination/statistics/1.0/data/urb_ctran?lang=EN&cities=DE001C&sinceTimePeriod=2015,False
ghsl_5483,Berlin,DE001C,Berlin,urb_ctran,TT1060V,Number of deaths in road accidents,2019,40.0,,https://ec.europa.eu/eurostat/api/dissemination/statistics/1.0/data/urb_ctran?lang=EN&cities=DE001C&sinceTimePeriod=2015,False
ghsl_5483,Berlin,DE001C,Berlin,urb_ctran,TT1060V,Number of deaths in road accidents,2020,50.0,,https://ec.europa.eu/eurostat/api/dissemination/statistics/1.0/data/urb_ctran?lang=EN&cities=DE001C&sinceTimePeriod=2015,False
ghsl_5483,Berlin,DE001C,Berlin,urb_ctran,TT1060V,Number of deaths in road accidents,2021,40.0,,https://ec.europa.eu/eurostat/api/dissemination/statistics/1.0/data/urb_ctran?lang=EN&cities=DE001C&sinceTimePeriod=2015,False
ghsl_5483,Berlin,DE001C,Berlin,urb_ctran,TT1060V,Number of deaths in road accidents,2022,34.0,,https://ec.europa.eu/eurostat/api/dissemination/statistics/1.0/data/urb_ctran?lang=EN&cities=DE001C&sinceTimePeriod=2015,False
ghsl_5483,Berlin,DE001C,Berlin,urb_ctran,TT1060V,Number of deaths in road accidents,2023,33.0,,https://ec.europa.eu/eurostat/api/dissemination/statistics/1.0/data/urb_ctran?lang=EN&cities=DE001C&sinceTimePeriod=2015,False
ghsl_5483,Berlin,DE001C,Berlin,urb_ctran,TT1060V,Number of deaths in road accidents,2024,55.0,,https://ec.europa.eu/eurostat/api/dissemination/statistics/1.0/data/urb_ctran?lang=EN&cities=DE001C&sinceTimePeriod=2015,False
ghsl_5483,Berlin,DE001C,Berlin,urb_ctran,TT1064V,People commuting into the city,2015,277487.0,,https://ec.europa.eu/eurostat/api/dissemination/statistics/1.0/data/urb_ctran?lang=EN&cities=DE001C&sinceTimePeriod=2015,False
ghsl_5483,Berlin,DE001C,Berlin,urb_ctran,TT1064V,People commuting into the city,2016,295838.0,,https://ec.europa.eu/eurostat/api/dissemination/statistics/1.0/data/urb_ctran?lang=EN&cities=DE001C&sinceTimePeriod=2015,False
ghsl_5483,Berlin,DE001C,Berlin,urb_ctran,TT1064V,People commuting into the city,2017,309375.0,,https://ec.europa.eu/eurostat/api/dissemination/statistics/1.0/data/urb_ctran?lang=EN&cities=DE001C&sinceTimePeriod=2015,False
ghsl_5483,Berlin,DE001C,Berlin,urb_ctran,TT1064V,People commuting into the city,2018,321219.0,,https://ec.europa.eu/eurostat/api/dissemination/statistics/1.0/data/urb_ctran?lang=EN&cities=DE001C&sinceTimePeriod=2015,False
ghsl_5483,Berlin,DE001C,Berlin,urb_ctran,TT1065V,People commuting out of the city,2015,166373.0,,https://ec.europa.eu/eurostat/api/dissemination/statistics/1.0/data/urb_ctran?lang=EN&cities=DE001C&sinceTimePeriod=2015,False
ghsl_5483,Berlin,DE001C,Berlin,urb_ctran,TT1065V,People commuting out of the city,2016,174263.0,,https://ec.europa.eu/eurostat/api/dissemination/statistics/1.0/data/urb_ctran?lang=EN&cities=DE001C&sinceTimePeriod=2015,False
ghsl_5483,Berlin,DE001C,Berlin,urb_ctran,TT1065V,People commuting out of the city,2017,179977.0,,https://ec.europa.eu/eurostat/api/dissemination/statistics/1.0/data/urb_ctran?lang=EN&cities=DE001C&sinceTimePeriod=2015,False
ghsl_5483,Berlin,DE001C,Berlin,urb_ctran,TT1065V,People commuting out of the city,2018,185723.0,,https://ec.europa.eu/eurostat/api/dissemination/statistics/1.0/data/urb_ctran?lang=EN&cities=DE001C&sinceTimePeriod=2015,False
ghsl_5483,Berlin,DE001C,Berlin,urb_ctran,TT1079V,Length of bicycle network (dedicated cycle paths and lanes) - km,2017,1695.0,b,https://ec.europa.eu/eurostat/api/dissemination/statistics/1.0/data/urb_ctran?lang=EN&cities=DE001C&sinceTimePeriod=2015,False
ghsl_5483,Berlin,DE001C,Berlin,urb_ctran,TT1079V,Length of bicycle network (dedicated cycle paths and lanes) - km,2018,1684.0,,https://ec.europa.eu/eurostat/api/dissemination/statistics/1.0/data/urb_ctran?lang=EN&cities=DE001C&sinceTimePeriod=2015,False
ghsl_5483,Berlin,DE001C,Berlin,urb_ctran,TT1079V,Length of bicycle network (dedicated cycle paths and lanes) - km,2019,1667.0,,https://ec.europa.eu/eurostat/api/dissemination/statistics/1.0/data/urb_ctran?lang=EN&cities=DE001C&sinceTimePeriod=2015,False
ghsl_5483,Berlin,DE001C,Berlin,urb_ctran,TT1079V,Length of bicycle network (dedicated cycle paths and lanes) - km,2020,1697.0,,https://ec.europa.eu/eurostat/api/dissemination/statistics/1.0/data/urb_ctran?lang=EN&cities=DE001C&sinceTimePeriod=2015,False
ghsl_5483,Berlin,DE001C,Berlin,urb_ctran,TT1079V,Length of bicycle network (dedicated cycle paths and lanes) - km,2021,1777.0,,https://ec.europa.eu/eurostat/api/dissemination/statistics/1.0/data/urb_ctran?lang=EN&cities=DE001C&sinceTimePeriod=2015,False
ghsl_5483,Berlin,DE001C,Berlin,urb_ctran,TT1079V,Length of bicycle network (dedicated cycle paths and lanes) - km,2022,1073473.0,,https://ec.europa.eu/eurostat/api/dissemination/statistics/1.0/data/urb_ctran?lang=EN&cities=DE001C&sinceTimePeriod=2015,False
ghsl_5483,Berlin,DE001C,Berlin,urb_ctran,TT1080V,Cost of a combined monthly ticket (all modes of public transport) for 5-10 km in the central zone - EUR,2016,62.75,,https://ec.europa.eu/eurostat/api/dissemination/statistics/1.0/data/urb_ctran?lang=EN&cities=DE001C&sinceTimePeriod=2015,False
ghsl_5483,Berlin,DE001C,Berlin,urb_ctran,TT1080V,Cost of a combined monthly ticket (all modes of public transport) for 5-10 km in the central zone - EUR,2017,62.75,,https://ec.europa.eu/eurostat/api/dissemination/statistics/1.0/data/urb_ctran?lang=EN&cities=DE001C&sinceTimePeriod=2015,False
ghsl_5483,Berlin,DE001C,Berlin,urb_ctran,TT1080V,Cost of a combined monthly ticket (all modes of public transport) for 5-10 km in the central zone - EUR,2018,62.75,e,https://ec.europa.eu/eurostat/api/dissemination/statistics/1.0/data/urb_ctran?lang=EN&cities=DE001C&sinceTimePeriod=2015,False
ghsl_5483,Berlin,DE001C,Berlin,urb_ctran,TT1080V,Cost of a combined monthly ticket (all modes of public transport) for 5-10 km in the central zone - EUR,2019,63.42,,https://ec.europa.eu/eurostat/api/dissemination/statistics/1.0/data/urb_ctran?lang=EN&cities=DE001C&sinceTimePeriod=2015,False
ghsl_5483,Berlin,DE001C,Berlin,urb_ctran,TT1081V,Cost of a taxi ride of 5 km to the centre at day time - EUR,2015,13.9,,https://ec.europa.eu/eurostat/api/dissemination/statistics/1.0/data/urb_ctran?lang=EN&cities=DE001C&sinceTimePeriod=2015,False
ghsl_5483,Berlin,DE001C,Berlin,urb_ctran,TT1081V,Cost of a taxi ride of 5 km to the centre at day time - EUR,2016,13.9,,https://ec.europa.eu/eurostat/api/dissemination/statistics/1.0/data/urb_ctran?lang=EN&cities=DE001C&sinceTimePeriod=2015,False
ghsl_5483,Berlin,DE001C,Berlin,urb_ctran,TT1081V,Cost of a taxi ride of 5 km to the centre at day time - EUR,2019,16.4,,https://ec.europa.eu/eurostat/api/dissemination/statistics/1.0/data/urb_ctran?lang=EN&cities=DE001C&sinceTimePeriod=2015,False
ghsl_5483,Berlin,DE001C,Berlin,urb_ctran,TT1081V,Cost of a taxi ride of 5 km to the centre at day time - EUR,2020,16.4,,https://ec.europa.eu/eurostat/api/dissemination/statistics/1.0/data/urb_ctran?lang=EN&cities=DE001C&sinceTimePeriod=2015,False
ghsl_5483,Berlin,DE001C,Berlin,urb_ctran,TT1081V,Cost of a taxi ride of 5 km to the centre at day time - EUR,2023,17.3,,https://ec.europa.eu/eurostat/api/dissemination/statistics/1.0/data/urb_ctran?lang=EN&cities=DE001C&sinceTimePeriod=2015,False
ghsl_5483,Berlin,DE001C,Berlin,urb_cenv,EN3003V,Total use of water - m³,2016,206000000.0,,https://ec.europa.eu/eurostat/api/dissemination/statistics/1.0/data/urb_cenv?lang=EN&cities=DE001C&sinceTimePeriod=2015,False
ghsl_5483,Berlin,DE001C,Berlin,urb_cenv,EN3010V,Price of a m³ of domestic water - Euro,2016,1.81,,https://ec.europa.eu/eurostat/api/dissemination/statistics/1.0/data/urb_cenv?lang=EN&cities=DE001C&sinceTimePeriod=2015,False
ghsl_5483,Berlin,DE001C,Berlin,urb_cenv,EN3011V,Share of the urban wastewater load (in population equivalents) treated according to the applicable standard -%,2016,100.0,e,https://ec.europa.eu/eurostat/api/dissemination/statistics/1.0/data/urb_cenv?lang=EN&cities=DE001C&sinceTimePeriod=2015,False
ghsl_5483,Berlin,DE001C,Berlin,urb_cenv,EN3012V,Share of population connected to potable drinking water system - %,2016,99.81,,https://ec.europa.eu/eurostat/api/dissemination/statistics/1.0/data/urb_cenv?lang=EN&cities=DE001C&sinceTimePeriod=2015,False
ghsl_5483,Berlin,DE001C,Berlin,urb_cenv,EN3013V,Share of population connected to sewerage treatment system - %,2016,99.72,,https://ec.europa.eu/eurostat/api/dissemination/statistics/1.0/data/urb_cenv?lang=EN&cities=DE001C&sinceTimePeriod=2015,False
ghsl_5483,Berlin,DE001C,Berlin,urb_cenv,EN4008V,"Municipal waste generated (domestic and commercial), total - 1000 t",2015,1338.57,,https://ec.europa.eu/eurostat/api/dissemination/statistics/1.0/data/urb_cenv?lang=EN&cities=DE001C&sinceTimePeriod=2015,False
ghsl_5483,Berlin,DE001C,Berlin,urb_cenv,EN4008V,"Municipal waste generated (domestic and commercial), total - 1000 t",2016,1361.98,,https://ec.europa.eu/eurostat/api/dissemination/statistics/1.0/data/urb_cenv?lang=EN&cities=DE001C&sinceTimePeriod=2015,False
ghsl_5483,Berlin,DE001C,Berlin,urb_cenv,EN4008V,"Municipal waste generated (domestic and commercial), total - 1000 t",2017,1385.72,,https://ec.europa.eu/eurostat/api/dissemination/statistics/1.0/data/urb_cenv?lang=EN&cities=DE001C&sinceTimePeriod=2015,False
ghsl_5483,Berlin,DE001C,Berlin,urb_cenv,EN4008V,"Municipal waste generated (domestic and commercial), total - 1000 t",2018,1385.72,,https://ec.europa.eu/eurostat/api/dissemination/statistics/1.0/data/urb_cenv?lang=EN&cities=DE001C&sinceTimePeriod=2015,False
ghsl_5483,Berlin,DE001C,Berlin,urb_cenv,EN4008V,"Municipal waste generated (domestic and commercial), total - 1000 t",2019,1380.15,,https://ec.europa.eu/eurostat/api/dissemination/statistics/1.0/data/urb_cenv?lang=EN&cities=DE001C&sinceTimePeriod=2015,False
ghsl_5483,Berlin,DE001C,Berlin,urb_cenv,EN4008V,"Municipal waste generated (domestic and commercial), total - 1000 t",2020,1408.3,,https://ec.europa.eu/eurostat/api/dissemination/statistics/1.0/data/urb_cenv?lang=EN&cities=DE001C&sinceTimePeriod=2015,False
ghsl_5483,Berlin,DE001C,Berlin,urb_cenv,EN4008V,"Municipal waste generated (domestic and commercial), total - 1000 t",2021,1406.8,,https://ec.europa.eu/eurostat/api/dissemination/statistics/1.0/data/urb_cenv?lang=EN&cities=DE001C&sinceTimePeriod=2015,False
ghsl_5483,Berlin,DE001C,Berlin,urb_cenv,EN4008V,"Municipal waste generated (domestic and commercial), total - 1000 t",2022,1339.6,,https://ec.europa.eu/eurostat/api/dissemination/statistics/1.0/data/urb_cenv?lang=EN&cities=DE001C&sinceTimePeriod=2015,False
ghsl_5483,Berlin,DE001C,Berlin,urb_cenv,EN4008V,"Municipal waste generated (domestic and commercial), total - 1000 t",2023,1333.3,,https://ec.europa.eu/eurostat/api/dissemination/statistics/1.0/data/urb_cenv?lang=EN&cities=DE001C&sinceTimePeriod=2015,False
ghsl_5483,Berlin,DE001C,Berlin,urb_cenv,EN4008V,"Municipal waste generated (domestic and commercial), total - 1000 t",2024,1347.4,,https://ec.europa.eu/eurostat/api/dissemination/statistics/1.0/data/urb_cenv?lang=EN&cities=DE001C&sinceTimePeriod=2015,False
ghsl_5483,Berlin,DE001C,Berlin,urb_ceduc,TE1001I,Number of Children 0-4 in day care (publ.&priv) per 1000 children 0-4,2015,610.0,,https://ec.europa.eu/eurostat/api/dissemination/statistics/1.0/data/urb_ceduc?lang=EN&cities=DE001C&sinceTimePeriod=2015,False
ghsl_5483,Berlin,DE001C,Berlin,urb_ceduc,TE1001I,Number of Children 0-4 in day care (publ.&priv) per 1000 children 0-4,2016,606.2,,https://ec.europa.eu/eurostat/api/dissemination/statistics/1.0/data/urb_ceduc?lang=EN&cities=DE001C&sinceTimePeriod=2015,False
ghsl_5483,Berlin,DE001C,Berlin,urb_ceduc,TE1001I,Number of Children 0-4 in day care (publ.&priv) per 1000 children 0-4,2017,561.4,e,https://ec.europa.eu/eurostat/api/dissemination/statistics/1.0/data/urb_ceduc?lang=EN&cities=DE001C&sinceTimePeriod=2015,False
ghsl_5483,Berlin,DE001C,Berlin,urb_ceduc,TE1001I,Number of Children 0-4 in day care (publ.&priv) per 1000 children 0-4,2018,584.8,e,https://ec.europa.eu/eurostat/api/dissemination/statistics/1.0/data/urb_ceduc?lang=EN&cities=DE001C&sinceTimePeriod=2015,False
ghsl_5483,Berlin,DE001C,Berlin,urb_ceduc,TE1001I,Number of Children 0-4 in day care (publ.&priv) per 1000 children 0-4,2019,582.6,e,https://ec.europa.eu/eurostat/api/dissemination/statistics/1.0/data/urb_ceduc?lang=EN&cities=DE001C&sinceTimePeriod=2015,False
ghsl_5483,Berlin,DE001C,Berlin,urb_ceduc,TE1001I,Number of Children 0-4 in day care (publ.&priv) per 1000 children 0-4,2020,594.1,e,https://ec.europa.eu/eurostat/api/dissemination/statistics/1.0/data/urb_ceduc?lang=EN&cities=DE001C&sinceTimePeriod=2015,False
ghsl_5483,Berlin,DE001C,Berlin,urb_ceduc,TE1001I,Number of Children 0-4 in day care (publ.&priv) per 1000 children 0-4,2021,599.5,e,https://ec.europa.eu/eurostat/api/dissemination/statistics/1.0/data/urb_ceduc?lang=EN&cities=DE001C&sinceTimePeriod=2015,False
ghsl_5483,Berlin,DE001C,Berlin,urb_ceduc,TE1001I,Number of Children 0-4 in day care (publ.&priv) per 1000 children 0-4,2022,500.5,e,https://ec.europa.eu/eurostat/api/dissemination/statistics/1.0/data/urb_ceduc?lang=EN&cities=DE001C&sinceTimePeriod=2015,False
ghsl_5483,Berlin,DE001C,Berlin,urb_ceduc,TE1001I,Number of Children 0-4 in day care (publ.&priv) per 1000 children 0-4,2023,619.7,e,https://ec.europa.eu/eurostat/api/dissemination/statistics/1.0/data/urb_ceduc?lang=EN&cities=DE001C&sinceTimePeriod=2015,False
ghsl_5483,Berlin,DE001C,Berlin,urb_ceduc,TE1001I,Number of Children 0-4 in day care (publ.&priv) per 1000 children 0-4,2024,659.2,be,https://ec.europa.eu/eurostat/api/dissemination/statistics/1.0/data/urb_ceduc?lang=EN&cities=DE001C&sinceTimePeriod=2015,False
ghsl_5483,Berlin,DE001C,Berlin,urb_ceduc,TE1001I,Number of Children 0-4 in day care (publ.&priv) per 1000 children 0-4,2025,656.1,e,https://ec.europa.eu/eurostat/api/dissemination/statistics/1.0/data/urb_ceduc?lang=EN&cities=DE001C&sinceTimePeriod=2015,False
ghsl_5483,Berlin,DE001C,Berlin,urb_ceduc,TE1001V,Number of children 0-4 in day care or school,2015,104800.0,,https://ec.europa.eu/eurostat/api/dissemination/statistics/1.0/data/urb_ceduc?lang=EN&cities=DE001C&sinceTimePeriod=2015,False
ghsl_5483,Berlin,DE001C,Berlin,urb_ceduc,TE1001V,Number of children 0-4 in day care or school,2016,108000.0,,https://ec.europa.eu/eurostat/api/dissemination/statistics/1.0/data/urb_ceduc?lang=EN&cities=DE001C&sinceTimePeriod=2015,False
ghsl_5483,Berlin,DE001C,Berlin,urb_ceduc,TE1001V,Number of children 0-4 in day care or school,2017,105000.0,e,https://ec.europa.eu/eurostat/api/dissemination/statistics/1.0/data/urb_ceduc?lang=EN&cities=DE001C&sinceTimePeriod=2015,False
ghsl_5483,Berlin,DE001C,Berlin,urb_ceduc,TE1001V,Number of children 0-4 in day care or school,2018,111400.0,e,https://ec.europa.eu/eurostat/api/dissemination/statistics/1.0/data/urb_ceduc?lang=EN&cities=DE001C&sinceTimePeriod=2015,False
ghsl_5483,Berlin,DE001C,Berlin,urb_ceduc,TE1001V,Number of children 0-4 in day care or school,2019,112500.0,e,https://ec.europa.eu/eurostat/api/dissemination/statistics/1.0/data/urb_ceduc?lang=EN&cities=DE001C&sinceTimePeriod=2015,False
ghsl_5483,Berlin,DE001C,Berlin,urb_ceduc,TE1001V,Number of children 0-4 in day care or school,2020,114800.0,e,https://ec.europa.eu/eurostat/api/dissemination/statistics/1.0/data/urb_ceduc?lang=EN&cities=DE001C&sinceTimePeriod=2015,False
ghsl_5483,Berlin,DE001C,Berlin,urb_ceduc,TE1001V,Number of children 0-4 in day care or school,2021,114700.0,e,https://ec.europa.eu/eurostat/api/dissemination/statistics/1.0/data/urb_ceduc?lang=EN&cities=DE001C&sinceTimePeriod=2015,False
ghsl_5483,Berlin,DE001C,Berlin,urb_ceduc,TE1001V,Number of children 0-4 in day care or school,2022,94700.0,e,https://ec.europa.eu/eurostat/api/dissemination/statistics/1.0/data/urb_ceduc?lang=EN&cities=DE001C&sinceTimePeriod=2015,False
ghsl_5483,Berlin,DE001C,Berlin,urb_ceduc,TE1001V,Number of children 0-4 in day care or school,2023,116300.0,e,https://ec.europa.eu/eurostat/api/dissemination/statistics/1.0/data/urb_ceduc?lang=EN&cities=DE001C&sinceTimePeriod=2015,False
ghsl_5483,Berlin,DE001C,Berlin,urb_ceduc,TE1001V,Number of children 0-4 in day care or school,2024,114500.0,e,https://ec.europa.eu/eurostat/api/dissemination/statistics/1.0/data/urb_ceduc?lang=EN&cities=DE001C&sinceTimePeriod=2015,False
ghsl_5483,Berlin,DE001C,Berlin,urb_ceduc,TE1001V,Number of children 0-4 in day care or school,2025,111400.0,e,https://ec.europa.eu/eurostat/api/dissemination/statistics/1.0/data/urb_ceduc?lang=EN&cities=DE001C&sinceTimePeriod=2015,False
ghsl_5483,Berlin,DE001C,Berlin,urb_ceduc,TE1026I,Share of students in higher education in the total population (per 1000 persons),2015,50.8,,https://ec.europa.eu/eurostat/api/dissemination/statistics/1.0/data/urb_ceduc?lang=EN&cities=DE001C&sinceTimePeriod=2015,False
ghsl_5483,Berlin,DE001C,Berlin,urb_ceduc,TE1026I,Share of students in higher education in the total population (per 1000 persons),2016,51.3,,https://ec.europa.eu/eurostat/api/dissemination/statistics/1.0/data/urb_ceduc?lang=EN&cities=DE001C&sinceTimePeriod=2015,False
ghsl_5483,Berlin,DE001C,Berlin,urb_ceduc,TE1026I,Share of students in higher education in the total population (per 1000 persons),2017,53.3,,https://ec.europa.eu/eurostat/api/dissemination/statistics/1.0/data/urb_ceduc?lang=EN&cities=DE001C&sinceTimePeriod=2015,False
ghsl_5483,Berlin,DE001C,Berlin,urb_ceduc,TE1026I,Share of students in higher education in the total population (per 1000 persons),2018,53.2,,https://ec.europa.eu/eurostat/api/dissemination/statistics/1.0/data/urb_ceduc?lang=EN&cities=DE001C&sinceTimePeriod=2015,False
ghsl_5483,Berlin,DE001C,Berlin,urb_ceduc,TE1026I,Share of students in higher education in the total population (per 1000 persons),2019,53.7,,https://ec.europa.eu/eurostat/api/dissemination/statistics/1.0/data/urb_ceduc?lang=EN&cities=DE001C&sinceTimePeriod=2015,False
ghsl_5483,Berlin,DE001C,Berlin,urb_ceduc,TE1026I,Share of students in higher education in the total population (per 1000 persons),2020,54.3,,https://ec.europa.eu/eurostat/api/dissemination/statistics/1.0/data/urb_ceduc?lang=EN&cities=DE001C&sinceTimePeriod=2015,False
ghsl_5483,Berlin,DE001C,Berlin,urb_ceduc,TE1026I,Share of students in higher education in the total population (per 1000 persons),2021,55.6,,https://ec.europa.eu/eurostat/api/dissemination/statistics/1.0/data/urb_ceduc?lang=EN&cities=DE001C&sinceTimePeriod=2015,False
ghsl_5483,Berlin,DE001C,Berlin,urb_ceduc,TE1026I,Share of students in higher education in the total population (per 1000 persons),2022,54.3,,https://ec.europa.eu/eurostat/api/dissemination/statistics/1.0/data/urb_ceduc?lang=EN&cities=DE001C&sinceTimePeriod=2015,False
ghsl_5483,Berlin,DE001C,Berlin,urb_ceduc,TE1026I,Share of students in higher education in the total population (per 1000 persons),2023,53.4,,https://ec.europa.eu/eurostat/api/dissemination/statistics/1.0/data/urb_ceduc?lang=EN&cities=DE001C&sinceTimePeriod=2015,False
ghsl_5483,Berlin,DE001C,Berlin,urb_ceduc,TE1026I,Share of students in higher education in the total population (per 1000 persons),2024,54.8,be,https://ec.europa.eu/eurostat/api/dissemination/statistics/1.0/data/urb_ceduc?lang=EN&cities=DE001C&sinceTimePeriod=2015,False
ghsl_5483,Berlin,DE001C,Berlin,urb_ceduc,TE1026V,"Students in higher education (ISCED level 5-8 from 2014 onwards), total",2015,176253.0,,https://ec.europa.eu/eurostat/api/dissemination/statistics/1.0/data/urb_ceduc?lang=EN&cities=DE001C&sinceTimePeriod=2015,False
ghsl_5483,Berlin,DE001C,Berlin,urb_ceduc,TE1026V,"Students in higher education (ISCED level 5-8 from 2014 onwards), total",2016,180582.0,,https://ec.europa.eu/eurostat/api/dissemination/statistics/1.0/data/urb_ceduc?lang=EN&cities=DE001C&sinceTimePeriod=2015,False
ghsl_5483,Berlin,DE001C,Berlin,urb_ceduc,TE1026V,"Students in higher education (ISCED level 5-8 from 2014 onwards), total",2017,190693.0,,https://ec.europa.eu/eurostat/api/dissemination/statistics/1.0/data/urb_ceduc?lang=EN&cities=DE001C&sinceTimePeriod=2015,False
ghsl_5483,Berlin,DE001C,Berlin,urb_ceduc,TE1026V,"Students in higher education (ISCED level 5-8 from 2014 onwards), total",2018,192129.0,,https://ec.europa.eu/eurostat/api/dissemination/statistics/1.0/data/urb_ceduc?lang=EN&cities=DE001C&sinceTimePeriod=2015,False
ghsl_5483,Berlin,DE001C,Berlin,urb_ceduc,TE1026V,"Students in higher education (ISCED level 5-8 from 2014 onwards), total",2019,195799.0,,https://ec.europa.eu/eurostat/api/dissemination/statistics/1.0/data/urb_ceduc?lang=EN&cities=DE001C&sinceTimePeriod=2015,False
ghsl_5483,Berlin,DE001C,Berlin,urb_ceduc,TE1026V,"Students in higher education (ISCED level 5-8 from 2014 onwards), total",2020,199421.0,,https://ec.europa.eu/eurostat/api/dissemination/statistics/1.0/data/urb_ceduc?lang=EN&cities=DE001C&sinceTimePeriod=2015,False
ghsl_5483,Berlin,DE001C,Berlin,urb_ceduc,TE1026V,"Students in higher education (ISCED level 5-8 from 2014 onwards), total",2021,203869.0,,https://ec.europa.eu/eurostat/api/dissemination/statistics/1.0/data/urb_ceduc?lang=EN&cities=DE001C&sinceTimePeriod=2015,False
ghsl_5483,Berlin,DE001C,Berlin,urb_ceduc,TE1026V,"Students in higher education (ISCED level 5-8 from 2014 onwards), total",2022,199593.0,,https://ec.europa.eu/eurostat/api/dissemination/statistics/1.0/data/urb_ceduc?lang=EN&cities=DE001C&sinceTimePeriod=2015,False
ghsl_5483,Berlin,DE001C,Berlin,urb_ceduc,TE1026V,"Students in higher education (ISCED level 5-8 from 2014 onwards), total",2023,200440.0,,https://ec.europa.eu/eurostat/api/dissemination/statistics/1.0/data/urb_ceduc?lang=EN&cities=DE001C&sinceTimePeriod=2015,False
ghsl_5483,Berlin,DE001C,Berlin,urb_ceduc,TE1026V,"Students in higher education (ISCED level 5-8 from 2014 onwards), total",2024,200852.0,e,https://ec.europa.eu/eurostat/api/dissemination/statistics/1.0/data/urb_ceduc?lang=EN&cities=DE001C&sinceTimePeriod=2015,False
ghsl_5483,Berlin,DE001C,Berlin,urb_ceduc,TE1027V,"Students in higher education (ISCED level 5-8 from 2014 onwards), male",2017,95908.0,,https://ec.europa.eu/eurostat/api/dissemination/statistics/1.0/data/urb_ceduc?lang=EN&cities=DE001C&sinceTimePeriod=2015,False
ghsl_5483,Berlin,DE001C,Berlin,urb_ceduc,TE1027V,"Students in higher education (ISCED level 5-8 from 2014 onwards), male",2019,96466.0,,https://ec.europa.eu/eurostat/api/dissemination/statistics/1.0/data/urb_ceduc?lang=EN&cities=DE001C&sinceTimePeriod=2015,False
ghsl_5483,Berlin,DE001C,Berlin,urb_ceduc,TE1027V,"Students in higher education (ISCED level 5-8 from 2014 onwards), male",2020,97198.0,,https://ec.europa.eu/eurostat/api/dissemination/statistics/1.0/data/urb_ceduc?lang=EN&cities=DE001C&sinceTimePeriod=2015,False
ghsl_5483,Berlin,DE001C,Berlin,urb_ceduc,TE1027V,"Students in higher education (ISCED level 5-8 from 2014 onwards), male",2021,98868.0,,https://ec.europa.eu/eurostat/api/dissemination/statistics/1.0/data/urb_ceduc?lang=EN&cities=DE001C&sinceTimePeriod=2015,False
ghsl_5483,Berlin,DE001C,Berlin,urb_ceduc,TE1027V,"Students in higher education (ISCED level 5-8 from 2014 onwards), male",2022,96278.0,,https://ec.europa.eu/eurostat/api/dissemination/statistics/1.0/data/urb_ceduc?lang=EN&cities=DE001C&sinceTimePeriod=2015,False
ghsl_5483,Berlin,DE001C,Berlin,urb_ceduc,TE1027V,"Students in higher education (ISCED level 5-8 from 2014 onwards), male",2023,96348.0,,https://ec.europa.eu/eurostat/api/dissemination/statistics/1.0/data/urb_ceduc?lang=EN&cities=DE001C&sinceTimePeriod=2015,False
ghsl_5483,Berlin,DE001C,Berlin,urb_ceduc,TE1027V,"Students in higher education (ISCED level 5-8 from 2014 onwards), male",2024,96021.0,e,https://ec.europa.eu/eurostat/api/dissemination/statistics/1.0/data/urb_ceduc?lang=EN&cities=DE001C&sinceTimePeriod=2015,False
ghsl_5483,Berlin,DE001C,Berlin,urb_ceduc,TE1028V,"Students in higher education (ISCED level 5-8 from 2014 onwards), female",2017,94785.0,,https://ec.europa.eu/eurostat/api/dissemination/statistics/1.0/data/urb_ceduc?lang=EN&cities=DE001C&sinceTimePeriod=2015,False
ghsl_5483,Berlin,DE001C,Berlin,urb_ceduc,TE1028V,"Students in higher education (ISCED level 5-8 from 2014 onwards), female",2019,99333.0,,https://ec.europa.eu/eurostat/api/dissemination/statistics/1.0/data/urb_ceduc?lang=EN&cities=DE001C&sinceTimePeriod=2015,False
ghsl_5483,Berlin,DE001C,Berlin,urb_ceduc,TE1028V,"Students in higher education (ISCED level 5-8 from 2014 onwards), female",2020,102223.0,,https://ec.europa.eu/eurostat/api/dissemination/statistics/1.0/data/urb_ceduc?lang=EN&cities=DE001C&sinceTimePeriod=2015,False
ghsl_5483,Berlin,DE001C,Berlin,urb_ceduc,TE1028V,"Students in higher education (ISCED level 5-8 from 2014 onwards), female",2021,105001.0,,https://ec.europa.eu/eurostat/api/dissemination/statistics/1.0/data/urb_ceduc?lang=EN&cities=DE001C&sinceTimePeriod=2015,False
ghsl_5483,Berlin,DE001C,Berlin,urb_ceduc,TE1028V,"Students in higher education (ISCED level 5-8 from 2014 onwards), female",2022,103315.0,,https://ec.europa.eu/eurostat/api/dissemination/statistics/1.0/data/urb_ceduc?lang=EN&cities=DE001C&sinceTimePeriod=2015,False
ghsl_5483,Berlin,DE001C,Berlin,urb_ceduc,TE1028V,"Students in higher education (ISCED level 5-8 from 2014 onwards), female",2023,104092.0,,https://ec.europa.eu/eurostat/api/dissemination/statistics/1.0/data/urb_ceduc?lang=EN&cities=DE001C&sinceTimePeriod=2015,False
ghsl_5483,Berlin,DE001C,Berlin,urb_ceduc,TE1028V,"Students in higher education (ISCED level 5-8 from 2014 onwards), female",2024,104831.0,e,https://ec.europa.eu/eurostat/api/dissemination/statistics/1.0/data/urb_ceduc?lang=EN&cities=DE001C&sinceTimePeriod=2015,False
ghsl_5483,Berlin,DE001C,Berlin,urb_ceduc,TE1039V,"Share of early leavers from education and training, total -%",2015,8.6,e,https://ec.europa.eu/eurostat/api/dissemination/statistics/1.0/data/urb_ceduc?lang=EN&cities=DE001C&sinceTimePeriod=2015,False
ghsl_5483,Berlin,DE001C,Berlin,urb_ceduc,TE1039V,"Share of early leavers from education and training, total -%",2016,8.2,e,https://ec.europa.eu/eurostat/api/dissemination/statistics/1.0/data/urb_ceduc?lang=EN&cities=DE001C&sinceTimePeriod=2015,False
ghsl_5483,Berlin,DE001C,Berlin,urb_ceduc,TE1039V,"Share of early leavers from education and training, total -%",2017,7.3,e,https://ec.europa.eu/eurostat/api/dissemination/statistics/1.0/data/urb_ceduc?lang=EN&cities=DE001C&sinceTimePeriod=2015,False
ghsl_5483,Berlin,DE001C,Berlin,urb_ceduc,TE1039V,"Share of early leavers from education and training, total -%",2018,8.6,e,https://ec.europa.eu/eurostat/api/dissemination/statistics/1.0/data/urb_ceduc?lang=EN&cities=DE001C&sinceTimePeriod=2015,False
ghsl_5483,Berlin,DE001C,Berlin,urb_ceduc,TE1039V,"Share of early leavers from education and training, total -%",2019,7.7,e,https://ec.europa.eu/eurostat/api/dissemination/statistics/1.0/data/urb_ceduc?lang=EN&cities=DE001C&sinceTimePeriod=2015,False
ghsl_5483,Berlin,DE001C,Berlin,urb_ceduc,TE1040V,"Share of early leavers from education and training, male -%",2015,10.4,e,https://ec.europa.eu/eurostat/api/dissemination/statistics/1.0/data/urb_ceduc?lang=EN&cities=DE001C&sinceTimePeriod=2015,False
ghsl_5483,Berlin,DE001C,Berlin,urb_ceduc,TE1040V,"Share of early leavers from education and training, male -%",2016,9.1,e,https://ec.europa.eu/eurostat/api/dissemination/statistics/1.0/data/urb_ceduc?lang=EN&cities=DE001C&sinceTimePeriod=2015,False
ghsl_5483,Berlin,DE001C,Berlin,urb_ceduc,TE1040V,"Share of early leavers from education and training, male -%",2017,8.8,e,https://ec.europa.eu/eurostat/api/dissemination/statistics/1.0/data/urb_ceduc?lang=EN&cities=DE001C&sinceTimePeriod=2015,False
ghsl_5483,Berlin,DE001C,Berlin,urb_ceduc,TE1040V,"Share of early leavers from education and training, male -%",2018,10.2,e,https://ec.europa.eu/eurostat/api/dissemination/statistics/1.0/data/urb_ceduc?lang=EN&cities=DE001C&sinceTimePeriod=2015,False
ghsl_5483,Berlin,DE001C,Berlin,urb_ceduc,TE1040V,"Share of early leavers from education and training, male -%",2019,9.6,e,https://ec.europa.eu/eurostat/api/dissemination/statistics/1.0/data/urb_ceduc?lang=EN&cities=DE001C&sinceTimePeriod=2015,False
ghsl_5483,Berlin,DE001C,Berlin,urb_ceduc,TE1041V,"Share of early leavers from education and training, female -%",2015,7.0,e,https://ec.europa.eu/eurostat/api/dissemination/statistics/1.0/data/urb_ceduc?lang=EN&cities=DE001C&sinceTimePeriod=2015,False
ghsl_5483,Berlin,DE001C,Berlin,urb_ceduc,TE1041V,"Share of early leavers from education and training, female -%",2016,7.3,e,https://ec.europa.eu/eurostat/api/dissemination/statistics/1.0/data/urb_ceduc?lang=EN&cities=DE001C&sinceTimePeriod=2015,False
ghsl_5483,Berlin,DE001C,Berlin,urb_ceduc,TE1041V,"Share of early leavers from education and training, female -%",2017,5.8,e,https://ec.europa.eu/eurostat/api/dissemination/statistics/1.0/data/urb_ceduc?lang=EN&cities=DE001C&sinceTimePeriod=2015,False
ghsl_5483,Berlin,DE001C,Berlin,urb_ceduc,TE1041V,"Share of early leavers from education and training, female -%",2018,7.1,e,https://ec.europa.eu/eurostat/api/dissemination/statistics/1.0/data/urb_ceduc?lang=EN&cities=DE001C&sinceTimePeriod=2015,False
ghsl_5483,Berlin,DE001C,Berlin,urb_ceduc,TE1041V,"Share of early leavers from education and training, female -%",2019,5.8,e,https://ec.europa.eu/eurostat/api/dissemination/statistics/1.0/data/urb_ceduc?lang=EN&cities=DE001C&sinceTimePeriod=2015,False
ghsl_5483,Berlin,DE001C,Berlin,urb_ceduc,TE2025V,"Persons (aged 25-64) with ISCED level 0, 1or 2 as the highest level of education",2015,301695.0,e,https://ec.europa.eu/eurostat/api/dissemination/statistics/1.0/data/urb_ceduc?lang=EN&cities=DE001C&sinceTimePeriod=2015,False
ghsl_5483,Berlin,DE001C,Berlin,urb_ceduc,TE2025V,"Persons (aged 25-64) with ISCED level 0, 1or 2 as the highest level of education",2016,283265.0,e,https://ec.europa.eu/eurostat/api/dissemination/statistics/1.0/data/urb_ceduc?lang=EN&cities=DE001C&sinceTimePeriod=2015,False
ghsl_5483,Berlin,DE001C,Berlin,urb_ceduc,TE2025V,"Persons (aged 25-64) with ISCED level 0, 1or 2 as the highest level of education",2017,285141.0,e,https://ec.europa.eu/eurostat/api/dissemination/statistics/1.0/data/urb_ceduc?lang=EN&cities=DE001C&sinceTimePeriod=2015,False
ghsl_5483,Berlin,DE001C,Berlin,urb_ceduc,TE2025V,"Persons (aged 25-64) with ISCED level 0, 1or 2 as the highest level of education",2018,272194.0,e,https://ec.europa.eu/eurostat/api/dissemination/statistics/1.0/data/urb_ceduc?lang=EN&cities=DE001C&sinceTimePeriod=2015,False
ghsl_5483,Berlin,DE001C,Berlin,urb_ceduc,TE2025V,"Persons (aged 25-64) with ISCED level 0, 1or 2 as the highest level of education",2019,258674.0,e,https://ec.europa.eu/eurostat/api/dissemination/statistics/1.0/data/urb_ceduc?lang=EN&cities=DE001C&sinceTimePeriod=2015,False
ghsl_5483,Berlin,DE001C,Berlin,urb_ceduc,TE2025V,"Persons (aged 25-64) with ISCED level 0, 1or 2 as the highest level of education",2020,251741.0,e,https://ec.europa.eu/eurostat/api/dissemination/statistics/1.0/data/urb_ceduc?lang=EN&cities=DE001C&sinceTimePeriod=2015,False
ghsl_5483,Berlin,DE001C,Berlin,urb_ceduc,TE2025V,"Persons (aged 25-64) with ISCED level 0, 1or 2 as the highest level of education",2021,279000.0,e,https://ec.europa.eu/eurostat/api/dissemination/statistics/1.0/data/urb_ceduc?lang=EN&cities=DE001C&sinceTimePeriod=2015,False
ghsl_5483,Berlin,DE001C,Berlin,urb_ceduc,TE2025V,"Persons (aged 25-64) with ISCED level 0, 1or 2 as the highest level of education",2022,288000.0,e,https://ec.europa.eu/eurostat/api/dissemination/statistics/1.0/data/urb_ceduc?lang=EN&cities=DE001C&sinceTimePeriod=2015,False
ghsl_5483,Berlin,DE001C,Berlin,urb_ceduc,TE2025V,"Persons (aged 25-64) with ISCED level 0, 1or 2 as the highest level of education",2023,341000.0,e,https://ec.europa.eu/eurostat/api/dissemination/statistics/1.0/data/urb_ceduc?lang=EN&cities=DE001C&sinceTimePeriod=2015,False
ghsl_5483,Berlin,DE001C,Berlin,urb_ceduc,TE2025V,"Persons (aged 25-64) with ISCED level 0, 1or 2 as the highest level of education",2024,348000.0,be,https://ec.europa.eu/eurostat/api/dissemination/statistics/1.0/data/urb_ceduc?lang=EN&cities=DE001C&sinceTimePeriod=2015,False
ghsl_5483,Berlin,DE001C,Berlin,urb_ceduc,TE2028I,Proportion of working age population qualified at level 3 or 4 ISCED,2015,48.2,e,https://ec.europa.eu/eurostat/api/dissemination/statistics/1.0/data/urb_ceduc?lang=EN&cities=DE001C&sinceTimePeriod=2015,False
ghsl_5483,Berlin,DE001C,Berlin,urb_ceduc,TE2028I,Proportion of working age population qualified at level 3 or 4 ISCED,2016,47.5,e,https://ec.europa.eu/eurostat/api/dissemination/statistics/1.0/data/urb_ceduc?lang=EN&cities=DE001C&sinceTimePeriod=2015,False
ghsl_5483,Berlin,DE001C,Berlin,urb_ceduc,TE2028I,Proportion of working age population qualified at level 3 or 4 ISCED,2017,46.3,e,https://ec.europa.eu/eurostat/api/dissemination/statistics/1.0/data/urb_ceduc?lang=EN&cities=DE001C&sinceTimePeriod=2015,False
ghsl_5483,Berlin,DE001C,Berlin,urb_ceduc,TE2028I,Proportion of working age population qualified at level 3 or 4 ISCED,2018,45.6,e,https://ec.europa.eu/eurostat/api/dissemination/statistics/1.0/data/urb_ceduc?lang=EN&cities=DE001C&sinceTimePeriod=2015,False
ghsl_5483,Berlin,DE001C,Berlin,urb_ceduc,TE2028I,Proportion of working age population qualified at level 3 or 4 ISCED,2019,44.9,e,https://ec.europa.eu/eurostat/api/dissemination/statistics/1.0/data/urb_ceduc?lang=EN&cities=DE001C&sinceTimePeriod=2015,False
ghsl_5483,Berlin,DE001C,Berlin,urb_ceduc,TE2028I,Proportion of working age population qualified at level 3 or 4 ISCED,2020,43.9,e,https://ec.europa.eu/eurostat/api/dissemination/statistics/1.0/data/urb_ceduc?lang=EN&cities=DE001C&sinceTimePeriod=2015,False
ghsl_5483,Berlin,DE001C,Berlin,urb_ceduc,TE2028V,Persons (aged 25-64) with ISCED level 3 or 4 as the highest level of education,2015,968658.0,e,https://ec.europa.eu/eurostat/api/dissemination/statistics/1.0/data/urb_ceduc?lang=EN&cities=DE001C&sinceTimePeriod=2015,False
ghsl_5483,Berlin,DE001C,Berlin,urb_ceduc,TE2028V,Persons (aged 25-64) with ISCED level 3 or 4 as the highest level of education,2016,965947.0,e,https://ec.europa.eu/eurostat/api/dissemination/statistics/1.0/data/urb_ceduc?lang=EN&cities=DE001C&sinceTimePeriod=2015,False
ghsl_5483,Berlin,DE001C,Berlin,urb_ceduc,TE2028V,Persons (aged 25-64) with ISCED level 3 or 4 as the highest level of education,2017,951150.0,e,https://ec.europa.eu/eurostat/api/dissemination/statistics/1.0/data/urb_ceduc?lang=EN&cities=DE001C&sinceTimePeriod=2015,False
ghsl_5483,Berlin,DE001C,Berlin,urb_ceduc,TE2028V,Persons (aged 25-64) with ISCED level 3 or 4 as the highest level of education,2018,944755.0,e,https://ec.europa.eu/eurostat/api/dissemination/statistics/1.0/data/urb_ceduc?lang=EN&cities=DE001C&sinceTimePeriod=2015,False
ghsl_5483,Berlin,DE001C,Berlin,urb_ceduc,TE2028V,Persons (aged 25-64) with ISCED level 3 or 4 as the highest level of education,2019,936150.0,e,https://ec.europa.eu/eurostat/api/dissemination/statistics/1.0/data/urb_ceduc?lang=EN&cities=DE001C&sinceTimePeriod=2015,False
ghsl_5483,Berlin,DE001C,Berlin,urb_ceduc,TE2028V,Persons (aged 25-64) with ISCED level 3 or 4 as the highest level of education,2020,918544.0,e,https://ec.europa.eu/eurostat/api/dissemination/statistics/1.0/data/urb_ceduc?lang=EN&cities=DE001C&sinceTimePeriod=2015,False
ghsl_5483,Berlin,DE001C,Berlin,urb_ceduc,TE2028V,Persons (aged 25-64) with ISCED level 3 or 4 as the highest level of education,2021,816000.0,e,https://ec.europa.eu/eurostat/api/dissemination/statistics/1.0/data/urb_ceduc?lang=EN&cities=DE001C&sinceTimePeriod=2015,False
ghsl_5483,Berlin,DE001C,Berlin,urb_ceduc,TE2028V,Persons (aged 25-64) with ISCED level 3 or 4 as the highest level of education,2022,803000.0,e,https://ec.europa.eu/eurostat/api/dissemination/statistics/1.0/data/urb_ceduc?lang=EN&cities=DE001C&sinceTimePeriod=2015,False
ghsl_5483,Berlin,DE001C,Berlin,urb_ceduc,TE2028V,Persons (aged 25-64) with ISCED level 3 or 4 as the highest level of education,2023,789000.0,e,https://ec.europa.eu/eurostat/api/dissemination/statistics/1.0/data/urb_ceduc?lang=EN&cities=DE001C&sinceTimePeriod=2015,False
ghsl_5483,Berlin,DE001C,Berlin,urb_ceduc,TE2028V,Persons (aged 25-64) with ISCED level 3 or 4 as the highest level of education,2024,788000.0,be,https://ec.europa.eu/eurostat/api/dissemination/statistics/1.0/data/urb_ceduc?lang=EN&cities=DE001C&sinceTimePeriod=2015,False
ghsl_5483,Berlin,DE001C,Berlin,urb_ceduc,TE2031I,"Proportion of population aged 25-64 qualified at level 5 to 8 ISCED, from 2014 onwards",2015,36.5,e,https://ec.europa.eu/eurostat/api/dissemination/statistics/1.0/data/urb_ceduc?lang=EN&cities=DE001C&sinceTimePeriod=2015,False
ghsl_5483,Berlin,DE001C,Berlin,urb_ceduc,TE2031I,"Proportion of population aged 25-64 qualified at level 5 to 8 ISCED, from 2014 onwards",2016,39.4,e,https://ec.europa.eu/eurostat/api/dissemination/statistics/1.0/data/urb_ceduc?lang=EN&cities=DE001C&sinceTimePeriod=2015,False
ghsl_5483,Berlin,DE001C,Berlin,urb_ceduc,TE2031I,"Proportion of population aged 25-64 qualified at level 5 to 8 ISCED, from 2014 onwards",2017,41.0,e,https://ec.europa.eu/eurostat/api/dissemination/statistics/1.0/data/urb_ceduc?lang=EN&cities=DE001C&sinceTimePeriod=2015,False
ghsl_5483,Berlin,DE001C,Berlin,urb_ceduc,TE2031I,"Proportion of population aged 25-64 qualified at level 5 to 8 ISCED, from 2014 onwards",2018,42.7,e,https://ec.europa.eu/eurostat/api/dissemination/statistics/1.0/data/urb_ceduc?lang=EN&cities=DE001C&sinceTimePeriod=2015,False
ghsl_5483,Berlin,DE001C,Berlin,urb_ceduc,TE2031I,"Proportion of population aged 25-64 qualified at level 5 to 8 ISCED, from 2014 onwards",2019,43.4,e,https://ec.europa.eu/eurostat/api/dissemination/statistics/1.0/data/urb_ceduc?lang=EN&cities=DE001C&sinceTimePeriod=2015,False
ghsl_5483,Berlin,DE001C,Berlin,urb_ceduc,TE2031I,"Proportion of population aged 25-64 qualified at level 5 to 8 ISCED, from 2014 onwards",2020,43.5,e,https://ec.europa.eu/eurostat/api/dissemination/statistics/1.0/data/urb_ceduc?lang=EN&cities=DE001C&sinceTimePeriod=2015,False
ghsl_5483,Berlin,DE001C,Berlin,urb_ceduc,TE2031V,"Persons aged 25-64 with ISCED level 5, 6, 7 or 8 as the highest level of education, from 2014 onwards",2015,733503.0,e,https://ec.europa.eu/eurostat/api/dissemination/statistics/1.0/data/urb_ceduc?lang=EN&cities=DE001C&sinceTimePeriod=2015,False
ghsl_5483,Berlin,DE001C,Berlin,urb_ceduc,TE2031V,"Persons aged 25-64 with ISCED level 5, 6, 7 or 8 as the highest level of education, from 2014 onwards",2016,801119.0,e,https://ec.europa.eu/eurostat/api/dissemination/statistics/1.0/data/urb_ceduc?lang=EN&cities=DE001C&sinceTimePeriod=2015,False
ghsl_5483,Berlin,DE001C,Berlin,urb_ceduc,TE2031V,"Persons aged 25-64 with ISCED level 5, 6, 7 or 8 as the highest level of education, from 2014 onwards",2017,841448.0,e,https://ec.europa.eu/eurostat/api/dissemination/statistics/1.0/data/urb_ceduc?lang=EN&cities=DE001C&sinceTimePeriod=2015,False
ghsl_5483,Berlin,DE001C,Berlin,urb_ceduc,TE2031V,"Persons aged 25-64 with ISCED level 5, 6, 7 or 8 as the highest level of education, from 2014 onwards",2018,884631.0,e,https://ec.europa.eu/eurostat/api/dissemination/statistics/1.0/data/urb_ceduc?lang=EN&cities=DE001C&sinceTimePeriod=2015,False
ghsl_5483,Berlin,DE001C,Berlin,urb_ceduc,TE2031V,"Persons aged 25-64 with ISCED level 5, 6, 7 or 8 as the highest level of education, from 2014 onwards",2019,905946.0,e,https://ec.europa.eu/eurostat/api/dissemination/statistics/1.0/data/urb_ceduc?lang=EN&cities=DE001C&sinceTimePeriod=2015,False
ghsl_5483,Berlin,DE001C,Berlin,urb_ceduc,TE2031V,"Persons aged 25-64 with ISCED level 5, 6, 7 or 8 as the highest level of education, from 2014 onwards",2020,910400.0,e,https://ec.europa.eu/eurostat/api/dissemination/statistics/1.0/data/urb_ceduc?lang=EN&cities=DE001C&sinceTimePeriod=2015,False
ghsl_5483,Berlin,DE001C,Berlin,urb_ceduc,TE2031V,"Persons aged 25-64 with ISCED level 5, 6, 7 or 8 as the highest level of education, from 2014 onwards",2021,984000.0,e,https://ec.europa.eu/eurostat/api/dissemination/statistics/1.0/data/urb_ceduc?lang=EN&cities=DE001C&sinceTimePeriod=2015,False
ghsl_5483,Berlin,DE001C,Berlin,urb_ceduc,TE2031V,"Persons aged 25-64 with ISCED level 5, 6, 7 or 8 as the highest level of education, from 2014 onwards",2022,1020000.0,e,https://ec.europa.eu/eurostat/api/dissemination/statistics/1.0/data/urb_ceduc?lang=EN&cities=DE001C&sinceTimePeriod=2015,False
ghsl_5483,Berlin,DE001C,Berlin,urb_ceduc,TE2031V,"Persons aged 25-64 with ISCED level 5, 6, 7 or 8 as the highest level of education, from 2014 onwards",2023,953000.0,e,https://ec.europa.eu/eurostat/api/dissemination/statistics/1.0/data/urb_ceduc?lang=EN&cities=DE001C&sinceTimePeriod=2015,False
ghsl_5483,Berlin,DE001C,Berlin,urb_ceduc,TE2031V,"Persons aged 25-64 with ISCED level 5, 6, 7 or 8 as the highest level of education, from 2014 onwards",2024,956000.0,be,https://ec.europa.eu/eurostat/api/dissemination/statistics/1.0/data/urb_ceduc?lang=EN&cities=DE001C&sinceTimePeriod=2015,False
ghsl_5483,Berlin,DE001C,Berlin,urb_clivcon,DE3001V,Private households (excluding institutional households),2017,2137634.0,,https://ec.europa.eu/eurostat/api/dissemination/statistics/1.0/data/urb_clivcon?lang=EN&cities=DE001C&sinceTimePeriod=2015,False
ghsl_5483,Berlin,DE001C,Berlin,urb_clivcon,DE3001V,Private households (excluding institutional households),2021,2009000.0,e,https://ec.europa.eu/eurostat/api/dissemination/statistics/1.0/data/urb_clivcon?lang=EN&cities=DE001C&sinceTimePeriod=2015,False
ghsl_5483,Berlin,DE001C,Berlin,urb_clivcon,DE3002I,Proportion of households that are 1-person households,2017,55.42,,https://ec.europa.eu/eurostat/api/dissemination/statistics/1.0/data/urb_clivcon?lang=EN&cities=DE001C&sinceTimePeriod=2015,False
ghsl_5483,Berlin,DE001C,Berlin,urb_clivcon,DE3002I,Proportion of households that are 1-person households,2021,52.56,e,https://ec.europa.eu/eurostat/api/dissemination/statistics/1.0/data/urb_clivcon?lang=EN&cities=DE001C&sinceTimePeriod=2015,False
ghsl_5483,Berlin,DE001C,Berlin,urb_clivcon,DE3002V,One person households,2017,1184753.0,,https://ec.europa.eu/eurostat/api/dissemination/statistics/1.0/data/urb_clivcon?lang=EN&cities=DE001C&sinceTimePeriod=2015,False
ghsl_5483,Berlin,DE001C,Berlin,urb_clivcon,DE3002V,One person households,2021,1056000.0,e,https://ec.europa.eu/eurostat/api/dissemination/statistics/1.0/data/urb_clivcon?lang=EN&cities=DE001C&sinceTimePeriod=2015,False
ghsl_5483,Berlin,DE001C,Berlin,urb_clivcon,DE3004I,Average size of households,2021,0.12,e,https://ec.europa.eu/eurostat/api/dissemination/statistics/1.0/data/urb_clivcon?lang=EN&cities=DE001C&sinceTimePeriod=2015,False
ghsl_5483,Berlin,DE001C,Berlin,urb_clivcon,DE3005I,Proportion of households that are lone-parent households,2017,5.36,,https://ec.europa.eu/eurostat/api/dissemination/statistics/1.0/data/urb_clivcon?lang=EN&cities=DE001C&sinceTimePeriod=2015,False
ghsl_5483,Berlin,DE001C,Berlin,urb_clivcon,DE3005I,Proportion of households that are lone-parent households,2021,4.73,e,https://ec.europa.eu/eurostat/api/dissemination/statistics/1.0/data/urb_clivcon?lang=EN&cities=DE001C&sinceTimePeriod=2015,False
ghsl_5483,Berlin,DE001C,Berlin,urb_clivcon,DE3005V,Lone parent private households (with children aged 0 to under 18),2017,114522.0,,https://ec.europa.eu/eurostat/api/dissemination/statistics/1.0/data/urb_clivcon?lang=EN&cities=DE001C&sinceTimePeriod=2015,False
ghsl_5483,Berlin,DE001C,Berlin,urb_clivcon,DE3005V,Lone parent private households (with children aged 0 to under 18),2021,95000.0,e,https://ec.europa.eu/eurostat/api/dissemination/statistics/1.0/data/urb_clivcon?lang=EN&cities=DE001C&sinceTimePeriod=2015,False
ghsl_5483,Berlin,DE001C,Berlin,urb_clivcon,DE3008I,Proportion of households that are lone-pensioner households,2017,13.84,,https://ec.europa.eu/eurostat/api/dissemination/statistics/1.0/data/urb_clivcon?lang=EN&cities=DE001C&sinceTimePeriod=2015,False
ghsl_5483,Berlin,DE001C,Berlin,urb_clivcon,DE3008I,Proportion of households that are lone-pensioner households,2021,15.43,e,https://ec.europa.eu/eurostat/api/dissemination/statistics/1.0/data/urb_clivcon?lang=EN&cities=DE001C&sinceTimePeriod=2015,False
ghsl_5483,Berlin,DE001C,Berlin,urb_clivcon,DE3008V,Lone pensioner (above retirement age) households,2017,295929.0,,https://ec.europa.eu/eurostat/api/dissemination/statistics/1.0/data/urb_clivcon?lang=EN&cities=DE001C&sinceTimePeriod=2015,False
ghsl_5483,Berlin,DE001C,Berlin,urb_clivcon,DE3008V,Lone pensioner (above retirement age) households,2021,310000.0,e,https://ec.europa.eu/eurostat/api/dissemination/statistics/1.0/data/urb_clivcon?lang=EN&cities=DE001C&sinceTimePeriod=2015,False
ghsl_5483,Berlin,DE001C,Berlin,urb_clivcon,DE3011I,Proportion of households with children aged 0-17,2017,16.92,,https://ec.europa.eu/eurostat/api/dissemination/statistics/1.0/data/urb_clivcon?lang=EN&cities=DE001C&sinceTimePeriod=2015,False
ghsl_5483,Berlin,DE001C,Berlin,urb_clivcon,DE3011I,Proportion of households with children aged 0-17,2021,18.91,e,https://ec.europa.eu/eurostat/api/dissemination/statistics/1.0/data/urb_clivcon?lang=EN&cities=DE001C&sinceTimePeriod=2015,False
ghsl_5483,Berlin,DE001C,Berlin,urb_clivcon,DE3011V,Households with children aged 0 to under 18,2017,361754.0,,https://ec.europa.eu/eurostat/api/dissemination/statistics/1.0/data/urb_clivcon?lang=EN&cities=DE001C&sinceTimePeriod=2015,False
ghsl_5483,Berlin,DE001C,Berlin,urb_clivcon,DE3011V,Households with children aged 0 to under 18,2021,380000.0,e,https://ec.europa.eu/eurostat/api/dissemination/statistics/1.0/data/urb_clivcon?lang=EN&cities=DE001C&sinceTimePeriod=2015,False
ghsl_5483,Berlin,DE001C,Berlin,urb_clivcon,DE3016I,Lone parent households per 100 households with children aged 0-17,2017,31.66,,https://ec.europa.eu/eurostat/api/dissemination/statistics/1.0/data/urb_clivcon?lang=EN&cities=DE001C&sinceTimePeriod=2015,False
ghsl_5483,Berlin,DE001C,Berlin,urb_clivcon,DE3016I,Lone parent households per 100 households with children aged 0-17,2021,25.0,e,https://ec.europa.eu/eurostat/api/dissemination/statistics/1.0/data/urb_clivcon?lang=EN&cities=DE001C&sinceTimePeriod=2015,False
ghsl_5483,Berlin,DE001C,Berlin,urb_clivcon,DE3017V,Population living in private households (excluding institutional households),2021,248000.0,e,https://ec.europa.eu/eurostat/api/dissemination/statistics/1.0/data/urb_clivcon?lang=EN&cities=DE001C&sinceTimePeriod=2015,False
ghsl_5483,Berlin,DE001C,Berlin,urb_clivcon,EC3039V,Median disposable annual household income - EUR,2015,21036.0,e,https://ec.europa.eu/eurostat/api/dissemination/statistics/1.0/data/urb_clivcon?lang=EN&cities=DE001C&sinceTimePeriod=2015,False
ghsl_5483,Berlin,DE001C,Berlin,urb_clivcon,EC3039V,Median disposable annual household income - EUR,2016,23232.0,e,https://ec.europa.eu/eurostat/api/dissemination/statistics/1.0/data/urb_clivcon?lang=EN&cities=DE001C&sinceTimePeriod=2015,False
ghsl_5483,Berlin,DE001C,Berlin,urb_clivcon,EC3039V,Median disposable annual household income - EUR,2017,23988.0,e,https://ec.europa.eu/eurostat/api/dissemination/statistics/1.0/data/urb_clivcon?lang=EN&cities=DE001C&sinceTimePeriod=2015,False
ghsl_5483,Berlin,DE001C,Berlin,urb_clivcon,EC3039V,Median disposable annual household income - EUR,2018,24864.0,e,https://ec.europa.eu/eurostat/api/dissemination/statistics/1.0/data/urb_clivcon?lang=EN&cities=DE001C&sinceTimePeriod=2015,False
ghsl_5483,Berlin,DE001C,Berlin,urb_clivcon,EC3039V,Median disposable annual household income - EUR,2019,25704.0,e,https://ec.europa.eu/eurostat/api/dissemination/statistics/1.0/data/urb_clivcon?lang=EN&cities=DE001C&sinceTimePeriod=2015,False
ghsl_5483,Berlin,DE001C,Berlin,urb_clivcon,EC3040V,Average disposable annual household income - EUR,2015,26520.0,e,https://ec.europa.eu/eurostat/api/dissemination/statistics/1.0/data/urb_clivcon?lang=EN&cities=DE001C&sinceTimePeriod=2015,False
ghsl_5483,Berlin,DE001C,Berlin,urb_clivcon,EC3040V,Average disposable annual household income - EUR,2016,28992.0,e,https://ec.europa.eu/eurostat/api/dissemination/statistics/1.0/data/urb_clivcon?lang=EN&cities=DE001C&sinceTimePeriod=2015,False
ghsl_5483,Berlin,DE001C,Berlin,urb_clivcon,EC3040V,Average disposable annual household income - EUR,2017,30240.0,e,https://ec.europa.eu/eurostat/api/dissemination/statistics/1.0/data/urb_clivcon?lang=EN&cities=DE001C&sinceTimePeriod=2015,False
ghsl_5483,Berlin,DE001C,Berlin,urb_clivcon,EC3040V,Average disposable annual household income - EUR,2018,31452.0,e,https://ec.europa.eu/eurostat/api/dissemination/statistics/1.0/data/urb_clivcon?lang=EN&cities=DE001C&sinceTimePeriod=2015,False
ghsl_5483,Berlin,DE001C,Berlin,urb_clivcon,EC3040V,Average disposable annual household income - EUR,2019,32736.0,e,https://ec.europa.eu/eurostat/api/dissemination/statistics/1.0/data/urb_clivcon?lang=EN&cities=DE001C&sinceTimePeriod=2015,False
ghsl_5483,Berlin,DE001C,Berlin,urb_clivcon,EC3064V,Share of persons living in households with very low work intensity - %,2015,15.9,e,https://ec.europa.eu/eurostat/api/dissemination/statistics/1.0/data/urb_clivcon?lang=EN&cities=DE001C&sinceTimePeriod=2015,False
ghsl_5483,Berlin,DE001C,Berlin,urb_clivcon,EC3064V,Share of persons living in households with very low work intensity - %,2016,13.8,e,https://ec.europa.eu/eurostat/api/dissemination/statistics/1.0/data/urb_clivcon?lang=EN&cities=DE001C&sinceTimePeriod=2015,False
ghsl_5483,Berlin,DE001C,Berlin,urb_clivcon,EC3064V,Share of persons living in households with very low work intensity - %,2017,13.4,e,https://ec.europa.eu/eurostat/api/dissemination/statistics/1.0/data/urb_clivcon?lang=EN&cities=DE001C&sinceTimePeriod=2015,False
ghsl_5483,Berlin,DE001C,Berlin,urb_clivcon,EC3064V,Share of persons living in households with very low work intensity - %,2018,12.2,e,https://ec.europa.eu/eurostat/api/dissemination/statistics/1.0/data/urb_clivcon?lang=EN&cities=DE001C&sinceTimePeriod=2015,False
ghsl_5483,Berlin,DE001C,Berlin,urb_clivcon,EC3064V,Share of persons living in households with very low work intensity - %,2019,11.6,e,https://ec.europa.eu/eurostat/api/dissemination/statistics/1.0/data/urb_clivcon?lang=EN&cities=DE001C&sinceTimePeriod=2015,False
ghsl_5483,Berlin,DE001C,Berlin,urb_clivcon,EC3065V,Share of persons at risk of poverty after social transfers -%,2015,22.4,e,https://ec.europa.eu/eurostat/api/dissemination/statistics/1.0/data/urb_clivcon?lang=EN&cities=DE001C&sinceTimePeriod=2015,False
ghsl_5483,Berlin,DE001C,Berlin,urb_clivcon,EC3065V,Share of persons at risk of poverty after social transfers -%,2016,19.5,e,https://ec.europa.eu/eurostat/api/dissemination/statistics/1.0/data/urb_clivcon?lang=EN&cities=DE001C&sinceTimePeriod=2015,False
ghsl_5483,Berlin,DE001C,Berlin,urb_clivcon,EC3065V,Share of persons at risk of poverty after social transfers -%,2017,19.2,e,https://ec.europa.eu/eurostat/api/dissemination/statistics/1.0/data/urb_clivcon?lang=EN&cities=DE001C&sinceTimePeriod=2015,False
ghsl_5483,Berlin,DE001C,Berlin,urb_clivcon,EC3065V,Share of persons at risk of poverty after social transfers -%,2018,18.2,e,https://ec.europa.eu/eurostat/api/dissemination/statistics/1.0/data/urb_clivcon?lang=EN&cities=DE001C&sinceTimePeriod=2015,False
ghsl_5483,Berlin,DE001C,Berlin,urb_clivcon,EC3065V,Share of persons at risk of poverty after social transfers -%,2019,19.3,e,https://ec.europa.eu/eurostat/api/dissemination/statistics/1.0/data/urb_clivcon?lang=EN&cities=DE001C&sinceTimePeriod=2015,False
ghsl_5483,Berlin,DE001C,Berlin,urb_clivcon,SA1001V,Number of conventional dwellings,2015,1902675.0,,https://ec.europa.eu/eurostat/api/dissemination/statistics/1.0/data/urb_clivcon?lang=EN&cities=DE001C&sinceTimePeriod=2015,False
ghsl_5483,Berlin,DE001C,Berlin,urb_clivcon,SA1001V,Number of conventional dwellings,2016,1916517.0,,https://ec.europa.eu/eurostat/api/dissemination/statistics/1.0/data/urb_clivcon?lang=EN&cities=DE001C&sinceTimePeriod=2015,False
ghsl_5483,Berlin,DE001C,Berlin,urb_clivcon,SA1001V,Number of conventional dwellings,2017,1932296.0,,https://ec.europa.eu/eurostat/api/dissemination/statistics/1.0/data/urb_clivcon?lang=EN&cities=DE001C&sinceTimePeriod=2015,False
ghsl_5483,Berlin,DE001C,Berlin,urb_clivcon,SA1001V,Number of conventional dwellings,2018,1949252.0,,https://ec.europa.eu/eurostat/api/dissemination/statistics/1.0/data/urb_clivcon?lang=EN&cities=DE001C&sinceTimePeriod=2015,False
ghsl_5483,Berlin,DE001C,Berlin,urb_clivcon,SA1001V,Number of conventional dwellings,2019,1968315.0,e,https://ec.europa.eu/eurostat/api/dissemination/statistics/1.0/data/urb_clivcon?lang=EN&cities=DE001C&sinceTimePeriod=2015,False
ghsl_5483,Berlin,DE001C,Berlin,urb_clivcon,SA1001V,Number of conventional dwellings,2020,1982825.0,,https://ec.europa.eu/eurostat/api/dissemination/statistics/1.0/data/urb_clivcon?lang=EN&cities=DE001C&sinceTimePeriod=2015,False
ghsl_5483,Berlin,DE001C,Berlin,urb_clivcon,SA1001V,Number of conventional dwellings,2021,1998155.0,,https://ec.europa.eu/eurostat/api/dissemination/statistics/1.0/data/urb_clivcon?lang=EN&cities=DE001C&sinceTimePeriod=2015,False
ghsl_5483,Berlin,DE001C,Berlin,urb_clivcon,SA1001V,Number of conventional dwellings,2022,2014562.0,,https://ec.europa.eu/eurostat/api/dissemination/statistics/1.0/data/urb_clivcon?lang=EN&cities=DE001C&sinceTimePeriod=2015,False
ghsl_5483,Berlin,DE001C,Berlin,urb_clivcon,SA1001V,Number of conventional dwellings,2023,2030259.0,,https://ec.europa.eu/eurostat/api/dissemination/statistics/1.0/data/urb_clivcon?lang=EN&cities=DE001C&sinceTimePeriod=2015,False
ghsl_5483,Berlin,DE001C,Berlin,urb_clivcon,SA1001V,Number of conventional dwellings,2024,2058666.0,b,https://ec.europa.eu/eurostat/api/dissemination/statistics/1.0/data/urb_clivcon?lang=EN&cities=DE001C&sinceTimePeriod=2015,False
ghsl_5483,Berlin,DE001C,Berlin,urb_clivcon,SA1004V,Number of houses,2015,199237.0,,https://ec.europa.eu/eurostat/api/dissemination/statistics/1.0/data/urb_clivcon?lang=EN&cities=DE001C&sinceTimePeriod=2015,False
ghsl_5483,Berlin,DE001C,Berlin,urb_clivcon,SA1004V,Number of houses,2016,201021.0,,https://ec.europa.eu/eurostat/api/dissemination/statistics/1.0/data/urb_clivcon?lang=EN&cities=DE001C&sinceTimePeriod=2015,False
ghsl_5483,Berlin,DE001C,Berlin,urb_clivcon,SA1004V,Number of houses,2017,202408.0,,https://ec.europa.eu/eurostat/api/dissemination/statistics/1.0/data/urb_clivcon?lang=EN&cities=DE001C&sinceTimePeriod=2015,False
ghsl_5483,Berlin,DE001C,Berlin,urb_clivcon,SA1004V,Number of houses,2018,203903.0,,https://ec.europa.eu/eurostat/api/dissemination/statistics/1.0/data/urb_clivcon?lang=EN&cities=DE001C&sinceTimePeriod=2015,False
ghsl_5483,Berlin,DE001C,Berlin,urb_clivcon,SA1004V,Number of houses,2023,208748.0,,https://ec.europa.eu/eurostat/api/dissemination/statistics/1.0/data/urb_clivcon?lang=EN&cities=DE001C&sinceTimePeriod=2015,False
ghsl_5483,Berlin,DE001C,Berlin,urb_clivcon,SA1004V,Number of houses,2024,206427.0,b,https://ec.europa.eu/eurostat/api/dissemination/statistics/1.0/data/urb_clivcon?lang=EN&cities=DE001C&sinceTimePeriod=2015,False
ghsl_5483,Berlin,DE001C,Berlin,urb_clivcon,SA1005V,Number of apartments,2015,1703438.0,,https://ec.europa.eu/eurostat/api/dissemination/statistics/1.0/data/urb_clivcon?lang=EN&cities=DE001C&sinceTimePeriod=2015,False
ghsl_5483,Berlin,DE001C,Berlin,urb_clivcon,SA1005V,Number of apartments,2016,1715496.0,,https://ec.europa.eu/eurostat/api/dissemination/statistics/1.0/data/urb_clivcon?lang=EN&cities=DE001C&sinceTimePeriod=2015,False
ghsl_5483,Berlin,DE001C,Berlin,urb_clivcon,SA1005V,Number of apartments,2017,1729888.0,,https://ec.europa.eu/eurostat/api/dissemination/statistics/1.0/data/urb_clivcon?lang=EN&cities=DE001C&sinceTimePeriod=2015,False
ghsl_5483,Berlin,DE001C,Berlin,urb_clivcon,SA1005V,Number of apartments,2018,1745349.0,,https://ec.europa.eu/eurostat/api/dissemination/statistics/1.0/data/urb_clivcon?lang=EN&cities=DE001C&sinceTimePeriod=2015,False
ghsl_5483,Berlin,DE001C,Berlin,urb_clivcon,SA1005V,Number of apartments,2023,1821511.0,,https://ec.europa.eu/eurostat/api/dissemination/statistics/1.0/data/urb_clivcon?lang=EN&cities=DE001C&sinceTimePeriod=2015,False
ghsl_5483,Berlin,DE001C,Berlin,urb_clivcon,SA1005V,Number of apartments,2024,1852239.0,b,https://ec.europa.eu/eurostat/api/dissemination/statistics/1.0/data/urb_clivcon?lang=EN&cities=DE001C&sinceTimePeriod=2015,False
ghsl_5483,Berlin,DE001C,Berlin,urb_clivcon,SA1007I,Proportion of households living in houses,2017,17.26,e,https://ec.europa.eu/eurostat/api/dissemination/statistics/1.0/data/urb_clivcon?lang=EN&cities=DE001C&sinceTimePeriod=2015,False
ghsl_5483,Berlin,DE001C,Berlin,urb_clivcon,SA1007V,Number of households living in houses,2015,379444.0,e,https://ec.europa.eu/eurostat/api/dissemination/statistics/1.0/data/urb_clivcon?lang=EN&cities=DE001C&sinceTimePeriod=2015,False
ghsl_5483,Berlin,DE001C,Berlin,urb_clivcon,SA1007V,Number of households living in houses,2016,400430.0,e,https://ec.europa.eu/eurostat/api/dissemination/statistics/1.0/data/urb_clivcon?lang=EN&cities=DE001C&sinceTimePeriod=2015,False
ghsl_5483,Berlin,DE001C,Berlin,urb_clivcon,SA1007V,Number of households living in houses,2017,368950.0,e,https://ec.europa.eu/eurostat/api/dissemination/statistics/1.0/data/urb_clivcon?lang=EN&cities=DE001C&sinceTimePeriod=2015,False
ghsl_5483,Berlin,DE001C,Berlin,urb_clivcon,SA1007V,Number of households living in houses,2018,373400.0,e,https://ec.europa.eu/eurostat/api/dissemination/statistics/1.0/data/urb_clivcon?lang=EN&cities=DE001C&sinceTimePeriod=2015,False
ghsl_5483,Berlin,DE001C,Berlin,urb_clivcon,SA1007V,Number of households living in houses,2019,356831.0,e,https://ec.europa.eu/eurostat/api/dissemination/statistics/1.0/data/urb_clivcon?lang=EN&cities=DE001C&sinceTimePeriod=2015,False
ghsl_5483,Berlin,DE001C,Berlin,urb_clivcon,SA1008I,Proportion of households living in apartments,2017,75.38,e,https://ec.europa.eu/eurostat/api/dissemination/statistics/1.0/data/urb_clivcon?lang=EN&cities=DE001C&sinceTimePeriod=2015,False
ghsl_5483,Berlin,DE001C,Berlin,urb_clivcon,SA1008V,Number of households living in apartments,2015,1603319.0,e,https://ec.europa.eu/eurostat/api/dissemination/statistics/1.0/data/urb_clivcon?lang=EN&cities=DE001C&sinceTimePeriod=2015,False
ghsl_5483,Berlin,DE001C,Berlin,urb_clivcon,SA1008V,Number of households living in apartments,2016,1545036.0,e,https://ec.europa.eu/eurostat/api/dissemination/statistics/1.0/data/urb_clivcon?lang=EN&cities=DE001C&sinceTimePeriod=2015,False
ghsl_5483,Berlin,DE001C,Berlin,urb_clivcon,SA1008V,Number of households living in apartments,2017,1611433.0,e,https://ec.europa.eu/eurostat/api/dissemination/statistics/1.0/data/urb_clivcon?lang=EN&cities=DE001C&sinceTimePeriod=2015,False
ghsl_5483,Berlin,DE001C,Berlin,urb_clivcon,SA1008V,Number of households living in apartments,2018,1629728.0,e,https://ec.europa.eu/eurostat/api/dissemination/statistics/1.0/data/urb_clivcon?lang=EN&cities=DE001C&sinceTimePeriod=2015,False
ghsl_5483,Berlin,DE001C,Berlin,urb_clivcon,SA1008V,Number of households living in apartments,2019,1652700.0,e,https://ec.europa.eu/eurostat/api/dissemination/statistics/1.0/data/urb_clivcon?lang=EN&cities=DE001C&sinceTimePeriod=2015,False
ghsl_5483,Berlin,DE001C,Berlin,urb_clivcon,SA1011V,Households owning their own dwelling,2018,302223.0,e,https://ec.europa.eu/eurostat/api/dissemination/statistics/1.0/data/urb_clivcon?lang=EN&cities=DE001C&sinceTimePeriod=2015,False
ghsl_5483,Berlin,DE001C,Berlin,urb_clivcon,SA1022V,Average area of living accommodation - m²/person,2018,45.6,e,https://ec.europa.eu/eurostat/api/dissemination/statistics/1.0/data/urb_clivcon?lang=EN&cities=DE001C&sinceTimePeriod=2015,False
ghsl_5483,Berlin,DE001C,Berlin,urb_clivcon,SA1049V,Average annual rent for housing per m² - EUR,2018,88.9,e,https://ec.europa.eu/eurostat/api/dissemination/statistics/1.0/data/urb_clivcon?lang=EN&cities=DE001C&sinceTimePeriod=2015,False
ghsl_5483,Berlin,DE001C,Berlin,urb_clivcon,SA1049V,Average annual rent for housing per m² - EUR,2022,9.3,e,https://ec.europa.eu/eurostat/api/dissemination/statistics/1.0/data/urb_clivcon?lang=EN&cities=DE001C&sinceTimePeriod=2015,False
ghsl_5483,Berlin,DE001C,Berlin,urb_clivcon,SA1050V,Average price for buying a house - EUR,2015,355000.0,,https://ec.europa.eu/eurostat/api/dissemination/statistics/1.0/data/urb_clivcon?lang=EN&cities=DE001C&sinceTimePeriod=2015,False
ghsl_5483,Berlin,DE001C,Berlin,urb_clivcon,SA1050V,Average price for buying a house - EUR,2016,385000.0,,https://ec.europa.eu/eurostat/api/dissemination/statistics/1.0/data/urb_clivcon?lang=EN&cities=DE001C&sinceTimePeriod=2015,False
ghsl_5483,Berlin,DE001C,Berlin,urb_clivcon,SA1050V,Average price for buying a house - EUR,2017,417500.0,,https://ec.europa.eu/eurostat/api/dissemination/statistics/1.0/data/urb_clivcon?lang=EN&cities=DE001C&sinceTimePeriod=2015,False
ghsl_5483,Berlin,DE001C,Berlin,urb_clivcon,SA1050V,Average price for buying a house - EUR,2021,592386.18,b,https://ec.europa.eu/eurostat/api/dissemination/statistics/1.0/data/urb_clivcon?lang=EN&cities=DE001C&sinceTimePeriod=2015,False
ghsl_5483,Berlin,DE001C,Berlin,urb_clivcon,SA1050V,Average price for buying a house - EUR,2022,630540.63,,https://ec.europa.eu/eurostat/api/dissemination/statistics/1.0/data/urb_clivcon?lang=EN&cities=DE001C&sinceTimePeriod=2015,False
ghsl_5483,Berlin,DE001C,Berlin,urb_clivcon,SA1051V,Average price for buying an apartment - EUR,2015,168000.0,,https://ec.europa.eu/eurostat/api/dissemination/statistics/1.0/data/urb_clivcon?lang=EN&cities=DE001C&sinceTimePeriod=2015,False
ghsl_5483,Berlin,DE001C,Berlin,urb_clivcon,SA1051V,Average price for buying an apartment - EUR,2016,189000.0,e,https://ec.europa.eu/eurostat/api/dissemination/statistics/1.0/data/urb_clivcon?lang=EN&cities=DE001C&sinceTimePeriod=2015,False
ghsl_5483,Berlin,DE001C,Berlin,urb_clivcon,SA1051V,Average price for buying an apartment - EUR,2017,210000.0,e,https://ec.europa.eu/eurostat/api/dissemination/statistics/1.0/data/urb_clivcon?lang=EN&cities=DE001C&sinceTimePeriod=2015,False
ghsl_5483,Berlin,DE001C,Berlin,urb_clivcon,SA1051V,Average price for buying an apartment - EUR,2021,336594.03,b,https://ec.europa.eu/eurostat/api/dissemination/statistics/1.0/data/urb_clivcon?lang=EN&cities=DE001C&sinceTimePeriod=2015,False
ghsl_5483,Berlin,DE001C,Berlin,urb_clivcon,SA1051V,Average price for buying an apartment - EUR,2022,353177.54,,https://ec.europa.eu/eurostat/api/dissemination/statistics/1.0/data/urb_clivcon?lang=EN&cities=DE001C&sinceTimePeriod=2015,False
ghsl_5483,Berlin,DE001C,Berlin,urb_clivcon,SA1052V,Average price for buying a house per m2 - EUR,2017,2783.33,e,https://ec.europa.eu/eurostat/api/dissemination/statistics/1.0/data/urb_clivcon?lang=EN&cities=DE001C&sinceTimePeriod=2015,False
ghsl_5483,Berlin,DE001C,Berlin,urb_clivcon,SA1052V,Average price for buying a house per m2 - EUR,2021,4810.8,b,https://ec.europa.eu/eurostat/api/dissemination/statistics/1.0/data/urb_clivcon?lang=EN&cities=DE001C&sinceTimePeriod=2015,False
ghsl_5483,Berlin,DE001C,Berlin,urb_clivcon,SA1052V,Average price for buying a house per m2 - EUR,2022,5234.18,,https://ec.europa.eu/eurostat/api/dissemination/statistics/1.0/data/urb_clivcon?lang=EN&cities=DE001C&sinceTimePeriod=2015,False
ghsl_5483,Berlin,DE001C,Berlin,urb_clivcon,SA1053V,Average price for buying an apartment per m2 - EUR,2017,3000.0,,https://ec.europa.eu/eurostat/api/dissemination/statistics/1.0/data/urb_clivcon?lang=EN&cities=DE001C&sinceTimePeriod=2015,False
ghsl_5483,Berlin,DE001C,Berlin,urb_clivcon,SA1053V,Average price for buying an apartment per m2 - EUR,2021,4748.36,b,https://ec.europa.eu/eurostat/api/dissemination/statistics/1.0/data/urb_clivcon?lang=EN&cities=DE001C&sinceTimePeriod=2015,False
ghsl_5483,Berlin,DE001C,Berlin,urb_clivcon,SA1053V,Average price for buying an apartment per m2 - EUR,2022,5225.29,,https://ec.europa.eu/eurostat/api/dissemination/statistics/1.0/data/urb_clivcon?lang=EN&cities=DE001C&sinceTimePeriod=2015,False
ghsl_5483,Berlin,DE001C,Berlin,urb_clivcon,SA3005V,Number of murders and violent deaths,2015,112.0,,https://ec.europa.eu/eurostat/api/dissemination/statistics/1.0/data/urb_clivcon?lang=EN&cities=DE001C&sinceTimePeriod=2015,False
ghsl_5483,Berlin,DE001C,Berlin,urb_clivcon,SA3005V,Number of murders and violent deaths,2016,92.0,,https://ec.europa.eu/eurostat/api/dissemination/statistics/1.0/data/urb_clivcon?lang=EN&cities=DE001C&sinceTimePeriod=2015,False
ghsl_5483,Berlin,DE001C,Berlin,urb_clivcon,SA3005V,Number of murders and violent deaths,2017,91.0,,https://ec.europa.eu/eurostat/api/dissemination/statistics/1.0/data/urb_clivcon?lang=EN&cities=DE001C&sinceTimePeriod=2015,False
ghsl_5483,Berlin,DE001C,Berlin,urb_clivcon,SA3005V,Number of murders and violent deaths,2018,94.0,,https://ec.europa.eu/eurostat/api/dissemination/statistics/1.0/data/urb_clivcon?lang=EN&cities=DE001C&sinceTimePeriod=2015,False
ghsl_5483,Berlin,DE001C,Berlin,urb_clivcon,SA3005V,Number of murders and violent deaths,2019,106.0,,https://ec.europa.eu/eurostat/api/dissemination/statistics/1.0/data/urb_clivcon?lang=EN&cities=DE001C&sinceTimePeriod=2015,False
ghsl_5483,Berlin,DE001C,Berlin,urb_clivcon,SA3005V,Number of murders and violent deaths,2020,95.0,,https://ec.europa.eu/eurostat/api/dissemination/statistics/1.0/data/urb_clivcon?lang=EN&cities=DE001C&sinceTimePeriod=2015,False
ghsl_5483,Berlin,DE001C,Berlin,urb_clivcon,SA3005V,Number of murders and violent deaths,2021,100.0,,https://ec.europa.eu/eurostat/api/dissemination/statistics/1.0/data/urb_clivcon?lang=EN&cities=DE001C&sinceTimePeriod=2015,False
ghsl_5483,Berlin,DE001C,Berlin,urb_clivcon,SA3005V,Number of murders and violent deaths,2022,114.0,,https://ec.europa.eu/eurostat/api/dissemination/statistics/1.0/data/urb_clivcon?lang=EN&cities=DE001C&sinceTimePeriod=2015,False
ghsl_5483,Berlin,DE001C,Berlin,urb_clivcon,SA3005V,Number of murders and violent deaths,2023,77.0,,https://ec.europa.eu/eurostat/api/dissemination/statistics/1.0/data/urb_clivcon?lang=EN&cities=DE001C&sinceTimePeriod=2015,False
ghsl_5483,Berlin,DE001C,Berlin,urb_clivcon,SA3005V,Number of murders and violent deaths,2024,117.0,,https://ec.europa.eu/eurostat/api/dissemination/statistics/1.0/data/urb_clivcon?lang=EN&cities=DE001C&sinceTimePeriod=2015,False
ghsl_3338,Madrid,ES001C,Madrid (greater city),urb_cpop1,DE1001V,"Population on the 1st of January, total",2015,4852911.0,b,https://ec.europa.eu/eurostat/api/dissemination/statistics/1.0/data/urb_cpop1?lang=EN&cities=ES001C&sinceTimePeriod=2015&indic_ur=DE1001V,False
ghsl_3338,Madrid,ES001C,Madrid (greater city),urb_cpop1,DE1001V,"Population on the 1st of January, total",2016,4878277.0,,https://ec.europa.eu/eurostat/api/dissemination/statistics/1.0/data/urb_cpop1?lang=EN&cities=ES001C&sinceTimePeriod=2015&indic_ur=DE1001V,False
ghsl_3338,Madrid,ES001C,Madrid (greater city),urb_cpop1,DE1001V,"Population on the 1st of January, total",2017,4904291.0,,https://ec.europa.eu/eurostat/api/dissemination/statistics/1.0/data/urb_cpop1?lang=EN&cities=ES001C&sinceTimePeriod=2015&indic_ur=DE1001V,False
ghsl_3338,Madrid,ES001C,Madrid (greater city),urb_cpop1,DE1001V,"Population on the 1st of January, total",2018,4955432.0,,https://ec.europa.eu/eurostat/api/dissemination/statistics/1.0/data/urb_cpop1?lang=EN&cities=ES001C&sinceTimePeriod=2015&indic_ur=DE1001V,False
ghsl_3338,Madrid,ES001C,Madrid (greater city),urb_cpop1,DE1001V,"Population on the 1st of January, total",2019,5012504.0,,https://ec.europa.eu/eurostat/api/dissemination/statistics/1.0/data/urb_cpop1?lang=EN&cities=ES001C&sinceTimePeriod=2015&indic_ur=DE1001V,False
ghsl_3338,Madrid,ES001C,Madrid (greater city),urb_cpop1,DE1001V,"Population on the 1st of January, total",2020,5098717.0,,https://ec.europa.eu/eurostat/api/dissemination/statistics/1.0/data/urb_cpop1?lang=EN&cities=ES001C&sinceTimePeriod=2015&indic_ur=DE1001V,False
ghsl_3338,Madrid,ES001C,Madrid (greater city),urb_cpop1,DE1001V,"Population on the 1st of January, total",2021,5055735.0,,https://ec.europa.eu/eurostat/api/dissemination/statistics/1.0/data/urb_cpop1?lang=EN&cities=ES001C&sinceTimePeriod=2015&indic_ur=DE1001V,False
ghsl_3338,Madrid,ES001C,Madrid (greater city),urb_cpop1,DE1001V,"Population on the 1st of January, total",2022,5030132.0,,https://ec.europa.eu/eurostat/api/dissemination/statistics/1.0/data/urb_cpop1?lang=EN&cities=ES001C&sinceTimePeriod=2015&indic_ur=DE1001V,False
ghsl_3338,Madrid,ES001C,Madrid (greater city),urb_cpop1,DE1001V,"Population on the 1st of January, total",2023,5115272.0,,https://ec.europa.eu/eurostat/api/dissemination/statistics/1.0/data/urb_cpop1?lang=EN&cities=ES001C&sinceTimePeriod=2015&indic_ur=DE1001V,False
ghsl_3338,Madrid,ES001C,Madrid (greater city),urb_cpop1,DE1001V,"Population on the 1st of January, total",2024,4501429.0,,https://ec.europa.eu/eurostat/api/dissemination/statistics/1.0/data/urb_cpop1?lang=EN&cities=ES001C&sinceTimePeriod=2015&indic_ur=DE1001V,False
ghsl_3338,Madrid,ES001C,Madrid (greater city),urb_ctran,TT1057I,Number of registered cars per 1000 population,2015,476.42,b,https://ec.europa.eu/eurostat/api/dissemination/statistics/1.0/data/urb_ctran?lang=EN&cities=ES001C&sinceTimePeriod=2015,False
ghsl_3338,Madrid,ES001C,Madrid (greater city),urb_ctran,TT1057I,Number of registered cars per 1000 population,2016,482.97,,https://ec.europa.eu/eurostat/api/dissemination/statistics/1.0/data/urb_ctran?lang=EN&cities=ES001C&sinceTimePeriod=2015,False
ghsl_3338,Madrid,ES001C,Madrid (greater city),urb_ctran,TT1057I,Number of registered cars per 1000 population,2017,437.53,,https://ec.europa.eu/eurostat/api/dissemination/statistics/1.0/data/urb_ctran?lang=EN&cities=ES001C&sinceTimePeriod=2015,False
ghsl_3338,Madrid,ES001C,Madrid (greater city),urb_ctran,TT1057I,Number of registered cars per 1000 population,2018,437.94,,https://ec.europa.eu/eurostat/api/dissemination/statistics/1.0/data/urb_ctran?lang=EN&cities=ES001C&sinceTimePeriod=2015,False
ghsl_3338,Madrid,ES001C,Madrid (greater city),urb_ctran,TT1057I,Number of registered cars per 1000 population,2019,436.15,,https://ec.europa.eu/eurostat/api/dissemination/statistics/1.0/data/urb_ctran?lang=EN&cities=ES001C&sinceTimePeriod=2015,False
ghsl_3338,Madrid,ES001C,Madrid (greater city),urb_ctran,TT1057I,Number of registered cars per 1000 population,2020,430.74,,https://ec.europa.eu/eurostat/api/dissemination/statistics/1.0/data/urb_ctran?lang=EN&cities=ES001C&sinceTimePeriod=2015,False
ghsl_3338,Madrid,ES001C,Madrid (greater city),urb_ctran,TT1057I,Number of registered cars per 1000 population,2021,434.84,,https://ec.europa.eu/eurostat/api/dissemination/statistics/1.0/data/urb_ctran?lang=EN&cities=ES001C&sinceTimePeriod=2015,False
ghsl_3338,Madrid,ES001C,Madrid (greater city),urb_ctran,TT1057I,Number of registered cars per 1000 population,2022,436.78,,https://ec.europa.eu/eurostat/api/dissemination/statistics/1.0/data/urb_ctran?lang=EN&cities=ES001C&sinceTimePeriod=2015,False
ghsl_3338,Madrid,ES001C,Madrid (greater city),urb_ctran,TT1057I,Number of registered cars per 1000 population,2023,425.07,,https://ec.europa.eu/eurostat/api/dissemination/statistics/1.0/data/urb_ctran?lang=EN&cities=ES001C&sinceTimePeriod=2015,False
ghsl_3338,Madrid,ES001C,Madrid (greater city),urb_ctran,TT1057I,Number of registered cars per 1000 population,2024,396.65,,https://ec.europa.eu/eurostat/api/dissemination/statistics/1.0/data/urb_ctran?lang=EN&cities=ES001C&sinceTimePeriod=2015,False
ghsl_3338,Madrid,ES001C,Madrid (greater city),urb_ctran,TT1057V,Number of private cars registered,2015,2312034.0,,https://ec.europa.eu/eurostat/api/dissemination/statistics/1.0/data/urb_ctran?lang=EN&cities=ES001C&sinceTimePeriod=2015,False
ghsl_3338,Madrid,ES001C,Madrid (greater city),urb_ctran,TT1057V,Number of private cars registered,2016,2356045.0,,https://ec.europa.eu/eurostat/api/dissemination/statistics/1.0/data/urb_ctran?lang=EN&cities=ES001C&sinceTimePeriod=2015,False
ghsl_3338,Madrid,ES001C,Madrid (greater city),urb_ctran,TT1057V,Number of private cars registered,2017,2145761.0,,https://ec.europa.eu/eurostat/api/dissemination/statistics/1.0/data/urb_ctran?lang=EN&cities=ES001C&sinceTimePeriod=2015,False
ghsl_3338,Madrid,ES001C,Madrid (greater city),urb_ctran,TT1057V,Number of private cars registered,2018,2170195.0,,https://ec.europa.eu/eurostat/api/dissemination/statistics/1.0/data/urb_ctran?lang=EN&cities=ES001C&sinceTimePeriod=2015,False
ghsl_3338,Madrid,ES001C,Madrid (greater city),urb_ctran,TT1057V,Number of private cars registered,2019,2186212.0,,https://ec.europa.eu/eurostat/api/dissemination/statistics/1.0/data/urb_ctran?lang=EN&cities=ES001C&sinceTimePeriod=2015,False
ghsl_3338,Madrid,ES001C,Madrid (greater city),urb_ctran,TT1057V,Number of private cars registered,2020,2196216.0,,https://ec.europa.eu/eurostat/api/dissemination/statistics/1.0/data/urb_ctran?lang=EN&cities=ES001C&sinceTimePeriod=2015,False
ghsl_3338,Madrid,ES001C,Madrid (greater city),urb_ctran,TT1057V,Number of private cars registered,2021,2198451.0,,https://ec.europa.eu/eurostat/api/dissemination/statistics/1.0/data/urb_ctran?lang=EN&cities=ES001C&sinceTimePeriod=2015,False
ghsl_3338,Madrid,ES001C,Madrid (greater city),urb_ctran,TT1057V,Number of private cars registered,2022,2197038.0,,https://ec.europa.eu/eurostat/api/dissemination/statistics/1.0/data/urb_ctran?lang=EN&cities=ES001C&sinceTimePeriod=2015,False
ghsl_3338,Madrid,ES001C,Madrid (greater city),urb_ctran,TT1057V,Number of private cars registered,2023,2174346.0,,https://ec.europa.eu/eurostat/api/dissemination/statistics/1.0/data/urb_ctran?lang=EN&cities=ES001C&sinceTimePeriod=2015,False
ghsl_3338,Madrid,ES001C,Madrid (greater city),urb_ctran,TT1057V,Number of private cars registered,2024,1785501.0,,https://ec.europa.eu/eurostat/api/dissemination/statistics/1.0/data/urb_ctran?lang=EN&cities=ES001C&sinceTimePeriod=2015,False
ghsl_3338,Madrid,ES001C,Madrid (greater city),urb_ctran,TT1060I,People killed in road accidents per 10000 pop.,2015,0.08,b,https://ec.europa.eu/eurostat/api/dissemination/statistics/1.0/data/urb_ctran?lang=EN&cities=ES001C&sinceTimePeriod=2015,False
ghsl_3338,Madrid,ES001C,Madrid (greater city),urb_ctran,TT1060I,People killed in road accidents per 10000 pop.,2016,0.13,,https://ec.europa.eu/eurostat/api/dissemination/statistics/1.0/data/urb_ctran?lang=EN&cities=ES001C&sinceTimePeriod=2015,False
ghsl_3338,Madrid,ES001C,Madrid (greater city),urb_ctran,TT1060I,People killed in road accidents per 10000 pop.,2017,0.15,,https://ec.europa.eu/eurostat/api/dissemination/statistics/1.0/data/urb_ctran?lang=EN&cities=ES001C&sinceTimePeriod=2015,False
ghsl_3338,Madrid,ES001C,Madrid (greater city),urb_ctran,TT1060I,People killed in road accidents per 10000 pop.,2018,0.15,,https://ec.europa.eu/eurostat/api/dissemination/statistics/1.0/data/urb_ctran?lang=EN&cities=ES001C&sinceTimePeriod=2015,False
ghsl_3338,Madrid,ES001C,Madrid (greater city),urb_ctran,TT1060I,People killed in road accidents per 10000 pop.,2019,0.18,,https://ec.europa.eu/eurostat/api/dissemination/statistics/1.0/data/urb_ctran?lang=EN&cities=ES001C&sinceTimePeriod=2015,False
ghsl_3338,Madrid,ES001C,Madrid (greater city),urb_ctran,TT1060I,People killed in road accidents per 10000 pop.,2020,0.14,,https://ec.europa.eu/eurostat/api/dissemination/statistics/1.0/data/urb_ctran?lang=EN&cities=ES001C&sinceTimePeriod=2015,False
ghsl_3338,Madrid,ES001C,Madrid (greater city),urb_ctran,TT1060I,People killed in road accidents per 10000 pop.,2021,0.14,,https://ec.europa.eu/eurostat/api/dissemination/statistics/1.0/data/urb_ctran?lang=EN&cities=ES001C&sinceTimePeriod=2015,False
ghsl_3338,Madrid,ES001C,Madrid (greater city),urb_ctran,TT1060I,People killed in road accidents per 10000 pop.,2022,0.12,,https://ec.europa.eu/eurostat/api/dissemination/statistics/1.0/data/urb_ctran?lang=EN&cities=ES001C&sinceTimePeriod=2015,False
ghsl_3338,Madrid,ES001C,Madrid (greater city),urb_ctran,TT1060I,People killed in road accidents per 10000 pop.,2023,0.14,,https://ec.europa.eu/eurostat/api/dissemination/statistics/1.0/data/urb_ctran?lang=EN&cities=ES001C&sinceTimePeriod=2015,False
ghsl_3338,Madrid,ES001C,Madrid (greater city),urb_ctran,TT1060I,People killed in road accidents per 10000 pop.,2024,0.15,,https://ec.europa.eu/eurostat/api/dissemination/statistics/1.0/data/urb_ctran?lang=EN&cities=ES001C&sinceTimePeriod=2015,False
ghsl_3338,Madrid,ES001C,Madrid (greater city),urb_ctran,TT1060V,Number of deaths in road accidents,2015,39.0,,https://ec.europa.eu/eurostat/api/dissemination/statistics/1.0/data/urb_ctran?lang=EN&cities=ES001C&sinceTimePeriod=2015,False
ghsl_3338,Madrid,ES001C,Madrid (greater city),urb_ctran,TT1060V,Number of deaths in road accidents,2016,61.0,,https://ec.europa.eu/eurostat/api/dissemination/statistics/1.0/data/urb_ctran?lang=EN&cities=ES001C&sinceTimePeriod=2015,False
ghsl_3338,Madrid,ES001C,Madrid (greater city),urb_ctran,TT1060V,Number of deaths in road accidents,2017,72.0,,https://ec.europa.eu/eurostat/api/dissemination/statistics/1.0/data/urb_ctran?lang=EN&cities=ES001C&sinceTimePeriod=2015,False
ghsl_3338,Madrid,ES001C,Madrid (greater city),urb_ctran,TT1060V,Number of deaths in road accidents,2018,74.0,,https://ec.europa.eu/eurostat/api/dissemination/statistics/1.0/data/urb_ctran?lang=EN&cities=ES001C&sinceTimePeriod=2015,False
ghsl_3338,Madrid,ES001C,Madrid (greater city),urb_ctran,TT1060V,Number of deaths in road accidents,2019,91.0,,https://ec.europa.eu/eurostat/api/dissemination/statistics/1.0/data/urb_ctran?lang=EN&cities=ES001C&sinceTimePeriod=2015,False
ghsl_3338,Madrid,ES001C,Madrid (greater city),urb_ctran,TT1060V,Number of deaths in road accidents,2020,70.0,,https://ec.europa.eu/eurostat/api/dissemination/statistics/1.0/data/urb_ctran?lang=EN&cities=ES001C&sinceTimePeriod=2015,False
ghsl_3338,Madrid,ES001C,Madrid (greater city),urb_ctran,TT1060V,Number of deaths in road accidents,2021,71.0,,https://ec.europa.eu/eurostat/api/dissemination/statistics/1.0/data/urb_ctran?lang=EN&cities=ES001C&sinceTimePeriod=2015,False
ghsl_3338,Madrid,ES001C,Madrid (greater city),urb_ctran,TT1060V,Number of deaths in road accidents,2022,62.0,,https://ec.europa.eu/eurostat/api/dissemination/statistics/1.0/data/urb_ctran?lang=EN&cities=ES001C&sinceTimePeriod=2015,False
ghsl_3338,Madrid,ES001C,Madrid (greater city),urb_ctran,TT1060V,Number of deaths in road accidents,2023,71.0,,https://ec.europa.eu/eurostat/api/dissemination/statistics/1.0/data/urb_ctran?lang=EN&cities=ES001C&sinceTimePeriod=2015,False
ghsl_3338,Madrid,ES001C,Madrid (greater city),urb_ctran,TT1060V,Number of deaths in road accidents,2024,66.0,,https://ec.europa.eu/eurostat/api/dissemination/statistics/1.0/data/urb_ctran?lang=EN&cities=ES001C&sinceTimePeriod=2015,False
ghsl_3338,Madrid,ES001C,Madrid (greater city),urb_ceduc,TE1001I,Number of Children 0-4 in day care (publ.&priv) per 1000 children 0-4,2016,654.1,,https://ec.europa.eu/eurostat/api/dissemination/statistics/1.0/data/urb_ceduc?lang=EN&cities=ES001C&sinceTimePeriod=2015,False
ghsl_3338,Madrid,ES001C,Madrid (greater city),urb_ceduc,TE1001I,Number of Children 0-4 in day care (publ.&priv) per 1000 children 0-4,2017,665.9,,https://ec.europa.eu/eurostat/api/dissemination/statistics/1.0/data/urb_ceduc?lang=EN&cities=ES001C&sinceTimePeriod=2015,False
ghsl_3338,Madrid,ES001C,Madrid (greater city),urb_ceduc,TE1001I,Number of Children 0-4 in day care (publ.&priv) per 1000 children 0-4,2018,645.0,,https://ec.europa.eu/eurostat/api/dissemination/statistics/1.0/data/urb_ceduc?lang=EN&cities=ES001C&sinceTimePeriod=2015,False
ghsl_3338,Madrid,ES001C,Madrid (greater city),urb_ceduc,TE1001I,Number of Children 0-4 in day care (publ.&priv) per 1000 children 0-4,2019,691.1,,https://ec.europa.eu/eurostat/api/dissemination/statistics/1.0/data/urb_ceduc?lang=EN&cities=ES001C&sinceTimePeriod=2015,False
ghsl_3338,Madrid,ES001C,Madrid (greater city),urb_ceduc,TE1001I,Number of Children 0-4 in day care (publ.&priv) per 1000 children 0-4,2020,703.6,,https://ec.europa.eu/eurostat/api/dissemination/statistics/1.0/data/urb_ceduc?lang=EN&cities=ES001C&sinceTimePeriod=2015,False
ghsl_3338,Madrid,ES001C,Madrid (greater city),urb_ceduc,TE1001I,Number of Children 0-4 in day care (publ.&priv) per 1000 children 0-4,2021,661.0,,https://ec.europa.eu/eurostat/api/dissemination/statistics/1.0/data/urb_ceduc?lang=EN&cities=ES001C&sinceTimePeriod=2015,False
ghsl_3338,Madrid,ES001C,Madrid (greater city),urb_ceduc,TE1001I,Number of Children 0-4 in day care (publ.&priv) per 1000 children 0-4,2022,688.8,,https://ec.europa.eu/eurostat/api/dissemination/statistics/1.0/data/urb_ceduc?lang=EN&cities=ES001C&sinceTimePeriod=2015,False
ghsl_3338,Madrid,ES001C,Madrid (greater city),urb_ceduc,TE1001I,Number of Children 0-4 in day care (publ.&priv) per 1000 children 0-4,2023,711.7,,https://ec.europa.eu/eurostat/api/dissemination/statistics/1.0/data/urb_ceduc?lang=EN&cities=ES001C&sinceTimePeriod=2015,False
ghsl_3338,Madrid,ES001C,Madrid (greater city),urb_ceduc,TE1001I,Number of Children 0-4 in day care (publ.&priv) per 1000 children 0-4,2024,714.7,e,https://ec.europa.eu/eurostat/api/dissemination/statistics/1.0/data/urb_ceduc?lang=EN&cities=ES001C&sinceTimePeriod=2015,False
ghsl_3338,Madrid,ES001C,Madrid (greater city),urb_ceduc,TE1001V,Number of children 0-4 in day care or school,2016,156413.0,,https://ec.europa.eu/eurostat/api/dissemination/statistics/1.0/data/urb_ceduc?lang=EN&cities=ES001C&sinceTimePeriod=2015,False
ghsl_3338,Madrid,ES001C,Madrid (greater city),urb_ceduc,TE1001V,Number of children 0-4 in day care or school,2017,157396.0,,https://ec.europa.eu/eurostat/api/dissemination/statistics/1.0/data/urb_ceduc?lang=EN&cities=ES001C&sinceTimePeriod=2015,False
ghsl_3338,Madrid,ES001C,Madrid (greater city),urb_ceduc,TE1001V,Number of children 0-4 in day care or school,2018,150620.0,,https://ec.europa.eu/eurostat/api/dissemination/statistics/1.0/data/urb_ceduc?lang=EN&cities=ES001C&sinceTimePeriod=2015,False
ghsl_3338,Madrid,ES001C,Madrid (greater city),urb_ceduc,TE1001V,Number of children 0-4 in day care or school,2019,158514.0,,https://ec.europa.eu/eurostat/api/dissemination/statistics/1.0/data/urb_ceduc?lang=EN&cities=ES001C&sinceTimePeriod=2015,False
ghsl_3338,Madrid,ES001C,Madrid (greater city),urb_ceduc,TE1001V,Number of children 0-4 in day care or school,2020,158174.0,,https://ec.europa.eu/eurostat/api/dissemination/statistics/1.0/data/urb_ceduc?lang=EN&cities=ES001C&sinceTimePeriod=2015,False
ghsl_3338,Madrid,ES001C,Madrid (greater city),urb_ceduc,TE1001V,Number of children 0-4 in day care or school,2021,140154.0,,https://ec.europa.eu/eurostat/api/dissemination/statistics/1.0/data/urb_ceduc?lang=EN&cities=ES001C&sinceTimePeriod=2015,False
ghsl_3338,Madrid,ES001C,Madrid (greater city),urb_ceduc,TE1001V,Number of children 0-4 in day care or school,2022,137998.0,,https://ec.europa.eu/eurostat/api/dissemination/statistics/1.0/data/urb_ceduc?lang=EN&cities=ES001C&sinceTimePeriod=2015,False
ghsl_3338,Madrid,ES001C,Madrid (greater city),urb_ceduc,TE1001V,Number of children 0-4 in day care or school,2023,139257.0,,https://ec.europa.eu/eurostat/api/dissemination/statistics/1.0/data/urb_ceduc?lang=EN&cities=ES001C&sinceTimePeriod=2015,False
ghsl_3338,Madrid,ES001C,Madrid (greater city),urb_ceduc,TE1001V,Number of children 0-4 in day care or school,2024,116952.0,e,https://ec.europa.eu/eurostat/api/dissemination/statistics/1.0/data/urb_ceduc?lang=EN&cities=ES001C&sinceTimePeriod=2015,False
ghsl_3338,Madrid,ES001C,Madrid (greater city),urb_ceduc,TE1026I,Share of students in higher education in the total population (per 1000 persons),2015,44.5,b,https://ec.europa.eu/eurostat/api/dissemination/statistics/1.0/data/urb_ceduc?lang=EN&cities=ES001C&sinceTimePeriod=2015,False
ghsl_3338,Madrid,ES001C,Madrid (greater city),urb_ceduc,TE1026I,Share of students in higher education in the total population (per 1000 persons),2016,45.5,,https://ec.europa.eu/eurostat/api/dissemination/statistics/1.0/data/urb_ceduc?lang=EN&cities=ES001C&sinceTimePeriod=2015,False
ghsl_3338,Madrid,ES001C,Madrid (greater city),urb_ceduc,TE1026I,Share of students in higher education in the total population (per 1000 persons),2017,67.8,,https://ec.europa.eu/eurostat/api/dissemination/statistics/1.0/data/urb_ceduc?lang=EN&cities=ES001C&sinceTimePeriod=2015,False
ghsl_3338,Madrid,ES001C,Madrid (greater city),urb_ceduc,TE1026I,Share of students in higher education in the total population (per 1000 persons),2018,67.1,,https://ec.europa.eu/eurostat/api/dissemination/statistics/1.0/data/urb_ceduc?lang=EN&cities=ES001C&sinceTimePeriod=2015,False
ghsl_3338,Madrid,ES001C,Madrid (greater city),urb_ceduc,TE1026I,Share of students in higher education in the total population (per 1000 persons),2019,67.3,,https://ec.europa.eu/eurostat/api/dissemination/statistics/1.0/data/urb_ceduc?lang=EN&cities=ES001C&sinceTimePeriod=2015,False
ghsl_3338,Madrid,ES001C,Madrid (greater city),urb_ceduc,TE1026I,Share of students in higher education in the total population (per 1000 persons),2020,67.2,,https://ec.europa.eu/eurostat/api/dissemination/statistics/1.0/data/urb_ceduc?lang=EN&cities=ES001C&sinceTimePeriod=2015,False
ghsl_3338,Madrid,ES001C,Madrid (greater city),urb_ceduc,TE1026I,Share of students in higher education in the total population (per 1000 persons),2021,71.0,,https://ec.europa.eu/eurostat/api/dissemination/statistics/1.0/data/urb_ceduc?lang=EN&cities=ES001C&sinceTimePeriod=2015,False
ghsl_3338,Madrid,ES001C,Madrid (greater city),urb_ceduc,TE1026I,Share of students in higher education in the total population (per 1000 persons),2022,71.8,,https://ec.europa.eu/eurostat/api/dissemination/statistics/1.0/data/urb_ceduc?lang=EN&cities=ES001C&sinceTimePeriod=2015,False
ghsl_3338,Madrid,ES001C,Madrid (greater city),urb_ceduc,TE1026I,Share of students in higher education in the total population (per 1000 persons),2023,73.0,,https://ec.europa.eu/eurostat/api/dissemination/statistics/1.0/data/urb_ceduc?lang=EN&cities=ES001C&sinceTimePeriod=2015,False
ghsl_3338,Madrid,ES001C,Madrid (greater city),urb_ceduc,TE1026I,Share of students in higher education in the total population (per 1000 persons),2024,78.5,,https://ec.europa.eu/eurostat/api/dissemination/statistics/1.0/data/urb_ceduc?lang=EN&cities=ES001C&sinceTimePeriod=2015,False
ghsl_3338,Madrid,ES001C,Madrid (greater city),urb_ceduc,TE1026V,"Students in higher education (ISCED level 5-8 from 2014 onwards), total",2015,215809.0,,https://ec.europa.eu/eurostat/api/dissemination/statistics/1.0/data/urb_ceduc?lang=EN&cities=ES001C&sinceTimePeriod=2015,False
ghsl_3338,Madrid,ES001C,Madrid (greater city),urb_ceduc,TE1026V,"Students in higher education (ISCED level 5-8 from 2014 onwards), total",2016,221824.0,,https://ec.europa.eu/eurostat/api/dissemination/statistics/1.0/data/urb_ceduc?lang=EN&cities=ES001C&sinceTimePeriod=2015,False
ghsl_3338,Madrid,ES001C,Madrid (greater city),urb_ceduc,TE1026V,"Students in higher education (ISCED level 5-8 from 2014 onwards), total",2017,332650.0,,https://ec.europa.eu/eurostat/api/dissemination/statistics/1.0/data/urb_ceduc?lang=EN&cities=ES001C&sinceTimePeriod=2015,False
ghsl_3338,Madrid,ES001C,Madrid (greater city),urb_ceduc,TE1026V,"Students in higher education (ISCED level 5-8 from 2014 onwards), total",2018,332650.0,,https://ec.europa.eu/eurostat/api/dissemination/statistics/1.0/data/urb_ceduc?lang=EN&cities=ES001C&sinceTimePeriod=2015,False
ghsl_3338,Madrid,ES001C,Madrid (greater city),urb_ceduc,TE1026V,"Students in higher education (ISCED level 5-8 from 2014 onwards), total",2019,337372.0,,https://ec.europa.eu/eurostat/api/dissemination/statistics/1.0/data/urb_ceduc?lang=EN&cities=ES001C&sinceTimePeriod=2015,False
ghsl_3338,Madrid,ES001C,Madrid (greater city),urb_ceduc,TE1026V,"Students in higher education (ISCED level 5-8 from 2014 onwards), total",2020,342592.0,,https://ec.europa.eu/eurostat/api/dissemination/statistics/1.0/data/urb_ceduc?lang=EN&cities=ES001C&sinceTimePeriod=2015,False
ghsl_3338,Madrid,ES001C,Madrid (greater city),urb_ceduc,TE1026V,"Students in higher education (ISCED level 5-8 from 2014 onwards), total",2021,358719.0,,https://ec.europa.eu/eurostat/api/dissemination/statistics/1.0/data/urb_ceduc?lang=EN&cities=ES001C&sinceTimePeriod=2015,False
ghsl_3338,Madrid,ES001C,Madrid (greater city),urb_ceduc,TE1026V,"Students in higher education (ISCED level 5-8 from 2014 onwards), total",2022,361191.0,,https://ec.europa.eu/eurostat/api/dissemination/statistics/1.0/data/urb_ceduc?lang=EN&cities=ES001C&sinceTimePeriod=2015,False
ghsl_3338,Madrid,ES001C,Madrid (greater city),urb_ceduc,TE1026V,"Students in higher education (ISCED level 5-8 from 2014 onwards), total",2023,373300.0,,https://ec.europa.eu/eurostat/api/dissemination/statistics/1.0/data/urb_ceduc?lang=EN&cities=ES001C&sinceTimePeriod=2015,False
ghsl_3338,Madrid,ES001C,Madrid (greater city),urb_ceduc,TE1026V,"Students in higher education (ISCED level 5-8 from 2014 onwards), total",2024,353557.0,,https://ec.europa.eu/eurostat/api/dissemination/statistics/1.0/data/urb_ceduc?lang=EN&cities=ES001C&sinceTimePeriod=2015,False
ghsl_3338,Madrid,ES001C,Madrid (greater city),urb_ceduc,TE1027V,"Students in higher education (ISCED level 5-8 from 2014 onwards), male",2019,159762.0,,https://ec.europa.eu/eurostat/api/dissemination/statistics/1.0/data/urb_ceduc?lang=EN&cities=ES001C&sinceTimePeriod=2015,False
ghsl_3338,Madrid,ES001C,Madrid (greater city),urb_ceduc,TE1027V,"Students in higher education (ISCED level 5-8 from 2014 onwards), male",2020,160677.0,,https://ec.europa.eu/eurostat/api/dissemination/statistics/1.0/data/urb_ceduc?lang=EN&cities=ES001C&sinceTimePeriod=2015,False
ghsl_3338,Madrid,ES001C,Madrid (greater city),urb_ceduc,TE1027V,"Students in higher education (ISCED level 5-8 from 2014 onwards), male",2021,167275.0,,https://ec.europa.eu/eurostat/api/dissemination/statistics/1.0/data/urb_ceduc?lang=EN&cities=ES001C&sinceTimePeriod=2015,False
ghsl_3338,Madrid,ES001C,Madrid (greater city),urb_ceduc,TE1027V,"Students in higher education (ISCED level 5-8 from 2014 onwards), male",2022,167634.0,,https://ec.europa.eu/eurostat/api/dissemination/statistics/1.0/data/urb_ceduc?lang=EN&cities=ES001C&sinceTimePeriod=2015,False
ghsl_3338,Madrid,ES001C,Madrid (greater city),urb_ceduc,TE1027V,"Students in higher education (ISCED level 5-8 from 2014 onwards), male",2023,171524.0,,https://ec.europa.eu/eurostat/api/dissemination/statistics/1.0/data/urb_ceduc?lang=EN&cities=ES001C&sinceTimePeriod=2015,False
ghsl_3338,Madrid,ES001C,Madrid (greater city),urb_ceduc,TE1027V,"Students in higher education (ISCED level 5-8 from 2014 onwards), male",2024,163250.0,,https://ec.europa.eu/eurostat/api/dissemination/statistics/1.0/data/urb_ceduc?lang=EN&cities=ES001C&sinceTimePeriod=2015,False
ghsl_3338,Madrid,ES001C,Madrid (greater city),urb_ceduc,TE1028V,"Students in higher education (ISCED level 5-8 from 2014 onwards), female",2019,177511.0,,https://ec.europa.eu/eurostat/api/dissemination/statistics/1.0/data/urb_ceduc?lang=EN&cities=ES001C&sinceTimePeriod=2015,False
ghsl_3338,Madrid,ES001C,Madrid (greater city),urb_ceduc,TE1028V,"Students in higher education (ISCED level 5-8 from 2014 onwards), female",2020,181915.0,,https://ec.europa.eu/eurostat/api/dissemination/statistics/1.0/data/urb_ceduc?lang=EN&cities=ES001C&sinceTimePeriod=2015,False
ghsl_3338,Madrid,ES001C,Madrid (greater city),urb_ceduc,TE1028V,"Students in higher education (ISCED level 5-8 from 2014 onwards), female",2021,191444.0,,https://ec.europa.eu/eurostat/api/dissemination/statistics/1.0/data/urb_ceduc?lang=EN&cities=ES001C&sinceTimePeriod=2015,False
ghsl_3338,Madrid,ES001C,Madrid (greater city),urb_ceduc,TE1028V,"Students in higher education (ISCED level 5-8 from 2014 onwards), female",2022,193557.0,,https://ec.europa.eu/eurostat/api/dissemination/statistics/1.0/data/urb_ceduc?lang=EN&cities=ES001C&sinceTimePeriod=2015,False
ghsl_3338,Madrid,ES001C,Madrid (greater city),urb_ceduc,TE1028V,"Students in higher education (ISCED level 5-8 from 2014 onwards), female",2023,201776.0,,https://ec.europa.eu/eurostat/api/dissemination/statistics/1.0/data/urb_ceduc?lang=EN&cities=ES001C&sinceTimePeriod=2015,False
ghsl_3338,Madrid,ES001C,Madrid (greater city),urb_ceduc,TE1028V,"Students in higher education (ISCED level 5-8 from 2014 onwards), female",2024,190307.0,,https://ec.europa.eu/eurostat/api/dissemination/statistics/1.0/data/urb_ceduc?lang=EN&cities=ES001C&sinceTimePeriod=2015,False
ghsl_3338,Madrid,ES001C,Madrid (greater city),urb_ceduc,TE2025V,"Persons (aged 25-64) with ISCED level 0, 1or 2 as the highest level of education",2018,805629.0,,https://ec.europa.eu/eurostat/api/dissemination/statistics/1.0/data/urb_ceduc?lang=EN&cities=ES001C&sinceTimePeriod=2015,False
ghsl_3338,Madrid,ES001C,Madrid (greater city),urb_ceduc,TE2025V,"Persons (aged 25-64) with ISCED level 0, 1or 2 as the highest level of education",2019,780164.0,,https://ec.europa.eu/eurostat/api/dissemination/statistics/1.0/data/urb_ceduc?lang=EN&cities=ES001C&sinceTimePeriod=2015,False
ghsl_3338,Madrid,ES001C,Madrid (greater city),urb_ceduc,TE2025V,"Persons (aged 25-64) with ISCED level 0, 1or 2 as the highest level of education",2020,772227.0,,https://ec.europa.eu/eurostat/api/dissemination/statistics/1.0/data/urb_ceduc?lang=EN&cities=ES001C&sinceTimePeriod=2015,False
ghsl_3338,Madrid,ES001C,Madrid (greater city),urb_ceduc,TE2025V,"Persons (aged 25-64) with ISCED level 0, 1or 2 as the highest level of education",2021,733049.0,,https://ec.europa.eu/eurostat/api/dissemination/statistics/1.0/data/urb_ceduc?lang=EN&cities=ES001C&sinceTimePeriod=2015,False
ghsl_3338,Madrid,ES001C,Madrid (greater city),urb_ceduc,TE2025V,"Persons (aged 25-64) with ISCED level 0, 1or 2 as the highest level of education",2022,707147.0,,https://ec.europa.eu/eurostat/api/dissemination/statistics/1.0/data/urb_ceduc?lang=EN&cities=ES001C&sinceTimePeriod=2015,False
ghsl_3338,Madrid,ES001C,Madrid (greater city),urb_ceduc,TE2025V,"Persons (aged 25-64) with ISCED level 0, 1or 2 as the highest level of education",2023,695051.0,,https://ec.europa.eu/eurostat/api/dissemination/statistics/1.0/data/urb_ceduc?lang=EN&cities=ES001C&sinceTimePeriod=2015,False
ghsl_3338,Madrid,ES001C,Madrid (greater city),urb_ceduc,TE2028I,Proportion of working age population qualified at level 3 or 4 ISCED,2018,22.8,,https://ec.europa.eu/eurostat/api/dissemination/statistics/1.0/data/urb_ceduc?lang=EN&cities=ES001C&sinceTimePeriod=2015,False
ghsl_3338,Madrid,ES001C,Madrid (greater city),urb_ceduc,TE2028V,Persons (aged 25-64) with ISCED level 3 or 4 as the highest level of education,2018,644407.0,,https://ec.europa.eu/eurostat/api/dissemination/statistics/1.0/data/urb_ceduc?lang=EN&cities=ES001C&sinceTimePeriod=2015,False
ghsl_3338,Madrid,ES001C,Madrid (greater city),urb_ceduc,TE2028V,Persons (aged 25-64) with ISCED level 3 or 4 as the highest level of education,2019,656116.0,,https://ec.europa.eu/eurostat/api/dissemination/statistics/1.0/data/urb_ceduc?lang=EN&cities=ES001C&sinceTimePeriod=2015,False
ghsl_3338,Madrid,ES001C,Madrid (greater city),urb_ceduc,TE2028V,Persons (aged 25-64) with ISCED level 3 or 4 as the highest level of education,2020,660289.0,,https://ec.europa.eu/eurostat/api/dissemination/statistics/1.0/data/urb_ceduc?lang=EN&cities=ES001C&sinceTimePeriod=2015,False
ghsl_3338,Madrid,ES001C,Madrid (greater city),urb_ceduc,TE2028V,Persons (aged 25-64) with ISCED level 3 or 4 as the highest level of education,2021,646967.0,,https://ec.europa.eu/eurostat/api/dissemination/statistics/1.0/data/urb_ceduc?lang=EN&cities=ES001C&sinceTimePeriod=2015,False
ghsl_3338,Madrid,ES001C,Madrid (greater city),urb_ceduc,TE2028V,Persons (aged 25-64) with ISCED level 3 or 4 as the highest level of education,2022,639655.0,,https://ec.europa.eu/eurostat/api/dissemination/statistics/1.0/data/urb_ceduc?lang=EN&cities=ES001C&sinceTimePeriod=2015,False
ghsl_3338,Madrid,ES001C,Madrid (greater city),urb_ceduc,TE2028V,Persons (aged 25-64) with ISCED level 3 or 4 as the highest level of education,2023,651422.0,,https://ec.europa.eu/eurostat/api/dissemination/statistics/1.0/data/urb_ceduc?lang=EN&cities=ES001C&sinceTimePeriod=2015,False
ghsl_3338,Madrid,ES001C,Madrid (greater city),urb_ceduc,TE2031I,"Proportion of population aged 25-64 qualified at level 5 to 8 ISCED, from 2014 onwards",2018,48.4,,https://ec.europa.eu/eurostat/api/dissemination/statistics/1.0/data/urb_ceduc?lang=EN&cities=ES001C&sinceTimePeriod=2015,False
ghsl_3338,Madrid,ES001C,Madrid (greater city),urb_ceduc,TE2031V,"Persons aged 25-64 with ISCED level 5, 6, 7 or 8 as the highest level of education, from 2014 onwards",2018,1367707.0,,https://ec.europa.eu/eurostat/api/dissemination/statistics/1.0/data/urb_ceduc?lang=EN&cities=ES001C&sinceTimePeriod=2015,False
ghsl_3338,Madrid,ES001C,Madrid (greater city),urb_ceduc,TE2031V,"Persons aged 25-64 with ISCED level 5, 6, 7 or 8 as the highest level of education, from 2014 onwards",2019,1411890.0,,https://ec.europa.eu/eurostat/api/dissemination/statistics/1.0/data/urb_ceduc?lang=EN&cities=ES001C&sinceTimePeriod=2015,False
ghsl_3338,Madrid,ES001C,Madrid (greater city),urb_ceduc,TE2031V,"Persons aged 25-64 with ISCED level 5, 6, 7 or 8 as the highest level of education, from 2014 onwards",2020,1467365.0,,https://ec.europa.eu/eurostat/api/dissemination/statistics/1.0/data/urb_ceduc?lang=EN&cities=ES001C&sinceTimePeriod=2015,False
ghsl_3338,Madrid,ES001C,Madrid (greater city),urb_ceduc,TE2031V,"Persons aged 25-64 with ISCED level 5, 6, 7 or 8 as the highest level of education, from 2014 onwards",2021,1480541.0,,https://ec.europa.eu/eurostat/api/dissemination/statistics/1.0/data/urb_ceduc?lang=EN&cities=ES001C&sinceTimePeriod=2015,False
ghsl_3338,Madrid,ES001C,Madrid (greater city),urb_ceduc,TE2031V,"Persons aged 25-64 with ISCED level 5, 6, 7 or 8 as the highest level of education, from 2014 onwards",2022,1499143.0,,https://ec.europa.eu/eurostat/api/dissemination/statistics/1.0/data/urb_ceduc?lang=EN&cities=ES001C&sinceTimePeriod=2015,False
ghsl_3338,Madrid,ES001C,Madrid (greater city),urb_ceduc,TE2031V,"Persons aged 25-64 with ISCED level 5, 6, 7 or 8 as the highest level of education, from 2014 onwards",2023,1549916.0,,https://ec.europa.eu/eurostat/api/dissemination/statistics/1.0/data/urb_ceduc?lang=EN&cities=ES001C&sinceTimePeriod=2015,False
ghsl_3338,Madrid,ES001C,Madrid (greater city),urb_clivcon,DE3001V,Private households (excluding institutional households),2015,1833579.0,,https://ec.europa.eu/eurostat/api/dissemination/statistics/1.0/data/urb_clivcon?lang=EN&cities=ES001C&sinceTimePeriod=2015,False
ghsl_3338,Madrid,ES001C,Madrid (greater city),urb_clivcon,DE3001V,Private households (excluding institutional households),2016,1843566.0,,https://ec.europa.eu/eurostat/api/dissemination/statistics/1.0/data/urb_clivcon?lang=EN&cities=ES001C&sinceTimePeriod=2015,False
ghsl_3338,Madrid,ES001C,Madrid (greater city),urb_clivcon,DE3001V,Private households (excluding institutional households),2017,1858393.0,,https://ec.europa.eu/eurostat/api/dissemination/statistics/1.0/data/urb_clivcon?lang=EN&cities=ES001C&sinceTimePeriod=2015,False
ghsl_3338,Madrid,ES001C,Madrid (greater city),urb_clivcon,DE3001V,Private households (excluding institutional households),2018,1874644.0,,https://ec.europa.eu/eurostat/api/dissemination/statistics/1.0/data/urb_clivcon?lang=EN&cities=ES001C&sinceTimePeriod=2015,False
ghsl_3338,Madrid,ES001C,Madrid (greater city),urb_clivcon,DE3001V,Private households (excluding institutional households),2019,1891176.0,,https://ec.europa.eu/eurostat/api/dissemination/statistics/1.0/data/urb_clivcon?lang=EN&cities=ES001C&sinceTimePeriod=2015,False
ghsl_3338,Madrid,ES001C,Madrid (greater city),urb_clivcon,DE3001V,Private households (excluding institutional households),2020,1913619.0,,https://ec.europa.eu/eurostat/api/dissemination/statistics/1.0/data/urb_clivcon?lang=EN&cities=ES001C&sinceTimePeriod=2015,False
ghsl_3338,Madrid,ES001C,Madrid (greater city),urb_clivcon,DE3001V,Private households (excluding institutional households),2021,1913723.0,,https://ec.europa.eu/eurostat/api/dissemination/statistics/1.0/data/urb_clivcon?lang=EN&cities=ES001C&sinceTimePeriod=2015,False
ghsl_3338,Madrid,ES001C,Madrid (greater city),urb_clivcon,DE3001V,Private households (excluding institutional households),2022,1925659.0,,https://ec.europa.eu/eurostat/api/dissemination/statistics/1.0/data/urb_clivcon?lang=EN&cities=ES001C&sinceTimePeriod=2015,False
ghsl_3338,Madrid,ES001C,Madrid (greater city),urb_clivcon,DE3001V,Private households (excluding institutional households),2023,1959728.0,,https://ec.europa.eu/eurostat/api/dissemination/statistics/1.0/data/urb_clivcon?lang=EN&cities=ES001C&sinceTimePeriod=2015,False
ghsl_3338,Madrid,ES001C,Madrid (greater city),urb_clivcon,DE3001V,Private households (excluding institutional households),2024,1735412.0,,https://ec.europa.eu/eurostat/api/dissemination/statistics/1.0/data/urb_clivcon?lang=EN&cities=ES001C&sinceTimePeriod=2015,False
ghsl_3338,Madrid,ES001C,Madrid (greater city),urb_clivcon,DE3002I,Proportion of households that are 1-person households,2015,27.02,,https://ec.europa.eu/eurostat/api/dissemination/statistics/1.0/data/urb_clivcon?lang=EN&cities=ES001C&sinceTimePeriod=2015,False
ghsl_3338,Madrid,ES001C,Madrid (greater city),urb_clivcon,DE3002I,Proportion of households that are 1-person households,2016,27.04,,https://ec.europa.eu/eurostat/api/dissemination/statistics/1.0/data/urb_clivcon?lang=EN&cities=ES001C&sinceTimePeriod=2015,False
ghsl_3338,Madrid,ES001C,Madrid (greater city),urb_clivcon,DE3002I,Proportion of households that are 1-person households,2017,27.37,,https://ec.europa.eu/eurostat/api/dissemination/statistics/1.0/data/urb_clivcon?lang=EN&cities=ES001C&sinceTimePeriod=2015,False
ghsl_3338,Madrid,ES001C,Madrid (greater city),urb_clivcon,DE3002I,Proportion of households that are 1-person households,2018,27.13,,https://ec.europa.eu/eurostat/api/dissemination/statistics/1.0/data/urb_clivcon?lang=EN&cities=ES001C&sinceTimePeriod=2015,False
ghsl_3338,Madrid,ES001C,Madrid (greater city),urb_clivcon,DE3002I,Proportion of households that are 1-person households,2019,27.18,,https://ec.europa.eu/eurostat/api/dissemination/statistics/1.0/data/urb_clivcon?lang=EN&cities=ES001C&sinceTimePeriod=2015,False
ghsl_3338,Madrid,ES001C,Madrid (greater city),urb_clivcon,DE3002I,Proportion of households that are 1-person households,2020,27.13,,https://ec.europa.eu/eurostat/api/dissemination/statistics/1.0/data/urb_clivcon?lang=EN&cities=ES001C&sinceTimePeriod=2015,False
ghsl_3338,Madrid,ES001C,Madrid (greater city),urb_clivcon,DE3002I,Proportion of households that are 1-person households,2021,27.63,,https://ec.europa.eu/eurostat/api/dissemination/statistics/1.0/data/urb_clivcon?lang=EN&cities=ES001C&sinceTimePeriod=2015,False
ghsl_3338,Madrid,ES001C,Madrid (greater city),urb_clivcon,DE3002I,Proportion of households that are 1-person households,2022,28.05,,https://ec.europa.eu/eurostat/api/dissemination/statistics/1.0/data/urb_clivcon?lang=EN&cities=ES001C&sinceTimePeriod=2015,False
ghsl_3338,Madrid,ES001C,Madrid (greater city),urb_clivcon,DE3002I,Proportion of households that are 1-person households,2023,28.36,,https://ec.europa.eu/eurostat/api/dissemination/statistics/1.0/data/urb_clivcon?lang=EN&cities=ES001C&sinceTimePeriod=2015,False
ghsl_3338,Madrid,ES001C,Madrid (greater city),urb_clivcon,DE3002I,Proportion of households that are 1-person households,2024,29.45,,https://ec.europa.eu/eurostat/api/dissemination/statistics/1.0/data/urb_clivcon?lang=EN&cities=ES001C&sinceTimePeriod=2015,False
ghsl_3338,Madrid,ES001C,Madrid (greater city),urb_clivcon,DE3002V,One person households,2015,495386.0,,https://ec.europa.eu/eurostat/api/dissemination/statistics/1.0/data/urb_clivcon?lang=EN&cities=ES001C&sinceTimePeriod=2015,False
ghsl_3338,Madrid,ES001C,Madrid (greater city),urb_clivcon,DE3002V,One person households,2016,498440.0,,https://ec.europa.eu/eurostat/api/dissemination/statistics/1.0/data/urb_clivcon?lang=EN&cities=ES001C&sinceTimePeriod=2015,False
ghsl_3338,Madrid,ES001C,Madrid (greater city),urb_clivcon,DE3002V,One person households,2017,508605.0,,https://ec.europa.eu/eurostat/api/dissemination/statistics/1.0/data/urb_clivcon?lang=EN&cities=ES001C&sinceTimePeriod=2015,False
ghsl_3338,Madrid,ES001C,Madrid (greater city),urb_clivcon,DE3002V,One person households,2018,508605.0,,https://ec.europa.eu/eurostat/api/dissemination/statistics/1.0/data/urb_clivcon?lang=EN&cities=ES001C&sinceTimePeriod=2015,False
ghsl_3338,Madrid,ES001C,Madrid (greater city),urb_clivcon,DE3002V,One person households,2019,514016.0,,https://ec.europa.eu/eurostat/api/dissemination/statistics/1.0/data/urb_clivcon?lang=EN&cities=ES001C&sinceTimePeriod=2015,False
ghsl_3338,Madrid,ES001C,Madrid (greater city),urb_clivcon,DE3002V,One person households,2020,519151.0,,https://ec.europa.eu/eurostat/api/dissemination/statistics/1.0/data/urb_clivcon?lang=EN&cities=ES001C&sinceTimePeriod=2015,False
ghsl_3338,Madrid,ES001C,Madrid (greater city),urb_clivcon,DE3002V,One person households,2021,528741.0,,https://ec.europa.eu/eurostat/api/dissemination/statistics/1.0/data/urb_clivcon?lang=EN&cities=ES001C&sinceTimePeriod=2015,False
ghsl_3338,Madrid,ES001C,Madrid (greater city),urb_clivcon,DE3002V,One person households,2022,540223.0,,https://ec.europa.eu/eurostat/api/dissemination/statistics/1.0/data/urb_clivcon?lang=EN&cities=ES001C&sinceTimePeriod=2015,False
ghsl_3338,Madrid,ES001C,Madrid (greater city),urb_clivcon,DE3002V,One person households,2023,555812.0,,https://ec.europa.eu/eurostat/api/dissemination/statistics/1.0/data/urb_clivcon?lang=EN&cities=ES001C&sinceTimePeriod=2015,False
ghsl_3338,Madrid,ES001C,Madrid (greater city),urb_clivcon,DE3002V,One person households,2024,511101.0,,https://ec.europa.eu/eurostat/api/dissemination/statistics/1.0/data/urb_clivcon?lang=EN&cities=ES001C&sinceTimePeriod=2015,False
ghsl_3338,Madrid,ES001C,Madrid (greater city),urb_clivcon,DE3004I,Average size of households,2015,2.61,,https://ec.europa.eu/eurostat/api/dissemination/statistics/1.0/data/urb_clivcon?lang=EN&cities=ES001C&sinceTimePeriod=2015,False
ghsl_3338,Madrid,ES001C,Madrid (greater city),urb_clivcon,DE3004I,Average size of households,2016,2.61,,https://ec.europa.eu/eurostat/api/dissemination/statistics/1.0/data/urb_clivcon?lang=EN&cities=ES001C&sinceTimePeriod=2015,False
ghsl_3338,Madrid,ES001C,Madrid (greater city),urb_clivcon,DE3004I,Average size of households,2017,2.6,,https://ec.europa.eu/eurostat/api/dissemination/statistics/1.0/data/urb_clivcon?lang=EN&cities=ES001C&sinceTimePeriod=2015,False
ghsl_3338,Madrid,ES001C,Madrid (greater city),urb_clivcon,DE3004I,Average size of households,2018,2.61,,https://ec.europa.eu/eurostat/api/dissemination/statistics/1.0/data/urb_clivcon?lang=EN&cities=ES001C&sinceTimePeriod=2015,False
ghsl_3338,Madrid,ES001C,Madrid (greater city),urb_clivcon,DE3004I,Average size of households,2019,2.61,,https://ec.europa.eu/eurostat/api/dissemination/statistics/1.0/data/urb_clivcon?lang=EN&cities=ES001C&sinceTimePeriod=2015,False
ghsl_3338,Madrid,ES001C,Madrid (greater city),urb_clivcon,DE3004I,Average size of households,2020,2.62,,https://ec.europa.eu/eurostat/api/dissemination/statistics/1.0/data/urb_clivcon?lang=EN&cities=ES001C&sinceTimePeriod=2015,False
ghsl_3338,Madrid,ES001C,Madrid (greater city),urb_clivcon,DE3004I,Average size of households,2021,2.6,,https://ec.europa.eu/eurostat/api/dissemination/statistics/1.0/data/urb_clivcon?lang=EN&cities=ES001C&sinceTimePeriod=2015,False
ghsl_3338,Madrid,ES001C,Madrid (greater city),urb_clivcon,DE3004I,Average size of households,2022,2.58,,https://ec.europa.eu/eurostat/api/dissemination/statistics/1.0/data/urb_clivcon?lang=EN&cities=ES001C&sinceTimePeriod=2015,False
ghsl_3338,Madrid,ES001C,Madrid (greater city),urb_clivcon,DE3004I,Average size of households,2023,2.58,,https://ec.europa.eu/eurostat/api/dissemination/statistics/1.0/data/urb_clivcon?lang=EN&cities=ES001C&sinceTimePeriod=2015,False
ghsl_3338,Madrid,ES001C,Madrid (greater city),urb_clivcon,DE3004I,Average size of households,2024,2.55,,https://ec.europa.eu/eurostat/api/dissemination/statistics/1.0/data/urb_clivcon?lang=EN&cities=ES001C&sinceTimePeriod=2015,False
ghsl_3338,Madrid,ES001C,Madrid (greater city),urb_clivcon,DE3005I,Proportion of households that are lone-parent households,2015,3.12,,https://ec.europa.eu/eurostat/api/dissemination/statistics/1.0/data/urb_clivcon?lang=EN&cities=ES001C&sinceTimePeriod=2015,False
ghsl_3338,Madrid,ES001C,Madrid (greater city),urb_clivcon,DE3005I,Proportion of households that are lone-parent households,2016,3.12,,https://ec.europa.eu/eurostat/api/dissemination/statistics/1.0/data/urb_clivcon?lang=EN&cities=ES001C&sinceTimePeriod=2015,False
ghsl_3338,Madrid,ES001C,Madrid (greater city),urb_clivcon,DE3005I,Proportion of households that are lone-parent households,2017,3.21,,https://ec.europa.eu/eurostat/api/dissemination/statistics/1.0/data/urb_clivcon?lang=EN&cities=ES001C&sinceTimePeriod=2015,False
ghsl_3338,Madrid,ES001C,Madrid (greater city),urb_clivcon,DE3005I,Proportion of households that are lone-parent households,2018,3.18,,https://ec.europa.eu/eurostat/api/dissemination/statistics/1.0/data/urb_clivcon?lang=EN&cities=ES001C&sinceTimePeriod=2015,False
ghsl_3338,Madrid,ES001C,Madrid (greater city),urb_clivcon,DE3005I,Proportion of households that are lone-parent households,2019,3.13,,https://ec.europa.eu/eurostat/api/dissemination/statistics/1.0/data/urb_clivcon?lang=EN&cities=ES001C&sinceTimePeriod=2015,False
ghsl_3338,Madrid,ES001C,Madrid (greater city),urb_clivcon,DE3005I,Proportion of households that are lone-parent households,2020,3.05,,https://ec.europa.eu/eurostat/api/dissemination/statistics/1.0/data/urb_clivcon?lang=EN&cities=ES001C&sinceTimePeriod=2015,False
ghsl_3338,Madrid,ES001C,Madrid (greater city),urb_clivcon,DE3005I,Proportion of households that are lone-parent households,2021,3.1,,https://ec.europa.eu/eurostat/api/dissemination/statistics/1.0/data/urb_clivcon?lang=EN&cities=ES001C&sinceTimePeriod=2015,False
ghsl_3338,Madrid,ES001C,Madrid (greater city),urb_clivcon,DE3005I,Proportion of households that are lone-parent households,2022,3.08,,https://ec.europa.eu/eurostat/api/dissemination/statistics/1.0/data/urb_clivcon?lang=EN&cities=ES001C&sinceTimePeriod=2015,False
ghsl_3338,Madrid,ES001C,Madrid (greater city),urb_clivcon,DE3005I,Proportion of households that are lone-parent households,2023,3.03,,https://ec.europa.eu/eurostat/api/dissemination/statistics/1.0/data/urb_clivcon?lang=EN&cities=ES001C&sinceTimePeriod=2015,False
ghsl_3338,Madrid,ES001C,Madrid (greater city),urb_clivcon,DE3005I,Proportion of households that are lone-parent households,2024,2.87,,https://ec.europa.eu/eurostat/api/dissemination/statistics/1.0/data/urb_clivcon?lang=EN&cities=ES001C&sinceTimePeriod=2015,False
ghsl_3338,Madrid,ES001C,Madrid (greater city),urb_clivcon,DE3005V,Lone parent private households (with children aged 0 to under 18),2015,57194.0,,https://ec.europa.eu/eurostat/api/dissemination/statistics/1.0/data/urb_clivcon?lang=EN&cities=ES001C&sinceTimePeriod=2015,False
ghsl_3338,Madrid,ES001C,Madrid (greater city),urb_clivcon,DE3005V,Lone parent private households (with children aged 0 to under 18),2016,57519.0,,https://ec.europa.eu/eurostat/api/dissemination/statistics/1.0/data/urb_clivcon?lang=EN&cities=ES001C&sinceTimePeriod=2015,False
ghsl_3338,Madrid,ES001C,Madrid (greater city),urb_clivcon,DE3005V,Lone parent private households (with children aged 0 to under 18),2017,59665.0,,https://ec.europa.eu/eurostat/api/dissemination/statistics/1.0/data/urb_clivcon?lang=EN&cities=ES001C&sinceTimePeriod=2015,False
ghsl_3338,Madrid,ES001C,Madrid (greater city),urb_clivcon,DE3005V,Lone parent private households (with children aged 0 to under 18),2018,59665.0,,https://ec.europa.eu/eurostat/api/dissemination/statistics/1.0/data/urb_clivcon?lang=EN&cities=ES001C&sinceTimePeriod=2015,False
ghsl_3338,Madrid,ES001C,Madrid (greater city),urb_clivcon,DE3005V,Lone parent private households (with children aged 0 to under 18),2019,59268.0,,https://ec.europa.eu/eurostat/api/dissemination/statistics/1.0/data/urb_clivcon?lang=EN&cities=ES001C&sinceTimePeriod=2015,False
ghsl_3338,Madrid,ES001C,Madrid (greater city),urb_clivcon,DE3005V,Lone parent private households (with children aged 0 to under 18),2020,58333.0,,https://ec.europa.eu/eurostat/api/dissemination/statistics/1.0/data/urb_clivcon?lang=EN&cities=ES001C&sinceTimePeriod=2015,False
ghsl_3338,Madrid,ES001C,Madrid (greater city),urb_clivcon,DE3005V,Lone parent private households (with children aged 0 to under 18),2021,59401.0,,https://ec.europa.eu/eurostat/api/dissemination/statistics/1.0/data/urb_clivcon?lang=EN&cities=ES001C&sinceTimePeriod=2015,False
ghsl_3338,Madrid,ES001C,Madrid (greater city),urb_clivcon,DE3005V,Lone parent private households (with children aged 0 to under 18),2022,59223.0,,https://ec.europa.eu/eurostat/api/dissemination/statistics/1.0/data/urb_clivcon?lang=EN&cities=ES001C&sinceTimePeriod=2015,False
ghsl_3338,Madrid,ES001C,Madrid (greater city),urb_clivcon,DE3005V,Lone parent private households (with children aged 0 to under 18),2023,59472.0,,https://ec.europa.eu/eurostat/api/dissemination/statistics/1.0/data/urb_clivcon?lang=EN&cities=ES001C&sinceTimePeriod=2015,False
ghsl_3338,Madrid,ES001C,Madrid (greater city),urb_clivcon,DE3005V,Lone parent private households (with children aged 0 to under 18),2024,49809.0,,https://ec.europa.eu/eurostat/api/dissemination/statistics/1.0/data/urb_clivcon?lang=EN&cities=ES001C&sinceTimePeriod=2015,False
ghsl_3338,Madrid,ES001C,Madrid (greater city),urb_clivcon,DE3008I,Proportion of households that are lone-pensioner households,2015,10.74,,https://ec.europa.eu/eurostat/api/dissemination/statistics/1.0/data/urb_clivcon?lang=EN&cities=ES001C&sinceTimePeriod=2015,False
ghsl_3338,Madrid,ES001C,Madrid (greater city),urb_clivcon,DE3008I,Proportion of households that are lone-pensioner households,2016,10.75,,https://ec.europa.eu/eurostat/api/dissemination/statistics/1.0/data/urb_clivcon?lang=EN&cities=ES001C&sinceTimePeriod=2015,False
ghsl_3338,Madrid,ES001C,Madrid (greater city),urb_clivcon,DE3008I,Proportion of households that are lone-pensioner households,2017,11.04,,https://ec.europa.eu/eurostat/api/dissemination/statistics/1.0/data/urb_clivcon?lang=EN&cities=ES001C&sinceTimePeriod=2015,False
ghsl_3338,Madrid,ES001C,Madrid (greater city),urb_clivcon,DE3008I,Proportion of households that are lone-pensioner households,2018,10.94,,https://ec.europa.eu/eurostat/api/dissemination/statistics/1.0/data/urb_clivcon?lang=EN&cities=ES001C&sinceTimePeriod=2015,False
ghsl_3338,Madrid,ES001C,Madrid (greater city),urb_clivcon,DE3008I,Proportion of households that are lone-pensioner households,2019,11.07,,https://ec.europa.eu/eurostat/api/dissemination/statistics/1.0/data/urb_clivcon?lang=EN&cities=ES001C&sinceTimePeriod=2015,False
ghsl_3338,Madrid,ES001C,Madrid (greater city),urb_clivcon,DE3008I,Proportion of households that are lone-pensioner households,2020,11.13,,https://ec.europa.eu/eurostat/api/dissemination/statistics/1.0/data/urb_clivcon?lang=EN&cities=ES001C&sinceTimePeriod=2015,False
ghsl_3338,Madrid,ES001C,Madrid (greater city),urb_clivcon,DE3008I,Proportion of households that are lone-pensioner households,2021,11.47,,https://ec.europa.eu/eurostat/api/dissemination/statistics/1.0/data/urb_clivcon?lang=EN&cities=ES001C&sinceTimePeriod=2015,False
ghsl_3338,Madrid,ES001C,Madrid (greater city),urb_clivcon,DE3008I,Proportion of households that are lone-pensioner households,2022,11.66,,https://ec.europa.eu/eurostat/api/dissemination/statistics/1.0/data/urb_clivcon?lang=EN&cities=ES001C&sinceTimePeriod=2015,False
ghsl_3338,Madrid,ES001C,Madrid (greater city),urb_clivcon,DE3008I,Proportion of households that are lone-pensioner households,2023,11.7,,https://ec.europa.eu/eurostat/api/dissemination/statistics/1.0/data/urb_clivcon?lang=EN&cities=ES001C&sinceTimePeriod=2015,False
ghsl_3338,Madrid,ES001C,Madrid (greater city),urb_clivcon,DE3008I,Proportion of households that are lone-pensioner households,2024,12.4,,https://ec.europa.eu/eurostat/api/dissemination/statistics/1.0/data/urb_clivcon?lang=EN&cities=ES001C&sinceTimePeriod=2015,False
ghsl_3338,Madrid,ES001C,Madrid (greater city),urb_clivcon,DE3008V,Lone pensioner (above retirement age) households,2015,196907.0,,https://ec.europa.eu/eurostat/api/dissemination/statistics/1.0/data/urb_clivcon?lang=EN&cities=ES001C&sinceTimePeriod=2015,False
ghsl_3338,Madrid,ES001C,Madrid (greater city),urb_clivcon,DE3008V,Lone pensioner (above retirement age) households,2016,198125.0,,https://ec.europa.eu/eurostat/api/dissemination/statistics/1.0/data/urb_clivcon?lang=EN&cities=ES001C&sinceTimePeriod=2015,False
ghsl_3338,Madrid,ES001C,Madrid (greater city),urb_clivcon,DE3008V,Lone pensioner (above retirement age) households,2017,205121.0,,https://ec.europa.eu/eurostat/api/dissemination/statistics/1.0/data/urb_clivcon?lang=EN&cities=ES001C&sinceTimePeriod=2015,False
ghsl_3338,Madrid,ES001C,Madrid (greater city),urb_clivcon,DE3008V,Lone pensioner (above retirement age) households,2018,205121.0,,https://ec.europa.eu/eurostat/api/dissemination/statistics/1.0/data/urb_clivcon?lang=EN&cities=ES001C&sinceTimePeriod=2015,False
ghsl_3338,Madrid,ES001C,Madrid (greater city),urb_clivcon,DE3008V,Lone pensioner (above retirement age) households,2019,209424.0,,https://ec.europa.eu/eurostat/api/dissemination/statistics/1.0/data/urb_clivcon?lang=EN&cities=ES001C&sinceTimePeriod=2015,False
ghsl_3338,Madrid,ES001C,Madrid (greater city),urb_clivcon,DE3008V,Lone pensioner (above retirement age) households,2020,212929.0,,https://ec.europa.eu/eurostat/api/dissemination/statistics/1.0/data/urb_clivcon?lang=EN&cities=ES001C&sinceTimePeriod=2015,False
ghsl_3338,Madrid,ES001C,Madrid (greater city),urb_clivcon,DE3008V,Lone pensioner (above retirement age) households,2021,219427.0,,https://ec.europa.eu/eurostat/api/dissemination/statistics/1.0/data/urb_clivcon?lang=EN&cities=ES001C&sinceTimePeriod=2015,False
ghsl_3338,Madrid,ES001C,Madrid (greater city),urb_clivcon,DE3008V,Lone pensioner (above retirement age) households,2022,224514.0,,https://ec.europa.eu/eurostat/api/dissemination/statistics/1.0/data/urb_clivcon?lang=EN&cities=ES001C&sinceTimePeriod=2015,False
ghsl_3338,Madrid,ES001C,Madrid (greater city),urb_clivcon,DE3008V,Lone pensioner (above retirement age) households,2023,229363.0,,https://ec.europa.eu/eurostat/api/dissemination/statistics/1.0/data/urb_clivcon?lang=EN&cities=ES001C&sinceTimePeriod=2015,False
ghsl_3338,Madrid,ES001C,Madrid (greater city),urb_clivcon,DE3008V,Lone pensioner (above retirement age) households,2024,215193.0,,https://ec.europa.eu/eurostat/api/dissemination/statistics/1.0/data/urb_clivcon?lang=EN&cities=ES001C&sinceTimePeriod=2015,False
ghsl_3338,Madrid,ES001C,Madrid (greater city),urb_clivcon,DE3011I,Proportion of households with children aged 0-17,2015,27.92,,https://ec.europa.eu/eurostat/api/dissemination/statistics/1.0/data/urb_clivcon?lang=EN&cities=ES001C&sinceTimePeriod=2015,False
ghsl_3338,Madrid,ES001C,Madrid (greater city),urb_clivcon,DE3011I,Proportion of households with children aged 0-17,2016,27.91,,https://ec.europa.eu/eurostat/api/dissemination/statistics/1.0/data/urb_clivcon?lang=EN&cities=ES001C&sinceTimePeriod=2015,False
ghsl_3338,Madrid,ES001C,Madrid (greater city),urb_clivcon,DE3011I,Proportion of households with children aged 0-17,2017,28.29,,https://ec.europa.eu/eurostat/api/dissemination/statistics/1.0/data/urb_clivcon?lang=EN&cities=ES001C&sinceTimePeriod=2015,False
ghsl_3338,Madrid,ES001C,Madrid (greater city),urb_clivcon,DE3011I,Proportion of households with children aged 0-17,2018,28.04,,https://ec.europa.eu/eurostat/api/dissemination/statistics/1.0/data/urb_clivcon?lang=EN&cities=ES001C&sinceTimePeriod=2015,False
ghsl_3338,Madrid,ES001C,Madrid (greater city),urb_clivcon,DE3011I,Proportion of households with children aged 0-17,2019,27.78,,https://ec.europa.eu/eurostat/api/dissemination/statistics/1.0/data/urb_clivcon?lang=EN&cities=ES001C&sinceTimePeriod=2015,False
ghsl_3338,Madrid,ES001C,Madrid (greater city),urb_clivcon,DE3011I,Proportion of households with children aged 0-17,2020,27.47,,https://ec.europa.eu/eurostat/api/dissemination/statistics/1.0/data/urb_clivcon?lang=EN&cities=ES001C&sinceTimePeriod=2015,False
ghsl_3338,Madrid,ES001C,Madrid (greater city),urb_clivcon,DE3011I,Proportion of households with children aged 0-17,2021,26.99,,https://ec.europa.eu/eurostat/api/dissemination/statistics/1.0/data/urb_clivcon?lang=EN&cities=ES001C&sinceTimePeriod=2015,False
ghsl_3338,Madrid,ES001C,Madrid (greater city),urb_clivcon,DE3011I,Proportion of households with children aged 0-17,2022,26.49,,https://ec.europa.eu/eurostat/api/dissemination/statistics/1.0/data/urb_clivcon?lang=EN&cities=ES001C&sinceTimePeriod=2015,False
ghsl_3338,Madrid,ES001C,Madrid (greater city),urb_clivcon,DE3011I,Proportion of households with children aged 0-17,2023,26.14,,https://ec.europa.eu/eurostat/api/dissemination/statistics/1.0/data/urb_clivcon?lang=EN&cities=ES001C&sinceTimePeriod=2015,False
ghsl_3338,Madrid,ES001C,Madrid (greater city),urb_clivcon,DE3011I,Proportion of households with children aged 0-17,2024,24.7,,https://ec.europa.eu/eurostat/api/dissemination/statistics/1.0/data/urb_clivcon?lang=EN&cities=ES001C&sinceTimePeriod=2015,False
ghsl_3338,Madrid,ES001C,Madrid (greater city),urb_clivcon,DE3011V,Households with children aged 0 to under 18,2015,511975.0,,https://ec.europa.eu/eurostat/api/dissemination/statistics/1.0/data/urb_clivcon?lang=EN&cities=ES001C&sinceTimePeriod=2015,False
ghsl_3338,Madrid,ES001C,Madrid (greater city),urb_clivcon,DE3011V,Households with children aged 0 to under 18,2016,514580.0,,https://ec.europa.eu/eurostat/api/dissemination/statistics/1.0/data/urb_clivcon?lang=EN&cities=ES001C&sinceTimePeriod=2015,False
ghsl_3338,Madrid,ES001C,Madrid (greater city),urb_clivcon,DE3011V,Households with children aged 0 to under 18,2017,525743.0,,https://ec.europa.eu/eurostat/api/dissemination/statistics/1.0/data/urb_clivcon?lang=EN&cities=ES001C&sinceTimePeriod=2015,False
ghsl_3338,Madrid,ES001C,Madrid (greater city),urb_clivcon,DE3011V,Households with children aged 0 to under 18,2018,525743.0,,https://ec.europa.eu/eurostat/api/dissemination/statistics/1.0/data/urb_clivcon?lang=EN&cities=ES001C&sinceTimePeriod=2015,False
ghsl_3338,Madrid,ES001C,Madrid (greater city),urb_clivcon,DE3011V,Households with children aged 0 to under 18,2019,525336.0,,https://ec.europa.eu/eurostat/api/dissemination/statistics/1.0/data/urb_clivcon?lang=EN&cities=ES001C&sinceTimePeriod=2015,False
ghsl_3338,Madrid,ES001C,Madrid (greater city),urb_clivcon,DE3011V,Households with children aged 0 to under 18,2020,525748.0,,https://ec.europa.eu/eurostat/api/dissemination/statistics/1.0/data/urb_clivcon?lang=EN&cities=ES001C&sinceTimePeriod=2015,False
ghsl_3338,Madrid,ES001C,Madrid (greater city),urb_clivcon,DE3011V,Households with children aged 0 to under 18,2021,516600.0,,https://ec.europa.eu/eurostat/api/dissemination/statistics/1.0/data/urb_clivcon?lang=EN&cities=ES001C&sinceTimePeriod=2015,False
ghsl_3338,Madrid,ES001C,Madrid (greater city),urb_clivcon,DE3011V,Households with children aged 0 to under 18,2022,510078.0,,https://ec.europa.eu/eurostat/api/dissemination/statistics/1.0/data/urb_clivcon?lang=EN&cities=ES001C&sinceTimePeriod=2015,False
ghsl_3338,Madrid,ES001C,Madrid (greater city),urb_clivcon,DE3011V,Households with children aged 0 to under 18,2023,512221.0,,https://ec.europa.eu/eurostat/api/dissemination/statistics/1.0/data/urb_clivcon?lang=EN&cities=ES001C&sinceTimePeriod=2015,False
ghsl_3338,Madrid,ES001C,Madrid (greater city),urb_clivcon,DE3011V,Households with children aged 0 to under 18,2024,428663.0,,https://ec.europa.eu/eurostat/api/dissemination/statistics/1.0/data/urb_clivcon?lang=EN&cities=ES001C&sinceTimePeriod=2015,False
ghsl_3338,Madrid,ES001C,Madrid (greater city),urb_clivcon,DE3016I,Lone parent households per 100 households with children aged 0-17,2015,11.17,,https://ec.europa.eu/eurostat/api/dissemination/statistics/1.0/data/urb_clivcon?lang=EN&cities=ES001C&sinceTimePeriod=2015,False
ghsl_3338,Madrid,ES001C,Madrid (greater city),urb_clivcon,DE3016I,Lone parent households per 100 households with children aged 0-17,2016,11.18,,https://ec.europa.eu/eurostat/api/dissemination/statistics/1.0/data/urb_clivcon?lang=EN&cities=ES001C&sinceTimePeriod=2015,False
ghsl_3338,Madrid,ES001C,Madrid (greater city),urb_clivcon,DE3016I,Lone parent households per 100 households with children aged 0-17,2017,11.35,,https://ec.europa.eu/eurostat/api/dissemination/statistics/1.0/data/urb_clivcon?lang=EN&cities=ES001C&sinceTimePeriod=2015,False
ghsl_3338,Madrid,ES001C,Madrid (greater city),urb_clivcon,DE3016I,Lone parent households per 100 households with children aged 0-17,2018,11.35,,https://ec.europa.eu/eurostat/api/dissemination/statistics/1.0/data/urb_clivcon?lang=EN&cities=ES001C&sinceTimePeriod=2015,False
ghsl_3338,Madrid,ES001C,Madrid (greater city),urb_clivcon,DE3016I,Lone parent households per 100 households with children aged 0-17,2019,11.28,,https://ec.europa.eu/eurostat/api/dissemination/statistics/1.0/data/urb_clivcon?lang=EN&cities=ES001C&sinceTimePeriod=2015,False
ghsl_3338,Madrid,ES001C,Madrid (greater city),urb_clivcon,DE3016I,Lone parent households per 100 households with children aged 0-17,2020,11.1,,https://ec.europa.eu/eurostat/api/dissemination/statistics/1.0/data/urb_clivcon?lang=EN&cities=ES001C&sinceTimePeriod=2015,False
ghsl_3338,Madrid,ES001C,Madrid (greater city),urb_clivcon,DE3016I,Lone parent households per 100 households with children aged 0-17,2021,11.5,,https://ec.europa.eu/eurostat/api/dissemination/statistics/1.0/data/urb_clivcon?lang=EN&cities=ES001C&sinceTimePeriod=2015,False
ghsl_3338,Madrid,ES001C,Madrid (greater city),urb_clivcon,DE3016I,Lone parent households per 100 households with children aged 0-17,2022,11.61,,https://ec.europa.eu/eurostat/api/dissemination/statistics/1.0/data/urb_clivcon?lang=EN&cities=ES001C&sinceTimePeriod=2015,False
ghsl_3338,Madrid,ES001C,Madrid (greater city),urb_clivcon,DE3016I,Lone parent households per 100 households with children aged 0-17,2023,11.61,,https://ec.europa.eu/eurostat/api/dissemination/statistics/1.0/data/urb_clivcon?lang=EN&cities=ES001C&sinceTimePeriod=2015,False
ghsl_3338,Madrid,ES001C,Madrid (greater city),urb_clivcon,DE3016I,Lone parent households per 100 households with children aged 0-17,2024,11.62,,https://ec.europa.eu/eurostat/api/dissemination/statistics/1.0/data/urb_clivcon?lang=EN&cities=ES001C&sinceTimePeriod=2015,False
ghsl_3338,Madrid,ES001C,Madrid (greater city),urb_clivcon,DE3017V,Population living in private households (excluding institutional households),2015,4778759.0,,https://ec.europa.eu/eurostat/api/dissemination/statistics/1.0/data/urb_clivcon?lang=EN&cities=ES001C&sinceTimePeriod=2015,False
ghsl_3338,Madrid,ES001C,Madrid (greater city),urb_clivcon,DE3017V,Population living in private households (excluding institutional households),2016,4803738.0,,https://ec.europa.eu/eurostat/api/dissemination/statistics/1.0/data/urb_clivcon?lang=EN&cities=ES001C&sinceTimePeriod=2015,False
ghsl_3338,Madrid,ES001C,Madrid (greater city),urb_clivcon,DE3017V,Population living in private households (excluding institutional households),2017,4838377.0,,https://ec.europa.eu/eurostat/api/dissemination/statistics/1.0/data/urb_clivcon?lang=EN&cities=ES001C&sinceTimePeriod=2015,False
ghsl_3338,Madrid,ES001C,Madrid (greater city),urb_clivcon,DE3017V,Population living in private households (excluding institutional households),2018,4888210.0,,https://ec.europa.eu/eurostat/api/dissemination/statistics/1.0/data/urb_clivcon?lang=EN&cities=ES001C&sinceTimePeriod=2015,False
ghsl_3338,Madrid,ES001C,Madrid (greater city),urb_clivcon,DE3017V,Population living in private households (excluding institutional households),2019,4941732.0,,https://ec.europa.eu/eurostat/api/dissemination/statistics/1.0/data/urb_clivcon?lang=EN&cities=ES001C&sinceTimePeriod=2015,False
ghsl_3338,Madrid,ES001C,Madrid (greater city),urb_clivcon,DE3017V,Population living in private households (excluding institutional households),2020,5016657.0,,https://ec.europa.eu/eurostat/api/dissemination/statistics/1.0/data/urb_clivcon?lang=EN&cities=ES001C&sinceTimePeriod=2015,False
ghsl_3338,Madrid,ES001C,Madrid (greater city),urb_clivcon,DE3017V,Population living in private households (excluding institutional households),2021,4971015.0,,https://ec.europa.eu/eurostat/api/dissemination/statistics/1.0/data/urb_clivcon?lang=EN&cities=ES001C&sinceTimePeriod=2015,False
ghsl_3338,Madrid,ES001C,Madrid (greater city),urb_clivcon,DE3017V,Population living in private households (excluding institutional households),2022,4959137.0,,https://ec.europa.eu/eurostat/api/dissemination/statistics/1.0/data/urb_clivcon?lang=EN&cities=ES001C&sinceTimePeriod=2015,False
ghsl_3338,Madrid,ES001C,Madrid (greater city),urb_clivcon,DE3017V,Population living in private households (excluding institutional households),2023,5047892.0,,https://ec.europa.eu/eurostat/api/dissemination/statistics/1.0/data/urb_clivcon?lang=EN&cities=ES001C&sinceTimePeriod=2015,False
ghsl_3338,Madrid,ES001C,Madrid (greater city),urb_clivcon,DE3017V,Population living in private households (excluding institutional households),2024,4426967.0,,https://ec.europa.eu/eurostat/api/dissemination/statistics/1.0/data/urb_clivcon?lang=EN&cities=ES001C&sinceTimePeriod=2015,False
ghsl_3338,Madrid,ES001C,Madrid (greater city),urb_clivcon,EC3040V,Average disposable annual household income - EUR,2017,23681.0,,https://ec.europa.eu/eurostat/api/dissemination/statistics/1.0/data/urb_clivcon?lang=EN&cities=ES001C&sinceTimePeriod=2015,False
ghsl_3338,Madrid,ES001C,Madrid (greater city),urb_clivcon,SA1001V,Number of conventional dwellings,2015,2101231.0,,https://ec.europa.eu/eurostat/api/dissemination/statistics/1.0/data/urb_clivcon?lang=EN&cities=ES001C&sinceTimePeriod=2015,False
ghsl_3338,Madrid,ES001C,Madrid (greater city),urb_clivcon,SA1001V,Number of conventional dwellings,2016,2108282.0,,https://ec.europa.eu/eurostat/api/dissemination/statistics/1.0/data/urb_clivcon?lang=EN&cities=ES001C&sinceTimePeriod=2015,False
ghsl_3338,Madrid,ES001C,Madrid (greater city),urb_clivcon,SA1001V,Number of conventional dwellings,2017,2117208.0,,https://ec.europa.eu/eurostat/api/dissemination/statistics/1.0/data/urb_clivcon?lang=EN&cities=ES001C&sinceTimePeriod=2015,False
ghsl_3338,Madrid,ES001C,Madrid (greater city),urb_clivcon,SA1001V,Number of conventional dwellings,2018,2126670.0,,https://ec.europa.eu/eurostat/api/dissemination/statistics/1.0/data/urb_clivcon?lang=EN&cities=ES001C&sinceTimePeriod=2015,False
ghsl_3338,Madrid,ES001C,Madrid (greater city),urb_clivcon,SA1001V,Number of conventional dwellings,2019,2137955.0,,https://ec.europa.eu/eurostat/api/dissemination/statistics/1.0/data/urb_clivcon?lang=EN&cities=ES001C&sinceTimePeriod=2015,False
ghsl_3338,Madrid,ES001C,Madrid (greater city),urb_clivcon,SA1001V,Number of conventional dwellings,2020,2151140.0,,https://ec.europa.eu/eurostat/api/dissemination/statistics/1.0/data/urb_clivcon?lang=EN&cities=ES001C&sinceTimePeriod=2015,False
ghsl_3338,Madrid,ES001C,Madrid (greater city),urb_clivcon,SA1001V,Number of conventional dwellings,2021,2162840.0,,https://ec.europa.eu/eurostat/api/dissemination/statistics/1.0/data/urb_clivcon?lang=EN&cities=ES001C&sinceTimePeriod=2015,False
ghsl_3338,Madrid,ES001C,Madrid (greater city),urb_clivcon,SA1001V,Number of conventional dwellings,2022,2175390.0,,https://ec.europa.eu/eurostat/api/dissemination/statistics/1.0/data/urb_clivcon?lang=EN&cities=ES001C&sinceTimePeriod=2015,False
ghsl_3338,Madrid,ES001C,Madrid (greater city),urb_clivcon,SA1001V,Number of conventional dwellings,2023,2188896.0,,https://ec.europa.eu/eurostat/api/dissemination/statistics/1.0/data/urb_clivcon?lang=EN&cities=ES001C&sinceTimePeriod=2015,False
ghsl_3338,Madrid,ES001C,Madrid (greater city),urb_clivcon,SA1001V,Number of conventional dwellings,2024,1935988.0,,https://ec.europa.eu/eurostat/api/dissemination/statistics/1.0/data/urb_clivcon?lang=EN&cities=ES001C&sinceTimePeriod=2015,False
ghsl_3338,Madrid,ES001C,Madrid (greater city),urb_clivcon,SA1049V,Average annual rent for housing per m² - EUR,2015,148.8,,https://ec.europa.eu/eurostat/api/dissemination/statistics/1.0/data/urb_clivcon?lang=EN&cities=ES001C&sinceTimePeriod=2015,False
ghsl_3338,Madrid,ES001C,Madrid (greater city),urb_clivcon,SA1049V,Average annual rent for housing per m² - EUR,2016,150.0,,https://ec.europa.eu/eurostat/api/dissemination/statistics/1.0/data/urb_clivcon?lang=EN&cities=ES001C&sinceTimePeriod=2015,False
ghsl_3338,Madrid,ES001C,Madrid (greater city),urb_clivcon,SA1049V,Average annual rent for housing per m² - EUR,2017,158.4,,https://ec.europa.eu/eurostat/api/dissemination/statistics/1.0/data/urb_clivcon?lang=EN&cities=ES001C&sinceTimePeriod=2015,False
ghsl_3338,Madrid,ES001C,Madrid (greater city),urb_clivcon,SA1049V,Average annual rent for housing per m² - EUR,2018,15.0,,https://ec.europa.eu/eurostat/api/dissemination/statistics/1.0/data/urb_clivcon?lang=EN&cities=ES001C&sinceTimePeriod=2015,False
ghsl_3338,Madrid,ES001C,Madrid (greater city),urb_clivcon,SA1049V,Average annual rent for housing per m² - EUR,2023,160.81,,https://ec.europa.eu/eurostat/api/dissemination/statistics/1.0/data/urb_clivcon?lang=EN&cities=ES001C&sinceTimePeriod=2015,False
ghsl_3338,Madrid,ES001C,Madrid (greater city),urb_clivcon,SA1050V,Average price for buying a house - EUR,2023,674441.0,d,https://ec.europa.eu/eurostat/api/dissemination/statistics/1.0/data/urb_clivcon?lang=EN&cities=ES001C&sinceTimePeriod=2015,False
ghsl_3338,Madrid,ES001C,Madrid (greater city),urb_clivcon,SA1050V,Average price for buying a house - EUR,2024,803128.0,d,https://ec.europa.eu/eurostat/api/dissemination/statistics/1.0/data/urb_clivcon?lang=EN&cities=ES001C&sinceTimePeriod=2015,False
ghsl_3338,Madrid,ES001C,Madrid (greater city),urb_clivcon,SA1051V,Average price for buying an apartment - EUR,2023,318902.0,d,https://ec.europa.eu/eurostat/api/dissemination/statistics/1.0/data/urb_clivcon?lang=EN&cities=ES001C&sinceTimePeriod=2015,False
ghsl_3338,Madrid,ES001C,Madrid (greater city),urb_clivcon,SA1051V,Average price for buying an apartment - EUR,2024,354705.0,d,https://ec.europa.eu/eurostat/api/dissemination/statistics/1.0/data/urb_clivcon?lang=EN&cities=ES001C&sinceTimePeriod=2015,False
ghsl_3338,Madrid,ES001C,Madrid (greater city),urb_clivcon,SA1052V,Average price for buying a house per m2 - EUR,2023,3404.0,d,https://ec.europa.eu/eurostat/api/dissemination/statistics/1.0/data/urb_clivcon?lang=EN&cities=ES001C&sinceTimePeriod=2015,False
ghsl_3338,Madrid,ES001C,Madrid (greater city),urb_clivcon,SA1052V,Average price for buying a house per m2 - EUR,2024,3689.0,d,https://ec.europa.eu/eurostat/api/dissemination/statistics/1.0/data/urb_clivcon?lang=EN&cities=ES001C&sinceTimePeriod=2015,False
ghsl_3338,Madrid,ES001C,Madrid (greater city),urb_clivcon,SA1053V,Average price for buying an apartment per m2 - EUR,2023,3558.0,d,https://ec.europa.eu/eurostat/api/dissemination/statistics/1.0/data/urb_clivcon?lang=EN&cities=ES001C&sinceTimePeriod=2015,False
ghsl_3338,Madrid,ES001C,Madrid (greater city),urb_clivcon,SA1053V,Average price for buying an apartment per m2 - EUR,2024,3931.0,d,https://ec.europa.eu/eurostat/api/dissemination/statistics/1.0/data/urb_clivcon?lang=EN&cities=ES001C&sinceTimePeriod=2015,False
ghsl_3338,Madrid,ES001C,Madrid (greater city),urb_clivcon,SA3005V,Number of murders and violent deaths,2015,20.0,,https://ec.europa.eu/eurostat/api/dissemination/statistics/1.0/data/urb_clivcon?lang=EN&cities=ES001C&sinceTimePeriod=2015,False
ghsl_3338,Madrid,ES001C,Madrid (greater city),urb_clivcon,SA3005V,Number of murders and violent deaths,2016,26.0,,https://ec.europa.eu/eurostat/api/dissemination/statistics/1.0/data/urb_clivcon?lang=EN&cities=ES001C&sinceTimePeriod=2015,False
ghsl_3338,Madrid,ES001C,Madrid (greater city),urb_clivcon,SA3005V,Number of murders and violent deaths,2017,29.0,,https://ec.europa.eu/eurostat/api/dissemination/statistics/1.0/data/urb_clivcon?lang=EN&cities=ES001C&sinceTimePeriod=2015,False
ghsl_3338,Madrid,ES001C,Madrid (greater city),urb_clivcon,SA3005V,Number of murders and violent deaths,2018,20.0,,https://ec.europa.eu/eurostat/api/dissemination/statistics/1.0/data/urb_clivcon?lang=EN&cities=ES001C&sinceTimePeriod=2015,False
ghsl_3338,Madrid,ES001C,Madrid (greater city),urb_clivcon,SA3005V,Number of murders and violent deaths,2019,16.0,,https://ec.europa.eu/eurostat/api/dissemination/statistics/1.0/data/urb_clivcon?lang=EN&cities=ES001C&sinceTimePeriod=2015,False
ghsl_3338,Madrid,ES001C,Madrid (greater city),urb_clivcon,SA3005V,Number of murders and violent deaths,2020,15.0,,https://ec.europa.eu/eurostat/api/dissemination/statistics/1.0/data/urb_clivcon?lang=EN&cities=ES001C&sinceTimePeriod=2015,False
ghsl_3338,Madrid,ES001C,Madrid (greater city),urb_clivcon,SA3005V,Number of murders and violent deaths,2021,26.0,,https://ec.europa.eu/eurostat/api/dissemination/statistics/1.0/data/urb_clivcon?lang=EN&cities=ES001C&sinceTimePeriod=2015,False
ghsl_3338,Madrid,ES001C,Madrid (greater city),urb_clivcon,SA3005V,Number of murders and violent deaths,2022,35.0,,https://ec.europa.eu/eurostat/api/dissemination/statistics/1.0/data/urb_clivcon?lang=EN&cities=ES001C&sinceTimePeriod=2015,False
ghsl_3338,Madrid,ES001C,Madrid (greater city),urb_clivcon,SA3005V,Number of murders and violent deaths,2023,26.0,,https://ec.europa.eu/eurostat/api/dissemination/statistics/1.0/data/urb_clivcon?lang=EN&cities=ES001C&sinceTimePeriod=2015,False
ghsl_3338,Madrid,ES001C,Madrid (greater city),urb_clivcon,SA3005V,Number of murders and violent deaths,2024,12.0,,https://ec.europa.eu/eurostat/api/dissemination/statistics/1.0/data/urb_clivcon?lang=EN&cities=ES001C&sinceTimePeriod=2015,False
