attribute_pattern,description,units,upstream_source,details
,Refers to the descriptive name of the indicator,Refers to the unit of measure of the attribute,Refers to the source of the processed data,"Refers to a short description of the indicator to clarify the meaning, can be the same of the indicator name if self-explanatory"
GC_UCN_MAI_XXXX,Urban center Main Name,Dimensionless,Open Street Maps GISCO WUP 2018,Name of the main city inside the urban center.
GC_UCN_LIS_XXXX,Urban center List Name,Dimensionless,Open Street Maps GISCO WUP 2018,List of names of the all cities inside the urban center.
GC_CNT_GAD_XXXX,Country Name,Dimensionless,"GADM version 4.1, released on 16 July 2022 https://gadm.org/data.html",Country named based on GADM dataset
GC_CNT_UNN_XXXX,Country Name,Dimensionless,World Population Prospects 2022 (WPP2022),Country named based on WPP2022.
GC_UCA_KM2_XXXX,Urban Centre Area,Km2,"Schiavina M., Melchiorri M., Pesaresi M. (2023): GHS-SMOD R2023A - GHS settlement layers, application of the Degree of Urbanisation methodology (stage I) to GHS-POP R2023A and GHS-BUILT-S R2023A, multitemporal (1975- 2030). European Commission, Joint Research Centre (JRC) PID: http://data.europa.eu/89h/a0df7a6f-49de-46ea-9bde-563437a6e2ba, doi:10.2905/A0DF7A6F-49DE-46EA-9BDE-563437A6E2BA",Urban Centre Area
GC_POP_TOT_XXXX,Total Population in the Urban Centre,Number of inhabitants,"Schiavina M., Freire S., Carioli A., MacManus K. (2023): GHS-POP R2023A - GHS population grid multitemporal (1975-2030).European Commission, Joint Research Centre (JRC) PID: http://data.europa.eu/89h/2ff68a52-5b5b-4a22-8f40-c41da8332cfe, doi:10.2905/2FF68A52-5B5B-4A22-8F40-C41DA8332CFE",Total population allocated inside of the UC in number of inhabitants.
GC_DEV_WIG_XXXX,World Bank Income Group,Categorical,The World Bank https://datahelpdesk.worldbank.org/knowledgebase/articles/906519,"The World Bank income group classification provides a complete list of economies classified by income, region, and World Bank lending status. This table is updated to year 2022."
GC_DEV_USR_XXXX,UN SDG Region,Categorical,UN https://unstats.un.org/sdgs/indicators/regional-groups/,Country grouping in geographic regions based on the 2016 Sustainable Development Goals Report and the progress reports on the Millennium Development Goals.
GC_PLS_SCR_XXXX,Plausibility,Categorical,"Melchiorri Michele; Marí Rivero Inés, Florio Pietro, Uhl Johannes, Krasnodębska Katarzyna, Pesaresi Martino, Politis Pangliotis, Schiavina Marcello, Maffenini Luca, Tommasi Pierpaolo, Carioli Alessandra, Ehrlich Daniele, Crippa Monica, Guizzardi Diego, Pisoni Enrico, Bellis Claudio, Sulis Patrizia, Oom Duarte, Branco Alfredo, Kemper Thomas. Stats in the City –the GHSL Urban Centre Database 2025.Publications Office of the European Union, Luxembourg, 2024. ISBN 978-92-68- 21609-5, doi: 10.2760/3046391, JRC139768",The score indicates the plausibility/quality of the modelled urban centre.
GC_UCB_YOB_XXXX,Year of Birth,year,"Schiavina M., Melchiorri M., Pesaresi M. (2023): GHS-SMOD R2023A - GHS settlement layers, application of the Degree of Urbanisation methodology (stage I) to GHS-POP R2023A and GHS-BUILT-S R2023A, multitemporal (1975- 2030). European Commission, Joint Research Centre (JRC) PID: http://data.europa.eu/89h/a0df7a6f-49de-46ea-9bde-563437a6e2ba, doi:10.2905/A0DF7A6F-49DE-46EA-9BDE-563437A6E2BA European Commission, and Statistical Office of the European Union, 2021 Applying the Degree of Urbanisation — A methodological manual to define cities, towns and rural areas for international comparisons — 2021 edition. Publications Office of the European Union, 2021; ISBN 978-92-76-20306-3 10.2785/706535","Indicates the year in the multitemporal series GHS-SMOD R2023A, the cells reach the conditions to be classified as urban centre."
GC_UCB_YOD_XXXX,Year of Death,year,"Schiavina M., Melchiorri M., Pesaresi M. (2023): GHS-SMOD R2023A - GHS settlement layers, application of the Degree of Urbanisation methodology (stage I) to GHS-POP R2023A and GHS-BUILT-S R2023A, multitemporal (1975- 2030). European Commission, Joint Research Centre (JRC) PID: http://data.europa.eu/89h/a0df7a6f-49de-46ea-9bde-563437a6e2ba, doi:10.2905/A0DF7A6F-49DE-46EA-9BDE-563437A6E2BA European Commission, and Statistical Office of the European Union, 2021 Applying the Degree of Urbanisation — A methodological manual to define cities, towns and rural areas for international comparisons — 2021 edition. Publications Office of the European Union, 2021; ISBN 978-92-76-20306-3 10.2785/706535",Indicates weather an urban centre is projected to be a urban centre in 2030 or ‘dies’ (doesn’t reach the conditions to be a urban centre) in 2030.
GC_UCM_CAP_XXXX,Capital city,Boolean (yes/no),Wikipedia GoogleMaps,Indicates weather an urban centre is the capital city.
GH_POP_TOT_XXXX,Total Population,Number of inhabitants,"Schiavina M., Freire S., Carioli A., MacManus K. (2023): GHS-POP R2023A - GHS population grid multitemporal (1975-2030).European Commission, Joint Research Centre (JRC) PID: http://data.europa.eu/89h/2ff68a52-5b5b-4a22-8f40-c41da8332cfe, doi:10.2905/2FF68A52-5B5B-4A22-8F40-C41DA8332CFE",Total population allocated inside of the UC in number of inhabitants.
GH_POP_CAG_XXXX,Population Compound Annual Growth Rate,%,"Schiavina M., Freire S., Carioli A., MacManus K. (2023): GHS-POP R2023A - GHS population grid multitemporal (1975-2030).European Commission, Joint Research Centre (JRC) PID: http://data.europa.eu/89h/2ff68a52-5b5b-4a22-8f40-c41da8332cfe, doi:10.2905/2FF68A52-5B5B-4A22-8F40-C41DA8332CFE",Compound annual growth rate of the total population allocated inside of the UC in percentage.
GH_BUS_TOT_XXXX,Total Built-up,m2,"Pesaresi M., Politis P. (2023): GHS-BUILT-S R2023A - GHS built-up surface grid, derived from Sentinel2 composite and Landsat, multitemporal (1975-2030) European Commission, Joint Research Centre (JRC) PID: http://data.europa.eu/89h/9f06f36f-4b11-47ec-abb0-4f8b7b1d72ea, doi:10.2905/9F06F36F-4B11-47EC-ABB0-4F8B7B1D72EA",Total built-up area of the UC in square meters
GH_BUS_NRE_XXXX,Non-Residential Built-up,m2,"Pesaresi M., Politis P. (2023): GHS-BUILT-S R2023A - GHS built-up surface grid, derived from Sentinel2 composite and Landsat, multitemporal (1975-2030) European Commission, Joint Research Centre (JRC) PID: http://data.europa.eu/89h/9f06f36f-4b11-47ec-abb0-4f8b7b1d72ea, doi:10.2905/9F06F36F-4B11-47EC-ABB0-4F8B7B1D72EA",Non-residential built-up area of the UC in square meters
GH_BUS_RES_XXXX,Residential Built-up,m2,"Pesaresi M., Politis P. (2023): GHS-BUILT-S R2023A - GHS built-up surface grid, derived from Sentinel2 composite and Landsat, multitemporal (1975-2030) European Commission, Joint Research Centre (JRC) PID: http://data.europa.eu/89h/9f06f36f-4b11-47ec-abb0-4f8b7b1d72ea, doi:10.2905/9F06F36F-4B11-47EC-ABB0-4F8B7B1D72EA",Residential built-up area of the UC in square meters
GH_BPC_TOT_XXXX,Total built-up per capita,m2/person,"Pesaresi M., Politis P. (2023): GHS-BUILT-S R2023A - GHS built-up surface grid, derived from Sentinel2 composite and Landsat, multitemporal (1975-2030) European Commission, Joint Research Centre (JRC) PID: http://data.europa.eu/89h/9f06f36f-4b11-47ec-abb0-4f8b7b1d72ea, doi:10.2905/9F06F36F-4B11-47EC-ABB0-4F8B7B1D72EA Schiavina M., Freire S., Carioli A., MacManus K. (2023): GHS-POP R2023A - GHS population grid multitemporal (1975-2030).European Commission, Joint Research Centre (JRC) PID: http://data.europa.eu/89h/2ff68a52-5b5b-4a22-8f40-c41da8332cfe, doi:10.2905/2FF68A52-5B5B-4A22-8F40-C41DA8332CFE",Total built-up area per capita in the urban centre
GH_BPC_NRE_XXXX,Non-residential built-up per capita,m2/person,"Pesaresi M., Politis P. (2023): GHS-BUILT-S R2023A - GHS built-up surface grid, derived from Sentinel2 composite and Landsat, multitemporal (1975-2030) European Commission, Joint Research Centre (JRC) PID: http://data.europa.eu/89h/9f06f36f-4b11-47ec-abb0-4f8b7b1d72ea, doi:10.2905/9F06F36F-4B11-47EC-ABB0-4F8B7B1D72EA Schiavina M., Freire S., Carioli A., MacManus K. (2023): GHS-POP R2023A - GHS population grid multitemporal (1975-2030).European Commission, Joint Research Centre (JRC) PID: http://data.europa.eu/89h/2ff68a52-5b5b-4a22-8f40-c41da8332cfe, doi:10.2905/2FF68A52-5B5B-4A22-8F40-C41DA8332CFE 43",Non-residential built-up area per capita in the urban centre
GH_BPC_RES_XXXX,Residential built-up per capita,m2/person,"Pesaresi M., Politis P. (2023): GHS-BUILT-S R2023A - GHS built-up surface grid, derived from Sentinel2 composite and Landsat, multitemporal (1975-2030) European Commission, Joint Research Centre (JRC) PID: http://data.europa.eu/89h/9f06f36f-4b11-47ec-abb0-4f8b7b1d72ea, doi:10.2905/9F06F36F-4B11-47EC-ABB0-4F8B7B1D72EA Schiavina M., Freire S., Carioli A., MacManus K. (2023): GHS-POP R2023A - GHS population grid multitemporal (1975-2030).European Commission, Joint Research Centre (JRC) PID: http://data.europa.eu/89h/2ff68a52-5b5b-4a22-8f40-c41da8332cfe, doi:10.2905/2FF68A52-5B5B-4A22-8F40-C41DA8332CFE",Residential built-up area per capita in the urban centre
GH_BUV_TOT_XXXX,Total built-up volume,m3,"Pesaresi M., Politis P. (2023): GHS-BUILT-V R2023A - GHS built-up volume grids derived from joint assessment of Sentinel2, Landsat, and global DEM data, multitemporal (1975-2030).European Commission, Joint Research Centre (JRC) PID: http://data.europa.eu/89h/ab2f107a-03cd-47a3-85e5-139d8ec63283, doi:10.2905/AB2F107A-03CD-47A3-85E5-139D8EC63283",Total built-up volume in the urban centre
GH_BUV_NRE_XXXX,Non-residential built-up volume,m3,"Pesaresi M., Politis P. (2023): GHS-BUILT-V R2023A - GHS built-up volume grids derived from joint assessment of Sentinel2, Landsat, and global DEM data, multitemporal (1975-2030).European Commission, Joint Research Centre (JRC) PID: http://data.europa.eu/89h/ab2f107a-03cd-47a3-85e5-139d8ec63283, doi:10.2905/AB2F107A-03CD-47A3-85E5-139D8EC63283",Non-residential built-up volume in the urban centre
GH_BUV_RES_XXXX,Residential built-up volume,m3,"Pesaresi M., Politis P. (2023): GHS-BUILT-V R2023A - GHS built-up volume grids derived from joint assessment of Sentinel2, Landsat, and global DEM data, multitemporal (1975-2030).European Commission, Joint Research Centre (JRC) PID: http://data.europa.eu/89h/ab2f107a-03cd-47a3-85e5-139d8ec63283, doi:10.2905/AB2F107A-03CD-47A3-85E5-139D8EC63283",Residential built-up volume in the urban centre
GH_BUH_AVG_XXXX,Average built-up height,m,"Pesaresi, M.; Politis, P. (2023): GHS-BUILT-H R2023A - GHS building height, derived from AW3D30, SRTM30, and Sentinel2 composite (2018).European Commission, Joint Research Centre (JRC) PID: http://data.europa.eu/89h/85005901-3a49-48dd-9d19-6261354f56fe, doi:10.2905/85005901-3A49-48DD-9D19-6261354F56FE",Average of the values inside the urban centre of the average height of the built surfaces in a 100 m pixel.
GH_BUH_STD_XXXX,Average built-up height,m,"Pesaresi, M.; Politis, P. (2023): GHS-BUILT-H R2023A - GHS building height, derived from AW3D30, SRTM30, and Sentinel2 composite (2018).European Commission, Joint Research Centre (JRC) PID: http://data.europa.eu/89h/85005901-3a49-48dd-9d19-6261354f56fe, doi:10.2905/85005901-3A49-48DD-9D19-6261354F56FE",Standard deviation of the values inside the urban centre of the average height of the built surfaces in a 100 m pixel.
GH_BUH_MAX_XXXX,Average built-up height,m,"Pesaresi, M.; Politis, P. (2023): GHS-BUILT-H R2023A - GHS building height, derived from AW3D30, SRTM30, and Sentinel2 composite (2018).European Commission, Joint Research Centre (JRC) PID: http://data.europa.eu/89h/85005901-3a49-48dd-9d19-6261354f56fe, doi:10.2905/85005901-3A49-48DD-9D19-6261354F56FE",Maximum of the values inside the urban centre of the average height of the built surfaces in a 100 m pixel.
GH_BUT_P11_XXXX,Population living in residential prevalent 1-2 floors built-up,Number of inhabitants,"Schiavina M., Freire S., Carioli A., MacManus K. (2023): GHS-POP R2023A - GHS population grid multitemporal (1975-2030).European Commission, Joint Research Centre (JRC) PID: http://data.europa.eu/89h/2ff68a52-5b5b-4a22-8f40-c41da8332cfe, doi:10.2905/2FF68A52-5B5B-4A22-8F40-C41DA8332CFE Pesaresi, M., Schiavina, M., Politis, P., Freire, S., Krasnodębska, K., Uhl, J. H., … Kemper, T. (2024). Advances on the Global Human Settlement Layer by joint assessment of Earth Observation and population survey data. International Journal of Digital Earth, 17(1). https://doi.org/10.1080/17538947.2024.2390454",Total population inside the built-up in the urban centre classified as residential prevalent 1-2 floors.
GH_BUT_P12_XXXX,Population living in residential prevalent 3-7 floors built-up,Number of inhabitants,"Schiavina M., Freire S., Carioli A., MacManus K. (2023): GHS-POP R2023A - GHS population grid multitemporal (1975-2030).European Commission, Joint Research Centre (JRC) PID: http://data.europa.eu/89h/2ff68a52-5b5b-4a22-8f40-c41da8332cfe, doi:10.2905/2FF68A52-5B5B-4A22-8F40-C41DA8332CFE Pesaresi, M., Schiavina, M., Politis, P., Freire, S., Krasnodębska, K., Uhl, J. H., … Kemper, T. (2024). Advances on the Global Human Settlement Layer by joint assessment of Earth Observation and population survey data. International Journal of Digital Earth, 17(1). https://doi.org/10.1080/17538947.2024.2390454",Total population inside the built-up in the urban centre classified as residential prevalent 3-7 floors.
GH_BUT_P13_XXXX,Population living in residential prevalent >8 floors built-up,Number of inhabitants,"Schiavina M., Freire S., Carioli A., MacManus K. (2023): GHS-POP R2023A - GHS population grid multitemporal (1975-2030).European Commission, Joint Research Centre (JRC) PID: http://data.europa.eu/89h/2ff68a52-5b5b-4a22-8f40-c41da8332cfe, doi:10.2905/2FF68A52-5B5B-4A22-8F40-C41DA8332CFE Pesaresi, M., Schiavina, M., Politis, P., Freire, S., Krasnodębska, K., Uhl, J. H., … Kemper, T. (2024). Advances on the Global Human Settlement Layer by joint assessment of Earth Observation and population survey data. International Journal of Digital Earth, 17(1). https://doi.org/10.1080/17538947.2024.2390454",Total population inside the built-up in the urban centre classified as residential prevalent >8 floors.
GH_BUT_P21_XXXX,Population living in non-residential prevalent 1-2 floors built-up,Number of inhabitants,"Schiavina M., Freire S., Carioli A., MacManus K. (2023): GHS-POP R2023A - GHS population grid multitemporal (1975-2030).European Commission, Joint Research Centre (JRC) PID: http://data.europa.eu/89h/2ff68a52-5b5b-4a22-8f40-c41da8332cfe, doi:10.2905/2FF68A52-5B5B-4A22-8F40-C41DA8332CFE Pesaresi, M., Schiavina, M., Politis, P., Freire, S., Krasnodębska, K., Uhl, J. H., … Kemper, T. (2024). Advances on the Global Human Settlement Layer by joint assessment of Earth Observation and population survey data. International Journal of Digital Earth, 17(1). https://doi.org/10.1080/17538947.2024.2390454",Total population inside the built-up in the urban centre classified as non-residential prevalent 1-2 floors.
GH_BUT_P22_XXXX,Population living in non-residential prevalent 3-7 floors built-up,Number of inhabitants,"Schiavina M., Freire S., Carioli A., MacManus K. (2023): GHS-POP R2023A - GHS population grid multitemporal (1975-2030).European Commission, Joint Research Centre (JRC) PID: http://data.europa.eu/89h/2ff68a52-5b5b-4a22-8f40-c41da8332cfe, doi:10.2905/2FF68A52-5B5B-4A22-8F40-C41DA8332CFE Pesaresi, M., Schiavina, M., Politis, P., Freire, S., Krasnodębska, K., Uhl, J. H., … Kemper, T. (2024). Advances on the Global Human Settlement Layer by joint assessment of Earth Observation and population survey data. International Journal of Digital Earth, 17(1). https://doi.org/10.1080/17538947.2024.2390454",Total population inside the built-up in the urban centre classified as non-residential prevalent 3-7 floors.
GH_BUT_P23_XXXX,Population living in non-residential prevalent >8 floors built-up,Number of inhabitants,"Schiavina M., Freire S., Carioli A., MacManus K. (2023): GHS-POP R2023A - GHS population grid multitemporal (1975-2030).European Commission, Joint Research Centre (JRC) PID: http://data.europa.eu/89h/2ff68a52-5b5b-4a22-8f40-c41da8332cfe, doi:10.2905/2FF68A52-5B5B-4A22-8F40-C41DA8332CFE Pesaresi, M., Schiavina, M., Politis, P., Freire, S., Krasnodębska, K., Uhl, J. H., … Kemper, T. (2024). Advances on the Global Human Settlement Layer by joint assessment of Earth Observation and population survey data. International Journal of Digital Earth, 17(1). https://doi.org/10.1080/17538947.2024.2390454",Total population inside the built-up in the urban centre classified as non-residential prevalent >8 floors.
GH_BUT_S11_XXXX,Built-up surface in residential prevalent 1-2 floors built-up,m2,"Pesaresi M., Politis P. (2023): GHS-BUILT-S R2023A - GHS built-up surface grid, derived from Sentinel2 composite and Landsat, multitemporal (1975-2030) European Commission, Joint Research Centre (JRC) PID: http://data.europa.eu/89h/9f06f36f-4b11-47ec-abb0-4f8b7b1d72ea, doi:10.2905/9F06F36F-4B11-47EC-ABB0-4F8B7B1D72EA Pesaresi, M., Schiavina, M., Politis, P., Freire, S., Krasnodębska, K., Uhl, J. H., … Kemper, T. (2024). Advances on the Global Human Settlement Layer by joint assessment of Earth Observation and population survey data. International Journal of Digital Earth, 17(1). https://doi.org/10.1080/17538947.2024.2390454",Built-up surface of the built-up in the urban centre classified as residential prevalent 1-2 floors.
GH_BUT_S12_XXXX,Built-up surface in residential prevalent 3-7 floors built-up,m2,"Pesaresi M., Politis P. (2023): GHS-BUILT-S R2023A - GHS built-up surface grid, derived from Sentinel2 composite and Landsat, multitemporal (1975-2030) European Commission, Joint Research Centre (JRC) PID:http://data.europa.eu/89h/9f06f36f-4b11-47ec-abb0-4f8b7b1d72ea, doi:10.2905/9F06F36F-4B11-47EC-ABB0-4F8B7B1D72EA Pesaresi, M., Schiavina, M., Politis, P., Freire, S., Krasnodębska, K., Uhl, J. H., … Kemper, T. (2024). Advances on the Global Human Settlement Layer by joint assessment of Earth Observation and population survey data. International Journal of Digital Earth, 17(1). https://doi.org/10.1080/17538947.2024.2390454",Built-up surface of the built-up in the urban centre classified as residential prevalent 3-7 floors.
GH_BUT_S13_XXXX,Built-up surface in residential prevalent >8 floors built-up,m2,"Pesaresi M., Politis P. (2023): GHS-BUILT-S R2023A - GHS built-up surface grid, derived from Sentinel2 composite and Landsat, multitemporal (1975-2030) European Commission, Joint Research Centre (JRC) PID:http://data.europa.eu/89h/9f06f36f-4b11-47ec-abb0-4f8b7b1d72ea, doi:10.2905/9F06F36F-4B11-47EC-ABB0-4F8B7B1D72EA Pesaresi, M., Schiavina, M., Politis, P., Freire, S., Krasnodębska, K., Uhl, J. H., … Kemper, T. (2024). Advances on the Global Human Settlement Layer by joint assessment of Earth Observation and population survey data. International Journal of Digital Earth, 17(1). https://doi.org/10.1080/17538947.2024.2390454",Built-up surface of the built-up in the urban centre classified as residential prevalent >8 floors.
GH_BUT_S21_XXXX,Built-up surface in non-residential prevalent 1-2 floors built-up,m2,"Pesaresi M., Politis P. (2023): GHS-BUILT-S R2023A - GHS built-up surface grid, derived from Sentinel2 composite and Landsat, multitemporal (1975-2030) European Commission, Joint Research Centre (JRC) PID:http://data.europa.eu/89h/9f06f36f-4b11-47ec-abb0-4f8b7b1d72ea, doi:10.2905/9F06F36F-4B11-47EC-ABB0-4F8B7B1D72EA Pesaresi, M., Schiavina, M., Politis, P., Freire, S., Krasnodębska, K., Uhl, J. H., … Kemper, T. (2024). Advances on the Global Human Settlement Layer by joint assessment of Earth Observation and population survey data. International Journal of Digital Earth, 17(1). https://doi.org/10.1080/17538947.2024.2390454",Built-up surface of the built-up in the urban centre classified as non-residential prevalent 1-2 floors.
GH_BUT_S22_XXXX,Built-up surface in non-residential prevalent 3-7 floors built-up,m2,"Pesaresi M., Politis P. (2023): GHS-BUILT-S R2023A - GHS built-up surface grid, derived from Sentinel2 composite and Landsat, multitemporal (1975-2030) European Commission, Joint Research Centre (JRC) PID:http://data.europa.eu/89h/9f06f36f-4b11-47ec-abb0-4f8b7b1d72ea, doi:10.2905/9F06F36F-4B11-47EC-ABB0-4F8B7B1D72EA Pesaresi, M., Schiavina, M., Politis, P., Freire, S., Krasnodębska, K., Uhl, J. H., … Kemper, T. (2024). Advances on the Global Human Settlement Layer by joint assessment of Earth Observation and population survey data. International Journal of Digital Earth, 17(1). https://doi.org/10.1080/17538947.2024.2390454",Built-up surface of the built-up in the urban centre classified as non-residential prevalent 3-7 floors.
GH_BUT_S23_XXXX,Built-up surface in non-residential prevalent >8 floors built-up,m2,"Pesaresi M., Politis P. (2023): GHS-BUILT-S R2023A - GHS built-up surface grid, derived from Sentinel2 composite and Landsat, multitemporal (1975-2030) European Commission, Joint Research Centre (JRC) PID:http://data.europa.eu/89h/9f06f36f-4b11-47ec-abb0-4f8b7b1d72ea, doi:10.2905/9F06F36F-4B11-47EC-ABB0-4F8B7B1D72EA Pesaresi, M., Schiavina, M., Politis, P., Freire, S., Krasnodębska, K., Uhl, J. H., … Kemper, T. (2024). Advances on the Global Human Settlement Layer by joint assessment of Earth Observation and population survey data. International Journal of Digital Earth, 17(1). https://doi.org/10.1080/17538947.2024.2390454",Built-up surface of the built-up in the urban centre classified as non-residential prevalent >8 floors.
GH_BUT_V11_XXXX,Built-up volume in residential prevalent 1-2 floors built-up,m3,"Pesaresi M., Politis P. (2023): GHS-BUILT-V R2023A - GHS built-up volume grids derived from joint assessment of Sentinel2, Landsat, and global DEM data, multitemporal (1975-2030).European Commission, Joint Research Centre (JRC) PID: http://data.europa.eu/89h/ab2f107a-03cd-47a3-85e5-139d8ec63283, doi:10.2905/AB2F107A-03CD-47A3-85E5-139D8EC63283 Pesaresi, M., Schiavina, M., Politis, P., Freire, S., Krasnodębska, K., Uhl, J. H., … Kemper, T. (2024). Advances on the Global Human Settlement Layer by joint assessment of Earth Observation and population survey data. International Journal of Digital Earth, 17(1). https://doi.org/10.1080/17538947.2024.2390454",Built-up volume of the built-up in the urban centre classified as residential prevalent 1-2 floors.
GH_BUT_V12_XXXX,Built-up volume in residential prevalent 3-7 floors built-up,m3,"Pesaresi M., Politis P. (2023): GHS-BUILT-V R2023A - GHS built-up volume grids derived from joint assessment of Sentinel2, Landsat, and global DEM data, multitemporal (1975-2030).European Commission, Joint Research Centre (JRC) PID: http://data.europa.eu/89h/ab2f107a-03cd-47a3-85e5-139d8ec63283, doi:10.2905/AB2F107A-03CD-47A3-85E5-139D8EC63283 Pesaresi, M., Schiavina, M., Politis, P., Freire, S., Krasnodębska, K., Uhl, J. H., … Kemper, T. (2024). Advances on the Global Human Settlement Layer by joint assessment of Earth Observation and population survey data. International Journal of Digital Earth, 17(1). https://doi.org/10.1080/17538947.2024.2390454",Built-up volume of the built-up in the urban centre classified as residential prevalent 3-7 floors.
GH_BUT_V13_XXXX,Built-up volume in residential prevalent >8 floors built-up,m3,"Pesaresi M., Politis P. (2023): GHS-BUILT-V R2023A - GHS built-up volume grids derived from joint assessment of Sentinel2, Landsat, and global DEM data, multitemporal (1975-2030).European Commission, Joint Research Centre (JRC) PID: http://data.europa.eu/89h/ab2f107a-03cd-47a3-85e5-139d8ec63283, doi:10.2905/AB2F107A-03CD-47A3-85E5-139D8EC63283 Pesaresi, M., Schiavina, M., Politis, P., Freire, S., Krasnodębska, K., Uhl, J. H., … Kemper, T. (2024). Advances on the Global Human Settlement Layer by joint assessment of Earth Observation and population survey data. International Journal of Digital Earth, 17(1). https://doi.org/10.1080/17538947.2024.2390454",Built-up volume of the built-up in the urban centre classified as residential prevalent >8 floors.
GH_BUT_V21_XXXX,Built-up volume in non-residential prevalent 1-2 floors built-up,m3,"Pesaresi M., Politis P. (2023): GHS-BUILT-V R2023A - GHS built-up volume grids derived from joint assessment of Sentinel2, Landsat, and global DEM data, multitemporal (1975-2030).European Commission, Joint Research Centre (JRC) PID: http://data.europa.eu/89h/ab2f107a-03cd-47a3-85e5-139d8ec63283, doi:10.2905/AB2F107A-03CD-47A3-85E5-139D8EC63283 Pesaresi, M., Schiavina, M., Politis, P., Freire, S., Krasnodębska, K., Uhl, J. H., … Kemper, T. (2024). Advances on the Global Human Settlement Layer by joint assessment of Earth Observation and population survey data. International Journal of Digital Earth, 17(1). https://doi.org/10.1080/17538947.2024.2390454",Built-up volume of the built-up in the urban centre classified as non-residential prevalent 1-2 floors.
GH_BUT_V22_XXXX,Built-up volume in non-residential prevalent 3-7 floors built-up,m3,"Pesaresi M., Politis P. (2023): GHS-BUILT-V R2023A - GHS built-up volume grids derived from joint assessment of Sentinel2, Landsat, and global DEM data, multitemporal (1975-2030).European Commission, Joint Research Centre (JRC) PID: http://data.europa.eu/89h/ab2f107a-03cd-47a3-85e5-139d8ec63283, doi:10.2905/AB2F107A-03CD-47A3-85E5-139D8EC63283 Pesaresi, M., Schiavina, M., Politis, P., Freire, S., Krasnodębska, K., Uhl, J. H., … Kemper, T. (2024). Advances on the Global Human Settlement Layer by joint assessment of Earth Observation and population survey data. International Journal of Digital Earth, 17(1). https://doi.org/10.1080/17538947.2024.2390454",Built-up volume of the built-up in the urban centre classified as non-residential prevalent 3-7 floors.
GH_BUT_V23_XXXX,Built-up volume in non-residential prevalent >8 floors built-up,m3,"Pesaresi M., Politis P. (2023): GHS-BUILT-V R2023A - GHS built-up volume grids derived from joint assessment of Sentinel2, Landsat, and global DEM data, multitemporal (1975-2030).European Commission, Joint Research Centre (JRC) PID: http://data.europa.eu/89h/ab2f107a-03cd-47a3-85e5-139d8ec63283, doi:10.2905/AB2F107A-03CD-47A3-85E5-139D8EC63283 Pesaresi, M., Schiavina, M., Politis, P., Freire, S., Krasnodębska, K., Uhl, J. H., … Kemper, T. (2024). Advances on the Global Human Settlement Layer by joint assessment of Earth Observation and population survey data. International Journal of Digital Earth, 17(1). https://doi.org/10.1080/17538947.2024.2390454",Built-up volume of the built-up in the urban centre classified as non-residential prevalent >8 floors.
GH_AGE_S75_XXXX,Share of BU surface in temporal dominant before 1975,%,"Pesaresi M., Politis P. (2023): GHS-BUILT-S R2023A - GHS built-up surface grid, derived from Sentinel2 composite and Landsat, multitemporal (1975-2030). European Commission, Joint Research Centre (JRC) PID: http://data.europa.eu/89h/9f06f36f-4b11-47ec-abb0-4f8b7b1d72ea, doi:10.2905/9F06F36F-4B11-47EC-ABB0-4F8B7B1D72EA UHL, J.H., POLITIS, P. and PESARESI, M., GHS-AGE: Global gridded estimates of the dominant age of the built stock (1975-2020), Publications Office of the European Union, Luxembourg, 2025, https://data.europa.eu/doi/10.2760/6443992, JRC141711. Uhl, J.H., Pesaresi, M., Politis, P., Krasnodębska, K., Florio, P., Kemper, T. (2024). GHS-AGE: Characterizing settlement age at planetary scale using the Global Human Settlement Layer (forthcoming).",Share of the built-up surface in the urban centre classified as built-up before 1975 over total built-up in the urban centre.
GH_AGE_S85_XXXX,Share of BU surface in temporal dominant between 1975 and 1985,%,"Pesaresi M., Politis P. (2023): GHS-BUILT-S R2023A - GHS built-up surface grid, derived from Sentinel2 composite and Landsat, multitemporal (1975-2030). European Commission, Joint Research Centre (JRC) PID: http://data.europa.eu/89h/9f06f36f-4b11-47ec-abb0-4f8b7b1d72ea, doi:10.2905/9F06F36F-4B11-47EC-ABB0-4F8B7B1D72EA UHL, J.H., POLITIS, P. and PESARESI, M., GHS-AGE: Global gridded estimates of the dominant age of the built stock (1975-2020), Publications Office of the European Union, Luxembourg, 2025, https://data.europa.eu/doi/10.2760/6443992, JRC141711. Uhl, J.H., Pesaresi, M., Politis, P., Krasnodębska, K., Florio, P., Kemper, T. (2024). GHS-AGE: Characterizing settlement age at planetary scale using the Global Human Settlement Layer (forthcoming).",Share of the built-up surface in the urban centre classified as built-up between 1975 and 1985 over total built-up in the urban centre.
GH_AGE_S95_XXXX,Share of BU surface in temporal dominant between 1985 and 1995,%,"Pesaresi M., Politis P. (2023): GHS-BUILT-S R2023A - GHS built-up surface grid, derived from Sentinel2 composite and Landsat, multitemporal (1975-2030). European Commission, Joint Research Centre (JRC) PID: http://data.europa.eu/89h/9f06f36f-4b11-47ec-abb0-4f8b7b1d72ea, doi:10.2905/9F06F36F-4B11-47EC-ABB0-4F8B7B1D72EA UHL, J.H., POLITIS, P. and PESARESI, M., GHS-AGE: Global gridded estimates of the dominant age of the built stock (1975-2020), Publications Office of the European Union, Luxembourg, 2025, https://data.europa.eu/doi/10.2760/6443992, JRC141711. Uhl, J.H., Pesaresi, M., Politis, P., Krasnodębska, K., Florio, P., Kemper, T. (2024). GHS-AGE: Characterizing settlement age at planetary scale using the Global Human Settlement Layer (forthcoming).",Share of the built-up surface in the urban centre classified as built-up between 1985 and 1995 over total built-up in the urban centre.
GH_AGE_S05_XXXX,Share of BU surface in temporal dominant between 1995 and 2005,%,"Pesaresi M., Politis P. (2023): GHS-BUILT-S R2023A - GHS built-up surface grid, derived from Sentinel2 composite and Landsat, multitemporal (1975-2030). European Commission, Joint Research Centre (JRC) PID: http://data.europa.eu/89h/9f06f36f-4b11-47ec-abb0-4f8b7b1d72ea, doi:10.2905/9F06F36F-4B11-47EC-ABB0-4F8B7B1D72EA UHL, J.H., POLITIS, P. and PESARESI, M., GHS-AGE: Global gridded estimates of the dominant age of the built stock (1975-2020), Publications Office of the European Union, Luxembourg, 2025, https://data.europa.eu/doi/10.2760/6443992, JRC141711. Uhl, J.H., Pesaresi, M., Politis, P., Krasnodębska, K., Florio, P., Kemper, T. (2024). GHS-AGE: Characterizing settlement age at planetary scale using the Global Human Settlement Layer (forthcoming).",Share of the built-up surface in the urban centre classified as built-up between 1995 and 2005 over total built-up in the urban centre.
GH_AGE_S15_XXXX,Share of BU surface in temporal dominant between 2005 and 2015,%,"Pesaresi M., Politis P. (2023): GHS-BUILT-S R2023A - GHS built-up surface grid, derived from Sentinel2 composite and Landsat, multitemporal (1975-2030). European Commission, Joint Research Centre (JRC) PID: http://data.europa.eu/89h/9f06f36f-4b11-47ec-abb0-4f8b7b1d72ea, doi:10.2905/9F06F36F-4B11-47EC-ABB0-4F8B7B1D72EA UHL, J.H., POLITIS, P. and PESARESI, M., GHS-AGE: Global gridded estimates of the dominant age of the built stock (1975-2020), Publications Office of the European Union, Luxembourg, 2025, https://data.europa.eu/doi/10.2760/6443992, JRC141711. Uhl, J.H., Pesaresi, M., Politis, P., Krasnodębska, K., Florio, P., Kemper, T. (2024). GHS-AGE: Characterizing settlement age at planetary scale using the Global Human Settlement Layer (forthcoming).",Share of the built-up surface in the urban centre classified as built-up between 2005 and 2015 over total built-up in the urban centre.
GH_AGE_S25_XXXX,Share of BU surface in temporal dominant between 2015 and 2025,%,"Pesaresi M., Politis P. (2023): GHS-BUILT-S R2023A - GHS built-up surface grid, derived from Sentinel2 composite and Landsat, multitemporal (1975-2030). European Commission, Joint Research Centre (JRC) PID: http://data.europa.eu/89h/9f06f36f-4b11-47ec-abb0-4f8b7b1d72ea, doi:10.2905/9F06F36F-4B11-47EC-ABB0-4F8B7B1D72EA UHL, J.H., POLITIS, P. and PESARESI, M., GHS-AGE: Global gridded estimates of the dominant age of the built stock (1975-2020), Publications Office of the European Union, Luxembourg, 2025, https://data.europa.eu/doi/10.2760/6443992, JRC141711. Uhl, J.H., Pesaresi, M., Politis, P., Krasnodębska, K., Florio, P., Kemper, T. (2024). GHS-AGE: Characterizing settlement age at planetary scale using the Global Human Settlement Layer (forthcoming).",Share of the built-up surface in the urban centre classified as built-up between 2015 and 2025 over total built-up in the urban centre.
GH_XST_S11_XXXX,Built-up surface within the Degree of Urbanisation Classification class 11 (very low density),m2,"Pesaresi M., Politis P. (2023): GHS-BUILT-S R2023A - GHS built-up surface grid, derived from Sentinel2 composite and Landsat, multitemporal (1975-2030) European Commission, Joint Research Centre (JRC) PID: http://data.europa.eu/89h/9f06f36f-4b11-47ec-abb0-4f8b7b1d72ea, doi:10.2905/9F06F36F-4B11-47EC-ABB0-4F8B7B1D72EA Schiavina M., Melchiorri M., Pesaresi M. (2023): GHS-SMOD R2023A - GHS settlement layers, application of the Degree of Urbanisation methodology (stage I) to GHS-POP R2023A and GHS-BUILT-S R2023A, multitemporal (1975- 2030). European Commission, Joint Research Centre (JRC) PID: http://data.europa.eu/89h/a0df7a6f-49de-46ea-9bde-563437a6e2ba, doi:10.2905/A0DF7A6F-49DE-46EA-9BDE-563437A6E2BA",Built-up surface in cells classified as very low density (DoU class 11) within the urban centre boundary.
GH_XST_S12_XXXX,Built-up surface within the Degree of Urbanisation Classification class 12 (low density rural),m2,"Pesaresi M., Politis P. (2023): GHS-BUILT-S R2023A - GHS built-up surface grid, derived from Sentinel2 composite and Landsat, multitemporal (1975-2030) European Commission, Joint Research Centre (JRC) PID: http://data.europa.eu/89h/9f06f36f-4b11-47ec-abb0-4f8b7b1d72ea, doi:10.2905/9F06F36F-4B11-47EC-ABB0-4F8B7B1D72EA Schiavina M., Melchiorri M., Pesaresi M. (2023): GHS-SMOD R2023A - GHS settlement layers, application of the Degree of Urbanisation methodology (stage I) to GHS-POP R2023A and GHS-BUILT-S R2023A, multitemporal (1975- 2030). European Commission, Joint Research Centre (JRC) PID: http://data.europa.eu/89h/a0df7a6f-49de-46ea-9bde-563437a6e2ba, doi:10.2905/A0DF7A6F-49DE-46EA-9BDE-563437A6E2BA",Built-up surface in cells classified as low density rural (DoU class 12) within the urban centre boundary.
GH_XST_S13_XXXX,Built-up surface within the Degree of Urbanisation Classification class 13 (rural cluster),m2,"Pesaresi M., Politis P. (2023): GHS-BUILT-S R2023A - GHS built-up surface grid, derived from Sentinel2 composite and Landsat, multitemporal (1975-2030) European Commission, Joint Research Centre (JRC) PID: http://data.europa.eu/89h/9f06f36f-4b11-47ec-abb0-4f8b7b1d72ea, doi:10.2905/9F06F36F-4B11-47EC-ABB0-4F8B7B1D72EA Schiavina M., Melchiorri M., Pesaresi M. (2023): GHS-SMOD R2023A - GHS settlement layers, application of the Degree of Urbanisation methodology (stage I) to GHS-POP R2023A and GHS-BUILT-S R2023A, multitemporal (1975- 2030). European Commission, Joint Research Centre (JRC) PID: http://data.europa.eu/89h/a0df7a6f-49de-46ea-9bde-563437a6e2ba, doi:10.2905/A0DF7A6F-49DE-46EA-9BDE-563437A6E2BA",Built-up surface in cells classified as rural cluster (DoU class 13) within the urban centre boundary.
GH_XST_S21_XXXX,Built-up surface within the Degree of Urbanisation Classification class 21 (suburban),m2,"Pesaresi M., Politis P. (2023): GHS-BUILT-S R2023A - GHS built-up surface grid, derived from Sentinel2 composite and Landsat, multitemporal (1975-2030) European Commission, Joint Research Centre (JRC) PID: http://data.europa.eu/89h/9f06f36f-4b11-47ec-abb0-4f8b7b1d72ea, doi:10.2905/9F06F36F-4B11-47EC-ABB0-4F8B7B1D72EA Schiavina M., Melchiorri M., Pesaresi M. (2023): GHS-SMOD R2023A - GHS settlement layers, application of the Degree of Urbanisation methodology (stage I) to GHS-POP R2023A and GHS-BUILT-S R2023A, multitemporal (1975- 2030). European Commission, Joint Research Centre (JRC) PID: http://data.europa.eu/89h/a0df7a6f-49de-46ea-9bde-563437a6e2ba, doi:10.2905/A0DF7A6F-49DE-46EA-9BDE-563437A6E2BA",Built-up surface in cells classified as suburban (DoU class 21) within the urban centre boundary.
GH_XST_S22_XXXX,Built-up surface within the Degree of Urbanisation Classification class 22 (semi dense urban cluster),m2,"Pesaresi M., Politis P. (2023): GHS-BUILT-S R2023A - GHS built-up surface grid, derived from Sentinel2 composite and Landsat, multitemporal (1975-2030) European Commission, Joint Research Centre (JRC) PID: http://data.europa.eu/89h/9f06f36f-4b11-47ec-abb0-4f8b7b1d72ea, doi:10.2905/9F06F36F-4B11-47EC-ABB0-4F8B7B1D72EA Schiavina M., Melchiorri M., Pesaresi M. (2023): GHS-SMOD R2023A - GHS settlement layers, application of the Degree of Urbanisation methodology (stage I) to GHS-POP R2023A and GHS- BUILT-S R2023A, multitemporal (1975-2030). European Commission, Joint Research Centre (JRC) PID: http://data.europa.eu/89h/a0df7a6f-49de-46ea-9bde-563437a6e2ba, doi:10.2905/A0DF7A6F-49DE-46EA-9BDE-563437A6E2BA",Built-up surface in cells classified as semi dense urban cluster (DoU class 22) within the urban centre boundary.
GH_XST_S23_XXXX,Built-up surface within the Degree of Urbanisation Classification class 23 (dense urban cluster),m2,"Pesaresi M., Politis P. (2023): GHS-BUILT-S R2023A - GHS built-up surface grid, derived from Sentinel2 composite and Landsat, multitemporal (1975-2030) European Commission, Joint Research Centre (JRC) PID: http://data.europa.eu/89h/9f06f36f-4b11-47ec-abb0-4f8b7b1d72ea, doi:10.2905/9F06F36F-4B11-47EC-ABB0-4F8B7B1D72EA Schiavina M., Melchiorri M., Pesaresi M. (2023): GHS-SMOD R2023A - GHS settlement layers, application of the Degree of Urbanisation methodology (stage I) to GHS-POP R2023A and GHS- BUILT-S R2023A, multitemporal (1975-2030). European Commission, Joint Research Centre (JRC) PID: http://data.europa.eu/89h/a0df7a6f-49de-46ea-9bde-563437a6e2ba, doi:10.2905/A0DF7A6F-49DE-46EA-9BDE-563437A6E2BA",Built-up surface in cells classified as dense urban cluster (DoU class 23) within the urban centre boundary.
GH_XST_S30_XXXX,Built-up surface within the Degree of Urbanisation Classification class 30 (urban centre),m2,"Pesaresi M., Politis P. (2023): GHS-BUILT-S R2023A - GHS built-up surface grid, derived from Sentinel2 composite and Landsat, multitemporal (1975-2030) European Commission, Joint Research Centre (JRC) PID: http://data.europa.eu/89h/9f06f36f-4b11-47ec-abb0-4f8b7b1d72ea, doi:10.2905/9F06F36F-4B11-47EC-ABB0-4F8B7B1D72EA Schiavina M., Melchiorri M., Pesaresi M. (2023): GHS-SMOD R2023A - GHS settlement layers, application of the Degree of Urbanisation methodology (stage I) to GHS-POP R2023A and GHS- BUILT-S R2023A, multitemporal (1975-2030). European Commission, Joint Research Centre (JRC) PID: http://data.europa.eu/89h/a0df7a6f-49de-46ea-9bde-563437a6e2ba, doi:10.2905/A0DF7A6F-49DE-46EA-9BDE-563437A6E2BA",Built-up surface in cells classified as urban centre (DoU class 30) within the urban centre boundary.
GH_XST_V11_XXXX,Built-up volume within the Degree of Urbanisation Classification class 11 (very low density),m3,"Pesaresi M., Politis P. (2023): GHS-BUILT-V R2023A - GHS built-up volume grids derived from joint assessment of Sentinel2, Landsat, and global DEM data, multitemporal (1975-2030).European Commission, Joint Research Centre (JRC) PID: http://data.europa.eu/89h/ab2f107a-03cd-47a3-85e5-139d8ec63283, doi:10.2905/AB2F107A-03CD-47A3-85E5-139D8EC63283 Schiavina M., Melchiorri M., Pesaresi M. (2023): GHS-SMOD R2023A - GHS settlement layers, application of the Degree of Urbanisation methodology (stage I) to GHS-POP R2023A and GHS-BUILT-S R2023A, multitemporal (1975- 2030). European Commission, Joint Research Centre (JRC) PID: http://data.europa.eu/89h/a0df7a6f-49de-46ea-9bde-563437a6e2ba, doi:10.2905/A0DF7A6F-49DE-46EA-9BDE-563437A6E2BA",Built-up volume in cells classified as very low density (DoU class 11) within the urban centre boundary.
GH_XST_V12_XXXX,Built-up volume within the Degree of Urbanisation Classification class 12 (low density rural),m2,"Pesaresi M., Politis P. (2023): GHS-BUILT-V R2023A - GHS built-up volume grids derived from joint assessment of Sentinel2, Landsat, and global DEM data, multitemporal (1975- 2030).European Commission, Joint Research Centre (JRC) PID: http://data.europa.eu/89h/ab2f107a-03cd-47a3-85e5-139d8ec63283, doi:10.2905/AB2F107A-03CD-47A3-85E5-139D8EC63283 Schiavina M., Melchiorri M., Pesaresi M. (2023): GHS-SMOD R2023A - GHS settlement layers, application of the Degree of Urbanisation methodology (stage I) to GHS-POP R2023A and GHS- BUILT-S R2023A, multitemporal (1975-2030). European Commission, Joint Research Centre (JRC) PID: http://data.europa.eu/89h/a0df7a6f-49de-46ea-9bde-563437a6e2ba, doi:10.2905/A0DF7A6F-49DE-46EA-9BDE-563437A6E2BA",Built-up volume in cells classified as low density rural (DoU class 12) within the urban centre boundary.
GH_XST_V13_XXXX,Built-up volume within the Degree of Urbanisation Classification class 13 (rural cluster),m3,"Pesaresi M., Politis P. (2023): GHS-BUILT-V R2023A - GHS built-up volume grids derived from joint assessment of Sentinel2, Landsat, and global DEM data, multitemporal (1975- 2030).European Commission, Joint Research Centre (JRC) PID: http://data.europa.eu/89h/ab2f107a-03cd-47a3-85e5-139d8ec63283, doi:10.2905/AB2F107A-03CD-47A3-85E5-139D8EC63283 Schiavina M., Melchiorri M., Pesaresi M. (2023): GHS-SMOD R2023A - GHS settlement layers, application of the Degree of Urbanisation methodology (stage I) to GHS-POP R2023A and GHS- BUILT-S R2023A, multitemporal (1975-2030). European Commission, Joint Research Centre (JRC) PID: http://data.europa.eu/89h/a0df7a6f-49de-46ea-9bde-563437a6e2ba, doi:10.2905/A0DF7A6F-49DE-46EA-9BDE-563437A6E2BA",Built-up volume in cells classified as rural cluster (DoU class 13) within the urban centre boundary.
GH_XST_V21_XXXX,Built-up volume within the Degree of Urbanisation Classification class 21 (suburban),m3,"Pesaresi M., Politis P. (2023): GHS-BUILT-V R2023A - GHS built-up volume grids derived from joint assessment of Sentinel2, Landsat, and global DEM data, multitemporal (1975- 2030).European Commission, Joint Research Centre (JRC) PID: http://data.europa.eu/89h/ab2f107a-03cd-47a3-85e5-139d8ec63283, doi:10.2905/AB2F107A-03CD-47A3-85E5-139D8EC63283 Schiavina M., Melchiorri M., Pesaresi M. (2023): GHS-SMOD R2023A - GHS settlement layers, application of the Degree of Urbanisation methodology (stage I) to GHS-POP R2023A and GHS-BUILT-S R2023A, multitemporal (1975- 2030). European Commission, Joint Research Centre (JRC) PID: http://data.europa.eu/89h/a0df7a6f-49de-46ea-9bde-563437a6e2ba, doi:10.2905/A0DF7A6F-49DE-46EA-9BDE-563437A6E2BA",Built-up volume in cells classified as suburban (DoU class 21) within the urban centre boundary.
GH_XST_V22_XXXX,Built-up volume within the Degree of Urbanisation Classification class 22 (semi dense urban cluster),m3,"Pesaresi M., Politis P. (2023): GHS-BUILT-V R2023A - GHS built-up volume grids derived from joint assessment of Sentinel2, Landsat, and global DEM data, multitemporal (1975- 2030).European Commission, Joint Research Centre (JRC) PID: http://data.europa.eu/89h/ab2f107a-03cd-47a3-85e5-139d8ec63283, doi:10.2905/AB2F107A-03CD-47A3-85E5-139D8EC63283 Schiavina M., Melchiorri M., Pesaresi M. (2023): GHS-SMOD R2023A - GHS settlement layers, application of the Degree of Urbanisation methodology (stage I) to GHS-POP R2023A and GHS- BUILT-S R2023A, multitemporal (1975-2030). European Commission, Joint Research Centre (JRC) PID: http://data.europa.eu/89h/a0df7a6f-49de-46ea-9bde-563437a6e2ba, doi:10.2905/A0DF7A6F-49DE-46EA-9BDE-563437A6E2BA",Built-up volume in cells classified as semi dense urban cluster (DoU class 22) within the urban centre boundary.
GH_XST_V23_XXXX,Built-up volume within the Degree of Urbanisation Classification class 23 (dense urban cluster),m3,"Pesaresi M., Politis P. (2023):GHS-BUILT-V R2023A - GHS built-up volume grids derived from joint assessment of Sentinel2, Landsat, and global DEM data, multitemporal (1975-2030).European Commission, Joint Research Centre (JRC) PID: http://data.europa.eu/89h/ab2f107a-03cd-47a3-85e5-139d8ec63283, doi:10.2905/AB2F107A-03CD-47A3-85E5-139D8EC63283 Schiavina M., Melchiorri M., Pesaresi M. (2023): GHS-SMOD R2023A - GHS settlement layers, application of the Degree of Urbanisation methodology (stage I) to GHS-POP R2023A and GHS- BUILT-S R2023A, multitemporal (1975-2030). European Commission, Joint Research Centre (JRC) PID: http://data.europa.eu/89h/a0df7a6f-49de-46ea-9bde-563437a6e2ba, doi:10.2905/A0DF7A6F-49DE-46EA-9BDE-563437A6E2BA",Built-up volume in cells classified as dense urban cluster (DoU class 23) within the urban centre boundary.
GH_XST_V30_XXXX,Built-up volume within the Degree of Urbanisation Classification class 30 (urban centre),m3,"Pesaresi M., Politis P. (2023): GHS-BUILT-V R2023A - GHS built-up volume grids derived from joint assessment of Sentinel2, Landsat, and global DEM data, multitemporal (1975-2030).European Commission, Joint Research Centre (JRC) PID: http://data.europa.eu/89h/ab2f107a-03cd-47a3-85e5-139d8ec63283, doi:10.2905/AB2F107A-03CD-47A3-85E5-139D8EC63283 Schiavina M., Melchiorri M., Pesaresi M. (2023): GHS-SMOD R2023A - GHS settlement layers, application of the Degree of Urbanisation methodology (stage I) to GHS-POP R2023A and GHS-BUILT-S R2023A, multitemporal (1975- 2030). European Commission, Joint Research Centre (JRC) PID: http://data.europa.eu/89h/a0df7a6f-49de-46ea-9bde-563437a6e2ba, doi:10.2905/A0DF7A6F-49DE-46EA-9BDE-563437A6E2BA",Built-up volume in cells classified as urban centre (DoU class 30) within the urban centre boundary.
GH_XST_A11_XXXX,Area within the Degree of Urbanisation Classification class 11 (very low density),km2,"Schiavina M., Melchiorri M., Pesaresi M. (2023): GHS-SMOD R2023A - GHS settlement layers, application of the Degree of Urbanisation methodology (stage I) to GHS-POP R2023A and GHS-BUILT-S R2023A, multitemporal (1975- 2030). European Commission, Joint Research Centre (JRC) PID: http://data.europa.eu/89h/a0df7a6f-49de-46ea-9bde-563437a6e2ba, doi:10.2905/A0DF7A6F-49DE-46EA-9BDE-563437A6E2BA",Area of the cells classified as very low density (DoU class 11) within the urban centre boundary.
GH_XST_A12_XXXX,Area within the Degree of Urbanisation Classification class 12 (low density rural),km2,"Schiavina M., Melchiorri M., Pesaresi M. (2023): GHS-SMOD R2023A - GHS settlement layers, application of the Degree of Urbanisation methodology (stage I) to GHS-POP R2023A and GHS-BUILT-S R2023A, multitemporal (1975- 2030). European Commission, Joint Research Centre (JRC) PID: http://data.europa.eu/89h/a0df7a6f-49de-46ea-9bde-563437a6e2ba, doi:10.2905/A0DF7A6F-49DE-46EA-9BDE-563437A6E2BA",Area of the cells classified as low density rural (DoU class 12) within the urban centre boundary.
GH_XST_A13_XXXX,Area within the Degree of Urbanisation Classification class 13 (rural cluster),km2,"Schiavina M., Melchiorri M., Pesaresi M. (2023): GHS-SMOD R2023A - GHS settlement layers, application of the Degree of Urbanisation methodology (stage I) to GHS-POP R2023A and GHS-BUILT-S R2023A, multitemporal (1975- 2030). European Commission, Joint Research Centre (JRC) PID: http://data.europa.eu/89h/a0df7a6f-49de-46ea-9bde-563437a6e2ba, doi:10.2905/A0DF7A6F-49DE-46EA-9BDE-563437A6E2BA",Area of the cells classified as rural cluster (DoU class 13) within the urban centre boundary.
GH_XST_A21_XXXX,Area within the Degree of Urbanisation Classification class 21 (suburban),km2,"Schiavina M., Melchiorri M., Pesaresi M. (2023): GHS-SMOD R2023A - GHS settlement layers, application of the Degree of Urbanisation methodology (stage I) to GHS-POP R2023A and GHS-BUILT-S R2023A, multitemporal (1975- 2030). European Commission, Joint Research Centre (JRC) PID: http://data.europa.eu/89h/a0df7a6f-49de-46ea-9bde-563437a6e2ba, doi:10.2905/A0DF7A6F-49DE-46EA-9BDE-563437A6E2BA",Area of the cells classified as suburban (DoU class 21) within the urban centre boundary.
GH_XST_A22_XXXX,Area within the Degree of Urbanisation Classification class 22 (semi dense urban cluster),km2,"Schiavina M., Melchiorri M., Pesaresi M. (2023): GHS-SMOD R2023A - GHS settlement layers, application of the Degree of Urbanisation methodology (stage I) to GHS-POP R2023A and GHS-BUILT-S R2023A, multitemporal (1975- 2030). European Commission, Joint Research Centre (JRC) PID: http://data.europa.eu/89h/a0df7a6f-49de-46ea-9bde-563437a6e2ba, doi:10.2905/A0DF7A6F-49DE-46EA-9BDE-563437A6E2BA",Area of the cells classified as semi dense urban cluster (DoU class 22) within the urban centre boundary.
GH_XST_A23_XXXX,Area within the Degree of Urbanisation Classification class 23 (dense urban cluster),km2,"Schiavina M., Melchiorri M., Pesaresi M. (2023): GHS-SMOD R2023A - GHS settlement layers, application of the Degree of Urbanisation methodology (stage I) to GHS-POP R2023A and GHS-BUILT-S R2023A, multitemporal (1975- 2030). European Commission, Joint Research Centre (JRC) PID: http://data.europa.eu/89h/a0df7a6f-49de-46ea-9bde-563437a6e2ba, doi:10.2905/A0DF7A6F-49DE-46EA-9BDE-563437A6E2BA",Area of the cells classified as dense urban cluster (DoU class 23) within the urban centre boundary.
GH_XST_A30_XXXX,Area within the Degree of Urbanisation Classification class 30 (urban centre),km2,"Schiavina M., Melchiorri M., Pesaresi M. (2023): GHS-SMOD R2023A - GHS settlement layers, application of the Degree of Urbanisation methodology (stage I) to GHS-POP R2023A and GHS-BUILT-S R2023A, multitemporal (1975- 2030). European Commission, Joint Research Centre (JRC) PID: http://data.europa.eu/89h/a0df7a6f-49de-46ea-9bde-563437a6e2ba, doi:10.2905/A0DF7A6F-49DE-46EA-9BDE-563437A6E2BA",Area of the cells classified as urban centre (DoU class 30) within the urban centre boundary.
GH_XST_P11_XXXX,Population within the Degree of Urbanisation Classification class 11 (very low density),inhabitants,"Schiavina M., Freire S., Carioli A., MacManus K. (2023): GHS-POP R2023A - GHS population grid multitemporal (1975-2030).European Commission, Joint Research Centre (JRC) PID: http://data.europa.eu/89h/2ff68a52-5b5b-4a22-8f40-c41da8332cfe, doi:10.2905/2FF68A52-5B5B-4A22-8F40-C41DA8332CFE Schiavina M., Melchiorri M., Pesaresi M. (2023): GHS-SMOD R2023A - GHS settlement layers, application of the Degree of Urbanisation methodology (stage I) to GHS-POP R2023A and GHS-BUILT-S R2023A, multitemporal (1975- 2030). European Commission, Joint Research Centre (JRC) PID: http://data.europa.eu/89h/a0df7a6f-49de-46ea-9bde-563437a6e2ba, doi:10.2905/A0DF7A6F-49DE-46EA-9BDE-563437A6E2BA",Population in the cells classified as very low density (DoU class 11) within the urban centre boundary.
GH_XST_P12_XXXX,Population within the Degree of Urbanisation Classification class 12 (low density rural),inhabitants,"Schiavina M., Freire S., Carioli A., MacManus K. (2023): GHS-POP R2023A - GHS population grid multitemporal (1975-2030).European Commission, Joint Research Centre (JRC) PID: http://data.europa.eu/89h/2ff68a52-5b5b-4a22-8f40-c41da8332cfe, doi:10.2905/2FF68A52-5B5B-4A22-8F40-C41DA8332CFE Schiavina M., Melchiorri M., Pesaresi M. (2023): GHS-SMOD R2023A - GHS settlement layers, application of the Degree of Urbanisation methodology (stage I) to GHS-POP R2023A and GHS-BUILT-S R2023A, multitemporal (1975- 2030). European Commission, Joint Research Centre (JRC) PID: http://data.europa.eu/89h/a0df7a6f-49de-46ea-9bde-563437a6e2ba, doi:10.2905/A0DF7A6F-49DE-46EA-9BDE-563437A6E2BA",Population in the cells classified as low density rural (DoU class 12) within the urban centre boundary.
GH_XST_P13_XXXX,Population within the Degree of Urbanisation Classification class 13 (rural cluster),inhabitants,"Schiavina M., Freire S., Carioli A., MacManus K. (2023): GHS-POP R2023A - GHS population grid multitemporal (1975-2030).European Commission, Joint Research Centre (JRC) PID: http://data.europa.eu/89h/2ff68a52-5b5b-4a22-8f40-c41da8332cfe, doi:10.2905/2FF68A52-5B5B-4A22-8F40-C41DA8332CFE Schiavina M., Melchiorri M., Pesaresi M. (2023): GHS-SMOD R2023A - GHS settlement layers, application of the Degree of Urbanisation methodology (stage I) to GHS-POP R2023A and GHS-BUILT-S R2023A, multitemporal (1975- 2030). European Commission, Joint Research Centre (JRC) PID: http://data.europa.eu/89h/a0df7a6f-49de-46ea-9bde-563437a6e2ba, doi:10.2905/A0DF7A6F-49DE-46EA-9BDE-563437A6E2BA",Population in the cells classified as rural cluster (DoU class 13) within the urban centre boundary.
GH_XST_P21_XXXX,Population within the Degree of Urbanisation Classification class 21 (suburban),inhabitants,"Schiavina M., Freire S., Carioli A., MacManus K. (2023): GHS-POP R2023A - GHS population grid multitemporal (1975-2030).European Commission, Joint Research Centre (JRC) PID: http://data.europa.eu/89h/2ff68a52-5b5b-4a22-8f40-c41da8332cfe, doi:10.2905/2FF68A52-5B5B-4A22-8F40-C41DA8332CFE Schiavina M., Melchiorri M., Pesaresi M. (2023): GHS-SMOD R2023A - GHS settlement layers, application of the Degree of Urbanisation methodology (stage I) to GHS-POP R2023A and GHS-BUILT-S R2023A, multitemporal (1975- 2030). European Commission, Joint Research Centre (JRC) PID: http://data.europa.eu/89h/a0df7a6f-49de-46ea-9bde-563437a6e2ba, doi:10.2905/A0DF7A6F-49DE-46EA-9BDE-563437A6E2BA",Population in the cells classified as suburban (DoU class 21) within the urban centre boundary.
GH_XST_P22_XXXX,Population within the Degree of Urbanisation Classification class 22 (semi dense urban cluster),inhabitants,"Schiavina M., Freire S., Carioli A., MacManus K. (2023): GHS-POP R2023A - GHS population grid multitemporal (1975-2030).European Commission, Joint Research Centre (JRC) PID: http://data.europa.eu/89h/2ff68a52-5b5b-4a22-8f40-c41da8332cfe, doi:10.2905/2FF68A52-5B5B-4A22-8F40-C41DA8332CFE Schiavina M., Melchiorri M., Pesaresi M. (2023): GHS-SMOD R2023A - GHS settlement layers, application of the Degree of Urbanisation methodology (stage I) to GHS-POP R2023A and GHS- BUILT-S R2023A, multitemporal (1975-2030). European Commission, Joint Research Centre (JRC) PID: http://data.europa.eu/89h/a0df7a6f-49de-46ea-9bde-563437a6e2ba, doi:10.2905/A0DF7A6F-49DE-46EA-9BDE-563437A6E2BA",Population in the cells classified as semi dense urban cluster (DoU class 22) within the urban centre boundary.
GH_XST_P23_XXXX,Population within the Degree of Urbanisation Classification class 23 (dense urban cluster),inhabitants,"Schiavina M., Freire S., Carioli A., MacManus K. (2023): GHS-POP R2023A - GHS population grid multitemporal (1975-2030).European Commission, Joint Research Centre (JRC) PID: http://data.europa.eu/89h/2ff68a52-5b5b-4a22-8f40-c41da8332cfe, doi:10.2905/2FF68A52-5B5B-4A22-8F40-C41DA8332CFE Schiavina M., Melchiorri M., Pesaresi M. (2023): GHS-SMOD R2023A - GHS settlement layers, application of the Degree of Urbanisation methodology (stage I) to GHS-POP R2023A and GHS-BUILT-S R2023A, multitemporal (1975- 2030). European Commission, Joint Research Centre (JRC) PID: http://data.europa.eu/89h/a0df7a6f-49de-46ea-9bde-563437a6e2ba, doi:10.2905/A0DF7A6F-49DE-46EA-9BDE-563437A6E2BA",Population in the cells classified as dense urban cluster (DoU class 23) within the urban centre boundary.
GH_XST_P30_XXXX,Population,inhabitants,"Schiavina M., Freire S., Carioli A., MacManus K. (2023): GHS-POP R2023A - GHS population grid multitemporal (1975-2030).European Commission, Joint Research Centre (JRC) PID: http://data.europa.eu/89h/2ff68a52-5b5b-4a22-8f40-c41da8332cfe, doi:10.2905/2FF68A52-5B5B-4A22-8F40-C41DA8332CFE Schiavina M., Melchiorri M., Pesaresi M. (2023): GHS-SMOD R2023A - GHS settlement layers, application of the Degree of Urbanisation methodology (stage I) to GHS-POP R2023A and GHS-BUILT-S R2023A, multitemporal (1975- 2030). European Commission, Joint Research Centre (JRC) PID: http://data.europa.eu/89h/a0df7a6f-49de-46ea-9bde-563437a6e2ba, doi:10.2905/A0DF7A6F-49DE-46EA-9BDE-563437A6E2BA",Population in the cells classified as urban centre (DoU class 30) within the urban centre boundary.
GH_XST_D11_XXXX,Population density within the Degree of Urbanisation Classification class 11 (very low density),Inhabitants/km2,"Schiavina M., Freire S., Carioli A., MacManus K. (2023): GHS-POP R2023A - GHS population grid multitemporal (1975-2030).European Commission, Joint Research Centre (JRC) PID: http://data.europa.eu/89h/2ff68a52-5b5b-4a22-8f40-c41da8332cfe, doi:10.2905/2FF68A52-5B5B-4A22-8F40-C41DA8332CFE Schiavina M., Melchiorri M., Pesaresi M. (2023): GHS-SMOD R2023A - GHS settlement layers, application of the Degree of Urbanisation methodology (stage I) to GHS-POP R2023A and GHS-BUILT-S R2023A, multitemporal (1975- 2030). European Commission, Joint Research Centre (JRC) PID: http://data.europa.eu/89h/a0df7a6f-49de-46ea-9bde-563437a6e2ba, doi:10.2905/A0DF7A6F-49DE-46EA-9BDE-563437A6E2BA",Population density of the cells classified as very low density (DoU class 11) within the urban centre boundary.
GH_XST_D12_XXXX,Population density within the Degree of Urbanisation Classification class 12 (low density rural),Inhabitants/km2,"Schiavina M., Freire S., Carioli A., MacManus K. (2023): GHS-POP R2023A - GHS population grid multitemporal (1975-2030).European Commission, Joint Research Centre (JRC) PID: http://data.europa.eu/89h/2ff68a52-5b5b-4a22-8f40-c41da8332cfe, doi:10.2905/2FF68A52-5B5B-4A22-8F40-C41DA8332CFE Schiavina M., Melchiorri M., Pesaresi M. (2023): GHS-SMOD R2023A - GHS settlement layers, application of the Degree of Urbanisation methodology (stage I) to GHS-POP R2023A and GHS-BUILT-S R2023A, multitemporal (1975- 2030). European Commission, Joint Research Centre (JRC) PID: http://data.europa.eu/89h/a0df7a6f-49de-46ea-9bde-563437a6e2ba, doi:10.2905/A0DF7A6F-49DE-46EA-9BDE-563437A6E2BA",Population density of the cells classified as low density rural (DoU class 12) within the urban centre boundary.
GH_XST_P13_XXXX,Population density within the Degree of Urbanisation Classification class 13 (rural cluster),Inhabitants/km2,"Schiavina M., Freire S., Carioli A., MacManus K. (2023): GHS-POP R2023A - GHS population grid multitemporal (1975-2030).European Commission, Joint Research Centre (JRC) PID: http://data.europa.eu/89h/2ff68a52-5b5b-4a22-8f40-c41da8332cfe, doi:10.2905/2FF68A52-5B5B-4A22-8F40-C41DA8332CFE Schiavina M., Melchiorri M., Pesaresi M. (2023): GHS-SMOD R2023A - GHS settlement layers, application of the Degree of Urbanisation methodology (stage I) to GHS-POP R2023A and GHS- BUILT-S R2023A, multitemporal (1975-2030). European Commission, Joint Research Centre (JRC) PID: http://data.europa.eu/89h/a0df7a6f-49de-46ea-9bde-563437a6e2ba, doi:10.2905/A0DF7A6F-49DE-46EA-9BDE-563437A6E2BA",Population density of the cells classified as rural cluster (DoU class 13) within the urban centre boundary.
GH_XST_D21_XXXX,Population density within the Degree of Urbanisation Classification class 21 (suburban),Inhabitants/km2,"Schiavina M., Freire S., Carioli A., MacManus K. (2023): GHS-POP R2023A - GHS population grid multitemporal (1975-2030).European Commission, Joint Research Centre (JRC) PID: http://data.europa.eu/89h/2ff68a52-5b5b-4a22-8f40-c41da8332cfe, doi:10.2905/2FF68A52-5B5B-4A22-8F40-C41DA8332CFE Schiavina M., Melchiorri M., Pesaresi M. (2023): GHS-SMOD R2023A - GHS settlement layers, application of the Degree of Urbanisation methodology (stage I) to GHS-POP R2023A and GHS- BUILT-S R2023A, multitemporal (1975-2030). European Commission, Joint Research Centre (JRC) PID: http://data.europa.eu/89h/a0df7a6f-49de-46ea-9bde-563437a6e2ba, doi:10.2905/A0DF7A6F-49DE-46EA-9BDE-563437A6E2BA",Population density of the cells classified as suburban (DoU class 21) within the urban centre boundary.
GH_XST_D22_XXXX,Population density within the Degree of Urbanisation Classification class 22 (semi dense urban cluster),Inhabitants/km2,"Schiavina M., Freire S., Carioli A., MacManus K. (2023): GHS-POP R2023A - GHS population grid multitemporal (1975-2030).European Commission, Joint Research Centre (JRC) PID: http://data.europa.eu/89h/2ff68a52-5b5b-4a22-8f40-c41da8332cfe, doi:10.2905/2FF68A52-5B5B-4A22-8F40-C41DA8332CFE Schiavina M., Melchiorri M., Pesaresi M. (2023): GHS-SMOD R2023A - GHS settlement layers, application of the Degree of Urbanisation methodology (stage I) to GHS-POP R2023A and GHS-BUILT-S R2023A, multitemporal (1975- 2030). European Commission, Joint Research Centre (JRC) PID: http://data.europa.eu/89h/a0df7a6f-49de-46ea-9bde-563437a6e2ba, doi:10.2905/A0DF7A6F-49DE-46EA-9BDE-563437A6E2BA",Population density of the cells classified as semi dense urban cluster (DoU class 22) within the urban centre boundary.
GH_XST_D23_XXXX,Population density within the Degree of Urbanisation Classification class 23 (dense urban cluster),Inhabitants/km2,"Schiavina M., Freire S., Carioli A., MacManus K. (2023): GHS-POP R2023A - GHS population grid multitemporal (1975-2030).European Commission, Joint Research Centre (JRC) PID: http://data.europa.eu/89h/2ff68a52-5b5b-4a22-8f40-c41da8332cfe, doi:10.2905/2FF68A52-5B5B-4A22-8F40-C41DA8332CFE Schiavina M., Melchiorri M., Pesaresi M. (2023): GHS-SMOD R2023A - GHS settlement layers, application of the Degree of Urbanisation methodology (stage I) to GHS-POP R2023A and GHS- BUILT-S R2023A, multitemporal (1975-2030). European Commission, Joint Research Centre (JRC) PID: http://data.europa.eu/89h/a0df7a6f-49de-46ea-9bde-563437a6e2ba, doi:10.2905/A0DF7A6F-49DE-46EA-9BDE-563437A6E2BA",Population density of the cells classified as dense urban cluster (DoU class 23) within the urban centre boundary.
GH_XST_D30_XXXX,Population density,Inhabitants/km2,"Schiavina M., Freire S., Carioli A., MacManus K. (2023): GHS-POP R2023A - GHS population grid multitemporal (1975-2030).European Commission, Joint Research Centre (JRC) PID: http://data.europa.eu/89h/2ff68a52-5b5b-4a22-8f40-c41da8332cfe, doi:10.2905/2FF68A52-5B5B-4A22-8F40-C41DA8332CFE Schiavina M., Melchiorri M., Pesaresi M. (2023): GHS-SMOD R2023A - GHS settlement layers, application of the Degree of Urbanisation methodology (stage I) to GHS-POP R2023A and GHS-BUILT-S R2023A, multitemporal (1975- 2030). European Commission, Joint Research Centre (JRC) PID: http://data.europa.eu/89h/a0df7a6f-49de-46ea-9bde-563437a6e2ba, doi:10.2905/A0DF7A6F-49DE-46EA-9BDE-563437A6E2BA",Population density of the cells classified as urban centre (DoU class 30) within the urban centre boundary.
GH_XST_L30_XXXX,Land Area in the Urban Centre,km2,"Pesaresi M., Politis P. (2022): GHS-LAND R2022A - Land fraction as derived from Sentinel2 image composite (2018) and OSM data. PID: http://data.europa.eu/89h/ab7ad451-5ed5-44a6-a4d0-9f7a4e848ceeEuropean Commission, Joint Research Centre (JRC) PID: https://doi.org/10.2905/AB7AD451-5ED5-44A6-A4D0-9F7A4E848CEE, doi:10.2905/AB7AD451-5ED5-44A6-A4D0-9F7A4E848CEE Schiavina M., Melchiorri M., Pesaresi M. (2023): GHS-SMOD R2023A - GHS settlement layers, application of the Degree of Urbanisation methodology (stage I) to GHS-POP R2023A and GHS-BUILT-S R2023A, multitemporal (1975- 2030). European Commission, Joint Research Centre (JRC) PID: http://data.europa.eu/89h/a0df7a6f-49de-46ea-9bde-563437a6e2ba, doi:10.2905/A0DF7A6F-49DE-46EA-9BDE-563437A6E2BA",Land surface of the cells classified as urban centre (DoU class 30) within the urban centre boundary.
GH_XST_W30_XXXX,Water Area in the Urban Centre,km2,"Pesaresi M., Politis P. (2022): GHS-LAND R2022A - Land fraction as derived from Sentinel2 image composite (2018) and OSM data. PID: http://data.europa.eu/89h/ab7ad451-5ed5-44a6-a4d0-9f7a4e848ceeEuropean Commission, Joint Research Centre (JRC) PID: https://doi.org/10.2905/AB7AD451-5ED5-44A6-A4D0-9F7A4E848CEE, doi:10.2905/AB7AD451-5ED5-44A6-A4D0-9F7A4E848CEE Schiavina M., Melchiorri M., Pesaresi M. (2023): GHS-SMOD R2023A - GHS settlement layers, application of the Degree of Urbanisation methodology (stage I) to GHS-POP R2023A and GHS-BUILT-S R2023A, multitemporal (1975- 2030). European Commission, Joint Research Centre (JRC) PID: http://data.europa.eu/89h/a0df7a6f-49de-46ea-9bde-563437a6e2ba, doi:10.2905/A0DF7A6F-49DE-46EA-9BDE-563437A6E2BA",Water surface of the cells classified as urban centre (DoU class 30) within the urban centre boundary.
SC_GDP_AVG_XXXX,Average Gross Domestic Product,PPP,"Matti Kummu, Maria Kosonen, Sina Masoumzadeh Sayyar et al. Downscaled gridded global dataset for Gross Domestic Product (GDP) per capita PPP over 1990-2022, 29 April 2024, PREPRINT (Version 1) available at Research Square [https://doi.org/10.21203/rs.3.rs-4321741/v1]",Average of the GDP pixel value in the urban center
SC_GDP_SUM_XXXX,Total Gross Domestic Product,PPP,"Matti Kummu, Maria Kosonen, Sina Masoumzadeh Sayyar et al. Downscaled gridded global dataset for Gross Domestic Product (GDP) per capita PPP over 1990-2022, 29 April 2024, PREPRINT (Version 1) available at Research Square [https://doi.org/10.21203/rs.3.rs-4321741/v1]",Sum of the GDP pixel values in the urban center
SC_SEC_PCF_XXXX,Percentage of female population,%,"Tatem, A. WorldPop, open data for spatial demography. Sci Data 4, 170004 (2017). https://doi.org/10.1038/sdata.2017.4 https://www.worldpop.org/",Percentage of female population
SC_SEC_PCM_XXXX,Percentage of male population,%,"Tatem, A. WorldPop, open data for spatial demography. Sci Data 4, 170004 (2017). https://doi.org/10.1038/sdata.2017.4 https://www.worldpop.org/",Percentage of male population
SC_SEC_PCY_XXXX,Percentage of young population,%,"Tatem, A. WorldPop, open data for spatial demography. Sci Data 4, 170004 (2017). https://doi.org/10.1038/sdata.2017.4 https://www.worldpop.org/",Percentage of young population (0 to 14 years)
SC_SEC_PCA_XXXX,Percentage of adult population,%,"Tatem, A. WorldPop, open data for spatial demography. Sci Data 4, 170004 (2017). https://doi.org/10.1038/sdata.2017.4 https://www.worldpop.org/",Percentage of adult population (15 to 64 years)
SC_SEC_PCO_XXXX,Percentage of older population,%,"Tatem, A. WorldPop, open data for spatial demography. Sci Data 4, 170004 (2017). https://doi.org/10.1038/sdata.2017.4 https://www.worldpop.org/",Percentage of older population (more than 65 years)
SC_SEC_HDI_XXXX,Human Development Index,Dimensionless,"Data retrieved from the Subnational HDI Database of the Global Data Lab, https://globaldatalab.org/shdi/, version v7.0. Smits, J. and Permanyer, I. The Subnational Human Development Database. Sci. Data. 6:190038 https://www.nature.com/articles/sdata201938 (2019). https://hdr.undp.org/data-center/human-development-index#/indicies/HDI",Human Development Index at subnational level based on the UNDP’s official HDI.
SC_SEC_GDI_XXXX,Gender Development Index,Dimensionless,"Data retrieved from the Subnational HDI Database of the Global Data Lab, https://globaldatalab.org/shdi/, version v7.0. Smits, J. and Permanyer, I. The Subnational Human Development Database. Sci. Data. 6:190038 https://www.nature.com/articles/sdata201938 (2019). https://hdr.undp.org/gender-development-index#/indicies/GDI",Gender Development Index at subnational level based on the UNDP’s official GDI.
SC_SEC_GDF_XXXX,Female Gender Development Index,Dimensionless,"Data retrieved from the Subnational HDI Database of the Global Data Lab, https://globaldatalab.org/shdi/, version v7.0. Smits, J. and Permanyer, I. The Subnational Human Development Database. Sci. Data. 6:190038 https://www.nature.com/articles/sdata201938 (2019). https://hdr.undp.org/gender-development-index#/indicies/GDI",Female Gender Development Index at subnational level based on the UNDP’s official GDI.
SC_SEC_GDM_XXXX,Male Gender Development Index,Dimensionless,"Data retrieved from the Subnational HDI Database of the Global Data Lab, https://globaldatalab.org/shdi/, version v7.0. Smits, J. and Permanyer, I. The Subnational Human Development Database. Sci. Data. 6:190038 https://www.nature.com/articles/sdata201938 (2019). https://hdr.undp.org/gender-development-index#/indicies/GDI",Male Gender Development Index at subnational level based on the UNDP’s official GDI.
SC_SEC_LET_XXXX,Life Expectancy,Number of years,"Data retrieved from the Subnational HDI Database of the Global Data Lab, https://globaldatalab.org/shdi/, version v7.0. Smits, J. and Permanyer, I. The Subnational Human Development Database. Sci. Data. 6:190038 https://www.nature.com/articles/sdata201938 (2019).",Number of years newborn children would live if subject to the mortality risks prevailing for the cross-section of population at the time of their birth.
SC_SEC_LEF_XXXX,Female Life Expectancy,Number of years,"Data retrieved from the Subnational HDI Database of the Global Data Lab, https://globaldatalab.org/shdi/, version v7.0. Smits, J. and Permanyer, I. The Subnational Human Development Database. Sci. Data. 6:190038 https://www.nature.com/articles/sdata201938 (2019).",Number of years female newborn children would live if subject to the mortality risks prevailing for the cross-section of population at the time of their birth.
SC_SEC_LEM_XXXX,Male Life Expectancy,Number of years,"Data retrieved from the Subnational HDI Database of the Global Data Lab, https://globaldatalab.org/shdi/, version v7.0. Smits, J. and Permanyer, I. The Subnational Human Development Database. Sci. Data. 6:190038 https://www.nature.com/articles/sdata201938 (2019).",Number of years male newborn children would live if subject to the mortality risks prevailing for the cross-section of population at the time of their birth.
SC_SEC_SET_XXXX,Expected years of Schooling,Number of years,"Data retrieved from the Subnational HDI Database of the Global Data Lab, https://globaldatalab.org/shdi/, version v7.0. Smits, J. and Permanyer, I. The Subnational Human Development Database. Sci. Data. 6:190038 https://www.nature.com/articles/sdata201938 (2019).","Number of years of schooling a child of school entrance age can expect to receive, if prevailing patterns of age-specific enrolment rates persist throughout the child’s schooling life."
SC_SEC_SEF_XXXX,Female Expected years of Schooling,Number of years,"Data retrieved from the Subnational HDI Database of the Global Data Lab, https://globaldatalab.org/shdi/, version v7.0. Smits, J. and Permanyer, I. The Subnational Human Development Database. Sci. Data. 6:190038 https://www.nature.com/articles/sdata201938 (2019).","Number of years of schooling a female child of school entrance age can expect to receive, if prevailing patterns of age-specific enrolment rates persist throughout the child’s schooling life."
SC_SEC_SEM_XXXX,Male Expected years of Schooling,Number of years,"Data retrieved from the Subnational HDI Database of the Global Data Lab, https://globaldatalab.org/shdi/, version v7.0. Smits, J. and Permanyer, I. The Subnational Human Development Database. Sci. Data. 6:190038 https://www.nature.com/articles/sdata201938 (2019).","Number of years of schooling a male child of school entrance age can expect to receive, if prevailing patterns of age-specific enrolment rates persist throughout the child’s schooling life."
SC_SEC_SYT_XXXX,Mean years of Schooling of adults aged 25+,Number of years,"Data retrieved from the Subnational HDI Database of the Global Data Lab, https://globaldatalab.org/shdi/, version v7.0. Smits, J. and Permanyer, I. The Subnational Human Development Database. Sci. Data. 6:190038 https://www.nature.com/articles/sdata201938 (2019).",Average years of schooling for the population aged 25 or more years.
SC_SEC_SYF_XXXX,Mean years of Schooling of female adults aged 25+,Number of years,"Data retrieved from the Subnational HDI Database of the Global Data Lab, https://globaldatalab.org/shdi/, version v7.0. Smits, J. and Permanyer, I. The Subnational Human Development Database. Sci. Data. 6:190038 https://www.nature.com/articles/sdata201938 (2019).",Average years of schooling for the female population aged 25 or more years.
SC_SEC_SYM_XXXX,Mean years of Schooling of male adults aged 25+,Number of years,"Data retrieved from the Subnational HDI Database of the Global Data Lab, https://globaldatalab.org/shdi/, version v7.0. Smits, J. and Permanyer, I. The Subnational Human Development Database. Sci. Data. 6:190038 https://www.nature.com/articles/sdata201938 (2019).",Average years of schooling for the male population aged 25 or more years.
SC_SEC_GIT_XXXX,(Log of) Gross national income per capita,US$,"Data retrieved from the Subnational HDI Database of the Global Data Lab, https://globaldatalab.org/shdi/, version v7.0. Smits, J. and Permanyer, I. The Subnational Human Development Database. Sci. Data. 6:190038 https://www.nature.com/articles/sdata201938 (2019).",(Log of) Sum of value added by all resident producers plus any product taxes (less subsidies) not included in the valuation of output plus net receipts of primary income (compensation of employees and property income) from abroad.
SC_SEC_GIF_XXXX,(Log of) Gross national income per female capita,US$,"Data retrieved from the Subnational HDI Database of the Global Data Lab, https://globaldatalab.org/shdi/, version v7.0. Smits, J. and Permanyer, I. The Subnational Human Development Database. Sci. Data. 6:190038 https://www.nature.com/articles/sdata201938 (2019).",(Log of) Sum of value added by female resident producers plus any product taxes (less subsidies) not included in the valuation of output plus net receipts of primary income (compensation of employees and property income) from abroad.
SC_SEC_GIM_XXXX,(Log of) Gross national income per male capita,US$,"Data retrieved from the Subnational HDI Database of the Global Data Lab, https://globaldatalab.org/shdi/, version v7.0. Smits, J. and Permanyer, I. The Subnational Human Development Database. Sci. Data. 6:190038 https://www.nature.com/articles/sdata201938 (2019).",(Log of) Sum of value added by male resident producers plus any product taxes (less subsidies) not included in the valuation of output plus net receipts of primary income (compensation of employees and property income) from abroad.
SC_CON_DSF_XXXX,Average download speed fixed,Mbps,Speedtest by Ookla,Average download speed for the fixed network.
SC_CON_DSF_XXXX,Average download speed mobile,Mbps,Speedtest by Ookla,Average download speed for the mobile network.
SC_CON_USF_XXXX,Average upload speed fixed,Mbps,Speedtest by Ookla,Average upload speed for the fixed network.
SC_CON_USM_XXXX,Average upload speed mobile,Mbps,Speedtest by Ookla,Average upload speed for the mobile network.
SC_CON_ALF_XXXX,Average latency fixed,ms,Speedtest by Ookla,Average latency for the fixed network.
SC_CON_ALM_XXXX,Average latency mobile,ms,Speedtest by Ookla,Average latency for the mobile network.
SC_CON_NDF_XXXX,Number of unique devices fixed,Number of devices,Speedtest by Ookla,Number of devices measuring the fixed network performance through the app.
SC_CON_NDM_XXXX,Number of unique devices mobile,Number of devices,Speedtest by Ookla,Number of devices measuring the mobile network performance through the app.
LU_HEC_020_XXXX,Shrubs land cover area,Hectares,"Buchhorn, M. ; Lesiv, M. ; Tsendbazar, N. - E. ; Herold, M. ; Bertels, L. ; Smets, B. Copernicus Global Land Cover Layers-Collection 2. Remote Sensing 2020, 12Volume 108, 1044. doi:10.3390/rs12061044",Shrubs (woody perennial plants with persistent and woody stems and without any defined main stem being less than 5 m tall) total area inside the urban center
LU_HEC_030_XXXX,Herbaceous vegetation land cover area,Hectares,"Buchhorn, M. ; Lesiv, M. ; Tsendbazar, N. - E. ; Herold, M. ; Bertels, L. ; Smets, B. Copernicus Global Land Cover Layers-Collection 2. Remote Sensing 2020, 12Volume 108, 1044. doi:10.3390/rs12061044",(xxx max words) Herbaceous vegetation (plants without persistent stem or shoots above ground and lacking definite firm structure) total area inside the urban center
LU_HEC_040_XXXX,Cultivated and managed vegetation / agriculture land use area,Hectares,"Buchhorn, M. ; Lesiv, M. ; Tsendbazar, N. - E. ; Herold, M. ; Bertels, L. ; Smets, B. Copernicus Global Land Cover Layers-Collection 2. Remote Sensing 2020, 12Volume 108, 1044. doi:10.3390/rs12061044",Cultivated and managed vegetation / agriculture (lands covered with temporary crops followed by harvest and a bare soil period) total area inside the urban center.
LU_HEC_050_XXXX,Buildings and other man-made structures land use area,Hectares,"Buchhorn, M. ; Lesiv, M. ; Tsendbazar, N. - E. ; Herold, M. ; Bertels, L. ; Smets, B. Copernicus Global Land Cover Layers-Collection 2. Remote Sensing 2020, 12Volume 108, 1044. doi:10.3390/rs12061044",(xxx max words) Total area of land covered by buildings and other man-made structures inside the urban center.
LU_HEC_060_XXXX,Bare / sparse vegetation land cover area,hectares,"Buchhorn, M. ; Lesiv, M. ; Tsendbazar, N. - E. ; Herold, M. ; Bertels, L. ; Smets, B. Copernicus Global Land Cover Layers-Collection 2. Remote Sensing 2020, 12Volume 108, 1044. doi:10.3390/rs12061044","(xxx max words) Bare / sparse vegetation (lands with exposed soil, sand, or rocks and never has more than 10 % vegetated cover during any time of the year) total area inside the urban center."
LU_HEC_070_XXXX,Snow and ice land cover area,Hectares,"Buchhorn, M.; Lesiv, M.; Tsendbazar, N. - E.; Herold, M.; Bertels, L.; Smets, B. Copernicus Global Land Cover Layers-Collection 2. Remote Sensing 2020, 12Volume 108, 1044. doi:10.3390/rs12061044","(xxx max words) Snow and ice land cover (lands with exposed soil, sand, or rocks and never has more than 10 % vegetated cover during any time of the year) total area inside the urban center."
LU_HEC_080_XXXX,Permanent water bodies land cover area,Hectares,"Buchhorn, M.; Lesiv, M.; Tsendbazar, N. - E.; Herold, M.; Bertels, L.; Smets, B. Copernicus Global Land Cover Layers-Collection 2. Remote Sensing 2020, 12Volume 108, 1044. doi:10.3390/rs12061044","(xxx max words) Permanent water bodies (lakes, reservoirs, and rivers - can be either fresh or salt-water bodies -) total area inside the urban center."
LU_HEC_090_XXXX,Herbaceous wetland land cover area,Hectares,"Buchhorn, M.; Lesiv, M.; Tsendbazar, N. - E.; Herold, M.; Bertels, L.; Smets, B. Copernicus Global Land Cover Layers-Collection 2. Remote Sensing 2020, 12Volume 108, 1044. doi:10.3390/rs12061044","Herbaceous wetland (lands with a permanent mixture of water and herbaceous or woody vegetation; the vegetation can be present in either salt, brackish, or fresh water) total area inside the urban center."
LU_HEC_100_XXXX,Moss and lichen land cover area,Hectares,"Buchhorn, M.; Lesiv, M.; Tsendbazar, N. - E.; Herold, M.; Bertels, L.; Smets, B. Copernicus Global Land Cover Layers-Collection 2. Remote Sensing 2020, 12Volume 108, 1044. doi:10.3390/rs12061044",(xxx max words) Moss and lichen total area inside the urban center.
LU_HEC_111_XXXX,"Closed forest, evergreen needle leaf land cover area",Hectares,"Buchhorn, M.; Lesiv, M.; Tsendbazar, N. - E.; Herold, M.; Bertels, L.; Smets, B. Copernicus Global Land Cover Layers-Collection 2. Remote Sensing 2020, 12Volume 108, 1044. doi:10.3390/rs12061044","(xxx max words) Closed forest, evergreen needle leaf (tree canopy >70 %, almost all needle leaf trees remain green all year; canopy is never without green foliage) total area inside the urban center."
LU_HEC_112_XXXX,"Closed forest, evergreen broad leaf land cover area",Hectares,"Buchhorn, M.; Lesiv, M.; Tsendbazar, N. - E.; Herold, M.; Bertels, L.; Smets, B. Copernicus Global Land Cover Layers-Collection 2. Remote Sensing 2020, 12Volume 108, 1044. doi:10.3390/rs12061044","Closed forest, evergreen broad leaf (tree canopy >70 %, almost all broadleaf trees remain green year round; canopy is never without green foliage) total area inside the urban center."
LU_HEC_113_XXXX,"Closed forest, deciduous needle leaf land cover area",Hectares,"Buchhorn, M.; Lesiv, M.; Tsendbazar, N. - E.; Herold, M.; Bertels, L.; Smets, B. Copernicus Global Land Cover Layers-Collection 2. Remote Sensing 2020, 12Volume 108, 1044. doi:10.3390/rs12061044","Closed forest, deciduous needle leaf (tree canopy >70 %, consists of seasonal needle leaf tree communities with an annual cycle of leaf-on and leaf-off periods) total area inside the urban center."
LU_HEC_114_XXXX,"Closed forest, deciduous broad leaf land cover area",Hectares,"Buchhorn, M.; Lesiv, M.; Tsendbazar, N. - E.; Herold, M.; Bertels, L.; Smets, B. Copernicus Global Land Cover Layers-Collection 2. Remote Sensing 2020, 12Volume 108, 1044. doi:10.3390/rs12061044","Closed forest, deciduous broad leaf (tree canopy >70 %, consists of seasonal broadleaf tree communities with an annual cycle of leaf-on and leaf-off periods) total area inside the urban center."
LU_HEC_115_XXXX,Closed forest (mixed) land cover area,Hectares,"Buchhorn, M.; Lesiv, M.; Tsendbazar, N. - E.; Herold, M.; Bertels, L.; Smets, B. Copernicus Global Land Cover Layers-Collection 2. Remote Sensing 2020, 12Volume 108, 1044. doi:10.3390/rs12061044",Closed forest (mixed) total area inside the urban center.
LU_HEC_116_XXXX,Closed forest (other) land cover area,Hectares,"Buchhorn, M.; Lesiv, M.; Tsendbazar, N. - E.; Herold, M.; Bertels, L.; Smets, B. Copernicus Global Land Cover Layers-Collection 2. Remote Sensing 2020, 12Volume 108, 1044. doi:10.3390/rs12061044",Closed forest (other) total area inside the urban center.
LU_HEC_121_XXXX,"Open forest, evergreen needle leaf land cover area",Hectares,"Buchhorn, M.; Lesiv, M.; Tsendbazar, N. - E.; Herold, M.; Bertels, L.; Smets, B. Copernicus Global Land Cover Layers-Collection 2. Remote Sensing 2020, 12Volume 108, 1044. doi:10.3390/rs12061044","Open forest, evergreen needle leaf (top layer- trees 15-70 % and second layer- mixed of shrubs and grassland, almost all needle leaf trees remain green all year; canopy is never without green foliage) total area inside the urban center."
LU_HEC_122_XXXX,"Open forest, evergreen broad leaf land cover area",Hectares,"Buchhorn, M.; Lesiv, M.; Tsendbazar, N. - E.; Herold, M.; Bertels, L.; Smets, B. Copernicus Global Land Cover Layers-Collection 2. Remote Sensing 2020, 12Volume 108, 1044. doi:10.3390/rs12061044","Open forest, evergreen broad leaf (top layer- trees 15-70 % and second layer- mixed of shrubs and grassland, almost all broadleaf trees remain green year round; canopy is never without green foliage) total area inside the urban center."
LU_HEC_123_XXXX,"Open forest, deciduous needle leaf land cover area",Hectares,"Buchhorn, M.; Lesiv, M.; Tsendbazar, N. - E.; Herold, M.; Bertels, L.; Smets, B. Copernicus Global Land Cover Layers-Collection 2. Remote Sensing 2020, 12Volume 108, 1044. doi:10.3390/rs12061044","Open forest, deciduous needle leaf (top layer- trees 15-70 % and second layer- mixed of shrubs and grassland, consists of seasonal needle leaf tree communities with an annual cycle of leaf-on and leaf-off periods) total area inside the urban center."
LU_HEC_124_XXXX,"Open forest, deciduous broad leaf land cover area",Hectares,"Buchhorn, M.; Lesiv, M.; Tsendbazar, N. - E.; Herold, M.; Bertels, L.; Smets, B. Copernicus Global Land Cover Layers-Collection 2. Remote Sensing 2020, 12Volume 108, 1044. doi:10.3390/rs12061044","Open forest, deciduous broad leaf (top layer- trees 15-70 % and second layer- mixed of shrubs and grassland, consists of seasonal broadleaf tree communities with an annual cycle of leaf-on and leaf-off periods) total area inside the urban center."
LU_HEC_125_XXXX,Open forest (mixed),Hectares,"Buchhorn, M.; Lesiv, M.; Tsendbazar, N. - E.; Herold, M.; Bertels, L.; Smets, B. Copernicus Global Land Cover Layers-Collection 2. Remote Sensing 2020, 12Volume 108, 1044. doi:10.3390/rs12061044",Open forest (mixed) total area inside the urban center.
LU_HEC_126_XXXX,Open forest (other),Hectares,"Buchhorn, M.; Lesiv, M.; Tsendbazar, N. - E.; Herold, M.; Bertels, L.; Smets, B. Copernicus Global Land Cover Layers-Collection 2. Remote Sensing 2020, 12Volume 108, 1044. doi:10.3390/rs12061044",Open forest (other) total area inside the urban center.
EX_010_POP_XXXX,People exposed to floods (10 years return period),number of inhabitants,"Schiavina M., Freire S., Carioli A., MacManus K. (2023): GHS-POP R2023A - GHS population grid multitemporal (1975-2030).European Commission, Joint Research Centre (JRC) PID: http://data.europa.eu/89h/2ff68a52-5b5b-4a22-8f40-c41da8332cfe, doi:10.2905/2FF68A52-5B5B-4A22-8F40-C41DA8332CFE Baugh, Calum; Colonese, Juan; D'Angelo, Claudia; Francesco, Dottori; Neal, Jeffrey; Prudhomme; Christe; Salamon, Peter (2024): Modelled flood inundation for different return period scenarios at the global scale. European Commission, Joint Research Centre (JRC) https://jeodpp.jrc.ec.europa.eu/ftp/jrc-opendata/CEMS-GLOFAS/flood_hazard/",Number of people exposed to floods (10 years return period)
EX_100_POP_XXXX,People exposed to floods (100 years return period),number of inhabitants,"Schiavina M., Freire S., Carioli A., MacManus K. (2023): GHS-POP R2023A - GHS population grid multitemporal (1975-2030).European Commission, Joint Research Centre (JRC) PID: http://data.europa.eu/89h/2ff68a52-5b5b-4a22-8f40-c41da8332cfe, doi:10.2905/2FF68A52-5B5B-4A22-8F40-C41DA8332CFE Baugh, Calum; Colonese, Juan; D'Angelo, Claudia; Francesco, Dottori; Neal, Jeffrey; Prudhomme; Christe; Salamon, Peter (2024): Modelled flood inundation for different return period scenarios at the global scale. European Commission, Joint Research Centre (JRC) https://jeodpp.jrc.ec.europa.eu/ftp/jrc-opendata/CEMS-GLOFAS/flood_hazard/",Number of people exposed to floods (100 years return period)
EX_010_SHP_XXXX,Share of People exposed to floods (100 years return period),%,"Schiavina M., Freire S., Carioli A., MacManus K. (2023): GHS-POP R2023A - GHS population grid multitemporal (1975-2030).European Commission, Joint Research Centre (JRC) PID: http://data.europa.eu/89h/2ff68a52-5b5b-4a22-8f40-c41da8332cfe, doi:10.2905/2FF68A52-5B5B-4A22-8F40-C41DA8332CFE Baugh, Calum; Colonese, Juan; D'Angelo, Claudia; Francesco, Dottori; Neal, Jeffrey; Prudhomme; Christe; Salamon, Peter (2024): Modelled flood inundation for different return period scenarios at the global scale. European Commission, Joint Research Centre (JRC) https://jeodpp.jrc.ec.europa.eu/ftp/jrc-opendata/CEMS-GLOFAS/flood_hazard/",Share of people exposed to floods (10 years return period) over the total urban center population
EX_100_SHP_XXXX,Share of People exposed to floods (10 years return period),%,"Schiavina M., Freire S., Carioli A., MacManus K. (2023): GHS-POP R2023A - GHS population grid multitemporal (1975-2030).European Commission, Joint Research Centre (JRC) PID: http://data.europa.eu/89h/2ff68a52-5b5b-4a22-8f40-c41da8332cfe, doi:10.2905/2FF68A52-5B5B-4A22-8F40-C41DA8332CFE Baugh, Calum; Colonese, Juan; D'Angelo, Claudia; Francesco, Dottori; Neal, Jeffrey; Prudhomme; Christe; Salamon, Peter (2024): Modelled flood inundation for different return period scenarios at the global scale. European Commission, Joint Research Centre (JRC) https://jeodpp.jrc.ec.europa.eu/ftp/jrc-opendata/CEMS-GLOFAS/flood_hazard/",Share of people exposed to floods (100 years return period) over the total urban center population
EX_010_BUS_XXXX,Built-up surface exposed to floods (10 years return period),m2,"Pesaresi M., Politis P. (2023): GHS-BUILT-S R2023A - GHS built-up surface grid, derived from Sentinel2 composite and Landsat, multitemporal (1975-2030). European Commission, Joint Research Centre (JRC) PID: http://data.europa.eu/89h/9f06f36f-4b11-47ec-abb0-4f8b7b1d72ea, doi:10.2905/9F06F36F-4B11-47EC-ABB0-4F8B7B1D72EA Baugh, Calum; Colonese, Juan; D'Angelo, Claudia; Francesco, Dottori; Neal, Jeffrey; Prudhomme; Christe; Salamon, Peter (2024): Modelled flood inundation for different return period scenarios at the global scale. European Commission, Joint Research Centre (JRC) https://jeodpp.jrc.ec.europa.eu/ftp/jrc-opendata/CEMS-GLOFAS/flood_hazard/",Built-up surface exposed to floods (10 years return period)
EX_100_BUS_XXXX,Built-up surface exposed to floods (100 years return period),m2,"Pesaresi M., Politis P. (2023): GHS-BUILT-S R2023A - GHS built-up surface grid, derived from Sentinel2 composite and Landsat, multitemporal (1975-2030). European Commission, Joint Research Centre (JRC) PID: http://data.europa.eu/89h/9f06f36f-4b11-47ec-abb0-4f8b7b1d72ea, doi:10.2905/9F06F36F-4B11-47EC-ABB0-4F8B7B1D72EA Baugh, Calum; Colonese, Juan; D'Angelo, Claudia; Francesco, Dottori; Neal, Jeffrey; Prudhomme; Christe; Salamon, Peter (2024): Modelled flood inundation for different return period scenarios at the global scale. European Commission, Joint Research Centre (JRC) https://jeodpp.jrc.ec.europa.eu/ftp/jrc-opendata/CEMS-GLOFAS/flood_hazard/",Built-up surface exposed to floods (100 years return period)
EX_010_SHB_XXXX,Share of built-up surface exposed to floods (10 years return period),%,"Pesaresi M., Politis P. (2023): GHS-BUILT-S R2023A - GHS built-up surface grid, derived from Sentinel2 composite and Landsat, multitemporal (1975-2030). European Commission, Joint Research Centre (JRC) PID: http://data.europa.eu/89h/9f06f36f-4b11-47ec-abb0-4f8b7b1d72ea, doi:10.2905/9F06F36F-4B11-47EC-ABB0-4F8B7B1D72EA Baugh, Calum; Colonese, Juan; D'Angelo, Claudia; Francesco, Dottori; Neal, Jeffrey; Prudhomme; Christe; Salamon, Peter (2024): Modelled flood inundation for different return period scenarios at the global scale. European Commission, Joint Research Centre (JRC) https://jeodpp.jrc.ec.europa.eu/ftp/jrc-opendata/CEMS-GLOFAS/flood_hazard/",Share of built-up surface exposed to floods (10 years return period) over the total urban center built-up surface
EX_100_SHB_XXXX,Share of built-up surface exposed to floods (100 years return period),%,"Pesaresi M., Politis P. (2023): GHS-BUILT-S R2023A - GHS built-up surface grid, derived from Sentinel2 composite and Landsat, multitemporal (1975-2030). European Commission, Joint Research Centre (JRC) PID: http://data.europa.eu/89h/9f06f36f-4b11-47ec-abb0-4f8b7b1d72ea, doi:10.2905/9F06F36F-4B11-47EC-ABB0-4F8B7B1D72EA Baugh, Calum; Colonese, Juan; D'Angelo, Claudia; Francesco, Dottori; Neal, Jeffrey; Prudhomme; Christe; Salamon, Peter (2024): Modelled flood inundation for different return period scenarios at the global scale. European Commission, Joint Research Centre (JRC) https://jeodpp.jrc.ec.europa.eu/ftp/jrc-opendata/CEMS-GLOFAS/flood_hazard/",Share of built-up surface exposed to floods (100 years return period) over the total urban center built-up surface
EX_010_NRE_XXXX,Non-residential built-up surface exposed to floods (10 years return period),m2,"Pesaresi M., Politis P. (2023): GHS-BUILT-S R2023A - GHS built-up surface grid, derived from Sentinel2 composite and Landsat, multitemporal (1975-2030). European Commission, Joint Research Centre (JRC) PID: http://data.europa.eu/89h/9f06f36f-4b11-47ec-abb0-4f8b7b1d72ea, doi:10.2905/9F06F36F-4B11-47EC-ABB0-4F8B7B1D72EA Baugh, Calum; Colonese, Juan; D'Angelo, Claudia; Francesco, Dottori; Neal, Jeffrey; Prudhomme; Christe; Salamon, Peter (2024): Modelled flood inundation for different return period scenarios at the global scale. European Commission, Joint Research Centre (JRC) https://jeodpp.jrc.ec.europa.eu/ftp/jrc-opendata/CEMS-GLOFAS/flood_hazard/",Non-residential built-up surface exposed to floods (10 years return period)
EX_100_NRE_XXXX,Non-residential built-up surface exposed to floods (100 years return period),m2,"Pesaresi M., Politis P. (2023): GHS-BUILT-S R2023A - GHS built-up surface grid, derived from Sentinel2 composite and Landsat, multitemporal (1975-2030). European Commission, Joint Research Centre (JRC) PID: http://data.europa.eu/89h/9f06f36f-4b11-47ec-abb0-4f8b7b1d72ea, doi:10.2905/9F06F36F-4B11-47EC-ABB0-4F8B7B1D72EA Baugh, Calum; Colonese, Juan; D'Angelo, Claudia; Francesco, Dottori; Neal, Jeffrey; Prudhomme; Christe; Salamon, Peter (2024): Modelled flood inundation for different return period scenarios at the global scale. European Commission, Joint Research Centre (JRC) https://jeodpp.jrc.ec.europa.eu/ftp/jrc-opendata/CEMS-GLOFAS/flood_hazard/",Non-residential built-up surface exposed to floods (100 years return period)
EX_010_SNR_XXXX,Share of non-residential built-up surface exposed to floods (10 years return period),%,"Pesaresi M., Politis P. (2023): GHS-BUILT-S R2023A - GHS built-up surface grid, derived from Sentinel2 composite and Landsat, multitemporal (1975-2030). European Commission, Joint Research Centre (JRC) PID: http://data.europa.eu/89h/9f06f36f-4b11-47ec-abb0-4f8b7b1d72ea, doi:10.2905/9F06F36F-4B11-47EC-ABB0-4F8B7B1D72EA Baugh, Calum; Colonese, Juan; D'Angelo, Claudia; Francesco, Dottori; Neal, Jeffrey; Prudhomme; Christe; Salamon, Peter (2024): Modelled flood inundation for different return period scenarios at the global scale. European Commission, Joint Research Centre (JRC) https://jeodpp.jrc.ec.europa.eu/ftp/jrc-opendata/CEMS-GLOFAS/flood_hazard/",Share of non-residential built-up surface exposed to floods (10 years return period) over the urban center non-residential built-up surface
EX_100_SNR_XXXX,Share of non-residential built-up surface exposed to floods (100 years return period),%,"Pesaresi M., Politis P. (2023): GHS-BUILT-S R2023A - GHS built-up surface grid, derived from Sentinel2 composite and Landsat, multitemporal (1975-2030). European Commission, Joint Research Centre (JRC) PID: http://data.europa.eu/89h/9f06f36f-4b11-47ec-abb0-4f8b7b1d72ea, doi:10.2905/9F06F36F-4B11-47EC-ABB0-4F8B7B1D72EA Baugh, Calum; Colonese, Juan; D'Angelo, Claudia; Francesco, Dottori; Neal, Jeffrey; Prudhomme; Christe; Salamon, Peter (2024): Modelled flood inundation for different return period scenarios at the global scale. European Commission, Joint Research Centre (JRC) https://jeodpp.jrc.ec.europa.eu/ftp/jrc-opendata/CEMS-GLOFAS/flood_hazard/",Share of non-residential built-up surface exposed to floods (100 years return period) over the l urban center non-residential built-up surface
EX_E01_POP_XXXX,Population exposed to earthquakes (class 1 MMI),Number of inhabitants,"Schiavina M., Freire S., Carioli A., MacManus K. (2023): GHS-POP R2023A - GHS population grid multitemporal (1975-2030).European Commission, Joint Research Centre (JRC) PID: http://data.europa.eu/89h/2ff68a52-5b5b-4a22-8f40-c41da8332cfe, doi:10.2905/2FF68A52-5B5B-4A22-8F40-C41DA8332CFE GEM GLOBAL SEISMIC HAZARD MAP version 2023.1 K. Johnson, M. Villani, K. Bayliss, C. Brooks, S. Chandrasekhar, T. Chartier, Y. Chen, J. Garcia-Pelaez, R. Gee, R. Styron, A. Rood, M. Simionato, M. Pagani (2023). Global Earthquake Model (GEM) Seismic Hazard Map (version 2023.1 - June 2023), DOI: https://doi.org/10.5281/zenodo.8409647",Population exposed to earthquakes (class 1 MMI)
EX_E02_POP_XXXX,Population exposed to earthquakes (class 2-3 MMI),Number of inhabitants,"Schiavina M., Freire S., Carioli A., MacManus K. (2023): GHS-POP R2023A - GHS population grid multitemporal (1975-2030).European Commission, Joint Research Centre (JRC) PID: http://data.europa.eu/89h/2ff68a52-5b5b-4a22-8f40-c41da8332cfe, doi:10.2905/2FF68A52-5B5B-4A22-8F40-C41DA8332CFE GEM GLOBAL SEISMIC HAZARD MAP version 2023.1 K. Johnson, M. Villani, K. Bayliss, C. Brooks, S. Chandrasekhar, T. Chartier, Y. Chen, J. Garcia-Pelaez, R. Gee, R. Styron, A. Rood, M. Simionato, M. Pagani (2023). Global Earthquake Model (GEM) Seismic Hazard Map (version 2023.1 - June 2023), DOI: https://doi.org/10.5281/zenodo.8409647",Population exposed to earthquakes (class 2-3 MMI)
EX_E04_POP_XXXX,Population exposed to earthquakes (class 4 MMI),Number of inhabitants,"Schiavina M., Freire S., Carioli A., MacManus K. (2023): GHS-POP R2023A - GHS population grid multitemporal (1975-2030).European Commission, Joint Research Centre (JRC) PID: http://data.europa.eu/89h/2ff68a52-5b5b-4a22-8f40-c41da8332cfe, doi:10.2905/2FF68A52-5B5B-4A22-8F40-C41DA8332CFE GEM GLOBAL SEISMIC HAZARD MAP version 2023.1 K. Johnson, M. Villani, K. Bayliss, C. Brooks, S. Chandrasekhar, T. Chartier, Y. Chen, J. Garcia-Pelaez, R. Gee, R. Styron, A. Rood, M. Simionato, M. Pagani (2023). Global Earthquake Model (GEM) Seismic Hazard Map (version 2023.1 - June 2023), DOI: https://doi.org/10.5281/zenodo.8409647",Population exposed to earthquakes (class 4 MMI)
EX_E05_POP_XXXX,Population exposed to earthquakes (class 5 MMI),Number of inhabitants,"Schiavina M., Freire S., Carioli A., MacManus K. (2023): GHS-POP R2023A - GHS population grid multitemporal (1975-2030).European Commission, Joint Research Centre (JRC) PID: http://data.europa.eu/89h/2ff68a52-5b5b-4a22-8f40-c41da8332cfe, doi:10.2905/2FF68A52-5B5B-4A22-8F40-C41DA8332CFE GEM GLOBAL SEISMIC HAZARD MAP version 2023.1 K. Johnson, M. Villani, K. Bayliss, C. Brooks, S. Chandrasekhar, T. Chartier, Y. Chen, J. Garcia-Pelaez, R. Gee, R. Styron, A. Rood, M. Simionato, M. Pagani (2023). Global Earthquake Model (GEM) Seismic Hazard Map (version 2023.1 - June 2023), DOI: https://doi.org/10.5281/zenodo.8409647",Population exposed to earthquakes (class 5 MMI)
EX_E06_POP_XXXX,Population exposed to earthquakes (class 6 MMI),Number of inhabitants,"Schiavina M., Freire S., Carioli A., MacManus K. (2023): GHS-POP R2023A - GHS population grid multitemporal (1975-2030).European Commission, Joint Research Centre (JRC) PID: http://data.europa.eu/89h/2ff68a52-5b5b-4a22-8f40-c41da8332cfe, doi:10.2905/2FF68A52-5B5B-4A22-8F40-C41DA8332CFE GEM GLOBAL SEISMIC HAZARD MAP version 2023.1 K. Johnson, M. Villani, K. Bayliss, C. Brooks, S. Chandrasekhar, T. Chartier, Y. Chen, J. Garcia-Pelaez, R. Gee, R. Styron, A. Rood, M. Simionato, M. Pagani (2023). Global Earthquake Model (GEM) Seismic Hazard Map (version 2023.1 - June 2023), DOI: https://doi.org/10.5281/zenodo.8409647",Population exposed to earthquakes (class 6 MMI)
EX_E07_POP_XXXX,Population exposed to earthquakes (class 7 MMI),Number of inhabitants,"Schiavina M., Freire S., Carioli A., MacManus K. (2023): GHS-POP R2023A - GHS population grid multitemporal (1975-2030).European Commission, Joint Research Centre (JRC) PID: http://data.europa.eu/89h/2ff68a52-5b5b-4a22-8f40-c41da8332cfe, doi:10.2905/2FF68A52-5B5B-4A22-8F40-C41DA8332CFE GEM GLOBAL SEISMIC HAZARD MAP version 2023.1 K. Johnson, M. Villani, K. Bayliss, C. Brooks, S. Chandrasekhar, T. Chartier, Y. Chen, J. Garcia-Pelaez, R. Gee, R. Styron, A. Rood, M. Simionato, M. Pagani (2023). Global Earthquake Model (GEM) Seismic Hazard Map (version 2023.1 - June 2023), DOI: https://doi.org/10.5281/zenodo.8409647",Population exposed to earthquakes (class 7 MMI)
EX_E08_POP_XXXX,Population exposed to earthquakes (class 8 MMI),Number of inhabitants,"Schiavina M., Freire S., Carioli A., MacManus K. (2023): GHS-POP R2023A - GHS population grid multitemporal (1975-2030).European Commission, Joint Research Centre (JRC) PID: http://data.europa.eu/89h/2ff68a52-5b5b-4a22-8f40-c41da8332cfe, doi:10.2905/2FF68A52-5B5B-4A22-8F40-C41DA8332CFE GEM GLOBAL SEISMIC HAZARD MAP version 2023.1 K. Johnson, M. Villani, K. Bayliss, C. Brooks, S. Chandrasekhar, T. Chartier, Y. Chen, J. Garcia-Pelaez, R. Gee, R. Styron, A. Rood, M. Simionato, M. Pagani (2023). Global Earthquake Model (GEM) Seismic Hazard Map (version 2023.1 - June 2023), DOI: https://doi.org/10.5281/zenodo.8409647",Population exposed to earthquakes (class 8 MMI)
EX_E09_POP_XXXX,Population exposed to earthquakes (class 9 MMI),Number of inhabitants,"Schiavina M., Freire S., Carioli A., MacManus K. (2023): GHS-POP R2023A - GHS population grid multitemporal (1975-2030).European Commission, Joint Research Centre (JRC) PID: http://data.europa.eu/89h/2ff68a52-5b5b-4a22-8f40-c41da8332cfe, doi:10.2905/2FF68A52-5B5B-4A22-8F40-C41DA8332CFE GEM GLOBAL SEISMIC HAZARD MAP version 2023.1 K. Johnson, M. Villani, K. Bayliss, C. Brooks, S. Chandrasekhar, T. Chartier, Y. Chen, J. Garcia-Pelaez, R. Gee, R. Styron, A. Rood, M. Simionato, M. Pagani (2023). Global Earthquake Model (GEM) Seismic Hazard Map (version 2023.1 - June 2023), DOI: https://doi.org/10.5281/zenodo.8409647",Population exposed to earthquakes (class 9 MMI)
EX_E10_POP_XXXX,Population exposed to earthquakes (class 10 MMI),Number of inhabitants,"Schiavina M., Freire S., Carioli A., MacManus K. (2023): GHS-POP R2023A - GHS population grid multitemporal (1975-2030).European Commission, Joint Research Centre (JRC) PID: http://data.europa.eu/89h/2ff68a52-5b5b-4a22-8f40-c41da8332cfe, doi:10.2905/2FF68A52-5B5B-4A22-8F40-C41DA8332CFE GEM GLOBAL SEISMIC HAZARD MAP version 2023.1 K. Johnson, M. Villani, K. Bayliss, C. Brooks, S. Chandrasekhar, T. Chartier, Y. Chen, J. Garcia-Pelaez, R. Gee, R. Styron, A. Rood, M. Simionato, M. Pagani (2023). Global Earthquake Model (GEM) Seismic Hazard Map (version 2023.1 - June 2023), DOI: https://doi.org/10.5281/zenodo.8409647",Population exposed to earthquakes (class 10 MMI)
EX_SHA_POP_XXXX,Share of population exposed to earthquakes (class equal or greater than 6 MMI),%,"Schiavina M., Freire S., Carioli A., MacManus K. (2023): GHS-POP R2023A - GHS population grid multitemporal (1975-2030).European Commission, Joint Research Centre (JRC) PID: http://data.europa.eu/89h/2ff68a52-5b5b-4a22-8f40-c41da8332cfe, doi:10.2905/2FF68A52-5B5B-4A22-8F40-C41DA8332CFE GEM GLOBAL SEISMIC HAZARD MAP version 2023.1 K. Johnson, M. Villani, K. Bayliss, C. Brooks, S. Chandrasekhar, T. Chartier, Y. Chen, J. Garcia-Pelaez, R. Gee, R. Styron, A. Rood, M. Simionato, M. Pagani (2023). Global Earthquake Model (GEM) Seismic Hazard Map (version 2023.1 - June 2023), DOI: https://doi.org/10.5281/zenodo.8409647",Share of population exposed to earthquakes (class equal or greater than 6 MMI)
EX_E01_BUS_XXXX,Total built-up exposed to earthquakes (class 1 MMI),m2,"Pesaresi M., Politis P. (2023): GHS-BUILT-S R2023A - GHS built-up surface grid, derived from Sentinel2 composite and Landsat, multitemporal (1975-2030)European Commission, Joint Research Centre (JRC) PID: http://data.europa.eu/89h/9f06f36f-4b11-47ec-abb0-4f8b7b1d72ea, doi:10.2905/9F06F36F-4B11-47EC-ABB0-4F8B7B1D72EA GEM GLOBAL SEISMIC HAZARD MAP version 2023.1 K. Johnson, M. Villani, K. Bayliss, C. Brooks, S. Chandrasekhar, T. Chartier, Y. Chen, J. Garcia-Pelaez, R. Gee, R. Styron, A. Rood, M. Simionato, M. Pagani (2023). Global Earthquake Model (GEM) Seismic Hazard Map (version 2023.1 - June 2023), DOI: https://doi.org/10.5281/zenodo.8409647",Built-up exposed to earthquakes (class 1 MMI)
EX_E02_BUS_XXXX,Total built-up exposed to earthquakes (class 2-3 MMI),m2,"Pesaresi M., Politis P. (2023): GHS-BUILT-S R2023A - GHS built-up surface grid, derived from Sentinel2 composite and Landsat, multitemporal (1975-2030)European Commission, Joint Research Centre (JRC) PID: http://data.europa.eu/89h/9f06f36f-4b11-47ec-abb0-4f8b7b1d72ea, doi:10.2905/9F06F36F-4B11-47EC-ABB0-4F8B7B1D72EA GEM GLOBAL SEISMIC HAZARD MAP version 2023.1 K. Johnson, M. Villani, K. Bayliss, C. Brooks, S. Chandrasekhar, T. Chartier, Y. Chen, J. Garcia-Pelaez, R. Gee, R. Styron, A. Rood, M. Simionato, M. Pagani (2023). Global Earthquake Model (GEM) Seismic Hazard Map (version 2023.1 - June 2023), DOI: https://doi.org/10.5281/zenodo.8409647",Built-up exposed to earthquakes (class 2-3 MMI)
EX_E04_BUS_XXXX,Total built-up exposed to earthquakes (class 4 MMI),m2,"Pesaresi M., Politis P. (2023): GHS-BUILT-S R2023A - GHS built-up surface grid, derived from Sentinel2 composite and Landsat, multitemporal (1975-2030)European Commission, Joint Research Centre (JRC) PID: http://data.europa.eu/89h/9f06f36f-4b11-47ec-abb0-4f8b7b1d72ea, doi:10.2905/9F06F36F-4B11-47EC-ABB0-4F8B7B1D72EA GEM GLOBAL SEISMIC HAZARD MAP version 2023.1 K. Johnson, M. Villani, K. Bayliss, C. Brooks, S. Chandrasekhar, T. Chartier, Y. Chen, J. Garcia-Pelaez, R. Gee, R. Styron, A. Rood, M. Simionato, M. Pagani (2023). Global Earthquake Model (GEM) Seismic Hazard Map (version 2023.1 - June 2023), DOI: https://doi.org/10.5281/zenodo.8409647",Built-up exposed to earthquakes (class 4 MMI)
EX_E05_BUS_XXXX,Total built-up exposed to earthquakes (class 5 MMI),m2,"Pesaresi M., Politis P. (2023): GHS-BUILT-S R2023A - GHS built-up surface grid, derived from Sentinel2 composite and Landsat, multitemporal (1975-2030)European Commission, Joint Research Centre (JRC) PID: http://data.europa.eu/89h/9f06f36f-4b11-47ec-abb0-4f8b7b1d72ea, doi:10.2905/9F06F36F-4B11-47EC-ABB0-4F8B7B1D72EA GEM GLOBAL SEISMIC HAZARD MAP version 2023.1 K. Johnson, M. Villani, K. Bayliss, C. Brooks, S. Chandrasekhar, T. Chartier, Y. Chen, J. Garcia-Pelaez, R. Gee, R. Styron, A. Rood, M. Simionato, M. Pagani (2023). Global Earthquake Model (GEM) Seismic Hazard Map (version 2023.1 - June 2023), DOI: https://doi.org/10.5281/zenodo.8409647",Built-up exposed to earthquakes (class 5 MMI)
EX_E06_BUS_XXXX,Total built-up exposed to earthquakes (class 6 MMI),m2,"Pesaresi M., Politis P. (2023): GHS-BUILT-S R2023A - GHS built-up surface grid, derived from Sentinel2 composite and Landsat, multitemporal (1975-2030)European Commission, Joint Research Centre (JRC) PID: http://data.europa.eu/89h/9f06f36f-4b11-47ec-abb0-4f8b7b1d72ea, doi:10.2905/9F06F36F-4B11-47EC-ABB0-4F8B7B1D72EA GEM GLOBAL SEISMIC HAZARD MAP version 2023.1 K. Johnson, M. Villani, K. Bayliss, C. Brooks, S. Chandrasekhar, T. Chartier, Y. Chen, J. Garcia-Pelaez, R. Gee, R. Styron, A. Rood, M. Simionato, M. Pagani (2023). Global Earthquake Model (GEM) Seismic Hazard Map (version 2023.1 - June 2023), DOI: https://doi.org/10.5281/zenodo.8409647",Built-up exposed to earthquakes (class 6 MMI)
EX_E07_BUS_XXXX,Total built-up exposed to earthquakes (class 7 MMI),m2,"Pesaresi M., Politis P. (2023): GHS-BUILT-S R2023A - GHS built-up surface grid, derived from Sentinel2 composite and Landsat, multitemporal (1975-2030)European Commission, Joint Research Centre (JRC) PID: http://data.europa.eu/89h/9f06f36f-4b11-47ec-abb0-4f8b7b1d72ea, doi:10.2905/9F06F36F-4B11-47EC-ABB0-4F8B7B1D72EA GEM GLOBAL SEISMIC HAZARD MAP version 2023.1 K. Johnson, M. Villani, K. Bayliss, C. Brooks, S. Chandrasekhar, T. Chartier, Y. Chen, J. Garcia-Pelaez, R. Gee, R. Styron, A. Rood, M. Simionato, M. Pagani (2023). Global Earthquake Model (GEM) Seismic Hazard Map (version 2023.1 - June 2023), DOI: https://doi.org/10.5281/zenodo.8409647",Built-up exposed to earthquakes (class 7 MMI)
EX_E08_BUS_XXXX,Total built-up exposed to earthquakes (class 8 MMI),m2,"Pesaresi M., Politis P. (2023): GHS-BUILT-S R2023A - GHS built-up surface grid, derived from Sentinel2 composite and Landsat, multitemporal (1975-2030)European Commission, Joint Research Centre (JRC) PID: http://data.europa.eu/89h/9f06f36f-4b11-47ec-abb0-4f8b7b1d72ea, doi:10.2905/9F06F36F-4B11-47EC-ABB0-4F8B7B1D72EA GEM GLOBAL SEISMIC HAZARD MAP version 2023.1 K. Johnson, M. Villani, K. Bayliss, C. Brooks, S. Chandrasekhar, T. Chartier, Y. Chen, J. Garcia-Pelaez, R. Gee, R. Styron, A. Rood, M. Simionato, M. Pagani (2023). Global Earthquake Model (GEM) Seismic Hazard Map (version 2023.1 - June 2023), DOI: https://doi.org/10.5281/zenodo.8409647",Built-up exposed to earthquakes (class 8 MMI)
EX_E09_BUS_XXXX,Total built-up exposed to earthquakes (class 9 MMI),m2,"Pesaresi M., Politis P. (2023): GHS-BUILT-S R2023A - GHS built-up surface grid, derived from Sentinel2 composite and Landsat, multitemporal (1975-2030)European Commission, Joint Research Centre (JRC) PID: http://data.europa.eu/89h/9f06f36f-4b11-47ec-abb0-4f8b7b1d72ea, doi:10.2905/9F06F36F-4B11-47EC-ABB0-4F8B7B1D72EA GEM GLOBAL SEISMIC HAZARD MAP version 2023.1 K. Johnson, M. Villani, K. Bayliss, C. Brooks, S. Chandrasekhar, T. Chartier, Y. Chen, J. Garcia-Pelaez, R. Gee, R. Styron, A. Rood, M. Simionato, M. Pagani (2023). Global Earthquake Model (GEM) Seismic Hazard Map (version 2023.1 - June 2023), DOI: https://doi.org/10.5281/zenodo.8409647",Built-up exposed to earthquakes (class 9 MMI)
EX_E10_BUS_XXXX,Total built-up exposed to earthquakes (class 10 MMI),m2,"Pesaresi M., Politis P. (2023): GHS-BUILT-S R2023A - GHS built-up surface grid, derived from Sentinel2 composite and Landsat, multitemporal (1975-2030)European Commission, Joint Research Centre (JRC) PID: http://data.europa.eu/89h/9f06f36f-4b11-47ec-abb0-4f8b7b1d72ea, doi:10.2905/9F06F36F-4B11-47EC-ABB0-4F8B7B1D72EA GEM GLOBAL SEISMIC HAZARD MAP version 2023.1 K. Johnson, M. Villani, K. Bayliss, C. Brooks, S. Chandrasekhar, T. Chartier, Y. Chen, J. Garcia-Pelaez, R. Gee, R. Styron, A. Rood, M. Simionato, M. Pagani (2023). Global Earthquake Model (GEM) Seismic Hazard Map (version 2023.1 - June 2023), DOI: https://doi.org/10.5281/zenodo.8409647",Built-up exposed to earthquakes (class 10 MMI)
EX_SHA_BUS_XXXX,Share of total built-up exposed to earthquakes (class equal or greater than 6 MMI),%,"Pesaresi M., Politis P. (2023): GHS-BUILT-S R2023A - GHS built-up surface grid, derived from Sentinel2 composite and Landsat, multitemporal (1975-2030)European Commission, Joint Research Centre (JRC) PID: http://data.europa.eu/89h/9f06f36f-4b11-47ec-abb0-4f8b7b1d72ea, doi:10.2905/9F06F36F-4B11-47EC-ABB0-4F8B7B1D72EA GEM GLOBAL SEISMIC HAZARD MAP version 2023.1 K. Johnson, M. Villani, K. Bayliss, C. Brooks, S. Chandrasekhar, T. Chartier, Y. Chen, J. Garcia-Pelaez, R. Gee, R. Styron, A. Rood, M. Simionato, M. Pagani (2023). Global Earthquake Model (GEM) Seismic Hazard Map (version 2023.1 - June 2023), DOI: https://doi.org/10.5281/zenodo.8409647",Share of total built-up exposed to earthquakes (class equal or greater than 6 MMI)
EX_E01_NRE_XXXX,Non-residential built-up exposed to earthquakes (class 1 MMI),m2,"Pesaresi M., Politis P. (2023): GHS-BUILT-S R2023A - GHS built-up surface grid, derived from Sentinel2 composite and Landsat, multitemporal (1975-2030)European Commission, Joint Research Centre (JRC) PID: http://data.europa.eu/89h/9f06f36f-4b11-47ec-abb0-4f8b7b1d72ea, doi:10.2905/9F06F36F-4B11-47EC-ABB0-4F8B7B1D72EA GEM GLOBAL SEISMIC HAZARD MAP version 2023.1 K. Johnson, M. Villani, K. Bayliss, C. Brooks, S. Chandrasekhar, T. Chartier, Y. Chen, J. Garcia-Pelaez, R. Gee, R. Styron, A. Rood, M. Simionato, M. Pagani (2023). Global Earthquake Model (GEM) Seismic Hazard Map (version 2023.1 - June 2023), DOI: https://doi.org/10.5281/zenodo.8409647",Non-residential built-up exposed to earthquakes (class 1 MMI)
EX_E02_NRE_XXXX,Non-residential built-up exposed to earthquakes (class 2-3 MMI),m2,"Pesaresi M., Politis P. (2023): GHS-BUILT-S R2023A - GHS built-up surface grid, derived from Sentinel2 composite and Landsat, multitemporal (1975-2030)European Commission, Joint Research Centre (JRC) PID: http://data.europa.eu/89h/9f06f36f-4b11-47ec-abb0-4f8b7b1d72ea, doi:10.2905/9F06F36F-4B11-47EC-ABB0-4F8B7B1D72EA GEM GLOBAL SEISMIC HAZARD MAP version 2023.1 K. Johnson, M. Villani, K. Bayliss, C. Brooks, S. Chandrasekhar, T. Chartier, Y. Chen, J. Garcia-Pelaez, R. Gee, R. Styron, A. Rood, M. Simionato, M. Pagani (2023). Global Earthquake Model (GEM) Seismic Hazard Map (version 2023.1 - June 2023), DOI: https://doi.org/10.5281/zenodo.8409647",Non-residential built-up exposed to earthquakes (class 2-3 MMI)
EX_E04_NRE_XXXX,Non-residential built-up exposed to earthquakes (class 4 MMI),m2,"Pesaresi M., Politis P. (2023): GHS-BUILT-S R2023A - GHS built-up surface grid, derived from Sentinel2 composite and Landsat, multitemporal (1975-2030)European Commission, Joint Research Centre (JRC) PID: http://data.europa.eu/89h/9f06f36f-4b11-47ec-abb0-4f8b7b1d72ea, doi:10.2905/9F06F36F-4B11-47EC-ABB0-4F8B7B1D72EA GEM GLOBAL SEISMIC HAZARD MAP version 2023.1 K. Johnson, M. Villani, K. Bayliss, C. Brooks, S. Chandrasekhar, T. Chartier, Y. Chen, J. Garcia-Pelaez, R. Gee, R. Styron, A. Rood, M. Simionato, M. Pagani (2023). Global Earthquake Model (GEM) Seismic Hazard Map (version 2023.1 - June 2023), DOI: https://doi.org/10.5281/zenodo.8409647",Non-residential built-up exposed to earthquakes (class 4 MMI)
EX_E05_NRE_XXXX,Non-residential built-up exposed to earthquakes (class 5 MMI),m2,"Pesaresi M., Politis P. (2023): GHS-BUILT-S R2023A - GHS built-up surface grid, derived from Sentinel2 composite and Landsat, multitemporal (1975-2030)European Commission, Joint Research Centre (JRC) PID: http://data.europa.eu/89h/9f06f36f-4b11-47ec-abb0-4f8b7b1d72ea, doi:10.2905/9F06F36F-4B11-47EC-ABB0-4F8B7B1D72EA GEM GLOBAL SEISMIC HAZARD MAP version 2023.1 K. Johnson, M. Villani, K. Bayliss, C. Brooks, S. Chandrasekhar, T. Chartier, Y. Chen, J. Garcia-Pelaez, R. Gee, R. Styron, A. Rood, M. Simionato, M. Pagani (2023). Global Earthquake Model (GEM) Seismic Hazard Map (version 2023.1 - June 2023), DOI: https://doi.org/10.5281/zenodo.8409647",Non-residential built-up exposed to earthquakes (class 5 MMI)
EX_E06_NRE_XXXX,Non-residential built-up exposed to earthquakes (class 6 MMI),m2,"Pesaresi M., Politis P. (2023): GHS-BUILT-S R2023A - GHS built-up surface grid, derived from Sentinel2 composite and Landsat, multitemporal (1975-2030)European Commission, Joint Research Centre (JRC) PID: http://data.europa.eu/89h/9f06f36f-4b11-47ec-abb0-4f8b7b1d72ea, doi:10.2905/9F06F36F-4B11-47EC-ABB0-4F8B7B1D72EA GEM GLOBAL SEISMIC HAZARD MAP version 2023.1 K. Johnson, M. Villani, K. Bayliss, C. Brooks, S. Chandrasekhar, T. Chartier, Y. Chen, J. Garcia-Pelaez, R. Gee, R. Styron, A. Rood, M. Simionato, M. Pagani (2023). Global Earthquake Model (GEM) Seismic Hazard Map (version 2023.1 - June 2023), DOI: https://doi.org/10.5281/zenodo.8409647",Non-residential built-up exposed to earthquakes (class 6 MMI)
EX_E07_NRE_XXXX,Non-residential built-up exposed to earthquakes (class 7 MMI),m2,"Pesaresi M., Politis P. (2023): GHS-BUILT-S R2023A - GHS built-up surface grid, derived from Sentinel2 composite and Landsat, multitemporal (1975-2030)European Commission, Joint Research Centre (JRC) PID: http://data.europa.eu/89h/9f06f36f-4b11-47ec-abb0-4f8b7b1d72ea, doi:10.2905/9F06F36F-4B11-47EC-ABB0-4F8B7B1D72EA GEM GLOBAL SEISMIC HAZARD MAP version 2023.1 K. Johnson, M. Villani, K. Bayliss, C. Brooks, S. Chandrasekhar, T. Chartier, Y. Chen, J. Garcia-Pelaez, R. Gee, R. Styron, A. Rood, M. Simionato, M. Pagani (2023). Global Earthquake Model (GEM) Seismic Hazard Map (version 2023.1 - June 2023), DOI: https://doi.org/10.5281/zenodo.8409647",Non-residential built-up exposed to earthquakes (class 7 MMI)
EX_E08_NRE_XXXX,Non-residential built-up exposed to earthquakes (class 8 MMI),m2,"Pesaresi M., Politis P. (2023): GHS-BUILT-S R2023A - GHS built-up surface grid, derived from Sentinel2 composite and Landsat, multitemporal (1975-2030)European Commission, Joint Research Centre (JRC) PID: http://data.europa.eu/89h/9f06f36f-4b11-47ec-abb0-4f8b7b1d72ea, doi:10.2905/9F06F36F-4B11-47EC-ABB0-4F8B7B1D72EA GEM GLOBAL SEISMIC HAZARD MAP version 2023.1 K. Johnson, M. Villani, K. Bayliss, C. Brooks, S. Chandrasekhar, T. Chartier, Y. Chen, J. Garcia-Pelaez, R. Gee, R. Styron, A. Rood, M. Simionato, M. Pagani (2023). Global Earthquake Model (GEM) Seismic Hazard Map (version 2023.1 - June 2023), DOI: https://doi.org/10.5281/zenodo.8409647",Non-residential built-up exposed to earthquakes (class 8 MMI)
EX_E09_NRE_XXXX,Non-residential built-up exposed to earthquakes (class 9 MMI),m2,"Pesaresi M., Politis P. (2023): GHS-BUILT-S R2023A - GHS built-up surface grid, derived from Sentinel2 composite and Landsat, multitemporal (1975-2030)European Commission, Joint Research Centre (JRC) PID: http://data.europa.eu/89h/9f06f36f-4b11-47ec-abb0-4f8b7b1d72ea, doi:10.2905/9F06F36F-4B11-47EC-ABB0-4F8B7B1D72EA GEM GLOBAL SEISMIC HAZARD MAP version 2023.1 K. Johnson, M. Villani, K. Bayliss, C. Brooks, S. Chandrasekhar, T. Chartier, Y. Chen, J. Garcia-Pelaez, R. Gee, R. Styron, A. Rood, M. Simionato, M. Pagani (2023). Global Earthquake Model (GEM) Seismic Hazard Map (version 2023.1 - June 2023), DOI: https://doi.org/10.5281/zenodo.8409647",Non-residential built-up exposed to earthquakes (class 9 MMI)
EX_E10_NRE_XXXX,Non-residential built-up exposed to earthquakes (class 10 MMI),m2,"Pesaresi M., Politis P. (2023): GHS-BUILT-S R2023A - GHS built-up surface grid, derived from Sentinel2 composite and Landsat, multitemporal (1975-2030)European Commission, Joint Research Centre (JRC) PID: http://data.europa.eu/89h/9f06f36f-4b11-47ec-abb0-4f8b7b1d72ea, doi:10.2905/9F06F36F-4B11-47EC-ABB0-4F8B7B1D72EA GEM GLOBAL SEISMIC HAZARD MAP version 2023.1 K. Johnson, M. Villani, K. Bayliss, C. Brooks, S. Chandrasekhar, T. Chartier, Y. Chen, J. Garcia-Pelaez, R. Gee, R. Styron, A. Rood, M. Simionato, M. Pagani (2023). Global Earthquake Model (GEM) Seismic Hazard Map (version 2023.1 - June 2023), DOI: https://doi.org/10.5281/zenodo.8409647",Non-residential built-up exposed to earthquakes (class 10 MMI)
EX_SHA_RES_XXXX,Share of non-residential built-up exposed to earthquakes (class equal or greater than 6 MMI),%,"Pesaresi M., Politis P. (2023): GHS-BUILT-S R2023A - GHS built-up surface grid, derived from Sentinel2 composite and Landsat, multitemporal (1975-2030)European Commission, Joint Research Centre (JRC) PID: http://data.europa.eu/89h/9f06f36f-4b11-47ec-abb0-4f8b7b1d72ea, doi:10.2905/9F06F36F-4B11-47EC-ABB0-4F8B7B1D72EA GEM GLOBAL SEISMIC HAZARD MAP version 2023.1 K. Johnson, M. Villani, K. Bayliss, C. Brooks, S. Chandrasekhar, T. Chartier, Y. Chen, J. Garcia-Pelaez, R. Gee, R. Styron, A. Rood, M. Simionato, M. Pagani (2023). Global Earthquake Model (GEM) Seismic Hazard Map (version 2023.1 - June 2023), DOI: https://doi.org/10.5281/zenodo.8409647",Share of non-residential built-up exposed to earthquakes (class equal or greater than 6 MMI)
EX_L05_POP_XXXX,Population living below 5 m LECZ,Number of inhabitants,"Schiavina M., Freire S., Carioli A., MacManus K. (2023): GHS-POP R2023A - GHS population grid multitemporal (1975-2030).European Commission, Joint Research Centre (JRC) PID: http://data.europa.eu/89h/2ff68a52-5b5b-4a22-8f40-c41da8332cfe, doi:10.2905/2FF68A52-5B5B-4A22-8F40-C41DA8332CFE Center for International Earth Science Information Network (CIESIN), Columbia University, and CUNY Institute for Demographic Research (CIDR), City University of New York. 2021. Low Elevation Coastal Zone (LECZ) Urban-Rural Population and Land Area Estimates, Version 3. Palisades, NY: NASA Socioeconomic Data and Applications Center (SEDAC). https://doi.org/10.7927/d1x1-d702. Accessed 18/05/2021.",Population living in the areas of the urban center which elevation is 5 m above the sea level
EX_L10_POP_XXXX,Population living between 5 and 10 m LECZ,Number of inhabitants,"Schiavina M., Freire S., Carioli A., MacManus K. (2023): GHS-POP R2023A - GHS population grid multitemporal (1975-2030).European Commission, Joint Research Centre (JRC) PID: http://data.europa.eu/89h/2ff68a52-5b5b-4a22-8f40-c41da8332cfe, doi:10.2905/2FF68A52-5B5B-4A22-8F40-C41DA8332CFE Center for International Earth Science Information Network (CIESIN), Columbia University, and CUNY Institute for Demographic Research (CIDR), City University of New York. 2021. Low Elevation Coastal Zone (LECZ) Urban-Rural Population and Land Area Estimates, Version 3. Palisades, NY: NASA Socioeconomic Data and Applications Center (SEDAC). https://doi.org/10.7927/d1x1-d702. Accessed 18/05/2021.",Population living in the areas of the urban center which elevation is between 5 and 10m above the sea level
EX_L05_SHP_XXXX,Share of population living below 5 m LECZ,%,"Schiavina M., Freire S., Carioli A., MacManus K. (2023): GHS-POP R2023A - GHS population grid multitemporal (1975-2030).European Commission, Joint Research Centre (JRC) PID: http://data.europa.eu/89h/2ff68a52-5b5b-4a22-8f40-c41da8332cfe, doi:10.2905/2FF68A52-5B5B-4A22-8F40-C41DA8332CFE Center for International Earth Science Information Network (CIESIN), Columbia University, and CUNY Institute for Demographic Research (CIDR), City University of New York. 2021. Low Elevation Coastal Zone (LECZ) Urban-Rural Population and Land Area Estimates, Version 3. Palisades, NY: NASA Socioeconomic Data and Applications Center (SEDAC). https://doi.org/10.7927/d1x1-d702. Accessed 18/05/2021.",Share of population living in the areas of the urban center which elevation is 5 m above the sea level
EX_L10_SHP_XXXX,Share of population living between 5 and 10 m LECZ,%,"Schiavina M., Freire S., Carioli A., MacManus K. (2023): GHS-POP R2023A - GHS population grid multitemporal (1975-2030).European Commission, Joint Research Centre (JRC) PID: http://data.europa.eu/89h/2ff68a52-5b5b-4a22-8f40-c41da8332cfe, doi:10.2905/2FF68A52-5B5B-4A22-8F40-C41DA8332CFE Center for International Earth Science Information Network (CIESIN), Columbia University, and CUNY Institute for Demographic Research (CIDR), City University of New York. 2021. Low Elevation Coastal Zone (LECZ) Urban-Rural Population and Land Area Estimates, Version 3. Palisades, NY: NASA Socioeconomic Data and Applications Center (SEDAC). https://doi.org/10.7927/d1x1-d702. Accessed 18/05/2021.",Share of population living in the areas of the urban center which elevation is between 5 and 10 m above the sea level
EX_LEC_SHP_XXXX,Share of population living below 10 m LECZ,%,"Schiavina M., Freire S., Carioli A., MacManus K. (2023): GHS-POP R2023A - GHS population grid multitemporal (1975-2030).European Commission, Joint Research Centre (JRC) PID: http://data.europa.eu/89h/2ff68a52-5b5b-4a22-8f40-c41da8332cfe, doi:10.2905/2FF68A52-5B5B-4A22-8F40-C41DA8332CFE Center for International Earth Science Information Network (CIESIN), Columbia University, and CUNY Institute for Demographic Research (CIDR), City University of New York. 2021. Low Elevation Coastal Zone (LECZ) Urban-Rural Population and Land Area Estimates, Version 3. Palisades, NY: NASA Socioeconomic Data and Applications Center (SEDAC). https://doi.org/10.7927/d1x1-d702. Accessed 18/05/2021.",Share of population living in the areas of the urban center which elevation is below 10 m above the sea level.
EX_L05_BUS_XXXX,Total Built-up situated below 5 m LECZ,m2,"Pesaresi M., Politis P. (2023): GHS-BUILT-S R2023A - GHS built-up surface grid, derived from Sentinel2 composite and Landsat, multitemporal (1975-2030) European Commission, Joint Research Centre (JRC) PID: http://data.europa.eu/89h/9f06f36f-4b11-47ec-abb0-4f8b7b1d72ea, doi:10.2905/9F06F36F-4B11-47EC-ABB0-4F8B7B1D72EA Center for International Earth Science Information Network (CIESIN), Columbia University, and CUNY Institute for Demographic Research (CIDR), City University of New York. 2021. Low Elevation Coastal Zone (LECZ) Urban-Rural Population and Land Area Estimates, Version 3. Palisades, NY: NASA Socioeconomic Data and Applications Center (SEDAC). https://doi.org/10.7927/d1x1-d702. Accessed 18/05/2021.",Total built-up area in the areas of the urban center which elevation is below 5m above the sea level.
EX_L10_BUS_XXXX,Total Built-up situated between 5 and 10m LECZ,m2,"Pesaresi M., Politis P. (2023): GHS-BUILT-S R2023A - GHS built-up surface grid, derived from Sentinel2 composite and Landsat, multitemporal (1975-2030) European Commission, Joint Research Centre (JRC) PID: http://data.europa.eu/89h/9f06f36f-4b11-47ec-abb0-4f8b7b1d72ea, doi:10.2905/9F06F36F-4B11-47EC-ABB0-4F8B7B1D72EA Center for International Earth Science Information Network (CIESIN), Columbia University, and CUNY Institute for Demographic Research (CIDR), City University of New York. 2021. Low Elevation Coastal Zone (LECZ) Urban-Rural Population and Land Area Estimates, Version 3. Palisades, NY: NASA Socioeconomic Data and Applications Center (SEDAC). https://doi.org/10.7927/d1x1-d702. Accessed 18/05/2021.",Total built-up area in the areas of the urban center which elevation is between 5 and 10m above the sea level.
EX_L05_SHB_XXXX,Share of total built-up below 5 m LECZ,%,"Pesaresi M., Politis P. (2023): GHS-BUILT-S R2023A - GHS built-up surface grid, derived from Sentinel2 composite and Landsat, multitemporal (1975-2030) European Commission, Joint Research Centre (JRC) PID: http://data.europa.eu/89h/9f06f36f-4b11-47ec-abb0-4f8b7b1d72ea, doi:10.2905/9F06F36F-4B11-47EC-ABB0-4F8B7B1D72EA Center for International Earth Science Information Network (CIESIN), Columbia University, and CUNY Institute for Demographic Research (CIDR), City University of New York. 2021. Low Elevation Coastal Zone (LECZ) Urban-Rural Population and Land Area Estimates, Version 3. Palisades, NY: NASA Socioeconomic Data and Applications Center (SEDAC). https://doi.org/10.7927/d1x1-d702. Accessed 18/05/2021.",Share of total built-up in the areas of the urban center which elevation is below 5 m above the sea level.
EX_L10_SHB_XXXX,Share of total built-up between 5 and 10 m LECZ,%,"Pesaresi M., Politis P. (2023): GHS-BUILT-S R2023A - GHS built-up surface grid, derived from Sentinel2 composite and Landsat, multitemporal (1975-2030) European Commission, Joint Research Centre (JRC) PID: http://data.europa.eu/89h/9f06f36f-4b11-47ec-abb0-4f8b7b1d72ea, doi:10.2905/9F06F36F-4B11-47EC-ABB0-4F8B7B1D72EA Center for International Earth Science Information Network (CIESIN), Columbia University, and CUNY Institute for Demographic Research (CIDR), City University of New York. 2021. Low Elevation Coastal Zone (LECZ) Urban-Rural Population and Land Area Estimates, Version 3. Palisades, NY: NASA Socioeconomic Data and Applications Center (SEDAC). https://doi.org/10.7927/d1x1-d702. Accessed 18/05/2021.",Share of total built-up in the areas of the urban center which elevation is between 5 and 10 m above the sea level.
EX_LEC_SHB_XXXX,Share of total built-up below 10 m LECZ,%,"Pesaresi M., Politis P. (2023): GHS-BUILT-S R2023A - GHS built-up surface grid, derived from Sentinel2 composite and Landsat, multitemporal (1975-2030) European Commission, Joint Research Centre (JRC) PID: http://data.europa.eu/89h/9f06f36f-4b11-47ec-abb0-4f8b7b1d72ea, doi:10.2905/9F06F36F-4B11-47EC-ABB0-4F8B7B1D72EA Center for International Earth Science Information Network (CIESIN), Columbia University, and CUNY Institute for Demographic Research (CIDR), City University of New York. 2021. Low Elevation Coastal Zone (LECZ) Urban-Rural Population and Land Area Estimates, Version 3. Palisades, NY: NASA Socioeconomic Data and Applications Center (SEDAC). https://doi.org/10.7927/d1x1-d702. Accessed 18/05/2021.",Share of total built-up in the areas of the urban center which elevation is below 10 m above the sea level.
EX_L05_NRE_XXXX,Non-residential Built-up situated below 5 m LECZ,m2,"Pesaresi M., Politis P. (2023): GHS-BUILT-S R2023A - GHS built-up surface grid, derived from Sentinel2 composite and Landsat, multitemporal (1975-2030) European Commission, Joint Research Centre (JRC) PID: http://data.europa.eu/89h/9f06f36f-4b11-47ec-abb0-4f8b7b1d72ea, doi:10.2905/9F06F36F-4B11-47EC-ABB0-4F8B7B1D72EA Center for International Earth Science Information Network (CIESIN), Columbia University, and CUNY Institute for Demographic Research (CIDR), City University of New York. 2021. Low Elevation Coastal Zone (LECZ) Urban-Rural Population and Land Area Estimates, Version 3. Palisades, NY: NASA Socioeconomic Data and Applications Center (SEDAC). https://doi.org/10.7927/d1x1-d702. Accessed 18/05/2021.",Non-residential built-up area in the areas of the urban center which elevation is below 5m above the sea level.
EX_L10_NRE_XXXX,Non-residential built-up situated between 5 and 10m LECZ,m2,"Pesaresi M., Politis P. (2023): GHS-BUILT-S R2023A - GHS built-up surface grid, derived from Sentinel2 composite and Landsat, multitemporal (1975-2030) European Commission, Joint Research Centre (JRC) PID: http://data.europa.eu/89h/9f06f36f-4b11-47ec-abb0-4f8b7b1d72ea, doi:10.2905/9F06F36F-4B11-47EC-ABB0-4F8B7B1D72EA Center for International Earth Science Information Network (CIESIN), Columbia University, and CUNY Institute for Demographic Research (CIDR), City University of New York. 2021. Low Elevation Coastal Zone (LECZ) Urban-Rural Population and Land Area Estimates, Version 3. Palisades, NY: NASA Socioeconomic Data and Applications Center (SEDAC). https://doi.org/10.7927/d1x1-d702. Accessed 18/05/2021.",Non-residential built-up area in the areas of the urban center which elevation is between 5 and 10m above the sea level.
EX_L05_SNR_XXXX,Share of non-residential built-up below 5 m LECZ,%,"Pesaresi M., Politis P. (2023): GHS-BUILT-S R2023A - GHS built-up surface grid, derived from Sentinel2 composite and Landsat, multitemporal (1975-2030) European Commission, Joint Research Centre (JRC) PID: http://data.europa.eu/89h/9f06f36f-4b11-47ec-abb0-4f8b7b1d72ea, doi:10.2905/9F06F36F-4B11-47EC-ABB0-4F8B7B1D72EA Center for International Earth Science Information Network (CIESIN), Columbia University, and CUNY Institute for Demographic Research (CIDR), City University of New York. 2021. Low Elevation Coastal Zone (LECZ) Urban-Rural Population and Land Area Estimates, Version 3. Palisades, NY: NASA Socioeconomic Data and Applications Center (SEDAC). https://doi.org/10.7927/d1x1-d702. Accessed 18/05/2021.",Share of non-residential built-up in the areas of the urban center which elevation is below 5 m above the sea level.
EX_L10_SNR_XXXX,Share of non-residential built-up between 5 and 10 m LECZ,%,"Pesaresi M., Politis P. (2023): GHS-BUILT-S R2023A - GHS built-up surface grid, derived from Sentinel2 composite and Landsat, multitemporal (1975-2030) European Commission, Joint Research Centre (JRC) PID: http://data.europa.eu/89h/9f06f36f-4b11-47ec-abb0-4f8b7b1d72ea, doi:10.2905/9F06F36F-4B11-47EC-ABB0-4F8B7B1D72EA Center for International Earth Science Information Network (CIESIN), Columbia University, and CUNY Institute for Demographic Research (CIDR), City University of New York. 2021. Low Elevation Coastal Zone (LECZ) Urban-Rural Population and Land Area Estimates, Version 3. Palisades, NY: NASA Socioeconomic Data and Applications Center (SEDAC). https://doi.org/10.7927/d1x1-d702. Accessed 18/05/2021.",Share of non-residential built-up in the areas of the urban center which elevation is between 5 and 10 m above the sea level.
EX_LEC_SNR_XXXX,Share of non-residential built-up below 10 m LECZ,%,"Pesaresi M., Politis P. (2023): GHS-BUILT-S R2023A - GHS built-up surface grid, derived from Sentinel2 composite and Landsat, multitemporal (1975-2030) European Commission, Joint Research Centre (JRC) PID: http://data.europa.eu/89h/9f06f36f-4b11-47ec-abb0-4f8b7b1d72ea, doi:10.2905/9F06F36F-4B11-47EC-ABB0-4F8B7B1D72EA Center for International Earth Science Information Network (CIESIN), Columbia University, and CUNY Institute for Demographic Research (CIDR), City University of New York. 2021. Low Elevation Coastal Zone (LECZ) Urban-Rural Population and Land Area Estimates, Version 3. Palisades, NY: NASA Socioeconomic Data and Applications Center (SEDAC). https://doi.org/10.7927/d1x1-d702. Accessed 18/05/2021.",Share of non-residential built-up in the areas of the urban center which elevation is below 10 m above the sea level.
EX_L05_RES_XXXX,Residential Built-up situated below 5 m LECZ,m2,"Pesaresi M., Politis P. (2023): GHS-BUILT-S R2023A - GHS built-up surface grid, derived from Sentinel2 composite and Landsat, multitemporal (1975-2030) European Commission, Joint Research Centre (JRC) PID: http://data.europa.eu/89h/9f06f36f-4b11-47ec-abb0-4f8b7b1d72ea, doi:10.2905/9F06F36F-4B11-47EC-ABB0-4F8B7B1D72EA Center for International Earth Science Information Network (CIESIN), Columbia University, and CUNY Institute for Demographic Research (CIDR), City University of New York. 2021. Low Elevation Coastal Zone (LECZ) Urban-Rural Population and Land Area Estimates, Version 3. Palisades, NY: NASA Socioeconomic Data and Applications Center (SEDAC). https://doi.org/10.7927/d1x1-d702. Accessed 18/05/2021.",Residential built-up area in the areas of the urban center which elevation is below 5m above the sea level.
EX_L10_NRE_XXXX,Residential built-up situated between 5 and 10m LECZ,m2,"Pesaresi M., Politis P. (2023): GHS-BUILT-S R2023A - GHS built-up surface grid, derived from Sentinel2 composite and Landsat, multitemporal (1975-2030) European Commission, Joint Research Centre (JRC) PID: http://data.europa.eu/89h/9f06f36f-4b11-47ec-abb0-4f8b7b1d72ea, doi:10.2905/9F06F36F-4B11-47EC-ABB0-4F8B7B1D72EA Center for International Earth Science Information Network (CIESIN), Columbia University, and CUNY Institute for Demographic Research (CIDR), City University of New York. 2021. Low Elevation Coastal Zone (LECZ) Urban-Rural Population and Land Area Estimates, Version 3. Palisades, NY: NASA Socioeconomic Data and Applications Center (SEDAC). https://doi.org/10.7927/d1x1-d702. Accessed 18/05/2021.",Non-residential built-up area in the areas of the urban center which elevation is between 5 and 10m above the sea level.
EX_L05_SHR_XXXX,Share of residential built-up below 5 m LECZ,%,"Pesaresi M., Politis P. (2023): GHS-BUILT-S R2023A - GHS built-up surface grid, derived from Sentinel2 composite and Landsat, multitemporal (1975-2030) European Commission, Joint Research Centre (JRC) PID: http://data.europa.eu/89h/9f06f36f-4b11-47ec-abb0-4f8b7b1d72ea, doi:10.2905/9F06F36F-4B11-47EC-ABB0-4F8B7B1D72EA Center for International Earth Science Information Network (CIESIN), Columbia University, and CUNY Institute for Demographic Research (CIDR), City University of New York. 2021. Low Elevation Coastal Zone (LECZ) Urban-Rural Population and Land Area Estimates, Version 3. Palisades, NY: NASA Socioeconomic Data and Applications Center (SEDAC). https://doi.org/10.7927/d1x1-d702. Accessed 18/05/2021.",Share of residential built-up in the areas of the urban center which elevation is below 5 m above the sea level.
EX_L10_SHR_XXXX,Share of non-residential built-up between 5 and 10 m LECZ,%,"Pesaresi M., Politis P. (2023): GHS-BUILT-S R2023A - GHS built-up surface grid, derived from Sentinel2 composite and Landsat, multitemporal (1975-2030) European Commission, Joint Research Centre (JRC) PID: http://data.europa.eu/89h/9f06f36f-4b11-47ec-abb0-4f8b7b1d72ea, doi:10.2905/9F06F36F-4B11-47EC-ABB0-4F8B7B1D72EA Center for International Earth Science Information Network (CIESIN), Columbia University, and CUNY Institute for Demographic Research (CIDR), City University of New York. 2021. Low Elevation Coastal Zone (LECZ) Urban-Rural Population and Land Area Estimates, Version 3. Palisades, NY: NASA Socioeconomic Data and Applications Center (SEDAC). https://doi.org/10.7927/d1x1-d702. Accessed 18/05/2021.",Share of residential built-up in the areas of the urban center which elevation is between 5 and 10 m above the sea level.
EX_LEC_SHR_XXXX,Share of residential built-up below 10 m LECZ,%,"Pesaresi M., Politis P. (2023): GHS-BUILT-S R2023A - GHS built-up surface grid, derived from Sentinel2 composite and Landsat, multitemporal (1975-2030) European Commission, Joint Research Centre (JRC) PID: http://data.europa.eu/89h/9f06f36f-4b11-47ec-abb0-4f8b7b1d72ea, doi:10.2905/9F06F36F-4B11-47EC-ABB0-4F8B7B1D72EA Center for International Earth Science Information Network (CIESIN), Columbia University, and CUNY Institute for Demographic Research (CIDR), City University of New York. 2021. Low Elevation Coastal Zone (LECZ) Urban-Rural Population and Land Area Estimates, Version 3. Palisades, NY: NASA Socioeconomic Data and Applications Center (SEDAC). https://doi.org/10.7927/d1x1-d702. Accessed 18/05/2021.",Share of residential built-up in the areas of the urban center which elevation is below 10 m above the sea level.
EX_L05_P11_XXXX,Population living in BUTYPE 11 (residential prevalent 1-2 floors) in LECZ (below 5m),Number of inhabitants,"Schiavina M., Freire S., Carioli A., MacManus K. (2023): GHS-POP R2023A - GHS population grid multitemporal (1975-2030).European Commission, Joint Research Centre (JRC) PID: http://data.europa.eu/89h/2ff68a52-5b5b-4a22-8f40-c41da8332cfe, doi:10.2905/2FF68A52-5B5B-4A22-8F40-C41DA8332CFE Pesaresi, M., Schiavina, M., Politis, P., Freire, S., Krasnodębska, K., Uhl, J. H., Alessandra Carioli, Christina Corbane, Lewis Dijkstra, Pietro Florio, Hannah K. Friedrich, Jing Gao, Stefan Leyk, Linlin Lu, Luca Maffenini, Ines Mari-Rivero, Michele Melchiorri, Vasileios Syrris, Jamon Van Den Hoek & Kemper, T. (2024). Advances on the Global Human Settlement Layer by joint assessment of Earth Observation and population survey data. International Journal of Digital Earth, 17(1). https://doi.org/10.1080/17538947.2024.2390454 Center for International Earth Science Information Network (CIESIN), Columbia University, and CUNY Institute for Demographic Research (CIDR), City University of New York. 2021. Low Elevation Coastal Zone (LECZ) Urban-Rural Population and Land Area Estimates, Version 3. Palisades, NY: NASA Socioeconomic Data and Applications Center (SEDAC). https://doi.org/10.7927/d1x1-d702. Accessed 18/05/2021.",Population living in BUTYPE class 11 (residential prevalent 1-2 floors) which elevation is 5 m above the sea level.
EX_L05_P12_XXXX,Population living in BUTYPE 12 (residential prevalent 3-7 floors) in LECZ (below 5m),Number of inhabitants,"Schiavina M., Freire S., Carioli A., MacManus K. (2023): GHS-POP R2023A - GHS population grid multitemporal (1975-2030).European Commission, Joint Research Centre (JRC) PID: http://data.europa.eu/89h/2ff68a52-5b5b-4a22-8f40-c41da8332cfe, doi:10.2905/2FF68A52-5B5B-4A22-8F40-C41DA8332CFE Pesaresi, M., Schiavina, M., Politis, P., Freire, S., Krasnodębska, K., Uhl, J. H., Alessandra Carioli, Christina Corbane, Lewis Dijkstra, Pietro Florio, Hannah K. Friedrich, Jing Gao, Stefan Leyk, Linlin Lu, Luca Maffenini, Ines Mari-Rivero, Michele Melchiorri, Vasileios Syrris, Jamon Van Den Hoek & Kemper, T. (2024). Advances on the Global Human Settlement Layer by joint assessment of Earth Observation and population survey data. International Journal of Digital Earth, 17(1). https://doi.org/10.1080/17538947.2024.2390454 Center for International Earth Science Information Network (CIESIN), Columbia University, and CUNY Institute for Demographic Research (CIDR), City University of New York. 2021. Low Elevation Coastal Zone (LECZ) Urban-Rural Population and Land Area Estimates, Version 3. Palisades, NY: NASA Socioeconomic Data and Applications Center (SEDAC). https://doi.org/10.7927/d1x1-d702. Accessed 18/05/2021.",Population living in BUTYPE class 12 (residential prevalent 3-7 floors) which elevation is 5 m above the sea level.
EX_L05_P13_XXXX,Population living in BUTYPE 13 (residential prevalent > 8 floors) in LECZ (below 5m),Number of inhabitants,"Schiavina M., Freire S., Carioli A., MacManus K. (2023): GHS-POP R2023A - GHS population grid multitemporal (1975-2030).European Commission, Joint Research Centre (JRC) PID: http://data.europa.eu/89h/2ff68a52-5b5b-4a22-8f40-c41da8332cfe, doi:10.2905/2FF68A52-5B5B-4A22-8F40-C41DA8332CFE Pesaresi, M., Schiavina, M., Politis, P., Freire, S., Krasnodębska, K., Uhl, J. H., Alessandra Carioli, Christina Corbane, Lewis Dijkstra, Pietro Florio, Hannah K. Friedrich, Jing Gao, Stefan Leyk, Linlin Lu, Luca Maffenini, Ines Mari-Rivero, Michele Melchiorri, Vasileios Syrris, Jamon Van Den Hoek & Kemper, T. (2024). Advances on the Global Human Settlement Layer by joint assessment of Earth Observation and population survey data. International Journal of Digital Earth, 17(1). https://doi.org/10.1080/17538947.2024.2390454 Center for International Earth Science Information Network (CIESIN), Columbia University, and CUNY Institute for Demographic Research (CIDR), City University of New York. 2021. Low Elevation Coastal Zone (LECZ) Urban-Rural Population and Land Area Estimates, Version 3. Palisades, NY: NASA Socioeconomic Data and Applications Center (SEDAC). https://doi.org/10.7927/d1x1-d702. Accessed 18/05/2021.",Population living in BUTYPE class 13 (residential prevalent > 8 floors) which elevation is 5 m above the sea level.
EX_L05_P21_XXXX,Population living in BUTYPE 21 (non-residential prevalent 1-2 floors) in LECZ (below 5m),Number of inhabitants,"Schiavina M., Freire S., Carioli A., MacManus K. (2023): GHS-POP R2023A - GHS population grid multitemporal (1975-2030).European Commission, Joint Research Centre (JRC) PID: http://data.europa.eu/89h/2ff68a52-5b5b-4a22-8f40-c41da8332cfe, doi:10.2905/2FF68A52-5B5B-4A22-8F40-C41DA8332CFE Pesaresi, M., Schiavina, M., Politis, P., Freire, S., Krasnodębska, K., Uhl, J. H., Alessandra Carioli, Christina Corbane, Lewis Dijkstra, Pietro Florio, Hannah K. Friedrich, Jing Gao, Stefan Leyk, Linlin Lu, Luca Maffenini, Ines Mari-Rivero, Michele Melchiorri, Vasileios Syrris, Jamon Van Den Hoek & Kemper, T. (2024). Advances on the Global Human Settlement Layer by joint assessment of Earth Observation and population survey data. International Journal of Digital Earth, 17(1). https://doi.org/10.1080/17538947.2024.2390454 Center for International Earth Science Information Network (CIESIN), Columbia University, and CUNY Institute for Demographic Research (CIDR), City University of New York. 2021. Low Elevation Coastal Zone (LECZ) Urban-Rural Population and Land Area Estimates, Version 3. Palisades, NY: NASA Socioeconomic Data and Applications Center (SEDAC). https://doi.org/10.7927/d1x1-d702. Accessed 18/05/2021.",Population living in BUTYPE class 21 (non-residential prevalent 1-2 floors) which elevation is 5 m above the sea level.
EX_L05_P22_XXXX,Population living in BUTYPE 22 (non-residential prevalent 3-7 floors) in LECZ (below 5m),Number of inhabitants,"Schiavina M., Freire S., Carioli A., MacManus K. (2023): GHS-POP R2023A - GHS population grid multitemporal (1975-2030).European Commission, Joint Research Centre (JRC) PID: http://data.europa.eu/89h/2ff68a52-5b5b-4a22-8f40-c41da8332cfe, doi:10.2905/2FF68A52-5B5B-4A22-8F40-C41DA8332CFE Pesaresi, M., Schiavina, M., Politis, P., Freire, S., Krasnodębska, K., Uhl, J. H., Alessandra Carioli, Christina Corbane, Lewis Dijkstra, Pietro Florio, Hannah K. Friedrich, Jing Gao, Stefan Leyk, Linlin Lu, Luca Maffenini, Ines Mari-Rivero, Michele Melchiorri, Vasileios Syrris, Jamon Van Den Hoek & Kemper, T. (2024). Advances on the Global Human Settlement Layer by joint assessment of Earth Observation and population survey data. International Journal of Digital Earth, 17(1). https://doi.org/10.1080/17538947.2024.2390454 Center for International Earth Science Information Network (CIESIN), Columbia University, and CUNY Institute for Demographic Research (CIDR), City University of New York. 2021. Low Elevation Coastal Zone (LECZ) Urban-Rural Population and Land Area Estimates, Version 3. Palisades, NY: NASA Socioeconomic Data and Applications Center (SEDAC). https://doi.org/10.7927/d1x1-d702. Accessed 18/05/2021.",Population living in BUTYPE class 22 (non-residential prevalent 3-7 floors) which elevation is 5 m above the sea level.
EX_L05_P23_XXXX,Population living in BUTYPE 23 (non-residential prevalent >8 floors) in LECZ (below 5m),Number of inhabitants,"Schiavina M., Freire S., Carioli A., MacManus K. (2023): GHS-POP R2023A - GHS population grid multitemporal (1975-2030).European Commission, Joint Research Centre (JRC) PID: http://data.europa.eu/89h/2ff68a52-5b5b-4a22-8f40-c41da8332cfe, doi:10.2905/2FF68A52-5B5B-4A22-8F40-C41DA8332CFE Pesaresi, M., Schiavina, M., Politis, P., Freire, S., Krasnodębska, K., Uhl, J. H., Alessandra Carioli, Christina Corbane, Lewis Dijkstra, Pietro Florio, Hannah K. Friedrich, Jing Gao, Stefan Leyk, Linlin Lu, Luca Maffenini, Ines Mari-Rivero, Michele Melchiorri, Vasileios Syrris, Jamon Van Den Hoek & Kemper, T. (2024). Advances on the Global Human Settlement Layer by joint assessment of Earth Observation and population survey data. International Journal of Digital Earth, 17(1). https://doi.org/10.1080/17538947.2024.2390454 Center for International Earth Science Information Network (CIESIN), Columbia University, and CUNY Institute for Demographic Research (CIDR), City University of New York. 2021. Low Elevation Coastal Zone (LECZ) Urban-Rural Population and Land Area Estimates, Version 3. Palisades, NY: NASA Socioeconomic Data and Applications Center (SEDAC). https://doi.org/10.7927/d1x1-d702. Accessed 18/05/2021.",Population living in BUTYPE class 23 (non-residential prevalent >8 floors) which elevation is 5 m above the sea level.
EX_L10_P11_XXXX,Population living in BUTYPE 11 (residential prevalent 1-2 floors) in LECZ (between 5 and 10m),Number of inhabitants,"Schiavina M., Freire S., Carioli A., MacManus K. (2023): GHS-POP R2023A - GHS population grid multitemporal (1975-2030).European Commission, Joint Research Centre (JRC) PID: http://data.europa.eu/89h/2ff68a52-5b5b-4a22-8f40-c41da8332cfe, doi:10.2905/2FF68A52-5B5B-4A22-8F40-C41DA8332CFE Pesaresi, M., Schiavina, M., Politis, P., Freire, S., Krasnodębska, K., Uhl, J. H., Alessandra Carioli, Christina Corbane, Lewis Dijkstra, Pietro Florio, Hannah K. Friedrich, Jing Gao, Stefan Leyk, Linlin Lu, Luca Maffenini, Ines Mari-Rivero, Michele Melchiorri, Vasileios Syrris, Jamon Van Den Hoek & Kemper, T. (2024). Advances on the Global Human Settlement Layer by joint assessment of Earth Observation and population survey data. International Journal of Digital Earth, 17(1). https://doi.org/10.1080/17538947.2024.2390454 Center for International Earth Science Information Network (CIESIN), Columbia University, and CUNY Institute for Demographic Research (CIDR), City University of New York. 2021. Low Elevation Coastal Zone (LECZ) Urban-Rural Population and Land Area Estimates, Version 3. Palisades, NY: NASA Socioeconomic Data and Applications Center (SEDAC). https://doi.org/10.7927/d1x1-d702. Accessed 18/05/2021.",Population living in BUTYPE class 11 (residential prevalent 1-2 floors) which elevation is between 5 and 10m above the sea level.
EX_L10_P12_XXXX,Population living in BUTYPE 12 (residential prevalent 3-7 floors) in LECZ (between 5 and 10m),Number of inhabitants,"Schiavina M., Freire S., Carioli A., MacManus K. (2023): GHS-POP R2023A - GHS population grid multitemporal (1975-2030).European Commission, Joint Research Centre (JRC) PID: http://data.europa.eu/89h/2ff68a52-5b5b-4a22-8f40-c41da8332cfe, doi:10.2905/2FF68A52-5B5B-4A22-8F40-C41DA8332CFE Pesaresi, M., Schiavina, M., Politis, P., Freire, S., Krasnodębska, K., Uhl, J. H., Alessandra Carioli, Christina Corbane, Lewis Dijkstra, Pietro Florio, Hannah K. Friedrich, Jing Gao, Stefan Leyk, Linlin Lu, Luca Maffenini, Ines Mari-Rivero, Michele Melchiorri, Vasileios Syrris, Jamon Van Den Hoek & Kemper, T. (2024). Advances on the Global Human Settlement Layer by joint assessment of Earth Observation and population survey data. International Journal of Digital Earth, 17(1). https://doi.org/10.1080/17538947.2024.2390454 Center for International Earth Science Information Network (CIESIN), Columbia University, and CUNY Institute for Demographic Research (CIDR), City University of New York. 2021. Low Elevation Coastal Zone (LECZ) Urban-Rural Population and Land Area Estimates, Version 3. Palisades, NY: NASA Socioeconomic Data and Applications Center (SEDAC). https://doi.org/10.7927/d1x1-d702. Accessed 18/05/2021.",Population living in BUTYPE class 12 (residential prevalent 3-7 floors) which elevation is between 5 and 10m above the sea level.
EX_L10_P13_XXXX,Population living in BUTYPE 13 (residential prevalent > 8 floors) in LECZ (between 5 and 10m),Number of inhabitants,"Schiavina M., Freire S., Carioli A., MacManus K. (2023): GHS-POP R2023A - GHS population grid multitemporal (1975-2030).European Commission, Joint Research Centre (JRC) PID: http://data.europa.eu/89h/2ff68a52-5b5b-4a22-8f40-c41da8332cfe, doi:10.2905/2FF68A52-5B5B-4A22-8F40-C41DA8332CFE Pesaresi, M., Schiavina, M., Politis, P., Freire, S., Krasnodębska, K., Uhl, J. H., Alessandra Carioli, Christina Corbane, Lewis Dijkstra, Pietro Florio, Hannah K. Friedrich, Jing Gao, Stefan Leyk, Linlin Lu, Luca Maffenini, Ines Mari-Rivero, Michele Melchiorri, Vasileios Syrris, Jamon Van Den Hoek & Kemper, T. (2024). Advances on the Global Human Settlement Layer by joint assessment of Earth Observation and population survey data. International Journal of Digital Earth, 17(1). https://doi.org/10.1080/17538947.2024.2390454 Center for International Earth Science Information Network (CIESIN), Columbia University, and CUNY Institute for Demographic Research (CIDR), City University of New York. 2021. Low Elevation Coastal Zone (LECZ) Urban-Rural Population and Land Area Estimates, Version 3. Palisades, NY: NASA Socioeconomic Data and Applications Center (SEDAC). https://doi.org/10.7927/d1x1-d702. Accessed 18/05/2021.",Population living in BUTYPE class 13 (residential prevalent > 8 floors) which elevation is between 5 and 10m above the sea level.
EX_L10_P21_XXXX,Population living in BUTYPE 21 (non-residential prevalent 1-2 floors) in LECZ (between 5 and 10m),Number of inhabitants,"Schiavina M., Freire S., Carioli A., MacManus K. (2023): GHS-POP R2023A - GHS population grid multitemporal (1975-2030).European Commission, Joint Research Centre (JRC) PID: http://data.europa.eu/89h/2ff68a52-5b5b-4a22-8f40-c41da8332cfe, doi:10.2905/2FF68A52-5B5B-4A22-8F40-C41DA8332CFE Pesaresi, M., Schiavina, M., Politis, P., Freire, S., Krasnodębska, K., Uhl, J. H., Alessandra Carioli, Christina Corbane, Lewis Dijkstra, Pietro Florio, Hannah K. Friedrich, Jing Gao, Stefan Leyk, Linlin Lu, Luca Maffenini, Ines Mari-Rivero, Michele Melchiorri, Vasileios Syrris, Jamon Van Den Hoek & Kemper, T. (2024). Advances on the Global Human Settlement Layer by joint assessment of Earth Observation and population survey data. International Journal of Digital Earth, 17(1). https://doi.org/10.1080/17538947.2024.2390454 Center for International Earth Science Information Network (CIESIN), Columbia University, and CUNY Institute for Demographic Research (CIDR), City University of New York. 2021. Low Elevation Coastal Zone (LECZ) Urban-Rural Population and Land Area Estimates, Version 3. Palisades, NY: NASA Socioeconomic Data and Applications Center (SEDAC). https://doi.org/10.7927/d1x1-d702. Accessed 18/05/2021.",Population living in BUTYPE class 21 (non-residential prevalent 1-2 floors) which elevation is between 5 and 10m above the sea level.
EX_L10_P22_XXXX,Population living in BUTYPE 22 (non-residential prevalent 3-7 floors) in LECZ (between 5 and 10m),Number of inhabitants,"Schiavina M., Freire S., Carioli A., MacManus K. (2023): GHS-POP R2023A - GHS population grid multitemporal (1975-2030).European Commission, Joint Research Centre (JRC) PID: http://data.europa.eu/89h/2ff68a52-5b5b-4a22-8f40-c41da8332cfe, doi:10.2905/2FF68A52-5B5B-4A22-8F40-C41DA8332CFE Pesaresi, M., Schiavina, M., Politis, P., Freire, S., Krasnodębska, K., Uhl, J. H., Alessandra Carioli, Christina Corbane, Lewis Dijkstra, Pietro Florio, Hannah K. Friedrich, Jing Gao, Stefan Leyk, Linlin Lu, Luca Maffenini, Ines Mari-Rivero, Michele Melchiorri, Vasileios Syrris, Jamon Van Den Hoek & Kemper, T. (2024). Advances on the Global Human Settlement Layer by joint assessment of Earth Observation and population survey data. International Journal of Digital Earth, 17(1). https://doi.org/10.1080/17538947.2024.2390454 Center for International Earth Science Information Network (CIESIN), Columbia University, and CUNY Institute for Demographic Research (CIDR), City University of New York. 2021. Low Elevation Coastal Zone (LECZ) Urban-Rural Population and Land Area Estimates, Version 3. Palisades, NY: NASA Socioeconomic Data and Applications Center (SEDAC). https://doi.org/10.7927/d1x1-d702. Accessed 18/05/2021.",Population living in BUTYPE class 22 (non-residential prevalent 3-7 floors) which elevation is between 5 and 10m above the sea level.
EX_L10_P23_XXXX,Population living in BUTYPE 23 (non-residential prevalent >8 floors) in LECZ (between 5 and 10m),Number of inhabitants,"Schiavina M., Freire S., Carioli A., MacManus K. (2023): GHS-POP R2023A - GHS population grid multitemporal (1975-2030).European Commission, Joint Research Centre (JRC) PID: http://data.europa.eu/89h/2ff68a52-5b5b-4a22-8f40-c41da8332cfe, doi:10.2905/2FF68A52-5B5B-4A22-8F40-C41DA8332CFE Pesaresi, M., Schiavina, M., Politis, P., Freire, S., Krasnodębska, K., Uhl, J. H., Alessandra Carioli, Christina Corbane, Lewis Dijkstra, Pietro Florio, Hannah K. Friedrich, Jing Gao, Stefan Leyk, Linlin Lu, Luca Maffenini, Ines Mari-Rivero, Michele Melchiorri, Vasileios Syrris, Jamon Van Den Hoek & Kemper, T. (2024). Advances on the Global Human Settlement Layer by joint assessment of Earth Observation and population survey data. International Journal of Digital Earth, 17(1). https://doi.org/10.1080/17538947.2024.2390454 Center for International Earth Science Information Network (CIESIN), Columbia University, and CUNY Institute for Demographic Research (CIDR), City University of New York. 2021. Low Elevation Coastal Zone (LECZ) Urban-Rural Population and Land Area Estimates, Version 3. Palisades, NY: NASA Socioeconomic Data and Applications Center (SEDAC). https://doi.org/10.7927/d1x1-d702. Accessed 18/05/2021.",Population living in BUTYPE class 23 (non-residential prevalent >8 floors) which elevation is between 5 and 10m above the sea level.
EX_L05_B11_XXXX,Total built-up in BUTYPE 11 (residential prevalent 1-3 floors) in LECZ (below 5m),m2,"Pesaresi M., Politis P. (2023): GHS-BUILT-S R2023A - GHS built-up surface grid, derived from Sentinel2 composite and Landsat, multitemporal (1975-2030). European Commission, Joint Research Centre (JRC) PID: http://data.europa.eu/89h/9f06f36f-4b11-47ec-abb0-4f8b7b1d72ea, doi:10.2905/9F06F36F-4B11-47EC-ABB0-4F8B7B1D72EA Pesaresi, M., Schiavina, M., Politis, P., Freire, S., Krasnodębska, K., Uhl, J. H., Alessandra Carioli, Christina Corbane, Lewis Dijkstra, Pietro Florio, Hannah K. Friedrich, Jing Gao, Stefan Leyk, Linlin Lu, Luca Maffenini, Ines Mari-Rivero, Michele Melchiorri, Vasileios Syrris, Jamon Van Den Hoek & Kemper, T. (2024). Advances on the Global Human Settlement Layer by joint assessment of Earth Observation and population survey data. International Journal of Digital Earth, 17(1). https://doi.org/10.1080/17538947.2024.2390454 Center for International Earth Science Information Network (CIESIN), Columbia University, and CUNY Institute for Demographic Research (CIDR), City University of New York. 2021. Low Elevation Coastal Zone (LECZ) Urban-Rural Population and Land Area Estimates, Version 3. Palisades, NY: NASA Socioeconomic Data and Applications Center (SEDAC). https://doi.org/10.7927/d1x1-d702. Accessed 18/05/2021.",Total built-up in BUTYPE class 11 (residential prevalent 1-3 floors) which elevation is below 5m above the sea level.
EX_L05_B12_XXXX,Total built-up in BUTYPE 12 (residential prevalent 3-7 floors) in LECZ (below 5m),m2,"Pesaresi M., Politis P. (2023): GHS-BUILT-S R2023A - GHS built-up surface grid, derived from Sentinel2 composite and Landsat, multitemporal (1975-2030). European Commission, Joint Research Centre (JRC) PID: http://data.europa.eu/89h/9f06f36f-4b11-47ec-abb0-4f8b7b1d72ea, doi:10.2905/9F06F36F-4B11-47EC-ABB0-4F8B7B1D72EA Pesaresi, M., Schiavina, M., Politis, P., Freire, S., Krasnodębska, K., Uhl, J. H., Alessandra Carioli, Christina Corbane, Lewis Dijkstra, Pietro Florio, Hannah K. Friedrich, Jing Gao, Stefan Leyk, Linlin Lu, Luca Maffenini, Ines Mari-Rivero, Michele Melchiorri, Vasileios Syrris, Jamon Van Den Hoek & Kemper, T. (2024). Advances on the Global Human Settlement Layer by joint assessment of Earth Observation and population survey data. International Journal of Digital Earth, 17(1). https://doi.org/10.1080/17538947.2024.2390454 Center for International Earth Science Information Network (CIESIN), Columbia University, and CUNY Institute for Demographic Research (CIDR), City University of New York. 2021. Low Elevation Coastal Zone (LECZ) Urban-Rural Population and Land Area Estimates, Version 3. Palisades, NY: NASA Socioeconomic Data and Applications Center (SEDAC). https://doi.org/10.7927/d1x1-d702. Accessed 18/05/2021.",Total built-up in BUTYPE class 12 (residential prevalent 3-7 floors) which elevation is below 5m above the sea level.
EX_L05_B13_XXXX,Total built-up in BUTYPE 13 (residential prevalent >8 floors) in LECZ (below 5m),m2,"Pesaresi M., Politis P. (2023): GHS-BUILT-S R2023A - GHS built-up surface grid, derived from Sentinel2 composite and Landsat, multitemporal (1975-2030). European Commission, Joint Research Centre (JRC) PID: http://data.europa.eu/89h/9f06f36f-4b11-47ec-abb0-4f8b7b1d72ea, doi:10.2905/9F06F36F-4B11-47EC-ABB0-4F8B7B1D72EA Pesaresi, M., Schiavina, M., Politis, P., Freire, S., Krasnodębska, K., Uhl, J. H., Alessandra Carioli, Christina Corbane, Lewis Dijkstra, Pietro Florio, Hannah K. Friedrich, Jing Gao, Stefan Leyk, Linlin Lu, Luca Maffenini, Ines Mari-Rivero, Michele Melchiorri, Vasileios Syrris, Jamon Van Den Hoek & Kemper, T. (2024). Advances on the Global Human Settlement Layer by joint assessment of Earth Observation and population survey data. International Journal of Digital Earth, 17(1). https://doi.org/10.1080/17538947.2024.2390454 Center for International Earth Science Information Network (CIESIN), Columbia University, and CUNY Institute for Demographic Research (CIDR), City University of New York. 2021. Low Elevation Coastal Zone (LECZ) Urban-Rural Population and Land Area Estimates, Version 3. Palisades, NY: NASA Socioeconomic Data and Applications Center (SEDAC). https://doi.org/10.7927/d1x1-d702. Accessed 18/05/2021.",Total built-up in BUTYPE class 13 (residential prevalent >8 floors) which elevation is below 5m above the sea level.
EX_L05_B21_XXXX,Total built-up in BUTYPE 21 (non-residential prevalent 1-3 floors) in LECZ (below 5m),m2,"Pesaresi M., Politis P. (2023): GHS-BUILT-S R2023A - GHS built-up surface grid, derived from Sentinel2 composite and Landsat, multitemporal (1975-2030). European Commission, Joint Research Centre (JRC) PID: http://data.europa.eu/89h/9f06f36f-4b11-47ec-abb0-4f8b7b1d72ea, doi:10.2905/9F06F36F-4B11-47EC-ABB0-4F8B7B1D72EA Pesaresi, M., Schiavina, M., Politis, P., Freire, S., Krasnodębska, K., Uhl, J. H., Alessandra Carioli, Christina Corbane, Lewis Dijkstra, Pietro Florio, Hannah K. Friedrich, Jing Gao, Stefan Leyk, Linlin Lu, Luca Maffenini, Ines Mari-Rivero, Michele Melchiorri, Vasileios Syrris, Jamon Van Den Hoek & Kemper, T. (2024). Advances on the Global Human Settlement Layer by joint assessment of Earth Observation and population survey data. International Journal of Digital Earth, 17(1). https://doi.org/10.1080/17538947.2024.2390454 Center for International Earth Science Information Network (CIESIN), Columbia University, and CUNY Institute for Demographic Research (CIDR), City University of New York. 2021. Low Elevation Coastal Zone (LECZ) Urban-Rural Population and Land Area Estimates, Version 3. Palisades, NY: NASA Socioeconomic Data and Applications Center (SEDAC). https://doi.org/10.7927/d1x1-d702. Accessed 18/05/2021.",Total built-up in BUTYPE class 21 (non-residential prevalent 1-3 floors) which elevation is below 5m above the sea level.
EX_L05_B22_XXXX,Total built-up in BUTYPE 22 (non-residential prevalent 3-7 floors) in LECZ (below 5m),m2,"Pesaresi M., Politis P. (2023): GHS-BUILT-S R2023A - GHS built-up surface grid, derived from Sentinel2 composite and Landsat, multitemporal (1975-2030). European Commission, Joint Research Centre (JRC) PID: http://data.europa.eu/89h/9f06f36f-4b11-47ec-abb0-4f8b7b1d72ea, doi:10.2905/9F06F36F-4B11-47EC-ABB0-4F8B7B1D72EA Pesaresi, M., Schiavina, M., Politis, P., Freire, S., Krasnodębska, K., Uhl, J. H., Alessandra Carioli, Christina Corbane, Lewis Dijkstra, Pietro Florio, Hannah K. Friedrich, Jing Gao, Stefan Leyk, Linlin Lu, Luca Maffenini, Ines Mari-Rivero, Michele Melchiorri, Vasileios Syrris, Jamon Van Den Hoek & Kemper, T. (2024). Advances on the Global Human Settlement Layer by joint assessment of Earth Observation and population survey data. International Journal of Digital Earth, 17(1). https://doi.org/10.1080/17538947.2024.2390454 Center for International Earth Science Information Network (CIESIN), Columbia University, and CUNY Institute for Demographic Research (CIDR), City University of New York. 2021. Low Elevation Coastal Zone (LECZ) Urban-Rural Population and Land Area Estimates, Version 3. Palisades, NY: NASA Socioeconomic Data and Applications Center (SEDAC). https://doi.org/10.7927/d1x1-d702. Accessed 18/05/2021.",Total built-up in BUTYPE class 22 (non-residential prevalent 3-7 floors) which elevation is below 5m above the sea level.
EX_L05_B23_XXXX,Total built-up in BUTYPE 23 (non-residential prevalent >8 floors) in LECZ (below 5m),m2,"Pesaresi M., Politis P. (2023): GHS-BUILT-S R2023A - GHS built-up surface grid, derived from Sentinel2 composite and Landsat, multitemporal (1975-2030). European Commission, Joint Research Centre (JRC) PID: http://data.europa.eu/89h/9f06f36f-4b11-47ec-abb0-4f8b7b1d72ea, doi:10.2905/9F06F36F-4B11-47EC-ABB0-4F8B7B1D72EA Pesaresi, M., Schiavina, M., Politis, P., Freire, S., Krasnodębska, K., Uhl, J. H., Alessandra Carioli, Christina Corbane, Lewis Dijkstra, Pietro Florio, Hannah K. Friedrich, Jing Gao, Stefan Leyk, Linlin Lu, Luca Maffenini, Ines Mari-Rivero, Michele Melchiorri, Vasileios Syrris, Jamon Van Den Hoek & Kemper, T. (2024). Advances on the Global Human Settlement Layer by joint assessment of Earth Observation and population survey data. International Journal of Digital Earth, 17(1). https://doi.org/10.1080/17538947.2024.2390454 Center for International Earth Science Information Network (CIESIN), Columbia University, and CUNY Institute for Demographic Research (CIDR), City University of New York. 2021. Low Elevation Coastal Zone (LECZ) Urban-Rural Population and Land Area Estimates, Version 3. Palisades, NY: NASA Socioeconomic Data and Applications Center (SEDAC). https://doi.org/10.7927/d1x1-d702. Accessed 18/05/2021.",Total built-up in BUTYPE class 23 (non-residential prevalent >8 floors) which elevation is below 5m above the sea level.
EX_L10_B11_XXXX,Total built-up in BUTYPE 11 (residential prevalent 1-3 floors) in LECZ (between 5 and 10m),m2,"Pesaresi M., Politis P. (2023): GHS-BUILT-S R2023A - GHS built-up surface grid, derived from Sentinel2 composite and Landsat, multitemporal (1975-2030). European Commission, Joint Research Centre (JRC) PID: http://data.europa.eu/89h/9f06f36f-4b11-47ec-abb0-4f8b7b1d72ea, doi:10.2905/9F06F36F-4B11-47EC-ABB0-4F8B7B1D72EA Pesaresi, M., Schiavina, M., Politis, P., Freire, S., Krasnodębska, K., Uhl, J. H., Alessandra Carioli, Christina Corbane, Lewis Dijkstra, Pietro Florio, Hannah K. Friedrich, Jing Gao, Stefan Leyk, Linlin Lu, Luca Maffenini, Ines Mari-Rivero, Michele Melchiorri, Vasileios Syrris, Jamon Van Den Hoek & Kemper, T. (2024). Advances on the Global Human Settlement Layer by joint assessment of Earth Observation and population survey data. International Journal of Digital Earth, 17(1). https://doi.org/10.1080/17538947.2024.2390454 Center for International Earth Science Information Network (CIESIN), Columbia University, and CUNY Institute for Demographic Research (CIDR), City University of New York. 2021. Low Elevation Coastal Zone (LECZ) Urban-Rural Population and Land Area Estimates, Version 3. Palisades, NY: NASA Socioeconomic Data and Applications Center (SEDAC). https://doi.org/10.7927/d1x1-d702. Accessed 18/05/2021.",Total built-up in BUTYPE class 11 (residential prevalent 1-3 floors) which elevation is between 5 and 10m above the sea level.
EX_L10_B12_XXXX,Total built-up in BUTYPE 12 (residential prevalent 3-7 floors) in LECZ (between 5 and 10m),m2,"Pesaresi M., Politis P. (2023): GHS-BUILT-S R2023A - GHS built-up surface grid, derived from Sentinel2 composite and Landsat, multitemporal (1975-2030). European Commission, Joint Research Centre (JRC) PID: http://data.europa.eu/89h/9f06f36f-4b11-47ec-abb0-4f8b7b1d72ea, doi:10.2905/9F06F36F-4B11-47EC-ABB0-4F8B7B1D72EA Pesaresi, M., Schiavina, M., Politis, P., Freire, S., Krasnodębska, K., Uhl, J. H., Alessandra Carioli, Christina Corbane, Lewis Dijkstra, Pietro Florio, Hannah K. Friedrich, Jing Gao, Stefan Leyk, Linlin Lu, Luca Maffenini, Ines Mari-Rivero, Michele Melchiorri, Vasileios Syrris, Jamon Van Den Hoek & Kemper, T. (2024). Advances on the Global Human Settlement Layer by joint assessment of Earth Observation and population survey data. International Journal of Digital Earth, 17(1). https://doi.org/10.1080/17538947.2024.2390454 Center for International Earth Science Information Network (CIESIN), Columbia University, and CUNY Institute for Demographic Research (CIDR), City University of New York. 2021. Low Elevation Coastal Zone (LECZ) Urban-Rural Population and Land Area Estimates, Version 3. Palisades, NY: NASA Socioeconomic Data and Applications Center (SEDAC). https://doi.org/10.7927/d1x1-d702. Accessed 18/05/2021.",Total built-up in BUTYPE class 12 (residential prevalent 3-7 floors) which elevation is between 5 and 10m above the sea level.
EX_L10_B13_XXXX,Total built-up in BUTYPE 13 (residential prevalent >8 floors) in LECZ (between 5 and 10m),m2,"Pesaresi M., Politis P. (2023): GHS-BUILT-S R2023A - GHS built-up surface grid, derived from Sentinel2 composite and Landsat, multitemporal (1975-2030). European Commission, Joint Research Centre (JRC) PID: http://data.europa.eu/89h/9f06f36f-4b11-47ec-abb0-4f8b7b1d72ea, doi:10.2905/9F06F36F-4B11-47EC-ABB0-4F8B7B1D72EA Pesaresi, M., Schiavina, M., Politis, P., Freire, S., Krasnodębska, K., Uhl, J. H., Alessandra Carioli, Christina Corbane, Lewis Dijkstra, Pietro Florio, Hannah K. Friedrich, Jing Gao, Stefan Leyk, Linlin Lu, Luca Maffenini, Ines Mari-Rivero, Michele Melchiorri, Vasileios Syrris, Jamon Van Den Hoek & Kemper, T. (2024). Advances on the Global Human Settlement Layer by joint assessment of Earth Observation and population survey data. International Journal of Digital Earth, 17(1). https://doi.org/10.1080/17538947.2024.2390454 Center for International Earth Science Information Network (CIESIN), Columbia University, and CUNY Institute for Demographic Research (CIDR), City University of New York. 2021. Low Elevation Coastal Zone (LECZ) Urban-Rural Population and Land Area Estimates, Version 3. Palisades, NY: NASA Socioeconomic Data and Applications Center (SEDAC). https://doi.org/10.7927/d1x1-d702. Accessed 18/05/2021.",Total built-up in BUTYPE class 13 (residential prevalent >8 floors) which elevation is between 5 and 10m above the sea level.
EX_L10_B21_XXXX,Total built-up in BUTYPE 21 (non-residential prevalent 1-3 floors) in LECZ (between 5 and 10m),m2,"Pesaresi M., Politis P. (2023): GHS-BUILT-S R2023A - GHS built-up surface grid, derived from Sentinel2 composite and Landsat, multitemporal (1975-2030). European Commission, Joint Research Centre (JRC) PID: http://data.europa.eu/89h/9f06f36f-4b11-47ec-abb0-4f8b7b1d72ea, doi:10.2905/9F06F36F-4B11-47EC-ABB0-4F8B7B1D72EA Pesaresi, M., Schiavina, M., Politis, P., Freire, S., Krasnodębska, K., Uhl, J. H., Alessandra Carioli, Christina Corbane, Lewis Dijkstra, Pietro Florio, Hannah K. Friedrich, Jing Gao, Stefan Leyk, Linlin Lu, Luca Maffenini, Ines Mari-Rivero, Michele Melchiorri, Vasileios Syrris, Jamon Van Den Hoek & Kemper, T. (2024). Advances on the Global Human Settlement Layer by joint assessment of Earth Observation and population survey data. International Journal of Digital Earth, 17(1). https://doi.org/10.1080/17538947.2024.2390454 Center for International Earth Science Information Network (CIESIN), Columbia University, and CUNY Institute for Demographic Research (CIDR), City University of New York. 2021. Low Elevation Coastal Zone (LECZ) Urban-Rural Population and Land Area Estimates, Version 3. Palisades, NY: NASA Socioeconomic Data and Applications Center (SEDAC). https://doi.org/10.7927/d1x1-d702. Accessed 18/05/2021.",Total built-up in BUTYPE class 21 (non-residential prevalent 1-3 floors) which elevation is between 5 and 10m above the sea level.
EX_L10_B22_XXXX,Total built-up in BUTYPE 22 (non-residential prevalent 3-7 floors) in LECZ (between 5 and 10m),m2,"Pesaresi M., Politis P. (2023): GHS-BUILT-S R2023A - GHS built-up surface grid, derived from Sentinel2 composite and Landsat, multitemporal (1975-2030). European Commission, Joint Research Centre (JRC) PID: http://data.europa.eu/89h/9f06f36f-4b11-47ec-abb0-4f8b7b1d72ea, doi:10.2905/9F06F36F-4B11-47EC-ABB0-4F8B7B1D72EA Pesaresi, M., Schiavina, M., Politis, P., Freire, S., Krasnodębska, K., Uhl, J. H., Alessandra Carioli, Christina Corbane, Lewis Dijkstra, Pietro Florio, Hannah K. Friedrich, Jing Gao, Stefan Leyk, Linlin Lu, Luca Maffenini, Ines Mari-Rivero, Michele Melchiorri, Vasileios Syrris, Jamon Van Den Hoek & Kemper, T. (2024). Advances on the Global Human Settlement Layer by joint assessment of Earth Observation and population survey data. International Journal of Digital Earth, 17(1). https://doi.org/10.1080/17538947.2024.2390454 Center for International Earth Science Information Network (CIESIN), Columbia University, and CUNY Institute for Demographic Research (CIDR), City University of New York. 2021. Low Elevation Coastal Zone (LECZ) Urban-Rural Population and Land Area Estimates, Version 3. Palisades, NY: NASA Socioeconomic Data and Applications Center (SEDAC). https://doi.org/10.7927/d1x1-d702. Accessed 18/05/2021.",Total built-up in BUTYPE class 22 (non-residential prevalent 3-7 floors) which elevation is below between 5 and 10m above the sea level.
EX_L10_B23_XXXX,Total built-up in BUTYPE 23 (non-residential prevalent >8 floors) in LECZ (between 5 and 10m),m2,"Pesaresi M., Politis P. (2023): GHS-BUILT-S R2023A - GHS built-up surface grid, derived from Sentinel2 composite and Landsat, multitemporal (1975-2030). European Commission, Joint Research Centre (JRC) PID: http://data.europa.eu/89h/9f06f36f-4b11-47ec-abb0-4f8b7b1d72ea, doi:10.2905/9F06F36F-4B11-47EC-ABB0-4F8B7B1D72EA Pesaresi, M., Schiavina, M., Politis, P., Freire, S., Krasnodębska, K., Uhl, J. H., Alessandra Carioli, Christina Corbane, Lewis Dijkstra, Pietro Florio, Hannah K. Friedrich, Jing Gao, Stefan Leyk, Linlin Lu, Luca Maffenini, Ines Mari-Rivero, Michele Melchiorri, Vasileios Syrris, Jamon Van Den Hoek & Kemper, T. (2024). Advances on the Global Human Settlement Layer by joint assessment of Earth Observation and population survey data. International Journal of Digital Earth, 17(1). https://doi.org/10.1080/17538947.2024.2390454 Center for International Earth Science Information Network (CIESIN), Columbia University, and CUNY Institute for Demographic Research (CIDR), City University of New York. 2021. Low Elevation Coastal Zone (LECZ) Urban-Rural Population and Land Area Estimates, Version 3. Palisades, NY: NASA Socioeconomic Data and Applications Center (SEDAC). https://doi.org/10.7927/d1x1-d702. Accessed 18/05/2021.",Total built-up in BUTYPE class 23 (non-residential prevalent >8 floors) which elevation is between 5 and 10m above the sea level.
EX_020_S1P_XXXX,Population exposed to cyclone wind 20 yrp (wind speed classes 1-2),Number of inhabitants,"Schiavina M., Freire S., Carioli A., MacManus K. (2023): GHS-POP R2023A - GHS population grid multitemporal (1975-2030).European Commission, Joint Research Centre (JRC) PID: http://data.europa.eu/89h/2ff68a52-5b5b-4a22-8f40-c41da8332cfe, doi:10.2905/2FF68A52-5B5B-4A22-8F40-C41DA8332CFE Bloemendaal, N., Haigh, I.D., de Moel, H. et al. Generation of a global synthetic tropical cyclone hazard dataset using STORM. Sci Data 7, 40 (2020). https://www.nature.com/articles/s41597- 020-0381-2 Bloemendaal, Nadia; de Moel, H. (Hans); Muis, S; Haigh, I.D. (Ivan); Aerts, J.C.J.H. (Jeroen) (2023): STORM tropical cyclone wind speed return periods. Version 4. 4TU.ResearchData. dataset. https://doi.org/10.4121/12705164.v4",Population exposed to cyclone wind classes 1-2 (category 1-2 Saffir-Simpson Hurricane Wind Scale) for a 20 yrp.
EX_100_S1P_XXXX,Population exposed to cyclone wind 100 yrp (wind speed classes 1-2),Number of inhabitants,"Schiavina M., Freire S., Carioli A., MacManus K. (2023): GHS-POP R2023A - GHS population grid multitemporal (1975-2030).European Commission, Joint Research Centre (JRC) PID: http://data.europa.eu/89h/2ff68a52-5b5b-4a22-8f40-c41da8332cfe, doi:10.2905/2FF68A52-5B5B-4A22-8F40-C41DA8332CFE Bloemendaal, N., Haigh, I.D., de Moel, H. et al. Generation of a global synthetic tropical cyclone hazard dataset using STORM. Sci Data 7, 40 (2020). https://www.nature.com/articles/s41597- 020-0381-2 Bloemendaal, Nadia; de Moel, H. (Hans); Muis, S; Haigh, I.D. (Ivan); Aerts, J.C.J.H. (Jeroen) (2023): STORM tropical cyclone wind speed return periods. Version 4. 4TU.ResearchData. dataset. https://doi.org/10.4121/12705164.v4",Population exposed to cyclone wind classes 1-2 (category 1-2 Saffir-Simpson Hurricane Wind Scale) for a 100 yrp.
EX_400_S1P_XXXX,Population exposed to cyclone wind 400 yrp (wind speed classes 1-2),Number of inhabitants,"Schiavina M., Freire S., Carioli A., MacManus K. (2023): GHS-POP R2023A - GHS population grid multitemporal (1975-2030).European Commission, Joint Research Centre (JRC) PID: http://data.europa.eu/89h/2ff68a52-5b5b-4a22-8f40-c41da8332cfe, doi:10.2905/2FF68A52-5B5B-4A22-8F40-C41DA8332CFE Bloemendaal, N., Haigh, I.D., de Moel, H. et al. Generation of a global synthetic tropical cyclone hazard dataset using STORM. Sci Data 7, 40 (2020). https://www.nature.com/articles/s41597- 020-0381-2 Bloemendaal, Nadia; de Moel, H. (Hans); Muis, S; Haigh, I.D. (Ivan); Aerts, J.C.J.H. (Jeroen) (2023): STORM tropical cyclone wind speed return periods. Version 4. 4TU.ResearchData. dataset. https://doi.org/10.4121/12705164.v4",Population exposed to cyclone wind classes 1-2 (category 1-2 Saffir-Simpson Hurricane Wind Scale) for a 400 yrp.
EX_400_S3P_XXXX,Population exposed to cyclone wind 400 yrp (wind speed classes 3-5),Number of inhabitants,"Schiavina M., Freire S., Carioli A., MacManus K. (2023): GHS-POP R2023A - GHS population grid multitemporal (1975-2030).European Commission, Joint Research Centre (JRC) PID: http://data.europa.eu/89h/2ff68a52-5b5b-4a22-8f40-c41da8332cfe, doi:10.2905/2FF68A52-5B5B-4A22-8F40-C41DA8332CFE Bloemendaal, N., Haigh, I.D., de Moel, H. et al. Generation of a global synthetic tropical cyclone hazard dataset using STORM. Sci Data 7, 40 (2020). https://www.nature.com/articles/s41597- 020-0381-2 Bloemendaal, Nadia; de Moel, H. (Hans); Muis, S; Haigh, I.D. (Ivan); Aerts, J.C.J.H. (Jeroen) (2023): STORM tropical cyclone wind speed return periods. Version 4. 4TU. ResearchData. dataset. https://doi.org/10.4121/12705164.v4",Population exposed to cyclone wind classes 1-2 (category 1-2 Saffir-Simpson Hurricane Wind Scale) for a 400 yrp.
EX_020_S1B_XXXX,Total built-up exposed to cyclone wind 20 yrp (wind speed classes 1-2),m2,"Pesaresi M., Politis P. (2023): GHS-BUILT-S R2023A - GHS built-up surface grid, derived from Sentinel2 composite and Landsat, multitemporal (1975-2030). European Commission, Joint Research Centre (JRC) PID: http://data.europa.eu/89h/9f06f36f-4b11-47ec-abb0-4f8b7b1d72ea, doi:10.2905/9F06F36F-4B11-47EC-ABB0-4F8B7B1D72EA Bloemendaal, N., Haigh, I.D., de Moel, H. et al. Generation of a global synthetic tropical cyclone hazard dataset using STORM. Sci Data 7, 40 (2020). https://www.nature.com/articles/s41597- 020-0381-2 Bloemendaal, Nadia; de Moel, H. (Hans); Muis, S; Haigh, I.D. (Ivan); Aerts, J.C.J.H. (Jeroen) (2023): STORM tropical cyclone wind speed return periods. Version 4. 4TU.ResearchData. dataset. https://doi.org/10.4121/12705164.v4",Total built-up exposed to cyclone wind classes 1-2 (category 1-2 Saffir-Simpson Hurricane Wind Scale) for a 20 yrp.
EX_100_S1B_XXXX,Total built-up exposed to cyclone wind 100 yrp (wind speed classes 1-2),m2,"Pesaresi M., Politis P. (2023): GHS-BUILT-S R2023A - GHS built-up surface grid, derived from Sentinel2 composite and Landsat, multitemporal (1975-2030). European Commission, Joint Research Centre (JRC) PID: http://data.europa.eu/89h/9f06f36f-4b11-47ec-abb0-4f8b7b1d72ea, doi:10.2905/9F06F36F-4B11-47EC-ABB0-4F8B7B1D72EA Bloemendaal, N., Haigh, I.D., de Moel, H. et al. Generation of a global synthetic tropical cyclone hazard dataset using STORM. Sci Data 7, 40 (2020). https://www.nature.com/articles/s41597- 020-0381-2 Bloemendaal, Nadia; de Moel, H. (Hans); Muis, S; Haigh, I.D. (Ivan); Aerts, J.C.J.H. (Jeroen) (2023): STORM tropical cyclone wind speed return periods. Version 4. 4TU.ResearchData. dataset. https://doi.org/10.4121/12705164.v4",Total built-up exposed to cyclone wind classes 1-2 (category 1-2 Saffir-Simpson Hurricane Wind Scale) for a 100 yrp.
EX_400_S1B_XXXX,Total built-up exposed to cyclone wind 400 yrp (wind speed classes 1-2),m2,"Pesaresi M., Politis P. (2023): GHS-BUILT-S R2023A - GHS built-up surface grid, derived from Sentinel2 composite and Landsat, multitemporal (1975-2030). European Commission, Joint Research Centre (JRC) PID: http://data.europa.eu/89h/9f06f36f-4b11-47ec-abb0-4f8b7b1d72ea, doi:10.2905/9F06F36F-4B11-47EC-ABB0-4F8B7B1D72EA Bloemendaal, N., Haigh, I.D., de Moel, H. et al. Generation of a global synthetic tropical cyclone hazard dataset using STORM. Sci Data 7, 40 (2020). https://www.nature.com/articles/s41597- 020-0381-2 Bloemendaal, Nadia; de Moel, H. (Hans); Muis, S; Haigh, I.D. (Ivan); Aerts, J.C.J.H. (Jeroen) (2023): STORM tropical cyclone wind speed return periods. Version 4. 4TU.ResearchData. dataset. https://doi.org/10.4121/12705164.v4",Total built-up exposed to cyclone wind classes 1-2 (category 1-2 Saffir-Simpson Hurricane Wind Scale) for a 400 yrp.
EX_400_S3P_XXXX,Total built-up exposed to cyclone wind 400 yrp (wind speed classes 3-5),m2,"Pesaresi M., Politis P. (2023): GHS-BUILT-S R2023A - GHS built-up surface grid, derived from Sentinel2 composite and Landsat, multitemporal (1975-2030). European Commission, Joint Research Centre (JRC) PID: http://data.europa.eu/89h/9f06f36f-4b11-47ec-abb0-4f8b7b1d72ea, doi:10.2905/9F06F36F-4B11-47EC-ABB0-4F8B7B1D72EA Bloemendaal, N., Haigh, I.D., de Moel, H. et al. Generation of a global synthetic tropical cyclone hazard dataset using STORM. Sci Data 7, 40 (2020). https://www.nature.com/articles/s41597- 020-0381-2 Bloemendaal, Nadia; de Moel, H. (Hans); Muis, S; Haigh, I.D. (Ivan); Aerts, J.C.J.H. (Jeroen) (2023): STORM tropical cyclone wind speed return periods. Version 4. 4TU.ResearchData. dataset. https://doi.org/10.4121/12705164.v4",Total built-up exposed to cyclone wind classes 1-2 (category 1-2 Saffir-Simpson Hurricane Wind Scale) for a 400 yrp.
EX_020_S1N_XXXX,Non-residential built-up exposed to cyclone wind 20 yrp (wind speed classes 1-2),m2,"Pesaresi M., Politis P. (2023): GHS-BUILT-S R2023A - GHS built-up surface grid, derived from Sentinel2 composite and Landsat, multitemporal (1975-2030). European Commission, Joint Research Centre (JRC) PID: http://data.europa.eu/89h/9f06f36f-4b11-47ec-abb0-4f8b7b1d72ea, doi:10.2905/9F06F36F-4B11-47EC-ABB0-4F8B7B1D72EA Bloemendaal, N., Haigh, I.D., de Moel, H. et al. Generation of a global synthetic tropical cyclone hazard dataset using STORM. Sci Data 7, 40 (2020). https://www.nature.com/articles/s41597- 020-0381-2 Bloemendaal, Nadia; de Moel, H. (Hans); Muis, S; Haigh, I.D. (Ivan); Aerts, J.C.J.H. (Jeroen) (2023): STORM tropical cyclone wind speed return periods. Version 4. 4TU.ResearchData. dataset. https://doi.org/10.4121/12705164.v4",Non-residential built-up exposed to cyclone wind classes 1-2 (category 1-2 Saffir-Simpson Hurricane Wind Scale) for a 20 yrp.
EX_100_S1N_XXXX,Non-residential built-up exposed to cyclone wind 100 yrp (wind speed classes 1-2),m2,"Pesaresi M., Politis P. (2023): GHS-BUILT-S R2023A - GHS built-up surface grid, derived from Sentinel2 composite and Landsat, multitemporal (1975-2030). European Commission, Joint Research Centre (JRC) PID: http://data.europa.eu/89h/9f06f36f-4b11-47ec-abb0-4f8b7b1d72ea, doi:10.2905/9F06F36F-4B11-47EC-ABB0-4F8B7B1D72EA Bloemendaal, N., Haigh, I.D., de Moel, H. et al. Generation of a global synthetic tropical cyclone hazard dataset using STORM. Sci Data 7, 40 (2020). https://www.nature.com/articles/s41597- 020-0381-2 Bloemendaal, Nadia; de Moel, H. (Hans); Muis, S; Haigh, I.D. (Ivan); Aerts, J.C.J.H. (Jeroen) (2023): STORM tropical cyclone wind speed return periods. Version 4. 4TU.ResearchData. dataset. https://doi.org/10.4121/12705164.v4",Non-residential built-up exposed to cyclone wind classes 1-2 (category 1-2 Saffir-Simpson Hurricane Wind Scale) for a 100 yrp.
EX_400_S1N_XXXX,Non-residential built-up exposed to cyclone wind 400 yrp (wind speed classes 1-2),m2,"Pesaresi M., Politis P. (2023): GHS-BUILT-S R2023A - GHS built-up surface grid, derived from Sentinel2 composite and Landsat, multitemporal (1975-2030). European Commission, Joint Research Centre (JRC) PID: http://data.europa.eu/89h/9f06f36f-4b11-47ec-abb0-4f8b7b1d72ea, doi:10.2905/9F06F36F-4B11-47EC-ABB0-4F8B7B1D72EA Bloemendaal, N., Haigh, I.D., de Moel, H. et al. Generation of a global synthetic tropical cyclone hazard dataset using STORM. Sci Data 7, 40 (2020). https://www.nature.com/articles/s41597- 020-0381-2 Bloemendaal, Nadia; de Moel, H. (Hans); Muis, S; Haigh, I.D. (Ivan); Aerts, J.C.J.H. (Jeroen) (2023): STORM tropical cyclone wind speed return periods. Version 4. 4TU.ResearchData. dataset. https://doi.org/10.4121/12705164.v4",Non-residential built-up exposed to cyclone wind classes 1-2 (category 1-2 Saffir-Simpson Hurricane Wind Scale) for a 400 yrp.
EX_400_S3N_XXXX,Non-residential built-up exposed to cyclone wind 400 yrp (wind speed classes 3-5),m2,"Pesaresi M., Politis P. (2023): GHS-BUILT-S R2023A - GHS built-up surface grid, derived from Sentinel2 composite and Landsat, multitemporal (1975-2030). European Commission, Joint Research Centre (JRC) PID: http://data.europa.eu/89h/9f06f36f-4b11-47ec-abb0-4f8b7b1d72ea, doi:10.2905/9F06F36F-4B11-47EC-ABB0-4F8B7B1D72EA Bloemendaal, N., Haigh, I.D., de Moel, H. et al. Generation of a global synthetic tropical cyclone hazard dataset using STORM. Sci Data 7, 40 (2020). https://www.nature.com/articles/s41597- 020-0381-2 Bloemendaal, Nadia; de Moel, H. (Hans); Muis, S; Haigh, I.D. (Ivan); Aerts, J.C.J.H. (Jeroen) (2023): STORM tropical cyclone wind speed return periods. Version 4. 4TU.ResearchData. dataset. https://doi.org/10.4121/12705164.v4",Non-residential built-up exposed to cyclone wind classes 1-2 (category 1-2 Saffir-Simpson Hurricane Wind Scale) for a 400 yrp.
EX_CF2_POP_XXXX,Population exposed to coastal floods 20 yrp,Number of inhabitants,"Schiavina M., Freire S., Carioli A., MacManus K. (2023): GHS-POP R2023A - GHS population grid multitemporal (1975-2030).European Commission, Joint Research Centre (JRC) PID: http://data.europa.eu/89h/2ff68a52-5b5b-4a22-8f40-c41da8332cfe, doi:10.2905/2FF68A52-5B5B-4A22-8F40-C41DA8332CFE Vousdoukas, M.I., Mentaschi, L., Voukouvalas, E., Verlaan, M., Jevrejeva, S., Jackson, L.P., Feyen, L., 2018. Global probabilistic projections of extreme sea levels show intensification of coastal flood hazard. Nat. Commun. 9, 2360. https://doi.org/10.1038/s41467-018-04692-w. Vousdoukas, M.I., Mentaschi, L., Voukouvalas, E., Bianchi, A., Dottori, F., Feyen, L.,2018. Climatic and socioeconomic controls of future coastal flood risk in Europe. Nat. Clim. Change. 89 (8), 776– 780. https://doi.org/10.1038/s41558-018-0260-4. Dottori, F., Salamon, P., Bianchi, A., Alfieri, L., Hirpa, F.A., Feyen, L., 2016. Development and evaluation of a framework for global flood hazard mapping. Adv. Water Resour. 94, 87–102. https://doi.org/10.1016/j.advwatres.2016.05.002.",Population exposed to coastal floods (20 yrp).
EX_CF1_POP_XXXX,Population exposed to coastal floods 100 yrp,Number of inhabitants,"Schiavina M., Freire S., Carioli A., MacManus K. (2023): GHS-POP R2023A - GHS population grid multitemporal (1975-2030).European Commission, Joint Research Centre (JRC) PID: http://data.europa.eu/89h/2ff68a52-5b5b-4a22-8f40-c41da8332cfe, doi:10.2905/2FF68A52-5B5B-4A22-8F40-C41DA8332CFE Vousdoukas, M.I., Mentaschi, L., Voukouvalas, E., Verlaan, M., Jevrejeva, S., Jackson, L.P., Feyen, L., 2018. Global probabilistic projections of extreme sea levels show intensification of coastal flood hazard. Nat. Commun. 9, 2360. https://doi.org/10.1038/s41467-018-04692-w. Vousdoukas, M.I., Mentaschi, L., Voukouvalas, E., Bianchi, A., Dottori, F., Feyen, L.,2018. Climatic and socioeconomic controls of future coastal flood risk in Europe. Nat. Clim. Change. 89 (8), 776– 780. https://doi.org/10.1038/s41558-018-0260-4 Dottori, F., Salamon, P., Bianchi, A., Alfieri, L., Hirpa, F.A., Feyen, L., 2016. Development and evaluation of a framework for global flood hazard mapping. Adv. Water Resour. 94, 87–102. https://doi.org/10.1016/j.advwatres.2016.05.002.",Population exposed to coastal floods (100 yrp).
EX_CF2_BUS_XXXX,Built-up exposed to coastal floods 20 yrp,m2,"Pesaresi M., Politis P. (2023): GHS-BUILT-S R2023A - GHS built-up surface grid, derived from Sentinel2 composite and Landsat, multitemporal (1975-2030)European Commission, Joint Research Centre (JRC) PID: http://data.europa.eu/89h/9f06f36f-4b11-47ec-abb0-4f8b7b1d72ea, doi:10.2905/9F06F36F-4B11-47EC-ABB0-4F8B7B1D72EA Vousdoukas, M.I., Mentaschi, L., Voukouvalas, E., Verlaan, M., Jevrejeva, S., Jackson, L.P., Feyen, L., 2018. Global probabilistic projections of extreme sea levels show intensification of coastal flood hazard. Nat. Commun. 9, 2360. https://doi.org/10.1038/s41467-018-04692-w. Vousdoukas, M.I., Mentaschi, L., Voukouvalas, E., Bianchi, A., Dottori, F., Feyen, L.,2018. Climatic and socioeconomic controls of future coastal flood risk in Europe. Nat. Clim. Change. 89 (8), 776– 780. https://doi.org/10.1038/s41558-018-0260-4. Dottori, F., Salamon, P., Bianchi, A., Alfieri, L., Hirpa, F.A., Feyen, L., 2016. Development and evaluation of a framework for global flood hazard mapping. Adv. Water Resour. 94, 87–102. https://doi.org/10.1016/j.advwatres.2016.05.002.",Total built-up exposed to coastal floods (20 yrp).
EX_CF1_BUS_XXXX,Built-up exposed to coastal floods 100 yrp,m2,"Pesaresi M., Politis P. (2023): GHS-BUILT-S R2023A - GHS built-up surface grid, derived from Sentinel2 composite and Landsat, multitemporal (1975-2030)European Commission, Joint Research Centre (JRC) PID: http://data.europa.eu/89h/9f06f36f-4b11-47ec-abb0-4f8b7b1d72ea, doi:10.2905/9F06F36F-4B11-47EC-ABB0-4F8B7B1D72EA Vousdoukas, M.I., Mentaschi, L., Voukouvalas, E., Verlaan, M., Jevrejeva, S., Jackson, L.P., Feyen, L., 2018. Global probabilistic projections of extreme sea levels show intensification of coastal flood hazard. Nat. Commun. 9, 2360. https://doi.org/10.1038/s41467-018-04692-w. Vousdoukas, M.I., Mentaschi, L., Voukouvalas, E., Bianchi, A., Dottori, F., Feyen, L.,2018. Climatic and socioeconomic controls of future coastal flood risk in Europe. Nat. Clim. Change. 89 (8), 776– 780. https://doi.org/10.1038/s41558-018-0260-4. Dottori, F., Salamon, P., Bianchi, A., Alfieri, L., Hirpa, F.A., Feyen, L., 2016. Development and evaluation of a framework for global flood hazard mapping. Adv. Water Resour. 94, 87–102. https://doi.org/10.1016/j.advwatres.2016.05.002.",Total built-up exposed to coastal floods (100 yrp).
EX_CF2_NRE_XXXX,Non-residential built-up exposed to coastal floods 20 yrp,m2,"Pesaresi M., Politis P. (2023): GHS-BUILT-S R2023A - GHS built-up surface grid, derived from Sentinel2 composite and Landsat, multitemporal (1975-2030)European Commission, Joint Research Centre (JRC) PID: http://data.europa.eu/89h/9f06f36f-4b11-47ec-abb0-4f8b7b1d72ea, doi:10.2905/9F06F36F-4B11-47EC-ABB0-4F8B7B1D72EA Vousdoukas, M.I., Mentaschi, L., Voukouvalas, E., Verlaan, M., Jevrejeva, S., Jackson, L.P., Feyen, L., 2018. Global probabilistic projections of extreme sea levels show intensification of coastal flood hazard. Nat. Commun. 9, 2360. https://doi.org/10.1038/s41467-018-04692-w. Vousdoukas, M.I., Mentaschi, L., Voukouvalas, E., Bianchi, A., Dottori, F., Feyen, L.,2018. Climatic and socioeconomic controls of future coastal flood risk in Europe. Nat. Clim. Change. 89 (8), 776– 780. https://doi.org/10.1038/s41558-018-0260-4. Dottori, F., Salamon, P., Bianchi, A., Alfieri, L., Hirpa, F.A., Feyen, L., 2016. Development and evaluation of a framework for global flood hazard mapping. Adv. Water Resour. 94, 87–102. https://doi.org/10.1016/j.advwatres.2016.05.002.",Non-residential built-up exposed to coastal floods (20 yrp).
EX_CF1_NRE_XXXX,Non-residential built-up exposed to coastal floods 100 yrp,m2,"Pesaresi M., Politis P. (2023): GHS-BUILT-S R2023A - GHS built-up surface grid, derived from Sentinel2 composite and Landsat, multitemporal (1975-2030)European Commission, Joint Research Centre (JRC) PID: http://data.europa.eu/89h/9f06f36f-4b11-47ec-abb0-4f8b7b1d72ea, doi:10.2905/9F06F36F-4B11-47EC-ABB0-4F8B7B1D72EA Vousdoukas, M.I., Mentaschi, L., Voukouvalas, E., Verlaan, M., Jevrejeva, S., Jackson, L.P., Feyen, L., 2018. Global probabilistic projections of extreme sea levels show intensification of coastal flood hazard. Nat. Commun. 9, 2360. https://doi.org/10.1038/s41467-018-04692-w. Vousdoukas, M.I., Mentaschi, L., Voukouvalas, E., Bianchi, A., Dottori, F., Feyen, L.,2018. Climatic and socioeconomic controls of future coastal flood risk in Europe. Nat. Clim. Change. 89 (8), 776– 780. https://doi.org/10.1038/s41558-018-0260-4. Dottori, F., Salamon, P., Bianchi, A., Alfieri, L., Hirpa, F.A., Feyen, L., 2016. Development and evaluation of a framework for global flood hazard mapping. Adv. Water Resour. 94, 87–102. https://doi.org/10.1016/j.advwatres.2016.05.002.",Non-residential built-up exposed to coastal floods (100 yrp).
EX_CF2_SHP_XXXX,Share of population exposed to coastal floods 20 yrp,%,"Schiavina M., Freire S., Carioli A., MacManus K. (2023): GHS-POP R2023A - GHS population grid multitemporal (1975-2030).European Commission, Joint Research Centre (JRC) PID: http://data.europa.eu/89h/2ff68a52-5b5b-4a22-8f40-c41da8332cfe, doi:10.2905/2FF68A52-5B5B-4A22-8F40-C41DA8332CFE Vousdoukas, M.I., Mentaschi, L., Voukouvalas, E., Verlaan, M., Jevrejeva, S., Jackson, L.P., Feyen, L., 2018. Global probabilistic projections of extreme sea levels show intensification of coastal flood hazard. Nat. Commun. 9, 2360. https://doi.org/10.1038/s41467-018-04692-w. Vousdoukas, M.I., Mentaschi, L., Voukouvalas, E., Bianchi, A., Dottori, F., Feyen, L.,2018. Climatic and socioeconomic controls of future coastal flood risk in Europe. Nat. Clim. Change. 89 (8), 776– 780. https://doi.org/10.1038/s41558-018-0260-4. Dottori, F., Salamon, P., Bianchi, A., Alfieri, L., Hirpa, F.A., Feyen, L., 2016. Development and evaluation of a framework for global flood hazard mapping. Adv. Water Resour. 94, 87–102. https://doi.org/10.1016/j.advwatres.2016.05.002.",Share of population exposed to coastal floods (20 yrp).
EX_CF1_SHP_XXXX,Share of population exposed to coastal floods 100 yrp,%,"Schiavina M., Freire S., Carioli A., MacManus K. (2023): GHS-POP R2023A - GHS population grid multitemporal (1975-2030).European Commission, Joint Research Centre (JRC) PID: http://data.europa.eu/89h/2ff68a52-5b5b-4a22-8f40-c41da8332cfe, doi:10.2905/2FF68A52-5B5B-4A22-8F40-C41DA8332CFE Vousdoukas, M.I., Mentaschi, L., Voukouvalas, E., Verlaan, M., Jevrejeva, S., Jackson, L.P., Feyen, L., 2018. Global probabilistic projections of extreme sea levels show intensification of coastal flood hazard. Nat. Commun. 9, 2360. https://doi.org/10.1038/s41467-018-04692-w. Vousdoukas, M.I., Mentaschi, L., Voukouvalas, E., Bianchi, A., Dottori, F., Feyen, L.,2018. Climatic and socioeconomic controls of future coastal flood risk in Europe. Nat. Clim. Change. 89 (8), 776– 780. https://doi.org/10.1038/s41558-018-0260-4. Dottori, F., Salamon, P., Bianchi, A., Alfieri, L., Hirpa, F.A., Feyen, L., 2016. Development and evaluation of a framework for global flood hazard mapping. Adv. Water Resour. 94, 87–102. https://doi.org/10.1016/j.advwatres.2016.05.002.",Share of population exposed to coastal floods (100 yrp).
EX_CF2_SHB_XXXX,Share of built-up exposed to coastal floods 20 yrp,%,"Pesaresi M., Politis P. (2023): GHS-BUILT-S R2023A - GHS built-up surface grid, derived from Sentinel2 composite and Landsat, multitemporal (1975-2030)European Commission, Joint Research Centre (JRC) PID: http://data.europa.eu/89h/9f06f36f-4b11-47ec-abb0-4f8b7b1d72ea, doi:10.2905/9F06F36F-4B11-47EC-ABB0-4F8B7B1D72EA Vousdoukas, M.I., Mentaschi, L., Voukouvalas, E., Verlaan, M., Jevrejeva, S., Jackson, L.P., Feyen, L., 2018. Global probabilistic projections of extreme sea levels show intensification of coastal flood hazard. Nat. Commun. 9, 2360. https://doi.org/10.1038/s41467-018-04692-w. Vousdoukas, M.I., Mentaschi, L., Voukouvalas, E., Bianchi, A., Dottori, F., Feyen, L.,2018. Climatic and socioeconomic controls of future coastal flood risk in Europe. Nat. Clim. Change. 89 (8), 776– 780. https://doi.org/10.1038/s41558-018-0260-4. Dottori, F., Salamon, P., Bianchi, A., Alfieri, L., Hirpa, F.A., Feyen, L., 2016. Development and evaluation of a framework for global flood hazard mapping. Adv. Water Resour. 94, 87–102. https://doi.org/10.1016/j.advwatres.2016.05.002.",Share of total built-up exposed to coastal floods (20 yrp).
EX_CF1_SHB_XXXX,Share of built-up exposed to coastal floods 100 yrp,%,"Pesaresi M., Politis P. (2023): GHS-BUILT-S R2023A - GHS built-up surface grid, derived from Sentinel2 composite and Landsat, multitemporal (1975-2030)European Commission, Joint Research Centre (JRC) PID: http://data.europa.eu/89h/9f06f36f-4b11-47ec-abb0-4f8b7b1d72ea, doi:10.2905/9F06F36F-4B11-47EC-ABB0-4F8B7B1D72EA Vousdoukas, M.I., Mentaschi, L., Voukouvalas, E., Verlaan, M., Jevrejeva, S., Jackson, L.P., Feyen, L., 2018. Global probabilistic projections of extreme sea levels show intensification of coastal flood hazard. Nat. Commun. 9, 2360. https://doi.org/10.1038/s41467-018-04692-w. Vousdoukas, M.I., Mentaschi, L., Voukouvalas, E., Bianchi, A., Dottori, F., Feyen, L.,2018. Climatic and socioeconomic controls of future coastal flood risk in Europe. Nat. Clim. Change. 89 (8), 776– 780. https://doi.org/10.1038/s41558-018-0260-4. Dottori, F., Salamon, P., Bianchi, A., Alfieri, L., Hirpa, F.A., Feyen, L., 2016. Development and evaluation of a framework for global flood hazard mapping. Adv. Water Resour. 94, 87–102. https://doi.org/10.1016/j.advwatres.2016.05.002.",Share of total built-up exposed to coastal floods (100 yrp).
EX_CF2_SNR_XXXX,Share of non-residential built-up exposed to coastal floods 20 yrp,%,"Pesaresi M., Politis P. (2023): GHS-BUILT-S R2023A - GHS built-up surface grid, derived from Sentinel2 composite and Landsat, multitemporal (1975-2030)European Commission, Joint Research Centre (JRC) PID: http://data.europa.eu/89h/9f06f36f-4b11-47ec-abb0-4f8b7b1d72ea, doi:10.2905/9F06F36F-4B11-47EC-ABB0-4F8B7B1D72EA Vousdoukas, M.I., Mentaschi, L., Voukouvalas, E., Verlaan, M., Jevrejeva, S., Jackson, L.P., Feyen, L., 2018. Global probabilistic projections of extreme sea levels show intensification of coastal flood hazard. Nat. Commun. 9, 2360. https://doi.org/10.1038/s41467-018-04692-w. Vousdoukas, M.I., Mentaschi, L., Voukouvalas, E., Bianchi, A., Dottori, F., Feyen, L.,2018. Climatic and socioeconomic controls of future coastal flood risk in Europe. Nat. Clim. Change. 89 (8), 776– 780. https://doi.org/10.1038/s41558-018-0260-4. Dottori, F., Salamon, P., Bianchi, A., Alfieri, L., Hirpa, F.A., Feyen, L., 2016. Development and evaluation of a framework for global flood hazard mapping. Adv. Water Resour. 94, 87–102. https://doi.org/10.1016/j.advwatres.2016.05.002.",Share of non-residential built-up exposed to coastal floods (20 yrp).
EX_CF1_SNR_XXXX,Share of non-residential built-up exposed to coastal floods 100 yrp,%,"Pesaresi M., Politis P. (2023): GHS-BUILT-S R2023A - GHS built-up surface grid, derived from Sentinel2 composite and Landsat, multitemporal (1975-2030)European Commission, Joint Research Centre (JRC) PID: http://data.europa.eu/89h/9f06f36f-4b11-47ec-abb0-4f8b7b1d72ea, doi:10.2905/9F06F36F-4B11-47EC-ABB0-4F8B7B1D72EA Vousdoukas, M.I., Mentaschi, L., Voukouvalas, E., Verlaan, M., Jevrejeva, S., Jackson, L.P., Feyen, L., 2018. Global probabilistic projections of extreme sea levels show intensification of coastal flood hazard. Nat. Commun. 9, 2360. https://doi.org/10.1038/s41467-018-04692-w. Vousdoukas, M.I., Mentaschi, L., Voukouvalas, E., Bianchi, A., Dottori, F., Feyen, L.,2018. Climatic and socioeconomic controls of future coastal flood risk in Europe. Nat. Clim. Change. 89 (8), 776– 780. https://doi.org/10.1038/s41558-018-0260-4. Dottori, F., Salamon, P., Bianchi, A., Alfieri, L., Hirpa, F.A., Feyen, L., 2016. Development and evaluation of a framework for global flood hazard mapping. Adv. Water Resour. 94, 87–102. https://doi.org/10.1016/j.advwatres.2016.05.002.",Share of non-residential built-up exposed to coastal floods (100 yrp).
HZ_CON_VAC_XXXX,Number of event type 'violence against civilians',Number of events,ACLED dataset. Published on: 25 October 2023 | Last updated: 29 November 2023. Last complete ACLED download on 2023-09-26 10:10:29,Count of numbers of events in the urban center classified as 'violence against civilians'
HZ_CON_BAT_XXXX,Number of event type ‘battles’,Number of events,ACLED dataset. Published on: 25 October 2023 | Last updated: 29 November 2023. Last complete ACLED download on 2023-09-26 10:10:29,Count of numbers of events in the urban center classified as ‘battles’
HZ_CON_SDV_XXXX,Number of event type ‘Strategic Developments’,Number of events,ACLED dataset. Published on: 25 October 2023 | Last updated: 29 November 2023. Last complete ACLED download on 2023-09-26 10:10:29,Count of numbers of events in the urban center classified as ‘Strategic Developments’
HZ_CON_RIO_XXXX,Number of event type ‘riots’,Number of events,ACLED dataset. Published on: 25 October 2023 | Last updated: 29 November 2023. Last complete ACLED download on 2023-09-26 10:10:29,Count of numbers of events in the urban center classified as ‘riots’
HZ_CON_PRO_XXXX,Number of event type ‘protests’,Number of events,ACLED dataset. Published on: 25 October 2023 | Last updated: 29 November 2023. Last complete ACLED download on 2023-09-26 10:10:29,Count of numbers of events in the urban center classified as ‘protests’
HZ_CON_ERV_XXXX,Number of event type ‘explosions or remote violence’,Number of events,ACLED dataset. Published on: 25 October 2023 | Last updated: 29 November 2023. Last complete ACLED download on 2023-09-26 10:10:29,Count of numbers of events in the urban center classified as ‘explosions or remote violence’
HZ_CON_TOT_XXXX,Total number of events,Number of events,"Sundberg, Ralph, and Erik Melander, 2013, “Introducing the UCDP Georeferenced Event Dataset”, Journal of Peace Research, vol.50, no.4, 523-532. Download on 2023-08-22 15:00:27. Includes the following versions: 23.1, 23.01.23.06, 23.0.7",Count of total number of events in the urban center
HZ_CON_SBC_XXXX,Number of state-based-conflict,Number of events,"Sundberg, Ralph, and Erik Melander, 2013, “Introducing the UCDP Georeferenced Event Dataset”, Journal of Peace Research, vol.50, no.4, 523-532. Download on 2023-08-22 15:00:27. Includes the following versions: 23.1, 23.01.23.06, 23.0.7",Count of state-based-conflict events in the urban center
HZ_CON_NSC_XXXX,Number of non-state-conflict,Number of events,"Sundberg, Ralph, and Erik Melander, 2013, “Introducing the UCDP Georeferenced Event Dataset”, Journal of Peace Research, vol.50, no.4, 523-532. Download on 2023-08-22 15:00:27. Includes the following versions: 23.1, 23.01.23.06, 23.0.7",Count of non-state-conflict events in the urban center
HZ_CON_OSV_XXXX,Number of one-sided violence,Number of events,"Sundberg, Ralph, and Erik Melander, 2013, “Introducing the UCDP Georeferenced Event Dataset”, Journal of Peace Research, vol.50, no.4, 523-532. Download on 2023-08-22 15:00:27. Includes the following versions: 23.1, 23.01.23.06, 23.0.7",Count of one-sided violence events in the urban center
HZ_CON_FAT_XXXX,Number of fatalities,Number of fatalities,"Sundberg, Ralph, and Erik Melander, 2013, “Introducing the UCDP Georeferenced Event Dataset”, Journal of Peace Research, vol.50, no.4, 523-532. Download on 2023-08-22 15:00:27. Includes the following versions: 23.1, 23.01.23.06, 23.0.7",Count of one-sided violence events in the urban center
HZ_WLF_NUM_XXXX,Accumulate number of wildfires,Number of wildfires,"San-Miguel-Ayanz, J., Houston Durrant, T., Boca, R., Libertà, G., Branco, A., de Rigo, D., Ferrari, D., Maianti, P., Artés Vivancos, T., Schulte, E., Loffler, P., Benchikha, A., Abbas, M., Humer, F., Konstantinov, V., Pešut, I., Petkoviček, S., Papageorgiou, K., Toumasis, I., Kütt, V., Kõiv, K., Ruuska, R., Anastasov, T., Timovska, M., Michaut, P., Joannelle, P., Lachmann, M., Pavlidou, K., Debreceni, P., Nagy, D., Nugent, C., Di Fonzo, M., Leisavnieks, E., Jaunķiķis, Z., Mitri, G., Repšienė, S., Assali, F., Mharzi Alaoui, H., Botnen, D., Piwnicki, J., Szczygieł, R., Janeira, M., Borges, A., Sbirnea, R., Mara, S., Eritsov, A., Longauerová, V., Jakša, J., Enriquez, E., Lopez, A., Sandahl, L., Reinhard, M., Conedera, M., Pezzatti, B., Dursun, K. T., Baltaci, U., Moffat, A., 2017. Forest fires in Europe, Middle East and North Africa 2016. Publications Office of the European Union, Luxembourg. ISBN:978-92-79- 71292-0, https://doi.org/10.2760/17690 Goldammer, J. G., Mangeon, S., Keywood, M., Kaiser, J. W., de Groot, W. J., Gunawan, D., Gan, C., Field, R., Sofiev, M., Baklanov, A., 2018. Vegetation Fire and Smoke Pollution Warning and Advisory System (VFSP-WAS): concept note and expert recommendations. Vol. 235 of GAW Report series. World Meteorological Organization, Geneva, Switzerland. https://library.wmo.int/doc_num.php?explnum_id=4519 Giglio, L., Boschetti, L., Roy, D., Humber, M., Justice, C.O., The Collection 6 MODIS Burned Area Mapping Algorithm and Product. Remote Sensing of Environment (submitted June 2018). https://data.jrc.ec.europa.eu/dataset/e6f7a4e7-1f64-4ba9-9363-6bc864ab4666",Accumulate number of wildfires
HZ_WLF_BHA_XXXX,Accumulate burnt area,hectares,"San-Miguel-Ayanz, J., Houston Durrant, T., Boca, R., Libertà, G., Branco, A., de Rigo, D., Ferrari, D., Maianti, P., Artés Vivancos, T., Schulte, E., Loffler, P., Benchikha, A., Abbas, M., Humer, F., Konstantinov, V., Pešut, I., Petkoviček, S., Papageorgiou, K., Toumasis, I., Kütt, V., Kõiv, K., Ruuska, R., Anastasov, T., Timovska, M., Michaut, P., Joannelle, P., Lachmann, M., Pavlidou, K., Debreceni, P., Nagy, D., Nugent, C., Di Fonzo, M., Leisavnieks, E., Jaunķiķis, Z., Mitri, G., Repšienė, S., Assali, F., Mharzi Alaoui, H., Botnen, D., Piwnicki, J., Szczygieł, R., Janeira, M., Borges, A., Sbirnea, R., Mara, S., Eritsov, A., Longauerová, V., Jakša, J., Enriquez, E., Lopez, A., Sandahl, L., Reinhard, M., Conedera, M., Pezzatti, B., Dursun, K. T., Baltaci, U., Moffat, A., 2017. Forest fires in Europe, Middle East and North Africa 2016. Publications Office of the European Union, Luxembourg. ISBN:978-92-79- 71292-0, https://doi.org/10.2760/17690 Goldammer, J. G., Mangeon, S., Keywood, M., Kaiser, J. W., de Groot, W. J., Gunawan, D., Gan, C., Field, R., Sofiev, M., Baklanov, A., 2018. Vegetation Fire and Smoke Pollution Warning and Advisory System (VFSP-WAS): concept note and expert recommendations. Vol. 235 of GAW Report series. World Meteorological Organization, Geneva, Switzerland. https://library.wmo.int/doc_num.php?explnum_id=4519 Giglio, L., Boschetti, L., Roy, D., Humber, M., Justice, C.O., The Collection 6 MODIS Burned Area Mapping Algorithm and Product. Remote Sensing of Environment (submitted June 2018). https://data.jrc.ec.europa.eu/dataset/e6f7a4e7-1f64-4ba9-9363-6bc864ab4666",Accumulate burnt area due to wildfires
HZ_CEV_TEV_XXXX,Total number of events,Number of events,"Claassen, J.N., Ward, P.J., Daniell, J. et al. A new method to compile global multi-hazard event sets. Sci Rep 13, 13808 (2023). https://doi.org/10.1038/s41598-023-40400-5 MYRIAD – Hazard Event Sets (MYRIAD-HES) https://zenodo.org/records/8269680",Total number of events
HZ_CEV_THZ_XXXX,Total number of hazards,Number of hazards,"Claassen, J.N., Ward, P.J., Daniell, J. et al. A new method to compile global multi-hazard event sets. Sci Rep 13, 13808 (2023). https://doi.org/10.1038/s41598-023-40400-5 MYRIAD – Hazard Event Sets (MYRIAD-HES) https://zenodo.org/records/8269680",Total number of hazards
HZ_CEV_EAR_XXXX,Earthquakes occurrence,Number of hazards type earthquakes,"Claassen, J.N., Ward, P.J., Daniell, J. et al. A new method to compile global multi-hazard event sets. Sci Rep 13, 13808 (2023). https://doi.org/10.1038/s41598-023-40400-5 MYRIAD – Hazard Event Sets (MYRIAD-HES) https://zenodo.org/records/8269680",Total number of hazards type earthquakes
HZ_CEV_EWI_XXXX,Extreme wind occurrence,Number of hazards type extreme wind,"Claassen, J.N., Ward, P.J., Daniell, J. et al. A new method to compile global multi-hazard event sets. Sci Rep 13, 13808 (2023). https://doi.org/10.1038/s41598-023-40400-5 MYRIAD – Hazard Event Sets (MYRIAD-HES) https://zenodo.org/records/8269680",Total number of hazards type extreme wind
HZ_CEV_TSU_XXXX,Tsunami occurrence,Number of hazards type extreme wind,"Claassen, J.N., Ward, P.J., Daniell, J. et al. A new method to compile global multi-hazard event sets. Sci Rep 13, 13808 (2023). https://doi.org/10.1038/s41598-023-40400-5 MYRIAD – Hazard Event Sets (MYRIAD-HES) https://zenodo.org/records/8269680",Total number of hazards type tsunami
HZ_CEV_HEW_XXXX,Heatwaves occurrence,Number of hazards type heatwaves,"Claassen, J.N., Ward, P.J., Daniell, J. et al. A new method to compile global multi-hazard event sets. Sci Rep 13, 13808 (2023). https://doi.org/10.1038/s41598-023-40400-5 MYRIAD – Hazard Event Sets (MYRIAD-HES) https://zenodo.org/records/8269680",Total number of hazards type heatwaves
HZ_CEV_DRO_XXXX,Droughts occurrence,Number of hazards type drought,"Claassen, J.N., Ward, P.J., Daniell, J. et al. A new method to compile global multi-hazard event sets. Sci Rep 13, 13808 (2023). https://doi.org/10.1038/s41598-023-40400-5 MYRIAD – Hazard Event Sets (MYRIAD-HES) https://zenodo.org/records/8269680",Total number of hazards type drought
HZ_CEV_FLO_XXXX,Floods occurrence,Number of hazards type flood,"Claassen, J.N., Ward, P.J., Daniell, J. et al. A new method to compile global multi-hazard event sets. Sci Rep 13, 13808 (2023). https://doi.org/10.1038/s41598-023-40400-5 MYRIAD – Hazard Event Sets (MYRIAD-HES) https://zenodo.org/records/8269680",Total number of hazards type flood
HZ_CEV_TCY_XXXX,Tropical Cyclones occurrence,Number of hazards type tropical cyclones,"Claassen, J.N., Ward, P.J., Daniell, J. et al. A new method to compile global multi-hazard event sets. Sci Rep 13, 13808 (2023). https://doi.org/10.1038/s41598-023-40400-5 MYRIAD – Hazard Event Sets (MYRIAD-HES) https://zenodo.org/records/8269680",Total number of hazards type tropical cyclones
HZ_CEV_VOL_XXXX,Volcanic eruptions occurrence,Number of hazards type volcanic eruption,"Claassen, J.N., Ward, P.J., Daniell, J. et al. A new method to compile global multi-hazard event sets. Sci Rep 13, 13808 (2023). https://doi.org/10.1038/s41598-023-40400-5 MYRIAD – Hazard Event Sets (MYRIAD-HES) https://zenodo.org/records/8269680",Total number of hazards type volcanic eruption
HZ_CEV_LAN_XXXX,Landslide occurrence,Number of hazards type landslide,"Claassen, J.N., Ward, P.J., Daniell, J. et al. A new method to compile global multi-hazard event sets. Sci Rep 13, 13808 (2023). https://doi.org/10.1038/s41598-023-40400-5 MYRIAD – Hazard Event Sets (MYRIAD-HES) https://zenodo.org/records/8269680",Total number of hazards type landslide
HZ_CEV_COW_XXXX,Cold wave occurrence,Number of hazards type cold wave,"Claassen, J.N., Ward, P.J., Daniell, J. et al. A new method to compile global multi-hazard event sets. Sci Rep 13, 13808 (2023). https://doi.org/10.1038/s41598-023-40400-5 MYRIAD – Hazard Event Sets (MYRIAD-HES) https://zenodo.org/records/8269680",Total number of hazards type cold wave
HZ_CEV_WLF_XXXX,Wildfire occurrence,Number of hazards type wildfire,"Claassen, J.N., Ward, P.J., Daniell, J. et al. A new method to compile global multi-hazard event sets. Sci Rep 13, 13808 (2023). https://doi.org/10.1038/s41598-023-40400-5 MYRIAD – Hazard Event Sets (MYRIAD-HES) https://zenodo.org/records/8269680",Total number of hazards type wildfire
HZ_CEV_MHZ_XXXX,Maximum number of hazards per event,Maximum number of hazards per event,"Claassen, J.N., Ward, P.J., Daniell, J. et al. A new method to compile global multi-hazard event sets. Sci Rep 13, 13808 (2023). https://doi.org/10.1038/s41598-023-40400-5 MYRIAD – Hazard Event Sets (MYRIAD-HES) https://zenodo.org/records/8269680",Maximum number of hazards per event
SD_LUE_LPR_XXXX_YYYY,Land Use Efficiency,Dimensionless,"Melchiorri, M.; Pesaresi, M.; Florczyk, A.J.; Corbane, C.; Kemper, T. Principles and Applications of the Global Human Settlement Layer as Baseline for the Land Use Efficiency Indicator—SDG 11.3.1. ISPRS Int. J. Geo-Inf. 2019, 8, 96. https://doi.org/10.3390/ijgi8020096 SDG indicator metadata (Harmonized metadata template - format version 1.1), Metadata-11-03- 01.pdf (un.org)",Land Use efficiency is the ratio between the Land Consumption Rate and the Population Growth Rate
SD_LUE_LCR_XXXX_YYYY,Land Consumption Rate,Dimensionless,"Melchiorri, M.; Pesaresi, M.; Florczyk, A.J.; Corbane, C.; Kemper, T. Principles and Applications of the Global Human Settlement Layer as Baseline for the Land Use Efficiency Indicator—SDG 11.3.1. ISPRS Int. J. Geo-Inf. 2019, 8, 96. https://doi.org/10.3390/ijgi8020096 SDG indicator metadata (Harmonized metadata template - format version 1.1), Metadata-11-03- 01.pdf (un.org)","Land Consumption Rate is defined as the share of the difference between total built-up in two years over the total built-up in the past year, divided by the difference between the two years. The total built-up is calculated as total built-up in the urban center."
SD_LUE_PGR_XXXX_YYYY,Population Growth Rate,Dimensionless,"Melchiorri, M.; Pesaresi, M.; Florczyk, A.J.; Corbane, C.; Kemper, T. Principles and Applications of the Global Human Settlement Layer as Baseline for the Land Use Efficiency Indicator—SDG 11.3.1. ISPRS Int. J. Geo-Inf. 2019, 8, 96. https://doi.org/10.3390/ijgi8020096 SDG indicator metadata (Harmonized metadata template - format version 1.1), Metadata-11-03- 01.pdf (un.org)","Population Growth Rate is defined as logarithm of the fraction between of the total population in the current year and the total population in the past year, divided by the difference between the two years. The total population is calculated as total built-up in the urban center."
SD_POP_HGR_XXXX,Share of the Urban Centre population living in area of high greenness,%,"United Nations Human Settlement Programme (UN-Habitat), Global Urban Indicators Database 2024 USGS Earth Resources Observation and Science (EROS) Center. (2021). Landsat 8 Level-2 Science Products. Landsat NDVI data from Landsat 8 mission. Retrieved from https://eros.usgs.gov/land- cover-land-use/landsat-8-level-2-science-products USGS Earth Resources Observation and Science (EROS) Center. (2021). Landsat 8 Level-2 Science Products. Landsat NDVI data from Landsat 8 mission. Retrieved from https://eros.usgs.gov/land- cover-land-use/landsat-8-level-2-science-products Schiavina M., Freire S., Carioli A., MacManus K. (2023): GHS-POP R2023A - GHS population grid multitemporal (1975-2030). European Commission, Joint Research Centre (JRC) PID: http://data.europa.eu/89h/2ff68a52-5b5b-4a22-8f40-c41da8332cfe, doi:10.2905/2FF68A52- 5B5B-4A22-8F40-C41DA8332CFE Pesaresi M., Politis P. (2023): GHS-BUILT-S R2023A - GHS built-up surface grid, derived from Sentinel2 composite and Landsat, multitemporal (1975-2030). European Commission, Joint Research Centre (JRC) PID: http://data.europa.eu/89h/9f06f36f-4b11-47ec-abb0-4f8b7b1d72ea, doi:10.2905/9F06F36F-4B11-47EC-ABB0-4F8B7B1D72EA",Share of the Urban Centre population living in area of high greenness for the corresponding year
CL_B01_CUR_XXXX,Annual Mean Temperature in the decade (reanalysis data),°C,"Wouters, H., (2021): Global bioclimatic indicators from 1979 to 2018 derived from reanalysis. Copernicus Climate Change Service (C3S) Climate Data Store (CDS). DOI: 10.24381/cds.bce175f0 (Accessed on 07-August-2024)",Annual Mean Temperature in the decade (reanalysis data)
CL_B01_P45_XXXX,Annual Mean Temperature in the decade (projection rcp 4.5 data),°C,"Wouters, H., (2021): Global bioclimatic indicators from 1979 to 2018 derived from reanalysis. Copernicus Climate Change Service (C3S) Climate Data Store (CDS). DOI: 10.24381/cds.bce175f0 (Accessed on 07-August-2024)",Annual Mean Temperature in the decade (projection rcp 4.5 data)
CL_B01_P85_XXXX,Annual Mean Temperature in the decade (projection rcp 8.5 data),°C,"Wouters, H., (2021): Global bioclimatic indicators from 1979 to 2018 derived from reanalysis. Copernicus Climate Change Service (C3S) Climate Data Store (CDS). DOI: 10.24381/cds.bce175f0 (Accessed on 07-August-2024)",Annual Mean Temperature in the decade (projection rcp 8.5 data)
CL_B04_CUR_XXXX,Temperature Seasonality (standard deviation ×100) - reanalysis data,°C,"Wouters, H., (2021): Global bioclimatic indicators from 1979 to 2018 derived from reanalysis. Copernicus Climate Change Service (C3S) Climate Data Store (CDS). DOI: 10.24381/cds.bce175f0 (Accessed on 07-August-2024)",Temperature Seasonality (standard deviation ×100) - reanalysis data
CL_B04_P45_XXXX,Temperature Seasonality (standard deviation ×100) - projection rcp 4.5 data,°C,"Wouters, H., (2021): Global bioclimatic indicators from 1979 to 2018 derived from reanalysis. Copernicus Climate Change Service (C3S) Climate Data Store (CDS). DOI: 10.24381/cds.bce175f0 (Accessed on 07-August-2024)",Temperature Seasonality (standard deviation ×100) - projection rcp 4.5 data
CL_B04_P85_XXXX,Temperature Seasonality (standard deviation ×100) - projection rcp 8.5 data,°C,"Wouters, H., (2021): Global bioclimatic indicators from 1979 to 2018 derived from reanalysis. Copernicus Climate Change Service (C3S) Climate Data Store (CDS). DOI: 10.24381/cds.bce175f0 (Accessed on 07-August-2024)",Temperature Seasonality (standard deviation ×100) - projection rcp 8.5 data
CL_B07_CUR_XXXX,Temperature Annual Range - reanalysis data,°C,"Wouters, H., (2021): Global bioclimatic indicators from 1979 to 2018 derived from reanalysis. Copernicus Climate Change Service (C3S) Climate Data Store (CDS). DOI: 10.24381/cds.bce175f0 (Accessed on 07-August-2024)",Temperature Annual Range - reanalysis data
CL_B07_P45_XXXX,Temperature Annual Range - projection rcp 4.5 data,°C,"Wouters, H., (2021): Global bioclimatic indicators from 1979 to 2018 derived from reanalysis. Copernicus Climate Change Service (C3S) Climate Data Store (CDS). DOI: 10.24381/cds.bce175f0 (Accessed on 07-August-2024)",Temperature Annual Range - projection rcp 4.5 data
CL_B07_P85_XXXX,Temperature Annual Range - projection rcp 8.5 data,°C,"Wouters, H., (2021): Global bioclimatic indicators from 1979 to 2018 derived from reanalysis. Copernicus Climate Change Service (C3S) Climate Data Store (CDS). DOI: 10.24381/cds.bce175f0 (Accessed on 07-August-2024)",Temperature Annual Range - projection rcp 8.5 data
CL_B12_CUR_XXXX,Annual Precipitation mean in the decade - reanalysis data,mm year-1,"Wouters, H., (2021): Global bioclimatic indicators from 1979 to 2018 derived from reanalysis. Copernicus Climate Change Service (C3S) Climate Data Store (CDS). DOI: 10.24381/cds.bce175f0 (Accessed on 07-August-2024)",Annual Precipitation mean in the decade - reanalysis data
CL_B12_P45_XXXX,Annual Precipitation mean in the decade - projection rcp 4.5 data,mm year-1,"Wouters, H., (2021): Global bioclimatic indicators from 1979 to 2018 derived from reanalysis. Copernicus Climate Change Service (C3S) Climate Data Store (CDS). DOI: 10.24381/cds.bce175f0 (Accessed on 07-August-2024)",Annual Precipitation mean in the decade - projection rcp 4.5 data
CL_B12_P85_XXXX,Annual Precipitation mean in the decade - projection rcp 8.5 data,mm year-1,"Wouters, H., (2021): Global bioclimatic indicators from 1979 to 2018 derived from reanalysis. Copernicus Climate Change Service (C3S) Climate Data Store (CDS). DOI: 10.24381/cds.bce175f0 (Accessed on 07-August-2024)",Annual Precipitation mean in the decade - projection rcp 8.5 data
CL_KOP_CUR_XXXX,Köppen-Geiger classification of the majority of UC surface - current conditions,categorical,"Beck, H., Zimmermann, N., McVicar, T. et al. Present and future Köppen-Geiger climate classification maps at 1-km resolution. Sci Data 5, 180214 (2018). https://doi.org/10.1038/sdata.2018.214",Köppen-Geiger classification of the majority of UC surface - current conditions
CL_KOP_119_XXXX,Köppen-Geiger classification of the majority of UC surface - projection ssp 119,categorical,"Beck, H., Zimmermann, N., McVicar, T. et al. Present and future Köppen-Geiger climate classification maps at 1-km resolution. Sci Data 5, 180214 (2018). https://doi.org/10.1038/sdata.2018.214",Köppen-Geiger classification of the majority of UC surface - projection ssp 119
CL_KOP_126_XXXX,Köppen-Geiger classification of the majority of UC surface - projection ssp 126,categorical,"Beck, H., Zimmermann, N., McVicar, T. et al. Present and future Köppen-Geiger climate classification maps at 1-km resolution. Sci Data 5, 180214 (2018). https://doi.org/10.1038/sdata.2018.214",Köppen-Geiger classification of the majority of UC surface - projection ssp 126
CL_KOP_245_XXXX,Köppen-Geiger classification of the majority of UC surface - projection ssp 245,categorical,"Beck, H., Zimmermann, N., McVicar, T. et al. Present and future Köppen-Geiger climate classification maps at 1-km resolution. Sci Data 5, 180214 (2018). https://doi.org/10.1038/sdata.2018.214",Köppen-Geiger classification of the majority of UC surface - projection ssp 245
CL_KOP_370_XXXX,Köppen-Geiger classification of the majority of UC surface - projection ssp 370,categorical,"Beck, H., Zimmermann, N., McVicar, T. et al. Present and future Köppen-Geiger climate classification maps at 1-km resolution. Sci Data 5, 180214 (2018). https://doi.org/10.1038/sdata.2018.214",Köppen-Geiger classification of the majority of UC surface - projection ssp 370
CL_KOP_434_XXXX,Köppen-Geiger classification of the majority of UC surface - projection ssp 434,categorical,"Beck, H., Zimmermann, N., McVicar, T. et al. Present and future Köppen-Geiger climate classification maps at 1-km resolution. Sci Data 5, 180214 (2018). https://doi.org/10.1038/sdata.2018.214",Köppen-Geiger classification of the majority of UC surface - projection ssp 434
CL_KOP_460_XXXX,Köppen-Geiger classification of the majority of UC surface - projection ssp 460,categorical,"Beck, H., Zimmermann, N., McVicar, T. et al. Present and future Köppen-Geiger climate classification maps at 1-km resolution. Sci Data 5, 180214 (2018). https://doi.org/10.1038/sdata.2018.214",Köppen-Geiger classification of the majority of UC surface - projection ssp 460
CL_KOP_585_XXXX,Köppen-Geiger classification of the majority of UC surface - projection ssp 585,categorical,"Beck, H., Zimmermann, N., McVicar, T. et al. Present and future Köppen-Geiger climate classification maps at 1-km resolution. Sci Data 5, 180214 (2018). https://doi.org/10.1038/sdata.2018.214",Köppen-Geiger classification of the majority of UC surface - projection ssp 585
CL_REN_PVO_XXXX,Average daily PV potential,kWh/kWp,"Photovoltaic power potential obtained from the “Global Solar Atlas 2.0, a free, web-based application is developed and operated by the company Solargis s.r.o. on behalf of the World Bank Group, utilizing Solargis data, with funding provided by the Energy Sector Management Assistance Program (ESMAP). For additional information: https://globalsolaratlas.info. Access 21/06/2024",Average daily PV potential
CL_REN_W01_XXXX,Mean wind speed at 10 m above ground,m/s,"Neil N. Davis, Jake Badger, Andrea N. Hahmann, Brian O. Hansen, Niels G. Mortensen, Mark Kelly, Xiaoli G. Larsén, Bjarke T. Olsen, Rogier Floors, Gil Lizcano, Pau Casso, Oriol Lacave, Albert Bosch, Ides Bauwens, Oliver James Knight, Albertine Potter van Loon, Rachel Fox, Tigran Parvanyan, Søren Bo Krohn Hansen, Duncan Heathfield, Marko Onninen, Ray Drummond; The Global Wind Atlas: A high-resolution dataset of climatologies and associated web-based application; Bulletin of the American Meteorological Society, Volume 104: Issue 8, Pages E1507-E1525, August 2023, DOI: https://doi.org/10.1175/BAMS-D-21-0075.1 Global Wind Speed obtained from the Global Wind Atlas version 3.3, a free, web-based application developed, owned and operated by the Technical University of Denmark (DTU). The Global Wind Atlas version 3.3 is released in partnership with the World Bank Group, utilizing data provided by Vortex, using funding provided by the Energy Sector Management Assistance Program (ESMAP). For additional information: https://globalwindatlas.info.",Mean wind speed at 10 m above ground
CL_REN_W05_XXXX,Mean wind speed at 50 m above ground,m/s,"Neil N. Davis, Jake Badger, Andrea N. Hahmann, Brian O. Hansen, Niels G. Mortensen, Mark Kelly, Xiaoli G. Larsén, Bjarke T. Olsen, Rogier Floors, Gil Lizcano, Pau Casso, Oriol Lacave, Albert Bosch, Ides Bauwens, Oliver James Knight, Albertine Potter van Loon, Rachel Fox, Tigran Parvanyan, Søren Bo Krohn Hansen, Duncan Heathfield, Marko Onninen, Ray Drummond; The Global Wind Atlas: A high-resolution dataset of climatologies and associated web-based application; Bulletin of the American Meteorological Society, Volume 104: Issue 8, Pages E1507-E1525, August 2023, DOI: https://doi.org/10.1175/BAMS-D-21-0075.1 Global Wind Speed obtained from the Global Wind Atlas version 3.3, a free, web-based application developed, owned and operated by the Technical University of Denmark (DTU). The Global Wind Atlas version 3.3 is released in partnership with the World Bank Group, utilizing data provided by Vortex, using funding provided by the Energy Sector Management Assistance Program (ESMAP). For additional information: https://globalwindatlas.info.",Mean wind speed at 50 m above ground
CL_REN_W10_XXXX,Mean wind speed at 100 m above ground,m/s,"Neil N. Davis, Jake Badger, Andrea N. Hahmann, Brian O. Hansen, Niels G. Mortensen, Mark Kelly, Xiaoli G. Larsén, Bjarke T. Olsen, Rogier Floors, Gil Lizcano, Pau Casso, Oriol Lacave, Albert Bosch, Ides Bauwens, Oliver James Knight, Albertine Potter van Loon, Rachel Fox, Tigran Parvanyan, Søren Bo Krohn Hansen, Duncan Heathfield, Marko Onninen, Ray Drummond; The Global Wind Atlas: A high-resolution dataset of climatologies and associated web-based application; Bulletin of the American Meteorological Society, Volume 104: Issue 8, Pages E1507-E1525, August 2023, DOI: https://doi.org/10.1175/BAMS-D-21-0075.1 Global Wind Speed obtained from the Global Wind Atlas version 3.3, a free, web-based application developed, owned and operated by the Technical University of Denmark (DTU). The Global Wind Atlas version 3.3 is released in partnership with the World Bank Group, utilizing data provided by Vortex, using funding provided by the Energy Sector Management Assistance Program (ESMAP). For additional information: https://globalwindatlas.info.",Mean wind speed at 100 m above ground
CL_REN_W15_XXXX,Mean wind speed at 150 m above ground,m/s,"Neil N. Davis, Jake Badger, Andrea N. Hahmann, Brian O. Hansen, Niels G. Mortensen, Mark Kelly, Xiaoli G. Larsén, Bjarke T. Olsen, Rogier Floors, Gil Lizcano, Pau Casso, Oriol Lacave, Albert Bosch, Ides Bauwens, Oliver James Knight, Albertine Potter van Loon, Rachel Fox, Tigran Parvanyan, Søren Bo Krohn Hansen, Duncan Heathfield, Marko Onninen, Ray Drummond; The Global Wind Atlas: A high-resolution dataset of climatologies and associated web-based application; Bulletin of the American Meteorological Society, Volume 104: Issue 8, Pages E1507-E1525, August 2023, DOI: https://doi.org/10.1175/BAMS-D-21-0075.1 Global Wind Speed obtained from the Global Wind Atlas version 3.3, a free, web-based application developed, owned and operated by the Technical University of Denmark (DTU). The Global Wind Atlas version 3.3 is released in partnership with the World Bank Group, utilizing data provided by Vortex, using funding provided by the Energy Sector Management Assistance Program (ESMAP). For additional information: https://globalwindatlas.info.",Mean wind speed at 150 m above ground
CL_REN_W20_XXXX,Mean wind speed at 200 m above ground,m/s,"Neil N. Davis, Jake Badger, Andrea N. Hahmann, Brian O. Hansen, Niels G. Mortensen, Mark Kelly, Xiaoli G. Larsén, Bjarke T. Olsen, Rogier Floors, Gil Lizcano, Pau Casso, Oriol Lacave, Albert Bosch, Ides Bauwens, Oliver James Knight, Albertine Potter van Loon, Rachel Fox, Tigran Parvanyan, Søren Bo Krohn Hansen, Duncan Heathfield, Marko Onninen, Ray Drummond; The Global Wind Atlas: A high-resolution dataset of climatologies and associated web-based application; Bulletin of the American Meteorological Society, Volume 104: Issue 8, Pages E1507-E1525, August 2023, DOI: https://doi.org/10.1175/BAMS-D-21-0075.1 Global Wind Speed obtained from the Global Wind Atlas version 3.3, a free, web-based application developed, owned and operated by the Technical University of Denmark (DTU). The Global Wind Atlas version 3.3 is released in partnership with the World Bank Group, utilizing data provided by Vortex, using funding provided by the Energy Sector Management Assistance Program (ESMAP). For additional information: https://globalwindatlas.info.",Mean wind speed at 200 m above ground
CL_WDS_CUR_XXXX,Percentage of days with maximum temperature - reanalysis data,%,"Sandstad, M., Schwingshackl, C., Iles, C., (2022): Climate extreme indices and heat stress indicators derived from CMIP6 global climate projections. Copernicus Climate Change Service (C3S) Climate Data Store (CDS). DOI: 10.24381/cds.776e08bd (Accessed on 29-August-2024)",Percentage of days with maximum temperature above the corresponding calendar day 90th percentile of maximum temperature for a 5-day moving window in the base period 1961-1990 - reanalysis data
CL_WDS_126_XXXX,Percentage of days with maximum temperature - projection ssp 126,%,"Sandstad, M., Schwingshackl, C., Iles, C., (2022): Climate extreme indices and heat stress indicators derived from CMIP6 global climate projections. Copernicus Climate Change Service (C3S) Climate Data Store (CDS). DOI: 10.24381/cds.776e08bd (Accessed on 29-August-2024)",Percentage of days with maximum temperature above the corresponding calendar day 90th percentile of maximum temperature for a 5-day moving window in the base period 1961-1990 - projection ssp 126
CL_WDS_245_XXXX,Percentage of days with maximum temperature - projection ssp 245,%,"Sandstad, M., Schwingshackl, C., Iles, C., (2022): Climate extreme indices and heat stress indicators derived from CMIP6 global climate projections. Copernicus Climate Change Service (C3S) Climate Data Store (CDS). DOI: 10.24381/cds.776e08bd (Accessed on 29-August-2024)",Percentage of days with maximum temperature above the corresponding calendar day 90th percentile of maximum temperature for a 5-day moving window in the base period 1961-1990 - projection ssp 245
CL_WDS_370_XXXX,Percentage of days with maximum temperature - projection ssp 370,%,"Sandstad, M., Schwingshackl, C., Iles, C., (2022): Climate extreme indices and heat stress indicators derived from CMIP6 global climate projections. Copernicus Climate Change Service (C3S) Climate Data Store (CDS). DOI: 10.24381/cds.776e08bd (Accessed on 29-August-2024)",Percentage of days with maximum temperature above the corresponding calendar day 90th percentile of maximum temperature for a 5-day moving window in the base period 1961-1990 - projection ssp 370
CL_WDS_585_XXXX,Percentage of days with maximum temperature - projection ssp 585,%,"Sandstad, M., Schwingshackl, C., Iles, C., (2022): Climate extreme indices and heat stress indicators derived from CMIP6 global climate projections. Copernicus Climate Change Service (C3S) Climate Data Store (CDS). DOI: 10.24381/cds.776e08bd (Accessed on 29-August-2024)",Percentage of days with maximum temperature above the corresponding calendar day 90th percentile of maximum temperature for a 5-day moving window in the base period 1961-1990 - projection ssp 585
CL_LCZ_A01_XXXX,Share of urban center area in “compact highrise” Local Climate Zone,Categorical,"Demuzere M, Kittner J, Martilli A, et al. A global map of local climate zones to support earth system modelling and urban-scale environmental science. Earth Syst Sci Data. 2022a; 14(8):3835-3873. doi:10.5194/essd-14-3835-2022. https://essd.copernicus.org/articles/14/3835/2022/ Demuzere M, Kittner J, Martilli A, et al. Global Local Climate Zone map. Zenodo (2022b) doi:10.5281/zenodo.6364594. https://zenodo.org/records/8419340",Share of urban center area that is classified as “compact highrise” Local Climate Zone
CL_LCZ_A02_XXXX,Share of urban center area in “compact midrise” Local Climate Zone,Categorical,"Demuzere M, Kittner J, Martilli A, et al. A global map of local climate zones to support earth system modelling and urban-scale environmental science. Earth Syst Sci Data. 2022a; 14(8):3835-3873. doi:10.5194/essd-14-3835-2022. https://essd.copernicus.org/articles/14/3835/2022/ Demuzere M, Kittner J, Martilli A, et al. Global Local Climate Zone map. Zenodo (2022b) doi:10.5281/zenodo.6364594. https://zenodo.org/records/8419340",Share of urban center area that is classified as “compact midrise” Local Climate Zone
CL_LCZ_A03_XXXX,Share of urban center area in “compact lowrise” Local Climate Zone,Categorical,"Demuzere M, Kittner J, Martilli A, et al. A global map of local climate zones to support earth system modelling and urban-scale environmental science. Earth Syst Sci Data. 2022a; 14(8):3835-3873. doi:10.5194/essd-14-3835-2022. https://essd.copernicus.org/articles/14/3835/2022/ Demuzere M, Kittner J, Martilli A, et al. Global Local Climate Zone map. Zenodo (2022b) doi:10.5281/zenodo.6364594. https://zenodo.org/records/8419340",Share of urban center area that is classified as “compact lowrise” Local Climate Zone
CL_LCZ_A04_XXXX,Share of urban center area in “open highrise” Local Climate Zone,Categorical,"Demuzere M, Kittner J, Martilli A, et al. A global map of local climate zones to support earth system modelling and urban-scale environmental science. Earth Syst Sci Data. 2022a; 14(8):3835-3873. doi:10.5194/essd-14-3835-2022. https://essd.copernicus.org/articles/14/3835/2022/ Demuzere M, Kittner J, Martilli A, et al. Global Local Climate Zone map. Zenodo (2022b) doi:10.5281/zenodo.6364594. https://zenodo.org/records/8419340",Share of urban center area that is classified as “open highrise” Local Climate Zone
CL_LCZ_A05_XXXX,Share of urban center area in “open midrise” Local Climate Zone,Categorical,"Demuzere M, Kittner J, Martilli A, et al. A global map of local climate zones to support earth system modelling and urban-scale environmental science. Earth Syst Sci Data. 2022a; 14(8):3835-3873. doi:10.5194/essd-14-3835-2022. https://essd.copernicus.org/articles/14/3835/2022/ Demuzere M, Kittner J, Martilli A, et al. Global Local Climate Zone map. Zenodo (2022b) doi:10.5281/zenodo.6364594. https://zenodo.org/records/8419340",Share of urban center area that is classified as “open midrise” Local Climate Zone
CL_LCZ_A06_XXXX,Share of urban center area in “open lowrise” Local Climate Zone,Categorical,"Demuzere M, Kittner J, Martilli A, et al. A global map of local climate zones to support earth system modelling and urban-scale environmental science. Earth Syst Sci Data. 2022a; 14(8):3835-3873. doi:10.5194/essd-14-3835-2022. https://essd.copernicus.org/articles/14/3835/2022/ Demuzere M, Kittner J, Martilli A, et al. Global Local Climate Zone map. Zenodo (2022b) doi:10.5281/zenodo.6364594. https://zenodo.org/records/8419340",Share of urban center area that is classified as “open lowrise” Local Climate Zone
CL_LCZ_A07_XXXX,Share of urban center area in “lightweight lowrise” Local Climate Zone,Categorical,"Demuzere M, Kittner J, Martilli A, et al. A global map of local climate zones to support earth system modelling and urban-scale environmental science. Earth Syst Sci Data. 2022a; 14(8):3835-3873. doi:10.5194/essd-14-3835-2022. https://essd.copernicus.org/articles/14/3835/2022/ Demuzere M, Kittner J, Martilli A, et al. Global Local Climate Zone map. Zenodo (2022b) doi:10.5281/zenodo.6364594. https://zenodo.org/records/8419340",Share of urban center area that is classified as “lightweight lowrise” Local Climate Zone
CL_LCZ_A08_XXXX,Share of urban center area in “large lowrise” Local Climate Zone,Categorical,"Demuzere M, Kittner J, Martilli A, et al. A global map of local climate zones to support earth system modelling and urban-scale environmental science. Earth Syst Sci Data. 2022a; 14(8):3835-3873. doi:10.5194/essd-14-3835-2022. https://essd.copernicus.org/articles/14/3835/2022/ Demuzere M, Kittner J, Martilli A, et al. Global Local Climate Zone map. Zenodo (2022b) doi:10.5281/zenodo.6364594. https://zenodo.org/records/8419340",Share of urban center area that is classified as “large lowrise” Local Climate Zone
CL_LCZ_A09_XXXX,Share of urban center area in “sparsely built” Local Climate Zone,Categorical,"Demuzere M, Kittner J, Martilli A, et al. A global map of local climate zones to support earth system modelling and urban-scale environmental science. Earth Syst Sci Data. 2022a; 14(8):3835-3873. doi:10.5194/essd-14-3835-2022. https://essd.copernicus.org/articles/14/3835/2022/ Demuzere M, Kittner J, Martilli A, et al. Global Local Climate Zone map. Zenodo (2022b) doi:10.5281/zenodo.6364594. https://zenodo.org/records/8419340",Share of urban center area that is classified as “sparsely built” Local Climate Zone
CL_LCZ_A10_XXXX,Share of urban center area in “heavy industry” Local Climate Zone,Categorical,"Demuzere M, Kittner J, Martilli A, et al. A global map of local climate zones to support earth system modelling and urban-scale environmental science. Earth Syst Sci Data. 2022a; 14(8):3835-3873. doi:10.5194/essd-14-3835-2022. https://essd.copernicus.org/articles/14/3835/2022/ Demuzere M, Kittner J, Martilli A, et al. Global Local Climate Zone map. Zenodo (2022b) doi:10.5281/zenodo.6364594. https://zenodo.org/records/8419340",Share of urban center area that is classified as “heavy industry” Local Climate Zone
CL_LCZ_A11_XXXX,Share of urban center area in “dense trees” Local Climate Zone,Categorical,"Demuzere M, Kittner J, Martilli A, et al. A global map of local climate zones to support earth system modelling and urban-scale environmental science. Earth Syst Sci Data. 2022a; 14(8):3835-3873. doi:10.5194/essd-14-3835-2022. https://essd.copernicus.org/articles/14/3835/2022/ Demuzere M, Kittner J, Martilli A, et al. Global Local Climate Zone map. Zenodo (2022b) doi:10.5281/zenodo.6364594. https://zenodo.org/records/8419340",Share of urban center area that is classified as “dense trees” Local Climate Zone
CL_LCZ_A12_XXXX,Share of urban center area in “scattered trees” Local Climate Zone,Categorical,"Demuzere M, Kittner J, Martilli A, et al. A global map of local climate zones to support earth system modelling and urban-scale environmental science. Earth Syst Sci Data. 2022a; 14(8):3835-3873. doi:10.5194/essd-14-3835-2022. https://essd.copernicus.org/articles/14/3835/2022/ Demuzere M, Kittner J, Martilli A, et al. Global Local Climate Zone map. Zenodo (2022b) doi:10.5281/zenodo.6364594. https://zenodo.org/records/8419340",Share of urban center area that is classified as “scattered trees” Local Climate Zone
CL_LCZ_A13_XXXX,"Share of urban center area in “bush, scrub” Local Climate Zone",Categorical,"Demuzere M, Kittner J, Martilli A, et al. A global map of local climate zones to support earth system modelling and urban-scale environmental science. Earth Syst Sci Data. 2022a; 14(8):3835-3873. doi:10.5194/essd-14-3835-2022. https://essd.copernicus.org/articles/14/3835/2022/ Demuzere M, Kittner J, Martilli A, et al. Global Local Climate Zone map. Zenodo (2022b) doi:10.5281/zenodo.6364594. https://zenodo.org/records/8419340","Share of urban center area that is classified as “bush, scrub” Local Climate Zone"
CL_LCZ_A14_XXXX,Share of urban center area in “low plants” Local Climate Zone,Categorical,"Demuzere M, Kittner J, Martilli A, et al. A global map of local climate zones to support earth system modelling and urban-scale environmental science. Earth Syst Sci Data. 2022a; 14(8):3835-3873. doi:10.5194/essd-14-3835-2022. https://essd.copernicus.org/articles/14/3835/2022/ Demuzere M, Kittner J, Martilli A, et al. Global Local Climate Zone map. Zenodo (2022b) doi:10.5281/zenodo.6364594. https://zenodo.org/records/8419340",Share of urban center area that is classified as “low plants” Local Climate Zone
CL_LCZ_A15_XXXX,Share of urban center area in “bare rock or paved” Local Climate Zone,Categorical,"Demuzere M, Kittner J, Martilli A, et al. A global map of local climate zones to support earth system modelling and urban-scale environmental science. Earth Syst Sci Data. 2022a; 14(8):3835-3873. doi:10.5194/essd-14-3835-2022. https://essd.copernicus.org/articles/14/3835/2022/ Demuzere M, Kittner J, Martilli A, et al. Global Local Climate Zone map. Zenodo (2022b) doi:10.5281/zenodo.6364594. https://zenodo.org/records/8419340",Share of urban center area that is classified as “bare rock or paved” Local Climate Zone
CL_LCZ_A16_XXXX,Share of urban center area in “bare soil or sand” Local Climate Zone,Categorical,"Demuzere M, Kittner J, Martilli A, et al. A global map of local climate zones to support earth system modelling and urban-scale environmental science. Earth Syst Sci Data. 2022a; 14(8):3835-3873. doi:10.5194/essd-14-3835-2022. https://essd.copernicus.org/articles/14/3835/2022/ Demuzere M, Kittner J, Martilli A, et al. Global Local Climate Zone map. Zenodo (2022b) doi:10.5281/zenodo.6364594. https://zenodo.org/records/8419340",Share of urban center area that is classified as “bare soil or sand” Local Climate Zone
CL_LCZ_A17_XXXX,Share of urban center area in “water” Local Climate Zone,Categorical,"Demuzere M, Kittner J, Martilli A, et al. A global map of local climate zones to support earth system modelling and urban-scale environmental science. Earth Syst Sci Data. 2022a; 14(8):3835-3873. doi:10.5194/essd-14-3835-2022. https://essd.copernicus.org/articles/14/3835/2022/ Demuzere M, Kittner J, Martilli A, et al. Global Local Climate Zone map. Zenodo (2022b) doi:10.5281/zenodo.6364594. https://zenodo.org/records/8419340",Share of urban center area that is classified as “water” Local Climate Zone
CL_UTC_T32_XXXX,Annual mean number of days in the decade that Universal thermal climate index has exceeded 32 degrees based on daily maxima.,Number of days,"Di Napoli C., Barnard C., Prudhomme C., Cloke HL and Pappenberger F. (2020): Thermal comfort indices derived from ERA5 reanalysis. Copernicus Climate Change Service (C3S) Climate Data Store (CDS). DOI: 10.24381/cds.553b7518 (Accessed on 24-January-2025)",Annual mean number of days in the decade that Universal thermal climate index has exceeded 32 degrees based on daily maxima.
EM_CO2_AGR_XXXX,Total CO2 emissions in agriculture sector,ton/year,"EDGAR (Emissions Database for Global Atmospheric Research) Community GHG Database, a collaboration between the European Commission, Joint Research Centre (JRC), the International Energy Agency (IEA), and comprising IEA-EDGAR CO2, EDGAR CH4, EDGAR N2O, EDGAR F-GASES version 8.0, (2023) European Commission, JRC (Datasets). https://edgar.jrc.ec.europa.eu/report_2023, https://edgar.jrc.ec.europa.eu/dataset_ghg80 EDGAR v8.1 air pollutant emissions: https://edgar.jrc.ec.europa.eu/dataset_ap81 Crippa, M., Guizzardi, D., Pagani, F., Schiavina, M., Melchiorri, M., Pisoni, E., Graziosi, F., Muntean, M., Maes, J., Dijkstra, L., Van Damme, M., Clarisse, L., and Coheur, P.: Insights into the spatial distribution of global, national, and subnational greenhouse gas emissions in the Emissions Database for Global Atmospheric Research (EDGAR v8.0), Earth Syst. Sci. Data, 16, 2811– 2830, doi:10.5194/essd-16-2811-2024, 2024.",Total CO2 emissions in agriculture sector
EM_CO2_ENE_XXXX,Total CO2 emissions in the energy sector,ton/year,"EDGAR (Emissions Database for Global Atmospheric Research) Community GHG Database, a collaboration between the European Commission, Joint Research Centre (JRC), the International Energy Agency (IEA), and comprising IEA-EDGAR CO2, EDGAR CH4, EDGAR N2O, EDGAR F-GASES version 8.0, (2023) European Commission, JRC (Datasets). https://edgar.jrc.ec.europa.eu/report_2023, https://edgar.jrc.ec.europa.eu/dataset_ghg80 EDGAR v8.1 air pollutant emissions: https://edgar.jrc.ec.europa.eu/dataset_ap81 Crippa, M., Guizzardi, D., Pagani, F., Schiavina, M., Melchiorri, M., Pisoni, E., Graziosi, F., Muntean, M., Maes, J., Dijkstra, L., Van Damme, M., Clarisse, L., and Coheur, P.: Insights into the spatial distribution of global, national, and subnational greenhouse gas emissions in the Emissions Database for Global Atmospheric Research (EDGAR v8.0), Earth Syst. Sci. Data, 16, 2811– 2830, doi:10.5194/essd-16-2811-2024, 2024.",Total CO2 emissions in the energy sector
EM_CO2_IND_XXXX,Total CO2 emissions in the industry sector,ton/year,"EDGAR (Emissions Database for Global Atmospheric Research) Community GHG Database, a collaboration between the European Commission, Joint Research Centre (JRC), the International Energy Agency (IEA), and comprising IEA-EDGAR CO2, EDGAR CH4, EDGAR N2O, EDGAR F-GASES version 8.0, (2023) European Commission, JRC (Datasets). https://edgar.jrc.ec.europa.eu/report_2023, https://edgar.jrc.ec.europa.eu/dataset_ghg80 EDGAR v8.1 air pollutant emissions: https://edgar.jrc.ec.europa.eu/dataset_ap81 Crippa, M., Guizzardi, D., Pagani, F., Schiavina, M., Melchiorri, M., Pisoni, E., Graziosi, F., Muntean, M., Maes, J., Dijkstra, L., Van Damme, M., Clarisse, L., and Coheur, P.: Insights into the spatial distribution of global, national, and subnational greenhouse gas emissions in the Emissions Database for Global Atmospheric Research (EDGAR v8.0), Earth Syst. Sci. Data, 16, 2811– 2830, doi:10.5194/essd-16-2811-2024, 2024.",Total CO2 emissions in the industry sector
EM_CO2_RES_XXXX,Total CO2 emissions in residential sector,ton/year,"EDGAR (Emissions Database for Global Atmospheric Research) Community GHG Database, a collaboration between the European Commission, Joint Research Centre (JRC), the International Energy Agency (IEA), and comprising IEA-EDGAR CO2, EDGAR CH4, EDGAR N2O, EDGAR F-GASES version 8.0, (2023) European Commission, JRC (Datasets). https://edgar.jrc.ec.europa.eu/report_2023, https://edgar.jrc.ec.europa.eu/dataset_ghg80 EDGAR v8.1 air pollutant emissions: https://edgar.jrc.ec.europa.eu/dataset_ap81 Crippa, M., Guizzardi, D., Pagani, F., Schiavina, M., Melchiorri, M., Pisoni, E., Graziosi, F., Muntean, M., Maes, J., Dijkstra, L., Van Damme, M., Clarisse, L., and Coheur, P.: Insights into the spatial distribution of global, national, and subnational greenhouse gas emissions in the Emissions Database for Global Atmospheric Research (EDGAR v8.0), Earth Syst. Sci. Data, 16, 2811– 2830, doi:10.5194/essd-16-2811-2024, 2024.",Total CO2 emissions in residential sector
EM_CO2_TRA_XXXX,Total CO2 emissions in transport sector,ton/year,"EDGAR (Emissions Database for Global Atmospheric Research) Community GHG Database, a collaboration between the European Commission, Joint Research Centre (JRC), the International Energy Agency (IEA), and comprising IEA-EDGAR CO2, EDGAR CH4, EDGAR N2O, EDGAR F-GASES version 8.0, (2023) European Commission, JRC (Datasets). https://edgar.jrc.ec.europa.eu/report_2023, https://edgar.jrc.ec.europa.eu/dataset_ghg80 EDGAR v8.1 air pollutant emissions: https://edgar.jrc.ec.europa.eu/dataset_ap81 Crippa, M., Guizzardi, D., Pagani, F., Schiavina, M., Melchiorri, M., Pisoni, E., Graziosi, F., Muntean, M., Maes, J., Dijkstra, L., Van Damme, M., Clarisse, L., and Coheur, P.: Insights into the spatial distribution of global, national, and subnational greenhouse gas emissions in the Emissions Database for Global Atmospheric Research (EDGAR v8.0), Earth Syst. Sci. Data, 16, 2811– 2830, doi:10.5194/essd-16-2811-2024, 2024.",Total CO2 emissions in transport sector
EM_CO2_WAS_XXXX,Total CO2 emissions in waste sector,ton/year,"EDGAR (Emissions Database for Global Atmospheric Research) Community GHG Database, a collaboration between the European Commission, Joint Research Centre (JRC), the International Energy Agency (IEA), and comprising IEA-EDGAR CO2, EDGAR CH4, EDGAR N2O, EDGAR F-GASES version 8.0, (2023) European Commission, JRC (Datasets). https://edgar.jrc.ec.europa.eu/report_2023, https://edgar.jrc.ec.europa.eu/dataset_ghg80 EDGAR v8.1 air pollutant emissions: https://edgar.jrc.ec.europa.eu/dataset_ap81 Crippa, M., Guizzardi, D., Pagani, F., Schiavina, M., Melchiorri, M., Pisoni, E., Graziosi, F., Muntean, M., Maes, J., Dijkstra, L., Van Damme, M., Clarisse, L., and Coheur, P.: Insights into the spatial distribution of global, national, and subnational greenhouse gas emissions in the Emissions Database for Global Atmospheric Research (EDGAR v8.0), Earth Syst. Sci. Data, 16, 2811– 2830, doi:10.5194/essd-16-2811-2024, 2024.",Total CO2 emissions in waste sector
EM_GHG_AGR_XXXX,Total GHG emissions in agriculture sector,ton/year,"EDGAR (Emissions Database for Global Atmospheric Research) Community GHG Database, a collaboration between the European Commission, Joint Research Centre (JRC), the International Energy Agency (IEA), and comprising IEA-EDGAR CO2, EDGAR CH4, EDGAR N2O, EDGAR F-GASES version 8.0, (2023) European Commission, JRC (Datasets). https://edgar.jrc.ec.europa.eu/report_2023, https://edgar.jrc.ec.europa.eu/dataset_ghg80 EDGAR v8.1 air pollutant emissions: https://edgar.jrc.ec.europa.eu/dataset_ap81 Crippa, M., Guizzardi, D., Pagani, F., Schiavina, M., Melchiorri, M., Pisoni, E., Graziosi, F., Muntean, M., Maes, J., Dijkstra, L., Van Damme, M., Clarisse, L., and Coheur, P.: Insights into the spatial distribution of global, national, and subnational greenhouse gas emissions in the Emissions Database for Global Atmospheric Research (EDGAR v8.0), Earth Syst. Sci. Data, 16, 2811– 2830, doi:10.5194/essd-16-2811-2024, 2024.",Total GHG emissions in agriculture sector
EM_GHG_ENE_XXXX,Total GHG emissions in the energy sector,ton/year,"EDGAR (Emissions Database for Global Atmospheric Research) Community GHG Database, a collaboration between the European Commission, Joint Research Centre (JRC), the International Energy Agency (IEA), and comprising IEA-EDGAR CO2, EDGAR CH4, EDGAR N2O, EDGAR F-GASES version 8.0, (2023) European Commission, JRC (Datasets). https://edgar.jrc.ec.europa.eu/report_2023, https://edgar.jrc.ec.europa.eu/dataset_ghg80 EDGAR v8.1 air pollutant emissions: https://edgar.jrc.ec.europa.eu/dataset_ap81 Crippa, M., Guizzardi, D., Pagani, F., Schiavina, M., Melchiorri, M., Pisoni, E., Graziosi, F., Muntean, M., Maes, J., Dijkstra, L., Van Damme, M., Clarisse, L., and Coheur, P.: Insights into the spatial distribution of global, national, and subnational greenhouse gas emissions in the Emissions Database for Global Atmospheric Research (EDGAR v8.0), Earth Syst. Sci. Data, 16, 2811– 2830, doi:10.5194/essd-16-2811-2024, 2024.",Total GHG emissions in the energy sector
EM_GHG_IND_XXXX,Total GHG emissions in the industry sector,ton/year,"EDGAR (Emissions Database for Global Atmospheric Research) Community GHG Database, a collaboration between the European Commission, Joint Research Centre (JRC), the International Energy Agency (IEA), and comprising IEA-EDGAR CO2, EDGAR CH4, EDGAR N2O, EDGAR F-GASES version 8.0, (2023) European Commission, JRC (Datasets). https://edgar.jrc.ec.europa.eu/report_2023, https://edgar.jrc.ec.europa.eu/dataset_ghg80 EDGAR v8.1 air pollutant emissions: https://edgar.jrc.ec.europa.eu/dataset_ap81 Crippa, M., Guizzardi, D., Pagani, F., Schiavina, M., Melchiorri, M., Pisoni, E., Graziosi, F., Muntean, M., Maes, J., Dijkstra, L., Van Damme, M., Clarisse, L., and Coheur, P.: Insights into the spatial distribution of global, national, and subnational greenhouse gas emissions in the Emissions Database for Global Atmospheric Research (EDGAR v8.0), Earth Syst. Sci. Data, 16, 2811– 2830, doi:10.5194/essd-16-2811-2024, 2024.",Total GHG emissions in the industry sector
EM_GHG_RES_XXXX,Total GHG emissions in residential sector,ton/year,"EDGAR (Emissions Database for Global Atmospheric Research) Community GHG Database, a collaboration between the European Commission, Joint Research Centre (JRC), the International Energy Agency (IEA), and comprising IEA-EDGAR CO2, EDGAR CH4, EDGAR N2O, EDGAR F-GASES version 8.0, (2023) European Commission, JRC (Datasets). https://edgar.jrc.ec.europa.eu/report_2023, https://edgar.jrc.ec.europa.eu/dataset_ghg80 EDGAR v8.1 air pollutant emissions: https://edgar.jrc.ec.europa.eu/dataset_ap81 Crippa, M., Guizzardi, D., Pagani, F., Schiavina, M., Melchiorri, M., Pisoni, E., Graziosi, F., Muntean, M., Maes, J., Dijkstra, L., Van Damme, M., Clarisse, L., and Coheur, P.: Insights into the spatial distribution of global, national, and subnational greenhouse gas emissions in the Emissions Database for Global Atmospheric Research (EDGAR v8.0), Earth Syst. Sci. Data, 16, 2811– 2830, doi:10.5194/essd-16-2811-2024, 2024.",Total GHG emissions in residential sector
EM_GHG_TRA_XXXX,Total GHG emissions in transport sector,ton/year,"EDGAR (Emissions Database for Global Atmospheric Research) Community GHG Database, a collaboration between the European Commission, Joint Research Centre (JRC), the International Energy Agency (IEA), and comprising IEA-EDGAR CO2, EDGAR CH4, EDGAR N2O, EDGAR F-GASES version 8.0, (2023) European Commission, JRC (Datasets). https://edgar.jrc.ec.europa.eu/report_2023, https://edgar.jrc.ec.europa.eu/dataset_ghg80 EDGAR v8.1 air pollutant emissions: https://edgar.jrc.ec.europa.eu/dataset_ap81 Crippa, M., Guizzardi, D., Pagani, F., Schiavina, M., Melchiorri, M., Pisoni, E., Graziosi, F., Muntean, M., Maes, J., Dijkstra, L., Van Damme, M., Clarisse, L., and Coheur, P.: Insights into the spatial distribution of global, national, and subnational greenhouse gas emissions in the Emissions Database for Global Atmospheric Research (EDGAR v8.0), Earth Syst. Sci. Data, 16, 2811– 2830, doi:10.5194/essd-16-2811-2024, 2024.",Total GHG emissions in transport sector
EM_GHG_WAS_XXXX,Total GHG emissions in waste sector,ton/year,"EDGAR (Emissions Database for Global Atmospheric Research) Community GHG Database, a collaboration between the European Commission, Joint Research Centre (JRC), the International Energy Agency (IEA), and comprising IEA-EDGAR CO2, EDGAR CH4, EDGAR N2O, EDGAR F-GASES version 8.0, (2023) European Commission, JRC (Datasets). https://edgar.jrc.ec.europa.eu/report_2023, https://edgar.jrc.ec.europa.eu/dataset_ghg80 EDGAR v8.1 air pollutant emissions: https://edgar.jrc.ec.europa.eu/dataset_ap81 Crippa, M., Guizzardi, D., Pagani, F., Schiavina, M., Melchiorri, M., Pisoni, E., Graziosi, F., Muntean, M., Maes, J., Dijkstra, L., Van Damme, M., Clarisse, L., and Coheur, P.: Insights into the spatial distribution of global, national, and subnational greenhouse gas emissions in the Emissions Database for Global Atmospheric Research (EDGAR v8.0), Earth Syst. Sci. Data, 16, 2811– 2830, doi:10.5194/essd-16-2811-2024, 2024.",Total GHG emissions in waste sector
EM_NOX_AGR_XXXX,Total NOx emissions in agriculture sector,ton/year,"EDGAR (Emissions Database for Global Atmospheric Research) Community GHG Database, a collaboration between the European Commission, Joint Research Centre (JRC), the International Energy Agency (IEA), and comprising IEA-EDGAR CO2, EDGAR CH4, EDGAR N2O, EDGAR F-GASES version 8.0, (2023) European Commission, JRC (Datasets). https://edgar.jrc.ec.europa.eu/report_2023, https://edgar.jrc.ec.europa.eu/dataset_ghg80 EDGAR v8.1 air pollutant emissions: https://edgar.jrc.ec.europa.eu/dataset_ap81 Crippa, M., Guizzardi, D., Pagani, F., Schiavina, M., Melchiorri, M., Pisoni, E., Graziosi, F., Muntean, M., Maes, J., Dijkstra, L., Van Damme, M., Clarisse, L., and Coheur, P.: Insights into the spatial distribution of global, national, and subnational greenhouse gas emissions in the Emissions Database for Global Atmospheric Research (EDGAR v8.0), Earth Syst. Sci. Data, 16, 2811– 2830, doi:10.5194/essd-16-2811-2024, 2024.",Total NOx emissions in agriculture sector
EM_NOX_ENE_XXXX,Total NOx emissions in the energy sector,ton/year,"EDGAR (Emissions Database for Global Atmospheric Research) Community GHG Database, a collaboration between the European Commission, Joint Research Centre (JRC), the International Energy Agency (IEA), and comprising IEA-EDGAR CO2, EDGAR CH4, EDGAR N2O, EDGAR F-GASES version 8.0, (2023) European Commission, JRC (Datasets). https://edgar.jrc.ec.europa.eu/report_2023, https://edgar.jrc.ec.europa.eu/dataset_ghg80 EDGAR v8.1 air pollutant emissions: https://edgar.jrc.ec.europa.eu/dataset_ap81 Crippa, M., Guizzardi, D., Pagani, F., Schiavina, M., Melchiorri, M., Pisoni, E., Graziosi, F., Muntean, M., Maes, J., Dijkstra, L., Van Damme, M., Clarisse, L., and Coheur, P.: Insights into the spatial distribution of global, national, and subnational greenhouse gas emissions in the Emissions Database for Global Atmospheric Research (EDGAR v8.0), Earth Syst. Sci. Data, 16, 2811– 2830, doi:10.5194/essd-16-2811-2024, 2024.",Total NOx emissions in the energy sector
EM_NOX_IND_XXXX,Total NOx emissions in the industry sector,ton/year,"EDGAR (Emissions Database for Global Atmospheric Research) Community GHG Database, a collaboration between the European Commission, Joint Research Centre (JRC), the International Energy Agency (IEA), and comprising IEA-EDGAR CO2, EDGAR CH4, EDGAR N2O, EDGAR F-GASES version 8.0, (2023) European Commission, JRC (Datasets). https://edgar.jrc.ec.europa.eu/report_2023, https://edgar.jrc.ec.europa.eu/dataset_ghg80 EDGAR v8.1 air pollutant emissions: https://edgar.jrc.ec.europa.eu/dataset_ap81 Crippa, M., Guizzardi, D., Pagani, F., Schiavina, M., Melchiorri, M., Pisoni, E., Graziosi, F., Muntean, M., Maes, J., Dijkstra, L., Van Damme, M., Clarisse, L., and Coheur, P.: Insights into the spatial distribution of global, national, and subnational greenhouse gas emissions in the Emissions Database for Global Atmospheric Research (EDGAR v8.0), Earth Syst. Sci. Data, 16, 2811– 2830, doi:10.5194/essd-16-2811-2024, 2024.",Total NOx emissions in the industry sector
EM_NOX_RES_XXXX,Total NOx emissions in residential sector,ton/year,"EDGAR (Emissions Database for Global Atmospheric Research) Community GHG Database, a collaboration between the European Commission, Joint Research Centre (JRC), the International Energy Agency (IEA), and comprising IEA-EDGAR CO2, EDGAR CH4, EDGAR N2O, EDGAR F-GASES version 8.0, (2023) European Commission, JRC (Datasets). https://edgar.jrc.ec.europa.eu/report_2023, https://edgar.jrc.ec.europa.eu/dataset_ghg80 EDGAR v8.1 air pollutant emissions: https://edgar.jrc.ec.europa.eu/dataset_ap81 Crippa, M., Guizzardi, D., Pagani, F., Schiavina, M., Melchiorri, M., Pisoni, E., Graziosi, F., Muntean, M., Maes, J., Dijkstra, L., Van Damme, M., Clarisse, L., and Coheur, P.: Insights into the spatial distribution of global, national, and subnational greenhouse gas emissions in the Emissions Database for Global Atmospheric Research (EDGAR v8.0), Earth Syst. Sci. Data, 16, 2811– 2830, doi:10.5194/essd-16-2811-2024, 2024.",Total NOx emissions in residential sector
EM_NOX_TRA_XXXX,Total NOx emissions in transport sector,ton/year,"EDGAR (Emissions Database for Global Atmospheric Research) Community GHG Database, a collaboration between the European Commission, Joint Research Centre (JRC), the International Energy Agency (IEA), and comprising IEA-EDGAR CO2, EDGAR CH4, EDGAR N2O, EDGAR F-GASES version 8.0, (2023) European Commission, JRC (Datasets). https://edgar.jrc.ec.europa.eu/report_2023, https://edgar.jrc.ec.europa.eu/dataset_ghg80 EDGAR v8.1 air pollutant emissions: https://edgar.jrc.ec.europa.eu/dataset_ap81 Crippa, M., Guizzardi, D., Pagani, F., Schiavina, M., Melchiorri, M., Pisoni, E., Graziosi, F., Muntean, M., Maes, J., Dijkstra, L., Van Damme, M., Clarisse, L., and Coheur, P.: Insights into the spatial distribution of global, national, and subnational greenhouse gas emissions in the Emissions Database for Global Atmospheric Research (EDGAR v8.0), Earth Syst. Sci. Data, 16, 2811– 2830, doi:10.5194/essd-16-2811-2024, 2024.",Total NOx emissions in transport sector
EM_NOX_WAS_XXXX,Total NOx emissions in waste sector,ton/year,"EDGAR (Emissions Database for Global Atmospheric Research) Community GHG Database, a collaboration between the European Commission, Joint Research Centre (JRC), the International Energy Agency (IEA), and comprising IEA-EDGAR CO2, EDGAR CH4, EDGAR N2O, EDGAR F-GASES version 8.0, (2023) European Commission, JRC (Datasets). https://edgar.jrc.ec.europa.eu/report_2023, https://edgar.jrc.ec.europa.eu/dataset_ghg80 EDGAR v8.1 air pollutant emissions: https://edgar.jrc.ec.europa.eu/dataset_ap81 Crippa, M., Guizzardi, D., Pagani, F., Schiavina, M., Melchiorri, M., Pisoni, E., Graziosi, F., Muntean, M., Maes, J., Dijkstra, L., Van Damme, M., Clarisse, L., and Coheur, P.: Insights into the spatial distribution of global, national, and subnational greenhouse gas emissions in the Emissions Database for Global Atmospheric Research (EDGAR v8.0), Earth Syst. Sci. Data, 16, 2811– 2830, doi:10.5194/essd-16-2811-2024, 2024.",Total NOx emissions in waste sector
EM_PM2_AGR_XXXX,Total PM2.5 emissions in agriculture sector,ton/year,"EDGAR (Emissions Database for Global Atmospheric Research) Community GHG Database, a collaboration between the European Commission, Joint Research Centre (JRC), the International Energy Agency (IEA), and comprising IEA-EDGAR CO2, EDGAR CH4, EDGAR N2O, EDGAR F-GASES version 8.0, (2023) European Commission, JRC (Datasets). https://edgar.jrc.ec.europa.eu/report_2023, https://edgar.jrc.ec.europa.eu/dataset_ghg80 EDGAR v8.1 air pollutant emissions: https://edgar.jrc.ec.europa.eu/dataset_ap81 Crippa, M., Guizzardi, D., Pagani, F., Schiavina, M., Melchiorri, M., Pisoni, E., Graziosi, F., Muntean, M., Maes, J., Dijkstra, L., Van Damme, M., Clarisse, L., and Coheur, P.: Insights into the spatial distribution of global, national, and subnational greenhouse gas emissions in the Emissions Database for Global Atmospheric Research (EDGAR v8.0), Earth Syst. Sci. Data, 16, 2811– 2830, doi:10.5194/essd-16-2811-2024, 2024.",Total PM2.5 emissions in agriculture sector
EM_PM2_ENE_XXXX,Total PM2.5 emissions in the energy sector,ton/year,"EDGAR (Emissions Database for Global Atmospheric Research) Community GHG Database, a collaboration between the European Commission, Joint Research Centre (JRC), the International Energy Agency (IEA), and comprising IEA-EDGAR CO2, EDGAR CH4, EDGAR N2O, EDGAR F-GASES version 8.0, (2023) European Commission, JRC (Datasets). https://edgar.jrc.ec.europa.eu/report_2023, https://edgar.jrc.ec.europa.eu/dataset_ghg80 EDGAR v8.1 air pollutant emissions: https://edgar.jrc.ec.europa.eu/dataset_ap81 Crippa, M., Guizzardi, D., Pagani, F., Schiavina, M., Melchiorri, M., Pisoni, E., Graziosi, F., Muntean, M., Maes, J., Dijkstra, L., Van Damme, M., Clarisse, L., and Coheur, P.: Insights into the spatial distribution of global, national, and subnational greenhouse gas emissions in the Emissions Database for Global Atmospheric Research (EDGAR v8.0), Earth Syst. Sci. Data, 16, 2811– 2830, doi:10.5194/essd-16-2811-2024, 2024.",Total PM2.5 emissions in the energy sector
EM_PM2_IND_XXXX,Total PM2.5 emissions in the industry sector,ton/year,"EDGAR (Emissions Database for Global Atmospheric Research) Community GHG Database, a collaboration between the European Commission, Joint Research Centre (JRC), the International Energy Agency (IEA), and comprising IEA-EDGAR CO2, EDGAR CH4, EDGAR N2O, EDGAR F-GASES version 8.0, (2023) European Commission, JRC (Datasets). https://edgar.jrc.ec.europa.eu/report_2023, https://edgar.jrc.ec.europa.eu/dataset_ghg80 EDGAR v8.1 air pollutant emissions: https://edgar.jrc.ec.europa.eu/dataset_ap81 Crippa, M., Guizzardi, D., Pagani, F., Schiavina, M., Melchiorri, M., Pisoni, E., Graziosi, F., Muntean, M., Maes, J., Dijkstra, L., Van Damme, M., Clarisse, L., and Coheur, P.: Insights into the spatial distribution of global, national, and subnational greenhouse gas emissions in the Emissions Database for Global Atmospheric Research (EDGAR v8.0), Earth Syst. Sci. Data, 16, 2811– 2830, doi:10.5194/essd-16-2811-2024, 2024.",Total PM2.5 emissions in the industry sector
EM_PM2_RES_XXXX,Total PM2.5 emissions in residential sector,ton/year,"EDGAR (Emissions Database for Global Atmospheric Research) Community GHG Database, a collaboration between the European Commission, Joint Research Centre (JRC), the International Energy Agency (IEA), and comprising IEA-EDGAR CO2, EDGAR CH4, EDGAR N2O, EDGAR F-GASES version 8.0, (2023) European Commission, JRC (Datasets). https://edgar.jrc.ec.europa.eu/report_2023, https://edgar.jrc.ec.europa.eu/dataset_ghg80 EDGAR v8.1 air pollutant emissions: https://edgar.jrc.ec.europa.eu/dataset_ap81 Crippa, M., Guizzardi, D., Pagani, F., Schiavina, M., Melchiorri, M., Pisoni, E., Graziosi, F., Muntean, M., Maes, J., Dijkstra, L., Van Damme, M., Clarisse, L., and Coheur, P.: Insights into the spatial distribution of global, national, and subnational greenhouse gas emissions in the Emissions Database for Global Atmospheric Research (EDGAR v8.0), Earth Syst. Sci. Data, 16, 2811– 2830, doi:10.5194/essd-16-2811-2024, 2024.",Total PM2.5 emissions in residential sector
EM_PM2_TRA_XXXX,Total PM2.5 emissions in transport sector,ton/year,"EDGAR (Emissions Database for Global Atmospheric Research) Community GHG Database, a collaboration between the European Commission, Joint Research Centre (JRC), the International Energy Agency (IEA), and comprising IEA-EDGAR CO2, EDGAR CH4, EDGAR N2O, EDGAR F-GASES version 8.0, (2023) European Commission, JRC (Datasets). https://edgar.jrc.ec.europa.eu/report_2023, https://edgar.jrc.ec.europa.eu/dataset_ghg80 EDGAR v8.1 air pollutant emissions: https://edgar.jrc.ec.europa.eu/dataset_ap81 Crippa, M., Guizzardi, D., Pagani, F., Schiavina, M., Melchiorri, M., Pisoni, E., Graziosi, F., Muntean, M., Maes, J., Dijkstra, L., Van Damme, M., Clarisse, L., and Coheur, P.: Insights into the spatial distribution of global, national, and subnational greenhouse gas emissions in the Emissions Database for Global Atmospheric Research (EDGAR v8.0), Earth Syst. Sci. Data, 16, 2811– 2830, doi:10.5194/essd-16-2811-2024, 2024.",Total PM2.5 emissions in transport sector
EM_PM2_WAS_XXXX,Total PM2.5 emissions in waste sector,ton/year,"EDGAR (Emissions Database for Global Atmospheric Research) Community GHG Database, a collaboration between the European Commission, Joint Research Centre (JRC), the International Energy Agency (IEA), and comprising IEA-EDGAR CO2, EDGAR CH4, EDGAR N2O, EDGAR F-GASES version 8.0, (2023) European Commission, JRC (Datasets). https://edgar.jrc.ec.europa.eu/report_2023, https://edgar.jrc.ec.europa.eu/dataset_ghg80 EDGAR v8.1 air pollutant emissions: https://edgar.jrc.ec.europa.eu/dataset_ap81 Crippa, M., Guizzardi, D., Pagani, F., Schiavina, M., Melchiorri, M., Pisoni, E., Graziosi, F., Muntean, M., Maes, J., Dijkstra, L., Van Damme, M., Clarisse, L., and Coheur, P.: Insights into the spatial distribution of global, national, and subnational greenhouse gas emissions in the Emissions Database for Global Atmospheric Research (EDGAR v8.0), Earth Syst. Sci. Data, 16, 2811– 2830, doi:10.5194/essd-16-2811-2024, 2024.",Total PM2.5 emissions in waste sector
EM_CO2_TOT_XXXX,Total CO2 emissions in all sectors,ton/year,"EDGAR (Emissions Database for Global Atmospheric Research) Community GHG Database, a collaboration between the European Commission, Joint Research Centre (JRC), the International Energy Agency (IEA), and comprising IEA-EDGAR CO2, EDGAR CH4, EDGAR N2O, EDGAR F-GASES version 8.0, (2023) European Commission, JRC (Datasets). https://edgar.jrc.ec.europa.eu/report_2023, https://edgar.jrc.ec.europa.eu/dataset_ghg80 EDGAR v8.1 air pollutant emissions: https://edgar.jrc.ec.europa.eu/dataset_ap81 Crippa, M., Guizzardi, D., Pagani, F., Schiavina, M., Melchiorri, M., Pisoni, E., Graziosi, F., Muntean, M., Maes, J., Dijkstra, L., Van Damme, M., Clarisse, L., and Coheur, P.: Insights into the spatial distribution of global, national, and subnational greenhouse gas emissions in the Emissions Database for Global Atmospheric Research (EDGAR v8.0), Earth Syst. Sci. Data, 16, 2811– 2830, doi:10.5194/essd-16-2811-2024, 2024.",Total CO2 emissions in all sectors
EM_GHG_TOT_XXXX,Total GHG emissions in all sectors,ton/year,"EDGAR (Emissions Database for Global Atmospheric Research) Community GHG Database, a collaboration between the European Commission, Joint Research Centre (JRC), the International Energy Agency (IEA), and comprising IEA-EDGAR CO2, EDGAR CH4, EDGAR N2O, EDGAR F-GASES version 8.0, (2023) European Commission, JRC (Datasets). https://edgar.jrc.ec.europa.eu/report_2023, https://edgar.jrc.ec.europa.eu/dataset_ghg80 EDGAR v8.1 air pollutant emissions: https://edgar.jrc.ec.europa.eu/dataset_ap81 Crippa, M., Guizzardi, D., Pagani, F., Schiavina, M., Melchiorri, M., Pisoni, E., Graziosi, F., Muntean, M., Maes, J., Dijkstra, L., Van Damme, M., Clarisse, L., and Coheur, P.: Insights into the spatial distribution of global, national, and subnational greenhouse gas emissions in the Emissions Database for Global Atmospheric Research (EDGAR v8.0), Earth Syst. Sci. Data, 16, 2811– 2830, doi:10.5194/essd-16-2811-2024, 2024.",Total GHG emissions in all sectors
EM_NOX_TOT_XXXX,Total NOx emissions in all sectors,ton/year,"EDGAR (Emissions Database for Global Atmospheric Research) Community GHG Database, a collaboration between the European Commission, Joint Research Centre (JRC), the International Energy Agency (IEA), and comprising IEA-EDGAR CO2, EDGAR CH4, EDGAR N2O, EDGAR F-GASES version 8.0, (2023) European Commission, JRC (Datasets). https://edgar.jrc.ec.europa.eu/report_2023, https://edgar.jrc.ec.europa.eu/dataset_ghg80 EDGAR v8.1 air pollutant emissions: https://edgar.jrc.ec.europa.eu/dataset_ap81 Crippa, M., Guizzardi, D., Pagani, F., Schiavina, M., Melchiorri, M., Pisoni, E., Graziosi, F., Muntean, M., Maes, J., Dijkstra, L., Van Damme, M., Clarisse, L., and Coheur, P.: Insights into the spatial distribution of global, national, and subnational greenhouse gas emissions in the Emissions Database for Global Atmospheric Research (EDGAR v8.0), Earth Syst. Sci. Data, 16, 2811– 2830, doi:10.5194/essd-16-2811-2024, 2024.",Total NOx emissions in all sectors
EM_PM2_TOT_XXXX,Total PM2.5 emissions in all sectors,ton/year,"EDGAR (Emissions Database for Global Atmospheric Research) Community GHG Database, a collaboration between the European Commission, Joint Research Centre (JRC), the International Energy Agency (IEA), and comprising IEA-EDGAR CO2, EDGAR CH4, EDGAR N2O, EDGAR F-GASES version 8.0, (2023) European Commission, JRC (Datasets). https://edgar.jrc.ec.europa.eu/report_2023, https://edgar.jrc.ec.europa.eu/dataset_ghg80 EDGAR v8.1 air pollutant emissions: https://edgar.jrc.ec.europa.eu/dataset_ap81 Crippa, M., Guizzardi, D., Pagani, F., Schiavina, M., Melchiorri, M., Pisoni, E., Graziosi, F., Muntean, M., Maes, J., Dijkstra, L., Van Damme, M., Clarisse, L., and Coheur, P.: Insights into the spatial distribution of global, national, and subnational greenhouse gas emissions in the Emissions Database for Global Atmospheric Research (EDGAR v8.0), Earth Syst. Sci. Data, 16, 2811– 2830, doi:10.5194/essd-16-2811-2024, 2024.",Total PM2.5 emissions in all sectors
EM_CO2_SAG_XXXX,Share of CO2 agricultural emissions over total CO2 emissions,%,"EDGAR (Emissions Database for Global Atmospheric Research) Community GHG Database, a collaboration between the European Commission, Joint Research Centre (JRC), the International Energy Agency (IEA), and comprising IEA-EDGAR CO2, EDGAR CH4, EDGAR N2O, EDGAR F-GASES version 8.0, (2023) European Commission, JRC (Datasets). https://edgar.jrc.ec.europa.eu/report_2023, https://edgar.jrc.ec.europa.eu/dataset_ghg80 EDGAR v8.1 air pollutant emissions: https://edgar.jrc.ec.europa.eu/dataset_ap81 Crippa, M., Guizzardi, D., Pagani, F., Schiavina, M., Melchiorri, M., Pisoni, E., Graziosi, F., Muntean, M., Maes, J., Dijkstra, L., Van Damme, M., Clarisse, L., and Coheur, P.: Insights into the spatial distribution of global, national, and subnational greenhouse gas emissions in the Emissions Database for Global Atmospheric Research (EDGAR v8.0), Earth Syst. Sci. Data, 16, 2811– 2830, doi:10.5194/essd-16-2811-2024, 2024.",Share of CO2 agricultural emissions over total CO2 emissions
EM_CO2_SEN_XXXX,Share of CO2 energy emissions over total CO2 emissions,%,"EDGAR (Emissions Database for Global Atmospheric Research) Community GHG Database, a collaboration between the European Commission, Joint Research Centre (JRC), the International Energy Agency (IEA), and comprising IEA-EDGAR CO2, EDGAR CH4, EDGAR N2O, EDGAR F-GASES version 8.0, (2023) European Commission, JRC (Datasets). https://edgar.jrc.ec.europa.eu/report_2023, https://edgar.jrc.ec.europa.eu/dataset_ghg80 EDGAR v8.1 air pollutant emissions: https://edgar.jrc.ec.europa.eu/dataset_ap81 Crippa, M., Guizzardi, D., Pagani, F., Schiavina, M., Melchiorri, M., Pisoni, E., Graziosi, F., Muntean, M., Maes, J., Dijkstra, L., Van Damme, M., Clarisse, L., and Coheur, P.: Insights into the spatial distribution of global, national, and subnational greenhouse gas emissions in the Emissions Daabase for Global Atmospheric Research (EDGAR v8.0), Earth Syst. Sci. Data, 16, 2811– 2830, doi:10.5194/essd-16-2811-2024, 2024.",Share of CO2 energy emissions over total CO2 emissions
EM_CO2_SIN_XXXX,Share of CO2 industry emissions over total CO2 emissions,%,"EDGAR (Emissions Database for Global Atmospheric Research) Community GHG Database, a collaboration between the European Commission, Joint Research Centre (JRC), the International Energy Agency (IEA), and comprising IEA-EDGAR CO2, EDGAR CH4, EDGAR N2O, EDGAR F-GASES version 8.0, (2023) European Commission, JRC (Datasets). https://edgar.jrc.ec.europa.eu/report_2023, https://edgar.jrc.ec.europa.eu/dataset_ghg80 EDGAR v8.1 air pollutant emissions: https://edgar.jrc.ec.europa.eu/dataset_ap81 Crippa, M., Guizzardi, D., Pagani, F., Schiavina, M., Melchiorri, M., Pisoni, E., Graziosi, F., Muntean, M., Maes, J., Dijkstra, L., Van Damme, M., Clarisse, L., and Coheur, P.: Insights into the spatial distribution of global, national, and subnational greenhouse gas emissions in the Emissions Database for Global Atmospheric Research (EDGAR v8.0), Earth Syst. Sci. Data, 16, 2811– 2830, doi:10.5194/essd-16-2811-2024, 2024.",Share of CO2 industry emissions over total CO2 emissions
EM_CO2_SRE_XXXX,Share of residential CO2 emissions over total CO2 emissions,%,"EDGAR (Emissions Database for Global Atmospheric Research) Community GHG Database, a collaboration between the European Commission, Joint Research Centre (JRC), the International Energy Agency (IEA), and comprising IEA-EDGAR CO2, EDGAR CH4, EDGAR N2O, EDGAR F-GASES version 8.0, (2023) European Commission, JRC (Datasets). https://edgar.jrc.ec.europa.eu/report_2023, https://edgar.jrc.ec.europa.eu/dataset_ghg80 EDGAR v8.1 air pollutant emissions: https://edgar.jrc.ec.europa.eu/dataset_ap81 Crippa, M., Guizzardi, D., Pagani, F., Schiavina, M., Melchiorri, M., Pisoni, E., Graziosi, F., Muntean, M., Maes, J., Dijkstra, L., Van Damme, M., Clarisse, L., and Coheur, P.: Insights into the spatial distribution of global, national, and subnational greenhouse gas emissions in the Emissions Database for Global Atmospheric Research (EDGAR v8.0), Earth Syst. Sci. Data, 16, 2811– 2830, doi:10.5194/essd-16-2811-2024, 2024.",Share of residential CO2 emissions over total CO2 emissions
EM_CO2_STR_XXXX,Share of CO2 transport emissions over total CO2 emissions,%,"EDGAR (Emissions Database for Global Atmospheric Research) Community GHG Database, a collaboration between the European Commission, Joint Research Centre (JRC), the International Energy Agency (IEA), and comprising IEA-EDGAR CO2, EDGAR CH4, EDGAR N2O, EDGAR F-GASES version 8.0, (2023) European Commission, JRC (Datasets). https://edgar.jrc.ec.europa.eu/report_2023, https://edgar.jrc.ec.europa.eu/dataset_ghg80 EDGAR v8.1 air pollutant emissions: https://edgar.jrc.ec.europa.eu/dataset_ap81 Crippa, M., Guizzardi, D., Pagani, F., Schiavina, M., Melchiorri, M., Pisoni, E., Graziosi, F., Muntean, M., Maes, J., Dijkstra, L., Van Damme, M., Clarisse, L., and Coheur, P.: Insights into the spatial distribution of global, national, and subnational greenhouse gas emissions in the Emissions Database for Global Atmospheric Research (EDGAR v8.0), Earth Syst. Sci. Data, 16, 2811– 2830, doi:10.5194/essd-16-2811-2024, 2024.",Share of CO2 transport emissions over total emissions
EM_CO2_SWA_XXXX,Share of CO2 waste emissions over CO2 total emissions,%,"EDGAR (Emissions Database for Global Atmospheric Research) Community GHG Database, a collaboration between the European Commission, Joint Research Centre (JRC), the International Energy Agency (IEA), and comprising IEA-EDGAR CO2, EDGAR CH4, EDGAR N2O, EDGAR F-GASES version 8.0, (2023) European Commission, JRC (Datasets). https://edgar.jrc.ec.europa.eu/report_2023, https://edgar.jrc.ec.europa.eu/dataset_ghg80 EDGAR v8.1 air pollutant emissions: https://edgar.jrc.ec.europa.eu/dataset_ap81 Crippa, M., Guizzardi, D., Pagani, F., Schiavina, M., Melchiorri, M., Pisoni, E., Graziosi, F., Muntean, M., Maes, J., Dijkstra, L., Van Damme, M., Clarisse, L., and Coheur, P.: Insights into the spatial distribution of global, national, and subnational greenhouse gas emissions in the Emissions Database for Global Atmospheric Research (EDGAR v8.0), Earth Syst. Sci. Data, 16, 2811– 2830, doi:10.5194/essd-16-2811-2024, 2024.",Share of CO2 waste emissions over total CO2 emissions
EM_GHG_SAG_XXXX,Share of GHG agricultural emissions over total GHG emissions,%,"EDGAR (Emissions Database for Global Atmospheric Research) Community GHG Database, a collaboration between the European Commission, Joint Research Centre (JRC), the International Energy Agency (IEA), and comprising IEA-EDGAR CO2, EDGAR CH4, EDGAR N2O, EDGAR F-GASES version 8.0, (2023) European Commission, JRC (Datasets). https://edgar.jrc.ec.europa.eu/report_2023, https://edgar.jrc.ec.europa.eu/dataset_ghg80 EDGAR v8.1 air pollutant emissions: https://edgar.jrc.ec.europa.eu/dataset_ap81 Crippa, M., Guizzardi, D., Pagani, F., Schiavina, M., Melchiorri, M., Pisoni, E., Graziosi, F., Muntean, M., Maes, J., Dijkstra, L., Van Damme, M., Clarisse, L., and Coheur, P.: Insights into the spatial distribution of global, national, and subnational greenhouse gas emissions in the Emissions Database for Global Atmospheric Research (EDGAR v8.0), Earth Syst. Sci. Data, 16, 2811– 2830, doi:10.5194/essd-16-2811-2024, 2024.",Share of GHG agricultural emissions over total GHG emissions
EM_GHG_SEN_XXXX,Share of GHG energy emissions over total GHG emissions,%,"EDGAR (Emissions Database for Global Atmospheric Research) Community GHG Database, a collaboration between the European Commission, Joint Research Centre (JRC), the International Energy Agency (IEA), and comprising IEA-EDGAR CO2, EDGAR CH4, EDGAR N2O, EDGAR F-GASES version 8.0, (2023) European Commission, JRC (Datasets). https://edgar.jrc.ec.europa.eu/report_2023, https://edgar.jrc.ec.europa.eu/dataset_ghg80 EDGAR v8.1 air pollutant emissions: https://edgar.jrc.ec.europa.eu/dataset_ap81 Crippa, M., Guizzardi, D., Pagani, F., Schiavina, M., Melchiorri, M., Pisoni, E., Graziosi, F., Muntean, M., Maes, J., Dijkstra, L., Van Damme, M., Clarisse, L., and Coheur, P.: Insights into the spatial distribution of global, national, and subnational greenhouse gas emissions in the Emissions Database for Global Atmospheric Research (EDGAR v8.0), Earth Syst. Sci. Data, 16, 2811– 2830, doi:10.5194/essd-16-2811-2024, 2024.",Share of GHG energy emissions over total GHG emissions
EM_GHG_SIN_XXXX,Share of GHG industry emissions over total GHG emissions,%,"EDGAR (Emissions Database for Global Atmospheric Research) Community GHG Database, a collaboration between the European Commission, Joint Research Centre (JRC), the International Energy Agency (IEA), and comprising IEA-EDGAR CO2, EDGAR CH4, EDGAR N2O, EDGAR F-GASES version 8.0, (2023) European Commission, JRC (Datasets). https://edgar.jrc.ec.europa.eu/report_2023, https://edgar.jrc.ec.europa.eu/dataset_ghg80 EDGAR v8.1 air pollutant emissions: https://edgar.jrc.ec.europa.eu/dataset_ap81 Crippa, M., Guizzardi, D., Pagani, F., Schiavina, M., Melchiorri, M., Pisoni, E., Graziosi, F., Muntean, M., Maes, J., Dijkstra, L., Van Damme, M., Clarisse, L., and Coheur, P.: Insights into the spatial distribution of global, national, and subnational greenhouse gas emissions in the Emissions Database for Global Atmospheric Research (EDGAR v8.0), Earth Syst. Sci. Data, 16, 2811– 2830, doi:10.5194/essd-16-2811-2024, 2024.",Share of GHG industry emissions over total GHG emissions
EM_GHG_SRE_XXXX,Share of GHG residential emissions over total GHG emissions,%,"EDGAR (Emissions Database for Global Atmospheric Research) Community GHG Database, a collaboration between the European Commission, Joint Research Centre (JRC), the International Energy Agency (IEA), and comprising IEA-EDGAR CO2, EDGAR CH4, EDGAR N2O, EDGAR F-GASES version 8.0, (2023) European Commission, JRC (Datasets). https://edgar.jrc.ec.europa.eu/report_2023, https://edgar.jrc.ec.europa.eu/dataset_ghg80 EDGAR v8.1 air pollutant emissions: https://edgar.jrc.ec.europa.eu/dataset_ap81 Crippa, M., Guizzardi, D., Pagani, F., Schiavina, M., Melchiorri, M., Pisoni, E., Graziosi, F., Muntean, M., Maes, J., Dijkstra, L., Van Damme, M., Clarisse, L., and Coheur, P.: Insights into the spatial distribution of global, national, and subnational greenhouse gas emissions in the Emissions Database for Global Atmospheric Research (EDGAR v8.0), Earth Syst. Sci. Data, 16, 2811– 2830, doi:10.5194/essd-16-2811-2024, 2024.",Share of residential GHG emissions over total GHG emissions
EM_GHG_STR_XXXX,Share of GHG transport emissions over total GHG emissions,%,"EDGAR (Emissions Database for Global Atmospheric Research) Community GHG Database, a collaboration between the European Commission, Joint Research Centre (JRC), the International Energy Agency (IEA), and comprising IEA-EDGAR CO2, EDGAR CH4, EDGAR N2O, EDGAR F-GASES version 8.0, (2023) European Commission, JRC (Datasets). https://edgar.jrc.ec.europa.eu/report_2023, https://edgar.jrc.ec.europa.eu/dataset_ghg80 EDGAR v8.1 air pollutant emissions: https://edgar.jrc.ec.europa.eu/dataset_ap81 Crippa, M., Guizzardi, D., Pagani, F., Schiavina, M., Melchiorri, M., Pisoni, E., Graziosi, F., Muntean, M., Maes, J., Dijkstra, L., Van Damme, M., Clarisse, L., and Coheur, P.: Insights into the spatial distribution of global, national, and subnational greenhouse gas emissions in the Emissions Database for Global Atmospheric Research (EDGAR v8.0), Earth Syst. Sci. Data, 16, 2811– 2830, doi:10.5194/essd-16-2811-2024, 2024.",Share of GHG transport emissions over total GHG emissions
EM_GHG_SWA_XXXX,Share of GHG waste emissions over GHG total emissions,%,"EDGAR (Emissions Database for Global Atmospheric Research) Community GHG Database, a collaboration between the European Commission, Joint Research Centre (JRC), the International Energy Agency (IEA), and comprising IEA-EDGAR CO2, EDGAR CH4, EDGAR N2O, EDGAR F-GASES version 8.0, (2023) European Commission, JRC (Datasets). https://edgar.jrc.ec.europa.eu/report_2023, https://edgar.jrc.ec.europa.eu/dataset_ghg80 EDGAR v8.1 air pollutant emissions: https://edgar.jrc.ec.europa.eu/dataset_ap81 Crippa, M., Guizzardi, D., Pagani, F., Schiavina, M., Melchiorri, M., Pisoni, E., Graziosi, F., Muntean, M., Maes, J., Dijkstra, L., Van Damme, M., Clarisse, L., and Coheur, P.: Insights into the spatial distribution of global, national, and subnational greenhouse gas emissions in the Emissions Database for Global Atmospheric Research (EDGAR v8.0), Earth Syst. Sci. Data, 16, 2811– 2830, doi:10.5194/essd-16-2811-2024, 2024.",Share of GHG waste emissions over total GHG emissions
EM_NOX_SAG_XXXX,Share of NOx agricultural emissions over total NOx emissions,%,"EDGAR (Emissions Database for Global Atmospheric Research) Community GHG Database, a collaboration between the European Commission, Joint Research Centre (JRC), the International Energy Agency (IEA), and comprising IEA-EDGAR CO2, EDGAR CH4, EDGAR N2O, EDGAR F-GASES version 8.0, (2023) European Commission, JRC (Datasets). https://edgar.jrc.ec.europa.eu/report_2023, https://edgar.jrc.ec.europa.eu/dataset_ghg80 EDGAR v8.1 air pollutant emissions: https://edgar.jrc.ec.europa.eu/dataset_ap81 Crippa, M., Guizzardi, D., Pagani, F., Schiavina, M., Melchiorri, M., Pisoni, E., Graziosi, F., Muntean, M., Maes, J., Dijkstra, L., Van Damme, M., Clarisse, L., and Coheur, P.: Insights into the spatial distribution of global, national, and subnational greenhouse gas emissions in the Emissions Database for Global Atmospheric Research (EDGAR v8.0), Earth Syst. Sci. Data, 16, 2811–2830, doi:10.5194/essd-16-2811-2024, 2024.",Share of NOx agricultural emissions over total NOx emissions
EM_NOX_SEN_XXXX,Share of NOx energy emissions over total NOx emissions,%,"EDGAR (Emissions Database for Global Atmospheric Research) Community GHG Database, a collaboration between the European Commission, Joint Research Centre (JRC), the International Energy Agency (IEA), and comprising IEA-EDGAR CO2, EDGAR CH4, EDGAR N2O, EDGAR F-GASES version 8.0, (2023) European Commission, JRC (Datasets). https://edgar.jrc.ec.europa.eu/report_2023, https://edgar.jrc.ec.europa.eu/dataset_ghg80 EDGAR v8.1 air pollutant emissions: https://edgar.jrc.ec.europa.eu/dataset_ap81 Crippa, M., Guizzardi, D., Pagani, F., Schiavina, M., Melchiorri, M., Pisoni, E., Graziosi, F., Muntean, M., Maes, J., Dijkstra, L., Van Damme, M., Clarisse, L., and Coheur, P.: Insights into the spatial distribution of global, national, and subnational greenhouse gas emissions in the Emissions Database for Global Atmospheric Research (EDGAR v8.0), Earth Syst. Sci. Data, 16, 2811– 2830, doi:10.5194/essd-16-2811-2024, 2024.",Share of NOx energy emissions over total NOx emissions
EM_NOX_SIN_XXXX,Share of NOx industry emissions over total NOx emissions,%,"EDGAR (Emissions Database for Global Atmospheric Research) Community GHG Database, a collaboration between the European Commission, Joint Research Centre (JRC), the International Energy Agency (IEA), and comprising IEA-EDGAR CO2, EDGAR CH4, EDGAR N2O, EDGAR F-GASES version 8.0, (2023) European Commission, JRC (Datasets). https://edgar.jrc.ec.europa.eu/report_2023, https://edgar.jrc.ec.europa.eu/dataset_ghg80 EDGAR v8.1 air pollutant emissions: https://edgar.jrc.ec.europa.eu/dataset_ap81 Crippa, M., Guizzardi, D., Pagani, F., Schiavina, M., Melchiorri, M., Pisoni, E., Graziosi, F., Muntean, M., Maes, J., Dijkstra, L., Van Damme, M., Clarisse, L., and Coheur, P.: Insights into the spatial distribution of global, national, and subnational greenhouse gas emissions in the Emissions Database for Global Atmospheric Research (EDGAR v8.0), Earth Syst. Sci. Data, 16, 2811– 2830, doi:10.5194/essd-16-2811-2024, 2024.",Share of NOx industry emissions over total NOx emissions
EM_NOX_SRE_XXXX,Share of NOx residential emissions over total NOx emissions,%,"EDGAR (Emissions Database for Global Atmospheric Research) Community GHG Database, a collaboration between the European Commission, Joint Research Centre (JRC), the International Energy Agency (IEA), and comprising IEA-EDGAR CO2, EDGAR CH4, EDGAR N2O, EDGAR F-GASES version 8.0, (2023) European Commission, JRC (Datasets). https://edgar.jrc.ec.europa.eu/report_2023, https://edgar.jrc.ec.europa.eu/dataset_ghg80 EDGAR v8.1 air pollutant emissions: https://edgar.jrc.ec.europa.eu/dataset_ap81 Crippa, M., Guizzardi, D., Pagani, F., Schiavina, M., Melchiorri, M., Pisoni, E., Graziosi, F., Muntean, M., Maes, J., Dijkstra, L., Van Damme, M., Clarisse, L., and Coheur, P.: Insights into the spatial distribution of global, national, and subnational greenhouse gas emissions in the Emissions Database for Global Atmospheric Research (EDGAR v8.0), Earth Syst. Sci. Data, 16, 2811– 2830, doi:10.5194/essd-16-2811-2024, 2024.",Share of residential NOx emissions over total NOx emissions
EM_NOX_STR_XXXX,Share of NOx transport emissions over total NOx emissions,%,"EDGAR (Emissions Database for Global Atmospheric Research) Community GHG Database, a collaboration between the European Commission, Joint Research Centre (JRC), the International Energy Agency (IEA), and comprising IEA-EDGAR CO2, EDGAR CH4, EDGAR N2O, EDGAR F-GASES version 8.0, (2023) European Commission, JRC (Datasets). https://edgar.jrc.ec.europa.eu/report_2023, https://edgar.jrc.ec.europa.eu/dataset_ghg80 EDGAR v8.1 air pollutant emissions: https://edgar.jrc.ec.europa.eu/dataset_ap81 Crippa, M., Guizzardi, D., Pagani, F., Schiavina, M., Melchiorri, M., Pisoni, E., Graziosi, F., Muntean, M., Maes, J., Dijkstra, L., Van Damme, M., Clarisse, L., and Coheur, P.: Insights into the spatial distribution of global, national, and subnational greenhouse gas emissions in the Emissions Database for Global Atmospheric Research (EDGAR v8.0), Earth Syst. Sci. Data, 16, 2811– 2830, doi:10.5194/essd-16-2811-2024, 2024.",Share of NOx transport emissions over total NOx emissions
EM_NOX_SWA_XXXX,Share of NOx waste emissions over NOx total emissions,%,"EDGAR (Emissions Database for Global Atmospheric Research) Community GHG Database, a collaboration between the European Commission, Joint Research Centre (JRC), the International Energy Agency (IEA), and comprising IEA-EDGAR CO2, EDGAR CH4, EDGAR N2O, EDGAR F-GASES version 8.0, (2023) European Commission, JRC (Datasets). https://edgar.jrc.ec.europa.eu/report_2023, https://edgar.jrc.ec.europa.eu/dataset_ghg80 EDGAR v8.1 air pollutant emissions: https://edgar.jrc.ec.europa.eu/dataset_ap81 Crippa, M., Guizzardi, D., Pagani, F., Schiavina, M., Melchiorri, M., Pisoni, E., Graziosi, F., Muntean, M., Maes, J., Dijkstra, L., Van Damme, M., Clarisse, L., and Coheur, P.: Insights into the spatial distribution of global, national, and subnational greenhouse gas emissions in the Emissions Database for Global Atmospheric Research (EDGAR v8.0), Earth Syst. Sci. Data, 16, 2811– 2830, doi:10.5194/essd-16-2811-2024, 2024.",Share of NOx waste emissions over total NOx emissions
EM_PM2_SAG_XXXX,Share of PM2.5 agricultural emissions over total PM2.5 emissions,%,"EDGAR (Emissions Database for Global Atmospheric Research) Community GHG Database, a collaboration between the European Commission, Joint Research Centre (JRC), the International Energy Agency (IEA), and comprising IEA-EDGAR CO2, EDGAR CH4, EDGAR N2O, EDGAR F-GASES version 8.0, (2023) European Commission, JRC (Datasets). https://edgar.jrc.ec.europa.eu/report_2023, https://edgar.jrc.ec.europa.eu/dataset_ghg80 EDGAR v8.1 air pollutant emissions: https://edgar.jrc.ec.europa.eu/dataset_ap81 Crippa, M., Guizzardi, D., Pagani, F., Schiavina, M., Melchiorri, M., Pisoni, E., Graziosi, F., Muntean, M., Maes, J., Dijkstra, L., Van Damme, M., Clarisse, L., and Coheur, P.: Insights into the spatial distribution of global, national, and subnational greenhouse gas emissions in the Emissions Database for Global Atmospheric Research (EDGAR v8.0), Earth Syst. Sci. Data, 16, 2811– 2830, doi:10.5194/essd-16-2811-2024, 2024.",Share of PM2.5 agricultural emissions over total PM2.5 emissions
EM_PM2_SEN_XXXX,Share of PM2.5 energy emissions over total PM2.5 emissions,%,"EDGAR (Emissions Database for Global Atmospheric Research) Community GHG Database, a collaboration between the European Commission, Joint Research Centre (JRC), the International Energy Agency (IEA), and comprising IEA-EDGAR CO2, EDGAR CH4, EDGAR N2O, EDGAR F-GASES version 8.0, (2023) European Commission, JRC (Datasets). https://edgar.jrc.ec.europa.eu/report_2023, https://edgar.jrc.ec.europa.eu/dataset_ghg80 EDGAR v8.1 air pollutant emissions: https://edgar.jrc.ec.europa.eu/dataset_ap81 Crippa, M., Guizzardi, D., Pagani, F., Schiavina, M., Melchiorri, M., Pisoni, E., Graziosi, F., Muntean, M., Maes, J., Dijkstra, L., Van Damme, M., Clarisse, L., and Coheur, P.: Insights into the spatial distribution of global, national, and subnational greenhouse gas emissions in the Emissions Database for Global Atmospheric Research (EDGAR v8.0), Earth Syst. Sci. Data, 16, 2811– 2830, doi:10.5194/essd-16-2811-2024, 2024.",Share of PM2.5 energy emissions over total PM2.5 emissions
EM_PM2_SIN_XXXX,Share of PM2.5 industry emissions over total PM2.5 emissions,%,"EDGAR (Emissions Database for Global Atmospheric Research) Community GHG Database, a collaboration between the European Commission, Joint Research Centre (JRC), the International Energy Agency (IEA), and comprising IEA-EDGAR CO2, EDGAR CH4, EDGAR N2O, EDGAR F-GASES version 8.0, (2023) European Commission, JRC (Datasets). https://edgar.jrc.ec.europa.eu/report_2023, https://edgar.jrc.ec.europa.eu/dataset_ghg80 EDGAR v8.1 air pollutant emissions: https://edgar.jrc.ec.europa.eu/dataset_ap81 Crippa, M., Guizzardi, D., Pagani, F., Schiavina, M., Melchiorri, M., Pisoni, E., Graziosi, F., Muntean, M., Maes, J., Dijkstra, L., Van Damme, M., Clarisse, L., and Coheur, P.: Insights into the spatial distribution of global, national, and subnational greenhouse gas emissions in the Emissions Database for Global Atmospheric Research (EDGAR v8.0), Earth Syst. Sci. Data, 16, 2811– 2830, doi:10.5194/essd-16-2811-2024, 2024.",Share of PM2.5 industry emissions over total PM2.5 emissions
EM_PM2_SRE_XXXX,Share of PM2.5 residential emissions over total PM2.5 emissions,%,"EDGAR (Emissions Database for Global Atmospheric Research) Community GHG Database, a collaboration between the European Commission, Joint Research Centre (JRC), the International Energy Agency (IEA), and comprising IEA-EDGAR CO2, EDGAR CH4, EDGAR N2O, EDGAR F-GASES version 8.0, (2023) European Commission, JRC (Datasets). https://edgar.jrc.ec.europa.eu/report_2023, https://edgar.jrc.ec.europa.eu/dataset_ghg80 EDGAR v8.1 air pollutant emissions: https://edgar.jrc.ec.europa.eu/dataset_ap81 Crippa, M., Guizzardi, D., Pagani, F., Schiavina, M., Melchiorri, M., Pisoni, E., Graziosi, F., Muntean, M., Maes, J., Dijkstra, L., Van Damme, M., Clarisse, L., and Coheur, P.: Insights into the spatial distribution of global, national, and subnational greenhouse gas emissions in the Emissions Database for Global Atmospheric Research (EDGAR v8.0), Earth Syst. Sci. Data, 16, 2811– 2830, doi:10.5194/essd-16-2811-2024, 2024.",Share of residential PM2.5 emissions over total PM2.5 emissions
EM_PM2_STRA_XXXX,Share of PM2.5 transport emissions over total PM2.5 emissions,%,"EDGAR (Emissions Database for Global Atmospheric Research) Community GHG Database, a collaboration between the European Commission, Joint Research Centre (JRC), the International Energy Agency (IEA), and comprising IEA-EDGAR CO2, EDGAR CH4, EDGAR N2O, EDGAR F-GASES version 8.0, (2023) European Commission, JRC (Datasets). https://edgar.jrc.ec.europa.eu/report_2023, https://edgar.jrc.ec.europa.eu/dataset_ghg80 EDGAR v8.1 air pollutant emissions: https://edgar.jrc.ec.europa.eu/dataset_ap81 Crippa, M., Guizzardi, D., Pagani, F., Schiavina, M., Melchiorri, M., Pisoni, E., Graziosi, F., Muntean, M., Maes, J., Dijkstra, L., Van Damme, M., Clarisse, L., and Coheur, P.: Insights into the spatial distribution of global, national, and subnational greenhouse gas emissions in the Emissions Database for Global Atmospheric Research (EDGAR v8.0), Earth Syst. Sci. Data, 16, 2811– 2830, doi:10.5194/essd-16-2811-2024, 2024.",Share of PM2.5 transport emissions over total PM2.5 emissions
EM_PM2_SWA_XXXX,Share of PM2.5 waste emissions over PM2.5 total emissions,%,"EDGAR (Emissions Database for Global Atmospheric Research) Community GHG Database, a collaboration between the European Commission, Joint Research Centre (JRC), the International Energy Agency (IEA), and comprising IEA-EDGAR CO2, EDGAR CH4, EDGAR N2O, EDGAR F-GASES version 8.0, (2023) European Commission, JRC (Datasets). https://edgar.jrc.ec.europa.eu/report_2023, https://edgar.jrc.ec.europa.eu/dataset_ghg80 EDGAR v8.1 air pollutant emissions: https://edgar.jrc.ec.europa.eu/dataset_ap81 Crippa, M., Guizzardi, D., Pagani, F., Schiavina, M., Melchiorri, M., Pisoni, E., Graziosi, F., Muntean, M., Maes, J., Dijkstra, L., Van Damme, M., Clarisse, L., and Coheur, P.: Insights into the spatial distribution of global, national, and subnational greenhouse gas emissions in the Emissions Database for Global Atmospheric Research (EDGAR v8.0), Earth Syst. Sci. Data, 16, 2811– 2830, doi:10.5194/essd-16-2811-2024, 2024.",Share of PM2.5 waste emissions over total PM2.5 emissions
EM_CO2_PEC_XXXX,CO2 emissions per capita,ton year-1 inhabitant-1,"EDGAR (Emissions Database for Global Atmospheric Research) Community GHG Database, a collaboration between the European Commission, Joint Research Centre (JRC), the International Energy Agency (IEA), and comprising IEA-EDGAR CO2, EDGAR CH4, EDGAR N2O, EDGAR F-GASES version 8.0, (2023) European Commission, JRC (Datasets). https://edgar.jrc.ec.europa.eu/report_2023, https://edgar.jrc.ec.europa.eu/dataset_ghg80 EDGAR v8.1 air pollutant emissions: https://edgar.jrc.ec.europa.eu/dataset_ap81 Crippa, M., Guizzardi, D., Pagani, F., Schiavina, M., Melchiorri, M., Pisoni, E., Graziosi, F., Muntean, M., Maes, J., Dijkstra, L., Van Damme, M., Clarisse, L., and Coheur, P.: Insights into the spatial distribution of global, national, and subnational greenhouse gas emissions in the Emissions Database for Global Atmospheric Research (EDGAR v8.0), Earth Syst. Sci. Data, 16, 2811– 2830, doi:10.5194/essd-16-2811-2024, 2024. Schiavina M., Freire S., Carioli A., MacManus K. (2023): GHS-POP R2023A - GHS population grid multitemporal (1975-2030).European Commission, Joint Research Centre (JRC) PID: http://data.europa.eu/89h/2ff68a52-5b5b-4a22-8f40-c41da8332cfe, doi:10.2905/2FF68A52-5B5B-4A22-8F40-C41DA8332CFE",CO2 emissions per capita
EM_GHG_PEC_XXXX,GHG emissions per capita,ton year-1 inhabitant-1,"EDGAR (Emissions Database for Global Atmospheric Research) Community GHG Database, a collaboration between the European Commission, Joint Research Centre (JRC), the International Energy Agency (IEA), and comprising IEA-EDGAR CO2, EDGAR CH4, EDGAR N2O, EDGAR F-GASES version 8.0, (2023) European Commission, JRC (Datasets). https://edgar.jrc.ec.europa.eu/report_2023, https://edgar.jrc.ec.europa.eu/dataset_ghg80 EDGAR v8.1 air pollutant emissions: https://edgar.jrc.ec.europa.eu/dataset_ap81 Crippa, M., Guizzardi, D., Pagani, F., Schiavina, M., Melchiorri, M., Pisoni, E., Graziosi, F., Muntean, M., Maes, J., Dijkstra, L., Van Damme, M., Clarisse, L., and Coheur, P.: Insights into the spatial distribution of global, national, and subnational greenhouse gas emissions in the Emissions Database for Global Atmospheric Research (EDGAR v8.0), Earth Syst. Sci. Data, 16, 2811– 2830, doi:10.5194/essd-16-2811-2024, 2024. Schiavina M., Freire S., Carioli A., MacManus K. (2023): GHS-POP R2023A - GHS population grid multitemporal (1975-2030).European Commission, Joint Research Centre (JRC) PID: http://data.europa.eu/89h/2ff68a52-5b5b-4a22-8f40-c41da8332cfe, doi:10.2905/2FF68A52-5B5B-4A22-8F40-C41DA8332CFE",GHG emissions per capita
EM_NOX_PEC_XXXX,NOX emissions per capita,ton year-1 inhabitant-1,"EDGAR (Emissions Database for Global Atmospheric Research) Community GHG Database, a collaboration between the European Commission, Joint Research Centre (JRC), the International Energy Agency (IEA), and comprising IEA-EDGAR CO2, EDGAR CH4, EDGAR N2O, EDGAR F-GASES version 8.0, (2023) European Commission, JRC (Datasets). https://edgar.jrc.ec.europa.eu/report_2023, https://edgar.jrc.ec.europa.eu/dataset_ghg80 EDGAR v8.1 air pollutant emissions: https://edgar.jrc.ec.europa.eu/dataset_ap81 Crippa, M., Guizzardi, D., Pagani, F., Schiavina, M., Melchiorri, M., Pisoni, E., Graziosi, F., Muntean, M., Maes, J., Dijkstra, L., Van Damme, M., Clarisse, L., and Coheur, P.: Insights into the spatial distribution of global, national, and subnational greenhouse gas emissions in the Emissions Database for Global Atmospheric Research (EDGAR v8.0), Earth Syst. Sci. Data, 16, 2811– 2830, doi:10.5194/essd-16-2811-2024, 2024. Schiavina M., Freire S., Carioli A., MacManus K. (2023): GHS-POP R2023A - GHS population grid multitemporal (1975-2030).European Commission, Joint Research Centre (JRC) PID: http://data.europa.eu/89h/2ff68a52-5b5b-4a22-8f40-c41da8332cfe, doi:10.2905/2FF68A52-5B5B-4A22-8F40-C41DA8332CFE",NOX emissions per capita
EM_PM2_PEC_XXXX,PM 2.5 emissions per capita,ton year-1 inhabitant-1,"EDGAR (Emissions Database for Global Atmospheric Research) Community GHG Database, a collaboration between the European Commission, Joint Research Centre (JRC), the International Energy Agency (IEA), and comprising IEA-EDGAR CO2, EDGAR CH4, EDGAR N2O, EDGAR F-GASES version 8.0, (2023) European Commission, JRC (Datasets). https://edgar.jrc.ec.europa.eu/report_2023, https://edgar.jrc.ec.europa.eu/dataset_ghg80 EDGAR v8.1 air pollutant emissions: https://edgar.jrc.ec.europa.eu/dataset_ap81 Crippa, M., Guizzardi, D., Pagani, F., Schiavina, M., Melchiorri, M., Pisoni, E., Graziosi, F., Muntean, M., Maes, J., Dijkstra, L., Van Damme, M., Clarisse, L., and Coheur, P.: Insights into the spatial distribution of global, national, and subnational greenhouse gas emissions in the Emissions Database for Global Atmospheric Research (EDGAR v8.0), Earth Syst. Sci. Data, 16, 2811– 2830, doi:10.5194/essd-16-2811-2024, 2024. Schiavina M., Freire S., Carioli A., MacManus K. (2023): GHS-POP R2023A - GHS population grid multitemporal (1975-2030).European Commission, Joint Research Centre (JRC) PID: http://data.europa.eu/89h/2ff68a52-5b5b-4a22-8f40-c41da8332cfe, doi:10.2905/2FF68A52-5B5B-4A22-8F40-C41DA8332CFE",PM 2.5 emissions per capita
NS_TPA_PER_XXXX,Share of Terrestrial Protected Areas,%,"UNEP-WCMC and IUCN (2024), Protected Planet: The World Database on Protected Areas (WDPA) [Online], May 2024, Cambridge, UK: UNEP-WCMC and IUCN. Available at: www.protectedplanet.net. Download data 19/06/2024",Share of the urban center area covered by terrestrial protected areas over the total urban center area.
NS_MPA_PER_XXXX,Share of Marine Protected Areas,%,"UNEP-WCMC and IUCN (2024), Protected Planet: The World Database on Protected Areas (WDPA) [Online], May 2024, Cambridge, UK: UNEP-WCMC and IUCN. Available at: www.protectedplanet.net. Download data 19/06/2024",Share of the urban center area covered by marine protected areas over the total urban center area.
NS_TPA_NAM_XXXX,Name of Terrestrial Protected Areas,Categorical,"UNEP-WCMC and IUCN (2024), Protected Planet: The World Database on Protected Areas (WDPA) [Online], May 2024, Cambridge, UK: UNEP-WCMC and IUCN. Available at: www.protectedplanet.net. Download data 19/06/2024",List of the names of the terrestrial protected areas overlaying the urban center area.
NS_MPA_NAM_XXXX,Name of Marine Protected Areas,Categorical,"UNEP-WCMC and IUCN (2024), Protected Planet: The World Database on Protected Areas (WDPA) [Online], May 2024, Cambridge, UK: UNEP-WCMC and IUCN. Available at: www.protectedplanet.net. Download data 19/06/2024",List of the names of the marine protected areas overlaying the urban center area.
NS_TPA_DES_XXXX,Designation of Terrestrial Protected Areas,Categorical,"UNEP-WCMC and IUCN (2024), Protected Planet: The World Database on Protected Areas (WDPA) [Online], May 2024, Cambridge, UK: UNEP-WCMC and IUCN. Available at: www.protectedplanet.net. Download data 19/06/2024",List of the terrestrial protected areas designation overlaying the urban center area.
NS_MPA_DES_XXXX,Designation of Marine Protected Areas,Categorical,"UNEP-WCMC and IUCN (2024), Protected Planet: The World Database on Protected Areas (WDPA) [Online], May 2024, Cambridge, UK: UNEP-WCMC and IUCN. Available at: www.protectedplanet.net. Download data 19/06/2024",List of the marine protected areas designation overlaying the urban center area.
NS_ESB_BIO_XXXX,Biointegrity transgression,Number of transgressions,"Rockström, J., Gupta, J., Qin, D. et al. Safe and just Earth system boundaries. Nature 619, 102– 111 (2023). https://doi.org/10.1038/s41586-023-06083-8 Abrams, Jesse (2022). Transgression map. figshare. Dataset. https://doi.org/10.6084/m9.figshare.20079200.v2",Number of biointegrity transgressions inside the urban center
NS_ESB_GWA_XXXX,Groundwater transgression,Number of transgressions,"Rockström, J., Gupta, J., Qin, D. et al. Safe and just Earth system boundaries. Nature 619, 102– 111 (2023). https://doi.org/10.1038/s41586-023-06083-8 Abrams, Jesse (2022). Transgression map. figshare. Dataset. https://doi.org/10.6084/m9.figshare.20079200.v2",Number of groundwater transgressions inside the urban center
NS_ESB_NIT_XXXX,Nitrogen transgression,Number of transgressions,"Rockström, J., Gupta, J., Qin, D. et al. Safe and just Earth system boundaries. Nature 619, 102– 111 (2023). https://doi.org/10.1038/s41586-023-06083-8 Abrams, Jesse (2022). Transgression map. figshare. Dataset. https://doi.org/10.6084/m9.figshare.20079200.v2",Number of nitrogen transgressions inside the urban center
NS_ESB_PHO_XXXX,Phosphorus transgression,Number of transgressions,"Rockström, J., Gupta, J., Qin, D. et al. Safe and just Earth system boundaries. Nature 619, 102– 111 (2023). https://doi.org/10.1038/s41586-023-06083-8 Abrams, Jesse (2022). Transgression map. figshare. Dataset. https://doi.org/10.6084/m9.figshare.20079200.v2",Number of phosphorus transgressions inside the urban center
NS_ESB_P25_XXXX,PM2.5 transgression,Number of transgressions,"Rockström, J., Gupta, J., Qin, D. et al. Safe and just Earth system boundaries. Nature 619, 102– 111 (2023). https://doi.org/10.1038/s41586-023-06083-8 Abrams, Jesse (2022). Transgression map. figshare. Dataset. https://doi.org/10.6084/m9.figshare.20079200.v2",Number of PM2.5 transgressions inside the urban center
NS_ESB_SLR_XXXX,Sea level rise transgression,Number of transgressions,"Rockström, J., Gupta, J., Qin, D. et al. Safe and just Earth system boundaries. Nature 619, 102– 111 (2023). https://doi.org/10.1038/s41586-023-06083-8 Abrams, Jesse (2022). Transgression map. figshare. Dataset. https://doi.org/10.6084/m9.figshare.20079200.v2",Number of sea level rise transgressions inside the urban center
NS_ESB_SWA_XXXX,Surface water transgression,Number of transgressions,"Rockström, J., Gupta, J., Qin, D. et al. Safe and just Earth system boundaries. Nature 619, 102– 111 (2023). https://doi.org/10.1038/s41586-023-06083-8 Abrams, Jesse (2022). Transgression map. figshare. Dataset. https://doi.org/10.6084/m9.figshare.20079200.v2",Number of surface water transgressions inside the urban center
NS_ESB_WET_XXXX,Wet bulb temperature transgression,Number of transgressions,"Rockström, J., Gupta, J., Qin, D. et al. Safe and just Earth system boundaries. Nature 619, 102– 111 (2023). https://doi.org/10.1038/s41586-023-06083-8 Abrams, Jesse (2022). Transgression map. figshare. Dataset. https://doi.org/10.6084/m9.figshare.20079200.v2",Number of wet bulb transgressions inside the urban center
NS_ESB_MIN_XXXX,Minimum number of total transgressions,Number of transgressions,"Rockström, J., Gupta, J., Qin, D. et al. Safe and just Earth system boundaries. Nature 619, 102– 111 (2023). https://doi.org/10.1038/s41586-023-06083-8 Abrams, Jesse (2022). Transgression map. figshare. Dataset. https://doi.org/10.6084/m9.figshare.20079200.v2",Minimum number of total transgressions inside the urban center
NS_ESB_MAX_XXXX,Maximum number of total transgressions,Number of transgressions,"Rockström, J., Gupta, J., Qin, D. et al. Safe and just Earth system boundaries. Nature 619, 102– 111 (2023). https://doi.org/10.1038/s41586-023-06083-8 Abrams, Jesse (2022). Transgression map. figshare. Dataset. https://doi.org/10.6084/m9.figshare.20079200.v2",Maximum number of total transgressions inside the urban center
HL_FCL_HOS_XXXX,Number of hospitals,Units of facilities,https://www.healthsites.io/map Downloaded on 27/06/2024 World.zip (last update at: Tue Jun 25 2024 00:00:03 GMT+0200 (Central European Summer Time)),Number of health facilities (hospitals) in the urban center.
HL_FCL_PHA_XXXX,Number of pharmacies,Units of facilities,https://www.healthsites.io/map Downloaded on 27/06/2024 World.zip (last update at: Tue Jun 25 2024 00:00:03 GMT+0200 (Central European Summer Time)),Number of health facilities (pharmacies) in the urban center.
HL_FPC_HOS_XXXX,Number of hospitals per capita,Number of facilities per 1000000 inhabitants,"https://www.healthsites.io/map Downloaded on 27/06/2024 World.zip (last update at: Tue Jun 25 2024 00:00:03 GMT+0200 (Central European Summer Time)) Schiavina M., Freire S., Carioli A., MacManus K. (2023): GHS-POP R2023A - GHS population grid multitemporal (1975-2030).European Commission, Joint Research Centre (JRC) PID: http://data.europa.eu/89h/2ff68a52-5b5b-4a22-8f40-c41da8332cfe, doi:10.2905/2FF68A52-5B5B-4A22-8F40-C41DA8332CFE",Number of health facilities (hospitals) per capita in the urban center.
HL_FPC_PHA_XXXX,Number of pharmacies per capita,Number of facilities per 1000000 inhabitants,"https://www.healthsites.io/map Downloaded on 27/06/2024 World.zip (last update at: Tue Jun 25 2024 00:00:03 GMT+0200 (Central European Summer Time)) Schiavina M., Freire S., Carioli A., MacManus K. (2023): GHS-POP R2023A - GHS population grid multitemporal (1975-2030).European Commission, Joint Research Centre (JRC) PID: http://data.europa.eu/89h/2ff68a52-5b5b-4a22-8f40-c41da8332cfe, doi:10.2905/2FF68A52-5B5B-4A22-8F40-C41DA8332CFE",Number of health facilities (pharmacies) per capita in the urban center.
HL_FDE_HOS_XXXX,Hospitals density,Units of facilities per squared kilometer,https://www.healthsites.io/map Downloaded on 27/06/2024 World.zip (last update at: Tue Jun 25 2024 00:00:03 GMT+0200 (Central European Summer Time)),Number of health facilities (hospitals) per urban center area.
HL_FDE_PHA_XXXX,Pharmacies density,Units of facilities per squared kilometer,https://www.healthsites.io/map Downloaded on 27/06/2024 World.zip (last update at: Tue Jun 25 2024 00:00:03 GMT+0200 (Central European Summer Time)),Number of health facilities (pharmacies) per urban center area.
HL_POP_HOS_XXXX,Population with access to hospitals,Number of inhabitants,"https://www.healthsites.io/map Downloaded on 27/06/2024 World.zip (last update at: Tue Jun 25 2024 00:00:03 GMT+0200 (Central European Summer Time)) Schiavina M., Freire S., Carioli A., MacManus K. (2023): GHS-POP R2023A - GHS population grid multitemporal (1975-2030).European Commission, Joint Research Centre (JRC) PID: http://data.europa.eu/89h/2ff68a52-5b5b-4a22-8f40-c41da8332cfe, doi:10.2905/2FF68A52-5B5B-4A22-8F40-C41DA8332CFE","Population living within a kilometer buffer of a hospital facility, inside the urban center."
HL_POP_PHA_XXXX,Population with access to pharmacies,Number of inhabitants,"https://www.healthsites.io/map Downloaded on 27/06/2024 World.zip (last update at: Tue Jun 25 2024 00:00:03 GMT+0200 (Central European Summer Time)) Schiavina M., Freire S., Carioli A., MacManus K. (2023): GHS-POP R2023A - GHS population grid multitemporal (1975-2030).European Commission, Joint Research Centre (JRC) PID: http://data.europa.eu/89h/2ff68a52-5b5b-4a22-8f40-c41da8332cfe, doi:10.2905/2FF68A52-5B5B-4A22-8F40-C41DA8332CFE","Population living within a kilometer buffer of a pharmacy facility, inside the urban center."
HL_SHP_HOS_XXXX,Share of population with access to hospitals,%,"https://www.healthsites.io/map Downloaded on 27/06/2024 World.zip (last update at: Tue Jun 25 2024 00:00:03 GMT+0200 (Central European Summer Time)) Schiavina M., Freire S., Carioli A., MacManus K. (2023): GHS-POP R2023A - GHS population grid multitemporal (1975-2030).European Commission, Joint Research Centre (JRC) PID: http://data.europa.eu/89h/2ff68a52-5b5b-4a22-8f40-c41da8332cfe, doi:10.2905/2FF68A52-5B5B-4A22-8F40-C41DA8332CFE","Share of population living within a kilometer buffer of a hospital facility, inside the urban center over total urban centre population."
HL_SHP_PHA_XXXX,Share of population with access to pharmacies,%,"https://www.healthsites.io/map Downloaded on 27/06/2024 World.zip (last update at: Tue Jun 25 2024 00:00:03 GMT+0200 (Central European Summer Time)) Schiavina M., Freire S., Carioli A., MacManus K. (2023): GHS-POP R2023A - GHS population grid multitemporal (1975-2030).European Commission, Joint Research Centre (JRC) PID: http://data.europa.eu/89h/2ff68a52-5b5b-4a22-8f40-c41da8332cfe, doi:10.2905/2FF68A52-5B5B-4A22-8F40-C41DA8332CFE","Share of population living within a kilometer buffer of a pharmacy facility, inside the urban center over total urban centre population."
WA_GWR_GWB_XXXX,Basin Type,Categorical,"RICHTS, A., STRUCKMEIER, W. & ZAEPKE, M. (2011): WHYMAP and the Groundwater Resources of the World 1:25,000,000. In: Jones J. (Eds.): Sustaining Groundwater Resources. International Year of Planet Earth; Springer. doi: 10.1007/978-90-481-3426-7_10",Groundwater basin type
WA_GWR_GWR_XXXX,Groundwater recharge,Categorical,"RICHTS, A., STRUCKMEIER, W. & ZAEPKE, M. (2011): WHYMAP and the Groundwater Resources of the World 1:25,000,000. In: Jones J. (Eds.): Sustaining Groundwater Resources. International Year of Planet Earth; Springer. doi: 10.1007/978-90-481-3426-7_10",Groundwater recharge classification
WA_GWS_SAL_XXXX,Aquifer Salinity,Boolean (True/False),"RICHTS, A., STRUCKMEIER, W. & ZAEPKE, M. (2011): WHYMAP and the Groundwater Resources of the World 1:25,000,000. In: Jones J. (Eds.): Sustaining Groundwater Resources. International Year of Planet Earth; Springer. doi: 10.1007/978-90-481-3426-7_10",Groundwater salinity
WA_MAR_SHT_XXXX,Sea surface height above the sea trend,mm/year,Global Ocean Mean Sea Level trend map from Observations Reprocessing. E.U. Copernicus Marine Service Information (CMEMS). Marine Data Store (MDS). DOI: 10.48670/moi-00238 (Accessed on 26-July-2024),Sea surface height above the sea trend
WA_MAR_STT_XXXX,Sea surface temperature trend,°C/year,Global Ocean Sea Surface Temperature trend map from Observations Reprocessing. E.U. Copernicus Marine Service Information (CMEMS). Marine Data Store (MDS). DOI: 10.48670/moi- 00243 (Accessed on 26-July-2024),Sea surface temperature trend
WA_MAR_SST_XXXX,Sea surface temperature,°C,Global Ocean Physics Reanalysis. E.U. Copernicus Marine Service Information (CMEMS). Marine Data Store (MDS). DOI: 10.48670/moi-00021 (Accessed on 20-September-2024),Sea surface temperature
WA_MAR_W01_XXXX,Wave significant height,m,Global Ocean Waves Reanalysis. E.U. Copernicus Marine Service Information (CMEMS). Marine Data Store (MDS). DOI: 10.48670/moi-00022 (Accessed on 29-September-2024),Wave significant height (monthly averaged - January - data over the period 1993 to 2018)
WA_MAR_W02_XXXX,Wave significant height,m,Global Ocean Waves Reanalysis. E.U. Copernicus Marine Service Information (CMEMS). Marine Data Store (MDS). DOI: 10.48670/moi-00022 (Accessed on 29-September-2024),Wave significant height (monthly averaged – February - data over the period 1993 to 2018)
WA_MAR_W03_XXXX,Wave significant height,m,Global Ocean Waves Reanalysis. E.U. Copernicus Marine Service Information (CMEMS). Marine Data Store (MDS). DOI: 10.48670/moi-00022 (Accessed on 29-September-2024),Wave significant height (monthly averaged - March - data over the period 1993 to 2018)
WA_MAR_W04_XXXX,Wave significant height,m,Global Ocean Waves Reanalysis. E.U. Copernicus Marine Service Information (CMEMS). Marine Data Store (MDS). DOI: 10.48670/moi-00022 (Accessed on 29-September-2024),Wave significant height (monthly averaged - April - data over the period 1993 to 2018)
WA_MAR_W05_XXXX,Wave significant height,m,Global Ocean Waves Reanalysis. E.U. Copernicus Marine Service Information (CMEMS). Marine Data Store (MDS). DOI: 10.48670/moi-00022 (Accessed on 29-September-2024),Wave significant height (monthly averaged - May - data over the period 1993 to 2018)
WA_MAR_W06_XXXX,Wave significant height,m,Global Ocean Waves Reanalysis. E.U. Copernicus Marine Service Information (CMEMS). Marine Data Store (MDS). DOI: 10.48670/moi-00022 (Accessed on 29-September-2024),Wave significant height (monthly averaged - June - data over the period 1993 to 2018)
WA_MAR_W07_XXXX,Wave significant height,m,Global Ocean Waves Reanalysis. E.U. Copernicus Marine Service Information (CMEMS). Marine Data Store (MDS). DOI: 10.48670/moi-00022 (Accessed on 29-September-2024),Wave significant height (monthly averaged - July - data over the period 1993 to 2018)
WA_MAR_W08_XXXX,Wave significant height,m,Global Ocean Waves Reanalysis. E.U. Copernicus Marine Service Information (CMEMS). Marine Data Store (MDS). DOI: 10.48670/moi-00022 (Accessed on 29-September-2024),Wave significant height (monthly averaged - August - data over the period 1993 to 2018)
WA_MAR_W09_XXXX,Wave significant height,m,Global Ocean Waves Reanalysis. E.U. Copernicus Marine Service Information (CMEMS). Marine Data Store (MDS). DOI: 10.48670/moi-00022 (Accessed on 29-September-2024),Wave significant height (monthly averaged - September - data over the period 1993 to 2018)
WA_MAR_W10_XXXX,Wave significant height,m,Global Ocean Waves Reanalysis. E.U. Copernicus Marine Service Information (CMEMS). Marine Data Store (MDS). DOI: 10.48670/moi-00022 (Accessed on 29-September-2024),Wave significant height (monthly averaged - October - data over the period 1993 to 2018)
WA_MAR_W11_XXXX,Wave significant height,m,Global Ocean Waves Reanalysis. E.U. Copernicus Marine Service Information (CMEMS). Marine Data Store (MDS). DOI: 10.48670/moi-00022 (Accessed on 29-September-2024),Wave significant height (monthly averaged - November - data over the period 1993 to 2018)
WA_MAR_W12_XXXX,Wave significant height,m,Global Ocean Waves Reanalysis. E.U. Copernicus Marine Service Information (CMEMS). Marine Data Store (MDS). DOI: 10.48670/moi-00022 (Accessed on 29-September-2024),Wave significant height (monthly averaged - December - data over the period 1993 to 2018)
IN_ROA_LEN_XXXX,Road length,m,"Overture Maps Foundation, overturemaps.org. Accessed on 24/07/2024",Total road length inside the urban center
IN_ROA_DEN_XXXX,Road density network,m/m2,"Overture Maps Foundation, overturemaps.org. Accessed on 24/07/2024","Road network density, total road length inside the urban center divided by the urban center area"
IN_CIS_ALL_XXXX,Critical Infrastructures Spatial Index,dimensionless,"Nirandjan, S., Koks, E.E., Ward, P.J. et al. A spatially-explicit harmonized global dataset of critical infrastructure. Sci Data 9, 150 (2022). https://doi.org/10.1038/s41597-022-01218-4 Data: A spatially-explicit harmonized global dataset of critical infrastructure (zenodo.org)",Critical Infrastructures Spatial Index is an index that spatially explicit indicates the coverage or lack of infrastructures.
IN_CIS_ENE_XXXX,Critical Infrastructures Spatial Index for the energy sector,dimensionless,"Nirandjan, S., Koks, E.E., Ward, P.J. et al. A spatially-explicit harmonized global dataset of critical infrastructure. Sci Data 9, 150 (2022). https://doi.org/10.1038/s41597-022-01218-4 Data: A spatially-explicit harmonized global dataset of critical infrastructure (zenodo.org)",Sectorial CISI is an index that spatially explicit indicates the coverage or lack of infrastructures per sector.
IN_CIS_TRA_XXXX,Critical Infrastructures Spatial Index for the transportation sector,dimensionless,"Nirandjan, S., Koks, E.E., Ward, P.J. et al. A spatially-explicit harmonized global dataset of critical infrastructure. Sci Data 9, 150 (2022). https://doi.org/10.1038/s41597-022-01218-4 Data: A spatially-explicit harmonized global dataset of critical infrastructure (zenodo.org)",Sectorial CISI is an index that spatially explicit indicates the coverage or lack of infrastructures per sector.
IN_CIS_WAT_XXXX,Critical Infrastructures Spatial Index for the water sector,dimensionless,"Nirandjan, S., Koks, E.E., Ward, P.J. et al. A spatially-explicit harmonized global dataset of critical infrastructure. Sci Data 9, 150 (2022). https://doi.org/10.1038/s41597-022-01218-4 Data: A spatially-explicit harmonized global dataset of critical infrastructure (zenodo.org)",Sectorial CISI is an index that spatially explicit indicates the coverage or lack of infrastructures per sector.
IN_CIS_WAS_XXXX,Critical Infrastructures Spatial Index for the waste sector,dimensionless,"Nirandjan, S., Koks, E.E., Ward, P.J. et al. A spatially-explicit harmonized global dataset of critical infrastructure. Sci Data 9, 150 (2022). https://doi.org/10.1038/s41597-022-01218-4 Data: A spatially-explicit harmonized global dataset of critical infrastructure (zenodo.org)",Sectorial CISI is an index that spatially explicit indicates the coverage or lack of infrastructures per sector.
IN_CIS_TEL_XXXX,Critical Infrastructures Spatial Index for the telecommunications sector,dimensionless,"Nirandjan, S., Koks, E.E., Ward, P.J. et al. A spatially-explicit harmonized global dataset of critical infrastructure. Sci Data 9, 150 (2022). https://doi.org/10.1038/s41597-022-01218-4 Data: A spatially-explicit harmonized global dataset of critical infrastructure (zenodo.org)",Sectorial CISI is an index that spatially explicit indicates the coverage or lack of infrastructures per sector.
IN_CIS_HEA_XXXX,Critical Infrastructures Spatial Index for the health sector,dimensionless,"Nirandjan, S., Koks, E.E., Ward, P.J. et al. A spatially-explicit harmonized global dataset of critical infrastructure. Sci Data 9, 150 (2022). https://doi.org/10.1038/s41597-022-01218-4 Data: A spatially-explicit harmonized global dataset of critical infrastructure (zenodo.org)",Sectorial CISI is an index that spatially explicit indicates the coverage or lack of infrastructures per sector.
IN_CIS_EDU_XXXX,Critical Infrastructures Spatial Index for the education sector,dimensionless,"Nirandjan, S., Koks, E.E., Ward, P.J. et al. A spatially-explicit harmonized global dataset of critical infrastructure. Sci Data 9, 150 (2022). https://doi.org/10.1038/s41597-022-01218-4 Data: A spatially-explicit harmonized global dataset of critical infrastructure (zenodo.org)",Sectorial CISI is an index that spatially explicit indicates the coverage or lack of infrastructures per sector.
GE_BIO_A01_XXXX,"Share of Urban Center area classified as Biome class ""SLC"" (Short, Low VPI, Cold)",%,"Higgins, S.I., Buitenwerf, R. and Moncrieff, G.R. (2016), Defining functional biomes and monitoring their change globally. Glob Change Biol, 22: 3583-3593. https://doi.org/10.1111/gcb.13367","Share of Urban Center area classified as Biome class ""SLC"" (Short, Low VPI, Cold)"
GE_BIO_A02_XXXX,"Share of Urban Center area classified as Biome class ""SMC"" (Short, Medium VPI, Cold)",%,"Higgins, S.I., Buitenwerf, R. and Moncrieff, G.R. (2016), Defining functional biomes and monitoring their change globally. Glob Change Biol, 22: 3583-3593. https://doi.org/10.1111/gcb.13367","Share of Urban Center area classified as Biome class ""SLC"" (Short, Low VPI, Cold)"
GE_BIO_A03_XXXX,"Share of Urban Center area classified as Biome class ""SHC"" (Short, High VPI, Cold)",%,"Higgins, S.I., Buitenwerf, R. and Moncrieff, G.R. (2016), Defining functional biomes and monitoring their change globally. Glob Change Biol, 22: 3583-3593. https://doi.org/10.1111/gcb.13367","Share of Urban Center area classified as Biome class ""SLC"" (Short, Low VPI, Cold)"
GE_BIO_A04_XXXX,"Share of Urban Center area classified as Biome class ""TLC"" (Tall, Low VPI, Cold)",%,"Higgins, S.I., Buitenwerf, R. and Moncrieff, G.R. (2016), Defining functional biomes and monitoring their change globally. Glob Change Biol, 22: 3583-3593. https://doi.org/10.1111/gcb.13367","Share of Urban Center area classified as Biome class ""TLC"" (Tall, Low VPI, Cold)"
GE_BIO_A05_XXXX,"Share of Urban Center area classified as Biome class ""TMC"" (Tall, Medium VPI, Cold)",%,"Higgins, S.I., Buitenwerf, R. and Moncrieff, G.R. (2016), Defining functional biomes and monitoring their change globally. Glob Change Biol, 22: 3583-3593. https://doi.org/10.1111/gcb.13367","Share of Urban Center area classified as Biome class ""TMC"" (Tall, Medium VPI, Cold)"
GE_BIO_A06_XXXX,"Share of Urban Center area classified as Biome class ""THC"" (Tall, High VPI, Cold)",%,"Higgins, S.I., Buitenwerf, R. and Moncrieff, G.R. (2016), Defining functional biomes and monitoring their change globally. Glob Change Biol, 22: 3583-3593. https://doi.org/10.1111/gcb.13367","Share of Urban Center area classified as Biome class ""THC"" (Tall, High VPI, Cold)"
GE_BIO_A07_XXXX,"Share of Urban Center area classified as Biome class ""SLD"" (Short, Low VPI, Dry)",%,"Higgins, S.I., Buitenwerf, R. and Moncrieff, G.R. (2016), Defining functional biomes and monitoring their change globally. Glob Change Biol, 22: 3583-3593. https://doi.org/10.1111/gcb.13367","Share of Urban Center area classified as Biome class ""SLD"" (Short, Low VPI, Dry)"
GE_BIO_A08_XXXX,"Share of Urban Center area classified as Biome class ""SMD"" (Short, Medium VPI, Dry)",%,"Higgins, S.I., Buitenwerf, R. and Moncrieff, G.R. (2016), Defining functional biomes and monitoring their change globally. Glob Change Biol, 22: 3583-3593. https://doi.org/10.1111/gcb.13367","Share of Urban Center area classified as Biome class ""SMD"" (Short, Medium VPI, Dry)"
GE_BIO_A09_XXXX,"Share of Urban Center area classified as Biome class ""SHD"" (Short, High VPI, Dry)",%,"Higgins, S.I., Buitenwerf, R. and Moncrieff, G.R. (2016), Defining functional biomes and monitoring their change globally. Glob Change Biol, 22: 3583-3593. https://doi.org/10.1111/gcb.13367","Share of Urban Center area classified as Biome class ""SHD"" (Short, High VPI, Dry)"
GE_BIO_A10_XXXX,"Share of Urban Center area classified as Biome class ""TLD"" (Tall, Low VPI, Dry)",%,"Higgins, S.I., Buitenwerf, R. and Moncrieff, G.R. (2016), Defining functional biomes and monitoring their change globally. Glob Change Biol, 22: 3583-3593. https://doi.org/10.1111/gcb.13367","Share of Urban Center area classified as Biome class ""TLD"" (Tall, Low VPI, Dry)"
GE_BIO_A11_XXXX,"Share of Urban Center area classified as Biome class ""TMD"" (Tall, Medium VPI, Dry)",%,"Higgins, S.I., Buitenwerf, R. and Moncrieff, G.R. (2016), Defining functional biomes and monitoring their change globally. Glob Change Biol, 22: 3583-3593. https://doi.org/10.1111/gcb.13367","Share of Urban Center area classified as Biome class ""TMD"" (Tall, Medium VPI, Dry)"
GE_BIO_A12_XXXX,"Share of Urban Center area classified as Biome class ""THD"" (Tall, High VPI, Dry)",%,"Higgins, S.I., Buitenwerf, R. and Moncrieff, G.R. (2016), Defining functional biomes and monitoring their change globally. Glob Change Biol, 22: 3583-3593. https://doi.org/10.1111/gcb.13367","Share of Urban Center area classified as Biome class ""THD"" (Tall, High VPI, Dry)"
GE_BIO_A13_XXXX,"Share of Urban Center area classified as Biome class ""SLB"" (Short, Low VPI, Both)",%,"Higgins, S.I., Buitenwerf, R. and Moncrieff, G.R. (2016), Defining functional biomes and monitoring their change globally. Glob Change Biol, 22: 3583-3593. https://doi.org/10.1111/gcb.13367","Share of Urban Center area classified as Biome class ""SLB"" (Short, Low VPI, Both)"
GE_BIO_A14_XXXX,"Share of Urban Center area classified as Biome class ""SMB"" (Short, Medium VPI, Both)",%,"Higgins, S.I., Buitenwerf, R. and Moncrieff, G.R. (2016), Defining functional biomes and monitoring their change globally. Glob Change Biol, 22: 3583-3593. https://doi.org/10.1111/gcb.13367","Share of Urban Center area classified as Biome class ""SMB"" (Short, Medium VPI, Both)"
GE_BIO_A15_XXXX,"Share of Urban Center area classified as Biome class ""SHB"" (Short, High VPI, Both)",%,"Higgins, S.I., Buitenwerf, R. and Moncrieff, G.R. (2016), Defining functional biomes and monitoring their change globally. Glob Change Biol, 22: 3583-3593. https://doi.org/10.1111/gcb.13367","Share of Urban Center area classified as Biome class ""SHB"" (Short, High VPI, Both)"
GE_BIO_A16_XXXX,"Share of Urban Center area classified as Biome class ""TLB"" (Tall, Low VPI, Both)",%,"Higgins, S.I., Buitenwerf, R. and Moncrieff, G.R. (2016), Defining functional biomes and monitoring their change globally. Glob Change Biol, 22: 3583-3593. https://doi.org/10.1111/gcb.13367","Share of Urban Center area classified as Biome class ""TLB"" (Tall, Low VPI, Both)"
GE_BIO_A17_XXXX,"Share of Urban Center area classified as Biome class ""TMB"" (Tall, Medium VPI, Both)",%,"Higgins, S.I., Buitenwerf, R. and Moncrieff, G.R. (2016), Defining functional biomes and monitoring their change globally. Glob Change Biol, 22: 3583-3593. https://doi.org/10.1111/gcb.13367","Share of Urban Center area classified as Biome class ""TMB"" (Tall, Medium VPI, Both)"
GE_BIO_A18_XXXX,"Share of Urban Center area classified as Biome class ""THB"" (Tall, High VPI, Both)",%,"Higgins, S.I., Buitenwerf, R. and Moncrieff, G.R. (2016), Defining functional biomes and monitoring their change globally. Glob Change Biol, 22: 3583-3593. https://doi.org/10.1111/gcb.13367","Share of Urban Center area classified as Biome class ""THB"" (Tall, High VPI, Both)"
GE_BIO_A19_XXXX,"Share of Urban Center area classified as Biome class ""SLN"" (Short, Low VPI, Non-seasonal)",%,"Higgins, S.I., Buitenwerf, R. and Moncrieff, G.R. (2016), Defining functional biomes and monitoring their change globally. Glob Change Biol, 22: 3583-3593. https://doi.org/10.1111/gcb.13367","Share of Urban Center area classified as Biome class ""SLN"" (Short, Low VPI, Non-seasonal)"
GE_BIO_A20_XXXX,"Share of Urban Center area classified as Biome class ""SMN"" (Short, Medium VPI, Non-seasonal)",%,"Higgins, S.I., Buitenwerf, R. and Moncrieff, G.R. (2016), Defining functional biomes and monitoring their change globally. Glob Change Biol, 22: 3583-3593. https://doi.org/10.1111/gcb.13367","Share of Urban Center area classified as Biome class ""SMN"" (Short, Medium VPI, Non-seasonal)"
GE_BIO_A21_XXXX,"Share of Urban Center area classified as Biome class ""SHN"" (Short, High VPI, Non-seasonal)",%,"Higgins, S.I., Buitenwerf, R. and Moncrieff, G.R. (2016), Defining functional biomes and monitoring their change globally. Glob Change Biol, 22: 3583-3593. https://doi.org/10.1111/gcb.13367","Share of Urban Center area classified as Biome class ""SMN"" (Short, Medium VPI, Non-seasonal)"
GE_BIO_A22_XXXX,"Share of Urban Center area classified as Biome class ""TLN"" (Tall, Low VPI, Non-seasonal)",%,"Higgins, S.I., Buitenwerf, R. and Moncrieff, G.R. (2016), Defining functional biomes and monitoring their change globally. Glob Change Biol, 22: 3583-3593. https://doi.org/10.1111/gcb.13367","Share of Urban Center area classified as Biome class ""TLN"" (Tall, Low VPI, Non-seasonal)"
GE_BIO_A23_XXXX,"Share of Urban Center area classified as Biome class ""TMN"" (Tall, Medium VPI, Non-seasonal)",%,"Higgins, S.I., Buitenwerf, R. and Moncrieff, G.R. (2016), Defining functional biomes and monitoring their change globally. Glob Change Biol, 22: 3583-3593. https://doi.org/10.1111/gcb.13367","Share of Urban Center area classified as Biome class ""TMN"" (Tall, Medium VPI, Non-seasonal)"
GE_BIO_A24_XXXX,"Share of Urban Center area classified as Biome class ""THN"" (Tall, High VPI, Non-seasonal)",%,"Higgins, S.I., Buitenwerf, R. and Moncrieff, G.R. (2016), Defining functional biomes and monitoring their change globally. Glob Change Biol, 22: 3583-3593. https://doi.org/10.1111/gcb.13367","Share of Urban Center area classified as Biome class ""THN"" (Tall, High VPI, Non-seasonal)"
GE_ECO_CLA_2025,Ecoregion,Categorical,"David M. Olson, Eric Dinerstein, Eric D. Wikramanayake, Neil D. Burgess, George V. N. Powell, Emma C. Underwood, Jennifer A. D'amico, Illanga Itoua, Holly E. Strand, John C. Morrison, Colby J. Loucks, Thomas F. Allnutt, Taylor H. Ricketts, Yumiko Kura, John F. Lamoreux, Wesley W. Wettengel, Prashant Hedao, Kenneth R. Kassem, Terrestrial Ecoregions of the World: A New Map of Life on Earth: A new global map of terrestrial ecoregions provides an innovative tool for conserving biodiversity, BioScience, Volume 51, Issue 11, November 2001, Pages 933– 938, https://doi.org/10.1641/0006-3568(2001)051[0933:TEOTWA]2.0.CO;2",Ecoregion in which the urban center is located.
GE_MRB_MAI_2025,Main Major River Basin,Categorical,Major River Basins of the World (WB) https://datacatalog.worldbank.org/search/dataset/0041426,Main Major River Basin
GE_MRB_LIS_2025,List of Major River Basin,Categorical,Major River Basins of the World (WB) https://datacatalog.worldbank.org/search/dataset/0041426,List of Major River Basin
GE_ELV_AVG_2025,Average Elevation,m,Copernicus GLO-90 dataset https://doi.org/10.5270/ESA-c5d3d65,Average elevation in the urban center
GE_SLC_MPC_2025,Most probable soil class,Categorical,SoilGrids250m 2.0 - WRB classes and probabilities. https://data.isric.org/geonetwork/srv/eng/catalog.search#/metadata/c4dc161c-d62d-11ea-a1a3- 292680b15169. Repository: https://files.isric.org/soilgrids/latest/data/wrb/MostProbable/ Accessed 25/09/2024,Zonal count of the most probable soil class layer. The soil class more present in the urban center is selected as the most probable soil class.
GE_SLC_LST_2025,List of most probable soil classes,Categorical,SoilGrids250m 2.0 - WRB classes and probabilities. https://data.isric.org/geonetwork/srv/eng/catalog.search#/metadata/c4dc161c-d62d-11ea-a1a3- 292680b15169. Repository: https://files.isric.org/soilgrids/latest/data/wrb/MostProbable/ Accessed 25/09/2024,Zonal count of the most probable soil class layer. All soil classes present in the urban center are listed in the most probable soil classes list.
GR_CTH_AVG_XXXX,Average Canopy Top Height in the built-up area,m,"Pesaresi M., Politis P. (2023): GHS-BUILT-S R2023A - GHS built-up surface grid, derived from Sentinel2 composite and Landsat, multitemporal (1975-2030). European Commission, Joint Research Centre (JRC) PID: http://data.europa.eu/89h/9f06f36f-4b11-47ec-abb0-4f8b7b1d72ea, doi:10.2905/9F06F36F-4B11-47EC-ABB0-4F8B7B1D72EA Lang, N., Jetz, W., Schindler, K. et al. A high-resolution canopy height model of the Earth. Nat Ecol Evol 7, 1778–1789 (2023). https://doi.org/10.1038/s41559-023-02206-6",Average Canopy Top Height in the built-up area
GR_CTH_STD_XXXX,Standard deviation Canopy Top Height in the built-up area,m,"Pesaresi M., Politis P. (2023): GHS-BUILT-S R2023A - GHS built-up surface grid, derived from Sentinel2 composite and Landsat, multitemporal (1975-2030). European Commission, Joint Research Centre (JRC) PID: http://data.europa.eu/89h/9f06f36f-4b11-47ec-abb0-4f8b7b1d72ea, doi:10.2905/9F06F36F-4B11-47EC-ABB0-4F8B7B1D72EA Lang, N., Jetz, W., Schindler, K. et al. A high-resolution canopy height model of the Earth. Nat Ecol Evol 7, 1778–1789 (2023). https://doi.org/10.1038/s41559-023-02206-6",Standard deviation Canopy Top Height in the built-up area
GR_AVG_GRN_XXXX,Mean greenness in the built-up area,dimensionless,"Pesaresi M., Politis P. (2023): GHS-BUILT-S R2023A - GHS built-up surface grid, derived from Sentinel2 composite and Landsat, multitemporal (1975-2030). European Commission, Joint Research Centre (JRC) PID: http://data.europa.eu/89h/9f06f36f-4b11-47ec-abb0-4f8b7b1d72ea, doi:10.2905/9F06F36F-4B11-47EC-ABB0-4F8B7B1D72EA Landsat Collection 2 Tier 1 Level 2 8-Day NDVI Composite courtesy of the U.S. Geological Survey United Nations Human Settlement Programme (UN-Habitat), Global Urban Indicators Database 2024 USGS Earth Resources Observation and Science (EROS) Center. (2021). Landsat 8 Level-2 Science Products. Landsat NDVI data from Landsat 8 mission. Retrieved from https://eros.usgs.gov/land- cover-land-use/landsat-8-level-2-science-products",Mean greenness (NDVI) in the built-up area (within a 300 m buffer of the built-up cells)
GR_SQM_HGR_XXXX,Built-up area in the highest greenness area,m2,"Pesaresi M., Politis P. (2023): GHS-BUILT-S R2023A - GHS built-up surface grid, derived from Sentinel2 composite and Landsat, multitemporal (1975-2030). European Commission, Joint Research Centre (JRC) PID: http://data.europa.eu/89h/9f06f36f-4b11-47ec-abb0-4f8b7b1d72ea, doi:10.2905/9F06F36F-4B11-47EC-ABB0-4F8B7B1D72EA Landsat Collection 2 Tier 1 Level 2 8-Day NDVI Composite courtesy of the U.S. Geological Survey United Nations Human Settlement Programme (UN-Habitat), Global Urban Indicators Database 2024 USGS Earth Resources Observation and Science (EROS) Center. (2021). Landsat 8 Level-2 Science Products. Landsat NDVI data from Landsat 8 mission. Retrieved from https://eros.usgs.gov/land- cover-land-use/landsat-8-level-2-science-products",Total built-up area (within a 300 m buffer of the built-up cells and high greenness threshold)
GR_SQM_LGR_XXXX,Built-up area in the lower greenness area,m2,"Pesaresi M., Politis P. (2023): GHS-BUILT-S R2023A - GHS built-up surface grid, derived from Sentinel2 composite and Landsat, multitemporal (1975-2030). European Commission, Joint Research Centre (JRC) PID: http://data.europa.eu/89h/9f06f36f-4b11-47ec-abb0-4f8b7b1d72ea, doi:10.2905/9F06F36F-4B11-47EC-ABB0-4F8B7B1D72EA Landsat Collection 2 Tier 1 Level 2 8-Day NDVI Composite courtesy of the U.S. Geological Survey United Nations Human Settlement Programme (UN-Habitat), Global Urban Indicators Database 2024 USGS Earth Resources Observation and Science (EROS) Center. (2021). Landsat 8 Level-2 Science Products. Landsat NDVI data from Landsat 8 mission. Retrieved from https://eros.usgs.gov/land- cover-land-use/landsat-8-level-2-science-products",Total built-up area (within a 300 m buffer of the built-up cells and low greenness threshold)
GR_SQM_GRN_XXXX,Built-up area in the greenness area,m2,"Pesaresi M., Politis P. (2023): GHS-BUILT-S R2023A - GHS built-up surface grid, derived from Sentinel2 composite and Landsat, multitemporal (1975-2030). European Commission, Joint Research Centre (JRC) PID: http://data.europa.eu/89h/9f06f36f-4b11-47ec-abb0-4f8b7b1d72ea, doi:10.2905/9F06F36F-4B11-47EC-ABB0-4F8B7B1D72EA Landsat Collection 2 Tier 1 Level 2 8-Day NDVI Composite courtesy of the U.S. Geological Survey United Nations Human Settlement Programme (UN-Habitat), Global Urban Indicators Database 2024 USGS Earth Resources Observation and Science (EROS) Center. (2021). Landsat 8 Level-2 Science Products. Landsat NDVI data from Landsat 8 mission. Retrieved from https://eros.usgs.gov/land- cover-land-use/landsat-8-level-2-science-products",Total built-up area in the greenness area.
GR_SHB_HGR_XXXX,Share of Built-up area in the high greenness area over total built-up area in the urban centre.,%,"Pesaresi M., Politis P. (2023): GHS-BUILT-S R2023A - GHS built-up surface grid, derived from Sentinel2 composite and Landsat, multitemporal (1975-2030). European Commission, Joint Research Centre (JRC) PID: http://data.europa.eu/89h/9f06f36f-4b11-47ec-abb0-4f8b7b1d72ea, doi:10.2905/9F06F36F-4B11-47EC-ABB0-4F8B7B1D72EA Landsat Collection 2 Tier 1 Level 2 8-Day NDVI Composite courtesy of the U.S. Geological Survey United Nations Human Settlement Programme (UN-Habitat), Global Urban Indicators Database 2024 USGS Earth Resources Observation and Science (EROS) Center. (2021). Landsat 8 Level-2 Science Products. Landsat NDVI data from Landsat 8 mission. Retrieved from https://eros.usgs.gov/land- cover-land-use/landsat-8-level-2-science-products",Share of built-up area in the high greenness area.
GR_SHB_GRN_XXXX,Share of Built-up area in the greenness area over total built-up area in the urban centre.,%,"Pesaresi M., Politis P. (2023): GHS-BUILT-S R2023A - GHS built-up surface grid, derived from Sentinel2 composite and Landsat, multitemporal (1975-2030). European Commission, Joint Research Centre (JRC) PID: http://data.europa.eu/89h/9f06f36f-4b11-47ec-abb0-4f8b7b1d72ea, doi:10.2905/9F06F36F-4B11-47EC-ABB0-4F8B7B1D72EA Landsat Collection 2 Tier 1 Level 2 8-Day NDVI Composite courtesy of the U.S. Geological Survey United Nations Human Settlement Programme (UN-Habitat), Global Urban Indicators Database 2024 USGS Earth Resources Observation and Science (EROS) Center. (2021). Landsat 8 Level-2 Science Products. Landsat NDVI data from Landsat 8 mission. Retrieved from https://eros.usgs.gov/land- cover-land-use/landsat-8-level-2-science-products",Share of built-up area in the greenness area.
GC_UCN_MAI_XXXX,Urban center Main Name,Dimensionless,Open Street Maps GISCO WUP 2018,Name of the main city inside the urban center.
GC_UCN_LIS_XXXX,Urban center List Name,Dimensionless,Open Street Maps GISCO WUP 2018,List of names of the all cities inside the urban center.
GC_CNT_GAD_XXXX,Country Name,Dimensionless,"GADM version 4.1, released on 16 July 2022 https://gadm.org/data.html",Country named based on GADM dataset
GC_DEV_USR_XXXX,UN SDG Region,Categorical,UN https://unstats.un.org/sdgs/indicators/regional-groups/,Country grouping in geographic regions based on the 2016 Sustainable Development Goals Report and the progress reports on the Millennium Development Goals.
GC_DEV_WIG_XXXX,World Bank Income Group,Categorical,The World Bank https://datahelpdesk.worldbank.org/knowledgebase/articles/906519,"The World Bank income group classification provides a complete list of economies classified by income, region, and World Bank lending status. This table is updated to year 2022."
GC_UCB_YOB_XXXX,Year of Birth,year,"Schiavina M., Melchiorri M., Pesaresi M. (2023): GHS-SMOD R2023A - GHS settlement layers, application of the Degree of Urbanisation methodology (stage I) to GHS-POP R2023A and GHS-BUILT-S R2023A, multitemporal (1975- 2030). European Commission, Joint Research Centre (JRC) PID: http://data.europa.eu/89h/a0df7a6f-49de-46ea-9bde-563437a6e2ba, doi:10.2905/A0DF7A6F-49DE-46EA-9BDE-563437A6E2BA European Commission, and Statistical Office of the European Union, 2021 Applying the Degree of Urbanisation — A methodological manual to define cities, towns and rural areas for international comparisons — 2021 edition. Publications Office of the European Union, 2021; ISBN 978-92-76-20306-3 10.2785/706535","Indicates the year in the multitemporal series GHS-SMOD R2023A, the cells reach the conditions to be classified as urban centre."
GC_UCB_YOD_XXXX,Year of Death,year,"Schiavina M., Melchiorri M., Pesaresi M. (2023): GHS-SMOD R2023A - GHS settlement layers, application of the Degree of Urbanisation methodology (stage I) to GHS-POP R2023A and GHS-BUILT-S R2023A, multitemporal (1975- 2030). European Commission, Joint Research Centre (JRC) PID: http://data.europa.eu/89h/a0df7a6f-49de-46ea-9bde-563437a6e2ba, doi:10.2905/A0DF7A6F-49DE-46EA-9BDE-563437A6E2BA European Commission, and Statistical Office of the European Union, 2021 Applying the Degree of Urbanisation — A methodological manual to define cities, towns and rural areas for international comparisons — 2021 edition. Publications Office of the European Union, 2021; ISBN 978-92-76-20306-3 10.2785/706535",Indicates weather an urban centre is projected to be a urban centre in 2030 or ‘dies’ (doesn’t reach the conditions to be a urban centre) in 2030.
MT_UCA_KM2_XXXX,Urban Centre Area,Km2,"Schiavina M., Melchiorri M., Pesaresi M. (2023): GHS-SMOD R2023A - GHS settlement layers, application of the Degree of Urbanisation methodology (stage I) to GHS-POP R2023A and GHS-BUILT-S R2023A, multitemporal (1975- 2030). European Commission, Joint Research Centre (JRC) PID: http://data.europa.eu/89h/a0df7a6f-49de-46ea-9bde-563437a6e2ba, doi:10.2905/A0DF7A6F-49DE-46EA-9BDE-563437A6E2BA",Urban Centre Area
MT_POP_TOT_XXXX,Total Population,Number of inhabitants,"Schiavina M., Freire S., Carioli A., MacManus K. (2023): GHS-POP R2023A - GHS population grid multi-temporal (1975-2030).European Commission, Joint Research Centre (JRC) PID: http://data.europa.eu/89h/2ff68a52-5b5b-4a22-8f40-c41da8332cfe, doi:10.2905/2FF68A52-5B5B-4A22-8F40-C41DA8332CFE","(xxx max words) Total population allocated inside of the Multi-temporal UC in number of inhabitants. The boundaries of the urban centre are calculated dynamically per each epoch based on its population, not anchored in 2025."
MT_BUS_TOT_XXXX,Total Built-up surface,m2,"Pesaresi M., Politis P. (2023): GHS-BUILT-S R2023A - GHS built-up surface grid, derived from Sentinel2 composite and Landsat, multitemporal (1975-2030) European Commission, Joint Research Centre (JRC) PID: http://data.europa.eu/89h/9f06f36f-4b11-47ec-abb0-4f8b7b1d72ea, doi:10.2905/9F06F36F-4B11-47EC-ABB0-4F8B7B1D72EA","Total built-up surface of the UC in square meters. The boundaries of the urban centre are calculated dynamically per each epoch based on its population, not anchored in 2025."
MT_BUV_TOT_XXXX,Total Built-up volume,m3,"Pesaresi M., Politis P. (2023): GHS-BUILT-V R2023A - GHS built-up volume grids derived from joint assessment of Sentinel2, Landsat, and global DEM data, multitemporal (1975-2030).European Commission, Joint Research Centre (JRC) PID: http://data.europa.eu/89h/ab2f107a-03cd-47a3-85e5-139d8ec63283, doi:10.2905/AB2F107A-03CD-47A3-85E5-139D8EC63283","Total built-up volume of the UC in square meters. The boundaries of the urban centre are calculated dynamically per each epoch based on its population, not anchored in 2025."
MT_POP_DEN_XXXX,Population density,Number of inhabitants per km2,"Schiavina M., Freire S., Carioli A., MacManus K. (2023): GHS-POP R2023A - GHS population grid Multi-temporal (1975-2030).European Commission, Joint Research Centre (JRC) PID: http://data.europa.eu/89h/2ff68a52-5b5b-4a22-8f40-c41da8332cfe, doi:10.2905/2FF68A52-5B5B-4A22-8F40-C41DA8332CFE",(xxx max words) Population density in the Multi-temporal UC
MT_BPC_TOT_XXXX,Total built-up per capita,m2 per inhabitant,"Pesaresi M., Politis P. (2023): GHS-BUILT-S R2023A - GHS built-up surface grid, derived from Sentinel2 composite and Landsat, Multi-temporal (1975-2030) European Commission, Joint Research Centre (JRC) PID: http://data.europa.eu/89h/9f06f36f-4b11-47ec-abb0-4f8b7b1d72ea, doi:10.2905/9F06F36F-4B11-47EC-ABB0-4F8B7B1D72EA Schiavina M., Freire S., Carioli A., MacManus K. (2023): GHS-POP R2023A - GHS population grid Multi-temporal (1975-2030).European Commission, Joint Research Centre (JRC) PID: http://data.europa.eu/89h/2ff68a52-5b5b-4a22-8f40-c41da8332cfe, doi:10.2905/2FF68A52-5B5B-4A22-8F40-C41DA8332CFE",Total built-up area per capita in the multi-temporal urban centre
MT_BUV_SHR_XXXX,Share of built-up volume being residential,%,"Pesaresi M., Politis P. (2023): GHS-BUILT-V R2023A - GHS built-up volume grids derived from joint assessment of Sentinel2, Landsat, and global DEM data, Multi-temporal (1975-2030).European Commission, Joint Research Centre (JRC) PID: http://data.europa.eu/89h/ab2f107a-03cd-47a3-85e5-139d8ec63283, doi:10.2905/AB2F107A-03CD-47A3-85E5-139D8EC63283",Share of residential built-up volume over total built-up volume in the multi-temporal urban centre
MT_BUS_SHT_XXXX,Built-up fraction (Share of UC area being built-up),%,"Pesaresi M., Politis P. (2023): GHS-BUILT-S R2023A - GHS built-up surface grid, derived from Sentinel2 composite and Landsat, Multi-temporal (1975-2030) European Commission, Joint Research Centre (JRC) PID: http://data.europa.eu/89h/9f06f36f-4b11-47ec-abb0-4f8b7b1d72ea, doi:10.2905/9F06F36F-4B11-47EC-ABB0-4F8B7B1D72EA",Share of total built-up surface over UC area in the multi-temporal urban centre
MT_POP_DIF_XXXX_YYYY,Population relative change,%,"Schiavina M., Freire S., Carioli A., MacManus K. (2023): GHS-POP R2023A - GHS population grid Multi-temporal (1975-2030).European Commission, Joint Research Centre (JRC) PID: http://data.europa.eu/89h/2ff68a52-5b5b-4a22-8f40-c41da8332cfe, doi:10.2905/2FF68A52-5B5B-4A22-8F40-C41DA8332CFE",Total population change over five years as percentage in the multi-temporal urban centre
MT_PDY_DIF_XXXX_YYYY,Population density change,Number of inhabitants per km2,"Schiavina M., Freire S., Carioli A., MacManus K. (2023): GHS-POP R2023A - GHS population grid Multi-temporal (1975-2030).European Commission, Joint Research Centre (JRC) PID: http://data.europa.eu/89h/2ff68a52-5b5b-4a22-8f40-c41da8332cfe, doi:10.2905/2FF68A52-5B5B-4A22-8F40-C41DA8332CFE",Population density change over five years as delta inhabitants perkm2 in the multi-temporal urban centre
MT_XST_D30_XXXX_YYYY,Change in UC extent,%,"Schiavina M., Melchiorri M., Pesaresi M. (2023): GHS-SMOD R2023A - GHS settlement layers, application of the Degree of Urbanisation methodology (stage I) to GHS-POP R2023A and GHS-BUILT-S R2023A, multitemporal (1975- 2030). European Commission, Joint Research Centre (JRC) PID: http://data.europa.eu/89h/a0df7a6f-49de-46ea-9bde-563437a6e2ba, doi:10.2905/A0DF7A6F-49DE-46EA-9BDE-563437A6E2BA",Total UC area change over five years as percentage in the multi-temporal urban centre
MT_BPC_DIF_XXXX_YYYY,Built-up per capita change,m2 per inhabitant,"Pesaresi M., Politis P. (2023): GHS-BUILT-S R2023A - GHS built-up surface grid, derived from Sentinel2 composite and Landsat, Multi-temporal (1975-2030) European Commission, Joint Research Centre (JRC) PID: http://data.europa.eu/89h/9f06f36f-4b11-47ec-abb0-4f8b7b1d72ea, doi:10.2905/9F06F36F-4B11-47EC-ABB0-4F8B7B1D72EA Schiavina M., Freire S., Carioli A., MacManus K. (2023): GHS-POP R2023A - GHS population grid Multi-temporal (1975-2030).European Commission, Joint Research Centre (JRC) PID: http://data.europa.eu/89h/2ff68a52-5b5b-4a22-8f40-c41da8332cfe, doi:10.2905/2FF68A52-5B5B-4A22-8F40-C41DA8332CFE",Total built-up surface per capita change over five years as delta m2 per inhabitant in the multi- temporal urban centre
MT_BUF_DIF_XXXX_YYYY,Change in the fraction of built-up surface,%,"Pesaresi M., Politis P. (2023): GHS-BUILT-S R2023A - GHS built-up surface grid, derived from Sentinel2 composite and Landsat, Multi-temporal (1975-2030) European Commission, Joint Research Centre (JRC) PID: http://data.europa.eu/89h/9f06f36f-4b11-47ec-abb0-4f8b7b1d72ea, doi:10.2905/9F06F36F-4B11-47EC-ABB0-4F8B7B1D72EA",Share of total built-up surface over UC area change over five years as delta percentage in the multi-temporal urban centre
MT_BUS_DIF_XXXX_YYYY,Built-up surface relative change,%,"Pesaresi M., Politis P. (2023): GHS-BUILT-S R2023A - GHS built-up surface grid, derived from Sentinel2 composite and Landsat, Multi-temporal (1975-2030) European Commission, Joint Research Centre (JRC) PID: http://data.europa.eu/89h/9f06f36f-4b11-47ec-abb0-4f8b7b1d72ea, doi:10.2905/9F06F36F-4B11-47EC-ABB0-4F8B7B1D72EA",Total built-up surface change over five years as percentage in the multi-temporal urban centre
CL_B01_CUR_XXXX,Annual Mean Temperature in the decade (reanalysis data),°C,"Wouters, H., (2021): Global bioclimatic indicators from 1979 to 2018 derived from reanalysis. Copernicus Climate Change Service (C3S) Climate Data Store (CDS). DOI: 10.24381/cds.bce175f0 (Accessed on 07-August-2024)",Annual Mean Temperature in the decade (reanalysis data)
CL_B01_CUR_XXXX,Annual Mean Temperature in the decade (reanalysis data),°C,"Wouters, H., (2021): Global bioclimatic indicators from 1979 to 2018 derived from reanalysis. Copernicus Climate Change Service (C3S) Climate Data Store (CDS). DOI: 10.24381/cds.bce175f0 (Accessed on 07-August-2024)",Annual Mean Temperature in the decade (reanalysis data)
CL_B01_CUR_XXXX,Annual Mean Temperature in the decade (reanalysis data),°C,"Wouters, H., (2021): Global bioclimatic indicators from 1979 to 2018 derived from reanalysis. Copernicus Climate Change Service (C3S) Climate Data Store (CDS). DOI: 10.24381/cds.bce175f0 (Accessed on 07-August-2024)",Annual Mean Temperature in the decade (reanalysis data)
