city_id,field_or_dataset,source_name,source_url,download_date,license,notes
ghsl_178,city_id,GHSL UCDB / documented selection,https://jeodpp.jrc.ec.europa.eu/ftp/jrc-opendata/GHSL/GHS_UCDB_GLOBE_R2024A/GHS_UCDB_GLOBE_R2024A/V1-2/GHS_UCDB_GLOBE_R2024A_V1_2.zip,2026-09-19T08:41:50.435893+00:00,European Commission reuse notice: reuse authorised with source acknowledgement,Boundary metadata or documented city selection; see README.
ghsl_178,city_name,GHSL UCDB / documented selection,https://jeodpp.jrc.ec.europa.eu/ftp/jrc-opendata/GHSL/GHS_UCDB_GLOBE_R2024A/GHS_UCDB_GLOBE_R2024A/V1-2/GHS_UCDB_GLOBE_R2024A_V1_2.zip,2026-09-19T08:41:50.435893+00:00,European Commission reuse notice: reuse authorised with source acknowledgement,user requested label or exact GHSL name
ghsl_178,ghsl_city_name,GHSL UCDB / documented selection,https://jeodpp.jrc.ec.europa.eu/ftp/jrc-opendata/GHSL/GHS_UCDB_GLOBE_R2024A/GHS_UCDB_GLOBE_R2024A/V1-2/GHS_UCDB_GLOBE_R2024A_V1_2.zip,2026-09-19T08:41:50.435893+00:00,European Commission reuse notice: reuse authorised with source acknowledgement,Boundary metadata or documented city selection; see README.
ghsl_178,country,GHSL UCDB / documented selection,https://jeodpp.jrc.ec.europa.eu/ftp/jrc-opendata/GHSL/GHS_UCDB_GLOBE_R2024A/GHS_UCDB_GLOBE_R2024A/V1-2/GHS_UCDB_GLOBE_R2024A_V1_2.zip,2026-09-19T08:41:50.435893+00:00,European Commission reuse notice: reuse authorised with source acknowledgement,Boundary metadata or documented city selection; see README.
ghsl_178,region,GHSL UCDB / documented selection,https://jeodpp.jrc.ec.europa.eu/ftp/jrc-opendata/GHSL/GHS_UCDB_GLOBE_R2024A/GHS_UCDB_GLOBE_R2024A/V1-2/GHS_UCDB_GLOBE_R2024A_V1_2.zip,2026-09-19T08:41:50.435893+00:00,European Commission reuse notice: reuse authorised with source acknowledgement,Boundary metadata or documented city selection; see README.
ghsl_178,income_group,GHSL UCDB / documented selection,https://jeodpp.jrc.ec.europa.eu/ftp/jrc-opendata/GHSL/GHS_UCDB_GLOBE_R2024A/GHS_UCDB_GLOBE_R2024A/V1-2/GHS_UCDB_GLOBE_R2024A_V1_2.zip,2026-09-19T08:41:50.435893+00:00,European Commission reuse notice: reuse authorised with source acknowledgement,Boundary metadata or documented city selection; see README.
ghsl_178,boundary_source,GHSL UCDB / documented selection,https://jeodpp.jrc.ec.europa.eu/ftp/jrc-opendata/GHSL/GHS_UCDB_GLOBE_R2024A/GHS_UCDB_GLOBE_R2024A/V1-2/GHS_UCDB_GLOBE_R2024A_V1_2.zip,2026-09-19T08:41:50.435893+00:00,European Commission reuse notice: reuse authorised with source acknowledgement,Boundary metadata or documented city selection; see README.
ghsl_178,boundary_identifier,GHSL UCDB / documented selection,https://jeodpp.jrc.ec.europa.eu/ftp/jrc-opendata/GHSL/GHS_UCDB_GLOBE_R2024A/GHS_UCDB_GLOBE_R2024A/V1-2/GHS_UCDB_GLOBE_R2024A_V1_2.zip,2026-09-19T08:41:50.435893+00:00,European Commission reuse notice: reuse authorised with source acknowledgement,Boundary metadata or documented city selection; see README.
ghsl_178,boundary_year,GHSL UCDB / documented selection,https://jeodpp.jrc.ec.europa.eu/ftp/jrc-opendata/GHSL/GHS_UCDB_GLOBE_R2024A/GHS_UCDB_GLOBE_R2024A/V1-2/GHS_UCDB_GLOBE_R2024A_V1_2.zip,2026-09-19T08:41:50.435893+00:00,European Commission reuse notice: reuse authorised with source acknowledgement,Boundary metadata or documented city selection; see README.
ghsl_178,area_km2,GHSL UCDB / documented selection,https://jeodpp.jrc.ec.europa.eu/ftp/jrc-opendata/GHSL/GHS_UCDB_GLOBE_R2024A/GHS_UCDB_GLOBE_R2024A/V1-2/GHS_UCDB_GLOBE_R2024A_V1_2.zip,2026-09-19T08:41:50.435893+00:00,European Commission reuse notice: reuse authorised with source acknowledgement,area of original Mollweide polygon / 1e6
ghsl_178,population,GHSL UCDB / documented selection,https://jeodpp.jrc.ec.europa.eu/ftp/jrc-opendata/GHSL/GHS_UCDB_GLOBE_R2024A/GHS_UCDB_GLOBE_R2024A/V1-2/GHS_UCDB_GLOBE_R2024A_V1_2.zip,2026-09-19T08:41:50.435893+00:00,European Commission reuse notice: reuse authorised with source acknowledgement,GC_POP_TOT_2025
ghsl_178,population_year,GHSL UCDB / documented selection,https://jeodpp.jrc.ec.europa.eu/ftp/jrc-opendata/GHSL/GHS_UCDB_GLOBE_R2024A/GHS_UCDB_GLOBE_R2024A/V1-2/GHS_UCDB_GLOBE_R2024A_V1_2.zip,2026-09-19T08:41:50.435893+00:00,European Commission reuse notice: reuse authorised with source acknowledgement,Boundary metadata or documented city selection; see README.
ghsl_178,latitude,GHSL UCDB / documented selection,https://jeodpp.jrc.ec.europa.eu/ftp/jrc-opendata/GHSL/GHS_UCDB_GLOBE_R2024A/GHS_UCDB_GLOBE_R2024A/V1-2/GHS_UCDB_GLOBE_R2024A_V1_2.zip,2026-09-19T08:41:50.435893+00:00,European Commission reuse notice: reuse authorised with source acknowledgement,"centroid of Mollweide boundary, transformed to WGS84"
ghsl_178,longitude,GHSL UCDB / documented selection,https://jeodpp.jrc.ec.europa.eu/ftp/jrc-opendata/GHSL/GHS_UCDB_GLOBE_R2024A/GHS_UCDB_GLOBE_R2024A/V1-2/GHS_UCDB_GLOBE_R2024A_V1_2.zip,2026-09-19T08:41:50.435893+00:00,European Commission reuse notice: reuse authorised with source acknowledgement,"centroid of Mollweide boundary, transformed to WGS84"
ghsl_178,built_up_area_km2,GHSL UCDB / documented selection,https://jeodpp.jrc.ec.europa.eu/ftp/jrc-opendata/GHSL/GHS_UCDB_GLOBE_R2024A/GHS_UCDB_GLOBE_R2024A/V1-2/GHS_UCDB_GLOBE_R2024A_V1_2.zip,2026-09-19T08:41:50.435893+00:00,European Commission reuse notice: reuse authorised with source acknowledgement,GH_BUS_TOT_2025 / 1e6
ghsl_178,selection_reason,GHSL UCDB / documented selection,https://jeodpp.jrc.ec.europa.eu/ftp/jrc-opendata/GHSL/GHS_UCDB_GLOBE_R2024A/GHS_UCDB_GLOBE_R2024A/V1-2/GHS_UCDB_GLOBE_R2024A_V1_2.zip,2026-09-19T08:41:50.435893+00:00,European Commission reuse notice: reuse authorised with source acknowledgement,Boundary metadata or documented city selection; see README.
ghsl_178,selection_coverage,GHSL UCDB / documented selection,https://jeodpp.jrc.ec.europa.eu/ftp/jrc-opendata/GHSL/GHS_UCDB_GLOBE_R2024A/GHS_UCDB_GLOBE_R2024A/V1-2/GHS_UCDB_GLOBE_R2024A_V1_2.zip,2026-09-19T08:41:50.435893+00:00,European Commission reuse notice: reuse authorised with source acknowledgement,Boundary metadata or documented city selection; see README.
ghsl_178,ghsl_GC_UCN_MAI_2025,GHSL UCDB R2024A V1.2,https://jeodpp.jrc.ec.europa.eu/ftp/jrc-opendata/GHSL/GHS_UCDB_GLOBE_R2024A/GHS_UCDB_GLOBE_R2024A/V1-2/GHS_UCDB_GLOBE_R2024A_V1_2.zip,2026-09-19T08:41:50.435893+00:00,European Commission reuse notice: reuse authorised with source acknowledgement,Direct field GC_UCN_MAI_2025; layer GHSL_UCDB_THEME_CLIMATE_GLOBE_R2024A; exact definition and upstream source in ghsl_indicator_dictionary.csv and official PDF.
ghsl_178,ghsl_GC_CNT_GAD_2025,GHSL UCDB R2024A V1.2,https://jeodpp.jrc.ec.europa.eu/ftp/jrc-opendata/GHSL/GHS_UCDB_GLOBE_R2024A/GHS_UCDB_GLOBE_R2024A/V1-2/GHS_UCDB_GLOBE_R2024A_V1_2.zip,2026-09-19T08:41:50.435893+00:00,European Commission reuse notice: reuse authorised with source acknowledgement,Direct field GC_CNT_GAD_2025; layer GHSL_UCDB_THEME_CLIMATE_GLOBE_R2024A; exact definition and upstream source in ghsl_indicator_dictionary.csv and official PDF.
ghsl_178,ghsl_GC_UCA_KM2_2025,GHSL UCDB R2024A V1.2,https://jeodpp.jrc.ec.europa.eu/ftp/jrc-opendata/GHSL/GHS_UCDB_GLOBE_R2024A/GHS_UCDB_GLOBE_R2024A/V1-2/GHS_UCDB_GLOBE_R2024A_V1_2.zip,2026-09-19T08:41:50.435893+00:00,European Commission reuse notice: reuse authorised with source acknowledgement,Direct field GC_UCA_KM2_2025; layer GHSL_UCDB_THEME_CLIMATE_GLOBE_R2024A; exact definition and upstream source in ghsl_indicator_dictionary.csv and official PDF.
ghsl_178,ghsl_GC_POP_TOT_2025,GHSL UCDB R2024A V1.2,https://jeodpp.jrc.ec.europa.eu/ftp/jrc-opendata/GHSL/GHS_UCDB_GLOBE_R2024A/GHS_UCDB_GLOBE_R2024A/V1-2/GHS_UCDB_GLOBE_R2024A_V1_2.zip,2026-09-19T08:41:50.435893+00:00,European Commission reuse notice: reuse authorised with source acknowledgement,Direct field GC_POP_TOT_2025; layer GHSL_UCDB_THEME_CLIMATE_GLOBE_R2024A; exact definition and upstream source in ghsl_indicator_dictionary.csv and official PDF.
ghsl_178,ghsl_GC_DEV_WIG_2025,GHSL UCDB R2024A V1.2,https://jeodpp.jrc.ec.europa.eu/ftp/jrc-opendata/GHSL/GHS_UCDB_GLOBE_R2024A/GHS_UCDB_GLOBE_R2024A/V1-2/GHS_UCDB_GLOBE_R2024A_V1_2.zip,2026-09-19T08:41:50.435893+00:00,European Commission reuse notice: reuse authorised with source acknowledgement,Direct field GC_DEV_WIG_2025; layer GHSL_UCDB_THEME_CLIMATE_GLOBE_R2024A; exact definition and upstream source in ghsl_indicator_dictionary.csv and official PDF.
ghsl_178,ghsl_GC_DEV_USR_2025,GHSL UCDB R2024A V1.2,https://jeodpp.jrc.ec.europa.eu/ftp/jrc-opendata/GHSL/GHS_UCDB_GLOBE_R2024A/GHS_UCDB_GLOBE_R2024A/V1-2/GHS_UCDB_GLOBE_R2024A_V1_2.zip,2026-09-19T08:41:50.435893+00:00,European Commission reuse notice: reuse authorised with source acknowledgement,Direct field GC_DEV_USR_2025; layer GHSL_UCDB_THEME_CLIMATE_GLOBE_R2024A; exact definition and upstream source in ghsl_indicator_dictionary.csv and official PDF.
ghsl_178,ghsl_CL_B01_CUR_2010,GHSL UCDB R2024A V1.2,https://jeodpp.jrc.ec.europa.eu/ftp/jrc-opendata/GHSL/GHS_UCDB_GLOBE_R2024A/GHS_UCDB_GLOBE_R2024A/V1-2/GHS_UCDB_GLOBE_R2024A_V1_2.zip,2026-09-19T08:41:50.435893+00:00,European Commission reuse notice: reuse authorised with source acknowledgement,Direct field CL_B01_CUR_2010; layer GHSL_UCDB_THEME_CLIMATE_GLOBE_R2024A; exact definition and upstream source in ghsl_indicator_dictionary.csv and official PDF.
ghsl_178,ghsl_CL_B01_P45_2020,GHSL UCDB R2024A V1.2,https://jeodpp.jrc.ec.europa.eu/ftp/jrc-opendata/GHSL/GHS_UCDB_GLOBE_R2024A/GHS_UCDB_GLOBE_R2024A/V1-2/GHS_UCDB_GLOBE_R2024A_V1_2.zip,2026-09-19T08:41:50.435893+00:00,European Commission reuse notice: reuse authorised with source acknowledgement,Direct field CL_B01_P45_2020; layer GHSL_UCDB_THEME_CLIMATE_GLOBE_R2024A; exact definition and upstream source in ghsl_indicator_dictionary.csv and official PDF.
ghsl_178,ghsl_CL_B01_P85_2020,GHSL UCDB R2024A V1.2,https://jeodpp.jrc.ec.europa.eu/ftp/jrc-opendata/GHSL/GHS_UCDB_GLOBE_R2024A/GHS_UCDB_GLOBE_R2024A/V1-2/GHS_UCDB_GLOBE_R2024A_V1_2.zip,2026-09-19T08:41:50.435893+00:00,European Commission reuse notice: reuse authorised with source acknowledgement,Direct field CL_B01_P85_2020; layer GHSL_UCDB_THEME_CLIMATE_GLOBE_R2024A; exact definition and upstream source in ghsl_indicator_dictionary.csv and official PDF.
ghsl_178,ghsl_CL_B04_CUR_2010,GHSL UCDB R2024A V1.2,https://jeodpp.jrc.ec.europa.eu/ftp/jrc-opendata/GHSL/GHS_UCDB_GLOBE_R2024A/GHS_UCDB_GLOBE_R2024A/V1-2/GHS_UCDB_GLOBE_R2024A_V1_2.zip,2026-09-19T08:41:50.435893+00:00,European Commission reuse notice: reuse authorised with source acknowledgement,Direct field CL_B04_CUR_2010; layer GHSL_UCDB_THEME_CLIMATE_GLOBE_R2024A; exact definition and upstream source in ghsl_indicator_dictionary.csv and official PDF.
ghsl_178,ghsl_CL_B04_P45_2020,GHSL UCDB R2024A V1.2,https://jeodpp.jrc.ec.europa.eu/ftp/jrc-opendata/GHSL/GHS_UCDB_GLOBE_R2024A/GHS_UCDB_GLOBE_R2024A/V1-2/GHS_UCDB_GLOBE_R2024A_V1_2.zip,2026-09-19T08:41:50.435893+00:00,European Commission reuse notice: reuse authorised with source acknowledgement,Direct field CL_B04_P45_2020; layer GHSL_UCDB_THEME_CLIMATE_GLOBE_R2024A; exact definition and upstream source in ghsl_indicator_dictionary.csv and official PDF.
ghsl_178,ghsl_CL_B04_P85_2020,GHSL UCDB R2024A V1.2,https://jeodpp.jrc.ec.europa.eu/ftp/jrc-opendata/GHSL/GHS_UCDB_GLOBE_R2024A/GHS_UCDB_GLOBE_R2024A/V1-2/GHS_UCDB_GLOBE_R2024A_V1_2.zip,2026-09-19T08:41:50.435893+00:00,European Commission reuse notice: reuse authorised with source acknowledgement,Direct field CL_B04_P85_2020; layer GHSL_UCDB_THEME_CLIMATE_GLOBE_R2024A; exact definition and upstream source in ghsl_indicator_dictionary.csv and official PDF.
ghsl_178,ghsl_CL_B07_CUR_2010,GHSL UCDB R2024A V1.2,https://jeodpp.jrc.ec.europa.eu/ftp/jrc-opendata/GHSL/GHS_UCDB_GLOBE_R2024A/GHS_UCDB_GLOBE_R2024A/V1-2/GHS_UCDB_GLOBE_R2024A_V1_2.zip,2026-09-19T08:41:50.435893+00:00,European Commission reuse notice: reuse authorised with source acknowledgement,Direct field CL_B07_CUR_2010; layer GHSL_UCDB_THEME_CLIMATE_GLOBE_R2024A; exact definition and upstream source in ghsl_indicator_dictionary.csv and official PDF.
ghsl_178,ghsl_CL_B07_P45_2020,GHSL UCDB R2024A V1.2,https://jeodpp.jrc.ec.europa.eu/ftp/jrc-opendata/GHSL/GHS_UCDB_GLOBE_R2024A/GHS_UCDB_GLOBE_R2024A/V1-2/GHS_UCDB_GLOBE_R2024A_V1_2.zip,2026-09-19T08:41:50.435893+00:00,European Commission reuse notice: reuse authorised with source acknowledgement,Direct field CL_B07_P45_2020; layer GHSL_UCDB_THEME_CLIMATE_GLOBE_R2024A; exact definition and upstream source in ghsl_indicator_dictionary.csv and official PDF.
ghsl_178,ghsl_CL_B07_P85_2020,GHSL UCDB R2024A V1.2,https://jeodpp.jrc.ec.europa.eu/ftp/jrc-opendata/GHSL/GHS_UCDB_GLOBE_R2024A/GHS_UCDB_GLOBE_R2024A/V1-2/GHS_UCDB_GLOBE_R2024A_V1_2.zip,2026-09-19T08:41:50.435893+00:00,European Commission reuse notice: reuse authorised with source acknowledgement,Direct field CL_B07_P85_2020; layer GHSL_UCDB_THEME_CLIMATE_GLOBE_R2024A; exact definition and upstream source in ghsl_indicator_dictionary.csv and official PDF.
ghsl_178,ghsl_CL_B12_CUR_2010,GHSL UCDB R2024A V1.2,https://jeodpp.jrc.ec.europa.eu/ftp/jrc-opendata/GHSL/GHS_UCDB_GLOBE_R2024A/GHS_UCDB_GLOBE_R2024A/V1-2/GHS_UCDB_GLOBE_R2024A_V1_2.zip,2026-09-19T08:41:50.435893+00:00,European Commission reuse notice: reuse authorised with source acknowledgement,Direct field CL_B12_CUR_2010; layer GHSL_UCDB_THEME_CLIMATE_GLOBE_R2024A; exact definition and upstream source in ghsl_indicator_dictionary.csv and official PDF.
ghsl_178,ghsl_CL_B12_P45_2020,GHSL UCDB R2024A V1.2,https://jeodpp.jrc.ec.europa.eu/ftp/jrc-opendata/GHSL/GHS_UCDB_GLOBE_R2024A/GHS_UCDB_GLOBE_R2024A/V1-2/GHS_UCDB_GLOBE_R2024A_V1_2.zip,2026-09-19T08:41:50.435893+00:00,European Commission reuse notice: reuse authorised with source acknowledgement,Direct field CL_B12_P45_2020; layer GHSL_UCDB_THEME_CLIMATE_GLOBE_R2024A; exact definition and upstream source in ghsl_indicator_dictionary.csv and official PDF.
ghsl_178,ghsl_CL_B12_P85_2020,GHSL UCDB R2024A V1.2,https://jeodpp.jrc.ec.europa.eu/ftp/jrc-opendata/GHSL/GHS_UCDB_GLOBE_R2024A/GHS_UCDB_GLOBE_R2024A/V1-2/GHS_UCDB_GLOBE_R2024A_V1_2.zip,2026-09-19T08:41:50.435893+00:00,European Commission reuse notice: reuse authorised with source acknowledgement,Direct field CL_B12_P85_2020; layer GHSL_UCDB_THEME_CLIMATE_GLOBE_R2024A; exact definition and upstream source in ghsl_indicator_dictionary.csv and official PDF.
ghsl_178,ghsl_CL_B15_CUR_2010,GHSL UCDB R2024A V1.2,https://jeodpp.jrc.ec.europa.eu/ftp/jrc-opendata/GHSL/GHS_UCDB_GLOBE_R2024A/GHS_UCDB_GLOBE_R2024A/V1-2/GHS_UCDB_GLOBE_R2024A_V1_2.zip,2026-09-19T08:41:50.435893+00:00,European Commission reuse notice: reuse authorised with source acknowledgement,Direct field CL_B15_CUR_2010; layer GHSL_UCDB_THEME_CLIMATE_GLOBE_R2024A; exact definition and upstream source in ghsl_indicator_dictionary.csv and official PDF.
ghsl_178,ghsl_CL_B15_P45_2020,GHSL UCDB R2024A V1.2,https://jeodpp.jrc.ec.europa.eu/ftp/jrc-opendata/GHSL/GHS_UCDB_GLOBE_R2024A/GHS_UCDB_GLOBE_R2024A/V1-2/GHS_UCDB_GLOBE_R2024A_V1_2.zip,2026-09-19T08:41:50.435893+00:00,European Commission reuse notice: reuse authorised with source acknowledgement,Direct field CL_B15_P45_2020; layer GHSL_UCDB_THEME_CLIMATE_GLOBE_R2024A; exact definition and upstream source in ghsl_indicator_dictionary.csv and official PDF.
ghsl_178,ghsl_CL_B15_P85_2020,GHSL UCDB R2024A V1.2,https://jeodpp.jrc.ec.europa.eu/ftp/jrc-opendata/GHSL/GHS_UCDB_GLOBE_R2024A/GHS_UCDB_GLOBE_R2024A/V1-2/GHS_UCDB_GLOBE_R2024A_V1_2.zip,2026-09-19T08:41:50.435893+00:00,European Commission reuse notice: reuse authorised with source acknowledgement,Direct field CL_B15_P85_2020; layer GHSL_UCDB_THEME_CLIMATE_GLOBE_R2024A; exact definition and upstream source in ghsl_indicator_dictionary.csv and official PDF.
ghsl_178,ghsl_CL_KOP_CUR_2025,GHSL UCDB R2024A V1.2,https://jeodpp.jrc.ec.europa.eu/ftp/jrc-opendata/GHSL/GHS_UCDB_GLOBE_R2024A/GHS_UCDB_GLOBE_R2024A/V1-2/GHS_UCDB_GLOBE_R2024A_V1_2.zip,2026-09-19T08:41:50.435893+00:00,European Commission reuse notice: reuse authorised with source acknowledgement,Direct field CL_KOP_CUR_2025; layer GHSL_UCDB_THEME_CLIMATE_GLOBE_R2024A; exact definition and upstream source in ghsl_indicator_dictionary.csv and official PDF.
ghsl_178,ghsl_CL_REN_PVO_2020,GHSL UCDB R2024A V1.2,https://jeodpp.jrc.ec.europa.eu/ftp/jrc-opendata/GHSL/GHS_UCDB_GLOBE_R2024A/GHS_UCDB_GLOBE_R2024A/V1-2/GHS_UCDB_GLOBE_R2024A_V1_2.zip,2026-09-19T08:41:50.435893+00:00,European Commission reuse notice: reuse authorised with source acknowledgement,Direct field CL_REN_PVO_2020; layer GHSL_UCDB_THEME_CLIMATE_GLOBE_R2024A; exact definition and upstream source in ghsl_indicator_dictionary.csv and official PDF.
ghsl_178,ghsl_CL_REN_W01_2020,GHSL UCDB R2024A V1.2,https://jeodpp.jrc.ec.europa.eu/ftp/jrc-opendata/GHSL/GHS_UCDB_GLOBE_R2024A/GHS_UCDB_GLOBE_R2024A/V1-2/GHS_UCDB_GLOBE_R2024A_V1_2.zip,2026-09-19T08:41:50.435893+00:00,European Commission reuse notice: reuse authorised with source acknowledgement,Direct field CL_REN_W01_2020; layer GHSL_UCDB_THEME_CLIMATE_GLOBE_R2024A; exact definition and upstream source in ghsl_indicator_dictionary.csv and official PDF.
ghsl_178,ghsl_CL_REN_W05_2020,GHSL UCDB R2024A V1.2,https://jeodpp.jrc.ec.europa.eu/ftp/jrc-opendata/GHSL/GHS_UCDB_GLOBE_R2024A/GHS_UCDB_GLOBE_R2024A/V1-2/GHS_UCDB_GLOBE_R2024A_V1_2.zip,2026-09-19T08:41:50.435893+00:00,European Commission reuse notice: reuse authorised with source acknowledgement,Direct field CL_REN_W05_2020; layer GHSL_UCDB_THEME_CLIMATE_GLOBE_R2024A; exact definition and upstream source in ghsl_indicator_dictionary.csv and official PDF.
ghsl_178,ghsl_CL_REN_W10_2020,GHSL UCDB R2024A V1.2,https://jeodpp.jrc.ec.europa.eu/ftp/jrc-opendata/GHSL/GHS_UCDB_GLOBE_R2024A/GHS_UCDB_GLOBE_R2024A/V1-2/GHS_UCDB_GLOBE_R2024A_V1_2.zip,2026-09-19T08:41:50.435893+00:00,European Commission reuse notice: reuse authorised with source acknowledgement,Direct field CL_REN_W10_2020; layer GHSL_UCDB_THEME_CLIMATE_GLOBE_R2024A; exact definition and upstream source in ghsl_indicator_dictionary.csv and official PDF.
ghsl_178,ghsl_CL_REN_W15_2020,GHSL UCDB R2024A V1.2,https://jeodpp.jrc.ec.europa.eu/ftp/jrc-opendata/GHSL/GHS_UCDB_GLOBE_R2024A/GHS_UCDB_GLOBE_R2024A/V1-2/GHS_UCDB_GLOBE_R2024A_V1_2.zip,2026-09-19T08:41:50.435893+00:00,European Commission reuse notice: reuse authorised with source acknowledgement,Direct field CL_REN_W15_2020; layer GHSL_UCDB_THEME_CLIMATE_GLOBE_R2024A; exact definition and upstream source in ghsl_indicator_dictionary.csv and official PDF.
ghsl_178,ghsl_CL_REN_W20_2020,GHSL UCDB R2024A V1.2,https://jeodpp.jrc.ec.europa.eu/ftp/jrc-opendata/GHSL/GHS_UCDB_GLOBE_R2024A/GHS_UCDB_GLOBE_R2024A/V1-2/GHS_UCDB_GLOBE_R2024A_V1_2.zip,2026-09-19T08:41:50.435893+00:00,European Commission reuse notice: reuse authorised with source acknowledgement,Direct field CL_REN_W20_2020; layer GHSL_UCDB_THEME_CLIMATE_GLOBE_R2024A; exact definition and upstream source in ghsl_indicator_dictionary.csv and official PDF.
ghsl_178,ghsl_CL_WDS_CUR_2010,GHSL UCDB R2024A V1.2,https://jeodpp.jrc.ec.europa.eu/ftp/jrc-opendata/GHSL/GHS_UCDB_GLOBE_R2024A/GHS_UCDB_GLOBE_R2024A/V1-2/GHS_UCDB_GLOBE_R2024A_V1_2.zip,2026-09-19T08:41:50.435893+00:00,European Commission reuse notice: reuse authorised with source acknowledgement,Direct field CL_WDS_CUR_2010; layer GHSL_UCDB_THEME_CLIMATE_GLOBE_R2024A; exact definition and upstream source in ghsl_indicator_dictionary.csv and official PDF.
ghsl_178,ghsl_CL_WDS_126_2020,GHSL UCDB R2024A V1.2,https://jeodpp.jrc.ec.europa.eu/ftp/jrc-opendata/GHSL/GHS_UCDB_GLOBE_R2024A/GHS_UCDB_GLOBE_R2024A/V1-2/GHS_UCDB_GLOBE_R2024A_V1_2.zip,2026-09-19T08:41:50.435893+00:00,European Commission reuse notice: reuse authorised with source acknowledgement,Direct field CL_WDS_126_2020; layer GHSL_UCDB_THEME_CLIMATE_GLOBE_R2024A; exact definition and upstream source in ghsl_indicator_dictionary.csv and official PDF.
ghsl_178,ghsl_CL_WDS_245_2020,GHSL UCDB R2024A V1.2,https://jeodpp.jrc.ec.europa.eu/ftp/jrc-opendata/GHSL/GHS_UCDB_GLOBE_R2024A/GHS_UCDB_GLOBE_R2024A/V1-2/GHS_UCDB_GLOBE_R2024A_V1_2.zip,2026-09-19T08:41:50.435893+00:00,European Commission reuse notice: reuse authorised with source acknowledgement,Direct field CL_WDS_245_2020; layer GHSL_UCDB_THEME_CLIMATE_GLOBE_R2024A; exact definition and upstream source in ghsl_indicator_dictionary.csv and official PDF.
ghsl_178,ghsl_CL_WDS_370_2020,GHSL UCDB R2024A V1.2,https://jeodpp.jrc.ec.europa.eu/ftp/jrc-opendata/GHSL/GHS_UCDB_GLOBE_R2024A/GHS_UCDB_GLOBE_R2024A/V1-2/GHS_UCDB_GLOBE_R2024A_V1_2.zip,2026-09-19T08:41:50.435893+00:00,European Commission reuse notice: reuse authorised with source acknowledgement,Direct field CL_WDS_370_2020; layer GHSL_UCDB_THEME_CLIMATE_GLOBE_R2024A; exact definition and upstream source in ghsl_indicator_dictionary.csv and official PDF.
ghsl_178,ghsl_CL_WDS_585_2020,GHSL UCDB R2024A V1.2,https://jeodpp.jrc.ec.europa.eu/ftp/jrc-opendata/GHSL/GHS_UCDB_GLOBE_R2024A/GHS_UCDB_GLOBE_R2024A/V1-2/GHS_UCDB_GLOBE_R2024A_V1_2.zip,2026-09-19T08:41:50.435893+00:00,European Commission reuse notice: reuse authorised with source acknowledgement,Direct field CL_WDS_585_2020; layer GHSL_UCDB_THEME_CLIMATE_GLOBE_R2024A; exact definition and upstream source in ghsl_indicator_dictionary.csv and official PDF.
ghsl_178,ghsl_CL_LCZ_A01_2025,GHSL UCDB R2024A V1.2,https://jeodpp.jrc.ec.europa.eu/ftp/jrc-opendata/GHSL/GHS_UCDB_GLOBE_R2024A/GHS_UCDB_GLOBE_R2024A/V1-2/GHS_UCDB_GLOBE_R2024A_V1_2.zip,2026-09-19T08:41:50.435893+00:00,European Commission reuse notice: reuse authorised with source acknowledgement,Direct field CL_LCZ_A01_2025; layer GHSL_UCDB_THEME_CLIMATE_GLOBE_R2024A; exact definition and upstream source in ghsl_indicator_dictionary.csv and official PDF.
ghsl_178,ghsl_CL_LCZ_A02_2025,GHSL UCDB R2024A V1.2,https://jeodpp.jrc.ec.europa.eu/ftp/jrc-opendata/GHSL/GHS_UCDB_GLOBE_R2024A/GHS_UCDB_GLOBE_R2024A/V1-2/GHS_UCDB_GLOBE_R2024A_V1_2.zip,2026-09-19T08:41:50.435893+00:00,European Commission reuse notice: reuse authorised with source acknowledgement,Direct field CL_LCZ_A02_2025; layer GHSL_UCDB_THEME_CLIMATE_GLOBE_R2024A; exact definition and upstream source in ghsl_indicator_dictionary.csv and official PDF.
ghsl_178,ghsl_CL_LCZ_A03_2025,GHSL UCDB R2024A V1.2,https://jeodpp.jrc.ec.europa.eu/ftp/jrc-opendata/GHSL/GHS_UCDB_GLOBE_R2024A/GHS_UCDB_GLOBE_R2024A/V1-2/GHS_UCDB_GLOBE_R2024A_V1_2.zip,2026-09-19T08:41:50.435893+00:00,European Commission reuse notice: reuse authorised with source acknowledgement,Direct field CL_LCZ_A03_2025; layer GHSL_UCDB_THEME_CLIMATE_GLOBE_R2024A; exact definition and upstream source in ghsl_indicator_dictionary.csv and official PDF.
ghsl_178,ghsl_CL_LCZ_A04_2025,GHSL UCDB R2024A V1.2,https://jeodpp.jrc.ec.europa.eu/ftp/jrc-opendata/GHSL/GHS_UCDB_GLOBE_R2024A/GHS_UCDB_GLOBE_R2024A/V1-2/GHS_UCDB_GLOBE_R2024A_V1_2.zip,2026-09-19T08:41:50.435893+00:00,European Commission reuse notice: reuse authorised with source acknowledgement,Direct field CL_LCZ_A04_2025; layer GHSL_UCDB_THEME_CLIMATE_GLOBE_R2024A; exact definition and upstream source in ghsl_indicator_dictionary.csv and official PDF.
ghsl_178,ghsl_CL_LCZ_A05_2025,GHSL UCDB R2024A V1.2,https://jeodpp.jrc.ec.europa.eu/ftp/jrc-opendata/GHSL/GHS_UCDB_GLOBE_R2024A/GHS_UCDB_GLOBE_R2024A/V1-2/GHS_UCDB_GLOBE_R2024A_V1_2.zip,2026-09-19T08:41:50.435893+00:00,European Commission reuse notice: reuse authorised with source acknowledgement,Direct field CL_LCZ_A05_2025; layer GHSL_UCDB_THEME_CLIMATE_GLOBE_R2024A; exact definition and upstream source in ghsl_indicator_dictionary.csv and official PDF.
ghsl_178,ghsl_CL_LCZ_A06_2025,GHSL UCDB R2024A V1.2,https://jeodpp.jrc.ec.europa.eu/ftp/jrc-opendata/GHSL/GHS_UCDB_GLOBE_R2024A/GHS_UCDB_GLOBE_R2024A/V1-2/GHS_UCDB_GLOBE_R2024A_V1_2.zip,2026-09-19T08:41:50.435893+00:00,European Commission reuse notice: reuse authorised with source acknowledgement,Direct field CL_LCZ_A06_2025; layer GHSL_UCDB_THEME_CLIMATE_GLOBE_R2024A; exact definition and upstream source in ghsl_indicator_dictionary.csv and official PDF.
ghsl_178,ghsl_CL_LCZ_A07_2025,GHSL UCDB R2024A V1.2,https://jeodpp.jrc.ec.europa.eu/ftp/jrc-opendata/GHSL/GHS_UCDB_GLOBE_R2024A/GHS_UCDB_GLOBE_R2024A/V1-2/GHS_UCDB_GLOBE_R2024A_V1_2.zip,2026-09-19T08:41:50.435893+00:00,European Commission reuse notice: reuse authorised with source acknowledgement,Direct field CL_LCZ_A07_2025; layer GHSL_UCDB_THEME_CLIMATE_GLOBE_R2024A; exact definition and upstream source in ghsl_indicator_dictionary.csv and official PDF.
ghsl_178,ghsl_CL_LCZ_A08_2025,GHSL UCDB R2024A V1.2,https://jeodpp.jrc.ec.europa.eu/ftp/jrc-opendata/GHSL/GHS_UCDB_GLOBE_R2024A/GHS_UCDB_GLOBE_R2024A/V1-2/GHS_UCDB_GLOBE_R2024A_V1_2.zip,2026-09-19T08:41:50.435893+00:00,European Commission reuse notice: reuse authorised with source acknowledgement,Direct field CL_LCZ_A08_2025; layer GHSL_UCDB_THEME_CLIMATE_GLOBE_R2024A; exact definition and upstream source in ghsl_indicator_dictionary.csv and official PDF.
ghsl_178,ghsl_CL_LCZ_A09_2025,GHSL UCDB R2024A V1.2,https://jeodpp.jrc.ec.europa.eu/ftp/jrc-opendata/GHSL/GHS_UCDB_GLOBE_R2024A/GHS_UCDB_GLOBE_R2024A/V1-2/GHS_UCDB_GLOBE_R2024A_V1_2.zip,2026-09-19T08:41:50.435893+00:00,European Commission reuse notice: reuse authorised with source acknowledgement,Direct field CL_LCZ_A09_2025; layer GHSL_UCDB_THEME_CLIMATE_GLOBE_R2024A; exact definition and upstream source in ghsl_indicator_dictionary.csv and official PDF.
ghsl_178,ghsl_CL_LCZ_A10_2025,GHSL UCDB R2024A V1.2,https://jeodpp.jrc.ec.europa.eu/ftp/jrc-opendata/GHSL/GHS_UCDB_GLOBE_R2024A/GHS_UCDB_GLOBE_R2024A/V1-2/GHS_UCDB_GLOBE_R2024A_V1_2.zip,2026-09-19T08:41:50.435893+00:00,European Commission reuse notice: reuse authorised with source acknowledgement,Direct field CL_LCZ_A10_2025; layer GHSL_UCDB_THEME_CLIMATE_GLOBE_R2024A; exact definition and upstream source in ghsl_indicator_dictionary.csv and official PDF.
ghsl_178,ghsl_CL_LCZ_A11_2025,GHSL UCDB R2024A V1.2,https://jeodpp.jrc.ec.europa.eu/ftp/jrc-opendata/GHSL/GHS_UCDB_GLOBE_R2024A/GHS_UCDB_GLOBE_R2024A/V1-2/GHS_UCDB_GLOBE_R2024A_V1_2.zip,2026-09-19T08:41:50.435893+00:00,European Commission reuse notice: reuse authorised with source acknowledgement,Direct field CL_LCZ_A11_2025; layer GHSL_UCDB_THEME_CLIMATE_GLOBE_R2024A; exact definition and upstream source in ghsl_indicator_dictionary.csv and official PDF.
ghsl_178,ghsl_CL_LCZ_A12_2025,GHSL UCDB R2024A V1.2,https://jeodpp.jrc.ec.europa.eu/ftp/jrc-opendata/GHSL/GHS_UCDB_GLOBE_R2024A/GHS_UCDB_GLOBE_R2024A/V1-2/GHS_UCDB_GLOBE_R2024A_V1_2.zip,2026-09-19T08:41:50.435893+00:00,European Commission reuse notice: reuse authorised with source acknowledgement,Direct field CL_LCZ_A12_2025; layer GHSL_UCDB_THEME_CLIMATE_GLOBE_R2024A; exact definition and upstream source in ghsl_indicator_dictionary.csv and official PDF.
ghsl_178,ghsl_CL_LCZ_A13_2025,GHSL UCDB R2024A V1.2,https://jeodpp.jrc.ec.europa.eu/ftp/jrc-opendata/GHSL/GHS_UCDB_GLOBE_R2024A/GHS_UCDB_GLOBE_R2024A/V1-2/GHS_UCDB_GLOBE_R2024A_V1_2.zip,2026-09-19T08:41:50.435893+00:00,European Commission reuse notice: reuse authorised with source acknowledgement,Direct field CL_LCZ_A13_2025; layer GHSL_UCDB_THEME_CLIMATE_GLOBE_R2024A; exact definition and upstream source in ghsl_indicator_dictionary.csv and official PDF.
ghsl_178,ghsl_CL_LCZ_A14_2025,GHSL UCDB R2024A V1.2,https://jeodpp.jrc.ec.europa.eu/ftp/jrc-opendata/GHSL/GHS_UCDB_GLOBE_R2024A/GHS_UCDB_GLOBE_R2024A/V1-2/GHS_UCDB_GLOBE_R2024A_V1_2.zip,2026-09-19T08:41:50.435893+00:00,European Commission reuse notice: reuse authorised with source acknowledgement,Direct field CL_LCZ_A14_2025; layer GHSL_UCDB_THEME_CLIMATE_GLOBE_R2024A; exact definition and upstream source in ghsl_indicator_dictionary.csv and official PDF.
ghsl_178,ghsl_CL_LCZ_A15_2025,GHSL UCDB R2024A V1.2,https://jeodpp.jrc.ec.europa.eu/ftp/jrc-opendata/GHSL/GHS_UCDB_GLOBE_R2024A/GHS_UCDB_GLOBE_R2024A/V1-2/GHS_UCDB_GLOBE_R2024A_V1_2.zip,2026-09-19T08:41:50.435893+00:00,European Commission reuse notice: reuse authorised with source acknowledgement,Direct field CL_LCZ_A15_2025; layer GHSL_UCDB_THEME_CLIMATE_GLOBE_R2024A; exact definition and upstream source in ghsl_indicator_dictionary.csv and official PDF.
ghsl_178,ghsl_CL_LCZ_A16_2025,GHSL UCDB R2024A V1.2,https://jeodpp.jrc.ec.europa.eu/ftp/jrc-opendata/GHSL/GHS_UCDB_GLOBE_R2024A/GHS_UCDB_GLOBE_R2024A/V1-2/GHS_UCDB_GLOBE_R2024A_V1_2.zip,2026-09-19T08:41:50.435893+00:00,European Commission reuse notice: reuse authorised with source acknowledgement,Direct field CL_LCZ_A16_2025; layer GHSL_UCDB_THEME_CLIMATE_GLOBE_R2024A; exact definition and upstream source in ghsl_indicator_dictionary.csv and official PDF.
ghsl_178,ghsl_CL_LCZ_A17_2025,GHSL UCDB R2024A V1.2,https://jeodpp.jrc.ec.europa.eu/ftp/jrc-opendata/GHSL/GHS_UCDB_GLOBE_R2024A/GHS_UCDB_GLOBE_R2024A/V1-2/GHS_UCDB_GLOBE_R2024A_V1_2.zip,2026-09-19T08:41:50.435893+00:00,European Commission reuse notice: reuse authorised with source acknowledgement,Direct field CL_LCZ_A17_2025; layer GHSL_UCDB_THEME_CLIMATE_GLOBE_R2024A; exact definition and upstream source in ghsl_indicator_dictionary.csv and official PDF.
ghsl_178,ghsl_CL_UTC_T32_2020,GHSL UCDB R2024A V1.2,https://jeodpp.jrc.ec.europa.eu/ftp/jrc-opendata/GHSL/GHS_UCDB_GLOBE_R2024A/GHS_UCDB_GLOBE_R2024A/V1-2/GHS_UCDB_GLOBE_R2024A_V1_2.zip,2026-09-19T08:41:50.435893+00:00,European Commission reuse notice: reuse authorised with source acknowledgement,Direct field CL_UTC_T32_2020; layer GHSL_UCDB_THEME_CLIMATE_GLOBE_R2024A; exact definition and upstream source in ghsl_indicator_dictionary.csv and official PDF.
ghsl_178,ghsl_EM_CO2_AGR_2024,GHSL UCDB R2024A V1.2,https://jeodpp.jrc.ec.europa.eu/ftp/jrc-opendata/GHSL/GHS_UCDB_GLOBE_R2024A/GHS_UCDB_GLOBE_R2024A/V1-2/GHS_UCDB_GLOBE_R2024A_V1_2.zip,2026-09-19T08:41:50.435893+00:00,European Commission reuse notice: reuse authorised with source acknowledgement,Direct field EM_CO2_AGR_2024; layer GHSL_UCDB_THEME_EMISSIONS_GLOBE_R2024A; exact definition and upstream source in ghsl_indicator_dictionary.csv and official PDF.
ghsl_178,ghsl_EM_CO2_ENE_2024,GHSL UCDB R2024A V1.2,https://jeodpp.jrc.ec.europa.eu/ftp/jrc-opendata/GHSL/GHS_UCDB_GLOBE_R2024A/GHS_UCDB_GLOBE_R2024A/V1-2/GHS_UCDB_GLOBE_R2024A_V1_2.zip,2026-09-19T08:41:50.435893+00:00,European Commission reuse notice: reuse authorised with source acknowledgement,Direct field EM_CO2_ENE_2024; layer GHSL_UCDB_THEME_EMISSIONS_GLOBE_R2024A; exact definition and upstream source in ghsl_indicator_dictionary.csv and official PDF.
ghsl_178,ghsl_EM_CO2_IND_2024,GHSL UCDB R2024A V1.2,https://jeodpp.jrc.ec.europa.eu/ftp/jrc-opendata/GHSL/GHS_UCDB_GLOBE_R2024A/GHS_UCDB_GLOBE_R2024A/V1-2/GHS_UCDB_GLOBE_R2024A_V1_2.zip,2026-09-19T08:41:50.435893+00:00,European Commission reuse notice: reuse authorised with source acknowledgement,Direct field EM_CO2_IND_2024; layer GHSL_UCDB_THEME_EMISSIONS_GLOBE_R2024A; exact definition and upstream source in ghsl_indicator_dictionary.csv and official PDF.
ghsl_178,ghsl_EM_CO2_RES_2024,GHSL UCDB R2024A V1.2,https://jeodpp.jrc.ec.europa.eu/ftp/jrc-opendata/GHSL/GHS_UCDB_GLOBE_R2024A/GHS_UCDB_GLOBE_R2024A/V1-2/GHS_UCDB_GLOBE_R2024A_V1_2.zip,2026-09-19T08:41:50.435893+00:00,European Commission reuse notice: reuse authorised with source acknowledgement,Direct field EM_CO2_RES_2024; layer GHSL_UCDB_THEME_EMISSIONS_GLOBE_R2024A; exact definition and upstream source in ghsl_indicator_dictionary.csv and official PDF.
ghsl_178,ghsl_EM_CO2_TRA_2024,GHSL UCDB R2024A V1.2,https://jeodpp.jrc.ec.europa.eu/ftp/jrc-opendata/GHSL/GHS_UCDB_GLOBE_R2024A/GHS_UCDB_GLOBE_R2024A/V1-2/GHS_UCDB_GLOBE_R2024A_V1_2.zip,2026-09-19T08:41:50.435893+00:00,European Commission reuse notice: reuse authorised with source acknowledgement,Direct field EM_CO2_TRA_2024; layer GHSL_UCDB_THEME_EMISSIONS_GLOBE_R2024A; exact definition and upstream source in ghsl_indicator_dictionary.csv and official PDF.
ghsl_178,ghsl_EM_CO2_WAS_2024,GHSL UCDB R2024A V1.2,https://jeodpp.jrc.ec.europa.eu/ftp/jrc-opendata/GHSL/GHS_UCDB_GLOBE_R2024A/GHS_UCDB_GLOBE_R2024A/V1-2/GHS_UCDB_GLOBE_R2024A_V1_2.zip,2026-09-19T08:41:50.435893+00:00,European Commission reuse notice: reuse authorised with source acknowledgement,Direct field EM_CO2_WAS_2024; layer GHSL_UCDB_THEME_EMISSIONS_GLOBE_R2024A; exact definition and upstream source in ghsl_indicator_dictionary.csv and official PDF.
ghsl_178,ghsl_EM_CO2_INT_2024,GHSL UCDB R2024A V1.2,https://jeodpp.jrc.ec.europa.eu/ftp/jrc-opendata/GHSL/GHS_UCDB_GLOBE_R2024A/GHS_UCDB_GLOBE_R2024A/V1-2/GHS_UCDB_GLOBE_R2024A_V1_2.zip,2026-09-19T08:41:50.435893+00:00,European Commission reuse notice: reuse authorised with source acknowledgement,Direct field EM_CO2_INT_2024; layer GHSL_UCDB_THEME_EMISSIONS_GLOBE_R2024A; exact definition and upstream source in ghsl_indicator_dictionary.csv and official PDF.
ghsl_178,ghsl_EM_GHG_AGR_2024,GHSL UCDB R2024A V1.2,https://jeodpp.jrc.ec.europa.eu/ftp/jrc-opendata/GHSL/GHS_UCDB_GLOBE_R2024A/GHS_UCDB_GLOBE_R2024A/V1-2/GHS_UCDB_GLOBE_R2024A_V1_2.zip,2026-09-19T08:41:50.435893+00:00,European Commission reuse notice: reuse authorised with source acknowledgement,Direct field EM_GHG_AGR_2024; layer GHSL_UCDB_THEME_EMISSIONS_GLOBE_R2024A; exact definition and upstream source in ghsl_indicator_dictionary.csv and official PDF.
ghsl_178,ghsl_EM_GHG_ENE_2024,GHSL UCDB R2024A V1.2,https://jeodpp.jrc.ec.europa.eu/ftp/jrc-opendata/GHSL/GHS_UCDB_GLOBE_R2024A/GHS_UCDB_GLOBE_R2024A/V1-2/GHS_UCDB_GLOBE_R2024A_V1_2.zip,2026-09-19T08:41:50.435893+00:00,European Commission reuse notice: reuse authorised with source acknowledgement,Direct field EM_GHG_ENE_2024; layer GHSL_UCDB_THEME_EMISSIONS_GLOBE_R2024A; exact definition and upstream source in ghsl_indicator_dictionary.csv and official PDF.
ghsl_178,ghsl_EM_GHG_IND_2024,GHSL UCDB R2024A V1.2,https://jeodpp.jrc.ec.europa.eu/ftp/jrc-opendata/GHSL/GHS_UCDB_GLOBE_R2024A/GHS_UCDB_GLOBE_R2024A/V1-2/GHS_UCDB_GLOBE_R2024A_V1_2.zip,2026-09-19T08:41:50.435893+00:00,European Commission reuse notice: reuse authorised with source acknowledgement,Direct field EM_GHG_IND_2024; layer GHSL_UCDB_THEME_EMISSIONS_GLOBE_R2024A; exact definition and upstream source in ghsl_indicator_dictionary.csv and official PDF.
ghsl_178,ghsl_EM_GHG_RES_2024,GHSL UCDB R2024A V1.2,https://jeodpp.jrc.ec.europa.eu/ftp/jrc-opendata/GHSL/GHS_UCDB_GLOBE_R2024A/GHS_UCDB_GLOBE_R2024A/V1-2/GHS_UCDB_GLOBE_R2024A_V1_2.zip,2026-09-19T08:41:50.435893+00:00,European Commission reuse notice: reuse authorised with source acknowledgement,Direct field EM_GHG_RES_2024; layer GHSL_UCDB_THEME_EMISSIONS_GLOBE_R2024A; exact definition and upstream source in ghsl_indicator_dictionary.csv and official PDF.
ghsl_178,ghsl_EM_GHG_TRA_2024,GHSL UCDB R2024A V1.2,https://jeodpp.jrc.ec.europa.eu/ftp/jrc-opendata/GHSL/GHS_UCDB_GLOBE_R2024A/GHS_UCDB_GLOBE_R2024A/V1-2/GHS_UCDB_GLOBE_R2024A_V1_2.zip,2026-09-19T08:41:50.435893+00:00,European Commission reuse notice: reuse authorised with source acknowledgement,Direct field EM_GHG_TRA_2024; layer GHSL_UCDB_THEME_EMISSIONS_GLOBE_R2024A; exact definition and upstream source in ghsl_indicator_dictionary.csv and official PDF.
ghsl_178,ghsl_EM_GHG_WAS_2024,GHSL UCDB R2024A V1.2,https://jeodpp.jrc.ec.europa.eu/ftp/jrc-opendata/GHSL/GHS_UCDB_GLOBE_R2024A/GHS_UCDB_GLOBE_R2024A/V1-2/GHS_UCDB_GLOBE_R2024A_V1_2.zip,2026-09-19T08:41:50.435893+00:00,European Commission reuse notice: reuse authorised with source acknowledgement,Direct field EM_GHG_WAS_2024; layer GHSL_UCDB_THEME_EMISSIONS_GLOBE_R2024A; exact definition and upstream source in ghsl_indicator_dictionary.csv and official PDF.
ghsl_178,ghsl_EM_GHG_INT_2024,GHSL UCDB R2024A V1.2,https://jeodpp.jrc.ec.europa.eu/ftp/jrc-opendata/GHSL/GHS_UCDB_GLOBE_R2024A/GHS_UCDB_GLOBE_R2024A/V1-2/GHS_UCDB_GLOBE_R2024A_V1_2.zip,2026-09-19T08:41:50.435893+00:00,European Commission reuse notice: reuse authorised with source acknowledgement,Direct field EM_GHG_INT_2024; layer GHSL_UCDB_THEME_EMISSIONS_GLOBE_R2024A; exact definition and upstream source in ghsl_indicator_dictionary.csv and official PDF.
ghsl_178,ghsl_EM_NOX_AGR_2024,GHSL UCDB R2024A V1.2,https://jeodpp.jrc.ec.europa.eu/ftp/jrc-opendata/GHSL/GHS_UCDB_GLOBE_R2024A/GHS_UCDB_GLOBE_R2024A/V1-2/GHS_UCDB_GLOBE_R2024A_V1_2.zip,2026-09-19T08:41:50.435893+00:00,European Commission reuse notice: reuse authorised with source acknowledgement,Direct field EM_NOX_AGR_2024; layer GHSL_UCDB_THEME_EMISSIONS_GLOBE_R2024A; exact definition and upstream source in ghsl_indicator_dictionary.csv and official PDF.
ghsl_178,ghsl_EM_NOX_ENE_2024,GHSL UCDB R2024A V1.2,https://jeodpp.jrc.ec.europa.eu/ftp/jrc-opendata/GHSL/GHS_UCDB_GLOBE_R2024A/GHS_UCDB_GLOBE_R2024A/V1-2/GHS_UCDB_GLOBE_R2024A_V1_2.zip,2026-09-19T08:41:50.435893+00:00,European Commission reuse notice: reuse authorised with source acknowledgement,Direct field EM_NOX_ENE_2024; layer GHSL_UCDB_THEME_EMISSIONS_GLOBE_R2024A; exact definition and upstream source in ghsl_indicator_dictionary.csv and official PDF.
ghsl_178,ghsl_EM_NOX_IND_2024,GHSL UCDB R2024A V1.2,https://jeodpp.jrc.ec.europa.eu/ftp/jrc-opendata/GHSL/GHS_UCDB_GLOBE_R2024A/GHS_UCDB_GLOBE_R2024A/V1-2/GHS_UCDB_GLOBE_R2024A_V1_2.zip,2026-09-19T08:41:50.435893+00:00,European Commission reuse notice: reuse authorised with source acknowledgement,Direct field EM_NOX_IND_2024; layer GHSL_UCDB_THEME_EMISSIONS_GLOBE_R2024A; exact definition and upstream source in ghsl_indicator_dictionary.csv and official PDF.
ghsl_178,ghsl_EM_NOX_RES_2024,GHSL UCDB R2024A V1.2,https://jeodpp.jrc.ec.europa.eu/ftp/jrc-opendata/GHSL/GHS_UCDB_GLOBE_R2024A/GHS_UCDB_GLOBE_R2024A/V1-2/GHS_UCDB_GLOBE_R2024A_V1_2.zip,2026-09-19T08:41:50.435893+00:00,European Commission reuse notice: reuse authorised with source acknowledgement,Direct field EM_NOX_RES_2024; layer GHSL_UCDB_THEME_EMISSIONS_GLOBE_R2024A; exact definition and upstream source in ghsl_indicator_dictionary.csv and official PDF.
ghsl_178,ghsl_EM_NOX_TRA_2024,GHSL UCDB R2024A V1.2,https://jeodpp.jrc.ec.europa.eu/ftp/jrc-opendata/GHSL/GHS_UCDB_GLOBE_R2024A/GHS_UCDB_GLOBE_R2024A/V1-2/GHS_UCDB_GLOBE_R2024A_V1_2.zip,2026-09-19T08:41:50.435893+00:00,European Commission reuse notice: reuse authorised with source acknowledgement,Direct field EM_NOX_TRA_2024; layer GHSL_UCDB_THEME_EMISSIONS_GLOBE_R2024A; exact definition and upstream source in ghsl_indicator_dictionary.csv and official PDF.
ghsl_178,ghsl_EM_NOX_WAS_2024,GHSL UCDB R2024A V1.2,https://jeodpp.jrc.ec.europa.eu/ftp/jrc-opendata/GHSL/GHS_UCDB_GLOBE_R2024A/GHS_UCDB_GLOBE_R2024A/V1-2/GHS_UCDB_GLOBE_R2024A_V1_2.zip,2026-09-19T08:41:50.435893+00:00,European Commission reuse notice: reuse authorised with source acknowledgement,Direct field EM_NOX_WAS_2024; layer GHSL_UCDB_THEME_EMISSIONS_GLOBE_R2024A; exact definition and upstream source in ghsl_indicator_dictionary.csv and official PDF.
ghsl_178,ghsl_EM_NOX_INT_2024,GHSL UCDB R2024A V1.2,https://jeodpp.jrc.ec.europa.eu/ftp/jrc-opendata/GHSL/GHS_UCDB_GLOBE_R2024A/GHS_UCDB_GLOBE_R2024A/V1-2/GHS_UCDB_GLOBE_R2024A_V1_2.zip,2026-09-19T08:41:50.435893+00:00,European Commission reuse notice: reuse authorised with source acknowledgement,Direct field EM_NOX_INT_2024; layer GHSL_UCDB_THEME_EMISSIONS_GLOBE_R2024A; exact definition and upstream source in ghsl_indicator_dictionary.csv and official PDF.
ghsl_178,ghsl_EM_PM2_AGR_2024,GHSL UCDB R2024A V1.2,https://jeodpp.jrc.ec.europa.eu/ftp/jrc-opendata/GHSL/GHS_UCDB_GLOBE_R2024A/GHS_UCDB_GLOBE_R2024A/V1-2/GHS_UCDB_GLOBE_R2024A_V1_2.zip,2026-09-19T08:41:50.435893+00:00,European Commission reuse notice: reuse authorised with source acknowledgement,Direct field EM_PM2_AGR_2024; layer GHSL_UCDB_THEME_EMISSIONS_GLOBE_R2024A; exact definition and upstream source in ghsl_indicator_dictionary.csv and official PDF.
ghsl_178,ghsl_EM_PM2_ENE_2024,GHSL UCDB R2024A V1.2,https://jeodpp.jrc.ec.europa.eu/ftp/jrc-opendata/GHSL/GHS_UCDB_GLOBE_R2024A/GHS_UCDB_GLOBE_R2024A/V1-2/GHS_UCDB_GLOBE_R2024A_V1_2.zip,2026-09-19T08:41:50.435893+00:00,European Commission reuse notice: reuse authorised with source acknowledgement,Direct field EM_PM2_ENE_2024; layer GHSL_UCDB_THEME_EMISSIONS_GLOBE_R2024A; exact definition and upstream source in ghsl_indicator_dictionary.csv and official PDF.
ghsl_178,ghsl_EM_PM2_IND_2024,GHSL UCDB R2024A V1.2,https://jeodpp.jrc.ec.europa.eu/ftp/jrc-opendata/GHSL/GHS_UCDB_GLOBE_R2024A/GHS_UCDB_GLOBE_R2024A/V1-2/GHS_UCDB_GLOBE_R2024A_V1_2.zip,2026-09-19T08:41:50.435893+00:00,European Commission reuse notice: reuse authorised with source acknowledgement,Direct field EM_PM2_IND_2024; layer GHSL_UCDB_THEME_EMISSIONS_GLOBE_R2024A; exact definition and upstream source in ghsl_indicator_dictionary.csv and official PDF.
ghsl_178,ghsl_EM_PM2_RES_2024,GHSL UCDB R2024A V1.2,https://jeodpp.jrc.ec.europa.eu/ftp/jrc-opendata/GHSL/GHS_UCDB_GLOBE_R2024A/GHS_UCDB_GLOBE_R2024A/V1-2/GHS_UCDB_GLOBE_R2024A_V1_2.zip,2026-09-19T08:41:50.435893+00:00,European Commission reuse notice: reuse authorised with source acknowledgement,Direct field EM_PM2_RES_2024; layer GHSL_UCDB_THEME_EMISSIONS_GLOBE_R2024A; exact definition and upstream source in ghsl_indicator_dictionary.csv and official PDF.
ghsl_178,ghsl_EM_PM2_TRA_2024,GHSL UCDB R2024A V1.2,https://jeodpp.jrc.ec.europa.eu/ftp/jrc-opendata/GHSL/GHS_UCDB_GLOBE_R2024A/GHS_UCDB_GLOBE_R2024A/V1-2/GHS_UCDB_GLOBE_R2024A_V1_2.zip,2026-09-19T08:41:50.435893+00:00,European Commission reuse notice: reuse authorised with source acknowledgement,Direct field EM_PM2_TRA_2024; layer GHSL_UCDB_THEME_EMISSIONS_GLOBE_R2024A; exact definition and upstream source in ghsl_indicator_dictionary.csv and official PDF.
ghsl_178,ghsl_EM_PM2_INT_2024,GHSL UCDB R2024A V1.2,https://jeodpp.jrc.ec.europa.eu/ftp/jrc-opendata/GHSL/GHS_UCDB_GLOBE_R2024A/GHS_UCDB_GLOBE_R2024A/V1-2/GHS_UCDB_GLOBE_R2024A_V1_2.zip,2026-09-19T08:41:50.435893+00:00,European Commission reuse notice: reuse authorised with source acknowledgement,Direct field EM_PM2_INT_2024; layer GHSL_UCDB_THEME_EMISSIONS_GLOBE_R2024A; exact definition and upstream source in ghsl_indicator_dictionary.csv and official PDF.
ghsl_178,ghsl_EM_CO2_TOT_2024,GHSL UCDB R2024A V1.2,https://jeodpp.jrc.ec.europa.eu/ftp/jrc-opendata/GHSL/GHS_UCDB_GLOBE_R2024A/GHS_UCDB_GLOBE_R2024A/V1-2/GHS_UCDB_GLOBE_R2024A_V1_2.zip,2026-09-19T08:41:50.435893+00:00,European Commission reuse notice: reuse authorised with source acknowledgement,Direct field EM_CO2_TOT_2024; layer GHSL_UCDB_THEME_EMISSIONS_GLOBE_R2024A; exact definition and upstream source in ghsl_indicator_dictionary.csv and official PDF.
ghsl_178,ghsl_EM_GHG_TOT_2024,GHSL UCDB R2024A V1.2,https://jeodpp.jrc.ec.europa.eu/ftp/jrc-opendata/GHSL/GHS_UCDB_GLOBE_R2024A/GHS_UCDB_GLOBE_R2024A/V1-2/GHS_UCDB_GLOBE_R2024A_V1_2.zip,2026-09-19T08:41:50.435893+00:00,European Commission reuse notice: reuse authorised with source acknowledgement,Direct field EM_GHG_TOT_2024; layer GHSL_UCDB_THEME_EMISSIONS_GLOBE_R2024A; exact definition and upstream source in ghsl_indicator_dictionary.csv and official PDF.
ghsl_178,ghsl_EM_NOX_TOT_2024,GHSL UCDB R2024A V1.2,https://jeodpp.jrc.ec.europa.eu/ftp/jrc-opendata/GHSL/GHS_UCDB_GLOBE_R2024A/GHS_UCDB_GLOBE_R2024A/V1-2/GHS_UCDB_GLOBE_R2024A_V1_2.zip,2026-09-19T08:41:50.435893+00:00,European Commission reuse notice: reuse authorised with source acknowledgement,Direct field EM_NOX_TOT_2024; layer GHSL_UCDB_THEME_EMISSIONS_GLOBE_R2024A; exact definition and upstream source in ghsl_indicator_dictionary.csv and official PDF.
ghsl_178,ghsl_EM_PM2_TOT_2024,GHSL UCDB R2024A V1.2,https://jeodpp.jrc.ec.europa.eu/ftp/jrc-opendata/GHSL/GHS_UCDB_GLOBE_R2024A/GHS_UCDB_GLOBE_R2024A/V1-2/GHS_UCDB_GLOBE_R2024A_V1_2.zip,2026-09-19T08:41:50.435893+00:00,European Commission reuse notice: reuse authorised with source acknowledgement,Direct field EM_PM2_TOT_2024; layer GHSL_UCDB_THEME_EMISSIONS_GLOBE_R2024A; exact definition and upstream source in ghsl_indicator_dictionary.csv and official PDF.
ghsl_178,ghsl_EM_CO2_PEC_2020,GHSL UCDB R2024A V1.2,https://jeodpp.jrc.ec.europa.eu/ftp/jrc-opendata/GHSL/GHS_UCDB_GLOBE_R2024A/GHS_UCDB_GLOBE_R2024A/V1-2/GHS_UCDB_GLOBE_R2024A_V1_2.zip,2026-09-19T08:41:50.435893+00:00,European Commission reuse notice: reuse authorised with source acknowledgement,Direct field EM_CO2_PEC_2020; layer GHSL_UCDB_THEME_EMISSIONS_GLOBE_R2024A; exact definition and upstream source in ghsl_indicator_dictionary.csv and official PDF.
ghsl_178,ghsl_EM_GHG_PEC_2020,GHSL UCDB R2024A V1.2,https://jeodpp.jrc.ec.europa.eu/ftp/jrc-opendata/GHSL/GHS_UCDB_GLOBE_R2024A/GHS_UCDB_GLOBE_R2024A/V1-2/GHS_UCDB_GLOBE_R2024A_V1_2.zip,2026-09-19T08:41:50.435893+00:00,European Commission reuse notice: reuse authorised with source acknowledgement,Direct field EM_GHG_PEC_2020; layer GHSL_UCDB_THEME_EMISSIONS_GLOBE_R2024A; exact definition and upstream source in ghsl_indicator_dictionary.csv and official PDF.
ghsl_178,ghsl_EM_NOX_PEC_2020,GHSL UCDB R2024A V1.2,https://jeodpp.jrc.ec.europa.eu/ftp/jrc-opendata/GHSL/GHS_UCDB_GLOBE_R2024A/GHS_UCDB_GLOBE_R2024A/V1-2/GHS_UCDB_GLOBE_R2024A_V1_2.zip,2026-09-19T08:41:50.435893+00:00,European Commission reuse notice: reuse authorised with source acknowledgement,Direct field EM_NOX_PEC_2020; layer GHSL_UCDB_THEME_EMISSIONS_GLOBE_R2024A; exact definition and upstream source in ghsl_indicator_dictionary.csv and official PDF.
ghsl_178,ghsl_EM_PM2_PEC_2020,GHSL UCDB R2024A V1.2,https://jeodpp.jrc.ec.europa.eu/ftp/jrc-opendata/GHSL/GHS_UCDB_GLOBE_R2024A/GHS_UCDB_GLOBE_R2024A/V1-2/GHS_UCDB_GLOBE_R2024A_V1_2.zip,2026-09-19T08:41:50.435893+00:00,European Commission reuse notice: reuse authorised with source acknowledgement,Direct field EM_PM2_PEC_2020; layer GHSL_UCDB_THEME_EMISSIONS_GLOBE_R2024A; exact definition and upstream source in ghsl_indicator_dictionary.csv and official PDF.
ghsl_178,ghsl_EM_CO2_SAG_2024,GHSL UCDB R2024A V1.2,https://jeodpp.jrc.ec.europa.eu/ftp/jrc-opendata/GHSL/GHS_UCDB_GLOBE_R2024A/GHS_UCDB_GLOBE_R2024A/V1-2/GHS_UCDB_GLOBE_R2024A_V1_2.zip,2026-09-19T08:41:50.435893+00:00,European Commission reuse notice: reuse authorised with source acknowledgement,Direct field EM_CO2_SAG_2024; layer GHSL_UCDB_THEME_EMISSIONS_GLOBE_R2024A; exact definition and upstream source in ghsl_indicator_dictionary.csv and official PDF.
ghsl_178,ghsl_EM_CO2_SEN_2024,GHSL UCDB R2024A V1.2,https://jeodpp.jrc.ec.europa.eu/ftp/jrc-opendata/GHSL/GHS_UCDB_GLOBE_R2024A/GHS_UCDB_GLOBE_R2024A/V1-2/GHS_UCDB_GLOBE_R2024A_V1_2.zip,2026-09-19T08:41:50.435893+00:00,European Commission reuse notice: reuse authorised with source acknowledgement,Direct field EM_CO2_SEN_2024; layer GHSL_UCDB_THEME_EMISSIONS_GLOBE_R2024A; exact definition and upstream source in ghsl_indicator_dictionary.csv and official PDF.
ghsl_178,ghsl_EM_CO2_SIN_2024,GHSL UCDB R2024A V1.2,https://jeodpp.jrc.ec.europa.eu/ftp/jrc-opendata/GHSL/GHS_UCDB_GLOBE_R2024A/GHS_UCDB_GLOBE_R2024A/V1-2/GHS_UCDB_GLOBE_R2024A_V1_2.zip,2026-09-19T08:41:50.435893+00:00,European Commission reuse notice: reuse authorised with source acknowledgement,Direct field EM_CO2_SIN_2024; layer GHSL_UCDB_THEME_EMISSIONS_GLOBE_R2024A; exact definition and upstream source in ghsl_indicator_dictionary.csv and official PDF.
ghsl_178,ghsl_EM_CO2_SRE_2024,GHSL UCDB R2024A V1.2,https://jeodpp.jrc.ec.europa.eu/ftp/jrc-opendata/GHSL/GHS_UCDB_GLOBE_R2024A/GHS_UCDB_GLOBE_R2024A/V1-2/GHS_UCDB_GLOBE_R2024A_V1_2.zip,2026-09-19T08:41:50.435893+00:00,European Commission reuse notice: reuse authorised with source acknowledgement,Direct field EM_CO2_SRE_2024; layer GHSL_UCDB_THEME_EMISSIONS_GLOBE_R2024A; exact definition and upstream source in ghsl_indicator_dictionary.csv and official PDF.
ghsl_178,ghsl_EM_CO2_STR_2024,GHSL UCDB R2024A V1.2,https://jeodpp.jrc.ec.europa.eu/ftp/jrc-opendata/GHSL/GHS_UCDB_GLOBE_R2024A/GHS_UCDB_GLOBE_R2024A/V1-2/GHS_UCDB_GLOBE_R2024A_V1_2.zip,2026-09-19T08:41:50.435893+00:00,European Commission reuse notice: reuse authorised with source acknowledgement,Direct field EM_CO2_STR_2024; layer GHSL_UCDB_THEME_EMISSIONS_GLOBE_R2024A; exact definition and upstream source in ghsl_indicator_dictionary.csv and official PDF.
ghsl_178,ghsl_EM_CO2_SIT_2024,GHSL UCDB R2024A V1.2,https://jeodpp.jrc.ec.europa.eu/ftp/jrc-opendata/GHSL/GHS_UCDB_GLOBE_R2024A/GHS_UCDB_GLOBE_R2024A/V1-2/GHS_UCDB_GLOBE_R2024A_V1_2.zip,2026-09-19T08:41:50.435893+00:00,European Commission reuse notice: reuse authorised with source acknowledgement,Direct field EM_CO2_SIT_2024; layer GHSL_UCDB_THEME_EMISSIONS_GLOBE_R2024A; exact definition and upstream source in ghsl_indicator_dictionary.csv and official PDF.
ghsl_178,ghsl_EM_CO2_SWA_2024,GHSL UCDB R2024A V1.2,https://jeodpp.jrc.ec.europa.eu/ftp/jrc-opendata/GHSL/GHS_UCDB_GLOBE_R2024A/GHS_UCDB_GLOBE_R2024A/V1-2/GHS_UCDB_GLOBE_R2024A_V1_2.zip,2026-09-19T08:41:50.435893+00:00,European Commission reuse notice: reuse authorised with source acknowledgement,Direct field EM_CO2_SWA_2024; layer GHSL_UCDB_THEME_EMISSIONS_GLOBE_R2024A; exact definition and upstream source in ghsl_indicator_dictionary.csv and official PDF.
ghsl_178,ghsl_EM_GHG_SAG_2024,GHSL UCDB R2024A V1.2,https://jeodpp.jrc.ec.europa.eu/ftp/jrc-opendata/GHSL/GHS_UCDB_GLOBE_R2024A/GHS_UCDB_GLOBE_R2024A/V1-2/GHS_UCDB_GLOBE_R2024A_V1_2.zip,2026-09-19T08:41:50.435893+00:00,European Commission reuse notice: reuse authorised with source acknowledgement,Direct field EM_GHG_SAG_2024; layer GHSL_UCDB_THEME_EMISSIONS_GLOBE_R2024A; exact definition and upstream source in ghsl_indicator_dictionary.csv and official PDF.
ghsl_178,ghsl_EM_GHG_SEN_2024,GHSL UCDB R2024A V1.2,https://jeodpp.jrc.ec.europa.eu/ftp/jrc-opendata/GHSL/GHS_UCDB_GLOBE_R2024A/GHS_UCDB_GLOBE_R2024A/V1-2/GHS_UCDB_GLOBE_R2024A_V1_2.zip,2026-09-19T08:41:50.435893+00:00,European Commission reuse notice: reuse authorised with source acknowledgement,Direct field EM_GHG_SEN_2024; layer GHSL_UCDB_THEME_EMISSIONS_GLOBE_R2024A; exact definition and upstream source in ghsl_indicator_dictionary.csv and official PDF.
ghsl_178,ghsl_EM_GHG_SIN_2024,GHSL UCDB R2024A V1.2,https://jeodpp.jrc.ec.europa.eu/ftp/jrc-opendata/GHSL/GHS_UCDB_GLOBE_R2024A/GHS_UCDB_GLOBE_R2024A/V1-2/GHS_UCDB_GLOBE_R2024A_V1_2.zip,2026-09-19T08:41:50.435893+00:00,European Commission reuse notice: reuse authorised with source acknowledgement,Direct field EM_GHG_SIN_2024; layer GHSL_UCDB_THEME_EMISSIONS_GLOBE_R2024A; exact definition and upstream source in ghsl_indicator_dictionary.csv and official PDF.
ghsl_178,ghsl_EM_GHG_SRE_2024,GHSL UCDB R2024A V1.2,https://jeodpp.jrc.ec.europa.eu/ftp/jrc-opendata/GHSL/GHS_UCDB_GLOBE_R2024A/GHS_UCDB_GLOBE_R2024A/V1-2/GHS_UCDB_GLOBE_R2024A_V1_2.zip,2026-09-19T08:41:50.435893+00:00,European Commission reuse notice: reuse authorised with source acknowledgement,Direct field EM_GHG_SRE_2024; layer GHSL_UCDB_THEME_EMISSIONS_GLOBE_R2024A; exact definition and upstream source in ghsl_indicator_dictionary.csv and official PDF.
ghsl_178,ghsl_EM_GHG_STR_2024,GHSL UCDB R2024A V1.2,https://jeodpp.jrc.ec.europa.eu/ftp/jrc-opendata/GHSL/GHS_UCDB_GLOBE_R2024A/GHS_UCDB_GLOBE_R2024A/V1-2/GHS_UCDB_GLOBE_R2024A_V1_2.zip,2026-09-19T08:41:50.435893+00:00,European Commission reuse notice: reuse authorised with source acknowledgement,Direct field EM_GHG_STR_2024; layer GHSL_UCDB_THEME_EMISSIONS_GLOBE_R2024A; exact definition and upstream source in ghsl_indicator_dictionary.csv and official PDF.
ghsl_178,ghsl_EM_GHG_SIT_2024,GHSL UCDB R2024A V1.2,https://jeodpp.jrc.ec.europa.eu/ftp/jrc-opendata/GHSL/GHS_UCDB_GLOBE_R2024A/GHS_UCDB_GLOBE_R2024A/V1-2/GHS_UCDB_GLOBE_R2024A_V1_2.zip,2026-09-19T08:41:50.435893+00:00,European Commission reuse notice: reuse authorised with source acknowledgement,Direct field EM_GHG_SIT_2024; layer GHSL_UCDB_THEME_EMISSIONS_GLOBE_R2024A; exact definition and upstream source in ghsl_indicator_dictionary.csv and official PDF.
ghsl_178,ghsl_EM_GHG_SWA_2024,GHSL UCDB R2024A V1.2,https://jeodpp.jrc.ec.europa.eu/ftp/jrc-opendata/GHSL/GHS_UCDB_GLOBE_R2024A/GHS_UCDB_GLOBE_R2024A/V1-2/GHS_UCDB_GLOBE_R2024A_V1_2.zip,2026-09-19T08:41:50.435893+00:00,European Commission reuse notice: reuse authorised with source acknowledgement,Direct field EM_GHG_SWA_2024; layer GHSL_UCDB_THEME_EMISSIONS_GLOBE_R2024A; exact definition and upstream source in ghsl_indicator_dictionary.csv and official PDF.
ghsl_178,ghsl_EM_NOX_SAG_2024,GHSL UCDB R2024A V1.2,https://jeodpp.jrc.ec.europa.eu/ftp/jrc-opendata/GHSL/GHS_UCDB_GLOBE_R2024A/GHS_UCDB_GLOBE_R2024A/V1-2/GHS_UCDB_GLOBE_R2024A_V1_2.zip,2026-09-19T08:41:50.435893+00:00,European Commission reuse notice: reuse authorised with source acknowledgement,Direct field EM_NOX_SAG_2024; layer GHSL_UCDB_THEME_EMISSIONS_GLOBE_R2024A; exact definition and upstream source in ghsl_indicator_dictionary.csv and official PDF.
ghsl_178,ghsl_EM_NOX_SEN_2024,GHSL UCDB R2024A V1.2,https://jeodpp.jrc.ec.europa.eu/ftp/jrc-opendata/GHSL/GHS_UCDB_GLOBE_R2024A/GHS_UCDB_GLOBE_R2024A/V1-2/GHS_UCDB_GLOBE_R2024A_V1_2.zip,2026-09-19T08:41:50.435893+00:00,European Commission reuse notice: reuse authorised with source acknowledgement,Direct field EM_NOX_SEN_2024; layer GHSL_UCDB_THEME_EMISSIONS_GLOBE_R2024A; exact definition and upstream source in ghsl_indicator_dictionary.csv and official PDF.
ghsl_178,ghsl_EM_NOX_SIN_2024,GHSL UCDB R2024A V1.2,https://jeodpp.jrc.ec.europa.eu/ftp/jrc-opendata/GHSL/GHS_UCDB_GLOBE_R2024A/GHS_UCDB_GLOBE_R2024A/V1-2/GHS_UCDB_GLOBE_R2024A_V1_2.zip,2026-09-19T08:41:50.435893+00:00,European Commission reuse notice: reuse authorised with source acknowledgement,Direct field EM_NOX_SIN_2024; layer GHSL_UCDB_THEME_EMISSIONS_GLOBE_R2024A; exact definition and upstream source in ghsl_indicator_dictionary.csv and official PDF.
ghsl_178,ghsl_EM_NOX_SRE_2024,GHSL UCDB R2024A V1.2,https://jeodpp.jrc.ec.europa.eu/ftp/jrc-opendata/GHSL/GHS_UCDB_GLOBE_R2024A/GHS_UCDB_GLOBE_R2024A/V1-2/GHS_UCDB_GLOBE_R2024A_V1_2.zip,2026-09-19T08:41:50.435893+00:00,European Commission reuse notice: reuse authorised with source acknowledgement,Direct field EM_NOX_SRE_2024; layer GHSL_UCDB_THEME_EMISSIONS_GLOBE_R2024A; exact definition and upstream source in ghsl_indicator_dictionary.csv and official PDF.
ghsl_178,ghsl_EM_NOX_STR_2024,GHSL UCDB R2024A V1.2,https://jeodpp.jrc.ec.europa.eu/ftp/jrc-opendata/GHSL/GHS_UCDB_GLOBE_R2024A/GHS_UCDB_GLOBE_R2024A/V1-2/GHS_UCDB_GLOBE_R2024A_V1_2.zip,2026-09-19T08:41:50.435893+00:00,European Commission reuse notice: reuse authorised with source acknowledgement,Direct field EM_NOX_STR_2024; layer GHSL_UCDB_THEME_EMISSIONS_GLOBE_R2024A; exact definition and upstream source in ghsl_indicator_dictionary.csv and official PDF.
ghsl_178,ghsl_EM_NOX_SIT_2024,GHSL UCDB R2024A V1.2,https://jeodpp.jrc.ec.europa.eu/ftp/jrc-opendata/GHSL/GHS_UCDB_GLOBE_R2024A/GHS_UCDB_GLOBE_R2024A/V1-2/GHS_UCDB_GLOBE_R2024A_V1_2.zip,2026-09-19T08:41:50.435893+00:00,European Commission reuse notice: reuse authorised with source acknowledgement,Direct field EM_NOX_SIT_2024; layer GHSL_UCDB_THEME_EMISSIONS_GLOBE_R2024A; exact definition and upstream source in ghsl_indicator_dictionary.csv and official PDF.
ghsl_178,ghsl_EM_NOX_SWA_2024,GHSL UCDB R2024A V1.2,https://jeodpp.jrc.ec.europa.eu/ftp/jrc-opendata/GHSL/GHS_UCDB_GLOBE_R2024A/GHS_UCDB_GLOBE_R2024A/V1-2/GHS_UCDB_GLOBE_R2024A_V1_2.zip,2026-09-19T08:41:50.435893+00:00,European Commission reuse notice: reuse authorised with source acknowledgement,Direct field EM_NOX_SWA_2024; layer GHSL_UCDB_THEME_EMISSIONS_GLOBE_R2024A; exact definition and upstream source in ghsl_indicator_dictionary.csv and official PDF.
ghsl_178,ghsl_EM_PM2_SAG_2024,GHSL UCDB R2024A V1.2,https://jeodpp.jrc.ec.europa.eu/ftp/jrc-opendata/GHSL/GHS_UCDB_GLOBE_R2024A/GHS_UCDB_GLOBE_R2024A/V1-2/GHS_UCDB_GLOBE_R2024A_V1_2.zip,2026-09-19T08:41:50.435893+00:00,European Commission reuse notice: reuse authorised with source acknowledgement,Direct field EM_PM2_SAG_2024; layer GHSL_UCDB_THEME_EMISSIONS_GLOBE_R2024A; exact definition and upstream source in ghsl_indicator_dictionary.csv and official PDF.
ghsl_178,ghsl_EM_PM2_SEN_2024,GHSL UCDB R2024A V1.2,https://jeodpp.jrc.ec.europa.eu/ftp/jrc-opendata/GHSL/GHS_UCDB_GLOBE_R2024A/GHS_UCDB_GLOBE_R2024A/V1-2/GHS_UCDB_GLOBE_R2024A_V1_2.zip,2026-09-19T08:41:50.435893+00:00,European Commission reuse notice: reuse authorised with source acknowledgement,Direct field EM_PM2_SEN_2024; layer GHSL_UCDB_THEME_EMISSIONS_GLOBE_R2024A; exact definition and upstream source in ghsl_indicator_dictionary.csv and official PDF.
ghsl_178,ghsl_EM_PM2_SIN_2024,GHSL UCDB R2024A V1.2,https://jeodpp.jrc.ec.europa.eu/ftp/jrc-opendata/GHSL/GHS_UCDB_GLOBE_R2024A/GHS_UCDB_GLOBE_R2024A/V1-2/GHS_UCDB_GLOBE_R2024A_V1_2.zip,2026-09-19T08:41:50.435893+00:00,European Commission reuse notice: reuse authorised with source acknowledgement,Direct field EM_PM2_SIN_2024; layer GHSL_UCDB_THEME_EMISSIONS_GLOBE_R2024A; exact definition and upstream source in ghsl_indicator_dictionary.csv and official PDF.
ghsl_178,ghsl_EM_PM2_SRE_2024,GHSL UCDB R2024A V1.2,https://jeodpp.jrc.ec.europa.eu/ftp/jrc-opendata/GHSL/GHS_UCDB_GLOBE_R2024A/GHS_UCDB_GLOBE_R2024A/V1-2/GHS_UCDB_GLOBE_R2024A_V1_2.zip,2026-09-19T08:41:50.435893+00:00,European Commission reuse notice: reuse authorised with source acknowledgement,Direct field EM_PM2_SRE_2024; layer GHSL_UCDB_THEME_EMISSIONS_GLOBE_R2024A; exact definition and upstream source in ghsl_indicator_dictionary.csv and official PDF.
ghsl_178,ghsl_EM_PM2_STR_2024,GHSL UCDB R2024A V1.2,https://jeodpp.jrc.ec.europa.eu/ftp/jrc-opendata/GHSL/GHS_UCDB_GLOBE_R2024A/GHS_UCDB_GLOBE_R2024A/V1-2/GHS_UCDB_GLOBE_R2024A_V1_2.zip,2026-09-19T08:41:50.435893+00:00,European Commission reuse notice: reuse authorised with source acknowledgement,Direct field EM_PM2_STR_2024; layer GHSL_UCDB_THEME_EMISSIONS_GLOBE_R2024A; exact definition and upstream source in ghsl_indicator_dictionary.csv and official PDF.
ghsl_178,ghsl_EM_PM2_SIT_2024,GHSL UCDB R2024A V1.2,https://jeodpp.jrc.ec.europa.eu/ftp/jrc-opendata/GHSL/GHS_UCDB_GLOBE_R2024A/GHS_UCDB_GLOBE_R2024A/V1-2/GHS_UCDB_GLOBE_R2024A_V1_2.zip,2026-09-19T08:41:50.435893+00:00,European Commission reuse notice: reuse authorised with source acknowledgement,Direct field EM_PM2_SIT_2024; layer GHSL_UCDB_THEME_EMISSIONS_GLOBE_R2024A; exact definition and upstream source in ghsl_indicator_dictionary.csv and official PDF.
ghsl_178,ghsl_EM_PM2_CON_2020,GHSL UCDB R2024A V1.2,https://jeodpp.jrc.ec.europa.eu/ftp/jrc-opendata/GHSL/GHS_UCDB_GLOBE_R2024A/GHS_UCDB_GLOBE_R2024A/V1-2/GHS_UCDB_GLOBE_R2024A_V1_2.zip,2026-09-19T08:41:50.435893+00:00,European Commission reuse notice: reuse authorised with source acknowledgement,Direct field EM_PM2_CON_2020; layer GHSL_UCDB_THEME_EMISSIONS_GLOBE_R2024A; exact definition and upstream source in ghsl_indicator_dictionary.csv and official PDF.
ghsl_178,ghsl_EM_PM2_MOR_2020,GHSL UCDB R2024A V1.2,https://jeodpp.jrc.ec.europa.eu/ftp/jrc-opendata/GHSL/GHS_UCDB_GLOBE_R2024A/GHS_UCDB_GLOBE_R2024A/V1-2/GHS_UCDB_GLOBE_R2024A_V1_2.zip,2026-09-19T08:41:50.435893+00:00,European Commission reuse notice: reuse authorised with source acknowledgement,Direct field EM_PM2_MOR_2020; layer GHSL_UCDB_THEME_EMISSIONS_GLOBE_R2024A; exact definition and upstream source in ghsl_indicator_dictionary.csv and official PDF.
ghsl_178,ghsl_EX_010_POP_2025,GHSL UCDB R2024A V1.2,https://jeodpp.jrc.ec.europa.eu/ftp/jrc-opendata/GHSL/GHS_UCDB_GLOBE_R2024A/GHS_UCDB_GLOBE_R2024A/V1-2/GHS_UCDB_GLOBE_R2024A_V1_2.zip,2026-09-19T08:41:50.435893+00:00,European Commission reuse notice: reuse authorised with source acknowledgement,Direct field EX_010_POP_2025; layer GHSL_UCDB_THEME_EXPOSURE_GLOBE_R2024A; exact definition and upstream source in ghsl_indicator_dictionary.csv and official PDF.
ghsl_178,ghsl_EX_100_POP_2025,GHSL UCDB R2024A V1.2,https://jeodpp.jrc.ec.europa.eu/ftp/jrc-opendata/GHSL/GHS_UCDB_GLOBE_R2024A/GHS_UCDB_GLOBE_R2024A/V1-2/GHS_UCDB_GLOBE_R2024A_V1_2.zip,2026-09-19T08:41:50.435893+00:00,European Commission reuse notice: reuse authorised with source acknowledgement,Direct field EX_100_POP_2025; layer GHSL_UCDB_THEME_EXPOSURE_GLOBE_R2024A; exact definition and upstream source in ghsl_indicator_dictionary.csv and official PDF.
ghsl_178,ghsl_EX_010_SHP_2025,GHSL UCDB R2024A V1.2,https://jeodpp.jrc.ec.europa.eu/ftp/jrc-opendata/GHSL/GHS_UCDB_GLOBE_R2024A/GHS_UCDB_GLOBE_R2024A/V1-2/GHS_UCDB_GLOBE_R2024A_V1_2.zip,2026-09-19T08:41:50.435893+00:00,European Commission reuse notice: reuse authorised with source acknowledgement,Direct field EX_010_SHP_2025; layer GHSL_UCDB_THEME_EXPOSURE_GLOBE_R2024A; exact definition and upstream source in ghsl_indicator_dictionary.csv and official PDF.
ghsl_178,ghsl_EX_100_SHP_2025,GHSL UCDB R2024A V1.2,https://jeodpp.jrc.ec.europa.eu/ftp/jrc-opendata/GHSL/GHS_UCDB_GLOBE_R2024A/GHS_UCDB_GLOBE_R2024A/V1-2/GHS_UCDB_GLOBE_R2024A_V1_2.zip,2026-09-19T08:41:50.435893+00:00,European Commission reuse notice: reuse authorised with source acknowledgement,Direct field EX_100_SHP_2025; layer GHSL_UCDB_THEME_EXPOSURE_GLOBE_R2024A; exact definition and upstream source in ghsl_indicator_dictionary.csv and official PDF.
ghsl_178,ghsl_EX_010_BUS_2025,GHSL UCDB R2024A V1.2,https://jeodpp.jrc.ec.europa.eu/ftp/jrc-opendata/GHSL/GHS_UCDB_GLOBE_R2024A/GHS_UCDB_GLOBE_R2024A/V1-2/GHS_UCDB_GLOBE_R2024A_V1_2.zip,2026-09-19T08:41:50.435893+00:00,European Commission reuse notice: reuse authorised with source acknowledgement,Direct field EX_010_BUS_2025; layer GHSL_UCDB_THEME_EXPOSURE_GLOBE_R2024A; exact definition and upstream source in ghsl_indicator_dictionary.csv and official PDF.
ghsl_178,ghsl_EX_100_BUS_2025,GHSL UCDB R2024A V1.2,https://jeodpp.jrc.ec.europa.eu/ftp/jrc-opendata/GHSL/GHS_UCDB_GLOBE_R2024A/GHS_UCDB_GLOBE_R2024A/V1-2/GHS_UCDB_GLOBE_R2024A_V1_2.zip,2026-09-19T08:41:50.435893+00:00,European Commission reuse notice: reuse authorised with source acknowledgement,Direct field EX_100_BUS_2025; layer GHSL_UCDB_THEME_EXPOSURE_GLOBE_R2024A; exact definition and upstream source in ghsl_indicator_dictionary.csv and official PDF.
ghsl_178,ghsl_EX_010_SHB_2025,GHSL UCDB R2024A V1.2,https://jeodpp.jrc.ec.europa.eu/ftp/jrc-opendata/GHSL/GHS_UCDB_GLOBE_R2024A/GHS_UCDB_GLOBE_R2024A/V1-2/GHS_UCDB_GLOBE_R2024A_V1_2.zip,2026-09-19T08:41:50.435893+00:00,European Commission reuse notice: reuse authorised with source acknowledgement,Direct field EX_010_SHB_2025; layer GHSL_UCDB_THEME_EXPOSURE_GLOBE_R2024A; exact definition and upstream source in ghsl_indicator_dictionary.csv and official PDF.
ghsl_178,ghsl_EX_100_SHB_2025,GHSL UCDB R2024A V1.2,https://jeodpp.jrc.ec.europa.eu/ftp/jrc-opendata/GHSL/GHS_UCDB_GLOBE_R2024A/GHS_UCDB_GLOBE_R2024A/V1-2/GHS_UCDB_GLOBE_R2024A_V1_2.zip,2026-09-19T08:41:50.435893+00:00,European Commission reuse notice: reuse authorised with source acknowledgement,Direct field EX_100_SHB_2025; layer GHSL_UCDB_THEME_EXPOSURE_GLOBE_R2024A; exact definition and upstream source in ghsl_indicator_dictionary.csv and official PDF.
ghsl_178,ghsl_EX_010_NRE_2025,GHSL UCDB R2024A V1.2,https://jeodpp.jrc.ec.europa.eu/ftp/jrc-opendata/GHSL/GHS_UCDB_GLOBE_R2024A/GHS_UCDB_GLOBE_R2024A/V1-2/GHS_UCDB_GLOBE_R2024A_V1_2.zip,2026-09-19T08:41:50.435893+00:00,European Commission reuse notice: reuse authorised with source acknowledgement,Direct field EX_010_NRE_2025; layer GHSL_UCDB_THEME_EXPOSURE_GLOBE_R2024A; exact definition and upstream source in ghsl_indicator_dictionary.csv and official PDF.
ghsl_178,ghsl_EX_100_NRE_2025,GHSL UCDB R2024A V1.2,https://jeodpp.jrc.ec.europa.eu/ftp/jrc-opendata/GHSL/GHS_UCDB_GLOBE_R2024A/GHS_UCDB_GLOBE_R2024A/V1-2/GHS_UCDB_GLOBE_R2024A_V1_2.zip,2026-09-19T08:41:50.435893+00:00,European Commission reuse notice: reuse authorised with source acknowledgement,Direct field EX_100_NRE_2025; layer GHSL_UCDB_THEME_EXPOSURE_GLOBE_R2024A; exact definition and upstream source in ghsl_indicator_dictionary.csv and official PDF.
ghsl_178,ghsl_EX_010_SNR_2025,GHSL UCDB R2024A V1.2,https://jeodpp.jrc.ec.europa.eu/ftp/jrc-opendata/GHSL/GHS_UCDB_GLOBE_R2024A/GHS_UCDB_GLOBE_R2024A/V1-2/GHS_UCDB_GLOBE_R2024A_V1_2.zip,2026-09-19T08:41:50.435893+00:00,European Commission reuse notice: reuse authorised with source acknowledgement,Direct field EX_010_SNR_2025; layer GHSL_UCDB_THEME_EXPOSURE_GLOBE_R2024A; exact definition and upstream source in ghsl_indicator_dictionary.csv and official PDF.
ghsl_178,ghsl_EX_100_SNR_2025,GHSL UCDB R2024A V1.2,https://jeodpp.jrc.ec.europa.eu/ftp/jrc-opendata/GHSL/GHS_UCDB_GLOBE_R2024A/GHS_UCDB_GLOBE_R2024A/V1-2/GHS_UCDB_GLOBE_R2024A_V1_2.zip,2026-09-19T08:41:50.435893+00:00,European Commission reuse notice: reuse authorised with source acknowledgement,Direct field EX_100_SNR_2025; layer GHSL_UCDB_THEME_EXPOSURE_GLOBE_R2024A; exact definition and upstream source in ghsl_indicator_dictionary.csv and official PDF.
ghsl_178,ghsl_EX_E01_POP_2025,GHSL UCDB R2024A V1.2,https://jeodpp.jrc.ec.europa.eu/ftp/jrc-opendata/GHSL/GHS_UCDB_GLOBE_R2024A/GHS_UCDB_GLOBE_R2024A/V1-2/GHS_UCDB_GLOBE_R2024A_V1_2.zip,2026-09-19T08:41:50.435893+00:00,European Commission reuse notice: reuse authorised with source acknowledgement,Direct field EX_E01_POP_2025; layer GHSL_UCDB_THEME_EXPOSURE_GLOBE_R2024A; exact definition and upstream source in ghsl_indicator_dictionary.csv and official PDF.
ghsl_178,ghsl_EX_E02_POP_2025,GHSL UCDB R2024A V1.2,https://jeodpp.jrc.ec.europa.eu/ftp/jrc-opendata/GHSL/GHS_UCDB_GLOBE_R2024A/GHS_UCDB_GLOBE_R2024A/V1-2/GHS_UCDB_GLOBE_R2024A_V1_2.zip,2026-09-19T08:41:50.435893+00:00,European Commission reuse notice: reuse authorised with source acknowledgement,Direct field EX_E02_POP_2025; layer GHSL_UCDB_THEME_EXPOSURE_GLOBE_R2024A; exact definition and upstream source in ghsl_indicator_dictionary.csv and official PDF.
ghsl_178,ghsl_EX_E04_POP_2025,GHSL UCDB R2024A V1.2,https://jeodpp.jrc.ec.europa.eu/ftp/jrc-opendata/GHSL/GHS_UCDB_GLOBE_R2024A/GHS_UCDB_GLOBE_R2024A/V1-2/GHS_UCDB_GLOBE_R2024A_V1_2.zip,2026-09-19T08:41:50.435893+00:00,European Commission reuse notice: reuse authorised with source acknowledgement,Direct field EX_E04_POP_2025; layer GHSL_UCDB_THEME_EXPOSURE_GLOBE_R2024A; exact definition and upstream source in ghsl_indicator_dictionary.csv and official PDF.
ghsl_178,ghsl_EX_E05_POP_2025,GHSL UCDB R2024A V1.2,https://jeodpp.jrc.ec.europa.eu/ftp/jrc-opendata/GHSL/GHS_UCDB_GLOBE_R2024A/GHS_UCDB_GLOBE_R2024A/V1-2/GHS_UCDB_GLOBE_R2024A_V1_2.zip,2026-09-19T08:41:50.435893+00:00,European Commission reuse notice: reuse authorised with source acknowledgement,Direct field EX_E05_POP_2025; layer GHSL_UCDB_THEME_EXPOSURE_GLOBE_R2024A; exact definition and upstream source in ghsl_indicator_dictionary.csv and official PDF.
ghsl_178,ghsl_EX_E06_POP_2025,GHSL UCDB R2024A V1.2,https://jeodpp.jrc.ec.europa.eu/ftp/jrc-opendata/GHSL/GHS_UCDB_GLOBE_R2024A/GHS_UCDB_GLOBE_R2024A/V1-2/GHS_UCDB_GLOBE_R2024A_V1_2.zip,2026-09-19T08:41:50.435893+00:00,European Commission reuse notice: reuse authorised with source acknowledgement,Direct field EX_E06_POP_2025; layer GHSL_UCDB_THEME_EXPOSURE_GLOBE_R2024A; exact definition and upstream source in ghsl_indicator_dictionary.csv and official PDF.
ghsl_178,ghsl_EX_E07_POP_2025,GHSL UCDB R2024A V1.2,https://jeodpp.jrc.ec.europa.eu/ftp/jrc-opendata/GHSL/GHS_UCDB_GLOBE_R2024A/GHS_UCDB_GLOBE_R2024A/V1-2/GHS_UCDB_GLOBE_R2024A_V1_2.zip,2026-09-19T08:41:50.435893+00:00,European Commission reuse notice: reuse authorised with source acknowledgement,Direct field EX_E07_POP_2025; layer GHSL_UCDB_THEME_EXPOSURE_GLOBE_R2024A; exact definition and upstream source in ghsl_indicator_dictionary.csv and official PDF.
ghsl_178,ghsl_EX_E08_POP_2025,GHSL UCDB R2024A V1.2,https://jeodpp.jrc.ec.europa.eu/ftp/jrc-opendata/GHSL/GHS_UCDB_GLOBE_R2024A/GHS_UCDB_GLOBE_R2024A/V1-2/GHS_UCDB_GLOBE_R2024A_V1_2.zip,2026-09-19T08:41:50.435893+00:00,European Commission reuse notice: reuse authorised with source acknowledgement,Direct field EX_E08_POP_2025; layer GHSL_UCDB_THEME_EXPOSURE_GLOBE_R2024A; exact definition and upstream source in ghsl_indicator_dictionary.csv and official PDF.
ghsl_178,ghsl_EX_E09_POP_2025,GHSL UCDB R2024A V1.2,https://jeodpp.jrc.ec.europa.eu/ftp/jrc-opendata/GHSL/GHS_UCDB_GLOBE_R2024A/GHS_UCDB_GLOBE_R2024A/V1-2/GHS_UCDB_GLOBE_R2024A_V1_2.zip,2026-09-19T08:41:50.435893+00:00,European Commission reuse notice: reuse authorised with source acknowledgement,Direct field EX_E09_POP_2025; layer GHSL_UCDB_THEME_EXPOSURE_GLOBE_R2024A; exact definition and upstream source in ghsl_indicator_dictionary.csv and official PDF.
ghsl_178,ghsl_EX_E10_POP_2025,GHSL UCDB R2024A V1.2,https://jeodpp.jrc.ec.europa.eu/ftp/jrc-opendata/GHSL/GHS_UCDB_GLOBE_R2024A/GHS_UCDB_GLOBE_R2024A/V1-2/GHS_UCDB_GLOBE_R2024A_V1_2.zip,2026-09-19T08:41:50.435893+00:00,European Commission reuse notice: reuse authorised with source acknowledgement,Direct field EX_E10_POP_2025; layer GHSL_UCDB_THEME_EXPOSURE_GLOBE_R2024A; exact definition and upstream source in ghsl_indicator_dictionary.csv and official PDF.
ghsl_178,ghsl_EX_SHA_POP_2025,GHSL UCDB R2024A V1.2,https://jeodpp.jrc.ec.europa.eu/ftp/jrc-opendata/GHSL/GHS_UCDB_GLOBE_R2024A/GHS_UCDB_GLOBE_R2024A/V1-2/GHS_UCDB_GLOBE_R2024A_V1_2.zip,2026-09-19T08:41:50.435893+00:00,European Commission reuse notice: reuse authorised with source acknowledgement,Direct field EX_SHA_POP_2025; layer GHSL_UCDB_THEME_EXPOSURE_GLOBE_R2024A; exact definition and upstream source in ghsl_indicator_dictionary.csv and official PDF.
ghsl_178,ghsl_EX_E01_BUS_2025,GHSL UCDB R2024A V1.2,https://jeodpp.jrc.ec.europa.eu/ftp/jrc-opendata/GHSL/GHS_UCDB_GLOBE_R2024A/GHS_UCDB_GLOBE_R2024A/V1-2/GHS_UCDB_GLOBE_R2024A_V1_2.zip,2026-09-19T08:41:50.435893+00:00,European Commission reuse notice: reuse authorised with source acknowledgement,Direct field EX_E01_BUS_2025; layer GHSL_UCDB_THEME_EXPOSURE_GLOBE_R2024A; exact definition and upstream source in ghsl_indicator_dictionary.csv and official PDF.
ghsl_178,ghsl_EX_E02_BUS_2025,GHSL UCDB R2024A V1.2,https://jeodpp.jrc.ec.europa.eu/ftp/jrc-opendata/GHSL/GHS_UCDB_GLOBE_R2024A/GHS_UCDB_GLOBE_R2024A/V1-2/GHS_UCDB_GLOBE_R2024A_V1_2.zip,2026-09-19T08:41:50.435893+00:00,European Commission reuse notice: reuse authorised with source acknowledgement,Direct field EX_E02_BUS_2025; layer GHSL_UCDB_THEME_EXPOSURE_GLOBE_R2024A; exact definition and upstream source in ghsl_indicator_dictionary.csv and official PDF.
ghsl_178,ghsl_EX_E04_BUS_2025,GHSL UCDB R2024A V1.2,https://jeodpp.jrc.ec.europa.eu/ftp/jrc-opendata/GHSL/GHS_UCDB_GLOBE_R2024A/GHS_UCDB_GLOBE_R2024A/V1-2/GHS_UCDB_GLOBE_R2024A_V1_2.zip,2026-09-19T08:41:50.435893+00:00,European Commission reuse notice: reuse authorised with source acknowledgement,Direct field EX_E04_BUS_2025; layer GHSL_UCDB_THEME_EXPOSURE_GLOBE_R2024A; exact definition and upstream source in ghsl_indicator_dictionary.csv and official PDF.
ghsl_178,ghsl_EX_E05_BUS_2025,GHSL UCDB R2024A V1.2,https://jeodpp.jrc.ec.europa.eu/ftp/jrc-opendata/GHSL/GHS_UCDB_GLOBE_R2024A/GHS_UCDB_GLOBE_R2024A/V1-2/GHS_UCDB_GLOBE_R2024A_V1_2.zip,2026-09-19T08:41:50.435893+00:00,European Commission reuse notice: reuse authorised with source acknowledgement,Direct field EX_E05_BUS_2025; layer GHSL_UCDB_THEME_EXPOSURE_GLOBE_R2024A; exact definition and upstream source in ghsl_indicator_dictionary.csv and official PDF.
ghsl_178,ghsl_EX_E06_BUS_2025,GHSL UCDB R2024A V1.2,https://jeodpp.jrc.ec.europa.eu/ftp/jrc-opendata/GHSL/GHS_UCDB_GLOBE_R2024A/GHS_UCDB_GLOBE_R2024A/V1-2/GHS_UCDB_GLOBE_R2024A_V1_2.zip,2026-09-19T08:41:50.435893+00:00,European Commission reuse notice: reuse authorised with source acknowledgement,Direct field EX_E06_BUS_2025; layer GHSL_UCDB_THEME_EXPOSURE_GLOBE_R2024A; exact definition and upstream source in ghsl_indicator_dictionary.csv and official PDF.
ghsl_178,ghsl_EX_E07_BUS_2025,GHSL UCDB R2024A V1.2,https://jeodpp.jrc.ec.europa.eu/ftp/jrc-opendata/GHSL/GHS_UCDB_GLOBE_R2024A/GHS_UCDB_GLOBE_R2024A/V1-2/GHS_UCDB_GLOBE_R2024A_V1_2.zip,2026-09-19T08:41:50.435893+00:00,European Commission reuse notice: reuse authorised with source acknowledgement,Direct field EX_E07_BUS_2025; layer GHSL_UCDB_THEME_EXPOSURE_GLOBE_R2024A; exact definition and upstream source in ghsl_indicator_dictionary.csv and official PDF.
ghsl_178,ghsl_EX_E08_BUS_2025,GHSL UCDB R2024A V1.2,https://jeodpp.jrc.ec.europa.eu/ftp/jrc-opendata/GHSL/GHS_UCDB_GLOBE_R2024A/GHS_UCDB_GLOBE_R2024A/V1-2/GHS_UCDB_GLOBE_R2024A_V1_2.zip,2026-09-19T08:41:50.435893+00:00,European Commission reuse notice: reuse authorised with source acknowledgement,Direct field EX_E08_BUS_2025; layer GHSL_UCDB_THEME_EXPOSURE_GLOBE_R2024A; exact definition and upstream source in ghsl_indicator_dictionary.csv and official PDF.
ghsl_178,ghsl_EX_E09_BUS_2025,GHSL UCDB R2024A V1.2,https://jeodpp.jrc.ec.europa.eu/ftp/jrc-opendata/GHSL/GHS_UCDB_GLOBE_R2024A/GHS_UCDB_GLOBE_R2024A/V1-2/GHS_UCDB_GLOBE_R2024A_V1_2.zip,2026-09-19T08:41:50.435893+00:00,European Commission reuse notice: reuse authorised with source acknowledgement,Direct field EX_E09_BUS_2025; layer GHSL_UCDB_THEME_EXPOSURE_GLOBE_R2024A; exact definition and upstream source in ghsl_indicator_dictionary.csv and official PDF.
ghsl_178,ghsl_EX_E10_BUS_2025,GHSL UCDB R2024A V1.2,https://jeodpp.jrc.ec.europa.eu/ftp/jrc-opendata/GHSL/GHS_UCDB_GLOBE_R2024A/GHS_UCDB_GLOBE_R2024A/V1-2/GHS_UCDB_GLOBE_R2024A_V1_2.zip,2026-09-19T08:41:50.435893+00:00,European Commission reuse notice: reuse authorised with source acknowledgement,Direct field EX_E10_BUS_2025; layer GHSL_UCDB_THEME_EXPOSURE_GLOBE_R2024A; exact definition and upstream source in ghsl_indicator_dictionary.csv and official PDF.
ghsl_178,ghsl_EX_SHA_BUS_2025,GHSL UCDB R2024A V1.2,https://jeodpp.jrc.ec.europa.eu/ftp/jrc-opendata/GHSL/GHS_UCDB_GLOBE_R2024A/GHS_UCDB_GLOBE_R2024A/V1-2/GHS_UCDB_GLOBE_R2024A_V1_2.zip,2026-09-19T08:41:50.435893+00:00,European Commission reuse notice: reuse authorised with source acknowledgement,Direct field EX_SHA_BUS_2025; layer GHSL_UCDB_THEME_EXPOSURE_GLOBE_R2024A; exact definition and upstream source in ghsl_indicator_dictionary.csv and official PDF.
ghsl_178,ghsl_EX_E01_NRE_2025,GHSL UCDB R2024A V1.2,https://jeodpp.jrc.ec.europa.eu/ftp/jrc-opendata/GHSL/GHS_UCDB_GLOBE_R2024A/GHS_UCDB_GLOBE_R2024A/V1-2/GHS_UCDB_GLOBE_R2024A_V1_2.zip,2026-09-19T08:41:50.435893+00:00,European Commission reuse notice: reuse authorised with source acknowledgement,Direct field EX_E01_NRE_2025; layer GHSL_UCDB_THEME_EXPOSURE_GLOBE_R2024A; exact definition and upstream source in ghsl_indicator_dictionary.csv and official PDF.
ghsl_178,ghsl_EX_E02_NRE_2025,GHSL UCDB R2024A V1.2,https://jeodpp.jrc.ec.europa.eu/ftp/jrc-opendata/GHSL/GHS_UCDB_GLOBE_R2024A/GHS_UCDB_GLOBE_R2024A/V1-2/GHS_UCDB_GLOBE_R2024A_V1_2.zip,2026-09-19T08:41:50.435893+00:00,European Commission reuse notice: reuse authorised with source acknowledgement,Direct field EX_E02_NRE_2025; layer GHSL_UCDB_THEME_EXPOSURE_GLOBE_R2024A; exact definition and upstream source in ghsl_indicator_dictionary.csv and official PDF.
ghsl_178,ghsl_EX_E04_NRE_2025,GHSL UCDB R2024A V1.2,https://jeodpp.jrc.ec.europa.eu/ftp/jrc-opendata/GHSL/GHS_UCDB_GLOBE_R2024A/GHS_UCDB_GLOBE_R2024A/V1-2/GHS_UCDB_GLOBE_R2024A_V1_2.zip,2026-09-19T08:41:50.435893+00:00,European Commission reuse notice: reuse authorised with source acknowledgement,Direct field EX_E04_NRE_2025; layer GHSL_UCDB_THEME_EXPOSURE_GLOBE_R2024A; exact definition and upstream source in ghsl_indicator_dictionary.csv and official PDF.
ghsl_178,ghsl_EX_E05_NRE_2025,GHSL UCDB R2024A V1.2,https://jeodpp.jrc.ec.europa.eu/ftp/jrc-opendata/GHSL/GHS_UCDB_GLOBE_R2024A/GHS_UCDB_GLOBE_R2024A/V1-2/GHS_UCDB_GLOBE_R2024A_V1_2.zip,2026-09-19T08:41:50.435893+00:00,European Commission reuse notice: reuse authorised with source acknowledgement,Direct field EX_E05_NRE_2025; layer GHSL_UCDB_THEME_EXPOSURE_GLOBE_R2024A; exact definition and upstream source in ghsl_indicator_dictionary.csv and official PDF.
ghsl_178,ghsl_EX_E06_NRE_2025,GHSL UCDB R2024A V1.2,https://jeodpp.jrc.ec.europa.eu/ftp/jrc-opendata/GHSL/GHS_UCDB_GLOBE_R2024A/GHS_UCDB_GLOBE_R2024A/V1-2/GHS_UCDB_GLOBE_R2024A_V1_2.zip,2026-09-19T08:41:50.435893+00:00,European Commission reuse notice: reuse authorised with source acknowledgement,Direct field EX_E06_NRE_2025; layer GHSL_UCDB_THEME_EXPOSURE_GLOBE_R2024A; exact definition and upstream source in ghsl_indicator_dictionary.csv and official PDF.
ghsl_178,ghsl_EX_E07_NRE_2025,GHSL UCDB R2024A V1.2,https://jeodpp.jrc.ec.europa.eu/ftp/jrc-opendata/GHSL/GHS_UCDB_GLOBE_R2024A/GHS_UCDB_GLOBE_R2024A/V1-2/GHS_UCDB_GLOBE_R2024A_V1_2.zip,2026-09-19T08:41:50.435893+00:00,European Commission reuse notice: reuse authorised with source acknowledgement,Direct field EX_E07_NRE_2025; layer GHSL_UCDB_THEME_EXPOSURE_GLOBE_R2024A; exact definition and upstream source in ghsl_indicator_dictionary.csv and official PDF.
ghsl_178,ghsl_EX_E08_NRE_2025,GHSL UCDB R2024A V1.2,https://jeodpp.jrc.ec.europa.eu/ftp/jrc-opendata/GHSL/GHS_UCDB_GLOBE_R2024A/GHS_UCDB_GLOBE_R2024A/V1-2/GHS_UCDB_GLOBE_R2024A_V1_2.zip,2026-09-19T08:41:50.435893+00:00,European Commission reuse notice: reuse authorised with source acknowledgement,Direct field EX_E08_NRE_2025; layer GHSL_UCDB_THEME_EXPOSURE_GLOBE_R2024A; exact definition and upstream source in ghsl_indicator_dictionary.csv and official PDF.
ghsl_178,ghsl_EX_E09_NRE_2025,GHSL UCDB R2024A V1.2,https://jeodpp.jrc.ec.europa.eu/ftp/jrc-opendata/GHSL/GHS_UCDB_GLOBE_R2024A/GHS_UCDB_GLOBE_R2024A/V1-2/GHS_UCDB_GLOBE_R2024A_V1_2.zip,2026-09-19T08:41:50.435893+00:00,European Commission reuse notice: reuse authorised with source acknowledgement,Direct field EX_E09_NRE_2025; layer GHSL_UCDB_THEME_EXPOSURE_GLOBE_R2024A; exact definition and upstream source in ghsl_indicator_dictionary.csv and official PDF.
ghsl_178,ghsl_EX_E10_NRE_2025,GHSL UCDB R2024A V1.2,https://jeodpp.jrc.ec.europa.eu/ftp/jrc-opendata/GHSL/GHS_UCDB_GLOBE_R2024A/GHS_UCDB_GLOBE_R2024A/V1-2/GHS_UCDB_GLOBE_R2024A_V1_2.zip,2026-09-19T08:41:50.435893+00:00,European Commission reuse notice: reuse authorised with source acknowledgement,Direct field EX_E10_NRE_2025; layer GHSL_UCDB_THEME_EXPOSURE_GLOBE_R2024A; exact definition and upstream source in ghsl_indicator_dictionary.csv and official PDF.
ghsl_178,ghsl_EX_SHA_NRE_2025,GHSL UCDB R2024A V1.2,https://jeodpp.jrc.ec.europa.eu/ftp/jrc-opendata/GHSL/GHS_UCDB_GLOBE_R2024A/GHS_UCDB_GLOBE_R2024A/V1-2/GHS_UCDB_GLOBE_R2024A_V1_2.zip,2026-09-19T08:41:50.435893+00:00,European Commission reuse notice: reuse authorised with source acknowledgement,Direct field EX_SHA_NRE_2025; layer GHSL_UCDB_THEME_EXPOSURE_GLOBE_R2024A; exact definition and upstream source in ghsl_indicator_dictionary.csv and official PDF.
ghsl_178,ghsl_EX_020_S1P_2025,GHSL UCDB R2024A V1.2,https://jeodpp.jrc.ec.europa.eu/ftp/jrc-opendata/GHSL/GHS_UCDB_GLOBE_R2024A/GHS_UCDB_GLOBE_R2024A/V1-2/GHS_UCDB_GLOBE_R2024A_V1_2.zip,2026-09-19T08:41:50.435893+00:00,European Commission reuse notice: reuse authorised with source acknowledgement,Direct field EX_020_S1P_2025; layer GHSL_UCDB_THEME_EXPOSURE_GLOBE_R2024A; exact definition and upstream source in ghsl_indicator_dictionary.csv and official PDF.
ghsl_178,ghsl_EX_100_S1P_2025,GHSL UCDB R2024A V1.2,https://jeodpp.jrc.ec.europa.eu/ftp/jrc-opendata/GHSL/GHS_UCDB_GLOBE_R2024A/GHS_UCDB_GLOBE_R2024A/V1-2/GHS_UCDB_GLOBE_R2024A_V1_2.zip,2026-09-19T08:41:50.435893+00:00,European Commission reuse notice: reuse authorised with source acknowledgement,Direct field EX_100_S1P_2025; layer GHSL_UCDB_THEME_EXPOSURE_GLOBE_R2024A; exact definition and upstream source in ghsl_indicator_dictionary.csv and official PDF.
ghsl_178,ghsl_EX_400_S1P_2025,GHSL UCDB R2024A V1.2,https://jeodpp.jrc.ec.europa.eu/ftp/jrc-opendata/GHSL/GHS_UCDB_GLOBE_R2024A/GHS_UCDB_GLOBE_R2024A/V1-2/GHS_UCDB_GLOBE_R2024A_V1_2.zip,2026-09-19T08:41:50.435893+00:00,European Commission reuse notice: reuse authorised with source acknowledgement,Direct field EX_400_S1P_2025; layer GHSL_UCDB_THEME_EXPOSURE_GLOBE_R2024A; exact definition and upstream source in ghsl_indicator_dictionary.csv and official PDF.
ghsl_178,ghsl_EX_400_S3P_2025,GHSL UCDB R2024A V1.2,https://jeodpp.jrc.ec.europa.eu/ftp/jrc-opendata/GHSL/GHS_UCDB_GLOBE_R2024A/GHS_UCDB_GLOBE_R2024A/V1-2/GHS_UCDB_GLOBE_R2024A_V1_2.zip,2026-09-19T08:41:50.435893+00:00,European Commission reuse notice: reuse authorised with source acknowledgement,Direct field EX_400_S3P_2025; layer GHSL_UCDB_THEME_EXPOSURE_GLOBE_R2024A; exact definition and upstream source in ghsl_indicator_dictionary.csv and official PDF.
ghsl_178,ghsl_EX_020_S1B_2025,GHSL UCDB R2024A V1.2,https://jeodpp.jrc.ec.europa.eu/ftp/jrc-opendata/GHSL/GHS_UCDB_GLOBE_R2024A/GHS_UCDB_GLOBE_R2024A/V1-2/GHS_UCDB_GLOBE_R2024A_V1_2.zip,2026-09-19T08:41:50.435893+00:00,European Commission reuse notice: reuse authorised with source acknowledgement,Direct field EX_020_S1B_2025; layer GHSL_UCDB_THEME_EXPOSURE_GLOBE_R2024A; exact definition and upstream source in ghsl_indicator_dictionary.csv and official PDF.
ghsl_178,ghsl_EX_100_S1B_2025,GHSL UCDB R2024A V1.2,https://jeodpp.jrc.ec.europa.eu/ftp/jrc-opendata/GHSL/GHS_UCDB_GLOBE_R2024A/GHS_UCDB_GLOBE_R2024A/V1-2/GHS_UCDB_GLOBE_R2024A_V1_2.zip,2026-09-19T08:41:50.435893+00:00,European Commission reuse notice: reuse authorised with source acknowledgement,Direct field EX_100_S1B_2025; layer GHSL_UCDB_THEME_EXPOSURE_GLOBE_R2024A; exact definition and upstream source in ghsl_indicator_dictionary.csv and official PDF.
ghsl_178,ghsl_EX_400_S1B_2025,GHSL UCDB R2024A V1.2,https://jeodpp.jrc.ec.europa.eu/ftp/jrc-opendata/GHSL/GHS_UCDB_GLOBE_R2024A/GHS_UCDB_GLOBE_R2024A/V1-2/GHS_UCDB_GLOBE_R2024A_V1_2.zip,2026-09-19T08:41:50.435893+00:00,European Commission reuse notice: reuse authorised with source acknowledgement,Direct field EX_400_S1B_2025; layer GHSL_UCDB_THEME_EXPOSURE_GLOBE_R2024A; exact definition and upstream source in ghsl_indicator_dictionary.csv and official PDF.
ghsl_178,ghsl_EX_400_S3B_2025,GHSL UCDB R2024A V1.2,https://jeodpp.jrc.ec.europa.eu/ftp/jrc-opendata/GHSL/GHS_UCDB_GLOBE_R2024A/GHS_UCDB_GLOBE_R2024A/V1-2/GHS_UCDB_GLOBE_R2024A_V1_2.zip,2026-09-19T08:41:50.435893+00:00,European Commission reuse notice: reuse authorised with source acknowledgement,Direct field EX_400_S3B_2025; layer GHSL_UCDB_THEME_EXPOSURE_GLOBE_R2024A; exact definition and upstream source in ghsl_indicator_dictionary.csv and official PDF.
ghsl_178,ghsl_EX_20_S1N_2025,GHSL UCDB R2024A V1.2,https://jeodpp.jrc.ec.europa.eu/ftp/jrc-opendata/GHSL/GHS_UCDB_GLOBE_R2024A/GHS_UCDB_GLOBE_R2024A/V1-2/GHS_UCDB_GLOBE_R2024A_V1_2.zip,2026-09-19T08:41:50.435893+00:00,European Commission reuse notice: reuse authorised with source acknowledgement,Direct field EX_20_S1N_2025; layer GHSL_UCDB_THEME_EXPOSURE_GLOBE_R2024A; exact definition and upstream source in ghsl_indicator_dictionary.csv and official PDF.
ghsl_178,ghsl_EX_100_S1N_2025,GHSL UCDB R2024A V1.2,https://jeodpp.jrc.ec.europa.eu/ftp/jrc-opendata/GHSL/GHS_UCDB_GLOBE_R2024A/GHS_UCDB_GLOBE_R2024A/V1-2/GHS_UCDB_GLOBE_R2024A_V1_2.zip,2026-09-19T08:41:50.435893+00:00,European Commission reuse notice: reuse authorised with source acknowledgement,Direct field EX_100_S1N_2025; layer GHSL_UCDB_THEME_EXPOSURE_GLOBE_R2024A; exact definition and upstream source in ghsl_indicator_dictionary.csv and official PDF.
ghsl_178,ghsl_EX_400_S1N_2025,GHSL UCDB R2024A V1.2,https://jeodpp.jrc.ec.europa.eu/ftp/jrc-opendata/GHSL/GHS_UCDB_GLOBE_R2024A/GHS_UCDB_GLOBE_R2024A/V1-2/GHS_UCDB_GLOBE_R2024A_V1_2.zip,2026-09-19T08:41:50.435893+00:00,European Commission reuse notice: reuse authorised with source acknowledgement,Direct field EX_400_S1N_2025; layer GHSL_UCDB_THEME_EXPOSURE_GLOBE_R2024A; exact definition and upstream source in ghsl_indicator_dictionary.csv and official PDF.
ghsl_178,ghsl_EX_400_S3N_2025,GHSL UCDB R2024A V1.2,https://jeodpp.jrc.ec.europa.eu/ftp/jrc-opendata/GHSL/GHS_UCDB_GLOBE_R2024A/GHS_UCDB_GLOBE_R2024A/V1-2/GHS_UCDB_GLOBE_R2024A_V1_2.zip,2026-09-19T08:41:50.435893+00:00,European Commission reuse notice: reuse authorised with source acknowledgement,Direct field EX_400_S3N_2025; layer GHSL_UCDB_THEME_EXPOSURE_GLOBE_R2024A; exact definition and upstream source in ghsl_indicator_dictionary.csv and official PDF.
ghsl_178,ghsl_EX_CF2_POP_2025,GHSL UCDB R2024A V1.2,https://jeodpp.jrc.ec.europa.eu/ftp/jrc-opendata/GHSL/GHS_UCDB_GLOBE_R2024A/GHS_UCDB_GLOBE_R2024A/V1-2/GHS_UCDB_GLOBE_R2024A_V1_2.zip,2026-09-19T08:41:50.435893+00:00,European Commission reuse notice: reuse authorised with source acknowledgement,Direct field EX_CF2_POP_2025; layer GHSL_UCDB_THEME_EXPOSURE_GLOBE_R2024A; exact definition and upstream source in ghsl_indicator_dictionary.csv and official PDF.
ghsl_178,ghsl_EX_CF1_POP_2025,GHSL UCDB R2024A V1.2,https://jeodpp.jrc.ec.europa.eu/ftp/jrc-opendata/GHSL/GHS_UCDB_GLOBE_R2024A/GHS_UCDB_GLOBE_R2024A/V1-2/GHS_UCDB_GLOBE_R2024A_V1_2.zip,2026-09-19T08:41:50.435893+00:00,European Commission reuse notice: reuse authorised with source acknowledgement,Direct field EX_CF1_POP_2025; layer GHSL_UCDB_THEME_EXPOSURE_GLOBE_R2024A; exact definition and upstream source in ghsl_indicator_dictionary.csv and official PDF.
ghsl_178,ghsl_EX_CF2_BUS_2025,GHSL UCDB R2024A V1.2,https://jeodpp.jrc.ec.europa.eu/ftp/jrc-opendata/GHSL/GHS_UCDB_GLOBE_R2024A/GHS_UCDB_GLOBE_R2024A/V1-2/GHS_UCDB_GLOBE_R2024A_V1_2.zip,2026-09-19T08:41:50.435893+00:00,European Commission reuse notice: reuse authorised with source acknowledgement,Direct field EX_CF2_BUS_2025; layer GHSL_UCDB_THEME_EXPOSURE_GLOBE_R2024A; exact definition and upstream source in ghsl_indicator_dictionary.csv and official PDF.
ghsl_178,ghsl_EX_CF1_BUS_2025,GHSL UCDB R2024A V1.2,https://jeodpp.jrc.ec.europa.eu/ftp/jrc-opendata/GHSL/GHS_UCDB_GLOBE_R2024A/GHS_UCDB_GLOBE_R2024A/V1-2/GHS_UCDB_GLOBE_R2024A_V1_2.zip,2026-09-19T08:41:50.435893+00:00,European Commission reuse notice: reuse authorised with source acknowledgement,Direct field EX_CF1_BUS_2025; layer GHSL_UCDB_THEME_EXPOSURE_GLOBE_R2024A; exact definition and upstream source in ghsl_indicator_dictionary.csv and official PDF.
ghsl_178,ghsl_EX_CF2_NRE_2025,GHSL UCDB R2024A V1.2,https://jeodpp.jrc.ec.europa.eu/ftp/jrc-opendata/GHSL/GHS_UCDB_GLOBE_R2024A/GHS_UCDB_GLOBE_R2024A/V1-2/GHS_UCDB_GLOBE_R2024A_V1_2.zip,2026-09-19T08:41:50.435893+00:00,European Commission reuse notice: reuse authorised with source acknowledgement,Direct field EX_CF2_NRE_2025; layer GHSL_UCDB_THEME_EXPOSURE_GLOBE_R2024A; exact definition and upstream source in ghsl_indicator_dictionary.csv and official PDF.
ghsl_178,ghsl_EX_CF1_NRE_2025,GHSL UCDB R2024A V1.2,https://jeodpp.jrc.ec.europa.eu/ftp/jrc-opendata/GHSL/GHS_UCDB_GLOBE_R2024A/GHS_UCDB_GLOBE_R2024A/V1-2/GHS_UCDB_GLOBE_R2024A_V1_2.zip,2026-09-19T08:41:50.435893+00:00,European Commission reuse notice: reuse authorised with source acknowledgement,Direct field EX_CF1_NRE_2025; layer GHSL_UCDB_THEME_EXPOSURE_GLOBE_R2024A; exact definition and upstream source in ghsl_indicator_dictionary.csv and official PDF.
ghsl_178,ghsl_EX_CF2_SHP_2025,GHSL UCDB R2024A V1.2,https://jeodpp.jrc.ec.europa.eu/ftp/jrc-opendata/GHSL/GHS_UCDB_GLOBE_R2024A/GHS_UCDB_GLOBE_R2024A/V1-2/GHS_UCDB_GLOBE_R2024A_V1_2.zip,2026-09-19T08:41:50.435893+00:00,European Commission reuse notice: reuse authorised with source acknowledgement,Direct field EX_CF2_SHP_2025; layer GHSL_UCDB_THEME_EXPOSURE_GLOBE_R2024A; exact definition and upstream source in ghsl_indicator_dictionary.csv and official PDF.
ghsl_178,ghsl_EX_CF1_SHP_2025,GHSL UCDB R2024A V1.2,https://jeodpp.jrc.ec.europa.eu/ftp/jrc-opendata/GHSL/GHS_UCDB_GLOBE_R2024A/GHS_UCDB_GLOBE_R2024A/V1-2/GHS_UCDB_GLOBE_R2024A_V1_2.zip,2026-09-19T08:41:50.435893+00:00,European Commission reuse notice: reuse authorised with source acknowledgement,Direct field EX_CF1_SHP_2025; layer GHSL_UCDB_THEME_EXPOSURE_GLOBE_R2024A; exact definition and upstream source in ghsl_indicator_dictionary.csv and official PDF.
ghsl_178,ghsl_EX_CF2_SHB_2025,GHSL UCDB R2024A V1.2,https://jeodpp.jrc.ec.europa.eu/ftp/jrc-opendata/GHSL/GHS_UCDB_GLOBE_R2024A/GHS_UCDB_GLOBE_R2024A/V1-2/GHS_UCDB_GLOBE_R2024A_V1_2.zip,2026-09-19T08:41:50.435893+00:00,European Commission reuse notice: reuse authorised with source acknowledgement,Direct field EX_CF2_SHB_2025; layer GHSL_UCDB_THEME_EXPOSURE_GLOBE_R2024A; exact definition and upstream source in ghsl_indicator_dictionary.csv and official PDF.
ghsl_178,ghsl_EX_CF1_SHB_2025,GHSL UCDB R2024A V1.2,https://jeodpp.jrc.ec.europa.eu/ftp/jrc-opendata/GHSL/GHS_UCDB_GLOBE_R2024A/GHS_UCDB_GLOBE_R2024A/V1-2/GHS_UCDB_GLOBE_R2024A_V1_2.zip,2026-09-19T08:41:50.435893+00:00,European Commission reuse notice: reuse authorised with source acknowledgement,Direct field EX_CF1_SHB_2025; layer GHSL_UCDB_THEME_EXPOSURE_GLOBE_R2024A; exact definition and upstream source in ghsl_indicator_dictionary.csv and official PDF.
ghsl_178,ghsl_EX_CF2_SNR_2025,GHSL UCDB R2024A V1.2,https://jeodpp.jrc.ec.europa.eu/ftp/jrc-opendata/GHSL/GHS_UCDB_GLOBE_R2024A/GHS_UCDB_GLOBE_R2024A/V1-2/GHS_UCDB_GLOBE_R2024A_V1_2.zip,2026-09-19T08:41:50.435893+00:00,European Commission reuse notice: reuse authorised with source acknowledgement,Direct field EX_CF2_SNR_2025; layer GHSL_UCDB_THEME_EXPOSURE_GLOBE_R2024A; exact definition and upstream source in ghsl_indicator_dictionary.csv and official PDF.
ghsl_178,ghsl_EX_CF1_SNR_2025,GHSL UCDB R2024A V1.2,https://jeodpp.jrc.ec.europa.eu/ftp/jrc-opendata/GHSL/GHS_UCDB_GLOBE_R2024A/GHS_UCDB_GLOBE_R2024A/V1-2/GHS_UCDB_GLOBE_R2024A_V1_2.zip,2026-09-19T08:41:50.435893+00:00,European Commission reuse notice: reuse authorised with source acknowledgement,Direct field EX_CF1_SNR_2025; layer GHSL_UCDB_THEME_EXPOSURE_GLOBE_R2024A; exact definition and upstream source in ghsl_indicator_dictionary.csv and official PDF.
ghsl_178,ghsl_EX_L05_POP_2025,GHSL UCDB R2024A V1.2,https://jeodpp.jrc.ec.europa.eu/ftp/jrc-opendata/GHSL/GHS_UCDB_GLOBE_R2024A/GHS_UCDB_GLOBE_R2024A/V1-2/GHS_UCDB_GLOBE_R2024A_V1_2.zip,2026-09-19T08:41:50.435893+00:00,European Commission reuse notice: reuse authorised with source acknowledgement,Direct field EX_L05_POP_2025; layer GHSL_UCDB_THEME_EXPOSURE_GLOBE_R2024A; exact definition and upstream source in ghsl_indicator_dictionary.csv and official PDF.
ghsl_178,ghsl_EX_L10_POP_2025,GHSL UCDB R2024A V1.2,https://jeodpp.jrc.ec.europa.eu/ftp/jrc-opendata/GHSL/GHS_UCDB_GLOBE_R2024A/GHS_UCDB_GLOBE_R2024A/V1-2/GHS_UCDB_GLOBE_R2024A_V1_2.zip,2026-09-19T08:41:50.435893+00:00,European Commission reuse notice: reuse authorised with source acknowledgement,Direct field EX_L10_POP_2025; layer GHSL_UCDB_THEME_EXPOSURE_GLOBE_R2024A; exact definition and upstream source in ghsl_indicator_dictionary.csv and official PDF.
ghsl_178,ghsl_Unnamed: 0_x,GHSL UCDB R2024A V1.2,https://jeodpp.jrc.ec.europa.eu/ftp/jrc-opendata/GHSL/GHS_UCDB_GLOBE_R2024A/GHS_UCDB_GLOBE_R2024A/V1-2/GHS_UCDB_GLOBE_R2024A_V1_2.zip,2026-09-19T08:41:50.435893+00:00,European Commission reuse notice: reuse authorised with source acknowledgement,Direct field Unnamed: 0_x; layer GHSL_UCDB_THEME_EXPOSURE_GLOBE_R2024A; exact definition and upstream source in ghsl_indicator_dictionary.csv and official PDF.
ghsl_178,ghsl_EX_L05_SHP_2025,GHSL UCDB R2024A V1.2,https://jeodpp.jrc.ec.europa.eu/ftp/jrc-opendata/GHSL/GHS_UCDB_GLOBE_R2024A/GHS_UCDB_GLOBE_R2024A/V1-2/GHS_UCDB_GLOBE_R2024A_V1_2.zip,2026-09-19T08:41:50.435893+00:00,European Commission reuse notice: reuse authorised with source acknowledgement,Direct field EX_L05_SHP_2025; layer GHSL_UCDB_THEME_EXPOSURE_GLOBE_R2024A; exact definition and upstream source in ghsl_indicator_dictionary.csv and official PDF.
ghsl_178,ghsl_Unnamed: 0_y,GHSL UCDB R2024A V1.2,https://jeodpp.jrc.ec.europa.eu/ftp/jrc-opendata/GHSL/GHS_UCDB_GLOBE_R2024A/GHS_UCDB_GLOBE_R2024A/V1-2/GHS_UCDB_GLOBE_R2024A_V1_2.zip,2026-09-19T08:41:50.435893+00:00,European Commission reuse notice: reuse authorised with source acknowledgement,Direct field Unnamed: 0_y; layer GHSL_UCDB_THEME_EXPOSURE_GLOBE_R2024A; exact definition and upstream source in ghsl_indicator_dictionary.csv and official PDF.
ghsl_178,ghsl_EX_L10_SHP_2025,GHSL UCDB R2024A V1.2,https://jeodpp.jrc.ec.europa.eu/ftp/jrc-opendata/GHSL/GHS_UCDB_GLOBE_R2024A/GHS_UCDB_GLOBE_R2024A/V1-2/GHS_UCDB_GLOBE_R2024A_V1_2.zip,2026-09-19T08:41:50.435893+00:00,European Commission reuse notice: reuse authorised with source acknowledgement,Direct field EX_L10_SHP_2025; layer GHSL_UCDB_THEME_EXPOSURE_GLOBE_R2024A; exact definition and upstream source in ghsl_indicator_dictionary.csv and official PDF.
ghsl_178,ghsl_Unnamed: 0,GHSL UCDB R2024A V1.2,https://jeodpp.jrc.ec.europa.eu/ftp/jrc-opendata/GHSL/GHS_UCDB_GLOBE_R2024A/GHS_UCDB_GLOBE_R2024A/V1-2/GHS_UCDB_GLOBE_R2024A_V1_2.zip,2026-09-19T08:41:50.435893+00:00,European Commission reuse notice: reuse authorised with source acknowledgement,Direct field Unnamed: 0; layer GHSL_UCDB_THEME_EXPOSURE_GLOBE_R2024A; exact definition and upstream source in ghsl_indicator_dictionary.csv and official PDF.
ghsl_178,ghsl_EX_LEC_SHP_2025,GHSL UCDB R2024A V1.2,https://jeodpp.jrc.ec.europa.eu/ftp/jrc-opendata/GHSL/GHS_UCDB_GLOBE_R2024A/GHS_UCDB_GLOBE_R2024A/V1-2/GHS_UCDB_GLOBE_R2024A_V1_2.zip,2026-09-19T08:41:50.435893+00:00,European Commission reuse notice: reuse authorised with source acknowledgement,Direct field EX_LEC_SHP_2025; layer GHSL_UCDB_THEME_EXPOSURE_GLOBE_R2024A; exact definition and upstream source in ghsl_indicator_dictionary.csv and official PDF.
ghsl_178,ghsl_EX_L05_BUS_2025,GHSL UCDB R2024A V1.2,https://jeodpp.jrc.ec.europa.eu/ftp/jrc-opendata/GHSL/GHS_UCDB_GLOBE_R2024A/GHS_UCDB_GLOBE_R2024A/V1-2/GHS_UCDB_GLOBE_R2024A_V1_2.zip,2026-09-19T08:41:50.435893+00:00,European Commission reuse notice: reuse authorised with source acknowledgement,Direct field EX_L05_BUS_2025; layer GHSL_UCDB_THEME_EXPOSURE_GLOBE_R2024A; exact definition and upstream source in ghsl_indicator_dictionary.csv and official PDF.
ghsl_178,ghsl_EX_L10_BUS_2025,GHSL UCDB R2024A V1.2,https://jeodpp.jrc.ec.europa.eu/ftp/jrc-opendata/GHSL/GHS_UCDB_GLOBE_R2024A/GHS_UCDB_GLOBE_R2024A/V1-2/GHS_UCDB_GLOBE_R2024A_V1_2.zip,2026-09-19T08:41:50.435893+00:00,European Commission reuse notice: reuse authorised with source acknowledgement,Direct field EX_L10_BUS_2025; layer GHSL_UCDB_THEME_EXPOSURE_GLOBE_R2024A; exact definition and upstream source in ghsl_indicator_dictionary.csv and official PDF.
ghsl_178,ghsl_EX_L05_NRE_2025,GHSL UCDB R2024A V1.2,https://jeodpp.jrc.ec.europa.eu/ftp/jrc-opendata/GHSL/GHS_UCDB_GLOBE_R2024A/GHS_UCDB_GLOBE_R2024A/V1-2/GHS_UCDB_GLOBE_R2024A_V1_2.zip,2026-09-19T08:41:50.435893+00:00,European Commission reuse notice: reuse authorised with source acknowledgement,Direct field EX_L05_NRE_2025; layer GHSL_UCDB_THEME_EXPOSURE_GLOBE_R2024A; exact definition and upstream source in ghsl_indicator_dictionary.csv and official PDF.
ghsl_178,ghsl_EX_L10_NRE_2025,GHSL UCDB R2024A V1.2,https://jeodpp.jrc.ec.europa.eu/ftp/jrc-opendata/GHSL/GHS_UCDB_GLOBE_R2024A/GHS_UCDB_GLOBE_R2024A/V1-2/GHS_UCDB_GLOBE_R2024A_V1_2.zip,2026-09-19T08:41:50.435893+00:00,European Commission reuse notice: reuse authorised with source acknowledgement,Direct field EX_L10_NRE_2025; layer GHSL_UCDB_THEME_EXPOSURE_GLOBE_R2024A; exact definition and upstream source in ghsl_indicator_dictionary.csv and official PDF.
ghsl_178,ghsl_EX_L05_RES_2025,GHSL UCDB R2024A V1.2,https://jeodpp.jrc.ec.europa.eu/ftp/jrc-opendata/GHSL/GHS_UCDB_GLOBE_R2024A/GHS_UCDB_GLOBE_R2024A/V1-2/GHS_UCDB_GLOBE_R2024A_V1_2.zip,2026-09-19T08:41:50.435893+00:00,European Commission reuse notice: reuse authorised with source acknowledgement,Direct field EX_L05_RES_2025; layer GHSL_UCDB_THEME_EXPOSURE_GLOBE_R2024A; exact definition and upstream source in ghsl_indicator_dictionary.csv and official PDF.
ghsl_178,ghsl_EX_L10_RES_2025,GHSL UCDB R2024A V1.2,https://jeodpp.jrc.ec.europa.eu/ftp/jrc-opendata/GHSL/GHS_UCDB_GLOBE_R2024A/GHS_UCDB_GLOBE_R2024A/V1-2/GHS_UCDB_GLOBE_R2024A_V1_2.zip,2026-09-19T08:41:50.435893+00:00,European Commission reuse notice: reuse authorised with source acknowledgement,Direct field EX_L10_RES_2025; layer GHSL_UCDB_THEME_EXPOSURE_GLOBE_R2024A; exact definition and upstream source in ghsl_indicator_dictionary.csv and official PDF.
ghsl_178,ghsl_EX_L05_SHB_2025,GHSL UCDB R2024A V1.2,https://jeodpp.jrc.ec.europa.eu/ftp/jrc-opendata/GHSL/GHS_UCDB_GLOBE_R2024A/GHS_UCDB_GLOBE_R2024A/V1-2/GHS_UCDB_GLOBE_R2024A_V1_2.zip,2026-09-19T08:41:50.435893+00:00,European Commission reuse notice: reuse authorised with source acknowledgement,Direct field EX_L05_SHB_2025; layer GHSL_UCDB_THEME_EXPOSURE_GLOBE_R2024A; exact definition and upstream source in ghsl_indicator_dictionary.csv and official PDF.
ghsl_178,ghsl_EX_L10_SHB_2025,GHSL UCDB R2024A V1.2,https://jeodpp.jrc.ec.europa.eu/ftp/jrc-opendata/GHSL/GHS_UCDB_GLOBE_R2024A/GHS_UCDB_GLOBE_R2024A/V1-2/GHS_UCDB_GLOBE_R2024A_V1_2.zip,2026-09-19T08:41:50.435893+00:00,European Commission reuse notice: reuse authorised with source acknowledgement,Direct field EX_L10_SHB_2025; layer GHSL_UCDB_THEME_EXPOSURE_GLOBE_R2024A; exact definition and upstream source in ghsl_indicator_dictionary.csv and official PDF.
ghsl_178,ghsl_EX_LEC_SHB_2025,GHSL UCDB R2024A V1.2,https://jeodpp.jrc.ec.europa.eu/ftp/jrc-opendata/GHSL/GHS_UCDB_GLOBE_R2024A/GHS_UCDB_GLOBE_R2024A/V1-2/GHS_UCDB_GLOBE_R2024A_V1_2.zip,2026-09-19T08:41:50.435893+00:00,European Commission reuse notice: reuse authorised with source acknowledgement,Direct field EX_LEC_SHB_2025; layer GHSL_UCDB_THEME_EXPOSURE_GLOBE_R2024A; exact definition and upstream source in ghsl_indicator_dictionary.csv and official PDF.
ghsl_178,ghsl_EX_L05_SNR_2025,GHSL UCDB R2024A V1.2,https://jeodpp.jrc.ec.europa.eu/ftp/jrc-opendata/GHSL/GHS_UCDB_GLOBE_R2024A/GHS_UCDB_GLOBE_R2024A/V1-2/GHS_UCDB_GLOBE_R2024A_V1_2.zip,2026-09-19T08:41:50.435893+00:00,European Commission reuse notice: reuse authorised with source acknowledgement,Direct field EX_L05_SNR_2025; layer GHSL_UCDB_THEME_EXPOSURE_GLOBE_R2024A; exact definition and upstream source in ghsl_indicator_dictionary.csv and official PDF.
ghsl_178,ghsl_EX_L10_SNR_2025,GHSL UCDB R2024A V1.2,https://jeodpp.jrc.ec.europa.eu/ftp/jrc-opendata/GHSL/GHS_UCDB_GLOBE_R2024A/GHS_UCDB_GLOBE_R2024A/V1-2/GHS_UCDB_GLOBE_R2024A_V1_2.zip,2026-09-19T08:41:50.435893+00:00,European Commission reuse notice: reuse authorised with source acknowledgement,Direct field EX_L10_SNR_2025; layer GHSL_UCDB_THEME_EXPOSURE_GLOBE_R2024A; exact definition and upstream source in ghsl_indicator_dictionary.csv and official PDF.
ghsl_178,ghsl_EX_LEC_SNR_2025,GHSL UCDB R2024A V1.2,https://jeodpp.jrc.ec.europa.eu/ftp/jrc-opendata/GHSL/GHS_UCDB_GLOBE_R2024A/GHS_UCDB_GLOBE_R2024A/V1-2/GHS_UCDB_GLOBE_R2024A_V1_2.zip,2026-09-19T08:41:50.435893+00:00,European Commission reuse notice: reuse authorised with source acknowledgement,Direct field EX_LEC_SNR_2025; layer GHSL_UCDB_THEME_EXPOSURE_GLOBE_R2024A; exact definition and upstream source in ghsl_indicator_dictionary.csv and official PDF.
ghsl_178,ghsl_EX_L05_SHR_2025,GHSL UCDB R2024A V1.2,https://jeodpp.jrc.ec.europa.eu/ftp/jrc-opendata/GHSL/GHS_UCDB_GLOBE_R2024A/GHS_UCDB_GLOBE_R2024A/V1-2/GHS_UCDB_GLOBE_R2024A_V1_2.zip,2026-09-19T08:41:50.435893+00:00,European Commission reuse notice: reuse authorised with source acknowledgement,Direct field EX_L05_SHR_2025; layer GHSL_UCDB_THEME_EXPOSURE_GLOBE_R2024A; exact definition and upstream source in ghsl_indicator_dictionary.csv and official PDF.
ghsl_178,ghsl_EX_L10_SHR_2025,GHSL UCDB R2024A V1.2,https://jeodpp.jrc.ec.europa.eu/ftp/jrc-opendata/GHSL/GHS_UCDB_GLOBE_R2024A/GHS_UCDB_GLOBE_R2024A/V1-2/GHS_UCDB_GLOBE_R2024A_V1_2.zip,2026-09-19T08:41:50.435893+00:00,European Commission reuse notice: reuse authorised with source acknowledgement,Direct field EX_L10_SHR_2025; layer GHSL_UCDB_THEME_EXPOSURE_GLOBE_R2024A; exact definition and upstream source in ghsl_indicator_dictionary.csv and official PDF.
ghsl_178,ghsl_EX_LEC_SHR_2025,GHSL UCDB R2024A V1.2,https://jeodpp.jrc.ec.europa.eu/ftp/jrc-opendata/GHSL/GHS_UCDB_GLOBE_R2024A/GHS_UCDB_GLOBE_R2024A/V1-2/GHS_UCDB_GLOBE_R2024A_V1_2.zip,2026-09-19T08:41:50.435893+00:00,European Commission reuse notice: reuse authorised with source acknowledgement,Direct field EX_LEC_SHR_2025; layer GHSL_UCDB_THEME_EXPOSURE_GLOBE_R2024A; exact definition and upstream source in ghsl_indicator_dictionary.csv and official PDF.
ghsl_178,ghsl_EX_L05_B11_2020,GHSL UCDB R2024A V1.2,https://jeodpp.jrc.ec.europa.eu/ftp/jrc-opendata/GHSL/GHS_UCDB_GLOBE_R2024A/GHS_UCDB_GLOBE_R2024A/V1-2/GHS_UCDB_GLOBE_R2024A_V1_2.zip,2026-09-19T08:41:50.435893+00:00,European Commission reuse notice: reuse authorised with source acknowledgement,Direct field EX_L05_B11_2020; layer GHSL_UCDB_THEME_EXPOSURE_GLOBE_R2024A; exact definition and upstream source in ghsl_indicator_dictionary.csv and official PDF.
ghsl_178,ghsl_EX_L05_B12_2020,GHSL UCDB R2024A V1.2,https://jeodpp.jrc.ec.europa.eu/ftp/jrc-opendata/GHSL/GHS_UCDB_GLOBE_R2024A/GHS_UCDB_GLOBE_R2024A/V1-2/GHS_UCDB_GLOBE_R2024A_V1_2.zip,2026-09-19T08:41:50.435893+00:00,European Commission reuse notice: reuse authorised with source acknowledgement,Direct field EX_L05_B12_2020; layer GHSL_UCDB_THEME_EXPOSURE_GLOBE_R2024A; exact definition and upstream source in ghsl_indicator_dictionary.csv and official PDF.
ghsl_178,ghsl_EX_L05_B13_2020,GHSL UCDB R2024A V1.2,https://jeodpp.jrc.ec.europa.eu/ftp/jrc-opendata/GHSL/GHS_UCDB_GLOBE_R2024A/GHS_UCDB_GLOBE_R2024A/V1-2/GHS_UCDB_GLOBE_R2024A_V1_2.zip,2026-09-19T08:41:50.435893+00:00,European Commission reuse notice: reuse authorised with source acknowledgement,Direct field EX_L05_B13_2020; layer GHSL_UCDB_THEME_EXPOSURE_GLOBE_R2024A; exact definition and upstream source in ghsl_indicator_dictionary.csv and official PDF.
ghsl_178,ghsl_EX_L05_B21_2020,GHSL UCDB R2024A V1.2,https://jeodpp.jrc.ec.europa.eu/ftp/jrc-opendata/GHSL/GHS_UCDB_GLOBE_R2024A/GHS_UCDB_GLOBE_R2024A/V1-2/GHS_UCDB_GLOBE_R2024A_V1_2.zip,2026-09-19T08:41:50.435893+00:00,European Commission reuse notice: reuse authorised with source acknowledgement,Direct field EX_L05_B21_2020; layer GHSL_UCDB_THEME_EXPOSURE_GLOBE_R2024A; exact definition and upstream source in ghsl_indicator_dictionary.csv and official PDF.
ghsl_178,ghsl_EX_L05_B22_2020,GHSL UCDB R2024A V1.2,https://jeodpp.jrc.ec.europa.eu/ftp/jrc-opendata/GHSL/GHS_UCDB_GLOBE_R2024A/GHS_UCDB_GLOBE_R2024A/V1-2/GHS_UCDB_GLOBE_R2024A_V1_2.zip,2026-09-19T08:41:50.435893+00:00,European Commission reuse notice: reuse authorised with source acknowledgement,Direct field EX_L05_B22_2020; layer GHSL_UCDB_THEME_EXPOSURE_GLOBE_R2024A; exact definition and upstream source in ghsl_indicator_dictionary.csv and official PDF.
ghsl_178,ghsl_EX_L05_B23_2020,GHSL UCDB R2024A V1.2,https://jeodpp.jrc.ec.europa.eu/ftp/jrc-opendata/GHSL/GHS_UCDB_GLOBE_R2024A/GHS_UCDB_GLOBE_R2024A/V1-2/GHS_UCDB_GLOBE_R2024A_V1_2.zip,2026-09-19T08:41:50.435893+00:00,European Commission reuse notice: reuse authorised with source acknowledgement,Direct field EX_L05_B23_2020; layer GHSL_UCDB_THEME_EXPOSURE_GLOBE_R2024A; exact definition and upstream source in ghsl_indicator_dictionary.csv and official PDF.
ghsl_178,ghsl_EX_L10_B11_2020,GHSL UCDB R2024A V1.2,https://jeodpp.jrc.ec.europa.eu/ftp/jrc-opendata/GHSL/GHS_UCDB_GLOBE_R2024A/GHS_UCDB_GLOBE_R2024A/V1-2/GHS_UCDB_GLOBE_R2024A_V1_2.zip,2026-09-19T08:41:50.435893+00:00,European Commission reuse notice: reuse authorised with source acknowledgement,Direct field EX_L10_B11_2020; layer GHSL_UCDB_THEME_EXPOSURE_GLOBE_R2024A; exact definition and upstream source in ghsl_indicator_dictionary.csv and official PDF.
ghsl_178,ghsl_EX_L10_B12_2020,GHSL UCDB R2024A V1.2,https://jeodpp.jrc.ec.europa.eu/ftp/jrc-opendata/GHSL/GHS_UCDB_GLOBE_R2024A/GHS_UCDB_GLOBE_R2024A/V1-2/GHS_UCDB_GLOBE_R2024A_V1_2.zip,2026-09-19T08:41:50.435893+00:00,European Commission reuse notice: reuse authorised with source acknowledgement,Direct field EX_L10_B12_2020; layer GHSL_UCDB_THEME_EXPOSURE_GLOBE_R2024A; exact definition and upstream source in ghsl_indicator_dictionary.csv and official PDF.
ghsl_178,ghsl_EX_L10_B13_2020,GHSL UCDB R2024A V1.2,https://jeodpp.jrc.ec.europa.eu/ftp/jrc-opendata/GHSL/GHS_UCDB_GLOBE_R2024A/GHS_UCDB_GLOBE_R2024A/V1-2/GHS_UCDB_GLOBE_R2024A_V1_2.zip,2026-09-19T08:41:50.435893+00:00,European Commission reuse notice: reuse authorised with source acknowledgement,Direct field EX_L10_B13_2020; layer GHSL_UCDB_THEME_EXPOSURE_GLOBE_R2024A; exact definition and upstream source in ghsl_indicator_dictionary.csv and official PDF.
ghsl_178,ghsl_EX_L10_B21_2020,GHSL UCDB R2024A V1.2,https://jeodpp.jrc.ec.europa.eu/ftp/jrc-opendata/GHSL/GHS_UCDB_GLOBE_R2024A/GHS_UCDB_GLOBE_R2024A/V1-2/GHS_UCDB_GLOBE_R2024A_V1_2.zip,2026-09-19T08:41:50.435893+00:00,European Commission reuse notice: reuse authorised with source acknowledgement,Direct field EX_L10_B21_2020; layer GHSL_UCDB_THEME_EXPOSURE_GLOBE_R2024A; exact definition and upstream source in ghsl_indicator_dictionary.csv and official PDF.
ghsl_178,ghsl_EX_L10_B22_2020,GHSL UCDB R2024A V1.2,https://jeodpp.jrc.ec.europa.eu/ftp/jrc-opendata/GHSL/GHS_UCDB_GLOBE_R2024A/GHS_UCDB_GLOBE_R2024A/V1-2/GHS_UCDB_GLOBE_R2024A_V1_2.zip,2026-09-19T08:41:50.435893+00:00,European Commission reuse notice: reuse authorised with source acknowledgement,Direct field EX_L10_B22_2020; layer GHSL_UCDB_THEME_EXPOSURE_GLOBE_R2024A; exact definition and upstream source in ghsl_indicator_dictionary.csv and official PDF.
ghsl_178,ghsl_EX_L10_B23_2020,GHSL UCDB R2024A V1.2,https://jeodpp.jrc.ec.europa.eu/ftp/jrc-opendata/GHSL/GHS_UCDB_GLOBE_R2024A/GHS_UCDB_GLOBE_R2024A/V1-2/GHS_UCDB_GLOBE_R2024A_V1_2.zip,2026-09-19T08:41:50.435893+00:00,European Commission reuse notice: reuse authorised with source acknowledgement,Direct field EX_L10_B23_2020; layer GHSL_UCDB_THEME_EXPOSURE_GLOBE_R2024A; exact definition and upstream source in ghsl_indicator_dictionary.csv and official PDF.
ghsl_178,ghsl_EX_L05_P11_2020,GHSL UCDB R2024A V1.2,https://jeodpp.jrc.ec.europa.eu/ftp/jrc-opendata/GHSL/GHS_UCDB_GLOBE_R2024A/GHS_UCDB_GLOBE_R2024A/V1-2/GHS_UCDB_GLOBE_R2024A_V1_2.zip,2026-09-19T08:41:50.435893+00:00,European Commission reuse notice: reuse authorised with source acknowledgement,Direct field EX_L05_P11_2020; layer GHSL_UCDB_THEME_EXPOSURE_GLOBE_R2024A; exact definition and upstream source in ghsl_indicator_dictionary.csv and official PDF.
ghsl_178,ghsl_EX_L05_P12_2020,GHSL UCDB R2024A V1.2,https://jeodpp.jrc.ec.europa.eu/ftp/jrc-opendata/GHSL/GHS_UCDB_GLOBE_R2024A/GHS_UCDB_GLOBE_R2024A/V1-2/GHS_UCDB_GLOBE_R2024A_V1_2.zip,2026-09-19T08:41:50.435893+00:00,European Commission reuse notice: reuse authorised with source acknowledgement,Direct field EX_L05_P12_2020; layer GHSL_UCDB_THEME_EXPOSURE_GLOBE_R2024A; exact definition and upstream source in ghsl_indicator_dictionary.csv and official PDF.
ghsl_178,ghsl_EX_L05_P13_2020,GHSL UCDB R2024A V1.2,https://jeodpp.jrc.ec.europa.eu/ftp/jrc-opendata/GHSL/GHS_UCDB_GLOBE_R2024A/GHS_UCDB_GLOBE_R2024A/V1-2/GHS_UCDB_GLOBE_R2024A_V1_2.zip,2026-09-19T08:41:50.435893+00:00,European Commission reuse notice: reuse authorised with source acknowledgement,Direct field EX_L05_P13_2020; layer GHSL_UCDB_THEME_EXPOSURE_GLOBE_R2024A; exact definition and upstream source in ghsl_indicator_dictionary.csv and official PDF.
ghsl_178,ghsl_EX_L05_P21_2020,GHSL UCDB R2024A V1.2,https://jeodpp.jrc.ec.europa.eu/ftp/jrc-opendata/GHSL/GHS_UCDB_GLOBE_R2024A/GHS_UCDB_GLOBE_R2024A/V1-2/GHS_UCDB_GLOBE_R2024A_V1_2.zip,2026-09-19T08:41:50.435893+00:00,European Commission reuse notice: reuse authorised with source acknowledgement,Direct field EX_L05_P21_2020; layer GHSL_UCDB_THEME_EXPOSURE_GLOBE_R2024A; exact definition and upstream source in ghsl_indicator_dictionary.csv and official PDF.
ghsl_178,ghsl_EX_L05_P22_2020,GHSL UCDB R2024A V1.2,https://jeodpp.jrc.ec.europa.eu/ftp/jrc-opendata/GHSL/GHS_UCDB_GLOBE_R2024A/GHS_UCDB_GLOBE_R2024A/V1-2/GHS_UCDB_GLOBE_R2024A_V1_2.zip,2026-09-19T08:41:50.435893+00:00,European Commission reuse notice: reuse authorised with source acknowledgement,Direct field EX_L05_P22_2020; layer GHSL_UCDB_THEME_EXPOSURE_GLOBE_R2024A; exact definition and upstream source in ghsl_indicator_dictionary.csv and official PDF.
ghsl_178,ghsl_EX_L05_P23_2020,GHSL UCDB R2024A V1.2,https://jeodpp.jrc.ec.europa.eu/ftp/jrc-opendata/GHSL/GHS_UCDB_GLOBE_R2024A/GHS_UCDB_GLOBE_R2024A/V1-2/GHS_UCDB_GLOBE_R2024A_V1_2.zip,2026-09-19T08:41:50.435893+00:00,European Commission reuse notice: reuse authorised with source acknowledgement,Direct field EX_L05_P23_2020; layer GHSL_UCDB_THEME_EXPOSURE_GLOBE_R2024A; exact definition and upstream source in ghsl_indicator_dictionary.csv and official PDF.
ghsl_178,ghsl_EX_L10_P11_2020,GHSL UCDB R2024A V1.2,https://jeodpp.jrc.ec.europa.eu/ftp/jrc-opendata/GHSL/GHS_UCDB_GLOBE_R2024A/GHS_UCDB_GLOBE_R2024A/V1-2/GHS_UCDB_GLOBE_R2024A_V1_2.zip,2026-09-19T08:41:50.435893+00:00,European Commission reuse notice: reuse authorised with source acknowledgement,Direct field EX_L10_P11_2020; layer GHSL_UCDB_THEME_EXPOSURE_GLOBE_R2024A; exact definition and upstream source in ghsl_indicator_dictionary.csv and official PDF.
ghsl_178,ghsl_EX_L10_P12_2020,GHSL UCDB R2024A V1.2,https://jeodpp.jrc.ec.europa.eu/ftp/jrc-opendata/GHSL/GHS_UCDB_GLOBE_R2024A/GHS_UCDB_GLOBE_R2024A/V1-2/GHS_UCDB_GLOBE_R2024A_V1_2.zip,2026-09-19T08:41:50.435893+00:00,European Commission reuse notice: reuse authorised with source acknowledgement,Direct field EX_L10_P12_2020; layer GHSL_UCDB_THEME_EXPOSURE_GLOBE_R2024A; exact definition and upstream source in ghsl_indicator_dictionary.csv and official PDF.
ghsl_178,ghsl_EX_L10_P13_2020,GHSL UCDB R2024A V1.2,https://jeodpp.jrc.ec.europa.eu/ftp/jrc-opendata/GHSL/GHS_UCDB_GLOBE_R2024A/GHS_UCDB_GLOBE_R2024A/V1-2/GHS_UCDB_GLOBE_R2024A_V1_2.zip,2026-09-19T08:41:50.435893+00:00,European Commission reuse notice: reuse authorised with source acknowledgement,Direct field EX_L10_P13_2020; layer GHSL_UCDB_THEME_EXPOSURE_GLOBE_R2024A; exact definition and upstream source in ghsl_indicator_dictionary.csv and official PDF.
ghsl_178,ghsl_EX_L10_P21_2020,GHSL UCDB R2024A V1.2,https://jeodpp.jrc.ec.europa.eu/ftp/jrc-opendata/GHSL/GHS_UCDB_GLOBE_R2024A/GHS_UCDB_GLOBE_R2024A/V1-2/GHS_UCDB_GLOBE_R2024A_V1_2.zip,2026-09-19T08:41:50.435893+00:00,European Commission reuse notice: reuse authorised with source acknowledgement,Direct field EX_L10_P21_2020; layer GHSL_UCDB_THEME_EXPOSURE_GLOBE_R2024A; exact definition and upstream source in ghsl_indicator_dictionary.csv and official PDF.
ghsl_178,ghsl_EX_L10_P22_2020,GHSL UCDB R2024A V1.2,https://jeodpp.jrc.ec.europa.eu/ftp/jrc-opendata/GHSL/GHS_UCDB_GLOBE_R2024A/GHS_UCDB_GLOBE_R2024A/V1-2/GHS_UCDB_GLOBE_R2024A_V1_2.zip,2026-09-19T08:41:50.435893+00:00,European Commission reuse notice: reuse authorised with source acknowledgement,Direct field EX_L10_P22_2020; layer GHSL_UCDB_THEME_EXPOSURE_GLOBE_R2024A; exact definition and upstream source in ghsl_indicator_dictionary.csv and official PDF.
ghsl_178,ghsl_EX_L10_P23_2020,GHSL UCDB R2024A V1.2,https://jeodpp.jrc.ec.europa.eu/ftp/jrc-opendata/GHSL/GHS_UCDB_GLOBE_R2024A/GHS_UCDB_GLOBE_R2024A/V1-2/GHS_UCDB_GLOBE_R2024A_V1_2.zip,2026-09-19T08:41:50.435893+00:00,European Commission reuse notice: reuse authorised with source acknowledgement,Direct field EX_L10_P23_2020; layer GHSL_UCDB_THEME_EXPOSURE_GLOBE_R2024A; exact definition and upstream source in ghsl_indicator_dictionary.csv and official PDF.
ghsl_178,ghsl_GC_UCN_LIS_2025,GHSL UCDB R2024A V1.2,https://jeodpp.jrc.ec.europa.eu/ftp/jrc-opendata/GHSL/GHS_UCDB_GLOBE_R2024A/GHS_UCDB_GLOBE_R2024A/V1-2/GHS_UCDB_GLOBE_R2024A_V1_2.zip,2026-09-19T08:41:50.435893+00:00,European Commission reuse notice: reuse authorised with source acknowledgement,Direct field GC_UCN_LIS_2025; layer GHSL_UCDB_THEME_GENERAL_CHARACTERISTICS_GLOBE_R2024A; exact definition and upstream source in ghsl_indicator_dictionary.csv and official PDF.
ghsl_178,ghsl_GC_CNT_UNN_2025,GHSL UCDB R2024A V1.2,https://jeodpp.jrc.ec.europa.eu/ftp/jrc-opendata/GHSL/GHS_UCDB_GLOBE_R2024A/GHS_UCDB_GLOBE_R2024A/V1-2/GHS_UCDB_GLOBE_R2024A_V1_2.zip,2026-09-19T08:41:50.435893+00:00,European Commission reuse notice: reuse authorised with source acknowledgement,Direct field GC_CNT_UNN_2025; layer GHSL_UCDB_THEME_GENERAL_CHARACTERISTICS_GLOBE_R2024A; exact definition and upstream source in ghsl_indicator_dictionary.csv and official PDF.
ghsl_178,ghsl_GC_PLS_SCR_2025,GHSL UCDB R2024A V1.2,https://jeodpp.jrc.ec.europa.eu/ftp/jrc-opendata/GHSL/GHS_UCDB_GLOBE_R2024A/GHS_UCDB_GLOBE_R2024A/V1-2/GHS_UCDB_GLOBE_R2024A_V1_2.zip,2026-09-19T08:41:50.435893+00:00,European Commission reuse notice: reuse authorised with source acknowledgement,Direct field GC_PLS_SCR_2025; layer GHSL_UCDB_THEME_GENERAL_CHARACTERISTICS_GLOBE_R2024A; exact definition and upstream source in ghsl_indicator_dictionary.csv and official PDF.
ghsl_178,ghsl_GC_UCB_YOB_2025,GHSL UCDB R2024A V1.2,https://jeodpp.jrc.ec.europa.eu/ftp/jrc-opendata/GHSL/GHS_UCDB_GLOBE_R2024A/GHS_UCDB_GLOBE_R2024A/V1-2/GHS_UCDB_GLOBE_R2024A_V1_2.zip,2026-09-19T08:41:50.435893+00:00,European Commission reuse notice: reuse authorised with source acknowledgement,Direct field GC_UCB_YOB_2025; layer GHSL_UCDB_THEME_GENERAL_CHARACTERISTICS_GLOBE_R2024A; exact definition and upstream source in ghsl_indicator_dictionary.csv and official PDF.
ghsl_178,ghsl_GC_UCB_YOD_2025,GHSL UCDB R2024A V1.2,https://jeodpp.jrc.ec.europa.eu/ftp/jrc-opendata/GHSL/GHS_UCDB_GLOBE_R2024A/GHS_UCDB_GLOBE_R2024A/V1-2/GHS_UCDB_GLOBE_R2024A_V1_2.zip,2026-09-19T08:41:50.435893+00:00,European Commission reuse notice: reuse authorised with source acknowledgement,Direct field GC_UCB_YOD_2025; layer GHSL_UCDB_THEME_GENERAL_CHARACTERISTICS_GLOBE_R2024A; exact definition and upstream source in ghsl_indicator_dictionary.csv and official PDF.
ghsl_178,ghsl_GC_UCM_CAP,GHSL UCDB R2024A V1.2,https://jeodpp.jrc.ec.europa.eu/ftp/jrc-opendata/GHSL/GHS_UCDB_GLOBE_R2024A/GHS_UCDB_GLOBE_R2024A/V1-2/GHS_UCDB_GLOBE_R2024A_V1_2.zip,2026-09-19T08:41:50.435893+00:00,European Commission reuse notice: reuse authorised with source acknowledgement,Direct field GC_UCM_CAP; layer GHSL_UCDB_THEME_GENERAL_CHARACTERISTICS_GLOBE_R2024A; exact definition and upstream source in ghsl_indicator_dictionary.csv and official PDF.
ghsl_178,ghsl_GE_BIO_A01_2025,GHSL UCDB R2024A V1.2,https://jeodpp.jrc.ec.europa.eu/ftp/jrc-opendata/GHSL/GHS_UCDB_GLOBE_R2024A/GHS_UCDB_GLOBE_R2024A/V1-2/GHS_UCDB_GLOBE_R2024A_V1_2.zip,2026-09-19T08:41:50.435893+00:00,European Commission reuse notice: reuse authorised with source acknowledgement,Direct field GE_BIO_A01_2025; layer GHSL_UCDB_THEME_GEOGRAPHY_GLOBE_R2024A; exact definition and upstream source in ghsl_indicator_dictionary.csv and official PDF.
ghsl_178,ghsl_GE_BIO_A02_2025,GHSL UCDB R2024A V1.2,https://jeodpp.jrc.ec.europa.eu/ftp/jrc-opendata/GHSL/GHS_UCDB_GLOBE_R2024A/GHS_UCDB_GLOBE_R2024A/V1-2/GHS_UCDB_GLOBE_R2024A_V1_2.zip,2026-09-19T08:41:50.435893+00:00,European Commission reuse notice: reuse authorised with source acknowledgement,Direct field GE_BIO_A02_2025; layer GHSL_UCDB_THEME_GEOGRAPHY_GLOBE_R2024A; exact definition and upstream source in ghsl_indicator_dictionary.csv and official PDF.
ghsl_178,ghsl_GE_BIO_A03_2025,GHSL UCDB R2024A V1.2,https://jeodpp.jrc.ec.europa.eu/ftp/jrc-opendata/GHSL/GHS_UCDB_GLOBE_R2024A/GHS_UCDB_GLOBE_R2024A/V1-2/GHS_UCDB_GLOBE_R2024A_V1_2.zip,2026-09-19T08:41:50.435893+00:00,European Commission reuse notice: reuse authorised with source acknowledgement,Direct field GE_BIO_A03_2025; layer GHSL_UCDB_THEME_GEOGRAPHY_GLOBE_R2024A; exact definition and upstream source in ghsl_indicator_dictionary.csv and official PDF.
ghsl_178,ghsl_GE_BIO_A04_2025,GHSL UCDB R2024A V1.2,https://jeodpp.jrc.ec.europa.eu/ftp/jrc-opendata/GHSL/GHS_UCDB_GLOBE_R2024A/GHS_UCDB_GLOBE_R2024A/V1-2/GHS_UCDB_GLOBE_R2024A_V1_2.zip,2026-09-19T08:41:50.435893+00:00,European Commission reuse notice: reuse authorised with source acknowledgement,Direct field GE_BIO_A04_2025; layer GHSL_UCDB_THEME_GEOGRAPHY_GLOBE_R2024A; exact definition and upstream source in ghsl_indicator_dictionary.csv and official PDF.
ghsl_178,ghsl_GE_BIO_A05_2025,GHSL UCDB R2024A V1.2,https://jeodpp.jrc.ec.europa.eu/ftp/jrc-opendata/GHSL/GHS_UCDB_GLOBE_R2024A/GHS_UCDB_GLOBE_R2024A/V1-2/GHS_UCDB_GLOBE_R2024A_V1_2.zip,2026-09-19T08:41:50.435893+00:00,European Commission reuse notice: reuse authorised with source acknowledgement,Direct field GE_BIO_A05_2025; layer GHSL_UCDB_THEME_GEOGRAPHY_GLOBE_R2024A; exact definition and upstream source in ghsl_indicator_dictionary.csv and official PDF.
ghsl_178,ghsl_GE_BIO_A06_2025,GHSL UCDB R2024A V1.2,https://jeodpp.jrc.ec.europa.eu/ftp/jrc-opendata/GHSL/GHS_UCDB_GLOBE_R2024A/GHS_UCDB_GLOBE_R2024A/V1-2/GHS_UCDB_GLOBE_R2024A_V1_2.zip,2026-09-19T08:41:50.435893+00:00,European Commission reuse notice: reuse authorised with source acknowledgement,Direct field GE_BIO_A06_2025; layer GHSL_UCDB_THEME_GEOGRAPHY_GLOBE_R2024A; exact definition and upstream source in ghsl_indicator_dictionary.csv and official PDF.
ghsl_178,ghsl_GE_BIO_A07_2025,GHSL UCDB R2024A V1.2,https://jeodpp.jrc.ec.europa.eu/ftp/jrc-opendata/GHSL/GHS_UCDB_GLOBE_R2024A/GHS_UCDB_GLOBE_R2024A/V1-2/GHS_UCDB_GLOBE_R2024A_V1_2.zip,2026-09-19T08:41:50.435893+00:00,European Commission reuse notice: reuse authorised with source acknowledgement,Direct field GE_BIO_A07_2025; layer GHSL_UCDB_THEME_GEOGRAPHY_GLOBE_R2024A; exact definition and upstream source in ghsl_indicator_dictionary.csv and official PDF.
ghsl_178,ghsl_GE_BIO_A08_2025,GHSL UCDB R2024A V1.2,https://jeodpp.jrc.ec.europa.eu/ftp/jrc-opendata/GHSL/GHS_UCDB_GLOBE_R2024A/GHS_UCDB_GLOBE_R2024A/V1-2/GHS_UCDB_GLOBE_R2024A_V1_2.zip,2026-09-19T08:41:50.435893+00:00,European Commission reuse notice: reuse authorised with source acknowledgement,Direct field GE_BIO_A08_2025; layer GHSL_UCDB_THEME_GEOGRAPHY_GLOBE_R2024A; exact definition and upstream source in ghsl_indicator_dictionary.csv and official PDF.
ghsl_178,ghsl_GE_BIO_A09_2025,GHSL UCDB R2024A V1.2,https://jeodpp.jrc.ec.europa.eu/ftp/jrc-opendata/GHSL/GHS_UCDB_GLOBE_R2024A/GHS_UCDB_GLOBE_R2024A/V1-2/GHS_UCDB_GLOBE_R2024A_V1_2.zip,2026-09-19T08:41:50.435893+00:00,European Commission reuse notice: reuse authorised with source acknowledgement,Direct field GE_BIO_A09_2025; layer GHSL_UCDB_THEME_GEOGRAPHY_GLOBE_R2024A; exact definition and upstream source in ghsl_indicator_dictionary.csv and official PDF.
ghsl_178,ghsl_GE_BIO_A10_2025,GHSL UCDB R2024A V1.2,https://jeodpp.jrc.ec.europa.eu/ftp/jrc-opendata/GHSL/GHS_UCDB_GLOBE_R2024A/GHS_UCDB_GLOBE_R2024A/V1-2/GHS_UCDB_GLOBE_R2024A_V1_2.zip,2026-09-19T08:41:50.435893+00:00,European Commission reuse notice: reuse authorised with source acknowledgement,Direct field GE_BIO_A10_2025; layer GHSL_UCDB_THEME_GEOGRAPHY_GLOBE_R2024A; exact definition and upstream source in ghsl_indicator_dictionary.csv and official PDF.
ghsl_178,ghsl_GE_BIO_A11_2025,GHSL UCDB R2024A V1.2,https://jeodpp.jrc.ec.europa.eu/ftp/jrc-opendata/GHSL/GHS_UCDB_GLOBE_R2024A/GHS_UCDB_GLOBE_R2024A/V1-2/GHS_UCDB_GLOBE_R2024A_V1_2.zip,2026-09-19T08:41:50.435893+00:00,European Commission reuse notice: reuse authorised with source acknowledgement,Direct field GE_BIO_A11_2025; layer GHSL_UCDB_THEME_GEOGRAPHY_GLOBE_R2024A; exact definition and upstream source in ghsl_indicator_dictionary.csv and official PDF.
ghsl_178,ghsl_GE_BIO_A12_2025,GHSL UCDB R2024A V1.2,https://jeodpp.jrc.ec.europa.eu/ftp/jrc-opendata/GHSL/GHS_UCDB_GLOBE_R2024A/GHS_UCDB_GLOBE_R2024A/V1-2/GHS_UCDB_GLOBE_R2024A_V1_2.zip,2026-09-19T08:41:50.435893+00:00,European Commission reuse notice: reuse authorised with source acknowledgement,Direct field GE_BIO_A12_2025; layer GHSL_UCDB_THEME_GEOGRAPHY_GLOBE_R2024A; exact definition and upstream source in ghsl_indicator_dictionary.csv and official PDF.
ghsl_178,ghsl_GE_BIO_A13_2025,GHSL UCDB R2024A V1.2,https://jeodpp.jrc.ec.europa.eu/ftp/jrc-opendata/GHSL/GHS_UCDB_GLOBE_R2024A/GHS_UCDB_GLOBE_R2024A/V1-2/GHS_UCDB_GLOBE_R2024A_V1_2.zip,2026-09-19T08:41:50.435893+00:00,European Commission reuse notice: reuse authorised with source acknowledgement,Direct field GE_BIO_A13_2025; layer GHSL_UCDB_THEME_GEOGRAPHY_GLOBE_R2024A; exact definition and upstream source in ghsl_indicator_dictionary.csv and official PDF.
ghsl_178,ghsl_GE_BIO_A14_2025,GHSL UCDB R2024A V1.2,https://jeodpp.jrc.ec.europa.eu/ftp/jrc-opendata/GHSL/GHS_UCDB_GLOBE_R2024A/GHS_UCDB_GLOBE_R2024A/V1-2/GHS_UCDB_GLOBE_R2024A_V1_2.zip,2026-09-19T08:41:50.435893+00:00,European Commission reuse notice: reuse authorised with source acknowledgement,Direct field GE_BIO_A14_2025; layer GHSL_UCDB_THEME_GEOGRAPHY_GLOBE_R2024A; exact definition and upstream source in ghsl_indicator_dictionary.csv and official PDF.
ghsl_178,ghsl_GE_BIO_A15_2025,GHSL UCDB R2024A V1.2,https://jeodpp.jrc.ec.europa.eu/ftp/jrc-opendata/GHSL/GHS_UCDB_GLOBE_R2024A/GHS_UCDB_GLOBE_R2024A/V1-2/GHS_UCDB_GLOBE_R2024A_V1_2.zip,2026-09-19T08:41:50.435893+00:00,European Commission reuse notice: reuse authorised with source acknowledgement,Direct field GE_BIO_A15_2025; layer GHSL_UCDB_THEME_GEOGRAPHY_GLOBE_R2024A; exact definition and upstream source in ghsl_indicator_dictionary.csv and official PDF.
ghsl_178,ghsl_GE_BIO_A16_2025,GHSL UCDB R2024A V1.2,https://jeodpp.jrc.ec.europa.eu/ftp/jrc-opendata/GHSL/GHS_UCDB_GLOBE_R2024A/GHS_UCDB_GLOBE_R2024A/V1-2/GHS_UCDB_GLOBE_R2024A_V1_2.zip,2026-09-19T08:41:50.435893+00:00,European Commission reuse notice: reuse authorised with source acknowledgement,Direct field GE_BIO_A16_2025; layer GHSL_UCDB_THEME_GEOGRAPHY_GLOBE_R2024A; exact definition and upstream source in ghsl_indicator_dictionary.csv and official PDF.
ghsl_178,ghsl_GE_BIO_A17_2025,GHSL UCDB R2024A V1.2,https://jeodpp.jrc.ec.europa.eu/ftp/jrc-opendata/GHSL/GHS_UCDB_GLOBE_R2024A/GHS_UCDB_GLOBE_R2024A/V1-2/GHS_UCDB_GLOBE_R2024A_V1_2.zip,2026-09-19T08:41:50.435893+00:00,European Commission reuse notice: reuse authorised with source acknowledgement,Direct field GE_BIO_A17_2025; layer GHSL_UCDB_THEME_GEOGRAPHY_GLOBE_R2024A; exact definition and upstream source in ghsl_indicator_dictionary.csv and official PDF.
ghsl_178,ghsl_GE_BIO_A18_2025,GHSL UCDB R2024A V1.2,https://jeodpp.jrc.ec.europa.eu/ftp/jrc-opendata/GHSL/GHS_UCDB_GLOBE_R2024A/GHS_UCDB_GLOBE_R2024A/V1-2/GHS_UCDB_GLOBE_R2024A_V1_2.zip,2026-09-19T08:41:50.435893+00:00,European Commission reuse notice: reuse authorised with source acknowledgement,Direct field GE_BIO_A18_2025; layer GHSL_UCDB_THEME_GEOGRAPHY_GLOBE_R2024A; exact definition and upstream source in ghsl_indicator_dictionary.csv and official PDF.
ghsl_178,ghsl_GE_BIO_A19_2025,GHSL UCDB R2024A V1.2,https://jeodpp.jrc.ec.europa.eu/ftp/jrc-opendata/GHSL/GHS_UCDB_GLOBE_R2024A/GHS_UCDB_GLOBE_R2024A/V1-2/GHS_UCDB_GLOBE_R2024A_V1_2.zip,2026-09-19T08:41:50.435893+00:00,European Commission reuse notice: reuse authorised with source acknowledgement,Direct field GE_BIO_A19_2025; layer GHSL_UCDB_THEME_GEOGRAPHY_GLOBE_R2024A; exact definition and upstream source in ghsl_indicator_dictionary.csv and official PDF.
ghsl_178,ghsl_GE_BIO_A20_2025,GHSL UCDB R2024A V1.2,https://jeodpp.jrc.ec.europa.eu/ftp/jrc-opendata/GHSL/GHS_UCDB_GLOBE_R2024A/GHS_UCDB_GLOBE_R2024A/V1-2/GHS_UCDB_GLOBE_R2024A_V1_2.zip,2026-09-19T08:41:50.435893+00:00,European Commission reuse notice: reuse authorised with source acknowledgement,Direct field GE_BIO_A20_2025; layer GHSL_UCDB_THEME_GEOGRAPHY_GLOBE_R2024A; exact definition and upstream source in ghsl_indicator_dictionary.csv and official PDF.
ghsl_178,ghsl_GE_BIO_A21_2025,GHSL UCDB R2024A V1.2,https://jeodpp.jrc.ec.europa.eu/ftp/jrc-opendata/GHSL/GHS_UCDB_GLOBE_R2024A/GHS_UCDB_GLOBE_R2024A/V1-2/GHS_UCDB_GLOBE_R2024A_V1_2.zip,2026-09-19T08:41:50.435893+00:00,European Commission reuse notice: reuse authorised with source acknowledgement,Direct field GE_BIO_A21_2025; layer GHSL_UCDB_THEME_GEOGRAPHY_GLOBE_R2024A; exact definition and upstream source in ghsl_indicator_dictionary.csv and official PDF.
ghsl_178,ghsl_GE_BIO_A22_2025,GHSL UCDB R2024A V1.2,https://jeodpp.jrc.ec.europa.eu/ftp/jrc-opendata/GHSL/GHS_UCDB_GLOBE_R2024A/GHS_UCDB_GLOBE_R2024A/V1-2/GHS_UCDB_GLOBE_R2024A_V1_2.zip,2026-09-19T08:41:50.435893+00:00,European Commission reuse notice: reuse authorised with source acknowledgement,Direct field GE_BIO_A22_2025; layer GHSL_UCDB_THEME_GEOGRAPHY_GLOBE_R2024A; exact definition and upstream source in ghsl_indicator_dictionary.csv and official PDF.
ghsl_178,ghsl_GE_BIO_A23_2025,GHSL UCDB R2024A V1.2,https://jeodpp.jrc.ec.europa.eu/ftp/jrc-opendata/GHSL/GHS_UCDB_GLOBE_R2024A/GHS_UCDB_GLOBE_R2024A/V1-2/GHS_UCDB_GLOBE_R2024A_V1_2.zip,2026-09-19T08:41:50.435893+00:00,European Commission reuse notice: reuse authorised with source acknowledgement,Direct field GE_BIO_A23_2025; layer GHSL_UCDB_THEME_GEOGRAPHY_GLOBE_R2024A; exact definition and upstream source in ghsl_indicator_dictionary.csv and official PDF.
ghsl_178,ghsl_GE_BIO_A24_2025,GHSL UCDB R2024A V1.2,https://jeodpp.jrc.ec.europa.eu/ftp/jrc-opendata/GHSL/GHS_UCDB_GLOBE_R2024A/GHS_UCDB_GLOBE_R2024A/V1-2/GHS_UCDB_GLOBE_R2024A_V1_2.zip,2026-09-19T08:41:50.435893+00:00,European Commission reuse notice: reuse authorised with source acknowledgement,Direct field GE_BIO_A24_2025; layer GHSL_UCDB_THEME_GEOGRAPHY_GLOBE_R2024A; exact definition and upstream source in ghsl_indicator_dictionary.csv and official PDF.
ghsl_178,ghsl_GE_ECO_CLA_2025,GHSL UCDB R2024A V1.2,https://jeodpp.jrc.ec.europa.eu/ftp/jrc-opendata/GHSL/GHS_UCDB_GLOBE_R2024A/GHS_UCDB_GLOBE_R2024A/V1-2/GHS_UCDB_GLOBE_R2024A_V1_2.zip,2026-09-19T08:41:50.435893+00:00,European Commission reuse notice: reuse authorised with source acknowledgement,Direct field GE_ECO_CLA_2025; layer GHSL_UCDB_THEME_GEOGRAPHY_GLOBE_R2024A; exact definition and upstream source in ghsl_indicator_dictionary.csv and official PDF.
ghsl_178,ghsl_GE_ELV_AVG_2025,GHSL UCDB R2024A V1.2,https://jeodpp.jrc.ec.europa.eu/ftp/jrc-opendata/GHSL/GHS_UCDB_GLOBE_R2024A/GHS_UCDB_GLOBE_R2024A/V1-2/GHS_UCDB_GLOBE_R2024A_V1_2.zip,2026-09-19T08:41:50.435893+00:00,European Commission reuse notice: reuse authorised with source acknowledgement,Direct field GE_ELV_AVG_2025; layer GHSL_UCDB_THEME_GEOGRAPHY_GLOBE_R2024A; exact definition and upstream source in ghsl_indicator_dictionary.csv and official PDF.
ghsl_178,ghsl_GE_MRB_MAI_2025,GHSL UCDB R2024A V1.2,https://jeodpp.jrc.ec.europa.eu/ftp/jrc-opendata/GHSL/GHS_UCDB_GLOBE_R2024A/GHS_UCDB_GLOBE_R2024A/V1-2/GHS_UCDB_GLOBE_R2024A_V1_2.zip,2026-09-19T08:41:50.435893+00:00,European Commission reuse notice: reuse authorised with source acknowledgement,Direct field GE_MRB_MAI_2025; layer GHSL_UCDB_THEME_GEOGRAPHY_GLOBE_R2024A; exact definition and upstream source in ghsl_indicator_dictionary.csv and official PDF.
ghsl_178,ghsl_GE_MRB_LIS_2025,GHSL UCDB R2024A V1.2,https://jeodpp.jrc.ec.europa.eu/ftp/jrc-opendata/GHSL/GHS_UCDB_GLOBE_R2024A/GHS_UCDB_GLOBE_R2024A/V1-2/GHS_UCDB_GLOBE_R2024A_V1_2.zip,2026-09-19T08:41:50.435893+00:00,European Commission reuse notice: reuse authorised with source acknowledgement,Direct field GE_MRB_LIS_2025; layer GHSL_UCDB_THEME_GEOGRAPHY_GLOBE_R2024A; exact definition and upstream source in ghsl_indicator_dictionary.csv and official PDF.
ghsl_178,ghsl_GE_SCL_MPC_2023,GHSL UCDB R2024A V1.2,https://jeodpp.jrc.ec.europa.eu/ftp/jrc-opendata/GHSL/GHS_UCDB_GLOBE_R2024A/GHS_UCDB_GLOBE_R2024A/V1-2/GHS_UCDB_GLOBE_R2024A_V1_2.zip,2026-09-19T08:41:50.435893+00:00,European Commission reuse notice: reuse authorised with source acknowledgement,Direct field GE_SCL_MPC_2023; layer GHSL_UCDB_THEME_GEOGRAPHY_GLOBE_R2024A; exact definition and upstream source in ghsl_indicator_dictionary.csv and official PDF.
ghsl_178,ghsl_GE_SCL_LST_2023,GHSL UCDB R2024A V1.2,https://jeodpp.jrc.ec.europa.eu/ftp/jrc-opendata/GHSL/GHS_UCDB_GLOBE_R2024A/GHS_UCDB_GLOBE_R2024A/V1-2/GHS_UCDB_GLOBE_R2024A_V1_2.zip,2026-09-19T08:41:50.435893+00:00,European Commission reuse notice: reuse authorised with source acknowledgement,Direct field GE_SCL_LST_2023; layer GHSL_UCDB_THEME_GEOGRAPHY_GLOBE_R2024A; exact definition and upstream source in ghsl_indicator_dictionary.csv and official PDF.
ghsl_178,ghsl_GH_BUS_TOT_2025,GHSL UCDB R2024A V1.2,https://jeodpp.jrc.ec.europa.eu/ftp/jrc-opendata/GHSL/GHS_UCDB_GLOBE_R2024A/GHS_UCDB_GLOBE_R2024A/V1-2/GHS_UCDB_GLOBE_R2024A_V1_2.zip,2026-09-19T08:41:50.435893+00:00,European Commission reuse notice: reuse authorised with source acknowledgement,Direct field GH_BUS_TOT_2025; layer GHSL_UCDB_THEME_GHSL_GLOBE_R2024A; exact definition and upstream source in ghsl_indicator_dictionary.csv and official PDF.
ghsl_178,ghsl_GH_BUS_NRE_2025,GHSL UCDB R2024A V1.2,https://jeodpp.jrc.ec.europa.eu/ftp/jrc-opendata/GHSL/GHS_UCDB_GLOBE_R2024A/GHS_UCDB_GLOBE_R2024A/V1-2/GHS_UCDB_GLOBE_R2024A_V1_2.zip,2026-09-19T08:41:50.435893+00:00,European Commission reuse notice: reuse authorised with source acknowledgement,Direct field GH_BUS_NRE_2025; layer GHSL_UCDB_THEME_GHSL_GLOBE_R2024A; exact definition and upstream source in ghsl_indicator_dictionary.csv and official PDF.
ghsl_178,ghsl_GH_BUS_RES_2025,GHSL UCDB R2024A V1.2,https://jeodpp.jrc.ec.europa.eu/ftp/jrc-opendata/GHSL/GHS_UCDB_GLOBE_R2024A/GHS_UCDB_GLOBE_R2024A/V1-2/GHS_UCDB_GLOBE_R2024A_V1_2.zip,2026-09-19T08:41:50.435893+00:00,European Commission reuse notice: reuse authorised with source acknowledgement,Direct field GH_BUS_RES_2025; layer GHSL_UCDB_THEME_GHSL_GLOBE_R2024A; exact definition and upstream source in ghsl_indicator_dictionary.csv and official PDF.
ghsl_178,ghsl_GH_BPC_TOT_2025,GHSL UCDB R2024A V1.2,https://jeodpp.jrc.ec.europa.eu/ftp/jrc-opendata/GHSL/GHS_UCDB_GLOBE_R2024A/GHS_UCDB_GLOBE_R2024A/V1-2/GHS_UCDB_GLOBE_R2024A_V1_2.zip,2026-09-19T08:41:50.435893+00:00,European Commission reuse notice: reuse authorised with source acknowledgement,Direct field GH_BPC_TOT_2025; layer GHSL_UCDB_THEME_GHSL_GLOBE_R2024A; exact definition and upstream source in ghsl_indicator_dictionary.csv and official PDF.
ghsl_178,ghsl_GH_BPC_NRE_2025,GHSL UCDB R2024A V1.2,https://jeodpp.jrc.ec.europa.eu/ftp/jrc-opendata/GHSL/GHS_UCDB_GLOBE_R2024A/GHS_UCDB_GLOBE_R2024A/V1-2/GHS_UCDB_GLOBE_R2024A_V1_2.zip,2026-09-19T08:41:50.435893+00:00,European Commission reuse notice: reuse authorised with source acknowledgement,Direct field GH_BPC_NRE_2025; layer GHSL_UCDB_THEME_GHSL_GLOBE_R2024A; exact definition and upstream source in ghsl_indicator_dictionary.csv and official PDF.
ghsl_178,ghsl_GH_BPC_RES_2025,GHSL UCDB R2024A V1.2,https://jeodpp.jrc.ec.europa.eu/ftp/jrc-opendata/GHSL/GHS_UCDB_GLOBE_R2024A/GHS_UCDB_GLOBE_R2024A/V1-2/GHS_UCDB_GLOBE_R2024A_V1_2.zip,2026-09-19T08:41:50.435893+00:00,European Commission reuse notice: reuse authorised with source acknowledgement,Direct field GH_BPC_RES_2025; layer GHSL_UCDB_THEME_GHSL_GLOBE_R2024A; exact definition and upstream source in ghsl_indicator_dictionary.csv and official PDF.
ghsl_178,ghsl_GH_BUH_AVG_2020,GHSL UCDB R2024A V1.2,https://jeodpp.jrc.ec.europa.eu/ftp/jrc-opendata/GHSL/GHS_UCDB_GLOBE_R2024A/GHS_UCDB_GLOBE_R2024A/V1-2/GHS_UCDB_GLOBE_R2024A_V1_2.zip,2026-09-19T08:41:50.435893+00:00,European Commission reuse notice: reuse authorised with source acknowledgement,Direct field GH_BUH_AVG_2020; layer GHSL_UCDB_THEME_GHSL_GLOBE_R2024A; exact definition and upstream source in ghsl_indicator_dictionary.csv and official PDF.
ghsl_178,ghsl_GH_BUH_STD_2020,GHSL UCDB R2024A V1.2,https://jeodpp.jrc.ec.europa.eu/ftp/jrc-opendata/GHSL/GHS_UCDB_GLOBE_R2024A/GHS_UCDB_GLOBE_R2024A/V1-2/GHS_UCDB_GLOBE_R2024A_V1_2.zip,2026-09-19T08:41:50.435893+00:00,European Commission reuse notice: reuse authorised with source acknowledgement,Direct field GH_BUH_STD_2020; layer GHSL_UCDB_THEME_GHSL_GLOBE_R2024A; exact definition and upstream source in ghsl_indicator_dictionary.csv and official PDF.
ghsl_178,ghsl_GH_BUH_MAX_2020,GHSL UCDB R2024A V1.2,https://jeodpp.jrc.ec.europa.eu/ftp/jrc-opendata/GHSL/GHS_UCDB_GLOBE_R2024A/GHS_UCDB_GLOBE_R2024A/V1-2/GHS_UCDB_GLOBE_R2024A_V1_2.zip,2026-09-19T08:41:50.435893+00:00,European Commission reuse notice: reuse authorised with source acknowledgement,Direct field GH_BUH_MAX_2020; layer GHSL_UCDB_THEME_GHSL_GLOBE_R2024A; exact definition and upstream source in ghsl_indicator_dictionary.csv and official PDF.
ghsl_178,ghsl_GH_BUV_TOT_2025,GHSL UCDB R2024A V1.2,https://jeodpp.jrc.ec.europa.eu/ftp/jrc-opendata/GHSL/GHS_UCDB_GLOBE_R2024A/GHS_UCDB_GLOBE_R2024A/V1-2/GHS_UCDB_GLOBE_R2024A_V1_2.zip,2026-09-19T08:41:50.435893+00:00,European Commission reuse notice: reuse authorised with source acknowledgement,Direct field GH_BUV_TOT_2025; layer GHSL_UCDB_THEME_GHSL_GLOBE_R2024A; exact definition and upstream source in ghsl_indicator_dictionary.csv and official PDF.
ghsl_178,ghsl_GH_BUV_NRE_2025,GHSL UCDB R2024A V1.2,https://jeodpp.jrc.ec.europa.eu/ftp/jrc-opendata/GHSL/GHS_UCDB_GLOBE_R2024A/GHS_UCDB_GLOBE_R2024A/V1-2/GHS_UCDB_GLOBE_R2024A_V1_2.zip,2026-09-19T08:41:50.435893+00:00,European Commission reuse notice: reuse authorised with source acknowledgement,Direct field GH_BUV_NRE_2025; layer GHSL_UCDB_THEME_GHSL_GLOBE_R2024A; exact definition and upstream source in ghsl_indicator_dictionary.csv and official PDF.
ghsl_178,ghsl_GH_BUV_RES_2025,GHSL UCDB R2024A V1.2,https://jeodpp.jrc.ec.europa.eu/ftp/jrc-opendata/GHSL/GHS_UCDB_GLOBE_R2024A/GHS_UCDB_GLOBE_R2024A/V1-2/GHS_UCDB_GLOBE_R2024A_V1_2.zip,2026-09-19T08:41:50.435893+00:00,European Commission reuse notice: reuse authorised with source acknowledgement,Direct field GH_BUV_RES_2025; layer GHSL_UCDB_THEME_GHSL_GLOBE_R2024A; exact definition and upstream source in ghsl_indicator_dictionary.csv and official PDF.
ghsl_178,ghsl_GH_BUT_S11_2020,GHSL UCDB R2024A V1.2,https://jeodpp.jrc.ec.europa.eu/ftp/jrc-opendata/GHSL/GHS_UCDB_GLOBE_R2024A/GHS_UCDB_GLOBE_R2024A/V1-2/GHS_UCDB_GLOBE_R2024A_V1_2.zip,2026-09-19T08:41:50.435893+00:00,European Commission reuse notice: reuse authorised with source acknowledgement,Direct field GH_BUT_S11_2020; layer GHSL_UCDB_THEME_GHSL_GLOBE_R2024A; exact definition and upstream source in ghsl_indicator_dictionary.csv and official PDF.
ghsl_178,ghsl_GH_BUT_S12_2020,GHSL UCDB R2024A V1.2,https://jeodpp.jrc.ec.europa.eu/ftp/jrc-opendata/GHSL/GHS_UCDB_GLOBE_R2024A/GHS_UCDB_GLOBE_R2024A/V1-2/GHS_UCDB_GLOBE_R2024A_V1_2.zip,2026-09-19T08:41:50.435893+00:00,European Commission reuse notice: reuse authorised with source acknowledgement,Direct field GH_BUT_S12_2020; layer GHSL_UCDB_THEME_GHSL_GLOBE_R2024A; exact definition and upstream source in ghsl_indicator_dictionary.csv and official PDF.
ghsl_178,ghsl_GH_BUT_S13_2020,GHSL UCDB R2024A V1.2,https://jeodpp.jrc.ec.europa.eu/ftp/jrc-opendata/GHSL/GHS_UCDB_GLOBE_R2024A/GHS_UCDB_GLOBE_R2024A/V1-2/GHS_UCDB_GLOBE_R2024A_V1_2.zip,2026-09-19T08:41:50.435893+00:00,European Commission reuse notice: reuse authorised with source acknowledgement,Direct field GH_BUT_S13_2020; layer GHSL_UCDB_THEME_GHSL_GLOBE_R2024A; exact definition and upstream source in ghsl_indicator_dictionary.csv and official PDF.
ghsl_178,ghsl_GH_BUT_S21_2020,GHSL UCDB R2024A V1.2,https://jeodpp.jrc.ec.europa.eu/ftp/jrc-opendata/GHSL/GHS_UCDB_GLOBE_R2024A/GHS_UCDB_GLOBE_R2024A/V1-2/GHS_UCDB_GLOBE_R2024A_V1_2.zip,2026-09-19T08:41:50.435893+00:00,European Commission reuse notice: reuse authorised with source acknowledgement,Direct field GH_BUT_S21_2020; layer GHSL_UCDB_THEME_GHSL_GLOBE_R2024A; exact definition and upstream source in ghsl_indicator_dictionary.csv and official PDF.
ghsl_178,ghsl_GH_BUT_S22_2020,GHSL UCDB R2024A V1.2,https://jeodpp.jrc.ec.europa.eu/ftp/jrc-opendata/GHSL/GHS_UCDB_GLOBE_R2024A/GHS_UCDB_GLOBE_R2024A/V1-2/GHS_UCDB_GLOBE_R2024A_V1_2.zip,2026-09-19T08:41:50.435893+00:00,European Commission reuse notice: reuse authorised with source acknowledgement,Direct field GH_BUT_S22_2020; layer GHSL_UCDB_THEME_GHSL_GLOBE_R2024A; exact definition and upstream source in ghsl_indicator_dictionary.csv and official PDF.
ghsl_178,ghsl_GH_BUT_S23_2020,GHSL UCDB R2024A V1.2,https://jeodpp.jrc.ec.europa.eu/ftp/jrc-opendata/GHSL/GHS_UCDB_GLOBE_R2024A/GHS_UCDB_GLOBE_R2024A/V1-2/GHS_UCDB_GLOBE_R2024A_V1_2.zip,2026-09-19T08:41:50.435893+00:00,European Commission reuse notice: reuse authorised with source acknowledgement,Direct field GH_BUT_S23_2020; layer GHSL_UCDB_THEME_GHSL_GLOBE_R2024A; exact definition and upstream source in ghsl_indicator_dictionary.csv and official PDF.
ghsl_178,ghsl_GH_BUT_V11_2020,GHSL UCDB R2024A V1.2,https://jeodpp.jrc.ec.europa.eu/ftp/jrc-opendata/GHSL/GHS_UCDB_GLOBE_R2024A/GHS_UCDB_GLOBE_R2024A/V1-2/GHS_UCDB_GLOBE_R2024A_V1_2.zip,2026-09-19T08:41:50.435893+00:00,European Commission reuse notice: reuse authorised with source acknowledgement,Direct field GH_BUT_V11_2020; layer GHSL_UCDB_THEME_GHSL_GLOBE_R2024A; exact definition and upstream source in ghsl_indicator_dictionary.csv and official PDF.
ghsl_178,ghsl_GH_BUT_V12_2020,GHSL UCDB R2024A V1.2,https://jeodpp.jrc.ec.europa.eu/ftp/jrc-opendata/GHSL/GHS_UCDB_GLOBE_R2024A/GHS_UCDB_GLOBE_R2024A/V1-2/GHS_UCDB_GLOBE_R2024A_V1_2.zip,2026-09-19T08:41:50.435893+00:00,European Commission reuse notice: reuse authorised with source acknowledgement,Direct field GH_BUT_V12_2020; layer GHSL_UCDB_THEME_GHSL_GLOBE_R2024A; exact definition and upstream source in ghsl_indicator_dictionary.csv and official PDF.
ghsl_178,ghsl_GH_BUT_V13_2020,GHSL UCDB R2024A V1.2,https://jeodpp.jrc.ec.europa.eu/ftp/jrc-opendata/GHSL/GHS_UCDB_GLOBE_R2024A/GHS_UCDB_GLOBE_R2024A/V1-2/GHS_UCDB_GLOBE_R2024A_V1_2.zip,2026-09-19T08:41:50.435893+00:00,European Commission reuse notice: reuse authorised with source acknowledgement,Direct field GH_BUT_V13_2020; layer GHSL_UCDB_THEME_GHSL_GLOBE_R2024A; exact definition and upstream source in ghsl_indicator_dictionary.csv and official PDF.
ghsl_178,ghsl_GH_BUT_V21_2020,GHSL UCDB R2024A V1.2,https://jeodpp.jrc.ec.europa.eu/ftp/jrc-opendata/GHSL/GHS_UCDB_GLOBE_R2024A/GHS_UCDB_GLOBE_R2024A/V1-2/GHS_UCDB_GLOBE_R2024A_V1_2.zip,2026-09-19T08:41:50.435893+00:00,European Commission reuse notice: reuse authorised with source acknowledgement,Direct field GH_BUT_V21_2020; layer GHSL_UCDB_THEME_GHSL_GLOBE_R2024A; exact definition and upstream source in ghsl_indicator_dictionary.csv and official PDF.
ghsl_178,ghsl_GH_BUT_V22_2020,GHSL UCDB R2024A V1.2,https://jeodpp.jrc.ec.europa.eu/ftp/jrc-opendata/GHSL/GHS_UCDB_GLOBE_R2024A/GHS_UCDB_GLOBE_R2024A/V1-2/GHS_UCDB_GLOBE_R2024A_V1_2.zip,2026-09-19T08:41:50.435893+00:00,European Commission reuse notice: reuse authorised with source acknowledgement,Direct field GH_BUT_V22_2020; layer GHSL_UCDB_THEME_GHSL_GLOBE_R2024A; exact definition and upstream source in ghsl_indicator_dictionary.csv and official PDF.
ghsl_178,ghsl_GH_BUT_V23_2020,GHSL UCDB R2024A V1.2,https://jeodpp.jrc.ec.europa.eu/ftp/jrc-opendata/GHSL/GHS_UCDB_GLOBE_R2024A/GHS_UCDB_GLOBE_R2024A/V1-2/GHS_UCDB_GLOBE_R2024A_V1_2.zip,2026-09-19T08:41:50.435893+00:00,European Commission reuse notice: reuse authorised with source acknowledgement,Direct field GH_BUT_V23_2020; layer GHSL_UCDB_THEME_GHSL_GLOBE_R2024A; exact definition and upstream source in ghsl_indicator_dictionary.csv and official PDF.
ghsl_178,ghsl_GH_BUT_P11_2020,GHSL UCDB R2024A V1.2,https://jeodpp.jrc.ec.europa.eu/ftp/jrc-opendata/GHSL/GHS_UCDB_GLOBE_R2024A/GHS_UCDB_GLOBE_R2024A/V1-2/GHS_UCDB_GLOBE_R2024A_V1_2.zip,2026-09-19T08:41:50.435893+00:00,European Commission reuse notice: reuse authorised with source acknowledgement,Direct field GH_BUT_P11_2020; layer GHSL_UCDB_THEME_GHSL_GLOBE_R2024A; exact definition and upstream source in ghsl_indicator_dictionary.csv and official PDF.
ghsl_178,ghsl_GH_BUT_P12_2020,GHSL UCDB R2024A V1.2,https://jeodpp.jrc.ec.europa.eu/ftp/jrc-opendata/GHSL/GHS_UCDB_GLOBE_R2024A/GHS_UCDB_GLOBE_R2024A/V1-2/GHS_UCDB_GLOBE_R2024A_V1_2.zip,2026-09-19T08:41:50.435893+00:00,European Commission reuse notice: reuse authorised with source acknowledgement,Direct field GH_BUT_P12_2020; layer GHSL_UCDB_THEME_GHSL_GLOBE_R2024A; exact definition and upstream source in ghsl_indicator_dictionary.csv and official PDF.
ghsl_178,ghsl_GH_BUT_P13_2020,GHSL UCDB R2024A V1.2,https://jeodpp.jrc.ec.europa.eu/ftp/jrc-opendata/GHSL/GHS_UCDB_GLOBE_R2024A/GHS_UCDB_GLOBE_R2024A/V1-2/GHS_UCDB_GLOBE_R2024A_V1_2.zip,2026-09-19T08:41:50.435893+00:00,European Commission reuse notice: reuse authorised with source acknowledgement,Direct field GH_BUT_P13_2020; layer GHSL_UCDB_THEME_GHSL_GLOBE_R2024A; exact definition and upstream source in ghsl_indicator_dictionary.csv and official PDF.
ghsl_178,ghsl_GH_BUT_P21_2020,GHSL UCDB R2024A V1.2,https://jeodpp.jrc.ec.europa.eu/ftp/jrc-opendata/GHSL/GHS_UCDB_GLOBE_R2024A/GHS_UCDB_GLOBE_R2024A/V1-2/GHS_UCDB_GLOBE_R2024A_V1_2.zip,2026-09-19T08:41:50.435893+00:00,European Commission reuse notice: reuse authorised with source acknowledgement,Direct field GH_BUT_P21_2020; layer GHSL_UCDB_THEME_GHSL_GLOBE_R2024A; exact definition and upstream source in ghsl_indicator_dictionary.csv and official PDF.
ghsl_178,ghsl_GH_BUT_P22_2020,GHSL UCDB R2024A V1.2,https://jeodpp.jrc.ec.europa.eu/ftp/jrc-opendata/GHSL/GHS_UCDB_GLOBE_R2024A/GHS_UCDB_GLOBE_R2024A/V1-2/GHS_UCDB_GLOBE_R2024A_V1_2.zip,2026-09-19T08:41:50.435893+00:00,European Commission reuse notice: reuse authorised with source acknowledgement,Direct field GH_BUT_P22_2020; layer GHSL_UCDB_THEME_GHSL_GLOBE_R2024A; exact definition and upstream source in ghsl_indicator_dictionary.csv and official PDF.
ghsl_178,ghsl_GH_BUT_P23_2020,GHSL UCDB R2024A V1.2,https://jeodpp.jrc.ec.europa.eu/ftp/jrc-opendata/GHSL/GHS_UCDB_GLOBE_R2024A/GHS_UCDB_GLOBE_R2024A/V1-2/GHS_UCDB_GLOBE_R2024A_V1_2.zip,2026-09-19T08:41:50.435893+00:00,European Commission reuse notice: reuse authorised with source acknowledgement,Direct field GH_BUT_P23_2020; layer GHSL_UCDB_THEME_GHSL_GLOBE_R2024A; exact definition and upstream source in ghsl_indicator_dictionary.csv and official PDF.
ghsl_178,ghsl_GH_AGE_S75_2025,GHSL UCDB R2024A V1.2,https://jeodpp.jrc.ec.europa.eu/ftp/jrc-opendata/GHSL/GHS_UCDB_GLOBE_R2024A/GHS_UCDB_GLOBE_R2024A/V1-2/GHS_UCDB_GLOBE_R2024A_V1_2.zip,2026-09-19T08:41:50.435893+00:00,European Commission reuse notice: reuse authorised with source acknowledgement,Direct field GH_AGE_S75_2025; layer GHSL_UCDB_THEME_GHSL_GLOBE_R2024A; exact definition and upstream source in ghsl_indicator_dictionary.csv and official PDF.
ghsl_178,ghsl_GH_AGE_S85_2025,GHSL UCDB R2024A V1.2,https://jeodpp.jrc.ec.europa.eu/ftp/jrc-opendata/GHSL/GHS_UCDB_GLOBE_R2024A/GHS_UCDB_GLOBE_R2024A/V1-2/GHS_UCDB_GLOBE_R2024A_V1_2.zip,2026-09-19T08:41:50.435893+00:00,European Commission reuse notice: reuse authorised with source acknowledgement,Direct field GH_AGE_S85_2025; layer GHSL_UCDB_THEME_GHSL_GLOBE_R2024A; exact definition and upstream source in ghsl_indicator_dictionary.csv and official PDF.
ghsl_178,ghsl_GH_AGE_S95_2025,GHSL UCDB R2024A V1.2,https://jeodpp.jrc.ec.europa.eu/ftp/jrc-opendata/GHSL/GHS_UCDB_GLOBE_R2024A/GHS_UCDB_GLOBE_R2024A/V1-2/GHS_UCDB_GLOBE_R2024A_V1_2.zip,2026-09-19T08:41:50.435893+00:00,European Commission reuse notice: reuse authorised with source acknowledgement,Direct field GH_AGE_S95_2025; layer GHSL_UCDB_THEME_GHSL_GLOBE_R2024A; exact definition and upstream source in ghsl_indicator_dictionary.csv and official PDF.
ghsl_178,ghsl_GH_AGE_S05_2025,GHSL UCDB R2024A V1.2,https://jeodpp.jrc.ec.europa.eu/ftp/jrc-opendata/GHSL/GHS_UCDB_GLOBE_R2024A/GHS_UCDB_GLOBE_R2024A/V1-2/GHS_UCDB_GLOBE_R2024A_V1_2.zip,2026-09-19T08:41:50.435893+00:00,European Commission reuse notice: reuse authorised with source acknowledgement,Direct field GH_AGE_S05_2025; layer GHSL_UCDB_THEME_GHSL_GLOBE_R2024A; exact definition and upstream source in ghsl_indicator_dictionary.csv and official PDF.
ghsl_178,ghsl_GH_AGE_S15_2025,GHSL UCDB R2024A V1.2,https://jeodpp.jrc.ec.europa.eu/ftp/jrc-opendata/GHSL/GHS_UCDB_GLOBE_R2024A/GHS_UCDB_GLOBE_R2024A/V1-2/GHS_UCDB_GLOBE_R2024A_V1_2.zip,2026-09-19T08:41:50.435893+00:00,European Commission reuse notice: reuse authorised with source acknowledgement,Direct field GH_AGE_S15_2025; layer GHSL_UCDB_THEME_GHSL_GLOBE_R2024A; exact definition and upstream source in ghsl_indicator_dictionary.csv and official PDF.
ghsl_178,ghsl_GH_AGE_S25_2025,GHSL UCDB R2024A V1.2,https://jeodpp.jrc.ec.europa.eu/ftp/jrc-opendata/GHSL/GHS_UCDB_GLOBE_R2024A/GHS_UCDB_GLOBE_R2024A/V1-2/GHS_UCDB_GLOBE_R2024A_V1_2.zip,2026-09-19T08:41:50.435893+00:00,European Commission reuse notice: reuse authorised with source acknowledgement,Direct field GH_AGE_S25_2025; layer GHSL_UCDB_THEME_GHSL_GLOBE_R2024A; exact definition and upstream source in ghsl_indicator_dictionary.csv and official PDF.
ghsl_178,ghsl_GH_POP_TOT_2025,GHSL UCDB R2024A V1.2,https://jeodpp.jrc.ec.europa.eu/ftp/jrc-opendata/GHSL/GHS_UCDB_GLOBE_R2024A/GHS_UCDB_GLOBE_R2024A/V1-2/GHS_UCDB_GLOBE_R2024A_V1_2.zip,2026-09-19T08:41:50.435893+00:00,European Commission reuse notice: reuse authorised with source acknowledgement,Direct field GH_POP_TOT_2025; layer GHSL_UCDB_THEME_GHSL_GLOBE_R2024A; exact definition and upstream source in ghsl_indicator_dictionary.csv and official PDF.
ghsl_178,ghsl_GH_POP_CAG_2025,GHSL UCDB R2024A V1.2,https://jeodpp.jrc.ec.europa.eu/ftp/jrc-opendata/GHSL/GHS_UCDB_GLOBE_R2024A/GHS_UCDB_GLOBE_R2024A/V1-2/GHS_UCDB_GLOBE_R2024A_V1_2.zip,2026-09-19T08:41:50.435893+00:00,European Commission reuse notice: reuse authorised with source acknowledgement,Direct field GH_POP_CAG_2025; layer GHSL_UCDB_THEME_GHSL_GLOBE_R2024A; exact definition and upstream source in ghsl_indicator_dictionary.csv and official PDF.
ghsl_178,ghsl_GH_XST_A11_2025,GHSL UCDB R2024A V1.2,https://jeodpp.jrc.ec.europa.eu/ftp/jrc-opendata/GHSL/GHS_UCDB_GLOBE_R2024A/GHS_UCDB_GLOBE_R2024A/V1-2/GHS_UCDB_GLOBE_R2024A_V1_2.zip,2026-09-19T08:41:50.435893+00:00,European Commission reuse notice: reuse authorised with source acknowledgement,Direct field GH_XST_A11_2025; layer GHSL_UCDB_THEME_GHSL_GLOBE_R2024A; exact definition and upstream source in ghsl_indicator_dictionary.csv and official PDF.
ghsl_178,ghsl_GH_XST_A12_2025,GHSL UCDB R2024A V1.2,https://jeodpp.jrc.ec.europa.eu/ftp/jrc-opendata/GHSL/GHS_UCDB_GLOBE_R2024A/GHS_UCDB_GLOBE_R2024A/V1-2/GHS_UCDB_GLOBE_R2024A_V1_2.zip,2026-09-19T08:41:50.435893+00:00,European Commission reuse notice: reuse authorised with source acknowledgement,Direct field GH_XST_A12_2025; layer GHSL_UCDB_THEME_GHSL_GLOBE_R2024A; exact definition and upstream source in ghsl_indicator_dictionary.csv and official PDF.
ghsl_178,ghsl_GH_XST_A13_2025,GHSL UCDB R2024A V1.2,https://jeodpp.jrc.ec.europa.eu/ftp/jrc-opendata/GHSL/GHS_UCDB_GLOBE_R2024A/GHS_UCDB_GLOBE_R2024A/V1-2/GHS_UCDB_GLOBE_R2024A_V1_2.zip,2026-09-19T08:41:50.435893+00:00,European Commission reuse notice: reuse authorised with source acknowledgement,Direct field GH_XST_A13_2025; layer GHSL_UCDB_THEME_GHSL_GLOBE_R2024A; exact definition and upstream source in ghsl_indicator_dictionary.csv and official PDF.
ghsl_178,ghsl_GH_XST_A21_2025,GHSL UCDB R2024A V1.2,https://jeodpp.jrc.ec.europa.eu/ftp/jrc-opendata/GHSL/GHS_UCDB_GLOBE_R2024A/GHS_UCDB_GLOBE_R2024A/V1-2/GHS_UCDB_GLOBE_R2024A_V1_2.zip,2026-09-19T08:41:50.435893+00:00,European Commission reuse notice: reuse authorised with source acknowledgement,Direct field GH_XST_A21_2025; layer GHSL_UCDB_THEME_GHSL_GLOBE_R2024A; exact definition and upstream source in ghsl_indicator_dictionary.csv and official PDF.
ghsl_178,ghsl_GH_XST_A22_2025,GHSL UCDB R2024A V1.2,https://jeodpp.jrc.ec.europa.eu/ftp/jrc-opendata/GHSL/GHS_UCDB_GLOBE_R2024A/GHS_UCDB_GLOBE_R2024A/V1-2/GHS_UCDB_GLOBE_R2024A_V1_2.zip,2026-09-19T08:41:50.435893+00:00,European Commission reuse notice: reuse authorised with source acknowledgement,Direct field GH_XST_A22_2025; layer GHSL_UCDB_THEME_GHSL_GLOBE_R2024A; exact definition and upstream source in ghsl_indicator_dictionary.csv and official PDF.
ghsl_178,ghsl_XST_A23_2025,GHSL UCDB R2024A V1.2,https://jeodpp.jrc.ec.europa.eu/ftp/jrc-opendata/GHSL/GHS_UCDB_GLOBE_R2024A/GHS_UCDB_GLOBE_R2024A/V1-2/GHS_UCDB_GLOBE_R2024A_V1_2.zip,2026-09-19T08:41:50.435893+00:00,European Commission reuse notice: reuse authorised with source acknowledgement,Direct field XST_A23_2025; layer GHSL_UCDB_THEME_GHSL_GLOBE_R2024A; exact definition and upstream source in ghsl_indicator_dictionary.csv and official PDF.
ghsl_178,ghsl_XST_A30_2025,GHSL UCDB R2024A V1.2,https://jeodpp.jrc.ec.europa.eu/ftp/jrc-opendata/GHSL/GHS_UCDB_GLOBE_R2024A/GHS_UCDB_GLOBE_R2024A/V1-2/GHS_UCDB_GLOBE_R2024A_V1_2.zip,2026-09-19T08:41:50.435893+00:00,European Commission reuse notice: reuse authorised with source acknowledgement,Direct field XST_A30_2025; layer GHSL_UCDB_THEME_GHSL_GLOBE_R2024A; exact definition and upstream source in ghsl_indicator_dictionary.csv and official PDF.
ghsl_178,ghsl_GH_XST_S11_2025,GHSL UCDB R2024A V1.2,https://jeodpp.jrc.ec.europa.eu/ftp/jrc-opendata/GHSL/GHS_UCDB_GLOBE_R2024A/GHS_UCDB_GLOBE_R2024A/V1-2/GHS_UCDB_GLOBE_R2024A_V1_2.zip,2026-09-19T08:41:50.435893+00:00,European Commission reuse notice: reuse authorised with source acknowledgement,Direct field GH_XST_S11_2025; layer GHSL_UCDB_THEME_GHSL_GLOBE_R2024A; exact definition and upstream source in ghsl_indicator_dictionary.csv and official PDF.
ghsl_178,ghsl_GH_XST_S12_2025,GHSL UCDB R2024A V1.2,https://jeodpp.jrc.ec.europa.eu/ftp/jrc-opendata/GHSL/GHS_UCDB_GLOBE_R2024A/GHS_UCDB_GLOBE_R2024A/V1-2/GHS_UCDB_GLOBE_R2024A_V1_2.zip,2026-09-19T08:41:50.435893+00:00,European Commission reuse notice: reuse authorised with source acknowledgement,Direct field GH_XST_S12_2025; layer GHSL_UCDB_THEME_GHSL_GLOBE_R2024A; exact definition and upstream source in ghsl_indicator_dictionary.csv and official PDF.
ghsl_178,ghsl_GH_XST_S13_2025,GHSL UCDB R2024A V1.2,https://jeodpp.jrc.ec.europa.eu/ftp/jrc-opendata/GHSL/GHS_UCDB_GLOBE_R2024A/GHS_UCDB_GLOBE_R2024A/V1-2/GHS_UCDB_GLOBE_R2024A_V1_2.zip,2026-09-19T08:41:50.435893+00:00,European Commission reuse notice: reuse authorised with source acknowledgement,Direct field GH_XST_S13_2025; layer GHSL_UCDB_THEME_GHSL_GLOBE_R2024A; exact definition and upstream source in ghsl_indicator_dictionary.csv and official PDF.
ghsl_178,ghsl_GH_XST_S21_2025,GHSL UCDB R2024A V1.2,https://jeodpp.jrc.ec.europa.eu/ftp/jrc-opendata/GHSL/GHS_UCDB_GLOBE_R2024A/GHS_UCDB_GLOBE_R2024A/V1-2/GHS_UCDB_GLOBE_R2024A_V1_2.zip,2026-09-19T08:41:50.435893+00:00,European Commission reuse notice: reuse authorised with source acknowledgement,Direct field GH_XST_S21_2025; layer GHSL_UCDB_THEME_GHSL_GLOBE_R2024A; exact definition and upstream source in ghsl_indicator_dictionary.csv and official PDF.
ghsl_178,ghsl_GH_XST_S22_2025,GHSL UCDB R2024A V1.2,https://jeodpp.jrc.ec.europa.eu/ftp/jrc-opendata/GHSL/GHS_UCDB_GLOBE_R2024A/GHS_UCDB_GLOBE_R2024A/V1-2/GHS_UCDB_GLOBE_R2024A_V1_2.zip,2026-09-19T08:41:50.435893+00:00,European Commission reuse notice: reuse authorised with source acknowledgement,Direct field GH_XST_S22_2025; layer GHSL_UCDB_THEME_GHSL_GLOBE_R2024A; exact definition and upstream source in ghsl_indicator_dictionary.csv and official PDF.
ghsl_178,ghsl_GH_XST_S23_2025,GHSL UCDB R2024A V1.2,https://jeodpp.jrc.ec.europa.eu/ftp/jrc-opendata/GHSL/GHS_UCDB_GLOBE_R2024A/GHS_UCDB_GLOBE_R2024A/V1-2/GHS_UCDB_GLOBE_R2024A_V1_2.zip,2026-09-19T08:41:50.435893+00:00,European Commission reuse notice: reuse authorised with source acknowledgement,Direct field GH_XST_S23_2025; layer GHSL_UCDB_THEME_GHSL_GLOBE_R2024A; exact definition and upstream source in ghsl_indicator_dictionary.csv and official PDF.
ghsl_178,ghsl_GH_XST_S30_2025,GHSL UCDB R2024A V1.2,https://jeodpp.jrc.ec.europa.eu/ftp/jrc-opendata/GHSL/GHS_UCDB_GLOBE_R2024A/GHS_UCDB_GLOBE_R2024A/V1-2/GHS_UCDB_GLOBE_R2024A_V1_2.zip,2026-09-19T08:41:50.435893+00:00,European Commission reuse notice: reuse authorised with source acknowledgement,Direct field GH_XST_S30_2025; layer GHSL_UCDB_THEME_GHSL_GLOBE_R2024A; exact definition and upstream source in ghsl_indicator_dictionary.csv and official PDF.
ghsl_178,ghsl_GH_XST_V11_2025,GHSL UCDB R2024A V1.2,https://jeodpp.jrc.ec.europa.eu/ftp/jrc-opendata/GHSL/GHS_UCDB_GLOBE_R2024A/GHS_UCDB_GLOBE_R2024A/V1-2/GHS_UCDB_GLOBE_R2024A_V1_2.zip,2026-09-19T08:41:50.435893+00:00,European Commission reuse notice: reuse authorised with source acknowledgement,Direct field GH_XST_V11_2025; layer GHSL_UCDB_THEME_GHSL_GLOBE_R2024A; exact definition and upstream source in ghsl_indicator_dictionary.csv and official PDF.
ghsl_178,ghsl_GH_XST_V12_2025,GHSL UCDB R2024A V1.2,https://jeodpp.jrc.ec.europa.eu/ftp/jrc-opendata/GHSL/GHS_UCDB_GLOBE_R2024A/GHS_UCDB_GLOBE_R2024A/V1-2/GHS_UCDB_GLOBE_R2024A_V1_2.zip,2026-09-19T08:41:50.435893+00:00,European Commission reuse notice: reuse authorised with source acknowledgement,Direct field GH_XST_V12_2025; layer GHSL_UCDB_THEME_GHSL_GLOBE_R2024A; exact definition and upstream source in ghsl_indicator_dictionary.csv and official PDF.
ghsl_178,ghsl_GH_XST_V13_2025,GHSL UCDB R2024A V1.2,https://jeodpp.jrc.ec.europa.eu/ftp/jrc-opendata/GHSL/GHS_UCDB_GLOBE_R2024A/GHS_UCDB_GLOBE_R2024A/V1-2/GHS_UCDB_GLOBE_R2024A_V1_2.zip,2026-09-19T08:41:50.435893+00:00,European Commission reuse notice: reuse authorised with source acknowledgement,Direct field GH_XST_V13_2025; layer GHSL_UCDB_THEME_GHSL_GLOBE_R2024A; exact definition and upstream source in ghsl_indicator_dictionary.csv and official PDF.
ghsl_178,ghsl_GH_XST_V21_2025,GHSL UCDB R2024A V1.2,https://jeodpp.jrc.ec.europa.eu/ftp/jrc-opendata/GHSL/GHS_UCDB_GLOBE_R2024A/GHS_UCDB_GLOBE_R2024A/V1-2/GHS_UCDB_GLOBE_R2024A_V1_2.zip,2026-09-19T08:41:50.435893+00:00,European Commission reuse notice: reuse authorised with source acknowledgement,Direct field GH_XST_V21_2025; layer GHSL_UCDB_THEME_GHSL_GLOBE_R2024A; exact definition and upstream source in ghsl_indicator_dictionary.csv and official PDF.
ghsl_178,ghsl_GH_XST_V22_2025,GHSL UCDB R2024A V1.2,https://jeodpp.jrc.ec.europa.eu/ftp/jrc-opendata/GHSL/GHS_UCDB_GLOBE_R2024A/GHS_UCDB_GLOBE_R2024A/V1-2/GHS_UCDB_GLOBE_R2024A_V1_2.zip,2026-09-19T08:41:50.435893+00:00,European Commission reuse notice: reuse authorised with source acknowledgement,Direct field GH_XST_V22_2025; layer GHSL_UCDB_THEME_GHSL_GLOBE_R2024A; exact definition and upstream source in ghsl_indicator_dictionary.csv and official PDF.
ghsl_178,ghsl_GH_XST_V23_2025,GHSL UCDB R2024A V1.2,https://jeodpp.jrc.ec.europa.eu/ftp/jrc-opendata/GHSL/GHS_UCDB_GLOBE_R2024A/GHS_UCDB_GLOBE_R2024A/V1-2/GHS_UCDB_GLOBE_R2024A_V1_2.zip,2026-09-19T08:41:50.435893+00:00,European Commission reuse notice: reuse authorised with source acknowledgement,Direct field GH_XST_V23_2025; layer GHSL_UCDB_THEME_GHSL_GLOBE_R2024A; exact definition and upstream source in ghsl_indicator_dictionary.csv and official PDF.
ghsl_178,ghsl_GH_XST_V30_2025,GHSL UCDB R2024A V1.2,https://jeodpp.jrc.ec.europa.eu/ftp/jrc-opendata/GHSL/GHS_UCDB_GLOBE_R2024A/GHS_UCDB_GLOBE_R2024A/V1-2/GHS_UCDB_GLOBE_R2024A_V1_2.zip,2026-09-19T08:41:50.435893+00:00,European Commission reuse notice: reuse authorised with source acknowledgement,Direct field GH_XST_V30_2025; layer GHSL_UCDB_THEME_GHSL_GLOBE_R2024A; exact definition and upstream source in ghsl_indicator_dictionary.csv and official PDF.
ghsl_178,ghsl_GH_XST_P11_2025,GHSL UCDB R2024A V1.2,https://jeodpp.jrc.ec.europa.eu/ftp/jrc-opendata/GHSL/GHS_UCDB_GLOBE_R2024A/GHS_UCDB_GLOBE_R2024A/V1-2/GHS_UCDB_GLOBE_R2024A_V1_2.zip,2026-09-19T08:41:50.435893+00:00,European Commission reuse notice: reuse authorised with source acknowledgement,Direct field GH_XST_P11_2025; layer GHSL_UCDB_THEME_GHSL_GLOBE_R2024A; exact definition and upstream source in ghsl_indicator_dictionary.csv and official PDF.
ghsl_178,ghsl_GH_XST_P12_2025,GHSL UCDB R2024A V1.2,https://jeodpp.jrc.ec.europa.eu/ftp/jrc-opendata/GHSL/GHS_UCDB_GLOBE_R2024A/GHS_UCDB_GLOBE_R2024A/V1-2/GHS_UCDB_GLOBE_R2024A_V1_2.zip,2026-09-19T08:41:50.435893+00:00,European Commission reuse notice: reuse authorised with source acknowledgement,Direct field GH_XST_P12_2025; layer GHSL_UCDB_THEME_GHSL_GLOBE_R2024A; exact definition and upstream source in ghsl_indicator_dictionary.csv and official PDF.
ghsl_178,ghsl_GH_XST_P13_2025,GHSL UCDB R2024A V1.2,https://jeodpp.jrc.ec.europa.eu/ftp/jrc-opendata/GHSL/GHS_UCDB_GLOBE_R2024A/GHS_UCDB_GLOBE_R2024A/V1-2/GHS_UCDB_GLOBE_R2024A_V1_2.zip,2026-09-19T08:41:50.435893+00:00,European Commission reuse notice: reuse authorised with source acknowledgement,Direct field GH_XST_P13_2025; layer GHSL_UCDB_THEME_GHSL_GLOBE_R2024A; exact definition and upstream source in ghsl_indicator_dictionary.csv and official PDF.
ghsl_178,ghsl_GH_XST_P21_2025,GHSL UCDB R2024A V1.2,https://jeodpp.jrc.ec.europa.eu/ftp/jrc-opendata/GHSL/GHS_UCDB_GLOBE_R2024A/GHS_UCDB_GLOBE_R2024A/V1-2/GHS_UCDB_GLOBE_R2024A_V1_2.zip,2026-09-19T08:41:50.435893+00:00,European Commission reuse notice: reuse authorised with source acknowledgement,Direct field GH_XST_P21_2025; layer GHSL_UCDB_THEME_GHSL_GLOBE_R2024A; exact definition and upstream source in ghsl_indicator_dictionary.csv and official PDF.
ghsl_178,ghsl_GH_XST_P22_2025,GHSL UCDB R2024A V1.2,https://jeodpp.jrc.ec.europa.eu/ftp/jrc-opendata/GHSL/GHS_UCDB_GLOBE_R2024A/GHS_UCDB_GLOBE_R2024A/V1-2/GHS_UCDB_GLOBE_R2024A_V1_2.zip,2026-09-19T08:41:50.435893+00:00,European Commission reuse notice: reuse authorised with source acknowledgement,Direct field GH_XST_P22_2025; layer GHSL_UCDB_THEME_GHSL_GLOBE_R2024A; exact definition and upstream source in ghsl_indicator_dictionary.csv and official PDF.
ghsl_178,ghsl_GH_XST_P23_2025,GHSL UCDB R2024A V1.2,https://jeodpp.jrc.ec.europa.eu/ftp/jrc-opendata/GHSL/GHS_UCDB_GLOBE_R2024A/GHS_UCDB_GLOBE_R2024A/V1-2/GHS_UCDB_GLOBE_R2024A_V1_2.zip,2026-09-19T08:41:50.435893+00:00,European Commission reuse notice: reuse authorised with source acknowledgement,Direct field GH_XST_P23_2025; layer GHSL_UCDB_THEME_GHSL_GLOBE_R2024A; exact definition and upstream source in ghsl_indicator_dictionary.csv and official PDF.
ghsl_178,ghsl_GH_XST_P30_2025,GHSL UCDB R2024A V1.2,https://jeodpp.jrc.ec.europa.eu/ftp/jrc-opendata/GHSL/GHS_UCDB_GLOBE_R2024A/GHS_UCDB_GLOBE_R2024A/V1-2/GHS_UCDB_GLOBE_R2024A_V1_2.zip,2026-09-19T08:41:50.435893+00:00,European Commission reuse notice: reuse authorised with source acknowledgement,Direct field GH_XST_P30_2025; layer GHSL_UCDB_THEME_GHSL_GLOBE_R2024A; exact definition and upstream source in ghsl_indicator_dictionary.csv and official PDF.
ghsl_178,ghsl_GH_XST_D11_2025,GHSL UCDB R2024A V1.2,https://jeodpp.jrc.ec.europa.eu/ftp/jrc-opendata/GHSL/GHS_UCDB_GLOBE_R2024A/GHS_UCDB_GLOBE_R2024A/V1-2/GHS_UCDB_GLOBE_R2024A_V1_2.zip,2026-09-19T08:41:50.435893+00:00,European Commission reuse notice: reuse authorised with source acknowledgement,Direct field GH_XST_D11_2025; layer GHSL_UCDB_THEME_GHSL_GLOBE_R2024A; exact definition and upstream source in ghsl_indicator_dictionary.csv and official PDF.
ghsl_178,ghsl_GH_XST_D12_2025,GHSL UCDB R2024A V1.2,https://jeodpp.jrc.ec.europa.eu/ftp/jrc-opendata/GHSL/GHS_UCDB_GLOBE_R2024A/GHS_UCDB_GLOBE_R2024A/V1-2/GHS_UCDB_GLOBE_R2024A_V1_2.zip,2026-09-19T08:41:50.435893+00:00,European Commission reuse notice: reuse authorised with source acknowledgement,Direct field GH_XST_D12_2025; layer GHSL_UCDB_THEME_GHSL_GLOBE_R2024A; exact definition and upstream source in ghsl_indicator_dictionary.csv and official PDF.
ghsl_178,ghsl_GH_XST_D13_2025,GHSL UCDB R2024A V1.2,https://jeodpp.jrc.ec.europa.eu/ftp/jrc-opendata/GHSL/GHS_UCDB_GLOBE_R2024A/GHS_UCDB_GLOBE_R2024A/V1-2/GHS_UCDB_GLOBE_R2024A_V1_2.zip,2026-09-19T08:41:50.435893+00:00,European Commission reuse notice: reuse authorised with source acknowledgement,Direct field GH_XST_D13_2025; layer GHSL_UCDB_THEME_GHSL_GLOBE_R2024A; exact definition and upstream source in ghsl_indicator_dictionary.csv and official PDF.
ghsl_178,ghsl_GH_XST_D21_2025,GHSL UCDB R2024A V1.2,https://jeodpp.jrc.ec.europa.eu/ftp/jrc-opendata/GHSL/GHS_UCDB_GLOBE_R2024A/GHS_UCDB_GLOBE_R2024A/V1-2/GHS_UCDB_GLOBE_R2024A_V1_2.zip,2026-09-19T08:41:50.435893+00:00,European Commission reuse notice: reuse authorised with source acknowledgement,Direct field GH_XST_D21_2025; layer GHSL_UCDB_THEME_GHSL_GLOBE_R2024A; exact definition and upstream source in ghsl_indicator_dictionary.csv and official PDF.
ghsl_178,ghsl_GH_XST_D22_2025,GHSL UCDB R2024A V1.2,https://jeodpp.jrc.ec.europa.eu/ftp/jrc-opendata/GHSL/GHS_UCDB_GLOBE_R2024A/GHS_UCDB_GLOBE_R2024A/V1-2/GHS_UCDB_GLOBE_R2024A_V1_2.zip,2026-09-19T08:41:50.435893+00:00,European Commission reuse notice: reuse authorised with source acknowledgement,Direct field GH_XST_D22_2025; layer GHSL_UCDB_THEME_GHSL_GLOBE_R2024A; exact definition and upstream source in ghsl_indicator_dictionary.csv and official PDF.
ghsl_178,ghsl_GH_XST_D23_2025,GHSL UCDB R2024A V1.2,https://jeodpp.jrc.ec.europa.eu/ftp/jrc-opendata/GHSL/GHS_UCDB_GLOBE_R2024A/GHS_UCDB_GLOBE_R2024A/V1-2/GHS_UCDB_GLOBE_R2024A_V1_2.zip,2026-09-19T08:41:50.435893+00:00,European Commission reuse notice: reuse authorised with source acknowledgement,Direct field GH_XST_D23_2025; layer GHSL_UCDB_THEME_GHSL_GLOBE_R2024A; exact definition and upstream source in ghsl_indicator_dictionary.csv and official PDF.
ghsl_178,ghsl_GH_XST_D30_2025,GHSL UCDB R2024A V1.2,https://jeodpp.jrc.ec.europa.eu/ftp/jrc-opendata/GHSL/GHS_UCDB_GLOBE_R2024A/GHS_UCDB_GLOBE_R2024A/V1-2/GHS_UCDB_GLOBE_R2024A_V1_2.zip,2026-09-19T08:41:50.435893+00:00,European Commission reuse notice: reuse authorised with source acknowledgement,Direct field GH_XST_D30_2025; layer GHSL_UCDB_THEME_GHSL_GLOBE_R2024A; exact definition and upstream source in ghsl_indicator_dictionary.csv and official PDF.
ghsl_178,ghsl_GH_L30_2025,GHSL UCDB R2024A V1.2,https://jeodpp.jrc.ec.europa.eu/ftp/jrc-opendata/GHSL/GHS_UCDB_GLOBE_R2024A/GHS_UCDB_GLOBE_R2024A/V1-2/GHS_UCDB_GLOBE_R2024A_V1_2.zip,2026-09-19T08:41:50.435893+00:00,European Commission reuse notice: reuse authorised with source acknowledgement,Direct field GH_L30_2025; layer GHSL_UCDB_THEME_GHSL_GLOBE_R2024A; exact definition and upstream source in ghsl_indicator_dictionary.csv and official PDF.
ghsl_178,ghsl_GH_W30_2025,GHSL UCDB R2024A V1.2,https://jeodpp.jrc.ec.europa.eu/ftp/jrc-opendata/GHSL/GHS_UCDB_GLOBE_R2024A/GHS_UCDB_GLOBE_R2024A/V1-2/GHS_UCDB_GLOBE_R2024A_V1_2.zip,2026-09-19T08:41:50.435893+00:00,European Commission reuse notice: reuse authorised with source acknowledgement,Direct field GH_W30_2025; layer GHSL_UCDB_THEME_GHSL_GLOBE_R2024A; exact definition and upstream source in ghsl_indicator_dictionary.csv and official PDF.
ghsl_178,ghsl_GR_CTH_AVG_2020,GHSL UCDB R2024A V1.2,https://jeodpp.jrc.ec.europa.eu/ftp/jrc-opendata/GHSL/GHS_UCDB_GLOBE_R2024A/GHS_UCDB_GLOBE_R2024A/V1-2/GHS_UCDB_GLOBE_R2024A_V1_2.zip,2026-09-19T08:41:50.435893+00:00,European Commission reuse notice: reuse authorised with source acknowledgement,Direct field GR_CTH_AVG_2020; layer GHSL_UCDB_THEME_GREENNESS_GLOBE_R2024A; exact definition and upstream source in ghsl_indicator_dictionary.csv and official PDF.
ghsl_178,ghsl_GR_CTH_STD_2020,GHSL UCDB R2024A V1.2,https://jeodpp.jrc.ec.europa.eu/ftp/jrc-opendata/GHSL/GHS_UCDB_GLOBE_R2024A/GHS_UCDB_GLOBE_R2024A/V1-2/GHS_UCDB_GLOBE_R2024A_V1_2.zip,2026-09-19T08:41:50.435893+00:00,European Commission reuse notice: reuse authorised with source acknowledgement,Direct field GR_CTH_STD_2020; layer GHSL_UCDB_THEME_GREENNESS_GLOBE_R2024A; exact definition and upstream source in ghsl_indicator_dictionary.csv and official PDF.
ghsl_178,ghsl_GR_AVG_GRN_2025,GHSL UCDB R2024A V1.2,https://jeodpp.jrc.ec.europa.eu/ftp/jrc-opendata/GHSL/GHS_UCDB_GLOBE_R2024A/GHS_UCDB_GLOBE_R2024A/V1-2/GHS_UCDB_GLOBE_R2024A_V1_2.zip,2026-09-19T08:41:50.435893+00:00,European Commission reuse notice: reuse authorised with source acknowledgement,Direct field GR_AVG_GRN_2025; layer GHSL_UCDB_THEME_GREENNESS_GLOBE_R2024A; exact definition and upstream source in ghsl_indicator_dictionary.csv and official PDF.
ghsl_178,ghsl_GR_SQM_LGR_2025,GHSL UCDB R2024A V1.2,https://jeodpp.jrc.ec.europa.eu/ftp/jrc-opendata/GHSL/GHS_UCDB_GLOBE_R2024A/GHS_UCDB_GLOBE_R2024A/V1-2/GHS_UCDB_GLOBE_R2024A_V1_2.zip,2026-09-19T08:41:50.435893+00:00,European Commission reuse notice: reuse authorised with source acknowledgement,Direct field GR_SQM_LGR_2025; layer GHSL_UCDB_THEME_GREENNESS_GLOBE_R2024A; exact definition and upstream source in ghsl_indicator_dictionary.csv and official PDF.
ghsl_178,ghsl_GR_SQM_HGR_2025,GHSL UCDB R2024A V1.2,https://jeodpp.jrc.ec.europa.eu/ftp/jrc-opendata/GHSL/GHS_UCDB_GLOBE_R2024A/GHS_UCDB_GLOBE_R2024A/V1-2/GHS_UCDB_GLOBE_R2024A_V1_2.zip,2026-09-19T08:41:50.435893+00:00,European Commission reuse notice: reuse authorised with source acknowledgement,Direct field GR_SQM_HGR_2025; layer GHSL_UCDB_THEME_GREENNESS_GLOBE_R2024A; exact definition and upstream source in ghsl_indicator_dictionary.csv and official PDF.
ghsl_178,ghsl_GR_SQM_GRN_2025,GHSL UCDB R2024A V1.2,https://jeodpp.jrc.ec.europa.eu/ftp/jrc-opendata/GHSL/GHS_UCDB_GLOBE_R2024A/GHS_UCDB_GLOBE_R2024A/V1-2/GHS_UCDB_GLOBE_R2024A_V1_2.zip,2026-09-19T08:41:50.435893+00:00,European Commission reuse notice: reuse authorised with source acknowledgement,Direct field GR_SQM_GRN_2025; layer GHSL_UCDB_THEME_GREENNESS_GLOBE_R2024A; exact definition and upstream source in ghsl_indicator_dictionary.csv and official PDF.
ghsl_178,ghsl_GR_SHB_HGR_2025,GHSL UCDB R2024A V1.2,https://jeodpp.jrc.ec.europa.eu/ftp/jrc-opendata/GHSL/GHS_UCDB_GLOBE_R2024A/GHS_UCDB_GLOBE_R2024A/V1-2/GHS_UCDB_GLOBE_R2024A_V1_2.zip,2026-09-19T08:41:50.435893+00:00,European Commission reuse notice: reuse authorised with source acknowledgement,Direct field GR_SHB_HGR_2025; layer GHSL_UCDB_THEME_GREENNESS_GLOBE_R2024A; exact definition and upstream source in ghsl_indicator_dictionary.csv and official PDF.
ghsl_178,ghsl_GR_SHB_GRN_2025,GHSL UCDB R2024A V1.2,https://jeodpp.jrc.ec.europa.eu/ftp/jrc-opendata/GHSL/GHS_UCDB_GLOBE_R2024A/GHS_UCDB_GLOBE_R2024A/V1-2/GHS_UCDB_GLOBE_R2024A_V1_2.zip,2026-09-19T08:41:50.435893+00:00,European Commission reuse notice: reuse authorised with source acknowledgement,Direct field GR_SHB_GRN_2025; layer GHSL_UCDB_THEME_GREENNESS_GLOBE_R2024A; exact definition and upstream source in ghsl_indicator_dictionary.csv and official PDF.
ghsl_178,ghsl_HZ_WLF_BHA_2024,GHSL UCDB R2024A V1.2,https://jeodpp.jrc.ec.europa.eu/ftp/jrc-opendata/GHSL/GHS_UCDB_GLOBE_R2024A/GHS_UCDB_GLOBE_R2024A/V1-2/GHS_UCDB_GLOBE_R2024A_V1_2.zip,2026-09-19T08:41:50.435893+00:00,European Commission reuse notice: reuse authorised with source acknowledgement,Direct field HZ_WLF_BHA_2024; layer GHSL_UCDB_THEME_HAZARD_RISK_GLOBE_R2024A; exact definition and upstream source in ghsl_indicator_dictionary.csv and official PDF.
ghsl_178,ghsl_HZ_WLF_NUM_2024,GHSL UCDB R2024A V1.2,https://jeodpp.jrc.ec.europa.eu/ftp/jrc-opendata/GHSL/GHS_UCDB_GLOBE_R2024A/GHS_UCDB_GLOBE_R2024A/V1-2/GHS_UCDB_GLOBE_R2024A_V1_2.zip,2026-09-19T08:41:50.435893+00:00,European Commission reuse notice: reuse authorised with source acknowledgement,Direct field HZ_WLF_NUM_2024; layer GHSL_UCDB_THEME_HAZARD_RISK_GLOBE_R2024A; exact definition and upstream source in ghsl_indicator_dictionary.csv and official PDF.
ghsl_178,ghsl_HZ_CON_VAC_2020,GHSL UCDB R2024A V1.2,https://jeodpp.jrc.ec.europa.eu/ftp/jrc-opendata/GHSL/GHS_UCDB_GLOBE_R2024A/GHS_UCDB_GLOBE_R2024A/V1-2/GHS_UCDB_GLOBE_R2024A_V1_2.zip,2026-09-19T08:41:50.435893+00:00,European Commission reuse notice: reuse authorised with source acknowledgement,Direct field HZ_CON_VAC_2020; layer GHSL_UCDB_THEME_HAZARD_RISK_GLOBE_R2024A; exact definition and upstream source in ghsl_indicator_dictionary.csv and official PDF.
ghsl_178,ghsl_HZ_CON_BAT_2020,GHSL UCDB R2024A V1.2,https://jeodpp.jrc.ec.europa.eu/ftp/jrc-opendata/GHSL/GHS_UCDB_GLOBE_R2024A/GHS_UCDB_GLOBE_R2024A/V1-2/GHS_UCDB_GLOBE_R2024A_V1_2.zip,2026-09-19T08:41:50.435893+00:00,European Commission reuse notice: reuse authorised with source acknowledgement,Direct field HZ_CON_BAT_2020; layer GHSL_UCDB_THEME_HAZARD_RISK_GLOBE_R2024A; exact definition and upstream source in ghsl_indicator_dictionary.csv and official PDF.
ghsl_178,ghsl_HZ_CON_SDV_2020,GHSL UCDB R2024A V1.2,https://jeodpp.jrc.ec.europa.eu/ftp/jrc-opendata/GHSL/GHS_UCDB_GLOBE_R2024A/GHS_UCDB_GLOBE_R2024A/V1-2/GHS_UCDB_GLOBE_R2024A_V1_2.zip,2026-09-19T08:41:50.435893+00:00,European Commission reuse notice: reuse authorised with source acknowledgement,Direct field HZ_CON_SDV_2020; layer GHSL_UCDB_THEME_HAZARD_RISK_GLOBE_R2024A; exact definition and upstream source in ghsl_indicator_dictionary.csv and official PDF.
ghsl_178,ghsl_HZ_CON_RIO_2020,GHSL UCDB R2024A V1.2,https://jeodpp.jrc.ec.europa.eu/ftp/jrc-opendata/GHSL/GHS_UCDB_GLOBE_R2024A/GHS_UCDB_GLOBE_R2024A/V1-2/GHS_UCDB_GLOBE_R2024A_V1_2.zip,2026-09-19T08:41:50.435893+00:00,European Commission reuse notice: reuse authorised with source acknowledgement,Direct field HZ_CON_RIO_2020; layer GHSL_UCDB_THEME_HAZARD_RISK_GLOBE_R2024A; exact definition and upstream source in ghsl_indicator_dictionary.csv and official PDF.
ghsl_178,ghsl_HZ_CON_PRO_2020,GHSL UCDB R2024A V1.2,https://jeodpp.jrc.ec.europa.eu/ftp/jrc-opendata/GHSL/GHS_UCDB_GLOBE_R2024A/GHS_UCDB_GLOBE_R2024A/V1-2/GHS_UCDB_GLOBE_R2024A_V1_2.zip,2026-09-19T08:41:50.435893+00:00,European Commission reuse notice: reuse authorised with source acknowledgement,Direct field HZ_CON_PRO_2020; layer GHSL_UCDB_THEME_HAZARD_RISK_GLOBE_R2024A; exact definition and upstream source in ghsl_indicator_dictionary.csv and official PDF.
ghsl_178,ghsl_HZ_CON_ERV_2020,GHSL UCDB R2024A V1.2,https://jeodpp.jrc.ec.europa.eu/ftp/jrc-opendata/GHSL/GHS_UCDB_GLOBE_R2024A/GHS_UCDB_GLOBE_R2024A/V1-2/GHS_UCDB_GLOBE_R2024A_V1_2.zip,2026-09-19T08:41:50.435893+00:00,European Commission reuse notice: reuse authorised with source acknowledgement,Direct field HZ_CON_ERV_2020; layer GHSL_UCDB_THEME_HAZARD_RISK_GLOBE_R2024A; exact definition and upstream source in ghsl_indicator_dictionary.csv and official PDF.
ghsl_178,ghsl_HZ_CON_TOT_2020,GHSL UCDB R2024A V1.2,https://jeodpp.jrc.ec.europa.eu/ftp/jrc-opendata/GHSL/GHS_UCDB_GLOBE_R2024A/GHS_UCDB_GLOBE_R2024A/V1-2/GHS_UCDB_GLOBE_R2024A_V1_2.zip,2026-09-19T08:41:50.435893+00:00,European Commission reuse notice: reuse authorised with source acknowledgement,Direct field HZ_CON_TOT_2020; layer GHSL_UCDB_THEME_HAZARD_RISK_GLOBE_R2024A; exact definition and upstream source in ghsl_indicator_dictionary.csv and official PDF.
ghsl_178,ghsl_HZ_CON_SBC_2020,GHSL UCDB R2024A V1.2,https://jeodpp.jrc.ec.europa.eu/ftp/jrc-opendata/GHSL/GHS_UCDB_GLOBE_R2024A/GHS_UCDB_GLOBE_R2024A/V1-2/GHS_UCDB_GLOBE_R2024A_V1_2.zip,2026-09-19T08:41:50.435893+00:00,European Commission reuse notice: reuse authorised with source acknowledgement,Direct field HZ_CON_SBC_2020; layer GHSL_UCDB_THEME_HAZARD_RISK_GLOBE_R2024A; exact definition and upstream source in ghsl_indicator_dictionary.csv and official PDF.
ghsl_178,ghsl_HZ_CON_NSC_2020,GHSL UCDB R2024A V1.2,https://jeodpp.jrc.ec.europa.eu/ftp/jrc-opendata/GHSL/GHS_UCDB_GLOBE_R2024A/GHS_UCDB_GLOBE_R2024A/V1-2/GHS_UCDB_GLOBE_R2024A_V1_2.zip,2026-09-19T08:41:50.435893+00:00,European Commission reuse notice: reuse authorised with source acknowledgement,Direct field HZ_CON_NSC_2020; layer GHSL_UCDB_THEME_HAZARD_RISK_GLOBE_R2024A; exact definition and upstream source in ghsl_indicator_dictionary.csv and official PDF.
ghsl_178,ghsl_HZ_CON_OSV_2020,GHSL UCDB R2024A V1.2,https://jeodpp.jrc.ec.europa.eu/ftp/jrc-opendata/GHSL/GHS_UCDB_GLOBE_R2024A/GHS_UCDB_GLOBE_R2024A/V1-2/GHS_UCDB_GLOBE_R2024A_V1_2.zip,2026-09-19T08:41:50.435893+00:00,European Commission reuse notice: reuse authorised with source acknowledgement,Direct field HZ_CON_OSV_2020; layer GHSL_UCDB_THEME_HAZARD_RISK_GLOBE_R2024A; exact definition and upstream source in ghsl_indicator_dictionary.csv and official PDF.
ghsl_178,ghsl_HZ_CON_FAT_2020,GHSL UCDB R2024A V1.2,https://jeodpp.jrc.ec.europa.eu/ftp/jrc-opendata/GHSL/GHS_UCDB_GLOBE_R2024A/GHS_UCDB_GLOBE_R2024A/V1-2/GHS_UCDB_GLOBE_R2024A_V1_2.zip,2026-09-19T08:41:50.435893+00:00,European Commission reuse notice: reuse authorised with source acknowledgement,Direct field HZ_CON_FAT_2020; layer GHSL_UCDB_THEME_HAZARD_RISK_GLOBE_R2024A; exact definition and upstream source in ghsl_indicator_dictionary.csv and official PDF.
ghsl_178,ghsl_HZ_CEV_TEV_2015,GHSL UCDB R2024A V1.2,https://jeodpp.jrc.ec.europa.eu/ftp/jrc-opendata/GHSL/GHS_UCDB_GLOBE_R2024A/GHS_UCDB_GLOBE_R2024A/V1-2/GHS_UCDB_GLOBE_R2024A_V1_2.zip,2026-09-19T08:41:50.435893+00:00,European Commission reuse notice: reuse authorised with source acknowledgement,Direct field HZ_CEV_TEV_2015; layer GHSL_UCDB_THEME_HAZARD_RISK_GLOBE_R2024A; exact definition and upstream source in ghsl_indicator_dictionary.csv and official PDF.
ghsl_178,ghsl_HZ_CEV_THZ_2015,GHSL UCDB R2024A V1.2,https://jeodpp.jrc.ec.europa.eu/ftp/jrc-opendata/GHSL/GHS_UCDB_GLOBE_R2024A/GHS_UCDB_GLOBE_R2024A/V1-2/GHS_UCDB_GLOBE_R2024A_V1_2.zip,2026-09-19T08:41:50.435893+00:00,European Commission reuse notice: reuse authorised with source acknowledgement,Direct field HZ_CEV_THZ_2015; layer GHSL_UCDB_THEME_HAZARD_RISK_GLOBE_R2024A; exact definition and upstream source in ghsl_indicator_dictionary.csv and official PDF.
ghsl_178,ghsl_HZ_CEV_MHZ_2015,GHSL UCDB R2024A V1.2,https://jeodpp.jrc.ec.europa.eu/ftp/jrc-opendata/GHSL/GHS_UCDB_GLOBE_R2024A/GHS_UCDB_GLOBE_R2024A/V1-2/GHS_UCDB_GLOBE_R2024A_V1_2.zip,2026-09-19T08:41:50.435893+00:00,European Commission reuse notice: reuse authorised with source acknowledgement,Direct field HZ_CEV_MHZ_2015; layer GHSL_UCDB_THEME_HAZARD_RISK_GLOBE_R2024A; exact definition and upstream source in ghsl_indicator_dictionary.csv and official PDF.
ghsl_178,ghsl_HZ_CEV_EWI_2015,GHSL UCDB R2024A V1.2,https://jeodpp.jrc.ec.europa.eu/ftp/jrc-opendata/GHSL/GHS_UCDB_GLOBE_R2024A/GHS_UCDB_GLOBE_R2024A/V1-2/GHS_UCDB_GLOBE_R2024A_V1_2.zip,2026-09-19T08:41:50.435893+00:00,European Commission reuse notice: reuse authorised with source acknowledgement,Direct field HZ_CEV_EWI_2015; layer GHSL_UCDB_THEME_HAZARD_RISK_GLOBE_R2024A; exact definition and upstream source in ghsl_indicator_dictionary.csv and official PDF.
ghsl_178,ghsl_HZ_CEV_HEW_2015,GHSL UCDB R2024A V1.2,https://jeodpp.jrc.ec.europa.eu/ftp/jrc-opendata/GHSL/GHS_UCDB_GLOBE_R2024A/GHS_UCDB_GLOBE_R2024A/V1-2/GHS_UCDB_GLOBE_R2024A_V1_2.zip,2026-09-19T08:41:50.435893+00:00,European Commission reuse notice: reuse authorised with source acknowledgement,Direct field HZ_CEV_HEW_2015; layer GHSL_UCDB_THEME_HAZARD_RISK_GLOBE_R2024A; exact definition and upstream source in ghsl_indicator_dictionary.csv and official PDF.
ghsl_178,ghsl_HZ_CEV_DRO_2015,GHSL UCDB R2024A V1.2,https://jeodpp.jrc.ec.europa.eu/ftp/jrc-opendata/GHSL/GHS_UCDB_GLOBE_R2024A/GHS_UCDB_GLOBE_R2024A/V1-2/GHS_UCDB_GLOBE_R2024A_V1_2.zip,2026-09-19T08:41:50.435893+00:00,European Commission reuse notice: reuse authorised with source acknowledgement,Direct field HZ_CEV_DRO_2015; layer GHSL_UCDB_THEME_HAZARD_RISK_GLOBE_R2024A; exact definition and upstream source in ghsl_indicator_dictionary.csv and official PDF.
ghsl_178,ghsl_HZ_CEV_COW_2015,GHSL UCDB R2024A V1.2,https://jeodpp.jrc.ec.europa.eu/ftp/jrc-opendata/GHSL/GHS_UCDB_GLOBE_R2024A/GHS_UCDB_GLOBE_R2024A/V1-2/GHS_UCDB_GLOBE_R2024A_V1_2.zip,2026-09-19T08:41:50.435893+00:00,European Commission reuse notice: reuse authorised with source acknowledgement,Direct field HZ_CEV_COW_2015; layer GHSL_UCDB_THEME_HAZARD_RISK_GLOBE_R2024A; exact definition and upstream source in ghsl_indicator_dictionary.csv and official PDF.
ghsl_178,ghsl_HZ_CEV_FLO_2015,GHSL UCDB R2024A V1.2,https://jeodpp.jrc.ec.europa.eu/ftp/jrc-opendata/GHSL/GHS_UCDB_GLOBE_R2024A/GHS_UCDB_GLOBE_R2024A/V1-2/GHS_UCDB_GLOBE_R2024A_V1_2.zip,2026-09-19T08:41:50.435893+00:00,European Commission reuse notice: reuse authorised with source acknowledgement,Direct field HZ_CEV_FLO_2015; layer GHSL_UCDB_THEME_HAZARD_RISK_GLOBE_R2024A; exact definition and upstream source in ghsl_indicator_dictionary.csv and official PDF.
ghsl_178,ghsl_HZ_CEV_TSU_2015,GHSL UCDB R2024A V1.2,https://jeodpp.jrc.ec.europa.eu/ftp/jrc-opendata/GHSL/GHS_UCDB_GLOBE_R2024A/GHS_UCDB_GLOBE_R2024A/V1-2/GHS_UCDB_GLOBE_R2024A_V1_2.zip,2026-09-19T08:41:50.435893+00:00,European Commission reuse notice: reuse authorised with source acknowledgement,Direct field HZ_CEV_TSU_2015; layer GHSL_UCDB_THEME_HAZARD_RISK_GLOBE_R2024A; exact definition and upstream source in ghsl_indicator_dictionary.csv and official PDF.
ghsl_178,ghsl_HZ_CEV_TCY_2015,GHSL UCDB R2024A V1.2,https://jeodpp.jrc.ec.europa.eu/ftp/jrc-opendata/GHSL/GHS_UCDB_GLOBE_R2024A/GHS_UCDB_GLOBE_R2024A/V1-2/GHS_UCDB_GLOBE_R2024A_V1_2.zip,2026-09-19T08:41:50.435893+00:00,European Commission reuse notice: reuse authorised with source acknowledgement,Direct field HZ_CEV_TCY_2015; layer GHSL_UCDB_THEME_HAZARD_RISK_GLOBE_R2024A; exact definition and upstream source in ghsl_indicator_dictionary.csv and official PDF.
ghsl_178,ghsl_HZ_CEV_WLF_2015,GHSL UCDB R2024A V1.2,https://jeodpp.jrc.ec.europa.eu/ftp/jrc-opendata/GHSL/GHS_UCDB_GLOBE_R2024A/GHS_UCDB_GLOBE_R2024A/V1-2/GHS_UCDB_GLOBE_R2024A_V1_2.zip,2026-09-19T08:41:50.435893+00:00,European Commission reuse notice: reuse authorised with source acknowledgement,Direct field HZ_CEV_WLF_2015; layer GHSL_UCDB_THEME_HAZARD_RISK_GLOBE_R2024A; exact definition and upstream source in ghsl_indicator_dictionary.csv and official PDF.
ghsl_178,ghsl_HZ_CEV_LAN_2015,GHSL UCDB R2024A V1.2,https://jeodpp.jrc.ec.europa.eu/ftp/jrc-opendata/GHSL/GHS_UCDB_GLOBE_R2024A/GHS_UCDB_GLOBE_R2024A/V1-2/GHS_UCDB_GLOBE_R2024A_V1_2.zip,2026-09-19T08:41:50.435893+00:00,European Commission reuse notice: reuse authorised with source acknowledgement,Direct field HZ_CEV_LAN_2015; layer GHSL_UCDB_THEME_HAZARD_RISK_GLOBE_R2024A; exact definition and upstream source in ghsl_indicator_dictionary.csv and official PDF.
ghsl_178,ghsl_HZ_CEV_EAR_2015,GHSL UCDB R2024A V1.2,https://jeodpp.jrc.ec.europa.eu/ftp/jrc-opendata/GHSL/GHS_UCDB_GLOBE_R2024A/GHS_UCDB_GLOBE_R2024A/V1-2/GHS_UCDB_GLOBE_R2024A_V1_2.zip,2026-09-19T08:41:50.435893+00:00,European Commission reuse notice: reuse authorised with source acknowledgement,Direct field HZ_CEV_EAR_2015; layer GHSL_UCDB_THEME_HAZARD_RISK_GLOBE_R2024A; exact definition and upstream source in ghsl_indicator_dictionary.csv and official PDF.
ghsl_178,ghsl_HZ_CEV_VOL_2015,GHSL UCDB R2024A V1.2,https://jeodpp.jrc.ec.europa.eu/ftp/jrc-opendata/GHSL/GHS_UCDB_GLOBE_R2024A/GHS_UCDB_GLOBE_R2024A/V1-2/GHS_UCDB_GLOBE_R2024A_V1_2.zip,2026-09-19T08:41:50.435893+00:00,European Commission reuse notice: reuse authorised with source acknowledgement,Direct field HZ_CEV_VOL_2015; layer GHSL_UCDB_THEME_HAZARD_RISK_GLOBE_R2024A; exact definition and upstream source in ghsl_indicator_dictionary.csv and official PDF.
ghsl_178,ghsl_HL_FCL_HOS_2024,GHSL UCDB R2024A V1.2,https://jeodpp.jrc.ec.europa.eu/ftp/jrc-opendata/GHSL/GHS_UCDB_GLOBE_R2024A/GHS_UCDB_GLOBE_R2024A/V1-2/GHS_UCDB_GLOBE_R2024A_V1_2.zip,2026-09-19T08:41:50.435893+00:00,European Commission reuse notice: reuse authorised with source acknowledgement,Direct field HL_FCL_HOS_2024; layer GHSL_UCDB_THEME_HEALTH_GLOBE_R2024A; exact definition and upstream source in ghsl_indicator_dictionary.csv and official PDF.
ghsl_178,ghsl_HL_FCL_PHA_2024,GHSL UCDB R2024A V1.2,https://jeodpp.jrc.ec.europa.eu/ftp/jrc-opendata/GHSL/GHS_UCDB_GLOBE_R2024A/GHS_UCDB_GLOBE_R2024A/V1-2/GHS_UCDB_GLOBE_R2024A_V1_2.zip,2026-09-19T08:41:50.435893+00:00,European Commission reuse notice: reuse authorised with source acknowledgement,Direct field HL_FCL_PHA_2024; layer GHSL_UCDB_THEME_HEALTH_GLOBE_R2024A; exact definition and upstream source in ghsl_indicator_dictionary.csv and official PDF.
ghsl_178,ghsl_HL_FDE_HOS_2024,GHSL UCDB R2024A V1.2,https://jeodpp.jrc.ec.europa.eu/ftp/jrc-opendata/GHSL/GHS_UCDB_GLOBE_R2024A/GHS_UCDB_GLOBE_R2024A/V1-2/GHS_UCDB_GLOBE_R2024A_V1_2.zip,2026-09-19T08:41:50.435893+00:00,European Commission reuse notice: reuse authorised with source acknowledgement,Direct field HL_FDE_HOS_2024; layer GHSL_UCDB_THEME_HEALTH_GLOBE_R2024A; exact definition and upstream source in ghsl_indicator_dictionary.csv and official PDF.
ghsl_178,ghsl_HL_FDE_PHA_2024,GHSL UCDB R2024A V1.2,https://jeodpp.jrc.ec.europa.eu/ftp/jrc-opendata/GHSL/GHS_UCDB_GLOBE_R2024A/GHS_UCDB_GLOBE_R2024A/V1-2/GHS_UCDB_GLOBE_R2024A_V1_2.zip,2026-09-19T08:41:50.435893+00:00,European Commission reuse notice: reuse authorised with source acknowledgement,Direct field HL_FDE_PHA_2024; layer GHSL_UCDB_THEME_HEALTH_GLOBE_R2024A; exact definition and upstream source in ghsl_indicator_dictionary.csv and official PDF.
ghsl_178,ghsl_HL_FPC_HOS_2025,GHSL UCDB R2024A V1.2,https://jeodpp.jrc.ec.europa.eu/ftp/jrc-opendata/GHSL/GHS_UCDB_GLOBE_R2024A/GHS_UCDB_GLOBE_R2024A/V1-2/GHS_UCDB_GLOBE_R2024A_V1_2.zip,2026-09-19T08:41:50.435893+00:00,European Commission reuse notice: reuse authorised with source acknowledgement,Direct field HL_FPC_HOS_2025; layer GHSL_UCDB_THEME_HEALTH_GLOBE_R2024A; exact definition and upstream source in ghsl_indicator_dictionary.csv and official PDF.
ghsl_178,ghsl_HL_FPC_PHA_2025,GHSL UCDB R2024A V1.2,https://jeodpp.jrc.ec.europa.eu/ftp/jrc-opendata/GHSL/GHS_UCDB_GLOBE_R2024A/GHS_UCDB_GLOBE_R2024A/V1-2/GHS_UCDB_GLOBE_R2024A_V1_2.zip,2026-09-19T08:41:50.435893+00:00,European Commission reuse notice: reuse authorised with source acknowledgement,Direct field HL_FPC_PHA_2025; layer GHSL_UCDB_THEME_HEALTH_GLOBE_R2024A; exact definition and upstream source in ghsl_indicator_dictionary.csv and official PDF.
ghsl_178,ghsl_HL_POP_HOS_2025,GHSL UCDB R2024A V1.2,https://jeodpp.jrc.ec.europa.eu/ftp/jrc-opendata/GHSL/GHS_UCDB_GLOBE_R2024A/GHS_UCDB_GLOBE_R2024A/V1-2/GHS_UCDB_GLOBE_R2024A_V1_2.zip,2026-09-19T08:41:50.435893+00:00,European Commission reuse notice: reuse authorised with source acknowledgement,Direct field HL_POP_HOS_2025; layer GHSL_UCDB_THEME_HEALTH_GLOBE_R2024A; exact definition and upstream source in ghsl_indicator_dictionary.csv and official PDF.
ghsl_178,ghsl_HL_POP_PHA_2025,GHSL UCDB R2024A V1.2,https://jeodpp.jrc.ec.europa.eu/ftp/jrc-opendata/GHSL/GHS_UCDB_GLOBE_R2024A/GHS_UCDB_GLOBE_R2024A/V1-2/GHS_UCDB_GLOBE_R2024A_V1_2.zip,2026-09-19T08:41:50.435893+00:00,European Commission reuse notice: reuse authorised with source acknowledgement,Direct field HL_POP_PHA_2025; layer GHSL_UCDB_THEME_HEALTH_GLOBE_R2024A; exact definition and upstream source in ghsl_indicator_dictionary.csv and official PDF.
ghsl_178,ghsl_HL_SHP_HOS_2025,GHSL UCDB R2024A V1.2,https://jeodpp.jrc.ec.europa.eu/ftp/jrc-opendata/GHSL/GHS_UCDB_GLOBE_R2024A/GHS_UCDB_GLOBE_R2024A/V1-2/GHS_UCDB_GLOBE_R2024A_V1_2.zip,2026-09-19T08:41:50.435893+00:00,European Commission reuse notice: reuse authorised with source acknowledgement,Direct field HL_SHP_HOS_2025; layer GHSL_UCDB_THEME_HEALTH_GLOBE_R2024A; exact definition and upstream source in ghsl_indicator_dictionary.csv and official PDF.
ghsl_178,ghsl_HL_SHP_PHA_2025,GHSL UCDB R2024A V1.2,https://jeodpp.jrc.ec.europa.eu/ftp/jrc-opendata/GHSL/GHS_UCDB_GLOBE_R2024A/GHS_UCDB_GLOBE_R2024A/V1-2/GHS_UCDB_GLOBE_R2024A_V1_2.zip,2026-09-19T08:41:50.435893+00:00,European Commission reuse notice: reuse authorised with source acknowledgement,Direct field HL_SHP_PHA_2025; layer GHSL_UCDB_THEME_HEALTH_GLOBE_R2024A; exact definition and upstream source in ghsl_indicator_dictionary.csv and official PDF.
ghsl_178,ghsl_IN_CIS_ENE_2020,GHSL UCDB R2024A V1.2,https://jeodpp.jrc.ec.europa.eu/ftp/jrc-opendata/GHSL/GHS_UCDB_GLOBE_R2024A/GHS_UCDB_GLOBE_R2024A/V1-2/GHS_UCDB_GLOBE_R2024A_V1_2.zip,2026-09-19T08:41:50.435893+00:00,European Commission reuse notice: reuse authorised with source acknowledgement,Direct field IN_CIS_ENE_2020; layer GHSL_UCDB_THEME_INFRASTRUCTURES_GLOBE_R2024A; exact definition and upstream source in ghsl_indicator_dictionary.csv and official PDF.
ghsl_178,ghsl_IN_CIS_TRA_2020,GHSL UCDB R2024A V1.2,https://jeodpp.jrc.ec.europa.eu/ftp/jrc-opendata/GHSL/GHS_UCDB_GLOBE_R2024A/GHS_UCDB_GLOBE_R2024A/V1-2/GHS_UCDB_GLOBE_R2024A_V1_2.zip,2026-09-19T08:41:50.435893+00:00,European Commission reuse notice: reuse authorised with source acknowledgement,Direct field IN_CIS_TRA_2020; layer GHSL_UCDB_THEME_INFRASTRUCTURES_GLOBE_R2024A; exact definition and upstream source in ghsl_indicator_dictionary.csv and official PDF.
ghsl_178,ghsl_IN_CIS_WAT_2020,GHSL UCDB R2024A V1.2,https://jeodpp.jrc.ec.europa.eu/ftp/jrc-opendata/GHSL/GHS_UCDB_GLOBE_R2024A/GHS_UCDB_GLOBE_R2024A/V1-2/GHS_UCDB_GLOBE_R2024A_V1_2.zip,2026-09-19T08:41:50.435893+00:00,European Commission reuse notice: reuse authorised with source acknowledgement,Direct field IN_CIS_WAT_2020; layer GHSL_UCDB_THEME_INFRASTRUCTURES_GLOBE_R2024A; exact definition and upstream source in ghsl_indicator_dictionary.csv and official PDF.
ghsl_178,ghsl_IN_CIS_WAS_2020,GHSL UCDB R2024A V1.2,https://jeodpp.jrc.ec.europa.eu/ftp/jrc-opendata/GHSL/GHS_UCDB_GLOBE_R2024A/GHS_UCDB_GLOBE_R2024A/V1-2/GHS_UCDB_GLOBE_R2024A_V1_2.zip,2026-09-19T08:41:50.435893+00:00,European Commission reuse notice: reuse authorised with source acknowledgement,Direct field IN_CIS_WAS_2020; layer GHSL_UCDB_THEME_INFRASTRUCTURES_GLOBE_R2024A; exact definition and upstream source in ghsl_indicator_dictionary.csv and official PDF.
ghsl_178,ghsl_IN_CIS_TEL_2020,GHSL UCDB R2024A V1.2,https://jeodpp.jrc.ec.europa.eu/ftp/jrc-opendata/GHSL/GHS_UCDB_GLOBE_R2024A/GHS_UCDB_GLOBE_R2024A/V1-2/GHS_UCDB_GLOBE_R2024A_V1_2.zip,2026-09-19T08:41:50.435893+00:00,European Commission reuse notice: reuse authorised with source acknowledgement,Direct field IN_CIS_TEL_2020; layer GHSL_UCDB_THEME_INFRASTRUCTURES_GLOBE_R2024A; exact definition and upstream source in ghsl_indicator_dictionary.csv and official PDF.
ghsl_178,ghsl_IN_CIS_HEA_2020,GHSL UCDB R2024A V1.2,https://jeodpp.jrc.ec.europa.eu/ftp/jrc-opendata/GHSL/GHS_UCDB_GLOBE_R2024A/GHS_UCDB_GLOBE_R2024A/V1-2/GHS_UCDB_GLOBE_R2024A_V1_2.zip,2026-09-19T08:41:50.435893+00:00,European Commission reuse notice: reuse authorised with source acknowledgement,Direct field IN_CIS_HEA_2020; layer GHSL_UCDB_THEME_INFRASTRUCTURES_GLOBE_R2024A; exact definition and upstream source in ghsl_indicator_dictionary.csv and official PDF.
ghsl_178,ghsl_IN_CIS_EDU_2020,GHSL UCDB R2024A V1.2,https://jeodpp.jrc.ec.europa.eu/ftp/jrc-opendata/GHSL/GHS_UCDB_GLOBE_R2024A/GHS_UCDB_GLOBE_R2024A/V1-2/GHS_UCDB_GLOBE_R2024A_V1_2.zip,2026-09-19T08:41:50.435893+00:00,European Commission reuse notice: reuse authorised with source acknowledgement,Direct field IN_CIS_EDU_2020; layer GHSL_UCDB_THEME_INFRASTRUCTURES_GLOBE_R2024A; exact definition and upstream source in ghsl_indicator_dictionary.csv and official PDF.
ghsl_178,ghsl_IN_CIS_ALL_2020,GHSL UCDB R2024A V1.2,https://jeodpp.jrc.ec.europa.eu/ftp/jrc-opendata/GHSL/GHS_UCDB_GLOBE_R2024A/GHS_UCDB_GLOBE_R2024A/V1-2/GHS_UCDB_GLOBE_R2024A_V1_2.zip,2026-09-19T08:41:50.435893+00:00,European Commission reuse notice: reuse authorised with source acknowledgement,Direct field IN_CIS_ALL_2020; layer GHSL_UCDB_THEME_INFRASTRUCTURES_GLOBE_R2024A; exact definition and upstream source in ghsl_indicator_dictionary.csv and official PDF.
ghsl_178,ghsl_IN_ROA_LEN_2024,GHSL UCDB R2024A V1.2,https://jeodpp.jrc.ec.europa.eu/ftp/jrc-opendata/GHSL/GHS_UCDB_GLOBE_R2024A/GHS_UCDB_GLOBE_R2024A/V1-2/GHS_UCDB_GLOBE_R2024A_V1_2.zip,2026-09-19T08:41:50.435893+00:00,European Commission reuse notice: reuse authorised with source acknowledgement,Direct field IN_ROA_LEN_2024; layer GHSL_UCDB_THEME_INFRASTRUCTURES_GLOBE_R2024A; exact definition and upstream source in ghsl_indicator_dictionary.csv and official PDF.
ghsl_178,ghsl_IN_ROA_DEN_2024,GHSL UCDB R2024A V1.2,https://jeodpp.jrc.ec.europa.eu/ftp/jrc-opendata/GHSL/GHS_UCDB_GLOBE_R2024A/GHS_UCDB_GLOBE_R2024A/V1-2/GHS_UCDB_GLOBE_R2024A_V1_2.zip,2026-09-19T08:41:50.435893+00:00,European Commission reuse notice: reuse authorised with source acknowledgement,Direct field IN_ROA_DEN_2024; layer GHSL_UCDB_THEME_INFRASTRUCTURES_GLOBE_R2024A; exact definition and upstream source in ghsl_indicator_dictionary.csv and official PDF.
ghsl_178,ghsl_LU_HEC_020_2019,GHSL UCDB R2024A V1.2,https://jeodpp.jrc.ec.europa.eu/ftp/jrc-opendata/GHSL/GHS_UCDB_GLOBE_R2024A/GHS_UCDB_GLOBE_R2024A/V1-2/GHS_UCDB_GLOBE_R2024A_V1_2.zip,2026-09-19T08:41:50.435893+00:00,European Commission reuse notice: reuse authorised with source acknowledgement,Direct field LU_HEC_020_2019; layer GHSL_UCDB_THEME_LULC_GLOBE_R2024A; exact definition and upstream source in ghsl_indicator_dictionary.csv and official PDF.
ghsl_178,ghsl_LU_HEC_030_2019,GHSL UCDB R2024A V1.2,https://jeodpp.jrc.ec.europa.eu/ftp/jrc-opendata/GHSL/GHS_UCDB_GLOBE_R2024A/GHS_UCDB_GLOBE_R2024A/V1-2/GHS_UCDB_GLOBE_R2024A_V1_2.zip,2026-09-19T08:41:50.435893+00:00,European Commission reuse notice: reuse authorised with source acknowledgement,Direct field LU_HEC_030_2019; layer GHSL_UCDB_THEME_LULC_GLOBE_R2024A; exact definition and upstream source in ghsl_indicator_dictionary.csv and official PDF.
ghsl_178,ghsl_LU_HEC_040_2019,GHSL UCDB R2024A V1.2,https://jeodpp.jrc.ec.europa.eu/ftp/jrc-opendata/GHSL/GHS_UCDB_GLOBE_R2024A/GHS_UCDB_GLOBE_R2024A/V1-2/GHS_UCDB_GLOBE_R2024A_V1_2.zip,2026-09-19T08:41:50.435893+00:00,European Commission reuse notice: reuse authorised with source acknowledgement,Direct field LU_HEC_040_2019; layer GHSL_UCDB_THEME_LULC_GLOBE_R2024A; exact definition and upstream source in ghsl_indicator_dictionary.csv and official PDF.
ghsl_178,ghsl_LU_HEC_050_2019,GHSL UCDB R2024A V1.2,https://jeodpp.jrc.ec.europa.eu/ftp/jrc-opendata/GHSL/GHS_UCDB_GLOBE_R2024A/GHS_UCDB_GLOBE_R2024A/V1-2/GHS_UCDB_GLOBE_R2024A_V1_2.zip,2026-09-19T08:41:50.435893+00:00,European Commission reuse notice: reuse authorised with source acknowledgement,Direct field LU_HEC_050_2019; layer GHSL_UCDB_THEME_LULC_GLOBE_R2024A; exact definition and upstream source in ghsl_indicator_dictionary.csv and official PDF.
ghsl_178,ghsl_LU_HEC_060_2019,GHSL UCDB R2024A V1.2,https://jeodpp.jrc.ec.europa.eu/ftp/jrc-opendata/GHSL/GHS_UCDB_GLOBE_R2024A/GHS_UCDB_GLOBE_R2024A/V1-2/GHS_UCDB_GLOBE_R2024A_V1_2.zip,2026-09-19T08:41:50.435893+00:00,European Commission reuse notice: reuse authorised with source acknowledgement,Direct field LU_HEC_060_2019; layer GHSL_UCDB_THEME_LULC_GLOBE_R2024A; exact definition and upstream source in ghsl_indicator_dictionary.csv and official PDF.
ghsl_178,ghsl_LU_HEC_070_2019,GHSL UCDB R2024A V1.2,https://jeodpp.jrc.ec.europa.eu/ftp/jrc-opendata/GHSL/GHS_UCDB_GLOBE_R2024A/GHS_UCDB_GLOBE_R2024A/V1-2/GHS_UCDB_GLOBE_R2024A_V1_2.zip,2026-09-19T08:41:50.435893+00:00,European Commission reuse notice: reuse authorised with source acknowledgement,Direct field LU_HEC_070_2019; layer GHSL_UCDB_THEME_LULC_GLOBE_R2024A; exact definition and upstream source in ghsl_indicator_dictionary.csv and official PDF.
ghsl_178,ghsl_LU_HEC_080_2019,GHSL UCDB R2024A V1.2,https://jeodpp.jrc.ec.europa.eu/ftp/jrc-opendata/GHSL/GHS_UCDB_GLOBE_R2024A/GHS_UCDB_GLOBE_R2024A/V1-2/GHS_UCDB_GLOBE_R2024A_V1_2.zip,2026-09-19T08:41:50.435893+00:00,European Commission reuse notice: reuse authorised with source acknowledgement,Direct field LU_HEC_080_2019; layer GHSL_UCDB_THEME_LULC_GLOBE_R2024A; exact definition and upstream source in ghsl_indicator_dictionary.csv and official PDF.
ghsl_178,ghsl_LU_HEC_090_2019,GHSL UCDB R2024A V1.2,https://jeodpp.jrc.ec.europa.eu/ftp/jrc-opendata/GHSL/GHS_UCDB_GLOBE_R2024A/GHS_UCDB_GLOBE_R2024A/V1-2/GHS_UCDB_GLOBE_R2024A_V1_2.zip,2026-09-19T08:41:50.435893+00:00,European Commission reuse notice: reuse authorised with source acknowledgement,Direct field LU_HEC_090_2019; layer GHSL_UCDB_THEME_LULC_GLOBE_R2024A; exact definition and upstream source in ghsl_indicator_dictionary.csv and official PDF.
ghsl_178,ghsl_LU_HEC_100_2019,GHSL UCDB R2024A V1.2,https://jeodpp.jrc.ec.europa.eu/ftp/jrc-opendata/GHSL/GHS_UCDB_GLOBE_R2024A/GHS_UCDB_GLOBE_R2024A/V1-2/GHS_UCDB_GLOBE_R2024A_V1_2.zip,2026-09-19T08:41:50.435893+00:00,European Commission reuse notice: reuse authorised with source acknowledgement,Direct field LU_HEC_100_2019; layer GHSL_UCDB_THEME_LULC_GLOBE_R2024A; exact definition and upstream source in ghsl_indicator_dictionary.csv and official PDF.
ghsl_178,ghsl_LU_HEC_111_2019,GHSL UCDB R2024A V1.2,https://jeodpp.jrc.ec.europa.eu/ftp/jrc-opendata/GHSL/GHS_UCDB_GLOBE_R2024A/GHS_UCDB_GLOBE_R2024A/V1-2/GHS_UCDB_GLOBE_R2024A_V1_2.zip,2026-09-19T08:41:50.435893+00:00,European Commission reuse notice: reuse authorised with source acknowledgement,Direct field LU_HEC_111_2019; layer GHSL_UCDB_THEME_LULC_GLOBE_R2024A; exact definition and upstream source in ghsl_indicator_dictionary.csv and official PDF.
ghsl_178,ghsl_LU_HEC_112_2019,GHSL UCDB R2024A V1.2,https://jeodpp.jrc.ec.europa.eu/ftp/jrc-opendata/GHSL/GHS_UCDB_GLOBE_R2024A/GHS_UCDB_GLOBE_R2024A/V1-2/GHS_UCDB_GLOBE_R2024A_V1_2.zip,2026-09-19T08:41:50.435893+00:00,European Commission reuse notice: reuse authorised with source acknowledgement,Direct field LU_HEC_112_2019; layer GHSL_UCDB_THEME_LULC_GLOBE_R2024A; exact definition and upstream source in ghsl_indicator_dictionary.csv and official PDF.
ghsl_178,ghsl_LU_HEC_113_2019,GHSL UCDB R2024A V1.2,https://jeodpp.jrc.ec.europa.eu/ftp/jrc-opendata/GHSL/GHS_UCDB_GLOBE_R2024A/GHS_UCDB_GLOBE_R2024A/V1-2/GHS_UCDB_GLOBE_R2024A_V1_2.zip,2026-09-19T08:41:50.435893+00:00,European Commission reuse notice: reuse authorised with source acknowledgement,Direct field LU_HEC_113_2019; layer GHSL_UCDB_THEME_LULC_GLOBE_R2024A; exact definition and upstream source in ghsl_indicator_dictionary.csv and official PDF.
ghsl_178,ghsl_LU_HEC_114_2019,GHSL UCDB R2024A V1.2,https://jeodpp.jrc.ec.europa.eu/ftp/jrc-opendata/GHSL/GHS_UCDB_GLOBE_R2024A/GHS_UCDB_GLOBE_R2024A/V1-2/GHS_UCDB_GLOBE_R2024A_V1_2.zip,2026-09-19T08:41:50.435893+00:00,European Commission reuse notice: reuse authorised with source acknowledgement,Direct field LU_HEC_114_2019; layer GHSL_UCDB_THEME_LULC_GLOBE_R2024A; exact definition and upstream source in ghsl_indicator_dictionary.csv and official PDF.
ghsl_178,ghsl_LU_HEC_115_2019,GHSL UCDB R2024A V1.2,https://jeodpp.jrc.ec.europa.eu/ftp/jrc-opendata/GHSL/GHS_UCDB_GLOBE_R2024A/GHS_UCDB_GLOBE_R2024A/V1-2/GHS_UCDB_GLOBE_R2024A_V1_2.zip,2026-09-19T08:41:50.435893+00:00,European Commission reuse notice: reuse authorised with source acknowledgement,Direct field LU_HEC_115_2019; layer GHSL_UCDB_THEME_LULC_GLOBE_R2024A; exact definition and upstream source in ghsl_indicator_dictionary.csv and official PDF.
ghsl_178,ghsl_LU_HEC_116_2019,GHSL UCDB R2024A V1.2,https://jeodpp.jrc.ec.europa.eu/ftp/jrc-opendata/GHSL/GHS_UCDB_GLOBE_R2024A/GHS_UCDB_GLOBE_R2024A/V1-2/GHS_UCDB_GLOBE_R2024A_V1_2.zip,2026-09-19T08:41:50.435893+00:00,European Commission reuse notice: reuse authorised with source acknowledgement,Direct field LU_HEC_116_2019; layer GHSL_UCDB_THEME_LULC_GLOBE_R2024A; exact definition and upstream source in ghsl_indicator_dictionary.csv and official PDF.
ghsl_178,ghsl_LU_HEC_121_2019,GHSL UCDB R2024A V1.2,https://jeodpp.jrc.ec.europa.eu/ftp/jrc-opendata/GHSL/GHS_UCDB_GLOBE_R2024A/GHS_UCDB_GLOBE_R2024A/V1-2/GHS_UCDB_GLOBE_R2024A_V1_2.zip,2026-09-19T08:41:50.435893+00:00,European Commission reuse notice: reuse authorised with source acknowledgement,Direct field LU_HEC_121_2019; layer GHSL_UCDB_THEME_LULC_GLOBE_R2024A; exact definition and upstream source in ghsl_indicator_dictionary.csv and official PDF.
ghsl_178,ghsl_LU_HEC_122_2019,GHSL UCDB R2024A V1.2,https://jeodpp.jrc.ec.europa.eu/ftp/jrc-opendata/GHSL/GHS_UCDB_GLOBE_R2024A/GHS_UCDB_GLOBE_R2024A/V1-2/GHS_UCDB_GLOBE_R2024A_V1_2.zip,2026-09-19T08:41:50.435893+00:00,European Commission reuse notice: reuse authorised with source acknowledgement,Direct field LU_HEC_122_2019; layer GHSL_UCDB_THEME_LULC_GLOBE_R2024A; exact definition and upstream source in ghsl_indicator_dictionary.csv and official PDF.
ghsl_178,ghsl_LU_HEC_123_2019,GHSL UCDB R2024A V1.2,https://jeodpp.jrc.ec.europa.eu/ftp/jrc-opendata/GHSL/GHS_UCDB_GLOBE_R2024A/GHS_UCDB_GLOBE_R2024A/V1-2/GHS_UCDB_GLOBE_R2024A_V1_2.zip,2026-09-19T08:41:50.435893+00:00,European Commission reuse notice: reuse authorised with source acknowledgement,Direct field LU_HEC_123_2019; layer GHSL_UCDB_THEME_LULC_GLOBE_R2024A; exact definition and upstream source in ghsl_indicator_dictionary.csv and official PDF.
ghsl_178,ghsl_LU_HEC_124_2019,GHSL UCDB R2024A V1.2,https://jeodpp.jrc.ec.europa.eu/ftp/jrc-opendata/GHSL/GHS_UCDB_GLOBE_R2024A/GHS_UCDB_GLOBE_R2024A/V1-2/GHS_UCDB_GLOBE_R2024A_V1_2.zip,2026-09-19T08:41:50.435893+00:00,European Commission reuse notice: reuse authorised with source acknowledgement,Direct field LU_HEC_124_2019; layer GHSL_UCDB_THEME_LULC_GLOBE_R2024A; exact definition and upstream source in ghsl_indicator_dictionary.csv and official PDF.
ghsl_178,ghsl_LU_HEC_125_2019,GHSL UCDB R2024A V1.2,https://jeodpp.jrc.ec.europa.eu/ftp/jrc-opendata/GHSL/GHS_UCDB_GLOBE_R2024A/GHS_UCDB_GLOBE_R2024A/V1-2/GHS_UCDB_GLOBE_R2024A_V1_2.zip,2026-09-19T08:41:50.435893+00:00,European Commission reuse notice: reuse authorised with source acknowledgement,Direct field LU_HEC_125_2019; layer GHSL_UCDB_THEME_LULC_GLOBE_R2024A; exact definition and upstream source in ghsl_indicator_dictionary.csv and official PDF.
ghsl_178,ghsl_LU_HEC_126_2019,GHSL UCDB R2024A V1.2,https://jeodpp.jrc.ec.europa.eu/ftp/jrc-opendata/GHSL/GHS_UCDB_GLOBE_R2024A/GHS_UCDB_GLOBE_R2024A/V1-2/GHS_UCDB_GLOBE_R2024A_V1_2.zip,2026-09-19T08:41:50.435893+00:00,European Commission reuse notice: reuse authorised with source acknowledgement,Direct field LU_HEC_126_2019; layer GHSL_UCDB_THEME_LULC_GLOBE_R2024A; exact definition and upstream source in ghsl_indicator_dictionary.csv and official PDF.
ghsl_178,ghsl_NS_ESB_BIO_2025,GHSL UCDB R2024A V1.2,https://jeodpp.jrc.ec.europa.eu/ftp/jrc-opendata/GHSL/GHS_UCDB_GLOBE_R2024A/GHS_UCDB_GLOBE_R2024A/V1-2/GHS_UCDB_GLOBE_R2024A_V1_2.zip,2026-09-19T08:41:50.435893+00:00,European Commission reuse notice: reuse authorised with source acknowledgement,Direct field NS_ESB_BIO_2025; layer GHSL_UCDB_THEME_NATURAL_SYSTEMS_GLOBE_R2024A; exact definition and upstream source in ghsl_indicator_dictionary.csv and official PDF.
ghsl_178,ghsl_NS_ESB_GWA_2025,GHSL UCDB R2024A V1.2,https://jeodpp.jrc.ec.europa.eu/ftp/jrc-opendata/GHSL/GHS_UCDB_GLOBE_R2024A/GHS_UCDB_GLOBE_R2024A/V1-2/GHS_UCDB_GLOBE_R2024A_V1_2.zip,2026-09-19T08:41:50.435893+00:00,European Commission reuse notice: reuse authorised with source acknowledgement,Direct field NS_ESB_GWA_2025; layer GHSL_UCDB_THEME_NATURAL_SYSTEMS_GLOBE_R2024A; exact definition and upstream source in ghsl_indicator_dictionary.csv and official PDF.
ghsl_178,ghsl_NS_ESB_NIT_2025,GHSL UCDB R2024A V1.2,https://jeodpp.jrc.ec.europa.eu/ftp/jrc-opendata/GHSL/GHS_UCDB_GLOBE_R2024A/GHS_UCDB_GLOBE_R2024A/V1-2/GHS_UCDB_GLOBE_R2024A_V1_2.zip,2026-09-19T08:41:50.435893+00:00,European Commission reuse notice: reuse authorised with source acknowledgement,Direct field NS_ESB_NIT_2025; layer GHSL_UCDB_THEME_NATURAL_SYSTEMS_GLOBE_R2024A; exact definition and upstream source in ghsl_indicator_dictionary.csv and official PDF.
ghsl_178,ghsl_NS_ESB_PHO_2025,GHSL UCDB R2024A V1.2,https://jeodpp.jrc.ec.europa.eu/ftp/jrc-opendata/GHSL/GHS_UCDB_GLOBE_R2024A/GHS_UCDB_GLOBE_R2024A/V1-2/GHS_UCDB_GLOBE_R2024A_V1_2.zip,2026-09-19T08:41:50.435893+00:00,European Commission reuse notice: reuse authorised with source acknowledgement,Direct field NS_ESB_PHO_2025; layer GHSL_UCDB_THEME_NATURAL_SYSTEMS_GLOBE_R2024A; exact definition and upstream source in ghsl_indicator_dictionary.csv and official PDF.
ghsl_178,ghsl_NS_ESB_P25_2025,GHSL UCDB R2024A V1.2,https://jeodpp.jrc.ec.europa.eu/ftp/jrc-opendata/GHSL/GHS_UCDB_GLOBE_R2024A/GHS_UCDB_GLOBE_R2024A/V1-2/GHS_UCDB_GLOBE_R2024A_V1_2.zip,2026-09-19T08:41:50.435893+00:00,European Commission reuse notice: reuse authorised with source acknowledgement,Direct field NS_ESB_P25_2025; layer GHSL_UCDB_THEME_NATURAL_SYSTEMS_GLOBE_R2024A; exact definition and upstream source in ghsl_indicator_dictionary.csv and official PDF.
ghsl_178,ghsl_NS_ESB_SLR_2025,GHSL UCDB R2024A V1.2,https://jeodpp.jrc.ec.europa.eu/ftp/jrc-opendata/GHSL/GHS_UCDB_GLOBE_R2024A/GHS_UCDB_GLOBE_R2024A/V1-2/GHS_UCDB_GLOBE_R2024A_V1_2.zip,2026-09-19T08:41:50.435893+00:00,European Commission reuse notice: reuse authorised with source acknowledgement,Direct field NS_ESB_SLR_2025; layer GHSL_UCDB_THEME_NATURAL_SYSTEMS_GLOBE_R2024A; exact definition and upstream source in ghsl_indicator_dictionary.csv and official PDF.
ghsl_178,ghsl_NS_ESB_SWA_2025,GHSL UCDB R2024A V1.2,https://jeodpp.jrc.ec.europa.eu/ftp/jrc-opendata/GHSL/GHS_UCDB_GLOBE_R2024A/GHS_UCDB_GLOBE_R2024A/V1-2/GHS_UCDB_GLOBE_R2024A_V1_2.zip,2026-09-19T08:41:50.435893+00:00,European Commission reuse notice: reuse authorised with source acknowledgement,Direct field NS_ESB_SWA_2025; layer GHSL_UCDB_THEME_NATURAL_SYSTEMS_GLOBE_R2024A; exact definition and upstream source in ghsl_indicator_dictionary.csv and official PDF.
ghsl_178,ghsl_NS_ESB_WET_2025,GHSL UCDB R2024A V1.2,https://jeodpp.jrc.ec.europa.eu/ftp/jrc-opendata/GHSL/GHS_UCDB_GLOBE_R2024A/GHS_UCDB_GLOBE_R2024A/V1-2/GHS_UCDB_GLOBE_R2024A_V1_2.zip,2026-09-19T08:41:50.435893+00:00,European Commission reuse notice: reuse authorised with source acknowledgement,Direct field NS_ESB_WET_2025; layer GHSL_UCDB_THEME_NATURAL_SYSTEMS_GLOBE_R2024A; exact definition and upstream source in ghsl_indicator_dictionary.csv and official PDF.
ghsl_178,ghsl_NS_ESB_MIN_2025,GHSL UCDB R2024A V1.2,https://jeodpp.jrc.ec.europa.eu/ftp/jrc-opendata/GHSL/GHS_UCDB_GLOBE_R2024A/GHS_UCDB_GLOBE_R2024A/V1-2/GHS_UCDB_GLOBE_R2024A_V1_2.zip,2026-09-19T08:41:50.435893+00:00,European Commission reuse notice: reuse authorised with source acknowledgement,Direct field NS_ESB_MIN_2025; layer GHSL_UCDB_THEME_NATURAL_SYSTEMS_GLOBE_R2024A; exact definition and upstream source in ghsl_indicator_dictionary.csv and official PDF.
ghsl_178,ghsl_NS_ESB_MAX_2025,GHSL UCDB R2024A V1.2,https://jeodpp.jrc.ec.europa.eu/ftp/jrc-opendata/GHSL/GHS_UCDB_GLOBE_R2024A/GHS_UCDB_GLOBE_R2024A/V1-2/GHS_UCDB_GLOBE_R2024A_V1_2.zip,2026-09-19T08:41:50.435893+00:00,European Commission reuse notice: reuse authorised with source acknowledgement,Direct field NS_ESB_MAX_2025; layer GHSL_UCDB_THEME_NATURAL_SYSTEMS_GLOBE_R2024A; exact definition and upstream source in ghsl_indicator_dictionary.csv and official PDF.
ghsl_178,ghsl_NS_MPA_NAM_2025,GHSL UCDB R2024A V1.2,https://jeodpp.jrc.ec.europa.eu/ftp/jrc-opendata/GHSL/GHS_UCDB_GLOBE_R2024A/GHS_UCDB_GLOBE_R2024A/V1-2/GHS_UCDB_GLOBE_R2024A_V1_2.zip,2026-09-19T08:41:50.435893+00:00,European Commission reuse notice: reuse authorised with source acknowledgement,Direct field NS_MPA_NAM_2025; layer GHSL_UCDB_THEME_NATURAL_SYSTEMS_GLOBE_R2024A; exact definition and upstream source in ghsl_indicator_dictionary.csv and official PDF.
ghsl_178,ghsl_NS_MPA_DES_2025,GHSL UCDB R2024A V1.2,https://jeodpp.jrc.ec.europa.eu/ftp/jrc-opendata/GHSL/GHS_UCDB_GLOBE_R2024A/GHS_UCDB_GLOBE_R2024A/V1-2/GHS_UCDB_GLOBE_R2024A_V1_2.zip,2026-09-19T08:41:50.435893+00:00,European Commission reuse notice: reuse authorised with source acknowledgement,Direct field NS_MPA_DES_2025; layer GHSL_UCDB_THEME_NATURAL_SYSTEMS_GLOBE_R2024A; exact definition and upstream source in ghsl_indicator_dictionary.csv and official PDF.
ghsl_178,ghsl_NS_MPA_PER_2025,GHSL UCDB R2024A V1.2,https://jeodpp.jrc.ec.europa.eu/ftp/jrc-opendata/GHSL/GHS_UCDB_GLOBE_R2024A/GHS_UCDB_GLOBE_R2024A/V1-2/GHS_UCDB_GLOBE_R2024A_V1_2.zip,2026-09-19T08:41:50.435893+00:00,European Commission reuse notice: reuse authorised with source acknowledgement,Direct field NS_MPA_PER_2025; layer GHSL_UCDB_THEME_NATURAL_SYSTEMS_GLOBE_R2024A; exact definition and upstream source in ghsl_indicator_dictionary.csv and official PDF.
ghsl_178,ghsl_NS_TPA_NAM_2025,GHSL UCDB R2024A V1.2,https://jeodpp.jrc.ec.europa.eu/ftp/jrc-opendata/GHSL/GHS_UCDB_GLOBE_R2024A/GHS_UCDB_GLOBE_R2024A/V1-2/GHS_UCDB_GLOBE_R2024A_V1_2.zip,2026-09-19T08:41:50.435893+00:00,European Commission reuse notice: reuse authorised with source acknowledgement,Direct field NS_TPA_NAM_2025; layer GHSL_UCDB_THEME_NATURAL_SYSTEMS_GLOBE_R2024A; exact definition and upstream source in ghsl_indicator_dictionary.csv and official PDF.
ghsl_178,ghsl_NS_TPA_DES_202,GHSL UCDB R2024A V1.2,https://jeodpp.jrc.ec.europa.eu/ftp/jrc-opendata/GHSL/GHS_UCDB_GLOBE_R2024A/GHS_UCDB_GLOBE_R2024A/V1-2/GHS_UCDB_GLOBE_R2024A_V1_2.zip,2026-09-19T08:41:50.435893+00:00,European Commission reuse notice: reuse authorised with source acknowledgement,Direct field NS_TPA_DES_202; layer GHSL_UCDB_THEME_NATURAL_SYSTEMS_GLOBE_R2024A; exact definition and upstream source in ghsl_indicator_dictionary.csv and official PDF.
ghsl_178,ghsl_NS_TPA_PER_2025,GHSL UCDB R2024A V1.2,https://jeodpp.jrc.ec.europa.eu/ftp/jrc-opendata/GHSL/GHS_UCDB_GLOBE_R2024A/GHS_UCDB_GLOBE_R2024A/V1-2/GHS_UCDB_GLOBE_R2024A_V1_2.zip,2026-09-19T08:41:50.435893+00:00,European Commission reuse notice: reuse authorised with source acknowledgement,Direct field NS_TPA_PER_2025; layer GHSL_UCDB_THEME_NATURAL_SYSTEMS_GLOBE_R2024A; exact definition and upstream source in ghsl_indicator_dictionary.csv and official PDF.
ghsl_178,ghsl_SD_LUE_LCR_1975_2020,GHSL UCDB R2024A V1.2,https://jeodpp.jrc.ec.europa.eu/ftp/jrc-opendata/GHSL/GHS_UCDB_GLOBE_R2024A/GHS_UCDB_GLOBE_R2024A/V1-2/GHS_UCDB_GLOBE_R2024A_V1_2.zip,2026-09-19T08:41:50.435893+00:00,European Commission reuse notice: reuse authorised with source acknowledgement,Direct field SD_LUE_LCR_1975_2020; layer GHSL_UCDB_THEME_SDG_GLOBE_R2024A; exact definition and upstream source in ghsl_indicator_dictionary.csv and official PDF.
ghsl_178,ghsl_SD_LUE_LCR_1980_1990,GHSL UCDB R2024A V1.2,https://jeodpp.jrc.ec.europa.eu/ftp/jrc-opendata/GHSL/GHS_UCDB_GLOBE_R2024A/GHS_UCDB_GLOBE_R2024A/V1-2/GHS_UCDB_GLOBE_R2024A_V1_2.zip,2026-09-19T08:41:50.435893+00:00,European Commission reuse notice: reuse authorised with source acknowledgement,Direct field SD_LUE_LCR_1980_1990; layer GHSL_UCDB_THEME_SDG_GLOBE_R2024A; exact definition and upstream source in ghsl_indicator_dictionary.csv and official PDF.
ghsl_178,ghsl_SD_LUE_LCR_2000_2020,GHSL UCDB R2024A V1.2,https://jeodpp.jrc.ec.europa.eu/ftp/jrc-opendata/GHSL/GHS_UCDB_GLOBE_R2024A/GHS_UCDB_GLOBE_R2024A/V1-2/GHS_UCDB_GLOBE_R2024A_V1_2.zip,2026-09-19T08:41:50.435893+00:00,European Commission reuse notice: reuse authorised with source acknowledgement,Direct field SD_LUE_LCR_2000_2020; layer GHSL_UCDB_THEME_SDG_GLOBE_R2024A; exact definition and upstream source in ghsl_indicator_dictionary.csv and official PDF.
ghsl_178,ghsl_SD_LUE_LCR_2010_2020,GHSL UCDB R2024A V1.2,https://jeodpp.jrc.ec.europa.eu/ftp/jrc-opendata/GHSL/GHS_UCDB_GLOBE_R2024A/GHS_UCDB_GLOBE_R2024A/V1-2/GHS_UCDB_GLOBE_R2024A_V1_2.zip,2026-09-19T08:41:50.435893+00:00,European Commission reuse notice: reuse authorised with source acknowledgement,Direct field SD_LUE_LCR_2010_2020; layer GHSL_UCDB_THEME_SDG_GLOBE_R2024A; exact definition and upstream source in ghsl_indicator_dictionary.csv and official PDF.
ghsl_178,ghsl_SD_LUE_LCR_1990_2020,GHSL UCDB R2024A V1.2,https://jeodpp.jrc.ec.europa.eu/ftp/jrc-opendata/GHSL/GHS_UCDB_GLOBE_R2024A/GHS_UCDB_GLOBE_R2024A/V1-2/GHS_UCDB_GLOBE_R2024A_V1_2.zip,2026-09-19T08:41:50.435893+00:00,European Commission reuse notice: reuse authorised with source acknowledgement,Direct field SD_LUE_LCR_1990_2020; layer GHSL_UCDB_THEME_SDG_GLOBE_R2024A; exact definition and upstream source in ghsl_indicator_dictionary.csv and official PDF.
ghsl_178,ghsl_SD_LUE_PGR_1975_2020,GHSL UCDB R2024A V1.2,https://jeodpp.jrc.ec.europa.eu/ftp/jrc-opendata/GHSL/GHS_UCDB_GLOBE_R2024A/GHS_UCDB_GLOBE_R2024A/V1-2/GHS_UCDB_GLOBE_R2024A_V1_2.zip,2026-09-19T08:41:50.435893+00:00,European Commission reuse notice: reuse authorised with source acknowledgement,Direct field SD_LUE_PGR_1975_2020; layer GHSL_UCDB_THEME_SDG_GLOBE_R2024A; exact definition and upstream source in ghsl_indicator_dictionary.csv and official PDF.
ghsl_178,ghsl_SD_LUE_PGR_1980_1990,GHSL UCDB R2024A V1.2,https://jeodpp.jrc.ec.europa.eu/ftp/jrc-opendata/GHSL/GHS_UCDB_GLOBE_R2024A/GHS_UCDB_GLOBE_R2024A/V1-2/GHS_UCDB_GLOBE_R2024A_V1_2.zip,2026-09-19T08:41:50.435893+00:00,European Commission reuse notice: reuse authorised with source acknowledgement,Direct field SD_LUE_PGR_1980_1990; layer GHSL_UCDB_THEME_SDG_GLOBE_R2024A; exact definition and upstream source in ghsl_indicator_dictionary.csv and official PDF.
ghsl_178,ghsl_SD_LUE_PGR_2000_2020,GHSL UCDB R2024A V1.2,https://jeodpp.jrc.ec.europa.eu/ftp/jrc-opendata/GHSL/GHS_UCDB_GLOBE_R2024A/GHS_UCDB_GLOBE_R2024A/V1-2/GHS_UCDB_GLOBE_R2024A_V1_2.zip,2026-09-19T08:41:50.435893+00:00,European Commission reuse notice: reuse authorised with source acknowledgement,Direct field SD_LUE_PGR_2000_2020; layer GHSL_UCDB_THEME_SDG_GLOBE_R2024A; exact definition and upstream source in ghsl_indicator_dictionary.csv and official PDF.
ghsl_178,ghsl_SD_LUE_PGR_2010_2020,GHSL UCDB R2024A V1.2,https://jeodpp.jrc.ec.europa.eu/ftp/jrc-opendata/GHSL/GHS_UCDB_GLOBE_R2024A/GHS_UCDB_GLOBE_R2024A/V1-2/GHS_UCDB_GLOBE_R2024A_V1_2.zip,2026-09-19T08:41:50.435893+00:00,European Commission reuse notice: reuse authorised with source acknowledgement,Direct field SD_LUE_PGR_2010_2020; layer GHSL_UCDB_THEME_SDG_GLOBE_R2024A; exact definition and upstream source in ghsl_indicator_dictionary.csv and official PDF.
ghsl_178,ghsl_SD_LUE_PGR_1990_2020,GHSL UCDB R2024A V1.2,https://jeodpp.jrc.ec.europa.eu/ftp/jrc-opendata/GHSL/GHS_UCDB_GLOBE_R2024A/GHS_UCDB_GLOBE_R2024A/V1-2/GHS_UCDB_GLOBE_R2024A_V1_2.zip,2026-09-19T08:41:50.435893+00:00,European Commission reuse notice: reuse authorised with source acknowledgement,Direct field SD_LUE_PGR_1990_2020; layer GHSL_UCDB_THEME_SDG_GLOBE_R2024A; exact definition and upstream source in ghsl_indicator_dictionary.csv and official PDF.
ghsl_178,ghsl_SD_LUE_LPR_1975_2020,GHSL UCDB R2024A V1.2,https://jeodpp.jrc.ec.europa.eu/ftp/jrc-opendata/GHSL/GHS_UCDB_GLOBE_R2024A/GHS_UCDB_GLOBE_R2024A/V1-2/GHS_UCDB_GLOBE_R2024A_V1_2.zip,2026-09-19T08:41:50.435893+00:00,European Commission reuse notice: reuse authorised with source acknowledgement,Direct field SD_LUE_LPR_1975_2020; layer GHSL_UCDB_THEME_SDG_GLOBE_R2024A; exact definition and upstream source in ghsl_indicator_dictionary.csv and official PDF.
ghsl_178,ghsl_SD_LUE_LPR_1980_1990,GHSL UCDB R2024A V1.2,https://jeodpp.jrc.ec.europa.eu/ftp/jrc-opendata/GHSL/GHS_UCDB_GLOBE_R2024A/GHS_UCDB_GLOBE_R2024A/V1-2/GHS_UCDB_GLOBE_R2024A_V1_2.zip,2026-09-19T08:41:50.435893+00:00,European Commission reuse notice: reuse authorised with source acknowledgement,Direct field SD_LUE_LPR_1980_1990; layer GHSL_UCDB_THEME_SDG_GLOBE_R2024A; exact definition and upstream source in ghsl_indicator_dictionary.csv and official PDF.
ghsl_178,ghsl_SD_LUE_LPR_1990_2020,GHSL UCDB R2024A V1.2,https://jeodpp.jrc.ec.europa.eu/ftp/jrc-opendata/GHSL/GHS_UCDB_GLOBE_R2024A/GHS_UCDB_GLOBE_R2024A/V1-2/GHS_UCDB_GLOBE_R2024A_V1_2.zip,2026-09-19T08:41:50.435893+00:00,European Commission reuse notice: reuse authorised with source acknowledgement,Direct field SD_LUE_LPR_1990_2020; layer GHSL_UCDB_THEME_SDG_GLOBE_R2024A; exact definition and upstream source in ghsl_indicator_dictionary.csv and official PDF.
ghsl_178,ghsl_SD_LUE_LPR_2000_2020,GHSL UCDB R2024A V1.2,https://jeodpp.jrc.ec.europa.eu/ftp/jrc-opendata/GHSL/GHS_UCDB_GLOBE_R2024A/GHS_UCDB_GLOBE_R2024A/V1-2/GHS_UCDB_GLOBE_R2024A_V1_2.zip,2026-09-19T08:41:50.435893+00:00,European Commission reuse notice: reuse authorised with source acknowledgement,Direct field SD_LUE_LPR_2000_2020; layer GHSL_UCDB_THEME_SDG_GLOBE_R2024A; exact definition and upstream source in ghsl_indicator_dictionary.csv and official PDF.
ghsl_178,ghsl_SD_LUE_LPR_2010_2020,GHSL UCDB R2024A V1.2,https://jeodpp.jrc.ec.europa.eu/ftp/jrc-opendata/GHSL/GHS_UCDB_GLOBE_R2024A/GHS_UCDB_GLOBE_R2024A/V1-2/GHS_UCDB_GLOBE_R2024A_V1_2.zip,2026-09-19T08:41:50.435893+00:00,European Commission reuse notice: reuse authorised with source acknowledgement,Direct field SD_LUE_LPR_2010_2020; layer GHSL_UCDB_THEME_SDG_GLOBE_R2024A; exact definition and upstream source in ghsl_indicator_dictionary.csv and official PDF.
ghsl_178,ghsl_SD_POP_HGR_2025,GHSL UCDB R2024A V1.2,https://jeodpp.jrc.ec.europa.eu/ftp/jrc-opendata/GHSL/GHS_UCDB_GLOBE_R2024A/GHS_UCDB_GLOBE_R2024A/V1-2/GHS_UCDB_GLOBE_R2024A_V1_2.zip,2026-09-19T08:41:50.435893+00:00,European Commission reuse notice: reuse authorised with source acknowledgement,Direct field SD_POP_HGR_2025; layer GHSL_UCDB_THEME_SDG_GLOBE_R2024A; exact definition and upstream source in ghsl_indicator_dictionary.csv and official PDF.
ghsl_178,ghsl_SC_GDP_AVG_2020,GHSL UCDB R2024A V1.2,https://jeodpp.jrc.ec.europa.eu/ftp/jrc-opendata/GHSL/GHS_UCDB_GLOBE_R2024A/GHS_UCDB_GLOBE_R2024A/V1-2/GHS_UCDB_GLOBE_R2024A_V1_2.zip,2026-09-19T08:41:50.435893+00:00,European Commission reuse notice: reuse authorised with source acknowledgement,Direct field SC_GDP_AVG_2020; layer GHSL_UCDB_THEME_SOCIOECONOMIC_GLOBE_R2024A; exact definition and upstream source in ghsl_indicator_dictionary.csv and official PDF.
ghsl_178,ghsl_SC_GDP_SUM_2020,GHSL UCDB R2024A V1.2,https://jeodpp.jrc.ec.europa.eu/ftp/jrc-opendata/GHSL/GHS_UCDB_GLOBE_R2024A/GHS_UCDB_GLOBE_R2024A/V1-2/GHS_UCDB_GLOBE_R2024A_V1_2.zip,2026-09-19T08:41:50.435893+00:00,European Commission reuse notice: reuse authorised with source acknowledgement,Direct field SC_GDP_SUM_2020; layer GHSL_UCDB_THEME_SOCIOECONOMIC_GLOBE_R2024A; exact definition and upstream source in ghsl_indicator_dictionary.csv and official PDF.
ghsl_178,ghsl_SC_SEC_HDI_2020,GHSL UCDB R2024A V1.2,https://jeodpp.jrc.ec.europa.eu/ftp/jrc-opendata/GHSL/GHS_UCDB_GLOBE_R2024A/GHS_UCDB_GLOBE_R2024A/V1-2/GHS_UCDB_GLOBE_R2024A_V1_2.zip,2026-09-19T08:41:50.435893+00:00,European Commission reuse notice: reuse authorised with source acknowledgement,Direct field SC_SEC_HDI_2020; layer GHSL_UCDB_THEME_SOCIOECONOMIC_GLOBE_R2024A; exact definition and upstream source in ghsl_indicator_dictionary.csv and official PDF.
ghsl_178,ghsl_SC_SEC_GDI_2020,GHSL UCDB R2024A V1.2,https://jeodpp.jrc.ec.europa.eu/ftp/jrc-opendata/GHSL/GHS_UCDB_GLOBE_R2024A/GHS_UCDB_GLOBE_R2024A/V1-2/GHS_UCDB_GLOBE_R2024A_V1_2.zip,2026-09-19T08:41:50.435893+00:00,European Commission reuse notice: reuse authorised with source acknowledgement,Direct field SC_SEC_GDI_2020; layer GHSL_UCDB_THEME_SOCIOECONOMIC_GLOBE_R2024A; exact definition and upstream source in ghsl_indicator_dictionary.csv and official PDF.
ghsl_178,ghsl_SC_SEC_GDF_2020,GHSL UCDB R2024A V1.2,https://jeodpp.jrc.ec.europa.eu/ftp/jrc-opendata/GHSL/GHS_UCDB_GLOBE_R2024A/GHS_UCDB_GLOBE_R2024A/V1-2/GHS_UCDB_GLOBE_R2024A_V1_2.zip,2026-09-19T08:41:50.435893+00:00,European Commission reuse notice: reuse authorised with source acknowledgement,Direct field SC_SEC_GDF_2020; layer GHSL_UCDB_THEME_SOCIOECONOMIC_GLOBE_R2024A; exact definition and upstream source in ghsl_indicator_dictionary.csv and official PDF.
ghsl_178,ghsl_SC_SEC_GDM_2020,GHSL UCDB R2024A V1.2,https://jeodpp.jrc.ec.europa.eu/ftp/jrc-opendata/GHSL/GHS_UCDB_GLOBE_R2024A/GHS_UCDB_GLOBE_R2024A/V1-2/GHS_UCDB_GLOBE_R2024A_V1_2.zip,2026-09-19T08:41:50.435893+00:00,European Commission reuse notice: reuse authorised with source acknowledgement,Direct field SC_SEC_GDM_2020; layer GHSL_UCDB_THEME_SOCIOECONOMIC_GLOBE_R2024A; exact definition and upstream source in ghsl_indicator_dictionary.csv and official PDF.
ghsl_178,ghsl_SC_SEC_LET_2020,GHSL UCDB R2024A V1.2,https://jeodpp.jrc.ec.europa.eu/ftp/jrc-opendata/GHSL/GHS_UCDB_GLOBE_R2024A/GHS_UCDB_GLOBE_R2024A/V1-2/GHS_UCDB_GLOBE_R2024A_V1_2.zip,2026-09-19T08:41:50.435893+00:00,European Commission reuse notice: reuse authorised with source acknowledgement,Direct field SC_SEC_LET_2020; layer GHSL_UCDB_THEME_SOCIOECONOMIC_GLOBE_R2024A; exact definition and upstream source in ghsl_indicator_dictionary.csv and official PDF.
ghsl_178,ghsl_SC_SEC_LEF_2020,GHSL UCDB R2024A V1.2,https://jeodpp.jrc.ec.europa.eu/ftp/jrc-opendata/GHSL/GHS_UCDB_GLOBE_R2024A/GHS_UCDB_GLOBE_R2024A/V1-2/GHS_UCDB_GLOBE_R2024A_V1_2.zip,2026-09-19T08:41:50.435893+00:00,European Commission reuse notice: reuse authorised with source acknowledgement,Direct field SC_SEC_LEF_2020; layer GHSL_UCDB_THEME_SOCIOECONOMIC_GLOBE_R2024A; exact definition and upstream source in ghsl_indicator_dictionary.csv and official PDF.
ghsl_178,ghsl_SC_SEC_LEM_2020,GHSL UCDB R2024A V1.2,https://jeodpp.jrc.ec.europa.eu/ftp/jrc-opendata/GHSL/GHS_UCDB_GLOBE_R2024A/GHS_UCDB_GLOBE_R2024A/V1-2/GHS_UCDB_GLOBE_R2024A_V1_2.zip,2026-09-19T08:41:50.435893+00:00,European Commission reuse notice: reuse authorised with source acknowledgement,Direct field SC_SEC_LEM_2020; layer GHSL_UCDB_THEME_SOCIOECONOMIC_GLOBE_R2024A; exact definition and upstream source in ghsl_indicator_dictionary.csv and official PDF.
ghsl_178,ghsl_SC_SEC_SET_2020,GHSL UCDB R2024A V1.2,https://jeodpp.jrc.ec.europa.eu/ftp/jrc-opendata/GHSL/GHS_UCDB_GLOBE_R2024A/GHS_UCDB_GLOBE_R2024A/V1-2/GHS_UCDB_GLOBE_R2024A_V1_2.zip,2026-09-19T08:41:50.435893+00:00,European Commission reuse notice: reuse authorised with source acknowledgement,Direct field SC_SEC_SET_2020; layer GHSL_UCDB_THEME_SOCIOECONOMIC_GLOBE_R2024A; exact definition and upstream source in ghsl_indicator_dictionary.csv and official PDF.
ghsl_178,ghsl_SC_SEC_SEF_2020,GHSL UCDB R2024A V1.2,https://jeodpp.jrc.ec.europa.eu/ftp/jrc-opendata/GHSL/GHS_UCDB_GLOBE_R2024A/GHS_UCDB_GLOBE_R2024A/V1-2/GHS_UCDB_GLOBE_R2024A_V1_2.zip,2026-09-19T08:41:50.435893+00:00,European Commission reuse notice: reuse authorised with source acknowledgement,Direct field SC_SEC_SEF_2020; layer GHSL_UCDB_THEME_SOCIOECONOMIC_GLOBE_R2024A; exact definition and upstream source in ghsl_indicator_dictionary.csv and official PDF.
ghsl_178,ghsl_SC_SEC_SEM_2020,GHSL UCDB R2024A V1.2,https://jeodpp.jrc.ec.europa.eu/ftp/jrc-opendata/GHSL/GHS_UCDB_GLOBE_R2024A/GHS_UCDB_GLOBE_R2024A/V1-2/GHS_UCDB_GLOBE_R2024A_V1_2.zip,2026-09-19T08:41:50.435893+00:00,European Commission reuse notice: reuse authorised with source acknowledgement,Direct field SC_SEC_SEM_2020; layer GHSL_UCDB_THEME_SOCIOECONOMIC_GLOBE_R2024A; exact definition and upstream source in ghsl_indicator_dictionary.csv and official PDF.
ghsl_178,ghsl_SC_SEC_SYT_2020,GHSL UCDB R2024A V1.2,https://jeodpp.jrc.ec.europa.eu/ftp/jrc-opendata/GHSL/GHS_UCDB_GLOBE_R2024A/GHS_UCDB_GLOBE_R2024A/V1-2/GHS_UCDB_GLOBE_R2024A_V1_2.zip,2026-09-19T08:41:50.435893+00:00,European Commission reuse notice: reuse authorised with source acknowledgement,Direct field SC_SEC_SYT_2020; layer GHSL_UCDB_THEME_SOCIOECONOMIC_GLOBE_R2024A; exact definition and upstream source in ghsl_indicator_dictionary.csv and official PDF.
ghsl_178,ghsl_SC_SEC_SYF_2020,GHSL UCDB R2024A V1.2,https://jeodpp.jrc.ec.europa.eu/ftp/jrc-opendata/GHSL/GHS_UCDB_GLOBE_R2024A/GHS_UCDB_GLOBE_R2024A/V1-2/GHS_UCDB_GLOBE_R2024A_V1_2.zip,2026-09-19T08:41:50.435893+00:00,European Commission reuse notice: reuse authorised with source acknowledgement,Direct field SC_SEC_SYF_2020; layer GHSL_UCDB_THEME_SOCIOECONOMIC_GLOBE_R2024A; exact definition and upstream source in ghsl_indicator_dictionary.csv and official PDF.
ghsl_178,ghsl_SC_SEC_SYM_2020,GHSL UCDB R2024A V1.2,https://jeodpp.jrc.ec.europa.eu/ftp/jrc-opendata/GHSL/GHS_UCDB_GLOBE_R2024A/GHS_UCDB_GLOBE_R2024A/V1-2/GHS_UCDB_GLOBE_R2024A_V1_2.zip,2026-09-19T08:41:50.435893+00:00,European Commission reuse notice: reuse authorised with source acknowledgement,Direct field SC_SEC_SYM_2020; layer GHSL_UCDB_THEME_SOCIOECONOMIC_GLOBE_R2024A; exact definition and upstream source in ghsl_indicator_dictionary.csv and official PDF.
ghsl_178,ghsl_SC_SEC_GIF_2020,GHSL UCDB R2024A V1.2,https://jeodpp.jrc.ec.europa.eu/ftp/jrc-opendata/GHSL/GHS_UCDB_GLOBE_R2024A/GHS_UCDB_GLOBE_R2024A/V1-2/GHS_UCDB_GLOBE_R2024A_V1_2.zip,2026-09-19T08:41:50.435893+00:00,European Commission reuse notice: reuse authorised with source acknowledgement,Direct field SC_SEC_GIF_2020; layer GHSL_UCDB_THEME_SOCIOECONOMIC_GLOBE_R2024A; exact definition and upstream source in ghsl_indicator_dictionary.csv and official PDF.
ghsl_178,ghsl_SC_SEC_GIM_2020,GHSL UCDB R2024A V1.2,https://jeodpp.jrc.ec.europa.eu/ftp/jrc-opendata/GHSL/GHS_UCDB_GLOBE_R2024A/GHS_UCDB_GLOBE_R2024A/V1-2/GHS_UCDB_GLOBE_R2024A_V1_2.zip,2026-09-19T08:41:50.435893+00:00,European Commission reuse notice: reuse authorised with source acknowledgement,Direct field SC_SEC_GIM_2020; layer GHSL_UCDB_THEME_SOCIOECONOMIC_GLOBE_R2024A; exact definition and upstream source in ghsl_indicator_dictionary.csv and official PDF.
ghsl_178,ghsl_SC_SEC_PCF_2020,GHSL UCDB R2024A V1.2,https://jeodpp.jrc.ec.europa.eu/ftp/jrc-opendata/GHSL/GHS_UCDB_GLOBE_R2024A/GHS_UCDB_GLOBE_R2024A/V1-2/GHS_UCDB_GLOBE_R2024A_V1_2.zip,2026-09-19T08:41:50.435893+00:00,European Commission reuse notice: reuse authorised with source acknowledgement,Direct field SC_SEC_PCF_2020; layer GHSL_UCDB_THEME_SOCIOECONOMIC_GLOBE_R2024A; exact definition and upstream source in ghsl_indicator_dictionary.csv and official PDF.
ghsl_178,ghsl_SC_SEC_PCM_2020,GHSL UCDB R2024A V1.2,https://jeodpp.jrc.ec.europa.eu/ftp/jrc-opendata/GHSL/GHS_UCDB_GLOBE_R2024A/GHS_UCDB_GLOBE_R2024A/V1-2/GHS_UCDB_GLOBE_R2024A_V1_2.zip,2026-09-19T08:41:50.435893+00:00,European Commission reuse notice: reuse authorised with source acknowledgement,Direct field SC_SEC_PCM_2020; layer GHSL_UCDB_THEME_SOCIOECONOMIC_GLOBE_R2024A; exact definition and upstream source in ghsl_indicator_dictionary.csv and official PDF.
ghsl_178,ghsl_SC_SEC_PCY_2020,GHSL UCDB R2024A V1.2,https://jeodpp.jrc.ec.europa.eu/ftp/jrc-opendata/GHSL/GHS_UCDB_GLOBE_R2024A/GHS_UCDB_GLOBE_R2024A/V1-2/GHS_UCDB_GLOBE_R2024A_V1_2.zip,2026-09-19T08:41:50.435893+00:00,European Commission reuse notice: reuse authorised with source acknowledgement,Direct field SC_SEC_PCY_2020; layer GHSL_UCDB_THEME_SOCIOECONOMIC_GLOBE_R2024A; exact definition and upstream source in ghsl_indicator_dictionary.csv and official PDF.
ghsl_178,ghsl_SC_SEC_PCA_2020,GHSL UCDB R2024A V1.2,https://jeodpp.jrc.ec.europa.eu/ftp/jrc-opendata/GHSL/GHS_UCDB_GLOBE_R2024A/GHS_UCDB_GLOBE_R2024A/V1-2/GHS_UCDB_GLOBE_R2024A_V1_2.zip,2026-09-19T08:41:50.435893+00:00,European Commission reuse notice: reuse authorised with source acknowledgement,Direct field SC_SEC_PCA_2020; layer GHSL_UCDB_THEME_SOCIOECONOMIC_GLOBE_R2024A; exact definition and upstream source in ghsl_indicator_dictionary.csv and official PDF.
ghsl_178,ghsl_SC_SEC_PCO_2020,GHSL UCDB R2024A V1.2,https://jeodpp.jrc.ec.europa.eu/ftp/jrc-opendata/GHSL/GHS_UCDB_GLOBE_R2024A/GHS_UCDB_GLOBE_R2024A/V1-2/GHS_UCDB_GLOBE_R2024A_V1_2.zip,2026-09-19T08:41:50.435893+00:00,European Commission reuse notice: reuse authorised with source acknowledgement,Direct field SC_SEC_PCO_2020; layer GHSL_UCDB_THEME_SOCIOECONOMIC_GLOBE_R2024A; exact definition and upstream source in ghsl_indicator_dictionary.csv and official PDF.
ghsl_178,ghsl_SC_CON_DSF_2023,GHSL UCDB R2024A V1.2,https://jeodpp.jrc.ec.europa.eu/ftp/jrc-opendata/GHSL/GHS_UCDB_GLOBE_R2024A/GHS_UCDB_GLOBE_R2024A/V1-2/GHS_UCDB_GLOBE_R2024A_V1_2.zip,2026-09-19T08:41:50.435893+00:00,European Commission reuse notice: reuse authorised with source acknowledgement,Direct field SC_CON_DSF_2023; layer GHSL_UCDB_THEME_SOCIOECONOMIC_GLOBE_R2024A; exact definition and upstream source in ghsl_indicator_dictionary.csv and official PDF.
ghsl_178,ghsl_SC_CON_DSM_2023,GHSL UCDB R2024A V1.2,https://jeodpp.jrc.ec.europa.eu/ftp/jrc-opendata/GHSL/GHS_UCDB_GLOBE_R2024A/GHS_UCDB_GLOBE_R2024A/V1-2/GHS_UCDB_GLOBE_R2024A_V1_2.zip,2026-09-19T08:41:50.435893+00:00,European Commission reuse notice: reuse authorised with source acknowledgement,Direct field SC_CON_DSM_2023; layer GHSL_UCDB_THEME_SOCIOECONOMIC_GLOBE_R2024A; exact definition and upstream source in ghsl_indicator_dictionary.csv and official PDF.
ghsl_178,ghsl_SC_CON_USF_2023,GHSL UCDB R2024A V1.2,https://jeodpp.jrc.ec.europa.eu/ftp/jrc-opendata/GHSL/GHS_UCDB_GLOBE_R2024A/GHS_UCDB_GLOBE_R2024A/V1-2/GHS_UCDB_GLOBE_R2024A_V1_2.zip,2026-09-19T08:41:50.435893+00:00,European Commission reuse notice: reuse authorised with source acknowledgement,Direct field SC_CON_USF_2023; layer GHSL_UCDB_THEME_SOCIOECONOMIC_GLOBE_R2024A; exact definition and upstream source in ghsl_indicator_dictionary.csv and official PDF.
ghsl_178,ghsl_SC_CON_USM_2023,GHSL UCDB R2024A V1.2,https://jeodpp.jrc.ec.europa.eu/ftp/jrc-opendata/GHSL/GHS_UCDB_GLOBE_R2024A/GHS_UCDB_GLOBE_R2024A/V1-2/GHS_UCDB_GLOBE_R2024A_V1_2.zip,2026-09-19T08:41:50.435893+00:00,European Commission reuse notice: reuse authorised with source acknowledgement,Direct field SC_CON_USM_2023; layer GHSL_UCDB_THEME_SOCIOECONOMIC_GLOBE_R2024A; exact definition and upstream source in ghsl_indicator_dictionary.csv and official PDF.
ghsl_178,ghsl_SC_CON_ALF_2023,GHSL UCDB R2024A V1.2,https://jeodpp.jrc.ec.europa.eu/ftp/jrc-opendata/GHSL/GHS_UCDB_GLOBE_R2024A/GHS_UCDB_GLOBE_R2024A/V1-2/GHS_UCDB_GLOBE_R2024A_V1_2.zip,2026-09-19T08:41:50.435893+00:00,European Commission reuse notice: reuse authorised with source acknowledgement,Direct field SC_CON_ALF_2023; layer GHSL_UCDB_THEME_SOCIOECONOMIC_GLOBE_R2024A; exact definition and upstream source in ghsl_indicator_dictionary.csv and official PDF.
ghsl_178,ghsl_SC_CON_ALM_2023,GHSL UCDB R2024A V1.2,https://jeodpp.jrc.ec.europa.eu/ftp/jrc-opendata/GHSL/GHS_UCDB_GLOBE_R2024A/GHS_UCDB_GLOBE_R2024A/V1-2/GHS_UCDB_GLOBE_R2024A_V1_2.zip,2026-09-19T08:41:50.435893+00:00,European Commission reuse notice: reuse authorised with source acknowledgement,Direct field SC_CON_ALM_2023; layer GHSL_UCDB_THEME_SOCIOECONOMIC_GLOBE_R2024A; exact definition and upstream source in ghsl_indicator_dictionary.csv and official PDF.
ghsl_178,ghsl_SC_CON_NDF_2023,GHSL UCDB R2024A V1.2,https://jeodpp.jrc.ec.europa.eu/ftp/jrc-opendata/GHSL/GHS_UCDB_GLOBE_R2024A/GHS_UCDB_GLOBE_R2024A/V1-2/GHS_UCDB_GLOBE_R2024A_V1_2.zip,2026-09-19T08:41:50.435893+00:00,European Commission reuse notice: reuse authorised with source acknowledgement,Direct field SC_CON_NDF_2023; layer GHSL_UCDB_THEME_SOCIOECONOMIC_GLOBE_R2024A; exact definition and upstream source in ghsl_indicator_dictionary.csv and official PDF.
ghsl_178,ghsl_SC_CON_NDM_2023,GHSL UCDB R2024A V1.2,https://jeodpp.jrc.ec.europa.eu/ftp/jrc-opendata/GHSL/GHS_UCDB_GLOBE_R2024A/GHS_UCDB_GLOBE_R2024A/V1-2/GHS_UCDB_GLOBE_R2024A_V1_2.zip,2026-09-19T08:41:50.435893+00:00,European Commission reuse notice: reuse authorised with source acknowledgement,Direct field SC_CON_NDM_2023; layer GHSL_UCDB_THEME_SOCIOECONOMIC_GLOBE_R2024A; exact definition and upstream source in ghsl_indicator_dictionary.csv and official PDF.
ghsl_178,ghsl_WA_MAR_SHT_2023,GHSL UCDB R2024A V1.2,https://jeodpp.jrc.ec.europa.eu/ftp/jrc-opendata/GHSL/GHS_UCDB_GLOBE_R2024A/GHS_UCDB_GLOBE_R2024A/V1-2/GHS_UCDB_GLOBE_R2024A_V1_2.zip,2026-09-19T08:41:50.435893+00:00,European Commission reuse notice: reuse authorised with source acknowledgement,Direct field WA_MAR_SHT_2023; layer GHSL_UCDB_THEME_WATER_GLOBE_R2024A; exact definition and upstream source in ghsl_indicator_dictionary.csv and official PDF.
ghsl_178,ghsl_WA_MAR_STT_2021,GHSL UCDB R2024A V1.2,https://jeodpp.jrc.ec.europa.eu/ftp/jrc-opendata/GHSL/GHS_UCDB_GLOBE_R2024A/GHS_UCDB_GLOBE_R2024A/V1-2/GHS_UCDB_GLOBE_R2024A_V1_2.zip,2026-09-19T08:41:50.435893+00:00,European Commission reuse notice: reuse authorised with source acknowledgement,Direct field WA_MAR_STT_2021; layer GHSL_UCDB_THEME_WATER_GLOBE_R2024A; exact definition and upstream source in ghsl_indicator_dictionary.csv and official PDF.
ghsl_178,ghsl_WA_MAR_SST_2024,GHSL UCDB R2024A V1.2,https://jeodpp.jrc.ec.europa.eu/ftp/jrc-opendata/GHSL/GHS_UCDB_GLOBE_R2024A/GHS_UCDB_GLOBE_R2024A/V1-2/GHS_UCDB_GLOBE_R2024A_V1_2.zip,2026-09-19T08:41:50.435893+00:00,European Commission reuse notice: reuse authorised with source acknowledgement,Direct field WA_MAR_SST_2024; layer GHSL_UCDB_THEME_WATER_GLOBE_R2024A; exact definition and upstream source in ghsl_indicator_dictionary.csv and official PDF.
ghsl_178,ghsl_WA_MAR_W01_2019,GHSL UCDB R2024A V1.2,https://jeodpp.jrc.ec.europa.eu/ftp/jrc-opendata/GHSL/GHS_UCDB_GLOBE_R2024A/GHS_UCDB_GLOBE_R2024A/V1-2/GHS_UCDB_GLOBE_R2024A_V1_2.zip,2026-09-19T08:41:50.435893+00:00,European Commission reuse notice: reuse authorised with source acknowledgement,Direct field WA_MAR_W01_2019; layer GHSL_UCDB_THEME_WATER_GLOBE_R2024A; exact definition and upstream source in ghsl_indicator_dictionary.csv and official PDF.
ghsl_178,ghsl_WA_MAR_W02_2019,GHSL UCDB R2024A V1.2,https://jeodpp.jrc.ec.europa.eu/ftp/jrc-opendata/GHSL/GHS_UCDB_GLOBE_R2024A/GHS_UCDB_GLOBE_R2024A/V1-2/GHS_UCDB_GLOBE_R2024A_V1_2.zip,2026-09-19T08:41:50.435893+00:00,European Commission reuse notice: reuse authorised with source acknowledgement,Direct field WA_MAR_W02_2019; layer GHSL_UCDB_THEME_WATER_GLOBE_R2024A; exact definition and upstream source in ghsl_indicator_dictionary.csv and official PDF.
ghsl_178,ghsl_WA_MAR_W03_2019,GHSL UCDB R2024A V1.2,https://jeodpp.jrc.ec.europa.eu/ftp/jrc-opendata/GHSL/GHS_UCDB_GLOBE_R2024A/GHS_UCDB_GLOBE_R2024A/V1-2/GHS_UCDB_GLOBE_R2024A_V1_2.zip,2026-09-19T08:41:50.435893+00:00,European Commission reuse notice: reuse authorised with source acknowledgement,Direct field WA_MAR_W03_2019; layer GHSL_UCDB_THEME_WATER_GLOBE_R2024A; exact definition and upstream source in ghsl_indicator_dictionary.csv and official PDF.
ghsl_178,ghsl_WA_MAR_W04_2019,GHSL UCDB R2024A V1.2,https://jeodpp.jrc.ec.europa.eu/ftp/jrc-opendata/GHSL/GHS_UCDB_GLOBE_R2024A/GHS_UCDB_GLOBE_R2024A/V1-2/GHS_UCDB_GLOBE_R2024A_V1_2.zip,2026-09-19T08:41:50.435893+00:00,European Commission reuse notice: reuse authorised with source acknowledgement,Direct field WA_MAR_W04_2019; layer GHSL_UCDB_THEME_WATER_GLOBE_R2024A; exact definition and upstream source in ghsl_indicator_dictionary.csv and official PDF.
ghsl_178,ghsl_WA_MAR_W05_2019,GHSL UCDB R2024A V1.2,https://jeodpp.jrc.ec.europa.eu/ftp/jrc-opendata/GHSL/GHS_UCDB_GLOBE_R2024A/GHS_UCDB_GLOBE_R2024A/V1-2/GHS_UCDB_GLOBE_R2024A_V1_2.zip,2026-09-19T08:41:50.435893+00:00,European Commission reuse notice: reuse authorised with source acknowledgement,Direct field WA_MAR_W05_2019; layer GHSL_UCDB_THEME_WATER_GLOBE_R2024A; exact definition and upstream source in ghsl_indicator_dictionary.csv and official PDF.
ghsl_178,ghsl_WA_MAR_W06_2019,GHSL UCDB R2024A V1.2,https://jeodpp.jrc.ec.europa.eu/ftp/jrc-opendata/GHSL/GHS_UCDB_GLOBE_R2024A/GHS_UCDB_GLOBE_R2024A/V1-2/GHS_UCDB_GLOBE_R2024A_V1_2.zip,2026-09-19T08:41:50.435893+00:00,European Commission reuse notice: reuse authorised with source acknowledgement,Direct field WA_MAR_W06_2019; layer GHSL_UCDB_THEME_WATER_GLOBE_R2024A; exact definition and upstream source in ghsl_indicator_dictionary.csv and official PDF.
ghsl_178,ghsl_WA_MAR_W07_2019,GHSL UCDB R2024A V1.2,https://jeodpp.jrc.ec.europa.eu/ftp/jrc-opendata/GHSL/GHS_UCDB_GLOBE_R2024A/GHS_UCDB_GLOBE_R2024A/V1-2/GHS_UCDB_GLOBE_R2024A_V1_2.zip,2026-09-19T08:41:50.435893+00:00,European Commission reuse notice: reuse authorised with source acknowledgement,Direct field WA_MAR_W07_2019; layer GHSL_UCDB_THEME_WATER_GLOBE_R2024A; exact definition and upstream source in ghsl_indicator_dictionary.csv and official PDF.
ghsl_178,ghsl_WA_MAR_W08_2019,GHSL UCDB R2024A V1.2,https://jeodpp.jrc.ec.europa.eu/ftp/jrc-opendata/GHSL/GHS_UCDB_GLOBE_R2024A/GHS_UCDB_GLOBE_R2024A/V1-2/GHS_UCDB_GLOBE_R2024A_V1_2.zip,2026-09-19T08:41:50.435893+00:00,European Commission reuse notice: reuse authorised with source acknowledgement,Direct field WA_MAR_W08_2019; layer GHSL_UCDB_THEME_WATER_GLOBE_R2024A; exact definition and upstream source in ghsl_indicator_dictionary.csv and official PDF.
ghsl_178,ghsl_WA_MAR_W09_2019,GHSL UCDB R2024A V1.2,https://jeodpp.jrc.ec.europa.eu/ftp/jrc-opendata/GHSL/GHS_UCDB_GLOBE_R2024A/GHS_UCDB_GLOBE_R2024A/V1-2/GHS_UCDB_GLOBE_R2024A_V1_2.zip,2026-09-19T08:41:50.435893+00:00,European Commission reuse notice: reuse authorised with source acknowledgement,Direct field WA_MAR_W09_2019; layer GHSL_UCDB_THEME_WATER_GLOBE_R2024A; exact definition and upstream source in ghsl_indicator_dictionary.csv and official PDF.
ghsl_178,ghsl_WA_MAR_W10_2019,GHSL UCDB R2024A V1.2,https://jeodpp.jrc.ec.europa.eu/ftp/jrc-opendata/GHSL/GHS_UCDB_GLOBE_R2024A/GHS_UCDB_GLOBE_R2024A/V1-2/GHS_UCDB_GLOBE_R2024A_V1_2.zip,2026-09-19T08:41:50.435893+00:00,European Commission reuse notice: reuse authorised with source acknowledgement,Direct field WA_MAR_W10_2019; layer GHSL_UCDB_THEME_WATER_GLOBE_R2024A; exact definition and upstream source in ghsl_indicator_dictionary.csv and official PDF.
ghsl_178,ghsl_WA_MAR_W11_2019,GHSL UCDB R2024A V1.2,https://jeodpp.jrc.ec.europa.eu/ftp/jrc-opendata/GHSL/GHS_UCDB_GLOBE_R2024A/GHS_UCDB_GLOBE_R2024A/V1-2/GHS_UCDB_GLOBE_R2024A_V1_2.zip,2026-09-19T08:41:50.435893+00:00,European Commission reuse notice: reuse authorised with source acknowledgement,Direct field WA_MAR_W11_2019; layer GHSL_UCDB_THEME_WATER_GLOBE_R2024A; exact definition and upstream source in ghsl_indicator_dictionary.csv and official PDF.
ghsl_178,ghsl_WA_MAR_W12_2019,GHSL UCDB R2024A V1.2,https://jeodpp.jrc.ec.europa.eu/ftp/jrc-opendata/GHSL/GHS_UCDB_GLOBE_R2024A/GHS_UCDB_GLOBE_R2024A/V1-2/GHS_UCDB_GLOBE_R2024A_V1_2.zip,2026-09-19T08:41:50.435893+00:00,European Commission reuse notice: reuse authorised with source acknowledgement,Direct field WA_MAR_W12_2019; layer GHSL_UCDB_THEME_WATER_GLOBE_R2024A; exact definition and upstream source in ghsl_indicator_dictionary.csv and official PDF.
ghsl_178,ghsl_WA_GWR_GWB_2025,GHSL UCDB R2024A V1.2,https://jeodpp.jrc.ec.europa.eu/ftp/jrc-opendata/GHSL/GHS_UCDB_GLOBE_R2024A/GHS_UCDB_GLOBE_R2024A/V1-2/GHS_UCDB_GLOBE_R2024A_V1_2.zip,2026-09-19T08:41:50.435893+00:00,European Commission reuse notice: reuse authorised with source acknowledgement,Direct field WA_GWR_GWB_2025; layer GHSL_UCDB_THEME_WATER_GLOBE_R2024A; exact definition and upstream source in ghsl_indicator_dictionary.csv and official PDF.
ghsl_178,ghsl_WA_GWR_MMA_2025,GHSL UCDB R2024A V1.2,https://jeodpp.jrc.ec.europa.eu/ftp/jrc-opendata/GHSL/GHS_UCDB_GLOBE_R2024A/GHS_UCDB_GLOBE_R2024A/V1-2/GHS_UCDB_GLOBE_R2024A_V1_2.zip,2026-09-19T08:41:50.435893+00:00,European Commission reuse notice: reuse authorised with source acknowledgement,Direct field WA_GWR_MMA_2025; layer GHSL_UCDB_THEME_WATER_GLOBE_R2024A; exact definition and upstream source in ghsl_indicator_dictionary.csv and official PDF.
ghsl_178,ghsl_WA_GWS_SAL_2025,GHSL UCDB R2024A V1.2,https://jeodpp.jrc.ec.europa.eu/ftp/jrc-opendata/GHSL/GHS_UCDB_GLOBE_R2024A/GHS_UCDB_GLOBE_R2024A/V1-2/GHS_UCDB_GLOBE_R2024A_V1_2.zip,2026-09-19T08:41:50.435893+00:00,European Commission reuse notice: reuse authorised with source acknowledgement,Direct field WA_GWS_SAL_2025; layer GHSL_UCDB_THEME_WATER_GLOBE_R2024A; exact definition and upstream source in ghsl_indicator_dictionary.csv and official PDF.
ghsl_178,population_density,GHSL UCDB / documented selection,https://jeodpp.jrc.ec.europa.eu/ftp/jrc-opendata/GHSL/GHS_UCDB_GLOBE_R2024A/GHS_UCDB_GLOBE_R2024A/V1-2/GHS_UCDB_GLOBE_R2024A_V1_2.zip,2026-09-19T08:41:50.435893+00:00,European Commission reuse notice: reuse authorised with source acknowledgement,population / area_km2
ghsl_178,built_up_population_density,GHSL UCDB / documented selection,https://jeodpp.jrc.ec.europa.eu/ftp/jrc-opendata/GHSL/GHS_UCDB_GLOBE_R2024A/GHS_UCDB_GLOBE_R2024A/V1-2/GHS_UCDB_GLOBE_R2024A_V1_2.zip,2026-09-19T08:41:50.435893+00:00,European Commission reuse notice: reuse authorised with source acknowledgement,population / built_up_area_km2
ghsl_178,green_space_pct,GHSL UCDB / documented selection,https://jeodpp.jrc.ec.europa.eu/ftp/jrc-opendata/GHSL/GHS_UCDB_GLOBE_R2024A/GHS_UCDB_GLOBE_R2024A/V1-2/GHS_UCDB_GLOBE_R2024A_V1_2.zip,2026-09-19T08:41:50.435893+00:00,European Commission reuse notice: reuse authorised with source acknowledgement,Unavailable: GHSL greenness in built-up areas is not public green-space coverage.
ghsl_178,places,Overture Maps 2026-08-19.0,https://stac.overturemaps.org/2026-08-19.0/catalog.json,2026-09-19T08:44:16.960367+00:00,Theme-specific; see https://docs.overturemaps.org/attribution/ and retained feature sources,"Raw query, contributing feature sources, checksums, timestamps and bbox retained in raw sidecar JSON."
ghsl_178,roads,Overture Maps 2026-08-19.0,https://stac.overturemaps.org/2026-08-19.0/catalog.json,2026-09-19T08:49:52.429620+00:00,Theme-specific; see https://docs.overturemaps.org/attribution/ and retained feature sources,"Raw query, contributing feature sources, checksums, timestamps and bbox retained in raw sidecar JSON."
ghsl_178,buildings,Overture Maps 2026-08-19.0,https://stac.overturemaps.org/2026-08-19.0/catalog.json,2026-09-19T08:50:15.458273+00:00,Theme-specific; see https://docs.overturemaps.org/attribution/ and retained feature sources,"Raw query, contributing feature sources, checksums, timestamps and bbox retained in raw sidecar JSON."
ghsl_178,land_use,Overture Maps 2026-08-19.0,https://stac.overturemaps.org/2026-08-19.0/catalog.json,2026-09-19T08:50:30.638270+00:00,Theme-specific; see https://docs.overturemaps.org/attribution/ and retained feature sources,"Raw query, contributing feature sources, checksums, timestamps and bbox retained in raw sidecar JSON."
ghsl_178,osm,OpenStreetMap,https://overpass-api.de/api/interpreter,2026-09-19T08:50:40.602915+00:00,ODbL 1.0; © OpenStreetMap contributors,"Raw query, contributing feature sources, checksums, timestamps and bbox retained in raw sidecar JSON."
ghsl_178,hospital_count,Derived from osm,https://overpass-api.de/api/interpreter,2026-09-19T08:50:40.602915+00:00,ODbL 1.0; © OpenStreetMap contributors,Derived; formula/method in feature_dictionary.csv; source observations can be incomplete.
ghsl_178,hospital_density,Derived from osm + GHSL,https://overpass-api.de/api/interpreter,2026-09-19T08:50:40.602915+00:00,ODbL 1.0; © OpenStreetMap contributors,Derived; formula/method in feature_dictionary.csv; source observations can be incomplete.
ghsl_178,hospitals_per_100k,Derived from osm + GHSL,https://overpass-api.de/api/interpreter,2026-09-19T08:50:40.602915+00:00,ODbL 1.0; © OpenStreetMap contributors,Derived; formula/method in feature_dictionary.csv; source observations can be incomplete.
ghsl_178,clinic_count,Derived from osm,https://overpass-api.de/api/interpreter,2026-09-19T08:50:40.602915+00:00,ODbL 1.0; © OpenStreetMap contributors,Derived; formula/method in feature_dictionary.csv; source observations can be incomplete.
ghsl_178,clinic_density,Derived from osm + GHSL,https://overpass-api.de/api/interpreter,2026-09-19T08:50:40.602915+00:00,ODbL 1.0; © OpenStreetMap contributors,Derived; formula/method in feature_dictionary.csv; source observations can be incomplete.
ghsl_178,clinics_per_100k,Derived from osm + GHSL,https://overpass-api.de/api/interpreter,2026-09-19T08:50:40.602915+00:00,ODbL 1.0; © OpenStreetMap contributors,Derived; formula/method in feature_dictionary.csv; source observations can be incomplete.
ghsl_178,school_count,Derived from osm,https://overpass-api.de/api/interpreter,2026-09-19T08:50:40.602915+00:00,ODbL 1.0; © OpenStreetMap contributors,Derived; formula/method in feature_dictionary.csv; source observations can be incomplete.
ghsl_178,school_density,Derived from osm + GHSL,https://overpass-api.de/api/interpreter,2026-09-19T08:50:40.602915+00:00,ODbL 1.0; © OpenStreetMap contributors,Derived; formula/method in feature_dictionary.csv; source observations can be incomplete.
ghsl_178,schools_per_100k,Derived from osm + GHSL,https://overpass-api.de/api/interpreter,2026-09-19T08:50:40.602915+00:00,ODbL 1.0; © OpenStreetMap contributors,Derived; formula/method in feature_dictionary.csv; source observations can be incomplete.
ghsl_178,university_count,Derived from osm,https://overpass-api.de/api/interpreter,2026-09-19T08:50:40.602915+00:00,ODbL 1.0; © OpenStreetMap contributors,Derived; formula/method in feature_dictionary.csv; source observations can be incomplete.
ghsl_178,university_density,Derived from osm + GHSL,https://overpass-api.de/api/interpreter,2026-09-19T08:50:40.602915+00:00,ODbL 1.0; © OpenStreetMap contributors,Derived; formula/method in feature_dictionary.csv; source observations can be incomplete.
ghsl_178,universitys_per_100k,Derived from osm + GHSL,https://overpass-api.de/api/interpreter,2026-09-19T08:50:40.602915+00:00,ODbL 1.0; © OpenStreetMap contributors,Derived; formula/method in feature_dictionary.csv; source observations can be incomplete.
ghsl_178,park_count,Derived from osm,https://overpass-api.de/api/interpreter,2026-09-19T08:50:40.602915+00:00,ODbL 1.0; © OpenStreetMap contributors,Derived; formula/method in feature_dictionary.csv; source observations can be incomplete.
ghsl_178,park_density,Derived from osm + GHSL,https://overpass-api.de/api/interpreter,2026-09-19T08:50:40.602915+00:00,ODbL 1.0; © OpenStreetMap contributors,Derived; formula/method in feature_dictionary.csv; source observations can be incomplete.
ghsl_178,parks_per_100k,Derived from osm + GHSL,https://overpass-api.de/api/interpreter,2026-09-19T08:50:40.602915+00:00,ODbL 1.0; © OpenStreetMap contributors,Derived; formula/method in feature_dictionary.csv; source observations can be incomplete.
ghsl_178,supermarket_count,Derived from places,https://stac.overturemaps.org/2026-08-19.0/catalog.json,2026-09-19T08:44:16.960367+00:00,Theme-specific; see https://docs.overturemaps.org/attribution/ and retained feature sources,Derived; formula/method in feature_dictionary.csv; source observations can be incomplete.
ghsl_178,supermarket_density,Derived from places + GHSL,https://stac.overturemaps.org/2026-08-19.0/catalog.json,2026-09-19T08:44:16.960367+00:00,Theme-specific; see https://docs.overturemaps.org/attribution/ and retained feature sources,Derived; formula/method in feature_dictionary.csv; source observations can be incomplete.
ghsl_178,supermarkets_per_100k,Derived from places + GHSL,https://stac.overturemaps.org/2026-08-19.0/catalog.json,2026-09-19T08:44:16.960367+00:00,Theme-specific; see https://docs.overturemaps.org/attribution/ and retained feature sources,Derived; formula/method in feature_dictionary.csv; source observations can be incomplete.
ghsl_178,pharmacy_count,Derived from osm,https://overpass-api.de/api/interpreter,2026-09-19T08:50:40.602915+00:00,ODbL 1.0; © OpenStreetMap contributors,Derived; formula/method in feature_dictionary.csv; source observations can be incomplete.
ghsl_178,pharmacy_density,Derived from osm + GHSL,https://overpass-api.de/api/interpreter,2026-09-19T08:50:40.602915+00:00,ODbL 1.0; © OpenStreetMap contributors,Derived; formula/method in feature_dictionary.csv; source observations can be incomplete.
ghsl_178,pharmacys_per_100k,Derived from osm + GHSL,https://overpass-api.de/api/interpreter,2026-09-19T08:50:40.602915+00:00,ODbL 1.0; © OpenStreetMap contributors,Derived; formula/method in feature_dictionary.csv; source observations can be incomplete.
ghsl_178,police_count,Derived from osm,https://overpass-api.de/api/interpreter,2026-09-19T08:50:40.602915+00:00,ODbL 1.0; © OpenStreetMap contributors,Derived; formula/method in feature_dictionary.csv; source observations can be incomplete.
ghsl_178,police_density,Derived from osm + GHSL,https://overpass-api.de/api/interpreter,2026-09-19T08:50:40.602915+00:00,ODbL 1.0; © OpenStreetMap contributors,Derived; formula/method in feature_dictionary.csv; source observations can be incomplete.
ghsl_178,polices_per_100k,Derived from osm + GHSL,https://overpass-api.de/api/interpreter,2026-09-19T08:50:40.602915+00:00,ODbL 1.0; © OpenStreetMap contributors,Derived; formula/method in feature_dictionary.csv; source observations can be incomplete.
ghsl_178,fire_station_count,Derived from osm,https://overpass-api.de/api/interpreter,2026-09-19T08:50:40.602915+00:00,ODbL 1.0; © OpenStreetMap contributors,Derived; formula/method in feature_dictionary.csv; source observations can be incomplete.
ghsl_178,fire_station_density,Derived from osm + GHSL,https://overpass-api.de/api/interpreter,2026-09-19T08:50:40.602915+00:00,ODbL 1.0; © OpenStreetMap contributors,Derived; formula/method in feature_dictionary.csv; source observations can be incomplete.
ghsl_178,fire_stations_per_100k,Derived from osm + GHSL,https://overpass-api.de/api/interpreter,2026-09-19T08:50:40.602915+00:00,ODbL 1.0; © OpenStreetMap contributors,Derived; formula/method in feature_dictionary.csv; source observations can be incomplete.
ghsl_178,transit_station_count,Derived from osm,https://overpass-api.de/api/interpreter,2026-09-19T08:50:40.602915+00:00,ODbL 1.0; © OpenStreetMap contributors,Derived; formula/method in feature_dictionary.csv; source observations can be incomplete.
ghsl_178,transit_station_density,Derived from osm + GHSL,https://overpass-api.de/api/interpreter,2026-09-19T08:50:40.602915+00:00,ODbL 1.0; © OpenStreetMap contributors,Derived; formula/method in feature_dictionary.csv; source observations can be incomplete.
ghsl_178,transit_stations_per_100k,Derived from osm + GHSL,https://overpass-api.de/api/interpreter,2026-09-19T08:50:40.602915+00:00,ODbL 1.0; © OpenStreetMap contributors,Derived; formula/method in feature_dictionary.csv; source observations can be incomplete.
ghsl_178,bus_stop_count,Derived from osm,https://overpass-api.de/api/interpreter,2026-09-19T08:50:40.602915+00:00,ODbL 1.0; © OpenStreetMap contributors,Derived; formula/method in feature_dictionary.csv; source observations can be incomplete.
ghsl_178,bus_stop_density,Derived from osm + GHSL,https://overpass-api.de/api/interpreter,2026-09-19T08:50:40.602915+00:00,ODbL 1.0; © OpenStreetMap contributors,Derived; formula/method in feature_dictionary.csv; source observations can be incomplete.
ghsl_178,bus_stops_per_100k,Derived from osm + GHSL,https://overpass-api.de/api/interpreter,2026-09-19T08:50:40.602915+00:00,ODbL 1.0; © OpenStreetMap contributors,Derived; formula/method in feature_dictionary.csv; source observations can be incomplete.
ghsl_178,transit_stop_count,Derived from osm,https://overpass-api.de/api/interpreter,2026-09-19T08:50:40.602915+00:00,ODbL 1.0; © OpenStreetMap contributors,Derived; formula/method in feature_dictionary.csv; source observations can be incomplete.
ghsl_178,transit_stop_density,Derived from osm + GHSL,https://overpass-api.de/api/interpreter,2026-09-19T08:50:40.602915+00:00,ODbL 1.0; © OpenStreetMap contributors,Derived; formula/method in feature_dictionary.csv; source observations can be incomplete.
ghsl_178,transit_stops_per_100k,Derived from osm + GHSL,https://overpass-api.de/api/interpreter,2026-09-19T08:50:40.602915+00:00,ODbL 1.0; © OpenStreetMap contributors,Derived; formula/method in feature_dictionary.csv; source observations can be incomplete.
ghsl_178,restaurant_count,Derived from places,https://stac.overturemaps.org/2026-08-19.0/catalog.json,2026-09-19T08:44:16.960367+00:00,Theme-specific; see https://docs.overturemaps.org/attribution/ and retained feature sources,Derived; formula/method in feature_dictionary.csv; source observations can be incomplete.
ghsl_178,restaurant_density,Derived from places + GHSL,https://stac.overturemaps.org/2026-08-19.0/catalog.json,2026-09-19T08:44:16.960367+00:00,Theme-specific; see https://docs.overturemaps.org/attribution/ and retained feature sources,Derived; formula/method in feature_dictionary.csv; source observations can be incomplete.
ghsl_178,restaurants_per_100k,Derived from places + GHSL,https://stac.overturemaps.org/2026-08-19.0/catalog.json,2026-09-19T08:44:16.960367+00:00,Theme-specific; see https://docs.overturemaps.org/attribution/ and retained feature sources,Derived; formula/method in feature_dictionary.csv; source observations can be incomplete.
ghsl_178,cafe_count,Derived from places,https://stac.overturemaps.org/2026-08-19.0/catalog.json,2026-09-19T08:44:16.960367+00:00,Theme-specific; see https://docs.overturemaps.org/attribution/ and retained feature sources,Derived; formula/method in feature_dictionary.csv; source observations can be incomplete.
ghsl_178,cafe_density,Derived from places + GHSL,https://stac.overturemaps.org/2026-08-19.0/catalog.json,2026-09-19T08:44:16.960367+00:00,Theme-specific; see https://docs.overturemaps.org/attribution/ and retained feature sources,Derived; formula/method in feature_dictionary.csv; source observations can be incomplete.
ghsl_178,cafes_per_100k,Derived from places + GHSL,https://stac.overturemaps.org/2026-08-19.0/catalog.json,2026-09-19T08:44:16.960367+00:00,Theme-specific; see https://docs.overturemaps.org/attribution/ and retained feature sources,Derived; formula/method in feature_dictionary.csv; source observations can be incomplete.
ghsl_178,retail_count,Derived from places,https://stac.overturemaps.org/2026-08-19.0/catalog.json,2026-09-19T08:44:16.960367+00:00,Theme-specific; see https://docs.overturemaps.org/attribution/ and retained feature sources,Derived; formula/method in feature_dictionary.csv; source observations can be incomplete.
ghsl_178,retail_density,Derived from places + GHSL,https://stac.overturemaps.org/2026-08-19.0/catalog.json,2026-09-19T08:44:16.960367+00:00,Theme-specific; see https://docs.overturemaps.org/attribution/ and retained feature sources,Derived; formula/method in feature_dictionary.csv; source observations can be incomplete.
ghsl_178,retails_per_100k,Derived from places + GHSL,https://stac.overturemaps.org/2026-08-19.0/catalog.json,2026-09-19T08:44:16.960367+00:00,Theme-specific; see https://docs.overturemaps.org/attribution/ and retained feature sources,Derived; formula/method in feature_dictionary.csv; source observations can be incomplete.
ghsl_178,accommodation_count,Derived from places,https://stac.overturemaps.org/2026-08-19.0/catalog.json,2026-09-19T08:44:16.960367+00:00,Theme-specific; see https://docs.overturemaps.org/attribution/ and retained feature sources,Derived; formula/method in feature_dictionary.csv; source observations can be incomplete.
ghsl_178,accommodation_density,Derived from places + GHSL,https://stac.overturemaps.org/2026-08-19.0/catalog.json,2026-09-19T08:44:16.960367+00:00,Theme-specific; see https://docs.overturemaps.org/attribution/ and retained feature sources,Derived; formula/method in feature_dictionary.csv; source observations can be incomplete.
ghsl_178,accommodations_per_100k,Derived from places + GHSL,https://stac.overturemaps.org/2026-08-19.0/catalog.json,2026-09-19T08:44:16.960367+00:00,Theme-specific; see https://docs.overturemaps.org/attribution/ and retained feature sources,Derived; formula/method in feature_dictionary.csv; source observations can be incomplete.
ghsl_178,community_count,Derived from places,https://stac.overturemaps.org/2026-08-19.0/catalog.json,2026-09-19T08:44:16.960367+00:00,Theme-specific; see https://docs.overturemaps.org/attribution/ and retained feature sources,Derived; formula/method in feature_dictionary.csv; source observations can be incomplete.
ghsl_178,community_density,Derived from places + GHSL,https://stac.overturemaps.org/2026-08-19.0/catalog.json,2026-09-19T08:44:16.960367+00:00,Theme-specific; see https://docs.overturemaps.org/attribution/ and retained feature sources,Derived; formula/method in feature_dictionary.csv; source observations can be incomplete.
ghsl_178,communitys_per_100k,Derived from places + GHSL,https://stac.overturemaps.org/2026-08-19.0/catalog.json,2026-09-19T08:44:16.960367+00:00,Theme-specific; see https://docs.overturemaps.org/attribution/ and retained feature sources,Derived; formula/method in feature_dictionary.csv; source observations can be incomplete.
ghsl_178,other_count,Derived from places,https://stac.overturemaps.org/2026-08-19.0/catalog.json,2026-09-19T08:44:16.960367+00:00,Theme-specific; see https://docs.overturemaps.org/attribution/ and retained feature sources,Derived; formula/method in feature_dictionary.csv; source observations can be incomplete.
ghsl_178,other_density,Derived from places + GHSL,https://stac.overturemaps.org/2026-08-19.0/catalog.json,2026-09-19T08:44:16.960367+00:00,Theme-specific; see https://docs.overturemaps.org/attribution/ and retained feature sources,Derived; formula/method in feature_dictionary.csv; source observations can be incomplete.
ghsl_178,others_per_100k,Derived from places + GHSL,https://stac.overturemaps.org/2026-08-19.0/catalog.json,2026-09-19T08:44:16.960367+00:00,Theme-specific; see https://docs.overturemaps.org/attribution/ and retained feature sources,Derived; formula/method in feature_dictionary.csv; source observations can be incomplete.
ghsl_178,uncategorized_count,Derived from places,https://stac.overturemaps.org/2026-08-19.0/catalog.json,2026-09-19T08:44:16.960367+00:00,Theme-specific; see https://docs.overturemaps.org/attribution/ and retained feature sources,Derived; formula/method in feature_dictionary.csv; source observations can be incomplete.
ghsl_178,uncategorized_density,Derived from places + GHSL,https://stac.overturemaps.org/2026-08-19.0/catalog.json,2026-09-19T08:44:16.960367+00:00,Theme-specific; see https://docs.overturemaps.org/attribution/ and retained feature sources,Derived; formula/method in feature_dictionary.csv; source observations can be incomplete.
ghsl_178,uncategorizeds_per_100k,Derived from places + GHSL,https://stac.overturemaps.org/2026-08-19.0/catalog.json,2026-09-19T08:44:16.960367+00:00,Theme-specific; see https://docs.overturemaps.org/attribution/ and retained feature sources,Derived; formula/method in feature_dictionary.csv; source observations can be incomplete.
ghsl_178,transit_stops_per_km2,Derived from osm,https://overpass-api.de/api/interpreter,2026-09-19T08:50:40.602915+00:00,ODbL 1.0; © OpenStreetMap contributors,Derived; formula/method in feature_dictionary.csv; source observations can be incomplete.
ghsl_178,poi_count,"Derived from places, osm",https://stac.overturemaps.org/2026-08-19.0/catalog.json;https://overpass-api.de/api/interpreter,2026-09-19T08:44:16.960367+00:00;2026-09-19T08:50:40.602915+00:00,ODbL 1.0; © OpenStreetMap contributors;Theme-specific; see https://docs.overturemaps.org/attribution/ and retained feature sources,Derived; formula/method in feature_dictionary.csv; source observations can be incomplete.
ghsl_178,poi_diversity,"Derived from places, osm",https://stac.overturemaps.org/2026-08-19.0/catalog.json;https://overpass-api.de/api/interpreter,2026-09-19T08:44:16.960367+00:00;2026-09-19T08:50:40.602915+00:00,ODbL 1.0; © OpenStreetMap contributors;Theme-specific; see https://docs.overturemaps.org/attribution/ and retained feature sources,Derived; formula/method in feature_dictionary.csv; source observations can be incomplete.
ghsl_178,overture_hospital_count_observed_before_dedup,Derived from places,https://stac.overturemaps.org/2026-08-19.0/catalog.json,2026-09-19T08:44:16.960367+00:00,Theme-specific; see https://docs.overturemaps.org/attribution/ and retained feature sources,Derived; formula/method in feature_dictionary.csv; source observations can be incomplete.
ghsl_178,overture_school_count_observed_before_dedup,Derived from places,https://stac.overturemaps.org/2026-08-19.0/catalog.json,2026-09-19T08:44:16.960367+00:00,Theme-specific; see https://docs.overturemaps.org/attribution/ and retained feature sources,Derived; formula/method in feature_dictionary.csv; source observations can be incomplete.
ghsl_178,overture_clinic_count_observed_before_dedup,Derived from places,https://stac.overturemaps.org/2026-08-19.0/catalog.json,2026-09-19T08:44:16.960367+00:00,Theme-specific; see https://docs.overturemaps.org/attribution/ and retained feature sources,Derived; formula/method in feature_dictionary.csv; source observations can be incomplete.
ghsl_178,overture_park_count_observed_before_dedup,Derived from places,https://stac.overturemaps.org/2026-08-19.0/catalog.json,2026-09-19T08:44:16.960367+00:00,Theme-specific; see https://docs.overturemaps.org/attribution/ and retained feature sources,Derived; formula/method in feature_dictionary.csv; source observations can be incomplete.
ghsl_178,overture_transit_station_count_observed_before_dedup,Derived from places,https://stac.overturemaps.org/2026-08-19.0/catalog.json,2026-09-19T08:44:16.960367+00:00,Theme-specific; see https://docs.overturemaps.org/attribution/ and retained feature sources,Derived; formula/method in feature_dictionary.csv; source observations can be incomplete.
ghsl_178,osm_hospital_count_observed_before_dedup,Derived from places,https://stac.overturemaps.org/2026-08-19.0/catalog.json,2026-09-19T08:44:16.960367+00:00,Theme-specific; see https://docs.overturemaps.org/attribution/ and retained feature sources,Derived; formula/method in feature_dictionary.csv; source observations can be incomplete.
ghsl_178,osm_school_count_observed_before_dedup,Derived from places,https://stac.overturemaps.org/2026-08-19.0/catalog.json,2026-09-19T08:44:16.960367+00:00,Theme-specific; see https://docs.overturemaps.org/attribution/ and retained feature sources,Derived; formula/method in feature_dictionary.csv; source observations can be incomplete.
ghsl_178,osm_clinic_count_observed_before_dedup,Derived from places,https://stac.overturemaps.org/2026-08-19.0/catalog.json,2026-09-19T08:44:16.960367+00:00,Theme-specific; see https://docs.overturemaps.org/attribution/ and retained feature sources,Derived; formula/method in feature_dictionary.csv; source observations can be incomplete.
ghsl_178,osm_park_count_observed_before_dedup,Derived from places,https://stac.overturemaps.org/2026-08-19.0/catalog.json,2026-09-19T08:44:16.960367+00:00,Theme-specific; see https://docs.overturemaps.org/attribution/ and retained feature sources,Derived; formula/method in feature_dictionary.csv; source observations can be incomplete.
ghsl_178,osm_transit_station_count_observed_before_dedup,Derived from places,https://stac.overturemaps.org/2026-08-19.0/catalog.json,2026-09-19T08:44:16.960367+00:00,Theme-specific; see https://docs.overturemaps.org/attribution/ and retained feature sources,Derived; formula/method in feature_dictionary.csv; source observations can be incomplete.
ghsl_178,road_length_km,Derived from roads,https://stac.overturemaps.org/2026-08-19.0/catalog.json,2026-09-19T08:49:52.429620+00:00,Theme-specific; see https://docs.overturemaps.org/attribution/ and retained feature sources,Derived; formula/method in feature_dictionary.csv; source observations can be incomplete.
ghsl_178,road_density,Derived from roads + GHSL,https://stac.overturemaps.org/2026-08-19.0/catalog.json,2026-09-19T08:49:52.429620+00:00,Theme-specific; see https://docs.overturemaps.org/attribution/ and retained feature sources,Derived; formula/method in feature_dictionary.csv; source observations can be incomplete.
ghsl_178,intersection_count_approx,Derived from roads,https://stac.overturemaps.org/2026-08-19.0/catalog.json,2026-09-19T08:49:52.429620+00:00,Theme-specific; see https://docs.overturemaps.org/attribution/ and retained feature sources,Derived; formula/method in feature_dictionary.csv; source observations can be incomplete.
ghsl_178,intersection_density,Derived from roads + GHSL,https://stac.overturemaps.org/2026-08-19.0/catalog.json,2026-09-19T08:49:52.429620+00:00,Theme-specific; see https://docs.overturemaps.org/attribution/ and retained feature sources,Derived; formula/method in feature_dictionary.csv; source observations can be incomplete.
ghsl_178,road_network_mean_degree_approx,Derived from roads,https://stac.overturemaps.org/2026-08-19.0/catalog.json,2026-09-19T08:49:52.429620+00:00,Theme-specific; see https://docs.overturemaps.org/attribution/ and retained feature sources,Derived; formula/method in feature_dictionary.csv; source observations can be incomplete.
ghsl_178,road_network_edge_node_ratio_approx,Derived from roads,https://stac.overturemaps.org/2026-08-19.0/catalog.json,2026-09-19T08:49:52.429620+00:00,Theme-specific; see https://docs.overturemaps.org/attribution/ and retained feature sources,Derived; formula/method in feature_dictionary.csv; source observations can be incomplete.
ghsl_178,building_count,Derived from buildings,https://stac.overturemaps.org/2026-08-19.0/catalog.json,2026-09-19T08:50:15.458273+00:00,Theme-specific; see https://docs.overturemaps.org/attribution/ and retained feature sources,Derived; formula/method in feature_dictionary.csv; source observations can be incomplete.
ghsl_178,building_density,Derived from buildings + GHSL,https://stac.overturemaps.org/2026-08-19.0/catalog.json,2026-09-19T08:50:15.458273+00:00,Theme-specific; see https://docs.overturemaps.org/attribution/ and retained feature sources,Derived; formula/method in feature_dictionary.csv; source observations can be incomplete.
ghsl_178,building_footprint_area_km2,Derived from buildings,https://stac.overturemaps.org/2026-08-19.0/catalog.json,2026-09-19T08:50:15.458273+00:00,Theme-specific; see https://docs.overturemaps.org/attribution/ and retained feature sources,Derived; formula/method in feature_dictionary.csv; source observations can be incomplete.
ghsl_178,building_footprint_union_area_km2,Derived from buildings,https://stac.overturemaps.org/2026-08-19.0/catalog.json,2026-09-19T08:50:15.458273+00:00,Theme-specific; see https://docs.overturemaps.org/attribution/ and retained feature sources,Derived; formula/method in feature_dictionary.csv; source observations can be incomplete.
ghsl_178,built_area_pct,Derived from buildings,https://stac.overturemaps.org/2026-08-19.0/catalog.json,2026-09-19T08:50:15.458273+00:00,Theme-specific; see https://docs.overturemaps.org/attribution/ and retained feature sources,Derived; formula/method in feature_dictionary.csv; source observations can be incomplete.
ghsl_178,building_footprint_sum_pct,Derived from buildings,https://stac.overturemaps.org/2026-08-19.0/catalog.json,2026-09-19T08:50:15.458273+00:00,Theme-specific; see https://docs.overturemaps.org/attribution/ and retained feature sources,Derived; formula/method in feature_dictionary.csv; source observations can be incomplete.
ghsl_178,building_union_status,Derived from buildings,https://stac.overturemaps.org/2026-08-19.0/catalog.json,2026-09-19T08:50:15.458273+00:00,Theme-specific; see https://docs.overturemaps.org/attribution/ and retained feature sources,Derived; formula/method in feature_dictionary.csv; source observations can be incomplete.
ghsl_178,park_area_km2,Derived from osm,https://overpass-api.de/api/interpreter,2026-09-19T08:50:40.602915+00:00,ODbL 1.0; © OpenStreetMap contributors,Derived; formula/method in feature_dictionary.csv; source observations can be incomplete.
ghsl_178,mapped_park_area_pct,Derived from osm,https://overpass-api.de/api/interpreter,2026-09-19T08:50:40.602915+00:00,ODbL 1.0; © OpenStreetMap contributors,Derived; formula/method in feature_dictionary.csv; source observations can be incomplete.
ghsl_178,park_area_source,Derived from osm,https://overpass-api.de/api/interpreter,2026-09-19T08:50:40.602915+00:00,ODbL 1.0; © OpenStreetMap contributors,Derived; formula/method in feature_dictionary.csv; source observations can be incomplete.
ghsl_178,accessibility_weighting,Derived from places,https://stac.overturemaps.org/2026-08-19.0/catalog.json;https://jeodpp.jrc.ec.europa.eu/ftp/jrc-opendata/GHSL/GHS_POP_GLOBE_R2023A/GHS_POP_E2025_GLOBE_R2023A_54009_1000/V1-0/GHS_POP_E2025_GLOBE_R2023A_54009_1000_V1_0.zip,2026-09-19T08:44:16.960367+00:00,Theme-specific; see https://docs.overturemaps.org/attribution/ and retained feature sources,Derived; formula/method in feature_dictionary.csv; source observations can be incomplete.
ghsl_178,accessibility_sample_count,Derived from places,https://stac.overturemaps.org/2026-08-19.0/catalog.json;https://jeodpp.jrc.ec.europa.eu/ftp/jrc-opendata/GHSL/GHS_POP_GLOBE_R2023A/GHS_POP_E2025_GLOBE_R2023A_54009_1000/V1-0/GHS_POP_E2025_GLOBE_R2023A_54009_1000_V1_0.zip,2026-09-19T08:44:16.960367+00:00,Theme-specific; see https://docs.overturemaps.org/attribution/ and retained feature sources,Derived; formula/method in feature_dictionary.csv; source observations can be incomplete.
ghsl_178,population_grid_sum,Derived from places,https://stac.overturemaps.org/2026-08-19.0/catalog.json;https://jeodpp.jrc.ec.europa.eu/ftp/jrc-opendata/GHSL/GHS_POP_GLOBE_R2023A/GHS_POP_E2025_GLOBE_R2023A_54009_1000/V1-0/GHS_POP_E2025_GLOBE_R2023A_54009_1000_V1_0.zip,2026-09-19T08:44:16.960367+00:00,Theme-specific; see https://docs.overturemaps.org/attribution/ and retained feature sources,Derived; formula/method in feature_dictionary.csv; source observations can be incomplete.
ghsl_178,population_grid_to_ucdb_ratio,Derived from places,https://stac.overturemaps.org/2026-08-19.0/catalog.json;https://jeodpp.jrc.ec.europa.eu/ftp/jrc-opendata/GHSL/GHS_POP_GLOBE_R2023A/GHS_POP_E2025_GLOBE_R2023A_54009_1000/V1-0/GHS_POP_E2025_GLOBE_R2023A_54009_1000_V1_0.zip,2026-09-19T08:44:16.960367+00:00,Theme-specific; see https://docs.overturemaps.org/attribution/ and retained feature sources,Derived; formula/method in feature_dictionary.csv; source observations can be incomplete.
ghsl_178,hospital_nearest_mean_km,Derived from osm + GHSL,https://overpass-api.de/api/interpreter;https://jeodpp.jrc.ec.europa.eu/ftp/jrc-opendata/GHSL/GHS_POP_GLOBE_R2023A/GHS_POP_E2025_GLOBE_R2023A_54009_1000/V1-0/GHS_POP_E2025_GLOBE_R2023A_54009_1000_V1_0.zip,2026-09-19T08:50:40.602915+00:00,ODbL 1.0; © OpenStreetMap contributors,Derived; formula/method in feature_dictionary.csv; source observations can be incomplete.
ghsl_178,hospital_nearest_median_km,Derived from osm + GHSL,https://overpass-api.de/api/interpreter;https://jeodpp.jrc.ec.europa.eu/ftp/jrc-opendata/GHSL/GHS_POP_GLOBE_R2023A/GHS_POP_E2025_GLOBE_R2023A_54009_1000/V1-0/GHS_POP_E2025_GLOBE_R2023A_54009_1000_V1_0.zip,2026-09-19T08:50:40.602915+00:00,ODbL 1.0; © OpenStreetMap contributors,Derived; formula/method in feature_dictionary.csv; source observations can be incomplete.
ghsl_178,population_within_1km_hospital_pct,Derived from osm + GHSL,https://overpass-api.de/api/interpreter;https://jeodpp.jrc.ec.europa.eu/ftp/jrc-opendata/GHSL/GHS_POP_GLOBE_R2023A/GHS_POP_E2025_GLOBE_R2023A_54009_1000/V1-0/GHS_POP_E2025_GLOBE_R2023A_54009_1000_V1_0.zip,2026-09-19T08:50:40.602915+00:00,ODbL 1.0; © OpenStreetMap contributors,Derived; formula/method in feature_dictionary.csv; source observations can be incomplete.
ghsl_178,population_within_3km_hospital_pct,Derived from osm + GHSL,https://overpass-api.de/api/interpreter;https://jeodpp.jrc.ec.europa.eu/ftp/jrc-opendata/GHSL/GHS_POP_GLOBE_R2023A/GHS_POP_E2025_GLOBE_R2023A_54009_1000/V1-0/GHS_POP_E2025_GLOBE_R2023A_54009_1000_V1_0.zip,2026-09-19T08:50:40.602915+00:00,ODbL 1.0; © OpenStreetMap contributors,Derived; formula/method in feature_dictionary.csv; source observations can be incomplete.
ghsl_178,population_within_5km_hospital_pct,Derived from osm + GHSL,https://overpass-api.de/api/interpreter;https://jeodpp.jrc.ec.europa.eu/ftp/jrc-opendata/GHSL/GHS_POP_GLOBE_R2023A/GHS_POP_E2025_GLOBE_R2023A_54009_1000/V1-0/GHS_POP_E2025_GLOBE_R2023A_54009_1000_V1_0.zip,2026-09-19T08:50:40.602915+00:00,ODbL 1.0; © OpenStreetMap contributors,Derived; formula/method in feature_dictionary.csv; source observations can be incomplete.
ghsl_178,school_nearest_mean_km,Derived from osm + GHSL,https://overpass-api.de/api/interpreter;https://jeodpp.jrc.ec.europa.eu/ftp/jrc-opendata/GHSL/GHS_POP_GLOBE_R2023A/GHS_POP_E2025_GLOBE_R2023A_54009_1000/V1-0/GHS_POP_E2025_GLOBE_R2023A_54009_1000_V1_0.zip,2026-09-19T08:50:40.602915+00:00,ODbL 1.0; © OpenStreetMap contributors,Derived; formula/method in feature_dictionary.csv; source observations can be incomplete.
ghsl_178,school_nearest_median_km,Derived from osm + GHSL,https://overpass-api.de/api/interpreter;https://jeodpp.jrc.ec.europa.eu/ftp/jrc-opendata/GHSL/GHS_POP_GLOBE_R2023A/GHS_POP_E2025_GLOBE_R2023A_54009_1000/V1-0/GHS_POP_E2025_GLOBE_R2023A_54009_1000_V1_0.zip,2026-09-19T08:50:40.602915+00:00,ODbL 1.0; © OpenStreetMap contributors,Derived; formula/method in feature_dictionary.csv; source observations can be incomplete.
ghsl_178,population_within_1km_school_pct,Derived from osm + GHSL,https://overpass-api.de/api/interpreter;https://jeodpp.jrc.ec.europa.eu/ftp/jrc-opendata/GHSL/GHS_POP_GLOBE_R2023A/GHS_POP_E2025_GLOBE_R2023A_54009_1000/V1-0/GHS_POP_E2025_GLOBE_R2023A_54009_1000_V1_0.zip,2026-09-19T08:50:40.602915+00:00,ODbL 1.0; © OpenStreetMap contributors,Derived; formula/method in feature_dictionary.csv; source observations can be incomplete.
ghsl_178,population_within_3km_school_pct,Derived from osm + GHSL,https://overpass-api.de/api/interpreter;https://jeodpp.jrc.ec.europa.eu/ftp/jrc-opendata/GHSL/GHS_POP_GLOBE_R2023A/GHS_POP_E2025_GLOBE_R2023A_54009_1000/V1-0/GHS_POP_E2025_GLOBE_R2023A_54009_1000_V1_0.zip,2026-09-19T08:50:40.602915+00:00,ODbL 1.0; © OpenStreetMap contributors,Derived; formula/method in feature_dictionary.csv; source observations can be incomplete.
ghsl_178,population_within_5km_school_pct,Derived from osm + GHSL,https://overpass-api.de/api/interpreter;https://jeodpp.jrc.ec.europa.eu/ftp/jrc-opendata/GHSL/GHS_POP_GLOBE_R2023A/GHS_POP_E2025_GLOBE_R2023A_54009_1000/V1-0/GHS_POP_E2025_GLOBE_R2023A_54009_1000_V1_0.zip,2026-09-19T08:50:40.602915+00:00,ODbL 1.0; © OpenStreetMap contributors,Derived; formula/method in feature_dictionary.csv; source observations can be incomplete.
ghsl_178,park_nearest_mean_km,Derived from osm + GHSL,https://overpass-api.de/api/interpreter;https://jeodpp.jrc.ec.europa.eu/ftp/jrc-opendata/GHSL/GHS_POP_GLOBE_R2023A/GHS_POP_E2025_GLOBE_R2023A_54009_1000/V1-0/GHS_POP_E2025_GLOBE_R2023A_54009_1000_V1_0.zip,2026-09-19T08:50:40.602915+00:00,ODbL 1.0; © OpenStreetMap contributors,Derived; formula/method in feature_dictionary.csv; source observations can be incomplete.
ghsl_178,park_nearest_median_km,Derived from osm + GHSL,https://overpass-api.de/api/interpreter;https://jeodpp.jrc.ec.europa.eu/ftp/jrc-opendata/GHSL/GHS_POP_GLOBE_R2023A/GHS_POP_E2025_GLOBE_R2023A_54009_1000/V1-0/GHS_POP_E2025_GLOBE_R2023A_54009_1000_V1_0.zip,2026-09-19T08:50:40.602915+00:00,ODbL 1.0; © OpenStreetMap contributors,Derived; formula/method in feature_dictionary.csv; source observations can be incomplete.
ghsl_178,population_within_1km_park_pct,Derived from osm + GHSL,https://overpass-api.de/api/interpreter;https://jeodpp.jrc.ec.europa.eu/ftp/jrc-opendata/GHSL/GHS_POP_GLOBE_R2023A/GHS_POP_E2025_GLOBE_R2023A_54009_1000/V1-0/GHS_POP_E2025_GLOBE_R2023A_54009_1000_V1_0.zip,2026-09-19T08:50:40.602915+00:00,ODbL 1.0; © OpenStreetMap contributors,Derived; formula/method in feature_dictionary.csv; source observations can be incomplete.
ghsl_178,population_within_3km_park_pct,Derived from osm + GHSL,https://overpass-api.de/api/interpreter;https://jeodpp.jrc.ec.europa.eu/ftp/jrc-opendata/GHSL/GHS_POP_GLOBE_R2023A/GHS_POP_E2025_GLOBE_R2023A_54009_1000/V1-0/GHS_POP_E2025_GLOBE_R2023A_54009_1000_V1_0.zip,2026-09-19T08:50:40.602915+00:00,ODbL 1.0; © OpenStreetMap contributors,Derived; formula/method in feature_dictionary.csv; source observations can be incomplete.
ghsl_178,population_within_5km_park_pct,Derived from osm + GHSL,https://overpass-api.de/api/interpreter;https://jeodpp.jrc.ec.europa.eu/ftp/jrc-opendata/GHSL/GHS_POP_GLOBE_R2023A/GHS_POP_E2025_GLOBE_R2023A_54009_1000/V1-0/GHS_POP_E2025_GLOBE_R2023A_54009_1000_V1_0.zip,2026-09-19T08:50:40.602915+00:00,ODbL 1.0; © OpenStreetMap contributors,Derived; formula/method in feature_dictionary.csv; source observations can be incomplete.
ghsl_178,transit_station_nearest_mean_km,Derived from osm + GHSL,https://overpass-api.de/api/interpreter;https://jeodpp.jrc.ec.europa.eu/ftp/jrc-opendata/GHSL/GHS_POP_GLOBE_R2023A/GHS_POP_E2025_GLOBE_R2023A_54009_1000/V1-0/GHS_POP_E2025_GLOBE_R2023A_54009_1000_V1_0.zip,2026-09-19T08:50:40.602915+00:00,ODbL 1.0; © OpenStreetMap contributors,Derived; formula/method in feature_dictionary.csv; source observations can be incomplete.
ghsl_178,transit_station_nearest_median_km,Derived from osm + GHSL,https://overpass-api.de/api/interpreter;https://jeodpp.jrc.ec.europa.eu/ftp/jrc-opendata/GHSL/GHS_POP_GLOBE_R2023A/GHS_POP_E2025_GLOBE_R2023A_54009_1000/V1-0/GHS_POP_E2025_GLOBE_R2023A_54009_1000_V1_0.zip,2026-09-19T08:50:40.602915+00:00,ODbL 1.0; © OpenStreetMap contributors,Derived; formula/method in feature_dictionary.csv; source observations can be incomplete.
ghsl_178,population_within_1km_transit_station_pct,Derived from osm + GHSL,https://overpass-api.de/api/interpreter;https://jeodpp.jrc.ec.europa.eu/ftp/jrc-opendata/GHSL/GHS_POP_GLOBE_R2023A/GHS_POP_E2025_GLOBE_R2023A_54009_1000/V1-0/GHS_POP_E2025_GLOBE_R2023A_54009_1000_V1_0.zip,2026-09-19T08:50:40.602915+00:00,ODbL 1.0; © OpenStreetMap contributors,Derived; formula/method in feature_dictionary.csv; source observations can be incomplete.
ghsl_178,population_within_3km_transit_station_pct,Derived from osm + GHSL,https://overpass-api.de/api/interpreter;https://jeodpp.jrc.ec.europa.eu/ftp/jrc-opendata/GHSL/GHS_POP_GLOBE_R2023A/GHS_POP_E2025_GLOBE_R2023A_54009_1000/V1-0/GHS_POP_E2025_GLOBE_R2023A_54009_1000_V1_0.zip,2026-09-19T08:50:40.602915+00:00,ODbL 1.0; © OpenStreetMap contributors,Derived; formula/method in feature_dictionary.csv; source observations can be incomplete.
ghsl_178,population_within_5km_transit_station_pct,Derived from osm + GHSL,https://overpass-api.de/api/interpreter;https://jeodpp.jrc.ec.europa.eu/ftp/jrc-opendata/GHSL/GHS_POP_GLOBE_R2023A/GHS_POP_E2025_GLOBE_R2023A_54009_1000/V1-0/GHS_POP_E2025_GLOBE_R2023A_54009_1000_V1_0.zip,2026-09-19T08:50:40.602915+00:00,ODbL 1.0; © OpenStreetMap contributors,Derived; formula/method in feature_dictionary.csv; source observations can be incomplete.
ghsl_5929,city_id,GHSL UCDB / documented selection,https://jeodpp.jrc.ec.europa.eu/ftp/jrc-opendata/GHSL/GHS_UCDB_GLOBE_R2024A/GHS_UCDB_GLOBE_R2024A/V1-2/GHS_UCDB_GLOBE_R2024A_V1_2.zip,2026-09-19T08:41:50.435893+00:00,European Commission reuse notice: reuse authorised with source acknowledgement,Boundary metadata or documented city selection; see README.
ghsl_5929,city_name,GHSL UCDB / documented selection,https://jeodpp.jrc.ec.europa.eu/ftp/jrc-opendata/GHSL/GHS_UCDB_GLOBE_R2024A/GHS_UCDB_GLOBE_R2024A/V1-2/GHS_UCDB_GLOBE_R2024A_V1_2.zip,2026-09-19T08:41:50.435893+00:00,European Commission reuse notice: reuse authorised with source acknowledgement,user requested label or exact GHSL name
ghsl_5929,ghsl_city_name,GHSL UCDB / documented selection,https://jeodpp.jrc.ec.europa.eu/ftp/jrc-opendata/GHSL/GHS_UCDB_GLOBE_R2024A/GHS_UCDB_GLOBE_R2024A/V1-2/GHS_UCDB_GLOBE_R2024A_V1_2.zip,2026-09-19T08:41:50.435893+00:00,European Commission reuse notice: reuse authorised with source acknowledgement,Boundary metadata or documented city selection; see README.
ghsl_5929,country,GHSL UCDB / documented selection,https://jeodpp.jrc.ec.europa.eu/ftp/jrc-opendata/GHSL/GHS_UCDB_GLOBE_R2024A/GHS_UCDB_GLOBE_R2024A/V1-2/GHS_UCDB_GLOBE_R2024A_V1_2.zip,2026-09-19T08:41:50.435893+00:00,European Commission reuse notice: reuse authorised with source acknowledgement,Boundary metadata or documented city selection; see README.
ghsl_5929,region,GHSL UCDB / documented selection,https://jeodpp.jrc.ec.europa.eu/ftp/jrc-opendata/GHSL/GHS_UCDB_GLOBE_R2024A/GHS_UCDB_GLOBE_R2024A/V1-2/GHS_UCDB_GLOBE_R2024A_V1_2.zip,2026-09-19T08:41:50.435893+00:00,European Commission reuse notice: reuse authorised with source acknowledgement,Boundary metadata or documented city selection; see README.
ghsl_5929,income_group,GHSL UCDB / documented selection,https://jeodpp.jrc.ec.europa.eu/ftp/jrc-opendata/GHSL/GHS_UCDB_GLOBE_R2024A/GHS_UCDB_GLOBE_R2024A/V1-2/GHS_UCDB_GLOBE_R2024A_V1_2.zip,2026-09-19T08:41:50.435893+00:00,European Commission reuse notice: reuse authorised with source acknowledgement,Boundary metadata or documented city selection; see README.
ghsl_5929,boundary_source,GHSL UCDB / documented selection,https://jeodpp.jrc.ec.europa.eu/ftp/jrc-opendata/GHSL/GHS_UCDB_GLOBE_R2024A/GHS_UCDB_GLOBE_R2024A/V1-2/GHS_UCDB_GLOBE_R2024A_V1_2.zip,2026-09-19T08:41:50.435893+00:00,European Commission reuse notice: reuse authorised with source acknowledgement,Boundary metadata or documented city selection; see README.
ghsl_5929,boundary_identifier,GHSL UCDB / documented selection,https://jeodpp.jrc.ec.europa.eu/ftp/jrc-opendata/GHSL/GHS_UCDB_GLOBE_R2024A/GHS_UCDB_GLOBE_R2024A/V1-2/GHS_UCDB_GLOBE_R2024A_V1_2.zip,2026-09-19T08:41:50.435893+00:00,European Commission reuse notice: reuse authorised with source acknowledgement,Boundary metadata or documented city selection; see README.
ghsl_5929,boundary_year,GHSL UCDB / documented selection,https://jeodpp.jrc.ec.europa.eu/ftp/jrc-opendata/GHSL/GHS_UCDB_GLOBE_R2024A/GHS_UCDB_GLOBE_R2024A/V1-2/GHS_UCDB_GLOBE_R2024A_V1_2.zip,2026-09-19T08:41:50.435893+00:00,European Commission reuse notice: reuse authorised with source acknowledgement,Boundary metadata or documented city selection; see README.
ghsl_5929,area_km2,GHSL UCDB / documented selection,https://jeodpp.jrc.ec.europa.eu/ftp/jrc-opendata/GHSL/GHS_UCDB_GLOBE_R2024A/GHS_UCDB_GLOBE_R2024A/V1-2/GHS_UCDB_GLOBE_R2024A_V1_2.zip,2026-09-19T08:41:50.435893+00:00,European Commission reuse notice: reuse authorised with source acknowledgement,area of original Mollweide polygon / 1e6
ghsl_5929,population,GHSL UCDB / documented selection,https://jeodpp.jrc.ec.europa.eu/ftp/jrc-opendata/GHSL/GHS_UCDB_GLOBE_R2024A/GHS_UCDB_GLOBE_R2024A/V1-2/GHS_UCDB_GLOBE_R2024A_V1_2.zip,2026-09-19T08:41:50.435893+00:00,European Commission reuse notice: reuse authorised with source acknowledgement,GC_POP_TOT_2025
ghsl_5929,population_year,GHSL UCDB / documented selection,https://jeodpp.jrc.ec.europa.eu/ftp/jrc-opendata/GHSL/GHS_UCDB_GLOBE_R2024A/GHS_UCDB_GLOBE_R2024A/V1-2/GHS_UCDB_GLOBE_R2024A_V1_2.zip,2026-09-19T08:41:50.435893+00:00,European Commission reuse notice: reuse authorised with source acknowledgement,Boundary metadata or documented city selection; see README.
ghsl_5929,latitude,GHSL UCDB / documented selection,https://jeodpp.jrc.ec.europa.eu/ftp/jrc-opendata/GHSL/GHS_UCDB_GLOBE_R2024A/GHS_UCDB_GLOBE_R2024A/V1-2/GHS_UCDB_GLOBE_R2024A_V1_2.zip,2026-09-19T08:41:50.435893+00:00,European Commission reuse notice: reuse authorised with source acknowledgement,"centroid of Mollweide boundary, transformed to WGS84"
ghsl_5929,longitude,GHSL UCDB / documented selection,https://jeodpp.jrc.ec.europa.eu/ftp/jrc-opendata/GHSL/GHS_UCDB_GLOBE_R2024A/GHS_UCDB_GLOBE_R2024A/V1-2/GHS_UCDB_GLOBE_R2024A_V1_2.zip,2026-09-19T08:41:50.435893+00:00,European Commission reuse notice: reuse authorised with source acknowledgement,"centroid of Mollweide boundary, transformed to WGS84"
ghsl_5929,built_up_area_km2,GHSL UCDB / documented selection,https://jeodpp.jrc.ec.europa.eu/ftp/jrc-opendata/GHSL/GHS_UCDB_GLOBE_R2024A/GHS_UCDB_GLOBE_R2024A/V1-2/GHS_UCDB_GLOBE_R2024A_V1_2.zip,2026-09-19T08:41:50.435893+00:00,European Commission reuse notice: reuse authorised with source acknowledgement,GH_BUS_TOT_2025 / 1e6
ghsl_5929,selection_reason,GHSL UCDB / documented selection,https://jeodpp.jrc.ec.europa.eu/ftp/jrc-opendata/GHSL/GHS_UCDB_GLOBE_R2024A/GHS_UCDB_GLOBE_R2024A/V1-2/GHS_UCDB_GLOBE_R2024A_V1_2.zip,2026-09-19T08:41:50.435893+00:00,European Commission reuse notice: reuse authorised with source acknowledgement,Boundary metadata or documented city selection; see README.
ghsl_5929,selection_coverage,GHSL UCDB / documented selection,https://jeodpp.jrc.ec.europa.eu/ftp/jrc-opendata/GHSL/GHS_UCDB_GLOBE_R2024A/GHS_UCDB_GLOBE_R2024A/V1-2/GHS_UCDB_GLOBE_R2024A_V1_2.zip,2026-09-19T08:41:50.435893+00:00,European Commission reuse notice: reuse authorised with source acknowledgement,Boundary metadata or documented city selection; see README.
ghsl_5929,ghsl_GC_UCN_MAI_2025,GHSL UCDB R2024A V1.2,https://jeodpp.jrc.ec.europa.eu/ftp/jrc-opendata/GHSL/GHS_UCDB_GLOBE_R2024A/GHS_UCDB_GLOBE_R2024A/V1-2/GHS_UCDB_GLOBE_R2024A_V1_2.zip,2026-09-19T08:41:50.435893+00:00,European Commission reuse notice: reuse authorised with source acknowledgement,Direct field GC_UCN_MAI_2025; layer GHSL_UCDB_THEME_CLIMATE_GLOBE_R2024A; exact definition and upstream source in ghsl_indicator_dictionary.csv and official PDF.
ghsl_5929,ghsl_GC_CNT_GAD_2025,GHSL UCDB R2024A V1.2,https://jeodpp.jrc.ec.europa.eu/ftp/jrc-opendata/GHSL/GHS_UCDB_GLOBE_R2024A/GHS_UCDB_GLOBE_R2024A/V1-2/GHS_UCDB_GLOBE_R2024A_V1_2.zip,2026-09-19T08:41:50.435893+00:00,European Commission reuse notice: reuse authorised with source acknowledgement,Direct field GC_CNT_GAD_2025; layer GHSL_UCDB_THEME_CLIMATE_GLOBE_R2024A; exact definition and upstream source in ghsl_indicator_dictionary.csv and official PDF.
ghsl_5929,ghsl_GC_UCA_KM2_2025,GHSL UCDB R2024A V1.2,https://jeodpp.jrc.ec.europa.eu/ftp/jrc-opendata/GHSL/GHS_UCDB_GLOBE_R2024A/GHS_UCDB_GLOBE_R2024A/V1-2/GHS_UCDB_GLOBE_R2024A_V1_2.zip,2026-09-19T08:41:50.435893+00:00,European Commission reuse notice: reuse authorised with source acknowledgement,Direct field GC_UCA_KM2_2025; layer GHSL_UCDB_THEME_CLIMATE_GLOBE_R2024A; exact definition and upstream source in ghsl_indicator_dictionary.csv and official PDF.
ghsl_5929,ghsl_GC_POP_TOT_2025,GHSL UCDB R2024A V1.2,https://jeodpp.jrc.ec.europa.eu/ftp/jrc-opendata/GHSL/GHS_UCDB_GLOBE_R2024A/GHS_UCDB_GLOBE_R2024A/V1-2/GHS_UCDB_GLOBE_R2024A_V1_2.zip,2026-09-19T08:41:50.435893+00:00,European Commission reuse notice: reuse authorised with source acknowledgement,Direct field GC_POP_TOT_2025; layer GHSL_UCDB_THEME_CLIMATE_GLOBE_R2024A; exact definition and upstream source in ghsl_indicator_dictionary.csv and official PDF.
ghsl_5929,ghsl_GC_DEV_WIG_2025,GHSL UCDB R2024A V1.2,https://jeodpp.jrc.ec.europa.eu/ftp/jrc-opendata/GHSL/GHS_UCDB_GLOBE_R2024A/GHS_UCDB_GLOBE_R2024A/V1-2/GHS_UCDB_GLOBE_R2024A_V1_2.zip,2026-09-19T08:41:50.435893+00:00,European Commission reuse notice: reuse authorised with source acknowledgement,Direct field GC_DEV_WIG_2025; layer GHSL_UCDB_THEME_CLIMATE_GLOBE_R2024A; exact definition and upstream source in ghsl_indicator_dictionary.csv and official PDF.
ghsl_5929,ghsl_GC_DEV_USR_2025,GHSL UCDB R2024A V1.2,https://jeodpp.jrc.ec.europa.eu/ftp/jrc-opendata/GHSL/GHS_UCDB_GLOBE_R2024A/GHS_UCDB_GLOBE_R2024A/V1-2/GHS_UCDB_GLOBE_R2024A_V1_2.zip,2026-09-19T08:41:50.435893+00:00,European Commission reuse notice: reuse authorised with source acknowledgement,Direct field GC_DEV_USR_2025; layer GHSL_UCDB_THEME_CLIMATE_GLOBE_R2024A; exact definition and upstream source in ghsl_indicator_dictionary.csv and official PDF.
ghsl_5929,ghsl_CL_B01_CUR_2010,GHSL UCDB R2024A V1.2,https://jeodpp.jrc.ec.europa.eu/ftp/jrc-opendata/GHSL/GHS_UCDB_GLOBE_R2024A/GHS_UCDB_GLOBE_R2024A/V1-2/GHS_UCDB_GLOBE_R2024A_V1_2.zip,2026-09-19T08:41:50.435893+00:00,European Commission reuse notice: reuse authorised with source acknowledgement,Direct field CL_B01_CUR_2010; layer GHSL_UCDB_THEME_CLIMATE_GLOBE_R2024A; exact definition and upstream source in ghsl_indicator_dictionary.csv and official PDF.
ghsl_5929,ghsl_CL_B01_P45_2020,GHSL UCDB R2024A V1.2,https://jeodpp.jrc.ec.europa.eu/ftp/jrc-opendata/GHSL/GHS_UCDB_GLOBE_R2024A/GHS_UCDB_GLOBE_R2024A/V1-2/GHS_UCDB_GLOBE_R2024A_V1_2.zip,2026-09-19T08:41:50.435893+00:00,European Commission reuse notice: reuse authorised with source acknowledgement,Direct field CL_B01_P45_2020; layer GHSL_UCDB_THEME_CLIMATE_GLOBE_R2024A; exact definition and upstream source in ghsl_indicator_dictionary.csv and official PDF.
ghsl_5929,ghsl_CL_B01_P85_2020,GHSL UCDB R2024A V1.2,https://jeodpp.jrc.ec.europa.eu/ftp/jrc-opendata/GHSL/GHS_UCDB_GLOBE_R2024A/GHS_UCDB_GLOBE_R2024A/V1-2/GHS_UCDB_GLOBE_R2024A_V1_2.zip,2026-09-19T08:41:50.435893+00:00,European Commission reuse notice: reuse authorised with source acknowledgement,Direct field CL_B01_P85_2020; layer GHSL_UCDB_THEME_CLIMATE_GLOBE_R2024A; exact definition and upstream source in ghsl_indicator_dictionary.csv and official PDF.
ghsl_5929,ghsl_CL_B04_CUR_2010,GHSL UCDB R2024A V1.2,https://jeodpp.jrc.ec.europa.eu/ftp/jrc-opendata/GHSL/GHS_UCDB_GLOBE_R2024A/GHS_UCDB_GLOBE_R2024A/V1-2/GHS_UCDB_GLOBE_R2024A_V1_2.zip,2026-09-19T08:41:50.435893+00:00,European Commission reuse notice: reuse authorised with source acknowledgement,Direct field CL_B04_CUR_2010; layer GHSL_UCDB_THEME_CLIMATE_GLOBE_R2024A; exact definition and upstream source in ghsl_indicator_dictionary.csv and official PDF.
ghsl_5929,ghsl_CL_B04_P45_2020,GHSL UCDB R2024A V1.2,https://jeodpp.jrc.ec.europa.eu/ftp/jrc-opendata/GHSL/GHS_UCDB_GLOBE_R2024A/GHS_UCDB_GLOBE_R2024A/V1-2/GHS_UCDB_GLOBE_R2024A_V1_2.zip,2026-09-19T08:41:50.435893+00:00,European Commission reuse notice: reuse authorised with source acknowledgement,Direct field CL_B04_P45_2020; layer GHSL_UCDB_THEME_CLIMATE_GLOBE_R2024A; exact definition and upstream source in ghsl_indicator_dictionary.csv and official PDF.
ghsl_5929,ghsl_CL_B04_P85_2020,GHSL UCDB R2024A V1.2,https://jeodpp.jrc.ec.europa.eu/ftp/jrc-opendata/GHSL/GHS_UCDB_GLOBE_R2024A/GHS_UCDB_GLOBE_R2024A/V1-2/GHS_UCDB_GLOBE_R2024A_V1_2.zip,2026-09-19T08:41:50.435893+00:00,European Commission reuse notice: reuse authorised with source acknowledgement,Direct field CL_B04_P85_2020; layer GHSL_UCDB_THEME_CLIMATE_GLOBE_R2024A; exact definition and upstream source in ghsl_indicator_dictionary.csv and official PDF.
ghsl_5929,ghsl_CL_B07_CUR_2010,GHSL UCDB R2024A V1.2,https://jeodpp.jrc.ec.europa.eu/ftp/jrc-opendata/GHSL/GHS_UCDB_GLOBE_R2024A/GHS_UCDB_GLOBE_R2024A/V1-2/GHS_UCDB_GLOBE_R2024A_V1_2.zip,2026-09-19T08:41:50.435893+00:00,European Commission reuse notice: reuse authorised with source acknowledgement,Direct field CL_B07_CUR_2010; layer GHSL_UCDB_THEME_CLIMATE_GLOBE_R2024A; exact definition and upstream source in ghsl_indicator_dictionary.csv and official PDF.
ghsl_5929,ghsl_CL_B07_P45_2020,GHSL UCDB R2024A V1.2,https://jeodpp.jrc.ec.europa.eu/ftp/jrc-opendata/GHSL/GHS_UCDB_GLOBE_R2024A/GHS_UCDB_GLOBE_R2024A/V1-2/GHS_UCDB_GLOBE_R2024A_V1_2.zip,2026-09-19T08:41:50.435893+00:00,European Commission reuse notice: reuse authorised with source acknowledgement,Direct field CL_B07_P45_2020; layer GHSL_UCDB_THEME_CLIMATE_GLOBE_R2024A; exact definition and upstream source in ghsl_indicator_dictionary.csv and official PDF.
ghsl_5929,ghsl_CL_B07_P85_2020,GHSL UCDB R2024A V1.2,https://jeodpp.jrc.ec.europa.eu/ftp/jrc-opendata/GHSL/GHS_UCDB_GLOBE_R2024A/GHS_UCDB_GLOBE_R2024A/V1-2/GHS_UCDB_GLOBE_R2024A_V1_2.zip,2026-09-19T08:41:50.435893+00:00,European Commission reuse notice: reuse authorised with source acknowledgement,Direct field CL_B07_P85_2020; layer GHSL_UCDB_THEME_CLIMATE_GLOBE_R2024A; exact definition and upstream source in ghsl_indicator_dictionary.csv and official PDF.
ghsl_5929,ghsl_CL_B12_CUR_2010,GHSL UCDB R2024A V1.2,https://jeodpp.jrc.ec.europa.eu/ftp/jrc-opendata/GHSL/GHS_UCDB_GLOBE_R2024A/GHS_UCDB_GLOBE_R2024A/V1-2/GHS_UCDB_GLOBE_R2024A_V1_2.zip,2026-09-19T08:41:50.435893+00:00,European Commission reuse notice: reuse authorised with source acknowledgement,Direct field CL_B12_CUR_2010; layer GHSL_UCDB_THEME_CLIMATE_GLOBE_R2024A; exact definition and upstream source in ghsl_indicator_dictionary.csv and official PDF.
ghsl_5929,ghsl_CL_B12_P45_2020,GHSL UCDB R2024A V1.2,https://jeodpp.jrc.ec.europa.eu/ftp/jrc-opendata/GHSL/GHS_UCDB_GLOBE_R2024A/GHS_UCDB_GLOBE_R2024A/V1-2/GHS_UCDB_GLOBE_R2024A_V1_2.zip,2026-09-19T08:41:50.435893+00:00,European Commission reuse notice: reuse authorised with source acknowledgement,Direct field CL_B12_P45_2020; layer GHSL_UCDB_THEME_CLIMATE_GLOBE_R2024A; exact definition and upstream source in ghsl_indicator_dictionary.csv and official PDF.
ghsl_5929,ghsl_CL_B12_P85_2020,GHSL UCDB R2024A V1.2,https://jeodpp.jrc.ec.europa.eu/ftp/jrc-opendata/GHSL/GHS_UCDB_GLOBE_R2024A/GHS_UCDB_GLOBE_R2024A/V1-2/GHS_UCDB_GLOBE_R2024A_V1_2.zip,2026-09-19T08:41:50.435893+00:00,European Commission reuse notice: reuse authorised with source acknowledgement,Direct field CL_B12_P85_2020; layer GHSL_UCDB_THEME_CLIMATE_GLOBE_R2024A; exact definition and upstream source in ghsl_indicator_dictionary.csv and official PDF.
ghsl_5929,ghsl_CL_B15_CUR_2010,GHSL UCDB R2024A V1.2,https://jeodpp.jrc.ec.europa.eu/ftp/jrc-opendata/GHSL/GHS_UCDB_GLOBE_R2024A/GHS_UCDB_GLOBE_R2024A/V1-2/GHS_UCDB_GLOBE_R2024A_V1_2.zip,2026-09-19T08:41:50.435893+00:00,European Commission reuse notice: reuse authorised with source acknowledgement,Direct field CL_B15_CUR_2010; layer GHSL_UCDB_THEME_CLIMATE_GLOBE_R2024A; exact definition and upstream source in ghsl_indicator_dictionary.csv and official PDF.
ghsl_5929,ghsl_CL_B15_P45_2020,GHSL UCDB R2024A V1.2,https://jeodpp.jrc.ec.europa.eu/ftp/jrc-opendata/GHSL/GHS_UCDB_GLOBE_R2024A/GHS_UCDB_GLOBE_R2024A/V1-2/GHS_UCDB_GLOBE_R2024A_V1_2.zip,2026-09-19T08:41:50.435893+00:00,European Commission reuse notice: reuse authorised with source acknowledgement,Direct field CL_B15_P45_2020; layer GHSL_UCDB_THEME_CLIMATE_GLOBE_R2024A; exact definition and upstream source in ghsl_indicator_dictionary.csv and official PDF.
ghsl_5929,ghsl_CL_B15_P85_2020,GHSL UCDB R2024A V1.2,https://jeodpp.jrc.ec.europa.eu/ftp/jrc-opendata/GHSL/GHS_UCDB_GLOBE_R2024A/GHS_UCDB_GLOBE_R2024A/V1-2/GHS_UCDB_GLOBE_R2024A_V1_2.zip,2026-09-19T08:41:50.435893+00:00,European Commission reuse notice: reuse authorised with source acknowledgement,Direct field CL_B15_P85_2020; layer GHSL_UCDB_THEME_CLIMATE_GLOBE_R2024A; exact definition and upstream source in ghsl_indicator_dictionary.csv and official PDF.
ghsl_5929,ghsl_CL_KOP_CUR_2025,GHSL UCDB R2024A V1.2,https://jeodpp.jrc.ec.europa.eu/ftp/jrc-opendata/GHSL/GHS_UCDB_GLOBE_R2024A/GHS_UCDB_GLOBE_R2024A/V1-2/GHS_UCDB_GLOBE_R2024A_V1_2.zip,2026-09-19T08:41:50.435893+00:00,European Commission reuse notice: reuse authorised with source acknowledgement,Direct field CL_KOP_CUR_2025; layer GHSL_UCDB_THEME_CLIMATE_GLOBE_R2024A; exact definition and upstream source in ghsl_indicator_dictionary.csv and official PDF.
ghsl_5929,ghsl_CL_REN_PVO_2020,GHSL UCDB R2024A V1.2,https://jeodpp.jrc.ec.europa.eu/ftp/jrc-opendata/GHSL/GHS_UCDB_GLOBE_R2024A/GHS_UCDB_GLOBE_R2024A/V1-2/GHS_UCDB_GLOBE_R2024A_V1_2.zip,2026-09-19T08:41:50.435893+00:00,European Commission reuse notice: reuse authorised with source acknowledgement,Direct field CL_REN_PVO_2020; layer GHSL_UCDB_THEME_CLIMATE_GLOBE_R2024A; exact definition and upstream source in ghsl_indicator_dictionary.csv and official PDF.
ghsl_5929,ghsl_CL_REN_W01_2020,GHSL UCDB R2024A V1.2,https://jeodpp.jrc.ec.europa.eu/ftp/jrc-opendata/GHSL/GHS_UCDB_GLOBE_R2024A/GHS_UCDB_GLOBE_R2024A/V1-2/GHS_UCDB_GLOBE_R2024A_V1_2.zip,2026-09-19T08:41:50.435893+00:00,European Commission reuse notice: reuse authorised with source acknowledgement,Direct field CL_REN_W01_2020; layer GHSL_UCDB_THEME_CLIMATE_GLOBE_R2024A; exact definition and upstream source in ghsl_indicator_dictionary.csv and official PDF.
ghsl_5929,ghsl_CL_REN_W05_2020,GHSL UCDB R2024A V1.2,https://jeodpp.jrc.ec.europa.eu/ftp/jrc-opendata/GHSL/GHS_UCDB_GLOBE_R2024A/GHS_UCDB_GLOBE_R2024A/V1-2/GHS_UCDB_GLOBE_R2024A_V1_2.zip,2026-09-19T08:41:50.435893+00:00,European Commission reuse notice: reuse authorised with source acknowledgement,Direct field CL_REN_W05_2020; layer GHSL_UCDB_THEME_CLIMATE_GLOBE_R2024A; exact definition and upstream source in ghsl_indicator_dictionary.csv and official PDF.
ghsl_5929,ghsl_CL_REN_W10_2020,GHSL UCDB R2024A V1.2,https://jeodpp.jrc.ec.europa.eu/ftp/jrc-opendata/GHSL/GHS_UCDB_GLOBE_R2024A/GHS_UCDB_GLOBE_R2024A/V1-2/GHS_UCDB_GLOBE_R2024A_V1_2.zip,2026-09-19T08:41:50.435893+00:00,European Commission reuse notice: reuse authorised with source acknowledgement,Direct field CL_REN_W10_2020; layer GHSL_UCDB_THEME_CLIMATE_GLOBE_R2024A; exact definition and upstream source in ghsl_indicator_dictionary.csv and official PDF.
ghsl_5929,ghsl_CL_REN_W15_2020,GHSL UCDB R2024A V1.2,https://jeodpp.jrc.ec.europa.eu/ftp/jrc-opendata/GHSL/GHS_UCDB_GLOBE_R2024A/GHS_UCDB_GLOBE_R2024A/V1-2/GHS_UCDB_GLOBE_R2024A_V1_2.zip,2026-09-19T08:41:50.435893+00:00,European Commission reuse notice: reuse authorised with source acknowledgement,Direct field CL_REN_W15_2020; layer GHSL_UCDB_THEME_CLIMATE_GLOBE_R2024A; exact definition and upstream source in ghsl_indicator_dictionary.csv and official PDF.
ghsl_5929,ghsl_CL_REN_W20_2020,GHSL UCDB R2024A V1.2,https://jeodpp.jrc.ec.europa.eu/ftp/jrc-opendata/GHSL/GHS_UCDB_GLOBE_R2024A/GHS_UCDB_GLOBE_R2024A/V1-2/GHS_UCDB_GLOBE_R2024A_V1_2.zip,2026-09-19T08:41:50.435893+00:00,European Commission reuse notice: reuse authorised with source acknowledgement,Direct field CL_REN_W20_2020; layer GHSL_UCDB_THEME_CLIMATE_GLOBE_R2024A; exact definition and upstream source in ghsl_indicator_dictionary.csv and official PDF.
ghsl_5929,ghsl_CL_WDS_CUR_2010,GHSL UCDB R2024A V1.2,https://jeodpp.jrc.ec.europa.eu/ftp/jrc-opendata/GHSL/GHS_UCDB_GLOBE_R2024A/GHS_UCDB_GLOBE_R2024A/V1-2/GHS_UCDB_GLOBE_R2024A_V1_2.zip,2026-09-19T08:41:50.435893+00:00,European Commission reuse notice: reuse authorised with source acknowledgement,Direct field CL_WDS_CUR_2010; layer GHSL_UCDB_THEME_CLIMATE_GLOBE_R2024A; exact definition and upstream source in ghsl_indicator_dictionary.csv and official PDF.
ghsl_5929,ghsl_CL_WDS_126_2020,GHSL UCDB R2024A V1.2,https://jeodpp.jrc.ec.europa.eu/ftp/jrc-opendata/GHSL/GHS_UCDB_GLOBE_R2024A/GHS_UCDB_GLOBE_R2024A/V1-2/GHS_UCDB_GLOBE_R2024A_V1_2.zip,2026-09-19T08:41:50.435893+00:00,European Commission reuse notice: reuse authorised with source acknowledgement,Direct field CL_WDS_126_2020; layer GHSL_UCDB_THEME_CLIMATE_GLOBE_R2024A; exact definition and upstream source in ghsl_indicator_dictionary.csv and official PDF.
ghsl_5929,ghsl_CL_WDS_245_2020,GHSL UCDB R2024A V1.2,https://jeodpp.jrc.ec.europa.eu/ftp/jrc-opendata/GHSL/GHS_UCDB_GLOBE_R2024A/GHS_UCDB_GLOBE_R2024A/V1-2/GHS_UCDB_GLOBE_R2024A_V1_2.zip,2026-09-19T08:41:50.435893+00:00,European Commission reuse notice: reuse authorised with source acknowledgement,Direct field CL_WDS_245_2020; layer GHSL_UCDB_THEME_CLIMATE_GLOBE_R2024A; exact definition and upstream source in ghsl_indicator_dictionary.csv and official PDF.
ghsl_5929,ghsl_CL_WDS_370_2020,GHSL UCDB R2024A V1.2,https://jeodpp.jrc.ec.europa.eu/ftp/jrc-opendata/GHSL/GHS_UCDB_GLOBE_R2024A/GHS_UCDB_GLOBE_R2024A/V1-2/GHS_UCDB_GLOBE_R2024A_V1_2.zip,2026-09-19T08:41:50.435893+00:00,European Commission reuse notice: reuse authorised with source acknowledgement,Direct field CL_WDS_370_2020; layer GHSL_UCDB_THEME_CLIMATE_GLOBE_R2024A; exact definition and upstream source in ghsl_indicator_dictionary.csv and official PDF.
ghsl_5929,ghsl_CL_WDS_585_2020,GHSL UCDB R2024A V1.2,https://jeodpp.jrc.ec.europa.eu/ftp/jrc-opendata/GHSL/GHS_UCDB_GLOBE_R2024A/GHS_UCDB_GLOBE_R2024A/V1-2/GHS_UCDB_GLOBE_R2024A_V1_2.zip,2026-09-19T08:41:50.435893+00:00,European Commission reuse notice: reuse authorised with source acknowledgement,Direct field CL_WDS_585_2020; layer GHSL_UCDB_THEME_CLIMATE_GLOBE_R2024A; exact definition and upstream source in ghsl_indicator_dictionary.csv and official PDF.
ghsl_5929,ghsl_CL_LCZ_A01_2025,GHSL UCDB R2024A V1.2,https://jeodpp.jrc.ec.europa.eu/ftp/jrc-opendata/GHSL/GHS_UCDB_GLOBE_R2024A/GHS_UCDB_GLOBE_R2024A/V1-2/GHS_UCDB_GLOBE_R2024A_V1_2.zip,2026-09-19T08:41:50.435893+00:00,European Commission reuse notice: reuse authorised with source acknowledgement,Direct field CL_LCZ_A01_2025; layer GHSL_UCDB_THEME_CLIMATE_GLOBE_R2024A; exact definition and upstream source in ghsl_indicator_dictionary.csv and official PDF.
ghsl_5929,ghsl_CL_LCZ_A02_2025,GHSL UCDB R2024A V1.2,https://jeodpp.jrc.ec.europa.eu/ftp/jrc-opendata/GHSL/GHS_UCDB_GLOBE_R2024A/GHS_UCDB_GLOBE_R2024A/V1-2/GHS_UCDB_GLOBE_R2024A_V1_2.zip,2026-09-19T08:41:50.435893+00:00,European Commission reuse notice: reuse authorised with source acknowledgement,Direct field CL_LCZ_A02_2025; layer GHSL_UCDB_THEME_CLIMATE_GLOBE_R2024A; exact definition and upstream source in ghsl_indicator_dictionary.csv and official PDF.
ghsl_5929,ghsl_CL_LCZ_A03_2025,GHSL UCDB R2024A V1.2,https://jeodpp.jrc.ec.europa.eu/ftp/jrc-opendata/GHSL/GHS_UCDB_GLOBE_R2024A/GHS_UCDB_GLOBE_R2024A/V1-2/GHS_UCDB_GLOBE_R2024A_V1_2.zip,2026-09-19T08:41:50.435893+00:00,European Commission reuse notice: reuse authorised with source acknowledgement,Direct field CL_LCZ_A03_2025; layer GHSL_UCDB_THEME_CLIMATE_GLOBE_R2024A; exact definition and upstream source in ghsl_indicator_dictionary.csv and official PDF.
ghsl_5929,ghsl_CL_LCZ_A04_2025,GHSL UCDB R2024A V1.2,https://jeodpp.jrc.ec.europa.eu/ftp/jrc-opendata/GHSL/GHS_UCDB_GLOBE_R2024A/GHS_UCDB_GLOBE_R2024A/V1-2/GHS_UCDB_GLOBE_R2024A_V1_2.zip,2026-09-19T08:41:50.435893+00:00,European Commission reuse notice: reuse authorised with source acknowledgement,Direct field CL_LCZ_A04_2025; layer GHSL_UCDB_THEME_CLIMATE_GLOBE_R2024A; exact definition and upstream source in ghsl_indicator_dictionary.csv and official PDF.
ghsl_5929,ghsl_CL_LCZ_A05_2025,GHSL UCDB R2024A V1.2,https://jeodpp.jrc.ec.europa.eu/ftp/jrc-opendata/GHSL/GHS_UCDB_GLOBE_R2024A/GHS_UCDB_GLOBE_R2024A/V1-2/GHS_UCDB_GLOBE_R2024A_V1_2.zip,2026-09-19T08:41:50.435893+00:00,European Commission reuse notice: reuse authorised with source acknowledgement,Direct field CL_LCZ_A05_2025; layer GHSL_UCDB_THEME_CLIMATE_GLOBE_R2024A; exact definition and upstream source in ghsl_indicator_dictionary.csv and official PDF.
ghsl_5929,ghsl_CL_LCZ_A06_2025,GHSL UCDB R2024A V1.2,https://jeodpp.jrc.ec.europa.eu/ftp/jrc-opendata/GHSL/GHS_UCDB_GLOBE_R2024A/GHS_UCDB_GLOBE_R2024A/V1-2/GHS_UCDB_GLOBE_R2024A_V1_2.zip,2026-09-19T08:41:50.435893+00:00,European Commission reuse notice: reuse authorised with source acknowledgement,Direct field CL_LCZ_A06_2025; layer GHSL_UCDB_THEME_CLIMATE_GLOBE_R2024A; exact definition and upstream source in ghsl_indicator_dictionary.csv and official PDF.
ghsl_5929,ghsl_CL_LCZ_A07_2025,GHSL UCDB R2024A V1.2,https://jeodpp.jrc.ec.europa.eu/ftp/jrc-opendata/GHSL/GHS_UCDB_GLOBE_R2024A/GHS_UCDB_GLOBE_R2024A/V1-2/GHS_UCDB_GLOBE_R2024A_V1_2.zip,2026-09-19T08:41:50.435893+00:00,European Commission reuse notice: reuse authorised with source acknowledgement,Direct field CL_LCZ_A07_2025; layer GHSL_UCDB_THEME_CLIMATE_GLOBE_R2024A; exact definition and upstream source in ghsl_indicator_dictionary.csv and official PDF.
ghsl_5929,ghsl_CL_LCZ_A08_2025,GHSL UCDB R2024A V1.2,https://jeodpp.jrc.ec.europa.eu/ftp/jrc-opendata/GHSL/GHS_UCDB_GLOBE_R2024A/GHS_UCDB_GLOBE_R2024A/V1-2/GHS_UCDB_GLOBE_R2024A_V1_2.zip,2026-09-19T08:41:50.435893+00:00,European Commission reuse notice: reuse authorised with source acknowledgement,Direct field CL_LCZ_A08_2025; layer GHSL_UCDB_THEME_CLIMATE_GLOBE_R2024A; exact definition and upstream source in ghsl_indicator_dictionary.csv and official PDF.
ghsl_5929,ghsl_CL_LCZ_A09_2025,GHSL UCDB R2024A V1.2,https://jeodpp.jrc.ec.europa.eu/ftp/jrc-opendata/GHSL/GHS_UCDB_GLOBE_R2024A/GHS_UCDB_GLOBE_R2024A/V1-2/GHS_UCDB_GLOBE_R2024A_V1_2.zip,2026-09-19T08:41:50.435893+00:00,European Commission reuse notice: reuse authorised with source acknowledgement,Direct field CL_LCZ_A09_2025; layer GHSL_UCDB_THEME_CLIMATE_GLOBE_R2024A; exact definition and upstream source in ghsl_indicator_dictionary.csv and official PDF.
ghsl_5929,ghsl_CL_LCZ_A10_2025,GHSL UCDB R2024A V1.2,https://jeodpp.jrc.ec.europa.eu/ftp/jrc-opendata/GHSL/GHS_UCDB_GLOBE_R2024A/GHS_UCDB_GLOBE_R2024A/V1-2/GHS_UCDB_GLOBE_R2024A_V1_2.zip,2026-09-19T08:41:50.435893+00:00,European Commission reuse notice: reuse authorised with source acknowledgement,Direct field CL_LCZ_A10_2025; layer GHSL_UCDB_THEME_CLIMATE_GLOBE_R2024A; exact definition and upstream source in ghsl_indicator_dictionary.csv and official PDF.
ghsl_5929,ghsl_CL_LCZ_A11_2025,GHSL UCDB R2024A V1.2,https://jeodpp.jrc.ec.europa.eu/ftp/jrc-opendata/GHSL/GHS_UCDB_GLOBE_R2024A/GHS_UCDB_GLOBE_R2024A/V1-2/GHS_UCDB_GLOBE_R2024A_V1_2.zip,2026-09-19T08:41:50.435893+00:00,European Commission reuse notice: reuse authorised with source acknowledgement,Direct field CL_LCZ_A11_2025; layer GHSL_UCDB_THEME_CLIMATE_GLOBE_R2024A; exact definition and upstream source in ghsl_indicator_dictionary.csv and official PDF.
ghsl_5929,ghsl_CL_LCZ_A12_2025,GHSL UCDB R2024A V1.2,https://jeodpp.jrc.ec.europa.eu/ftp/jrc-opendata/GHSL/GHS_UCDB_GLOBE_R2024A/GHS_UCDB_GLOBE_R2024A/V1-2/GHS_UCDB_GLOBE_R2024A_V1_2.zip,2026-09-19T08:41:50.435893+00:00,European Commission reuse notice: reuse authorised with source acknowledgement,Direct field CL_LCZ_A12_2025; layer GHSL_UCDB_THEME_CLIMATE_GLOBE_R2024A; exact definition and upstream source in ghsl_indicator_dictionary.csv and official PDF.
ghsl_5929,ghsl_CL_LCZ_A13_2025,GHSL UCDB R2024A V1.2,https://jeodpp.jrc.ec.europa.eu/ftp/jrc-opendata/GHSL/GHS_UCDB_GLOBE_R2024A/GHS_UCDB_GLOBE_R2024A/V1-2/GHS_UCDB_GLOBE_R2024A_V1_2.zip,2026-09-19T08:41:50.435893+00:00,European Commission reuse notice: reuse authorised with source acknowledgement,Direct field CL_LCZ_A13_2025; layer GHSL_UCDB_THEME_CLIMATE_GLOBE_R2024A; exact definition and upstream source in ghsl_indicator_dictionary.csv and official PDF.
ghsl_5929,ghsl_CL_LCZ_A14_2025,GHSL UCDB R2024A V1.2,https://jeodpp.jrc.ec.europa.eu/ftp/jrc-opendata/GHSL/GHS_UCDB_GLOBE_R2024A/GHS_UCDB_GLOBE_R2024A/V1-2/GHS_UCDB_GLOBE_R2024A_V1_2.zip,2026-09-19T08:41:50.435893+00:00,European Commission reuse notice: reuse authorised with source acknowledgement,Direct field CL_LCZ_A14_2025; layer GHSL_UCDB_THEME_CLIMATE_GLOBE_R2024A; exact definition and upstream source in ghsl_indicator_dictionary.csv and official PDF.
ghsl_5929,ghsl_CL_LCZ_A15_2025,GHSL UCDB R2024A V1.2,https://jeodpp.jrc.ec.europa.eu/ftp/jrc-opendata/GHSL/GHS_UCDB_GLOBE_R2024A/GHS_UCDB_GLOBE_R2024A/V1-2/GHS_UCDB_GLOBE_R2024A_V1_2.zip,2026-09-19T08:41:50.435893+00:00,European Commission reuse notice: reuse authorised with source acknowledgement,Direct field CL_LCZ_A15_2025; layer GHSL_UCDB_THEME_CLIMATE_GLOBE_R2024A; exact definition and upstream source in ghsl_indicator_dictionary.csv and official PDF.
ghsl_5929,ghsl_CL_LCZ_A16_2025,GHSL UCDB R2024A V1.2,https://jeodpp.jrc.ec.europa.eu/ftp/jrc-opendata/GHSL/GHS_UCDB_GLOBE_R2024A/GHS_UCDB_GLOBE_R2024A/V1-2/GHS_UCDB_GLOBE_R2024A_V1_2.zip,2026-09-19T08:41:50.435893+00:00,European Commission reuse notice: reuse authorised with source acknowledgement,Direct field CL_LCZ_A16_2025; layer GHSL_UCDB_THEME_CLIMATE_GLOBE_R2024A; exact definition and upstream source in ghsl_indicator_dictionary.csv and official PDF.
ghsl_5929,ghsl_CL_LCZ_A17_2025,GHSL UCDB R2024A V1.2,https://jeodpp.jrc.ec.europa.eu/ftp/jrc-opendata/GHSL/GHS_UCDB_GLOBE_R2024A/GHS_UCDB_GLOBE_R2024A/V1-2/GHS_UCDB_GLOBE_R2024A_V1_2.zip,2026-09-19T08:41:50.435893+00:00,European Commission reuse notice: reuse authorised with source acknowledgement,Direct field CL_LCZ_A17_2025; layer GHSL_UCDB_THEME_CLIMATE_GLOBE_R2024A; exact definition and upstream source in ghsl_indicator_dictionary.csv and official PDF.
ghsl_5929,ghsl_CL_UTC_T32_2020,GHSL UCDB R2024A V1.2,https://jeodpp.jrc.ec.europa.eu/ftp/jrc-opendata/GHSL/GHS_UCDB_GLOBE_R2024A/GHS_UCDB_GLOBE_R2024A/V1-2/GHS_UCDB_GLOBE_R2024A_V1_2.zip,2026-09-19T08:41:50.435893+00:00,European Commission reuse notice: reuse authorised with source acknowledgement,Direct field CL_UTC_T32_2020; layer GHSL_UCDB_THEME_CLIMATE_GLOBE_R2024A; exact definition and upstream source in ghsl_indicator_dictionary.csv and official PDF.
ghsl_5929,ghsl_EM_CO2_AGR_2024,GHSL UCDB R2024A V1.2,https://jeodpp.jrc.ec.europa.eu/ftp/jrc-opendata/GHSL/GHS_UCDB_GLOBE_R2024A/GHS_UCDB_GLOBE_R2024A/V1-2/GHS_UCDB_GLOBE_R2024A_V1_2.zip,2026-09-19T08:41:50.435893+00:00,European Commission reuse notice: reuse authorised with source acknowledgement,Direct field EM_CO2_AGR_2024; layer GHSL_UCDB_THEME_EMISSIONS_GLOBE_R2024A; exact definition and upstream source in ghsl_indicator_dictionary.csv and official PDF.
ghsl_5929,ghsl_EM_CO2_ENE_2024,GHSL UCDB R2024A V1.2,https://jeodpp.jrc.ec.europa.eu/ftp/jrc-opendata/GHSL/GHS_UCDB_GLOBE_R2024A/GHS_UCDB_GLOBE_R2024A/V1-2/GHS_UCDB_GLOBE_R2024A_V1_2.zip,2026-09-19T08:41:50.435893+00:00,European Commission reuse notice: reuse authorised with source acknowledgement,Direct field EM_CO2_ENE_2024; layer GHSL_UCDB_THEME_EMISSIONS_GLOBE_R2024A; exact definition and upstream source in ghsl_indicator_dictionary.csv and official PDF.
ghsl_5929,ghsl_EM_CO2_IND_2024,GHSL UCDB R2024A V1.2,https://jeodpp.jrc.ec.europa.eu/ftp/jrc-opendata/GHSL/GHS_UCDB_GLOBE_R2024A/GHS_UCDB_GLOBE_R2024A/V1-2/GHS_UCDB_GLOBE_R2024A_V1_2.zip,2026-09-19T08:41:50.435893+00:00,European Commission reuse notice: reuse authorised with source acknowledgement,Direct field EM_CO2_IND_2024; layer GHSL_UCDB_THEME_EMISSIONS_GLOBE_R2024A; exact definition and upstream source in ghsl_indicator_dictionary.csv and official PDF.
ghsl_5929,ghsl_EM_CO2_RES_2024,GHSL UCDB R2024A V1.2,https://jeodpp.jrc.ec.europa.eu/ftp/jrc-opendata/GHSL/GHS_UCDB_GLOBE_R2024A/GHS_UCDB_GLOBE_R2024A/V1-2/GHS_UCDB_GLOBE_R2024A_V1_2.zip,2026-09-19T08:41:50.435893+00:00,European Commission reuse notice: reuse authorised with source acknowledgement,Direct field EM_CO2_RES_2024; layer GHSL_UCDB_THEME_EMISSIONS_GLOBE_R2024A; exact definition and upstream source in ghsl_indicator_dictionary.csv and official PDF.
ghsl_5929,ghsl_EM_CO2_TRA_2024,GHSL UCDB R2024A V1.2,https://jeodpp.jrc.ec.europa.eu/ftp/jrc-opendata/GHSL/GHS_UCDB_GLOBE_R2024A/GHS_UCDB_GLOBE_R2024A/V1-2/GHS_UCDB_GLOBE_R2024A_V1_2.zip,2026-09-19T08:41:50.435893+00:00,European Commission reuse notice: reuse authorised with source acknowledgement,Direct field EM_CO2_TRA_2024; layer GHSL_UCDB_THEME_EMISSIONS_GLOBE_R2024A; exact definition and upstream source in ghsl_indicator_dictionary.csv and official PDF.
ghsl_5929,ghsl_EM_CO2_WAS_2024,GHSL UCDB R2024A V1.2,https://jeodpp.jrc.ec.europa.eu/ftp/jrc-opendata/GHSL/GHS_UCDB_GLOBE_R2024A/GHS_UCDB_GLOBE_R2024A/V1-2/GHS_UCDB_GLOBE_R2024A_V1_2.zip,2026-09-19T08:41:50.435893+00:00,European Commission reuse notice: reuse authorised with source acknowledgement,Direct field EM_CO2_WAS_2024; layer GHSL_UCDB_THEME_EMISSIONS_GLOBE_R2024A; exact definition and upstream source in ghsl_indicator_dictionary.csv and official PDF.
ghsl_5929,ghsl_EM_CO2_INT_2024,GHSL UCDB R2024A V1.2,https://jeodpp.jrc.ec.europa.eu/ftp/jrc-opendata/GHSL/GHS_UCDB_GLOBE_R2024A/GHS_UCDB_GLOBE_R2024A/V1-2/GHS_UCDB_GLOBE_R2024A_V1_2.zip,2026-09-19T08:41:50.435893+00:00,European Commission reuse notice: reuse authorised with source acknowledgement,Direct field EM_CO2_INT_2024; layer GHSL_UCDB_THEME_EMISSIONS_GLOBE_R2024A; exact definition and upstream source in ghsl_indicator_dictionary.csv and official PDF.
ghsl_5929,ghsl_EM_GHG_AGR_2024,GHSL UCDB R2024A V1.2,https://jeodpp.jrc.ec.europa.eu/ftp/jrc-opendata/GHSL/GHS_UCDB_GLOBE_R2024A/GHS_UCDB_GLOBE_R2024A/V1-2/GHS_UCDB_GLOBE_R2024A_V1_2.zip,2026-09-19T08:41:50.435893+00:00,European Commission reuse notice: reuse authorised with source acknowledgement,Direct field EM_GHG_AGR_2024; layer GHSL_UCDB_THEME_EMISSIONS_GLOBE_R2024A; exact definition and upstream source in ghsl_indicator_dictionary.csv and official PDF.
ghsl_5929,ghsl_EM_GHG_ENE_2024,GHSL UCDB R2024A V1.2,https://jeodpp.jrc.ec.europa.eu/ftp/jrc-opendata/GHSL/GHS_UCDB_GLOBE_R2024A/GHS_UCDB_GLOBE_R2024A/V1-2/GHS_UCDB_GLOBE_R2024A_V1_2.zip,2026-09-19T08:41:50.435893+00:00,European Commission reuse notice: reuse authorised with source acknowledgement,Direct field EM_GHG_ENE_2024; layer GHSL_UCDB_THEME_EMISSIONS_GLOBE_R2024A; exact definition and upstream source in ghsl_indicator_dictionary.csv and official PDF.
ghsl_5929,ghsl_EM_GHG_IND_2024,GHSL UCDB R2024A V1.2,https://jeodpp.jrc.ec.europa.eu/ftp/jrc-opendata/GHSL/GHS_UCDB_GLOBE_R2024A/GHS_UCDB_GLOBE_R2024A/V1-2/GHS_UCDB_GLOBE_R2024A_V1_2.zip,2026-09-19T08:41:50.435893+00:00,European Commission reuse notice: reuse authorised with source acknowledgement,Direct field EM_GHG_IND_2024; layer GHSL_UCDB_THEME_EMISSIONS_GLOBE_R2024A; exact definition and upstream source in ghsl_indicator_dictionary.csv and official PDF.
ghsl_5929,ghsl_EM_GHG_RES_2024,GHSL UCDB R2024A V1.2,https://jeodpp.jrc.ec.europa.eu/ftp/jrc-opendata/GHSL/GHS_UCDB_GLOBE_R2024A/GHS_UCDB_GLOBE_R2024A/V1-2/GHS_UCDB_GLOBE_R2024A_V1_2.zip,2026-09-19T08:41:50.435893+00:00,European Commission reuse notice: reuse authorised with source acknowledgement,Direct field EM_GHG_RES_2024; layer GHSL_UCDB_THEME_EMISSIONS_GLOBE_R2024A; exact definition and upstream source in ghsl_indicator_dictionary.csv and official PDF.
ghsl_5929,ghsl_EM_GHG_TRA_2024,GHSL UCDB R2024A V1.2,https://jeodpp.jrc.ec.europa.eu/ftp/jrc-opendata/GHSL/GHS_UCDB_GLOBE_R2024A/GHS_UCDB_GLOBE_R2024A/V1-2/GHS_UCDB_GLOBE_R2024A_V1_2.zip,2026-09-19T08:41:50.435893+00:00,European Commission reuse notice: reuse authorised with source acknowledgement,Direct field EM_GHG_TRA_2024; layer GHSL_UCDB_THEME_EMISSIONS_GLOBE_R2024A; exact definition and upstream source in ghsl_indicator_dictionary.csv and official PDF.
ghsl_5929,ghsl_EM_GHG_WAS_2024,GHSL UCDB R2024A V1.2,https://jeodpp.jrc.ec.europa.eu/ftp/jrc-opendata/GHSL/GHS_UCDB_GLOBE_R2024A/GHS_UCDB_GLOBE_R2024A/V1-2/GHS_UCDB_GLOBE_R2024A_V1_2.zip,2026-09-19T08:41:50.435893+00:00,European Commission reuse notice: reuse authorised with source acknowledgement,Direct field EM_GHG_WAS_2024; layer GHSL_UCDB_THEME_EMISSIONS_GLOBE_R2024A; exact definition and upstream source in ghsl_indicator_dictionary.csv and official PDF.
ghsl_5929,ghsl_EM_GHG_INT_2024,GHSL UCDB R2024A V1.2,https://jeodpp.jrc.ec.europa.eu/ftp/jrc-opendata/GHSL/GHS_UCDB_GLOBE_R2024A/GHS_UCDB_GLOBE_R2024A/V1-2/GHS_UCDB_GLOBE_R2024A_V1_2.zip,2026-09-19T08:41:50.435893+00:00,European Commission reuse notice: reuse authorised with source acknowledgement,Direct field EM_GHG_INT_2024; layer GHSL_UCDB_THEME_EMISSIONS_GLOBE_R2024A; exact definition and upstream source in ghsl_indicator_dictionary.csv and official PDF.
ghsl_5929,ghsl_EM_NOX_AGR_2024,GHSL UCDB R2024A V1.2,https://jeodpp.jrc.ec.europa.eu/ftp/jrc-opendata/GHSL/GHS_UCDB_GLOBE_R2024A/GHS_UCDB_GLOBE_R2024A/V1-2/GHS_UCDB_GLOBE_R2024A_V1_2.zip,2026-09-19T08:41:50.435893+00:00,European Commission reuse notice: reuse authorised with source acknowledgement,Direct field EM_NOX_AGR_2024; layer GHSL_UCDB_THEME_EMISSIONS_GLOBE_R2024A; exact definition and upstream source in ghsl_indicator_dictionary.csv and official PDF.
ghsl_5929,ghsl_EM_NOX_ENE_2024,GHSL UCDB R2024A V1.2,https://jeodpp.jrc.ec.europa.eu/ftp/jrc-opendata/GHSL/GHS_UCDB_GLOBE_R2024A/GHS_UCDB_GLOBE_R2024A/V1-2/GHS_UCDB_GLOBE_R2024A_V1_2.zip,2026-09-19T08:41:50.435893+00:00,European Commission reuse notice: reuse authorised with source acknowledgement,Direct field EM_NOX_ENE_2024; layer GHSL_UCDB_THEME_EMISSIONS_GLOBE_R2024A; exact definition and upstream source in ghsl_indicator_dictionary.csv and official PDF.
ghsl_5929,ghsl_EM_NOX_IND_2024,GHSL UCDB R2024A V1.2,https://jeodpp.jrc.ec.europa.eu/ftp/jrc-opendata/GHSL/GHS_UCDB_GLOBE_R2024A/GHS_UCDB_GLOBE_R2024A/V1-2/GHS_UCDB_GLOBE_R2024A_V1_2.zip,2026-09-19T08:41:50.435893+00:00,European Commission reuse notice: reuse authorised with source acknowledgement,Direct field EM_NOX_IND_2024; layer GHSL_UCDB_THEME_EMISSIONS_GLOBE_R2024A; exact definition and upstream source in ghsl_indicator_dictionary.csv and official PDF.
ghsl_5929,ghsl_EM_NOX_RES_2024,GHSL UCDB R2024A V1.2,https://jeodpp.jrc.ec.europa.eu/ftp/jrc-opendata/GHSL/GHS_UCDB_GLOBE_R2024A/GHS_UCDB_GLOBE_R2024A/V1-2/GHS_UCDB_GLOBE_R2024A_V1_2.zip,2026-09-19T08:41:50.435893+00:00,European Commission reuse notice: reuse authorised with source acknowledgement,Direct field EM_NOX_RES_2024; layer GHSL_UCDB_THEME_EMISSIONS_GLOBE_R2024A; exact definition and upstream source in ghsl_indicator_dictionary.csv and official PDF.
ghsl_5929,ghsl_EM_NOX_TRA_2024,GHSL UCDB R2024A V1.2,https://jeodpp.jrc.ec.europa.eu/ftp/jrc-opendata/GHSL/GHS_UCDB_GLOBE_R2024A/GHS_UCDB_GLOBE_R2024A/V1-2/GHS_UCDB_GLOBE_R2024A_V1_2.zip,2026-09-19T08:41:50.435893+00:00,European Commission reuse notice: reuse authorised with source acknowledgement,Direct field EM_NOX_TRA_2024; layer GHSL_UCDB_THEME_EMISSIONS_GLOBE_R2024A; exact definition and upstream source in ghsl_indicator_dictionary.csv and official PDF.
ghsl_5929,ghsl_EM_NOX_WAS_2024,GHSL UCDB R2024A V1.2,https://jeodpp.jrc.ec.europa.eu/ftp/jrc-opendata/GHSL/GHS_UCDB_GLOBE_R2024A/GHS_UCDB_GLOBE_R2024A/V1-2/GHS_UCDB_GLOBE_R2024A_V1_2.zip,2026-09-19T08:41:50.435893+00:00,European Commission reuse notice: reuse authorised with source acknowledgement,Direct field EM_NOX_WAS_2024; layer GHSL_UCDB_THEME_EMISSIONS_GLOBE_R2024A; exact definition and upstream source in ghsl_indicator_dictionary.csv and official PDF.
ghsl_5929,ghsl_EM_NOX_INT_2024,GHSL UCDB R2024A V1.2,https://jeodpp.jrc.ec.europa.eu/ftp/jrc-opendata/GHSL/GHS_UCDB_GLOBE_R2024A/GHS_UCDB_GLOBE_R2024A/V1-2/GHS_UCDB_GLOBE_R2024A_V1_2.zip,2026-09-19T08:41:50.435893+00:00,European Commission reuse notice: reuse authorised with source acknowledgement,Direct field EM_NOX_INT_2024; layer GHSL_UCDB_THEME_EMISSIONS_GLOBE_R2024A; exact definition and upstream source in ghsl_indicator_dictionary.csv and official PDF.
ghsl_5929,ghsl_EM_PM2_AGR_2024,GHSL UCDB R2024A V1.2,https://jeodpp.jrc.ec.europa.eu/ftp/jrc-opendata/GHSL/GHS_UCDB_GLOBE_R2024A/GHS_UCDB_GLOBE_R2024A/V1-2/GHS_UCDB_GLOBE_R2024A_V1_2.zip,2026-09-19T08:41:50.435893+00:00,European Commission reuse notice: reuse authorised with source acknowledgement,Direct field EM_PM2_AGR_2024; layer GHSL_UCDB_THEME_EMISSIONS_GLOBE_R2024A; exact definition and upstream source in ghsl_indicator_dictionary.csv and official PDF.
ghsl_5929,ghsl_EM_PM2_ENE_2024,GHSL UCDB R2024A V1.2,https://jeodpp.jrc.ec.europa.eu/ftp/jrc-opendata/GHSL/GHS_UCDB_GLOBE_R2024A/GHS_UCDB_GLOBE_R2024A/V1-2/GHS_UCDB_GLOBE_R2024A_V1_2.zip,2026-09-19T08:41:50.435893+00:00,European Commission reuse notice: reuse authorised with source acknowledgement,Direct field EM_PM2_ENE_2024; layer GHSL_UCDB_THEME_EMISSIONS_GLOBE_R2024A; exact definition and upstream source in ghsl_indicator_dictionary.csv and official PDF.
ghsl_5929,ghsl_EM_PM2_IND_2024,GHSL UCDB R2024A V1.2,https://jeodpp.jrc.ec.europa.eu/ftp/jrc-opendata/GHSL/GHS_UCDB_GLOBE_R2024A/GHS_UCDB_GLOBE_R2024A/V1-2/GHS_UCDB_GLOBE_R2024A_V1_2.zip,2026-09-19T08:41:50.435893+00:00,European Commission reuse notice: reuse authorised with source acknowledgement,Direct field EM_PM2_IND_2024; layer GHSL_UCDB_THEME_EMISSIONS_GLOBE_R2024A; exact definition and upstream source in ghsl_indicator_dictionary.csv and official PDF.
ghsl_5929,ghsl_EM_PM2_RES_2024,GHSL UCDB R2024A V1.2,https://jeodpp.jrc.ec.europa.eu/ftp/jrc-opendata/GHSL/GHS_UCDB_GLOBE_R2024A/GHS_UCDB_GLOBE_R2024A/V1-2/GHS_UCDB_GLOBE_R2024A_V1_2.zip,2026-09-19T08:41:50.435893+00:00,European Commission reuse notice: reuse authorised with source acknowledgement,Direct field EM_PM2_RES_2024; layer GHSL_UCDB_THEME_EMISSIONS_GLOBE_R2024A; exact definition and upstream source in ghsl_indicator_dictionary.csv and official PDF.
ghsl_5929,ghsl_EM_PM2_TRA_2024,GHSL UCDB R2024A V1.2,https://jeodpp.jrc.ec.europa.eu/ftp/jrc-opendata/GHSL/GHS_UCDB_GLOBE_R2024A/GHS_UCDB_GLOBE_R2024A/V1-2/GHS_UCDB_GLOBE_R2024A_V1_2.zip,2026-09-19T08:41:50.435893+00:00,European Commission reuse notice: reuse authorised with source acknowledgement,Direct field EM_PM2_TRA_2024; layer GHSL_UCDB_THEME_EMISSIONS_GLOBE_R2024A; exact definition and upstream source in ghsl_indicator_dictionary.csv and official PDF.
ghsl_5929,ghsl_EM_PM2_INT_2024,GHSL UCDB R2024A V1.2,https://jeodpp.jrc.ec.europa.eu/ftp/jrc-opendata/GHSL/GHS_UCDB_GLOBE_R2024A/GHS_UCDB_GLOBE_R2024A/V1-2/GHS_UCDB_GLOBE_R2024A_V1_2.zip,2026-09-19T08:41:50.435893+00:00,European Commission reuse notice: reuse authorised with source acknowledgement,Direct field EM_PM2_INT_2024; layer GHSL_UCDB_THEME_EMISSIONS_GLOBE_R2024A; exact definition and upstream source in ghsl_indicator_dictionary.csv and official PDF.
ghsl_5929,ghsl_EM_CO2_TOT_2024,GHSL UCDB R2024A V1.2,https://jeodpp.jrc.ec.europa.eu/ftp/jrc-opendata/GHSL/GHS_UCDB_GLOBE_R2024A/GHS_UCDB_GLOBE_R2024A/V1-2/GHS_UCDB_GLOBE_R2024A_V1_2.zip,2026-09-19T08:41:50.435893+00:00,European Commission reuse notice: reuse authorised with source acknowledgement,Direct field EM_CO2_TOT_2024; layer GHSL_UCDB_THEME_EMISSIONS_GLOBE_R2024A; exact definition and upstream source in ghsl_indicator_dictionary.csv and official PDF.
ghsl_5929,ghsl_EM_GHG_TOT_2024,GHSL UCDB R2024A V1.2,https://jeodpp.jrc.ec.europa.eu/ftp/jrc-opendata/GHSL/GHS_UCDB_GLOBE_R2024A/GHS_UCDB_GLOBE_R2024A/V1-2/GHS_UCDB_GLOBE_R2024A_V1_2.zip,2026-09-19T08:41:50.435893+00:00,European Commission reuse notice: reuse authorised with source acknowledgement,Direct field EM_GHG_TOT_2024; layer GHSL_UCDB_THEME_EMISSIONS_GLOBE_R2024A; exact definition and upstream source in ghsl_indicator_dictionary.csv and official PDF.
ghsl_5929,ghsl_EM_NOX_TOT_2024,GHSL UCDB R2024A V1.2,https://jeodpp.jrc.ec.europa.eu/ftp/jrc-opendata/GHSL/GHS_UCDB_GLOBE_R2024A/GHS_UCDB_GLOBE_R2024A/V1-2/GHS_UCDB_GLOBE_R2024A_V1_2.zip,2026-09-19T08:41:50.435893+00:00,European Commission reuse notice: reuse authorised with source acknowledgement,Direct field EM_NOX_TOT_2024; layer GHSL_UCDB_THEME_EMISSIONS_GLOBE_R2024A; exact definition and upstream source in ghsl_indicator_dictionary.csv and official PDF.
ghsl_5929,ghsl_EM_PM2_TOT_2024,GHSL UCDB R2024A V1.2,https://jeodpp.jrc.ec.europa.eu/ftp/jrc-opendata/GHSL/GHS_UCDB_GLOBE_R2024A/GHS_UCDB_GLOBE_R2024A/V1-2/GHS_UCDB_GLOBE_R2024A_V1_2.zip,2026-09-19T08:41:50.435893+00:00,European Commission reuse notice: reuse authorised with source acknowledgement,Direct field EM_PM2_TOT_2024; layer GHSL_UCDB_THEME_EMISSIONS_GLOBE_R2024A; exact definition and upstream source in ghsl_indicator_dictionary.csv and official PDF.
ghsl_5929,ghsl_EM_CO2_PEC_2020,GHSL UCDB R2024A V1.2,https://jeodpp.jrc.ec.europa.eu/ftp/jrc-opendata/GHSL/GHS_UCDB_GLOBE_R2024A/GHS_UCDB_GLOBE_R2024A/V1-2/GHS_UCDB_GLOBE_R2024A_V1_2.zip,2026-09-19T08:41:50.435893+00:00,European Commission reuse notice: reuse authorised with source acknowledgement,Direct field EM_CO2_PEC_2020; layer GHSL_UCDB_THEME_EMISSIONS_GLOBE_R2024A; exact definition and upstream source in ghsl_indicator_dictionary.csv and official PDF.
ghsl_5929,ghsl_EM_GHG_PEC_2020,GHSL UCDB R2024A V1.2,https://jeodpp.jrc.ec.europa.eu/ftp/jrc-opendata/GHSL/GHS_UCDB_GLOBE_R2024A/GHS_UCDB_GLOBE_R2024A/V1-2/GHS_UCDB_GLOBE_R2024A_V1_2.zip,2026-09-19T08:41:50.435893+00:00,European Commission reuse notice: reuse authorised with source acknowledgement,Direct field EM_GHG_PEC_2020; layer GHSL_UCDB_THEME_EMISSIONS_GLOBE_R2024A; exact definition and upstream source in ghsl_indicator_dictionary.csv and official PDF.
ghsl_5929,ghsl_EM_NOX_PEC_2020,GHSL UCDB R2024A V1.2,https://jeodpp.jrc.ec.europa.eu/ftp/jrc-opendata/GHSL/GHS_UCDB_GLOBE_R2024A/GHS_UCDB_GLOBE_R2024A/V1-2/GHS_UCDB_GLOBE_R2024A_V1_2.zip,2026-09-19T08:41:50.435893+00:00,European Commission reuse notice: reuse authorised with source acknowledgement,Direct field EM_NOX_PEC_2020; layer GHSL_UCDB_THEME_EMISSIONS_GLOBE_R2024A; exact definition and upstream source in ghsl_indicator_dictionary.csv and official PDF.
ghsl_5929,ghsl_EM_PM2_PEC_2020,GHSL UCDB R2024A V1.2,https://jeodpp.jrc.ec.europa.eu/ftp/jrc-opendata/GHSL/GHS_UCDB_GLOBE_R2024A/GHS_UCDB_GLOBE_R2024A/V1-2/GHS_UCDB_GLOBE_R2024A_V1_2.zip,2026-09-19T08:41:50.435893+00:00,European Commission reuse notice: reuse authorised with source acknowledgement,Direct field EM_PM2_PEC_2020; layer GHSL_UCDB_THEME_EMISSIONS_GLOBE_R2024A; exact definition and upstream source in ghsl_indicator_dictionary.csv and official PDF.
ghsl_5929,ghsl_EM_CO2_SAG_2024,GHSL UCDB R2024A V1.2,https://jeodpp.jrc.ec.europa.eu/ftp/jrc-opendata/GHSL/GHS_UCDB_GLOBE_R2024A/GHS_UCDB_GLOBE_R2024A/V1-2/GHS_UCDB_GLOBE_R2024A_V1_2.zip,2026-09-19T08:41:50.435893+00:00,European Commission reuse notice: reuse authorised with source acknowledgement,Direct field EM_CO2_SAG_2024; layer GHSL_UCDB_THEME_EMISSIONS_GLOBE_R2024A; exact definition and upstream source in ghsl_indicator_dictionary.csv and official PDF.
ghsl_5929,ghsl_EM_CO2_SEN_2024,GHSL UCDB R2024A V1.2,https://jeodpp.jrc.ec.europa.eu/ftp/jrc-opendata/GHSL/GHS_UCDB_GLOBE_R2024A/GHS_UCDB_GLOBE_R2024A/V1-2/GHS_UCDB_GLOBE_R2024A_V1_2.zip,2026-09-19T08:41:50.435893+00:00,European Commission reuse notice: reuse authorised with source acknowledgement,Direct field EM_CO2_SEN_2024; layer GHSL_UCDB_THEME_EMISSIONS_GLOBE_R2024A; exact definition and upstream source in ghsl_indicator_dictionary.csv and official PDF.
ghsl_5929,ghsl_EM_CO2_SIN_2024,GHSL UCDB R2024A V1.2,https://jeodpp.jrc.ec.europa.eu/ftp/jrc-opendata/GHSL/GHS_UCDB_GLOBE_R2024A/GHS_UCDB_GLOBE_R2024A/V1-2/GHS_UCDB_GLOBE_R2024A_V1_2.zip,2026-09-19T08:41:50.435893+00:00,European Commission reuse notice: reuse authorised with source acknowledgement,Direct field EM_CO2_SIN_2024; layer GHSL_UCDB_THEME_EMISSIONS_GLOBE_R2024A; exact definition and upstream source in ghsl_indicator_dictionary.csv and official PDF.
ghsl_5929,ghsl_EM_CO2_SRE_2024,GHSL UCDB R2024A V1.2,https://jeodpp.jrc.ec.europa.eu/ftp/jrc-opendata/GHSL/GHS_UCDB_GLOBE_R2024A/GHS_UCDB_GLOBE_R2024A/V1-2/GHS_UCDB_GLOBE_R2024A_V1_2.zip,2026-09-19T08:41:50.435893+00:00,European Commission reuse notice: reuse authorised with source acknowledgement,Direct field EM_CO2_SRE_2024; layer GHSL_UCDB_THEME_EMISSIONS_GLOBE_R2024A; exact definition and upstream source in ghsl_indicator_dictionary.csv and official PDF.
ghsl_5929,ghsl_EM_CO2_STR_2024,GHSL UCDB R2024A V1.2,https://jeodpp.jrc.ec.europa.eu/ftp/jrc-opendata/GHSL/GHS_UCDB_GLOBE_R2024A/GHS_UCDB_GLOBE_R2024A/V1-2/GHS_UCDB_GLOBE_R2024A_V1_2.zip,2026-09-19T08:41:50.435893+00:00,European Commission reuse notice: reuse authorised with source acknowledgement,Direct field EM_CO2_STR_2024; layer GHSL_UCDB_THEME_EMISSIONS_GLOBE_R2024A; exact definition and upstream source in ghsl_indicator_dictionary.csv and official PDF.
ghsl_5929,ghsl_EM_CO2_SIT_2024,GHSL UCDB R2024A V1.2,https://jeodpp.jrc.ec.europa.eu/ftp/jrc-opendata/GHSL/GHS_UCDB_GLOBE_R2024A/GHS_UCDB_GLOBE_R2024A/V1-2/GHS_UCDB_GLOBE_R2024A_V1_2.zip,2026-09-19T08:41:50.435893+00:00,European Commission reuse notice: reuse authorised with source acknowledgement,Direct field EM_CO2_SIT_2024; layer GHSL_UCDB_THEME_EMISSIONS_GLOBE_R2024A; exact definition and upstream source in ghsl_indicator_dictionary.csv and official PDF.
ghsl_5929,ghsl_EM_CO2_SWA_2024,GHSL UCDB R2024A V1.2,https://jeodpp.jrc.ec.europa.eu/ftp/jrc-opendata/GHSL/GHS_UCDB_GLOBE_R2024A/GHS_UCDB_GLOBE_R2024A/V1-2/GHS_UCDB_GLOBE_R2024A_V1_2.zip,2026-09-19T08:41:50.435893+00:00,European Commission reuse notice: reuse authorised with source acknowledgement,Direct field EM_CO2_SWA_2024; layer GHSL_UCDB_THEME_EMISSIONS_GLOBE_R2024A; exact definition and upstream source in ghsl_indicator_dictionary.csv and official PDF.
ghsl_5929,ghsl_EM_GHG_SAG_2024,GHSL UCDB R2024A V1.2,https://jeodpp.jrc.ec.europa.eu/ftp/jrc-opendata/GHSL/GHS_UCDB_GLOBE_R2024A/GHS_UCDB_GLOBE_R2024A/V1-2/GHS_UCDB_GLOBE_R2024A_V1_2.zip,2026-09-19T08:41:50.435893+00:00,European Commission reuse notice: reuse authorised with source acknowledgement,Direct field EM_GHG_SAG_2024; layer GHSL_UCDB_THEME_EMISSIONS_GLOBE_R2024A; exact definition and upstream source in ghsl_indicator_dictionary.csv and official PDF.
ghsl_5929,ghsl_EM_GHG_SEN_2024,GHSL UCDB R2024A V1.2,https://jeodpp.jrc.ec.europa.eu/ftp/jrc-opendata/GHSL/GHS_UCDB_GLOBE_R2024A/GHS_UCDB_GLOBE_R2024A/V1-2/GHS_UCDB_GLOBE_R2024A_V1_2.zip,2026-09-19T08:41:50.435893+00:00,European Commission reuse notice: reuse authorised with source acknowledgement,Direct field EM_GHG_SEN_2024; layer GHSL_UCDB_THEME_EMISSIONS_GLOBE_R2024A; exact definition and upstream source in ghsl_indicator_dictionary.csv and official PDF.
ghsl_5929,ghsl_EM_GHG_SIN_2024,GHSL UCDB R2024A V1.2,https://jeodpp.jrc.ec.europa.eu/ftp/jrc-opendata/GHSL/GHS_UCDB_GLOBE_R2024A/GHS_UCDB_GLOBE_R2024A/V1-2/GHS_UCDB_GLOBE_R2024A_V1_2.zip,2026-09-19T08:41:50.435893+00:00,European Commission reuse notice: reuse authorised with source acknowledgement,Direct field EM_GHG_SIN_2024; layer GHSL_UCDB_THEME_EMISSIONS_GLOBE_R2024A; exact definition and upstream source in ghsl_indicator_dictionary.csv and official PDF.
ghsl_5929,ghsl_EM_GHG_SRE_2024,GHSL UCDB R2024A V1.2,https://jeodpp.jrc.ec.europa.eu/ftp/jrc-opendata/GHSL/GHS_UCDB_GLOBE_R2024A/GHS_UCDB_GLOBE_R2024A/V1-2/GHS_UCDB_GLOBE_R2024A_V1_2.zip,2026-09-19T08:41:50.435893+00:00,European Commission reuse notice: reuse authorised with source acknowledgement,Direct field EM_GHG_SRE_2024; layer GHSL_UCDB_THEME_EMISSIONS_GLOBE_R2024A; exact definition and upstream source in ghsl_indicator_dictionary.csv and official PDF.
ghsl_5929,ghsl_EM_GHG_STR_2024,GHSL UCDB R2024A V1.2,https://jeodpp.jrc.ec.europa.eu/ftp/jrc-opendata/GHSL/GHS_UCDB_GLOBE_R2024A/GHS_UCDB_GLOBE_R2024A/V1-2/GHS_UCDB_GLOBE_R2024A_V1_2.zip,2026-09-19T08:41:50.435893+00:00,European Commission reuse notice: reuse authorised with source acknowledgement,Direct field EM_GHG_STR_2024; layer GHSL_UCDB_THEME_EMISSIONS_GLOBE_R2024A; exact definition and upstream source in ghsl_indicator_dictionary.csv and official PDF.
ghsl_5929,ghsl_EM_GHG_SIT_2024,GHSL UCDB R2024A V1.2,https://jeodpp.jrc.ec.europa.eu/ftp/jrc-opendata/GHSL/GHS_UCDB_GLOBE_R2024A/GHS_UCDB_GLOBE_R2024A/V1-2/GHS_UCDB_GLOBE_R2024A_V1_2.zip,2026-09-19T08:41:50.435893+00:00,European Commission reuse notice: reuse authorised with source acknowledgement,Direct field EM_GHG_SIT_2024; layer GHSL_UCDB_THEME_EMISSIONS_GLOBE_R2024A; exact definition and upstream source in ghsl_indicator_dictionary.csv and official PDF.
ghsl_5929,ghsl_EM_GHG_SWA_2024,GHSL UCDB R2024A V1.2,https://jeodpp.jrc.ec.europa.eu/ftp/jrc-opendata/GHSL/GHS_UCDB_GLOBE_R2024A/GHS_UCDB_GLOBE_R2024A/V1-2/GHS_UCDB_GLOBE_R2024A_V1_2.zip,2026-09-19T08:41:50.435893+00:00,European Commission reuse notice: reuse authorised with source acknowledgement,Direct field EM_GHG_SWA_2024; layer GHSL_UCDB_THEME_EMISSIONS_GLOBE_R2024A; exact definition and upstream source in ghsl_indicator_dictionary.csv and official PDF.
ghsl_5929,ghsl_EM_NOX_SAG_2024,GHSL UCDB R2024A V1.2,https://jeodpp.jrc.ec.europa.eu/ftp/jrc-opendata/GHSL/GHS_UCDB_GLOBE_R2024A/GHS_UCDB_GLOBE_R2024A/V1-2/GHS_UCDB_GLOBE_R2024A_V1_2.zip,2026-09-19T08:41:50.435893+00:00,European Commission reuse notice: reuse authorised with source acknowledgement,Direct field EM_NOX_SAG_2024; layer GHSL_UCDB_THEME_EMISSIONS_GLOBE_R2024A; exact definition and upstream source in ghsl_indicator_dictionary.csv and official PDF.
ghsl_5929,ghsl_EM_NOX_SEN_2024,GHSL UCDB R2024A V1.2,https://jeodpp.jrc.ec.europa.eu/ftp/jrc-opendata/GHSL/GHS_UCDB_GLOBE_R2024A/GHS_UCDB_GLOBE_R2024A/V1-2/GHS_UCDB_GLOBE_R2024A_V1_2.zip,2026-09-19T08:41:50.435893+00:00,European Commission reuse notice: reuse authorised with source acknowledgement,Direct field EM_NOX_SEN_2024; layer GHSL_UCDB_THEME_EMISSIONS_GLOBE_R2024A; exact definition and upstream source in ghsl_indicator_dictionary.csv and official PDF.
ghsl_5929,ghsl_EM_NOX_SIN_2024,GHSL UCDB R2024A V1.2,https://jeodpp.jrc.ec.europa.eu/ftp/jrc-opendata/GHSL/GHS_UCDB_GLOBE_R2024A/GHS_UCDB_GLOBE_R2024A/V1-2/GHS_UCDB_GLOBE_R2024A_V1_2.zip,2026-09-19T08:41:50.435893+00:00,European Commission reuse notice: reuse authorised with source acknowledgement,Direct field EM_NOX_SIN_2024; layer GHSL_UCDB_THEME_EMISSIONS_GLOBE_R2024A; exact definition and upstream source in ghsl_indicator_dictionary.csv and official PDF.
ghsl_5929,ghsl_EM_NOX_SRE_2024,GHSL UCDB R2024A V1.2,https://jeodpp.jrc.ec.europa.eu/ftp/jrc-opendata/GHSL/GHS_UCDB_GLOBE_R2024A/GHS_UCDB_GLOBE_R2024A/V1-2/GHS_UCDB_GLOBE_R2024A_V1_2.zip,2026-09-19T08:41:50.435893+00:00,European Commission reuse notice: reuse authorised with source acknowledgement,Direct field EM_NOX_SRE_2024; layer GHSL_UCDB_THEME_EMISSIONS_GLOBE_R2024A; exact definition and upstream source in ghsl_indicator_dictionary.csv and official PDF.
ghsl_5929,ghsl_EM_NOX_STR_2024,GHSL UCDB R2024A V1.2,https://jeodpp.jrc.ec.europa.eu/ftp/jrc-opendata/GHSL/GHS_UCDB_GLOBE_R2024A/GHS_UCDB_GLOBE_R2024A/V1-2/GHS_UCDB_GLOBE_R2024A_V1_2.zip,2026-09-19T08:41:50.435893+00:00,European Commission reuse notice: reuse authorised with source acknowledgement,Direct field EM_NOX_STR_2024; layer GHSL_UCDB_THEME_EMISSIONS_GLOBE_R2024A; exact definition and upstream source in ghsl_indicator_dictionary.csv and official PDF.
ghsl_5929,ghsl_EM_NOX_SIT_2024,GHSL UCDB R2024A V1.2,https://jeodpp.jrc.ec.europa.eu/ftp/jrc-opendata/GHSL/GHS_UCDB_GLOBE_R2024A/GHS_UCDB_GLOBE_R2024A/V1-2/GHS_UCDB_GLOBE_R2024A_V1_2.zip,2026-09-19T08:41:50.435893+00:00,European Commission reuse notice: reuse authorised with source acknowledgement,Direct field EM_NOX_SIT_2024; layer GHSL_UCDB_THEME_EMISSIONS_GLOBE_R2024A; exact definition and upstream source in ghsl_indicator_dictionary.csv and official PDF.
ghsl_5929,ghsl_EM_NOX_SWA_2024,GHSL UCDB R2024A V1.2,https://jeodpp.jrc.ec.europa.eu/ftp/jrc-opendata/GHSL/GHS_UCDB_GLOBE_R2024A/GHS_UCDB_GLOBE_R2024A/V1-2/GHS_UCDB_GLOBE_R2024A_V1_2.zip,2026-09-19T08:41:50.435893+00:00,European Commission reuse notice: reuse authorised with source acknowledgement,Direct field EM_NOX_SWA_2024; layer GHSL_UCDB_THEME_EMISSIONS_GLOBE_R2024A; exact definition and upstream source in ghsl_indicator_dictionary.csv and official PDF.
ghsl_5929,ghsl_EM_PM2_SAG_2024,GHSL UCDB R2024A V1.2,https://jeodpp.jrc.ec.europa.eu/ftp/jrc-opendata/GHSL/GHS_UCDB_GLOBE_R2024A/GHS_UCDB_GLOBE_R2024A/V1-2/GHS_UCDB_GLOBE_R2024A_V1_2.zip,2026-09-19T08:41:50.435893+00:00,European Commission reuse notice: reuse authorised with source acknowledgement,Direct field EM_PM2_SAG_2024; layer GHSL_UCDB_THEME_EMISSIONS_GLOBE_R2024A; exact definition and upstream source in ghsl_indicator_dictionary.csv and official PDF.
ghsl_5929,ghsl_EM_PM2_SEN_2024,GHSL UCDB R2024A V1.2,https://jeodpp.jrc.ec.europa.eu/ftp/jrc-opendata/GHSL/GHS_UCDB_GLOBE_R2024A/GHS_UCDB_GLOBE_R2024A/V1-2/GHS_UCDB_GLOBE_R2024A_V1_2.zip,2026-09-19T08:41:50.435893+00:00,European Commission reuse notice: reuse authorised with source acknowledgement,Direct field EM_PM2_SEN_2024; layer GHSL_UCDB_THEME_EMISSIONS_GLOBE_R2024A; exact definition and upstream source in ghsl_indicator_dictionary.csv and official PDF.
ghsl_5929,ghsl_EM_PM2_SIN_2024,GHSL UCDB R2024A V1.2,https://jeodpp.jrc.ec.europa.eu/ftp/jrc-opendata/GHSL/GHS_UCDB_GLOBE_R2024A/GHS_UCDB_GLOBE_R2024A/V1-2/GHS_UCDB_GLOBE_R2024A_V1_2.zip,2026-09-19T08:41:50.435893+00:00,European Commission reuse notice: reuse authorised with source acknowledgement,Direct field EM_PM2_SIN_2024; layer GHSL_UCDB_THEME_EMISSIONS_GLOBE_R2024A; exact definition and upstream source in ghsl_indicator_dictionary.csv and official PDF.
ghsl_5929,ghsl_EM_PM2_SRE_2024,GHSL UCDB R2024A V1.2,https://jeodpp.jrc.ec.europa.eu/ftp/jrc-opendata/GHSL/GHS_UCDB_GLOBE_R2024A/GHS_UCDB_GLOBE_R2024A/V1-2/GHS_UCDB_GLOBE_R2024A_V1_2.zip,2026-09-19T08:41:50.435893+00:00,European Commission reuse notice: reuse authorised with source acknowledgement,Direct field EM_PM2_SRE_2024; layer GHSL_UCDB_THEME_EMISSIONS_GLOBE_R2024A; exact definition and upstream source in ghsl_indicator_dictionary.csv and official PDF.
ghsl_5929,ghsl_EM_PM2_STR_2024,GHSL UCDB R2024A V1.2,https://jeodpp.jrc.ec.europa.eu/ftp/jrc-opendata/GHSL/GHS_UCDB_GLOBE_R2024A/GHS_UCDB_GLOBE_R2024A/V1-2/GHS_UCDB_GLOBE_R2024A_V1_2.zip,2026-09-19T08:41:50.435893+00:00,European Commission reuse notice: reuse authorised with source acknowledgement,Direct field EM_PM2_STR_2024; layer GHSL_UCDB_THEME_EMISSIONS_GLOBE_R2024A; exact definition and upstream source in ghsl_indicator_dictionary.csv and official PDF.
ghsl_5929,ghsl_EM_PM2_SIT_2024,GHSL UCDB R2024A V1.2,https://jeodpp.jrc.ec.europa.eu/ftp/jrc-opendata/GHSL/GHS_UCDB_GLOBE_R2024A/GHS_UCDB_GLOBE_R2024A/V1-2/GHS_UCDB_GLOBE_R2024A_V1_2.zip,2026-09-19T08:41:50.435893+00:00,European Commission reuse notice: reuse authorised with source acknowledgement,Direct field EM_PM2_SIT_2024; layer GHSL_UCDB_THEME_EMISSIONS_GLOBE_R2024A; exact definition and upstream source in ghsl_indicator_dictionary.csv and official PDF.
ghsl_5929,ghsl_EM_PM2_CON_2020,GHSL UCDB R2024A V1.2,https://jeodpp.jrc.ec.europa.eu/ftp/jrc-opendata/GHSL/GHS_UCDB_GLOBE_R2024A/GHS_UCDB_GLOBE_R2024A/V1-2/GHS_UCDB_GLOBE_R2024A_V1_2.zip,2026-09-19T08:41:50.435893+00:00,European Commission reuse notice: reuse authorised with source acknowledgement,Direct field EM_PM2_CON_2020; layer GHSL_UCDB_THEME_EMISSIONS_GLOBE_R2024A; exact definition and upstream source in ghsl_indicator_dictionary.csv and official PDF.
ghsl_5929,ghsl_EM_PM2_MOR_2020,GHSL UCDB R2024A V1.2,https://jeodpp.jrc.ec.europa.eu/ftp/jrc-opendata/GHSL/GHS_UCDB_GLOBE_R2024A/GHS_UCDB_GLOBE_R2024A/V1-2/GHS_UCDB_GLOBE_R2024A_V1_2.zip,2026-09-19T08:41:50.435893+00:00,European Commission reuse notice: reuse authorised with source acknowledgement,Direct field EM_PM2_MOR_2020; layer GHSL_UCDB_THEME_EMISSIONS_GLOBE_R2024A; exact definition and upstream source in ghsl_indicator_dictionary.csv and official PDF.
ghsl_5929,ghsl_EX_010_POP_2025,GHSL UCDB R2024A V1.2,https://jeodpp.jrc.ec.europa.eu/ftp/jrc-opendata/GHSL/GHS_UCDB_GLOBE_R2024A/GHS_UCDB_GLOBE_R2024A/V1-2/GHS_UCDB_GLOBE_R2024A_V1_2.zip,2026-09-19T08:41:50.435893+00:00,European Commission reuse notice: reuse authorised with source acknowledgement,Direct field EX_010_POP_2025; layer GHSL_UCDB_THEME_EXPOSURE_GLOBE_R2024A; exact definition and upstream source in ghsl_indicator_dictionary.csv and official PDF.
ghsl_5929,ghsl_EX_100_POP_2025,GHSL UCDB R2024A V1.2,https://jeodpp.jrc.ec.europa.eu/ftp/jrc-opendata/GHSL/GHS_UCDB_GLOBE_R2024A/GHS_UCDB_GLOBE_R2024A/V1-2/GHS_UCDB_GLOBE_R2024A_V1_2.zip,2026-09-19T08:41:50.435893+00:00,European Commission reuse notice: reuse authorised with source acknowledgement,Direct field EX_100_POP_2025; layer GHSL_UCDB_THEME_EXPOSURE_GLOBE_R2024A; exact definition and upstream source in ghsl_indicator_dictionary.csv and official PDF.
ghsl_5929,ghsl_EX_010_SHP_2025,GHSL UCDB R2024A V1.2,https://jeodpp.jrc.ec.europa.eu/ftp/jrc-opendata/GHSL/GHS_UCDB_GLOBE_R2024A/GHS_UCDB_GLOBE_R2024A/V1-2/GHS_UCDB_GLOBE_R2024A_V1_2.zip,2026-09-19T08:41:50.435893+00:00,European Commission reuse notice: reuse authorised with source acknowledgement,Direct field EX_010_SHP_2025; layer GHSL_UCDB_THEME_EXPOSURE_GLOBE_R2024A; exact definition and upstream source in ghsl_indicator_dictionary.csv and official PDF.
ghsl_5929,ghsl_EX_100_SHP_2025,GHSL UCDB R2024A V1.2,https://jeodpp.jrc.ec.europa.eu/ftp/jrc-opendata/GHSL/GHS_UCDB_GLOBE_R2024A/GHS_UCDB_GLOBE_R2024A/V1-2/GHS_UCDB_GLOBE_R2024A_V1_2.zip,2026-09-19T08:41:50.435893+00:00,European Commission reuse notice: reuse authorised with source acknowledgement,Direct field EX_100_SHP_2025; layer GHSL_UCDB_THEME_EXPOSURE_GLOBE_R2024A; exact definition and upstream source in ghsl_indicator_dictionary.csv and official PDF.
ghsl_5929,ghsl_EX_010_BUS_2025,GHSL UCDB R2024A V1.2,https://jeodpp.jrc.ec.europa.eu/ftp/jrc-opendata/GHSL/GHS_UCDB_GLOBE_R2024A/GHS_UCDB_GLOBE_R2024A/V1-2/GHS_UCDB_GLOBE_R2024A_V1_2.zip,2026-09-19T08:41:50.435893+00:00,European Commission reuse notice: reuse authorised with source acknowledgement,Direct field EX_010_BUS_2025; layer GHSL_UCDB_THEME_EXPOSURE_GLOBE_R2024A; exact definition and upstream source in ghsl_indicator_dictionary.csv and official PDF.
ghsl_5929,ghsl_EX_100_BUS_2025,GHSL UCDB R2024A V1.2,https://jeodpp.jrc.ec.europa.eu/ftp/jrc-opendata/GHSL/GHS_UCDB_GLOBE_R2024A/GHS_UCDB_GLOBE_R2024A/V1-2/GHS_UCDB_GLOBE_R2024A_V1_2.zip,2026-09-19T08:41:50.435893+00:00,European Commission reuse notice: reuse authorised with source acknowledgement,Direct field EX_100_BUS_2025; layer GHSL_UCDB_THEME_EXPOSURE_GLOBE_R2024A; exact definition and upstream source in ghsl_indicator_dictionary.csv and official PDF.
ghsl_5929,ghsl_EX_010_SHB_2025,GHSL UCDB R2024A V1.2,https://jeodpp.jrc.ec.europa.eu/ftp/jrc-opendata/GHSL/GHS_UCDB_GLOBE_R2024A/GHS_UCDB_GLOBE_R2024A/V1-2/GHS_UCDB_GLOBE_R2024A_V1_2.zip,2026-09-19T08:41:50.435893+00:00,European Commission reuse notice: reuse authorised with source acknowledgement,Direct field EX_010_SHB_2025; layer GHSL_UCDB_THEME_EXPOSURE_GLOBE_R2024A; exact definition and upstream source in ghsl_indicator_dictionary.csv and official PDF.
ghsl_5929,ghsl_EX_100_SHB_2025,GHSL UCDB R2024A V1.2,https://jeodpp.jrc.ec.europa.eu/ftp/jrc-opendata/GHSL/GHS_UCDB_GLOBE_R2024A/GHS_UCDB_GLOBE_R2024A/V1-2/GHS_UCDB_GLOBE_R2024A_V1_2.zip,2026-09-19T08:41:50.435893+00:00,European Commission reuse notice: reuse authorised with source acknowledgement,Direct field EX_100_SHB_2025; layer GHSL_UCDB_THEME_EXPOSURE_GLOBE_R2024A; exact definition and upstream source in ghsl_indicator_dictionary.csv and official PDF.
ghsl_5929,ghsl_EX_010_NRE_2025,GHSL UCDB R2024A V1.2,https://jeodpp.jrc.ec.europa.eu/ftp/jrc-opendata/GHSL/GHS_UCDB_GLOBE_R2024A/GHS_UCDB_GLOBE_R2024A/V1-2/GHS_UCDB_GLOBE_R2024A_V1_2.zip,2026-09-19T08:41:50.435893+00:00,European Commission reuse notice: reuse authorised with source acknowledgement,Direct field EX_010_NRE_2025; layer GHSL_UCDB_THEME_EXPOSURE_GLOBE_R2024A; exact definition and upstream source in ghsl_indicator_dictionary.csv and official PDF.
ghsl_5929,ghsl_EX_100_NRE_2025,GHSL UCDB R2024A V1.2,https://jeodpp.jrc.ec.europa.eu/ftp/jrc-opendata/GHSL/GHS_UCDB_GLOBE_R2024A/GHS_UCDB_GLOBE_R2024A/V1-2/GHS_UCDB_GLOBE_R2024A_V1_2.zip,2026-09-19T08:41:50.435893+00:00,European Commission reuse notice: reuse authorised with source acknowledgement,Direct field EX_100_NRE_2025; layer GHSL_UCDB_THEME_EXPOSURE_GLOBE_R2024A; exact definition and upstream source in ghsl_indicator_dictionary.csv and official PDF.
ghsl_5929,ghsl_EX_010_SNR_2025,GHSL UCDB R2024A V1.2,https://jeodpp.jrc.ec.europa.eu/ftp/jrc-opendata/GHSL/GHS_UCDB_GLOBE_R2024A/GHS_UCDB_GLOBE_R2024A/V1-2/GHS_UCDB_GLOBE_R2024A_V1_2.zip,2026-09-19T08:41:50.435893+00:00,European Commission reuse notice: reuse authorised with source acknowledgement,Direct field EX_010_SNR_2025; layer GHSL_UCDB_THEME_EXPOSURE_GLOBE_R2024A; exact definition and upstream source in ghsl_indicator_dictionary.csv and official PDF.
ghsl_5929,ghsl_EX_100_SNR_2025,GHSL UCDB R2024A V1.2,https://jeodpp.jrc.ec.europa.eu/ftp/jrc-opendata/GHSL/GHS_UCDB_GLOBE_R2024A/GHS_UCDB_GLOBE_R2024A/V1-2/GHS_UCDB_GLOBE_R2024A_V1_2.zip,2026-09-19T08:41:50.435893+00:00,European Commission reuse notice: reuse authorised with source acknowledgement,Direct field EX_100_SNR_2025; layer GHSL_UCDB_THEME_EXPOSURE_GLOBE_R2024A; exact definition and upstream source in ghsl_indicator_dictionary.csv and official PDF.
ghsl_5929,ghsl_EX_E01_POP_2025,GHSL UCDB R2024A V1.2,https://jeodpp.jrc.ec.europa.eu/ftp/jrc-opendata/GHSL/GHS_UCDB_GLOBE_R2024A/GHS_UCDB_GLOBE_R2024A/V1-2/GHS_UCDB_GLOBE_R2024A_V1_2.zip,2026-09-19T08:41:50.435893+00:00,European Commission reuse notice: reuse authorised with source acknowledgement,Direct field EX_E01_POP_2025; layer GHSL_UCDB_THEME_EXPOSURE_GLOBE_R2024A; exact definition and upstream source in ghsl_indicator_dictionary.csv and official PDF.
ghsl_5929,ghsl_EX_E02_POP_2025,GHSL UCDB R2024A V1.2,https://jeodpp.jrc.ec.europa.eu/ftp/jrc-opendata/GHSL/GHS_UCDB_GLOBE_R2024A/GHS_UCDB_GLOBE_R2024A/V1-2/GHS_UCDB_GLOBE_R2024A_V1_2.zip,2026-09-19T08:41:50.435893+00:00,European Commission reuse notice: reuse authorised with source acknowledgement,Direct field EX_E02_POP_2025; layer GHSL_UCDB_THEME_EXPOSURE_GLOBE_R2024A; exact definition and upstream source in ghsl_indicator_dictionary.csv and official PDF.
ghsl_5929,ghsl_EX_E04_POP_2025,GHSL UCDB R2024A V1.2,https://jeodpp.jrc.ec.europa.eu/ftp/jrc-opendata/GHSL/GHS_UCDB_GLOBE_R2024A/GHS_UCDB_GLOBE_R2024A/V1-2/GHS_UCDB_GLOBE_R2024A_V1_2.zip,2026-09-19T08:41:50.435893+00:00,European Commission reuse notice: reuse authorised with source acknowledgement,Direct field EX_E04_POP_2025; layer GHSL_UCDB_THEME_EXPOSURE_GLOBE_R2024A; exact definition and upstream source in ghsl_indicator_dictionary.csv and official PDF.
ghsl_5929,ghsl_EX_E05_POP_2025,GHSL UCDB R2024A V1.2,https://jeodpp.jrc.ec.europa.eu/ftp/jrc-opendata/GHSL/GHS_UCDB_GLOBE_R2024A/GHS_UCDB_GLOBE_R2024A/V1-2/GHS_UCDB_GLOBE_R2024A_V1_2.zip,2026-09-19T08:41:50.435893+00:00,European Commission reuse notice: reuse authorised with source acknowledgement,Direct field EX_E05_POP_2025; layer GHSL_UCDB_THEME_EXPOSURE_GLOBE_R2024A; exact definition and upstream source in ghsl_indicator_dictionary.csv and official PDF.
ghsl_5929,ghsl_EX_E06_POP_2025,GHSL UCDB R2024A V1.2,https://jeodpp.jrc.ec.europa.eu/ftp/jrc-opendata/GHSL/GHS_UCDB_GLOBE_R2024A/GHS_UCDB_GLOBE_R2024A/V1-2/GHS_UCDB_GLOBE_R2024A_V1_2.zip,2026-09-19T08:41:50.435893+00:00,European Commission reuse notice: reuse authorised with source acknowledgement,Direct field EX_E06_POP_2025; layer GHSL_UCDB_THEME_EXPOSURE_GLOBE_R2024A; exact definition and upstream source in ghsl_indicator_dictionary.csv and official PDF.
ghsl_5929,ghsl_EX_E07_POP_2025,GHSL UCDB R2024A V1.2,https://jeodpp.jrc.ec.europa.eu/ftp/jrc-opendata/GHSL/GHS_UCDB_GLOBE_R2024A/GHS_UCDB_GLOBE_R2024A/V1-2/GHS_UCDB_GLOBE_R2024A_V1_2.zip,2026-09-19T08:41:50.435893+00:00,European Commission reuse notice: reuse authorised with source acknowledgement,Direct field EX_E07_POP_2025; layer GHSL_UCDB_THEME_EXPOSURE_GLOBE_R2024A; exact definition and upstream source in ghsl_indicator_dictionary.csv and official PDF.
ghsl_5929,ghsl_EX_E08_POP_2025,GHSL UCDB R2024A V1.2,https://jeodpp.jrc.ec.europa.eu/ftp/jrc-opendata/GHSL/GHS_UCDB_GLOBE_R2024A/GHS_UCDB_GLOBE_R2024A/V1-2/GHS_UCDB_GLOBE_R2024A_V1_2.zip,2026-09-19T08:41:50.435893+00:00,European Commission reuse notice: reuse authorised with source acknowledgement,Direct field EX_E08_POP_2025; layer GHSL_UCDB_THEME_EXPOSURE_GLOBE_R2024A; exact definition and upstream source in ghsl_indicator_dictionary.csv and official PDF.
ghsl_5929,ghsl_EX_E09_POP_2025,GHSL UCDB R2024A V1.2,https://jeodpp.jrc.ec.europa.eu/ftp/jrc-opendata/GHSL/GHS_UCDB_GLOBE_R2024A/GHS_UCDB_GLOBE_R2024A/V1-2/GHS_UCDB_GLOBE_R2024A_V1_2.zip,2026-09-19T08:41:50.435893+00:00,European Commission reuse notice: reuse authorised with source acknowledgement,Direct field EX_E09_POP_2025; layer GHSL_UCDB_THEME_EXPOSURE_GLOBE_R2024A; exact definition and upstream source in ghsl_indicator_dictionary.csv and official PDF.
ghsl_5929,ghsl_EX_E10_POP_2025,GHSL UCDB R2024A V1.2,https://jeodpp.jrc.ec.europa.eu/ftp/jrc-opendata/GHSL/GHS_UCDB_GLOBE_R2024A/GHS_UCDB_GLOBE_R2024A/V1-2/GHS_UCDB_GLOBE_R2024A_V1_2.zip,2026-09-19T08:41:50.435893+00:00,European Commission reuse notice: reuse authorised with source acknowledgement,Direct field EX_E10_POP_2025; layer GHSL_UCDB_THEME_EXPOSURE_GLOBE_R2024A; exact definition and upstream source in ghsl_indicator_dictionary.csv and official PDF.
ghsl_5929,ghsl_EX_SHA_POP_2025,GHSL UCDB R2024A V1.2,https://jeodpp.jrc.ec.europa.eu/ftp/jrc-opendata/GHSL/GHS_UCDB_GLOBE_R2024A/GHS_UCDB_GLOBE_R2024A/V1-2/GHS_UCDB_GLOBE_R2024A_V1_2.zip,2026-09-19T08:41:50.435893+00:00,European Commission reuse notice: reuse authorised with source acknowledgement,Direct field EX_SHA_POP_2025; layer GHSL_UCDB_THEME_EXPOSURE_GLOBE_R2024A; exact definition and upstream source in ghsl_indicator_dictionary.csv and official PDF.
ghsl_5929,ghsl_EX_E01_BUS_2025,GHSL UCDB R2024A V1.2,https://jeodpp.jrc.ec.europa.eu/ftp/jrc-opendata/GHSL/GHS_UCDB_GLOBE_R2024A/GHS_UCDB_GLOBE_R2024A/V1-2/GHS_UCDB_GLOBE_R2024A_V1_2.zip,2026-09-19T08:41:50.435893+00:00,European Commission reuse notice: reuse authorised with source acknowledgement,Direct field EX_E01_BUS_2025; layer GHSL_UCDB_THEME_EXPOSURE_GLOBE_R2024A; exact definition and upstream source in ghsl_indicator_dictionary.csv and official PDF.
ghsl_5929,ghsl_EX_E02_BUS_2025,GHSL UCDB R2024A V1.2,https://jeodpp.jrc.ec.europa.eu/ftp/jrc-opendata/GHSL/GHS_UCDB_GLOBE_R2024A/GHS_UCDB_GLOBE_R2024A/V1-2/GHS_UCDB_GLOBE_R2024A_V1_2.zip,2026-09-19T08:41:50.435893+00:00,European Commission reuse notice: reuse authorised with source acknowledgement,Direct field EX_E02_BUS_2025; layer GHSL_UCDB_THEME_EXPOSURE_GLOBE_R2024A; exact definition and upstream source in ghsl_indicator_dictionary.csv and official PDF.
ghsl_5929,ghsl_EX_E04_BUS_2025,GHSL UCDB R2024A V1.2,https://jeodpp.jrc.ec.europa.eu/ftp/jrc-opendata/GHSL/GHS_UCDB_GLOBE_R2024A/GHS_UCDB_GLOBE_R2024A/V1-2/GHS_UCDB_GLOBE_R2024A_V1_2.zip,2026-09-19T08:41:50.435893+00:00,European Commission reuse notice: reuse authorised with source acknowledgement,Direct field EX_E04_BUS_2025; layer GHSL_UCDB_THEME_EXPOSURE_GLOBE_R2024A; exact definition and upstream source in ghsl_indicator_dictionary.csv and official PDF.
ghsl_5929,ghsl_EX_E05_BUS_2025,GHSL UCDB R2024A V1.2,https://jeodpp.jrc.ec.europa.eu/ftp/jrc-opendata/GHSL/GHS_UCDB_GLOBE_R2024A/GHS_UCDB_GLOBE_R2024A/V1-2/GHS_UCDB_GLOBE_R2024A_V1_2.zip,2026-09-19T08:41:50.435893+00:00,European Commission reuse notice: reuse authorised with source acknowledgement,Direct field EX_E05_BUS_2025; layer GHSL_UCDB_THEME_EXPOSURE_GLOBE_R2024A; exact definition and upstream source in ghsl_indicator_dictionary.csv and official PDF.
ghsl_5929,ghsl_EX_E06_BUS_2025,GHSL UCDB R2024A V1.2,https://jeodpp.jrc.ec.europa.eu/ftp/jrc-opendata/GHSL/GHS_UCDB_GLOBE_R2024A/GHS_UCDB_GLOBE_R2024A/V1-2/GHS_UCDB_GLOBE_R2024A_V1_2.zip,2026-09-19T08:41:50.435893+00:00,European Commission reuse notice: reuse authorised with source acknowledgement,Direct field EX_E06_BUS_2025; layer GHSL_UCDB_THEME_EXPOSURE_GLOBE_R2024A; exact definition and upstream source in ghsl_indicator_dictionary.csv and official PDF.
ghsl_5929,ghsl_EX_E07_BUS_2025,GHSL UCDB R2024A V1.2,https://jeodpp.jrc.ec.europa.eu/ftp/jrc-opendata/GHSL/GHS_UCDB_GLOBE_R2024A/GHS_UCDB_GLOBE_R2024A/V1-2/GHS_UCDB_GLOBE_R2024A_V1_2.zip,2026-09-19T08:41:50.435893+00:00,European Commission reuse notice: reuse authorised with source acknowledgement,Direct field EX_E07_BUS_2025; layer GHSL_UCDB_THEME_EXPOSURE_GLOBE_R2024A; exact definition and upstream source in ghsl_indicator_dictionary.csv and official PDF.
ghsl_5929,ghsl_EX_E08_BUS_2025,GHSL UCDB R2024A V1.2,https://jeodpp.jrc.ec.europa.eu/ftp/jrc-opendata/GHSL/GHS_UCDB_GLOBE_R2024A/GHS_UCDB_GLOBE_R2024A/V1-2/GHS_UCDB_GLOBE_R2024A_V1_2.zip,2026-09-19T08:41:50.435893+00:00,European Commission reuse notice: reuse authorised with source acknowledgement,Direct field EX_E08_BUS_2025; layer GHSL_UCDB_THEME_EXPOSURE_GLOBE_R2024A; exact definition and upstream source in ghsl_indicator_dictionary.csv and official PDF.
ghsl_5929,ghsl_EX_E09_BUS_2025,GHSL UCDB R2024A V1.2,https://jeodpp.jrc.ec.europa.eu/ftp/jrc-opendata/GHSL/GHS_UCDB_GLOBE_R2024A/GHS_UCDB_GLOBE_R2024A/V1-2/GHS_UCDB_GLOBE_R2024A_V1_2.zip,2026-09-19T08:41:50.435893+00:00,European Commission reuse notice: reuse authorised with source acknowledgement,Direct field EX_E09_BUS_2025; layer GHSL_UCDB_THEME_EXPOSURE_GLOBE_R2024A; exact definition and upstream source in ghsl_indicator_dictionary.csv and official PDF.
ghsl_5929,ghsl_EX_E10_BUS_2025,GHSL UCDB R2024A V1.2,https://jeodpp.jrc.ec.europa.eu/ftp/jrc-opendata/GHSL/GHS_UCDB_GLOBE_R2024A/GHS_UCDB_GLOBE_R2024A/V1-2/GHS_UCDB_GLOBE_R2024A_V1_2.zip,2026-09-19T08:41:50.435893+00:00,European Commission reuse notice: reuse authorised with source acknowledgement,Direct field EX_E10_BUS_2025; layer GHSL_UCDB_THEME_EXPOSURE_GLOBE_R2024A; exact definition and upstream source in ghsl_indicator_dictionary.csv and official PDF.
ghsl_5929,ghsl_EX_SHA_BUS_2025,GHSL UCDB R2024A V1.2,https://jeodpp.jrc.ec.europa.eu/ftp/jrc-opendata/GHSL/GHS_UCDB_GLOBE_R2024A/GHS_UCDB_GLOBE_R2024A/V1-2/GHS_UCDB_GLOBE_R2024A_V1_2.zip,2026-09-19T08:41:50.435893+00:00,European Commission reuse notice: reuse authorised with source acknowledgement,Direct field EX_SHA_BUS_2025; layer GHSL_UCDB_THEME_EXPOSURE_GLOBE_R2024A; exact definition and upstream source in ghsl_indicator_dictionary.csv and official PDF.
ghsl_5929,ghsl_EX_E01_NRE_2025,GHSL UCDB R2024A V1.2,https://jeodpp.jrc.ec.europa.eu/ftp/jrc-opendata/GHSL/GHS_UCDB_GLOBE_R2024A/GHS_UCDB_GLOBE_R2024A/V1-2/GHS_UCDB_GLOBE_R2024A_V1_2.zip,2026-09-19T08:41:50.435893+00:00,European Commission reuse notice: reuse authorised with source acknowledgement,Direct field EX_E01_NRE_2025; layer GHSL_UCDB_THEME_EXPOSURE_GLOBE_R2024A; exact definition and upstream source in ghsl_indicator_dictionary.csv and official PDF.
ghsl_5929,ghsl_EX_E02_NRE_2025,GHSL UCDB R2024A V1.2,https://jeodpp.jrc.ec.europa.eu/ftp/jrc-opendata/GHSL/GHS_UCDB_GLOBE_R2024A/GHS_UCDB_GLOBE_R2024A/V1-2/GHS_UCDB_GLOBE_R2024A_V1_2.zip,2026-09-19T08:41:50.435893+00:00,European Commission reuse notice: reuse authorised with source acknowledgement,Direct field EX_E02_NRE_2025; layer GHSL_UCDB_THEME_EXPOSURE_GLOBE_R2024A; exact definition and upstream source in ghsl_indicator_dictionary.csv and official PDF.
ghsl_5929,ghsl_EX_E04_NRE_2025,GHSL UCDB R2024A V1.2,https://jeodpp.jrc.ec.europa.eu/ftp/jrc-opendata/GHSL/GHS_UCDB_GLOBE_R2024A/GHS_UCDB_GLOBE_R2024A/V1-2/GHS_UCDB_GLOBE_R2024A_V1_2.zip,2026-09-19T08:41:50.435893+00:00,European Commission reuse notice: reuse authorised with source acknowledgement,Direct field EX_E04_NRE_2025; layer GHSL_UCDB_THEME_EXPOSURE_GLOBE_R2024A; exact definition and upstream source in ghsl_indicator_dictionary.csv and official PDF.
ghsl_5929,ghsl_EX_E05_NRE_2025,GHSL UCDB R2024A V1.2,https://jeodpp.jrc.ec.europa.eu/ftp/jrc-opendata/GHSL/GHS_UCDB_GLOBE_R2024A/GHS_UCDB_GLOBE_R2024A/V1-2/GHS_UCDB_GLOBE_R2024A_V1_2.zip,2026-09-19T08:41:50.435893+00:00,European Commission reuse notice: reuse authorised with source acknowledgement,Direct field EX_E05_NRE_2025; layer GHSL_UCDB_THEME_EXPOSURE_GLOBE_R2024A; exact definition and upstream source in ghsl_indicator_dictionary.csv and official PDF.
ghsl_5929,ghsl_EX_E06_NRE_2025,GHSL UCDB R2024A V1.2,https://jeodpp.jrc.ec.europa.eu/ftp/jrc-opendata/GHSL/GHS_UCDB_GLOBE_R2024A/GHS_UCDB_GLOBE_R2024A/V1-2/GHS_UCDB_GLOBE_R2024A_V1_2.zip,2026-09-19T08:41:50.435893+00:00,European Commission reuse notice: reuse authorised with source acknowledgement,Direct field EX_E06_NRE_2025; layer GHSL_UCDB_THEME_EXPOSURE_GLOBE_R2024A; exact definition and upstream source in ghsl_indicator_dictionary.csv and official PDF.
ghsl_5929,ghsl_EX_E07_NRE_2025,GHSL UCDB R2024A V1.2,https://jeodpp.jrc.ec.europa.eu/ftp/jrc-opendata/GHSL/GHS_UCDB_GLOBE_R2024A/GHS_UCDB_GLOBE_R2024A/V1-2/GHS_UCDB_GLOBE_R2024A_V1_2.zip,2026-09-19T08:41:50.435893+00:00,European Commission reuse notice: reuse authorised with source acknowledgement,Direct field EX_E07_NRE_2025; layer GHSL_UCDB_THEME_EXPOSURE_GLOBE_R2024A; exact definition and upstream source in ghsl_indicator_dictionary.csv and official PDF.
ghsl_5929,ghsl_EX_E08_NRE_2025,GHSL UCDB R2024A V1.2,https://jeodpp.jrc.ec.europa.eu/ftp/jrc-opendata/GHSL/GHS_UCDB_GLOBE_R2024A/GHS_UCDB_GLOBE_R2024A/V1-2/GHS_UCDB_GLOBE_R2024A_V1_2.zip,2026-09-19T08:41:50.435893+00:00,European Commission reuse notice: reuse authorised with source acknowledgement,Direct field EX_E08_NRE_2025; layer GHSL_UCDB_THEME_EXPOSURE_GLOBE_R2024A; exact definition and upstream source in ghsl_indicator_dictionary.csv and official PDF.
ghsl_5929,ghsl_EX_E09_NRE_2025,GHSL UCDB R2024A V1.2,https://jeodpp.jrc.ec.europa.eu/ftp/jrc-opendata/GHSL/GHS_UCDB_GLOBE_R2024A/GHS_UCDB_GLOBE_R2024A/V1-2/GHS_UCDB_GLOBE_R2024A_V1_2.zip,2026-09-19T08:41:50.435893+00:00,European Commission reuse notice: reuse authorised with source acknowledgement,Direct field EX_E09_NRE_2025; layer GHSL_UCDB_THEME_EXPOSURE_GLOBE_R2024A; exact definition and upstream source in ghsl_indicator_dictionary.csv and official PDF.
ghsl_5929,ghsl_EX_E10_NRE_2025,GHSL UCDB R2024A V1.2,https://jeodpp.jrc.ec.europa.eu/ftp/jrc-opendata/GHSL/GHS_UCDB_GLOBE_R2024A/GHS_UCDB_GLOBE_R2024A/V1-2/GHS_UCDB_GLOBE_R2024A_V1_2.zip,2026-09-19T08:41:50.435893+00:00,European Commission reuse notice: reuse authorised with source acknowledgement,Direct field EX_E10_NRE_2025; layer GHSL_UCDB_THEME_EXPOSURE_GLOBE_R2024A; exact definition and upstream source in ghsl_indicator_dictionary.csv and official PDF.
ghsl_5929,ghsl_EX_SHA_NRE_2025,GHSL UCDB R2024A V1.2,https://jeodpp.jrc.ec.europa.eu/ftp/jrc-opendata/GHSL/GHS_UCDB_GLOBE_R2024A/GHS_UCDB_GLOBE_R2024A/V1-2/GHS_UCDB_GLOBE_R2024A_V1_2.zip,2026-09-19T08:41:50.435893+00:00,European Commission reuse notice: reuse authorised with source acknowledgement,Direct field EX_SHA_NRE_2025; layer GHSL_UCDB_THEME_EXPOSURE_GLOBE_R2024A; exact definition and upstream source in ghsl_indicator_dictionary.csv and official PDF.
ghsl_5929,ghsl_EX_020_S1P_2025,GHSL UCDB R2024A V1.2,https://jeodpp.jrc.ec.europa.eu/ftp/jrc-opendata/GHSL/GHS_UCDB_GLOBE_R2024A/GHS_UCDB_GLOBE_R2024A/V1-2/GHS_UCDB_GLOBE_R2024A_V1_2.zip,2026-09-19T08:41:50.435893+00:00,European Commission reuse notice: reuse authorised with source acknowledgement,Direct field EX_020_S1P_2025; layer GHSL_UCDB_THEME_EXPOSURE_GLOBE_R2024A; exact definition and upstream source in ghsl_indicator_dictionary.csv and official PDF.
ghsl_5929,ghsl_EX_100_S1P_2025,GHSL UCDB R2024A V1.2,https://jeodpp.jrc.ec.europa.eu/ftp/jrc-opendata/GHSL/GHS_UCDB_GLOBE_R2024A/GHS_UCDB_GLOBE_R2024A/V1-2/GHS_UCDB_GLOBE_R2024A_V1_2.zip,2026-09-19T08:41:50.435893+00:00,European Commission reuse notice: reuse authorised with source acknowledgement,Direct field EX_100_S1P_2025; layer GHSL_UCDB_THEME_EXPOSURE_GLOBE_R2024A; exact definition and upstream source in ghsl_indicator_dictionary.csv and official PDF.
ghsl_5929,ghsl_EX_400_S1P_2025,GHSL UCDB R2024A V1.2,https://jeodpp.jrc.ec.europa.eu/ftp/jrc-opendata/GHSL/GHS_UCDB_GLOBE_R2024A/GHS_UCDB_GLOBE_R2024A/V1-2/GHS_UCDB_GLOBE_R2024A_V1_2.zip,2026-09-19T08:41:50.435893+00:00,European Commission reuse notice: reuse authorised with source acknowledgement,Direct field EX_400_S1P_2025; layer GHSL_UCDB_THEME_EXPOSURE_GLOBE_R2024A; exact definition and upstream source in ghsl_indicator_dictionary.csv and official PDF.
ghsl_5929,ghsl_EX_400_S3P_2025,GHSL UCDB R2024A V1.2,https://jeodpp.jrc.ec.europa.eu/ftp/jrc-opendata/GHSL/GHS_UCDB_GLOBE_R2024A/GHS_UCDB_GLOBE_R2024A/V1-2/GHS_UCDB_GLOBE_R2024A_V1_2.zip,2026-09-19T08:41:50.435893+00:00,European Commission reuse notice: reuse authorised with source acknowledgement,Direct field EX_400_S3P_2025; layer GHSL_UCDB_THEME_EXPOSURE_GLOBE_R2024A; exact definition and upstream source in ghsl_indicator_dictionary.csv and official PDF.
ghsl_5929,ghsl_EX_020_S1B_2025,GHSL UCDB R2024A V1.2,https://jeodpp.jrc.ec.europa.eu/ftp/jrc-opendata/GHSL/GHS_UCDB_GLOBE_R2024A/GHS_UCDB_GLOBE_R2024A/V1-2/GHS_UCDB_GLOBE_R2024A_V1_2.zip,2026-09-19T08:41:50.435893+00:00,European Commission reuse notice: reuse authorised with source acknowledgement,Direct field EX_020_S1B_2025; layer GHSL_UCDB_THEME_EXPOSURE_GLOBE_R2024A; exact definition and upstream source in ghsl_indicator_dictionary.csv and official PDF.
ghsl_5929,ghsl_EX_100_S1B_2025,GHSL UCDB R2024A V1.2,https://jeodpp.jrc.ec.europa.eu/ftp/jrc-opendata/GHSL/GHS_UCDB_GLOBE_R2024A/GHS_UCDB_GLOBE_R2024A/V1-2/GHS_UCDB_GLOBE_R2024A_V1_2.zip,2026-09-19T08:41:50.435893+00:00,European Commission reuse notice: reuse authorised with source acknowledgement,Direct field EX_100_S1B_2025; layer GHSL_UCDB_THEME_EXPOSURE_GLOBE_R2024A; exact definition and upstream source in ghsl_indicator_dictionary.csv and official PDF.
ghsl_5929,ghsl_EX_400_S1B_2025,GHSL UCDB R2024A V1.2,https://jeodpp.jrc.ec.europa.eu/ftp/jrc-opendata/GHSL/GHS_UCDB_GLOBE_R2024A/GHS_UCDB_GLOBE_R2024A/V1-2/GHS_UCDB_GLOBE_R2024A_V1_2.zip,2026-09-19T08:41:50.435893+00:00,European Commission reuse notice: reuse authorised with source acknowledgement,Direct field EX_400_S1B_2025; layer GHSL_UCDB_THEME_EXPOSURE_GLOBE_R2024A; exact definition and upstream source in ghsl_indicator_dictionary.csv and official PDF.
ghsl_5929,ghsl_EX_400_S3B_2025,GHSL UCDB R2024A V1.2,https://jeodpp.jrc.ec.europa.eu/ftp/jrc-opendata/GHSL/GHS_UCDB_GLOBE_R2024A/GHS_UCDB_GLOBE_R2024A/V1-2/GHS_UCDB_GLOBE_R2024A_V1_2.zip,2026-09-19T08:41:50.435893+00:00,European Commission reuse notice: reuse authorised with source acknowledgement,Direct field EX_400_S3B_2025; layer GHSL_UCDB_THEME_EXPOSURE_GLOBE_R2024A; exact definition and upstream source in ghsl_indicator_dictionary.csv and official PDF.
ghsl_5929,ghsl_EX_20_S1N_2025,GHSL UCDB R2024A V1.2,https://jeodpp.jrc.ec.europa.eu/ftp/jrc-opendata/GHSL/GHS_UCDB_GLOBE_R2024A/GHS_UCDB_GLOBE_R2024A/V1-2/GHS_UCDB_GLOBE_R2024A_V1_2.zip,2026-09-19T08:41:50.435893+00:00,European Commission reuse notice: reuse authorised with source acknowledgement,Direct field EX_20_S1N_2025; layer GHSL_UCDB_THEME_EXPOSURE_GLOBE_R2024A; exact definition and upstream source in ghsl_indicator_dictionary.csv and official PDF.
ghsl_5929,ghsl_EX_100_S1N_2025,GHSL UCDB R2024A V1.2,https://jeodpp.jrc.ec.europa.eu/ftp/jrc-opendata/GHSL/GHS_UCDB_GLOBE_R2024A/GHS_UCDB_GLOBE_R2024A/V1-2/GHS_UCDB_GLOBE_R2024A_V1_2.zip,2026-09-19T08:41:50.435893+00:00,European Commission reuse notice: reuse authorised with source acknowledgement,Direct field EX_100_S1N_2025; layer GHSL_UCDB_THEME_EXPOSURE_GLOBE_R2024A; exact definition and upstream source in ghsl_indicator_dictionary.csv and official PDF.
ghsl_5929,ghsl_EX_400_S1N_2025,GHSL UCDB R2024A V1.2,https://jeodpp.jrc.ec.europa.eu/ftp/jrc-opendata/GHSL/GHS_UCDB_GLOBE_R2024A/GHS_UCDB_GLOBE_R2024A/V1-2/GHS_UCDB_GLOBE_R2024A_V1_2.zip,2026-09-19T08:41:50.435893+00:00,European Commission reuse notice: reuse authorised with source acknowledgement,Direct field EX_400_S1N_2025; layer GHSL_UCDB_THEME_EXPOSURE_GLOBE_R2024A; exact definition and upstream source in ghsl_indicator_dictionary.csv and official PDF.
ghsl_5929,ghsl_EX_400_S3N_2025,GHSL UCDB R2024A V1.2,https://jeodpp.jrc.ec.europa.eu/ftp/jrc-opendata/GHSL/GHS_UCDB_GLOBE_R2024A/GHS_UCDB_GLOBE_R2024A/V1-2/GHS_UCDB_GLOBE_R2024A_V1_2.zip,2026-09-19T08:41:50.435893+00:00,European Commission reuse notice: reuse authorised with source acknowledgement,Direct field EX_400_S3N_2025; layer GHSL_UCDB_THEME_EXPOSURE_GLOBE_R2024A; exact definition and upstream source in ghsl_indicator_dictionary.csv and official PDF.
ghsl_5929,ghsl_EX_CF2_POP_2025,GHSL UCDB R2024A V1.2,https://jeodpp.jrc.ec.europa.eu/ftp/jrc-opendata/GHSL/GHS_UCDB_GLOBE_R2024A/GHS_UCDB_GLOBE_R2024A/V1-2/GHS_UCDB_GLOBE_R2024A_V1_2.zip,2026-09-19T08:41:50.435893+00:00,European Commission reuse notice: reuse authorised with source acknowledgement,Direct field EX_CF2_POP_2025; layer GHSL_UCDB_THEME_EXPOSURE_GLOBE_R2024A; exact definition and upstream source in ghsl_indicator_dictionary.csv and official PDF.
ghsl_5929,ghsl_EX_CF1_POP_2025,GHSL UCDB R2024A V1.2,https://jeodpp.jrc.ec.europa.eu/ftp/jrc-opendata/GHSL/GHS_UCDB_GLOBE_R2024A/GHS_UCDB_GLOBE_R2024A/V1-2/GHS_UCDB_GLOBE_R2024A_V1_2.zip,2026-09-19T08:41:50.435893+00:00,European Commission reuse notice: reuse authorised with source acknowledgement,Direct field EX_CF1_POP_2025; layer GHSL_UCDB_THEME_EXPOSURE_GLOBE_R2024A; exact definition and upstream source in ghsl_indicator_dictionary.csv and official PDF.
ghsl_5929,ghsl_EX_CF2_BUS_2025,GHSL UCDB R2024A V1.2,https://jeodpp.jrc.ec.europa.eu/ftp/jrc-opendata/GHSL/GHS_UCDB_GLOBE_R2024A/GHS_UCDB_GLOBE_R2024A/V1-2/GHS_UCDB_GLOBE_R2024A_V1_2.zip,2026-09-19T08:41:50.435893+00:00,European Commission reuse notice: reuse authorised with source acknowledgement,Direct field EX_CF2_BUS_2025; layer GHSL_UCDB_THEME_EXPOSURE_GLOBE_R2024A; exact definition and upstream source in ghsl_indicator_dictionary.csv and official PDF.
ghsl_5929,ghsl_EX_CF1_BUS_2025,GHSL UCDB R2024A V1.2,https://jeodpp.jrc.ec.europa.eu/ftp/jrc-opendata/GHSL/GHS_UCDB_GLOBE_R2024A/GHS_UCDB_GLOBE_R2024A/V1-2/GHS_UCDB_GLOBE_R2024A_V1_2.zip,2026-09-19T08:41:50.435893+00:00,European Commission reuse notice: reuse authorised with source acknowledgement,Direct field EX_CF1_BUS_2025; layer GHSL_UCDB_THEME_EXPOSURE_GLOBE_R2024A; exact definition and upstream source in ghsl_indicator_dictionary.csv and official PDF.
ghsl_5929,ghsl_EX_CF2_NRE_2025,GHSL UCDB R2024A V1.2,https://jeodpp.jrc.ec.europa.eu/ftp/jrc-opendata/GHSL/GHS_UCDB_GLOBE_R2024A/GHS_UCDB_GLOBE_R2024A/V1-2/GHS_UCDB_GLOBE_R2024A_V1_2.zip,2026-09-19T08:41:50.435893+00:00,European Commission reuse notice: reuse authorised with source acknowledgement,Direct field EX_CF2_NRE_2025; layer GHSL_UCDB_THEME_EXPOSURE_GLOBE_R2024A; exact definition and upstream source in ghsl_indicator_dictionary.csv and official PDF.
ghsl_5929,ghsl_EX_CF1_NRE_2025,GHSL UCDB R2024A V1.2,https://jeodpp.jrc.ec.europa.eu/ftp/jrc-opendata/GHSL/GHS_UCDB_GLOBE_R2024A/GHS_UCDB_GLOBE_R2024A/V1-2/GHS_UCDB_GLOBE_R2024A_V1_2.zip,2026-09-19T08:41:50.435893+00:00,European Commission reuse notice: reuse authorised with source acknowledgement,Direct field EX_CF1_NRE_2025; layer GHSL_UCDB_THEME_EXPOSURE_GLOBE_R2024A; exact definition and upstream source in ghsl_indicator_dictionary.csv and official PDF.
ghsl_5929,ghsl_EX_CF2_SHP_2025,GHSL UCDB R2024A V1.2,https://jeodpp.jrc.ec.europa.eu/ftp/jrc-opendata/GHSL/GHS_UCDB_GLOBE_R2024A/GHS_UCDB_GLOBE_R2024A/V1-2/GHS_UCDB_GLOBE_R2024A_V1_2.zip,2026-09-19T08:41:50.435893+00:00,European Commission reuse notice: reuse authorised with source acknowledgement,Direct field EX_CF2_SHP_2025; layer GHSL_UCDB_THEME_EXPOSURE_GLOBE_R2024A; exact definition and upstream source in ghsl_indicator_dictionary.csv and official PDF.
ghsl_5929,ghsl_EX_CF1_SHP_2025,GHSL UCDB R2024A V1.2,https://jeodpp.jrc.ec.europa.eu/ftp/jrc-opendata/GHSL/GHS_UCDB_GLOBE_R2024A/GHS_UCDB_GLOBE_R2024A/V1-2/GHS_UCDB_GLOBE_R2024A_V1_2.zip,2026-09-19T08:41:50.435893+00:00,European Commission reuse notice: reuse authorised with source acknowledgement,Direct field EX_CF1_SHP_2025; layer GHSL_UCDB_THEME_EXPOSURE_GLOBE_R2024A; exact definition and upstream source in ghsl_indicator_dictionary.csv and official PDF.
ghsl_5929,ghsl_EX_CF2_SHB_2025,GHSL UCDB R2024A V1.2,https://jeodpp.jrc.ec.europa.eu/ftp/jrc-opendata/GHSL/GHS_UCDB_GLOBE_R2024A/GHS_UCDB_GLOBE_R2024A/V1-2/GHS_UCDB_GLOBE_R2024A_V1_2.zip,2026-09-19T08:41:50.435893+00:00,European Commission reuse notice: reuse authorised with source acknowledgement,Direct field EX_CF2_SHB_2025; layer GHSL_UCDB_THEME_EXPOSURE_GLOBE_R2024A; exact definition and upstream source in ghsl_indicator_dictionary.csv and official PDF.
ghsl_5929,ghsl_EX_CF1_SHB_2025,GHSL UCDB R2024A V1.2,https://jeodpp.jrc.ec.europa.eu/ftp/jrc-opendata/GHSL/GHS_UCDB_GLOBE_R2024A/GHS_UCDB_GLOBE_R2024A/V1-2/GHS_UCDB_GLOBE_R2024A_V1_2.zip,2026-09-19T08:41:50.435893+00:00,European Commission reuse notice: reuse authorised with source acknowledgement,Direct field EX_CF1_SHB_2025; layer GHSL_UCDB_THEME_EXPOSURE_GLOBE_R2024A; exact definition and upstream source in ghsl_indicator_dictionary.csv and official PDF.
ghsl_5929,ghsl_EX_CF2_SNR_2025,GHSL UCDB R2024A V1.2,https://jeodpp.jrc.ec.europa.eu/ftp/jrc-opendata/GHSL/GHS_UCDB_GLOBE_R2024A/GHS_UCDB_GLOBE_R2024A/V1-2/GHS_UCDB_GLOBE_R2024A_V1_2.zip,2026-09-19T08:41:50.435893+00:00,European Commission reuse notice: reuse authorised with source acknowledgement,Direct field EX_CF2_SNR_2025; layer GHSL_UCDB_THEME_EXPOSURE_GLOBE_R2024A; exact definition and upstream source in ghsl_indicator_dictionary.csv and official PDF.
ghsl_5929,ghsl_EX_CF1_SNR_2025,GHSL UCDB R2024A V1.2,https://jeodpp.jrc.ec.europa.eu/ftp/jrc-opendata/GHSL/GHS_UCDB_GLOBE_R2024A/GHS_UCDB_GLOBE_R2024A/V1-2/GHS_UCDB_GLOBE_R2024A_V1_2.zip,2026-09-19T08:41:50.435893+00:00,European Commission reuse notice: reuse authorised with source acknowledgement,Direct field EX_CF1_SNR_2025; layer GHSL_UCDB_THEME_EXPOSURE_GLOBE_R2024A; exact definition and upstream source in ghsl_indicator_dictionary.csv and official PDF.
ghsl_5929,ghsl_EX_L05_POP_2025,GHSL UCDB R2024A V1.2,https://jeodpp.jrc.ec.europa.eu/ftp/jrc-opendata/GHSL/GHS_UCDB_GLOBE_R2024A/GHS_UCDB_GLOBE_R2024A/V1-2/GHS_UCDB_GLOBE_R2024A_V1_2.zip,2026-09-19T08:41:50.435893+00:00,European Commission reuse notice: reuse authorised with source acknowledgement,Direct field EX_L05_POP_2025; layer GHSL_UCDB_THEME_EXPOSURE_GLOBE_R2024A; exact definition and upstream source in ghsl_indicator_dictionary.csv and official PDF.
ghsl_5929,ghsl_EX_L10_POP_2025,GHSL UCDB R2024A V1.2,https://jeodpp.jrc.ec.europa.eu/ftp/jrc-opendata/GHSL/GHS_UCDB_GLOBE_R2024A/GHS_UCDB_GLOBE_R2024A/V1-2/GHS_UCDB_GLOBE_R2024A_V1_2.zip,2026-09-19T08:41:50.435893+00:00,European Commission reuse notice: reuse authorised with source acknowledgement,Direct field EX_L10_POP_2025; layer GHSL_UCDB_THEME_EXPOSURE_GLOBE_R2024A; exact definition and upstream source in ghsl_indicator_dictionary.csv and official PDF.
ghsl_5929,ghsl_Unnamed: 0_x,GHSL UCDB R2024A V1.2,https://jeodpp.jrc.ec.europa.eu/ftp/jrc-opendata/GHSL/GHS_UCDB_GLOBE_R2024A/GHS_UCDB_GLOBE_R2024A/V1-2/GHS_UCDB_GLOBE_R2024A_V1_2.zip,2026-09-19T08:41:50.435893+00:00,European Commission reuse notice: reuse authorised with source acknowledgement,Direct field Unnamed: 0_x; layer GHSL_UCDB_THEME_EXPOSURE_GLOBE_R2024A; exact definition and upstream source in ghsl_indicator_dictionary.csv and official PDF.
ghsl_5929,ghsl_EX_L05_SHP_2025,GHSL UCDB R2024A V1.2,https://jeodpp.jrc.ec.europa.eu/ftp/jrc-opendata/GHSL/GHS_UCDB_GLOBE_R2024A/GHS_UCDB_GLOBE_R2024A/V1-2/GHS_UCDB_GLOBE_R2024A_V1_2.zip,2026-09-19T08:41:50.435893+00:00,European Commission reuse notice: reuse authorised with source acknowledgement,Direct field EX_L05_SHP_2025; layer GHSL_UCDB_THEME_EXPOSURE_GLOBE_R2024A; exact definition and upstream source in ghsl_indicator_dictionary.csv and official PDF.
ghsl_5929,ghsl_Unnamed: 0_y,GHSL UCDB R2024A V1.2,https://jeodpp.jrc.ec.europa.eu/ftp/jrc-opendata/GHSL/GHS_UCDB_GLOBE_R2024A/GHS_UCDB_GLOBE_R2024A/V1-2/GHS_UCDB_GLOBE_R2024A_V1_2.zip,2026-09-19T08:41:50.435893+00:00,European Commission reuse notice: reuse authorised with source acknowledgement,Direct field Unnamed: 0_y; layer GHSL_UCDB_THEME_EXPOSURE_GLOBE_R2024A; exact definition and upstream source in ghsl_indicator_dictionary.csv and official PDF.
ghsl_5929,ghsl_EX_L10_SHP_2025,GHSL UCDB R2024A V1.2,https://jeodpp.jrc.ec.europa.eu/ftp/jrc-opendata/GHSL/GHS_UCDB_GLOBE_R2024A/GHS_UCDB_GLOBE_R2024A/V1-2/GHS_UCDB_GLOBE_R2024A_V1_2.zip,2026-09-19T08:41:50.435893+00:00,European Commission reuse notice: reuse authorised with source acknowledgement,Direct field EX_L10_SHP_2025; layer GHSL_UCDB_THEME_EXPOSURE_GLOBE_R2024A; exact definition and upstream source in ghsl_indicator_dictionary.csv and official PDF.
ghsl_5929,ghsl_Unnamed: 0,GHSL UCDB R2024A V1.2,https://jeodpp.jrc.ec.europa.eu/ftp/jrc-opendata/GHSL/GHS_UCDB_GLOBE_R2024A/GHS_UCDB_GLOBE_R2024A/V1-2/GHS_UCDB_GLOBE_R2024A_V1_2.zip,2026-09-19T08:41:50.435893+00:00,European Commission reuse notice: reuse authorised with source acknowledgement,Direct field Unnamed: 0; layer GHSL_UCDB_THEME_EXPOSURE_GLOBE_R2024A; exact definition and upstream source in ghsl_indicator_dictionary.csv and official PDF.
ghsl_5929,ghsl_EX_LEC_SHP_2025,GHSL UCDB R2024A V1.2,https://jeodpp.jrc.ec.europa.eu/ftp/jrc-opendata/GHSL/GHS_UCDB_GLOBE_R2024A/GHS_UCDB_GLOBE_R2024A/V1-2/GHS_UCDB_GLOBE_R2024A_V1_2.zip,2026-09-19T08:41:50.435893+00:00,European Commission reuse notice: reuse authorised with source acknowledgement,Direct field EX_LEC_SHP_2025; layer GHSL_UCDB_THEME_EXPOSURE_GLOBE_R2024A; exact definition and upstream source in ghsl_indicator_dictionary.csv and official PDF.
ghsl_5929,ghsl_EX_L05_BUS_2025,GHSL UCDB R2024A V1.2,https://jeodpp.jrc.ec.europa.eu/ftp/jrc-opendata/GHSL/GHS_UCDB_GLOBE_R2024A/GHS_UCDB_GLOBE_R2024A/V1-2/GHS_UCDB_GLOBE_R2024A_V1_2.zip,2026-09-19T08:41:50.435893+00:00,European Commission reuse notice: reuse authorised with source acknowledgement,Direct field EX_L05_BUS_2025; layer GHSL_UCDB_THEME_EXPOSURE_GLOBE_R2024A; exact definition and upstream source in ghsl_indicator_dictionary.csv and official PDF.
ghsl_5929,ghsl_EX_L10_BUS_2025,GHSL UCDB R2024A V1.2,https://jeodpp.jrc.ec.europa.eu/ftp/jrc-opendata/GHSL/GHS_UCDB_GLOBE_R2024A/GHS_UCDB_GLOBE_R2024A/V1-2/GHS_UCDB_GLOBE_R2024A_V1_2.zip,2026-09-19T08:41:50.435893+00:00,European Commission reuse notice: reuse authorised with source acknowledgement,Direct field EX_L10_BUS_2025; layer GHSL_UCDB_THEME_EXPOSURE_GLOBE_R2024A; exact definition and upstream source in ghsl_indicator_dictionary.csv and official PDF.
ghsl_5929,ghsl_EX_L05_NRE_2025,GHSL UCDB R2024A V1.2,https://jeodpp.jrc.ec.europa.eu/ftp/jrc-opendata/GHSL/GHS_UCDB_GLOBE_R2024A/GHS_UCDB_GLOBE_R2024A/V1-2/GHS_UCDB_GLOBE_R2024A_V1_2.zip,2026-09-19T08:41:50.435893+00:00,European Commission reuse notice: reuse authorised with source acknowledgement,Direct field EX_L05_NRE_2025; layer GHSL_UCDB_THEME_EXPOSURE_GLOBE_R2024A; exact definition and upstream source in ghsl_indicator_dictionary.csv and official PDF.
ghsl_5929,ghsl_EX_L10_NRE_2025,GHSL UCDB R2024A V1.2,https://jeodpp.jrc.ec.europa.eu/ftp/jrc-opendata/GHSL/GHS_UCDB_GLOBE_R2024A/GHS_UCDB_GLOBE_R2024A/V1-2/GHS_UCDB_GLOBE_R2024A_V1_2.zip,2026-09-19T08:41:50.435893+00:00,European Commission reuse notice: reuse authorised with source acknowledgement,Direct field EX_L10_NRE_2025; layer GHSL_UCDB_THEME_EXPOSURE_GLOBE_R2024A; exact definition and upstream source in ghsl_indicator_dictionary.csv and official PDF.
ghsl_5929,ghsl_EX_L05_RES_2025,GHSL UCDB R2024A V1.2,https://jeodpp.jrc.ec.europa.eu/ftp/jrc-opendata/GHSL/GHS_UCDB_GLOBE_R2024A/GHS_UCDB_GLOBE_R2024A/V1-2/GHS_UCDB_GLOBE_R2024A_V1_2.zip,2026-09-19T08:41:50.435893+00:00,European Commission reuse notice: reuse authorised with source acknowledgement,Direct field EX_L05_RES_2025; layer GHSL_UCDB_THEME_EXPOSURE_GLOBE_R2024A; exact definition and upstream source in ghsl_indicator_dictionary.csv and official PDF.
ghsl_5929,ghsl_EX_L10_RES_2025,GHSL UCDB R2024A V1.2,https://jeodpp.jrc.ec.europa.eu/ftp/jrc-opendata/GHSL/GHS_UCDB_GLOBE_R2024A/GHS_UCDB_GLOBE_R2024A/V1-2/GHS_UCDB_GLOBE_R2024A_V1_2.zip,2026-09-19T08:41:50.435893+00:00,European Commission reuse notice: reuse authorised with source acknowledgement,Direct field EX_L10_RES_2025; layer GHSL_UCDB_THEME_EXPOSURE_GLOBE_R2024A; exact definition and upstream source in ghsl_indicator_dictionary.csv and official PDF.
ghsl_5929,ghsl_EX_L05_SHB_2025,GHSL UCDB R2024A V1.2,https://jeodpp.jrc.ec.europa.eu/ftp/jrc-opendata/GHSL/GHS_UCDB_GLOBE_R2024A/GHS_UCDB_GLOBE_R2024A/V1-2/GHS_UCDB_GLOBE_R2024A_V1_2.zip,2026-09-19T08:41:50.435893+00:00,European Commission reuse notice: reuse authorised with source acknowledgement,Direct field EX_L05_SHB_2025; layer GHSL_UCDB_THEME_EXPOSURE_GLOBE_R2024A; exact definition and upstream source in ghsl_indicator_dictionary.csv and official PDF.
ghsl_5929,ghsl_EX_L10_SHB_2025,GHSL UCDB R2024A V1.2,https://jeodpp.jrc.ec.europa.eu/ftp/jrc-opendata/GHSL/GHS_UCDB_GLOBE_R2024A/GHS_UCDB_GLOBE_R2024A/V1-2/GHS_UCDB_GLOBE_R2024A_V1_2.zip,2026-09-19T08:41:50.435893+00:00,European Commission reuse notice: reuse authorised with source acknowledgement,Direct field EX_L10_SHB_2025; layer GHSL_UCDB_THEME_EXPOSURE_GLOBE_R2024A; exact definition and upstream source in ghsl_indicator_dictionary.csv and official PDF.
ghsl_5929,ghsl_EX_LEC_SHB_2025,GHSL UCDB R2024A V1.2,https://jeodpp.jrc.ec.europa.eu/ftp/jrc-opendata/GHSL/GHS_UCDB_GLOBE_R2024A/GHS_UCDB_GLOBE_R2024A/V1-2/GHS_UCDB_GLOBE_R2024A_V1_2.zip,2026-09-19T08:41:50.435893+00:00,European Commission reuse notice: reuse authorised with source acknowledgement,Direct field EX_LEC_SHB_2025; layer GHSL_UCDB_THEME_EXPOSURE_GLOBE_R2024A; exact definition and upstream source in ghsl_indicator_dictionary.csv and official PDF.
ghsl_5929,ghsl_EX_L05_SNR_2025,GHSL UCDB R2024A V1.2,https://jeodpp.jrc.ec.europa.eu/ftp/jrc-opendata/GHSL/GHS_UCDB_GLOBE_R2024A/GHS_UCDB_GLOBE_R2024A/V1-2/GHS_UCDB_GLOBE_R2024A_V1_2.zip,2026-09-19T08:41:50.435893+00:00,European Commission reuse notice: reuse authorised with source acknowledgement,Direct field EX_L05_SNR_2025; layer GHSL_UCDB_THEME_EXPOSURE_GLOBE_R2024A; exact definition and upstream source in ghsl_indicator_dictionary.csv and official PDF.
ghsl_5929,ghsl_EX_L10_SNR_2025,GHSL UCDB R2024A V1.2,https://jeodpp.jrc.ec.europa.eu/ftp/jrc-opendata/GHSL/GHS_UCDB_GLOBE_R2024A/GHS_UCDB_GLOBE_R2024A/V1-2/GHS_UCDB_GLOBE_R2024A_V1_2.zip,2026-09-19T08:41:50.435893+00:00,European Commission reuse notice: reuse authorised with source acknowledgement,Direct field EX_L10_SNR_2025; layer GHSL_UCDB_THEME_EXPOSURE_GLOBE_R2024A; exact definition and upstream source in ghsl_indicator_dictionary.csv and official PDF.
ghsl_5929,ghsl_EX_LEC_SNR_2025,GHSL UCDB R2024A V1.2,https://jeodpp.jrc.ec.europa.eu/ftp/jrc-opendata/GHSL/GHS_UCDB_GLOBE_R2024A/GHS_UCDB_GLOBE_R2024A/V1-2/GHS_UCDB_GLOBE_R2024A_V1_2.zip,2026-09-19T08:41:50.435893+00:00,European Commission reuse notice: reuse authorised with source acknowledgement,Direct field EX_LEC_SNR_2025; layer GHSL_UCDB_THEME_EXPOSURE_GLOBE_R2024A; exact definition and upstream source in ghsl_indicator_dictionary.csv and official PDF.
ghsl_5929,ghsl_EX_L05_SHR_2025,GHSL UCDB R2024A V1.2,https://jeodpp.jrc.ec.europa.eu/ftp/jrc-opendata/GHSL/GHS_UCDB_GLOBE_R2024A/GHS_UCDB_GLOBE_R2024A/V1-2/GHS_UCDB_GLOBE_R2024A_V1_2.zip,2026-09-19T08:41:50.435893+00:00,European Commission reuse notice: reuse authorised with source acknowledgement,Direct field EX_L05_SHR_2025; layer GHSL_UCDB_THEME_EXPOSURE_GLOBE_R2024A; exact definition and upstream source in ghsl_indicator_dictionary.csv and official PDF.
ghsl_5929,ghsl_EX_L10_SHR_2025,GHSL UCDB R2024A V1.2,https://jeodpp.jrc.ec.europa.eu/ftp/jrc-opendata/GHSL/GHS_UCDB_GLOBE_R2024A/GHS_UCDB_GLOBE_R2024A/V1-2/GHS_UCDB_GLOBE_R2024A_V1_2.zip,2026-09-19T08:41:50.435893+00:00,European Commission reuse notice: reuse authorised with source acknowledgement,Direct field EX_L10_SHR_2025; layer GHSL_UCDB_THEME_EXPOSURE_GLOBE_R2024A; exact definition and upstream source in ghsl_indicator_dictionary.csv and official PDF.
ghsl_5929,ghsl_EX_LEC_SHR_2025,GHSL UCDB R2024A V1.2,https://jeodpp.jrc.ec.europa.eu/ftp/jrc-opendata/GHSL/GHS_UCDB_GLOBE_R2024A/GHS_UCDB_GLOBE_R2024A/V1-2/GHS_UCDB_GLOBE_R2024A_V1_2.zip,2026-09-19T08:41:50.435893+00:00,European Commission reuse notice: reuse authorised with source acknowledgement,Direct field EX_LEC_SHR_2025; layer GHSL_UCDB_THEME_EXPOSURE_GLOBE_R2024A; exact definition and upstream source in ghsl_indicator_dictionary.csv and official PDF.
ghsl_5929,ghsl_EX_L05_B11_2020,GHSL UCDB R2024A V1.2,https://jeodpp.jrc.ec.europa.eu/ftp/jrc-opendata/GHSL/GHS_UCDB_GLOBE_R2024A/GHS_UCDB_GLOBE_R2024A/V1-2/GHS_UCDB_GLOBE_R2024A_V1_2.zip,2026-09-19T08:41:50.435893+00:00,European Commission reuse notice: reuse authorised with source acknowledgement,Direct field EX_L05_B11_2020; layer GHSL_UCDB_THEME_EXPOSURE_GLOBE_R2024A; exact definition and upstream source in ghsl_indicator_dictionary.csv and official PDF.
ghsl_5929,ghsl_EX_L05_B12_2020,GHSL UCDB R2024A V1.2,https://jeodpp.jrc.ec.europa.eu/ftp/jrc-opendata/GHSL/GHS_UCDB_GLOBE_R2024A/GHS_UCDB_GLOBE_R2024A/V1-2/GHS_UCDB_GLOBE_R2024A_V1_2.zip,2026-09-19T08:41:50.435893+00:00,European Commission reuse notice: reuse authorised with source acknowledgement,Direct field EX_L05_B12_2020; layer GHSL_UCDB_THEME_EXPOSURE_GLOBE_R2024A; exact definition and upstream source in ghsl_indicator_dictionary.csv and official PDF.
ghsl_5929,ghsl_EX_L05_B13_2020,GHSL UCDB R2024A V1.2,https://jeodpp.jrc.ec.europa.eu/ftp/jrc-opendata/GHSL/GHS_UCDB_GLOBE_R2024A/GHS_UCDB_GLOBE_R2024A/V1-2/GHS_UCDB_GLOBE_R2024A_V1_2.zip,2026-09-19T08:41:50.435893+00:00,European Commission reuse notice: reuse authorised with source acknowledgement,Direct field EX_L05_B13_2020; layer GHSL_UCDB_THEME_EXPOSURE_GLOBE_R2024A; exact definition and upstream source in ghsl_indicator_dictionary.csv and official PDF.
ghsl_5929,ghsl_EX_L05_B21_2020,GHSL UCDB R2024A V1.2,https://jeodpp.jrc.ec.europa.eu/ftp/jrc-opendata/GHSL/GHS_UCDB_GLOBE_R2024A/GHS_UCDB_GLOBE_R2024A/V1-2/GHS_UCDB_GLOBE_R2024A_V1_2.zip,2026-09-19T08:41:50.435893+00:00,European Commission reuse notice: reuse authorised with source acknowledgement,Direct field EX_L05_B21_2020; layer GHSL_UCDB_THEME_EXPOSURE_GLOBE_R2024A; exact definition and upstream source in ghsl_indicator_dictionary.csv and official PDF.
ghsl_5929,ghsl_EX_L05_B22_2020,GHSL UCDB R2024A V1.2,https://jeodpp.jrc.ec.europa.eu/ftp/jrc-opendata/GHSL/GHS_UCDB_GLOBE_R2024A/GHS_UCDB_GLOBE_R2024A/V1-2/GHS_UCDB_GLOBE_R2024A_V1_2.zip,2026-09-19T08:41:50.435893+00:00,European Commission reuse notice: reuse authorised with source acknowledgement,Direct field EX_L05_B22_2020; layer GHSL_UCDB_THEME_EXPOSURE_GLOBE_R2024A; exact definition and upstream source in ghsl_indicator_dictionary.csv and official PDF.
ghsl_5929,ghsl_EX_L05_B23_2020,GHSL UCDB R2024A V1.2,https://jeodpp.jrc.ec.europa.eu/ftp/jrc-opendata/GHSL/GHS_UCDB_GLOBE_R2024A/GHS_UCDB_GLOBE_R2024A/V1-2/GHS_UCDB_GLOBE_R2024A_V1_2.zip,2026-09-19T08:41:50.435893+00:00,European Commission reuse notice: reuse authorised with source acknowledgement,Direct field EX_L05_B23_2020; layer GHSL_UCDB_THEME_EXPOSURE_GLOBE_R2024A; exact definition and upstream source in ghsl_indicator_dictionary.csv and official PDF.
ghsl_5929,ghsl_EX_L10_B11_2020,GHSL UCDB R2024A V1.2,https://jeodpp.jrc.ec.europa.eu/ftp/jrc-opendata/GHSL/GHS_UCDB_GLOBE_R2024A/GHS_UCDB_GLOBE_R2024A/V1-2/GHS_UCDB_GLOBE_R2024A_V1_2.zip,2026-09-19T08:41:50.435893+00:00,European Commission reuse notice: reuse authorised with source acknowledgement,Direct field EX_L10_B11_2020; layer GHSL_UCDB_THEME_EXPOSURE_GLOBE_R2024A; exact definition and upstream source in ghsl_indicator_dictionary.csv and official PDF.
ghsl_5929,ghsl_EX_L10_B12_2020,GHSL UCDB R2024A V1.2,https://jeodpp.jrc.ec.europa.eu/ftp/jrc-opendata/GHSL/GHS_UCDB_GLOBE_R2024A/GHS_UCDB_GLOBE_R2024A/V1-2/GHS_UCDB_GLOBE_R2024A_V1_2.zip,2026-09-19T08:41:50.435893+00:00,European Commission reuse notice: reuse authorised with source acknowledgement,Direct field EX_L10_B12_2020; layer GHSL_UCDB_THEME_EXPOSURE_GLOBE_R2024A; exact definition and upstream source in ghsl_indicator_dictionary.csv and official PDF.
ghsl_5929,ghsl_EX_L10_B13_2020,GHSL UCDB R2024A V1.2,https://jeodpp.jrc.ec.europa.eu/ftp/jrc-opendata/GHSL/GHS_UCDB_GLOBE_R2024A/GHS_UCDB_GLOBE_R2024A/V1-2/GHS_UCDB_GLOBE_R2024A_V1_2.zip,2026-09-19T08:41:50.435893+00:00,European Commission reuse notice: reuse authorised with source acknowledgement,Direct field EX_L10_B13_2020; layer GHSL_UCDB_THEME_EXPOSURE_GLOBE_R2024A; exact definition and upstream source in ghsl_indicator_dictionary.csv and official PDF.
ghsl_5929,ghsl_EX_L10_B21_2020,GHSL UCDB R2024A V1.2,https://jeodpp.jrc.ec.europa.eu/ftp/jrc-opendata/GHSL/GHS_UCDB_GLOBE_R2024A/GHS_UCDB_GLOBE_R2024A/V1-2/GHS_UCDB_GLOBE_R2024A_V1_2.zip,2026-09-19T08:41:50.435893+00:00,European Commission reuse notice: reuse authorised with source acknowledgement,Direct field EX_L10_B21_2020; layer GHSL_UCDB_THEME_EXPOSURE_GLOBE_R2024A; exact definition and upstream source in ghsl_indicator_dictionary.csv and official PDF.
ghsl_5929,ghsl_EX_L10_B22_2020,GHSL UCDB R2024A V1.2,https://jeodpp.jrc.ec.europa.eu/ftp/jrc-opendata/GHSL/GHS_UCDB_GLOBE_R2024A/GHS_UCDB_GLOBE_R2024A/V1-2/GHS_UCDB_GLOBE_R2024A_V1_2.zip,2026-09-19T08:41:50.435893+00:00,European Commission reuse notice: reuse authorised with source acknowledgement,Direct field EX_L10_B22_2020; layer GHSL_UCDB_THEME_EXPOSURE_GLOBE_R2024A; exact definition and upstream source in ghsl_indicator_dictionary.csv and official PDF.
ghsl_5929,ghsl_EX_L10_B23_2020,GHSL UCDB R2024A V1.2,https://jeodpp.jrc.ec.europa.eu/ftp/jrc-opendata/GHSL/GHS_UCDB_GLOBE_R2024A/GHS_UCDB_GLOBE_R2024A/V1-2/GHS_UCDB_GLOBE_R2024A_V1_2.zip,2026-09-19T08:41:50.435893+00:00,European Commission reuse notice: reuse authorised with source acknowledgement,Direct field EX_L10_B23_2020; layer GHSL_UCDB_THEME_EXPOSURE_GLOBE_R2024A; exact definition and upstream source in ghsl_indicator_dictionary.csv and official PDF.
ghsl_5929,ghsl_EX_L05_P11_2020,GHSL UCDB R2024A V1.2,https://jeodpp.jrc.ec.europa.eu/ftp/jrc-opendata/GHSL/GHS_UCDB_GLOBE_R2024A/GHS_UCDB_GLOBE_R2024A/V1-2/GHS_UCDB_GLOBE_R2024A_V1_2.zip,2026-09-19T08:41:50.435893+00:00,European Commission reuse notice: reuse authorised with source acknowledgement,Direct field EX_L05_P11_2020; layer GHSL_UCDB_THEME_EXPOSURE_GLOBE_R2024A; exact definition and upstream source in ghsl_indicator_dictionary.csv and official PDF.
ghsl_5929,ghsl_EX_L05_P12_2020,GHSL UCDB R2024A V1.2,https://jeodpp.jrc.ec.europa.eu/ftp/jrc-opendata/GHSL/GHS_UCDB_GLOBE_R2024A/GHS_UCDB_GLOBE_R2024A/V1-2/GHS_UCDB_GLOBE_R2024A_V1_2.zip,2026-09-19T08:41:50.435893+00:00,European Commission reuse notice: reuse authorised with source acknowledgement,Direct field EX_L05_P12_2020; layer GHSL_UCDB_THEME_EXPOSURE_GLOBE_R2024A; exact definition and upstream source in ghsl_indicator_dictionary.csv and official PDF.
ghsl_5929,ghsl_EX_L05_P13_2020,GHSL UCDB R2024A V1.2,https://jeodpp.jrc.ec.europa.eu/ftp/jrc-opendata/GHSL/GHS_UCDB_GLOBE_R2024A/GHS_UCDB_GLOBE_R2024A/V1-2/GHS_UCDB_GLOBE_R2024A_V1_2.zip,2026-09-19T08:41:50.435893+00:00,European Commission reuse notice: reuse authorised with source acknowledgement,Direct field EX_L05_P13_2020; layer GHSL_UCDB_THEME_EXPOSURE_GLOBE_R2024A; exact definition and upstream source in ghsl_indicator_dictionary.csv and official PDF.
ghsl_5929,ghsl_EX_L05_P21_2020,GHSL UCDB R2024A V1.2,https://jeodpp.jrc.ec.europa.eu/ftp/jrc-opendata/GHSL/GHS_UCDB_GLOBE_R2024A/GHS_UCDB_GLOBE_R2024A/V1-2/GHS_UCDB_GLOBE_R2024A_V1_2.zip,2026-09-19T08:41:50.435893+00:00,European Commission reuse notice: reuse authorised with source acknowledgement,Direct field EX_L05_P21_2020; layer GHSL_UCDB_THEME_EXPOSURE_GLOBE_R2024A; exact definition and upstream source in ghsl_indicator_dictionary.csv and official PDF.
ghsl_5929,ghsl_EX_L05_P22_2020,GHSL UCDB R2024A V1.2,https://jeodpp.jrc.ec.europa.eu/ftp/jrc-opendata/GHSL/GHS_UCDB_GLOBE_R2024A/GHS_UCDB_GLOBE_R2024A/V1-2/GHS_UCDB_GLOBE_R2024A_V1_2.zip,2026-09-19T08:41:50.435893+00:00,European Commission reuse notice: reuse authorised with source acknowledgement,Direct field EX_L05_P22_2020; layer GHSL_UCDB_THEME_EXPOSURE_GLOBE_R2024A; exact definition and upstream source in ghsl_indicator_dictionary.csv and official PDF.
ghsl_5929,ghsl_EX_L05_P23_2020,GHSL UCDB R2024A V1.2,https://jeodpp.jrc.ec.europa.eu/ftp/jrc-opendata/GHSL/GHS_UCDB_GLOBE_R2024A/GHS_UCDB_GLOBE_R2024A/V1-2/GHS_UCDB_GLOBE_R2024A_V1_2.zip,2026-09-19T08:41:50.435893+00:00,European Commission reuse notice: reuse authorised with source acknowledgement,Direct field EX_L05_P23_2020; layer GHSL_UCDB_THEME_EXPOSURE_GLOBE_R2024A; exact definition and upstream source in ghsl_indicator_dictionary.csv and official PDF.
ghsl_5929,ghsl_EX_L10_P11_2020,GHSL UCDB R2024A V1.2,https://jeodpp.jrc.ec.europa.eu/ftp/jrc-opendata/GHSL/GHS_UCDB_GLOBE_R2024A/GHS_UCDB_GLOBE_R2024A/V1-2/GHS_UCDB_GLOBE_R2024A_V1_2.zip,2026-09-19T08:41:50.435893+00:00,European Commission reuse notice: reuse authorised with source acknowledgement,Direct field EX_L10_P11_2020; layer GHSL_UCDB_THEME_EXPOSURE_GLOBE_R2024A; exact definition and upstream source in ghsl_indicator_dictionary.csv and official PDF.
ghsl_5929,ghsl_EX_L10_P12_2020,GHSL UCDB R2024A V1.2,https://jeodpp.jrc.ec.europa.eu/ftp/jrc-opendata/GHSL/GHS_UCDB_GLOBE_R2024A/GHS_UCDB_GLOBE_R2024A/V1-2/GHS_UCDB_GLOBE_R2024A_V1_2.zip,2026-09-19T08:41:50.435893+00:00,European Commission reuse notice: reuse authorised with source acknowledgement,Direct field EX_L10_P12_2020; layer GHSL_UCDB_THEME_EXPOSURE_GLOBE_R2024A; exact definition and upstream source in ghsl_indicator_dictionary.csv and official PDF.
ghsl_5929,ghsl_EX_L10_P13_2020,GHSL UCDB R2024A V1.2,https://jeodpp.jrc.ec.europa.eu/ftp/jrc-opendata/GHSL/GHS_UCDB_GLOBE_R2024A/GHS_UCDB_GLOBE_R2024A/V1-2/GHS_UCDB_GLOBE_R2024A_V1_2.zip,2026-09-19T08:41:50.435893+00:00,European Commission reuse notice: reuse authorised with source acknowledgement,Direct field EX_L10_P13_2020; layer GHSL_UCDB_THEME_EXPOSURE_GLOBE_R2024A; exact definition and upstream source in ghsl_indicator_dictionary.csv and official PDF.
ghsl_5929,ghsl_EX_L10_P21_2020,GHSL UCDB R2024A V1.2,https://jeodpp.jrc.ec.europa.eu/ftp/jrc-opendata/GHSL/GHS_UCDB_GLOBE_R2024A/GHS_UCDB_GLOBE_R2024A/V1-2/GHS_UCDB_GLOBE_R2024A_V1_2.zip,2026-09-19T08:41:50.435893+00:00,European Commission reuse notice: reuse authorised with source acknowledgement,Direct field EX_L10_P21_2020; layer GHSL_UCDB_THEME_EXPOSURE_GLOBE_R2024A; exact definition and upstream source in ghsl_indicator_dictionary.csv and official PDF.
ghsl_5929,ghsl_EX_L10_P22_2020,GHSL UCDB R2024A V1.2,https://jeodpp.jrc.ec.europa.eu/ftp/jrc-opendata/GHSL/GHS_UCDB_GLOBE_R2024A/GHS_UCDB_GLOBE_R2024A/V1-2/GHS_UCDB_GLOBE_R2024A_V1_2.zip,2026-09-19T08:41:50.435893+00:00,European Commission reuse notice: reuse authorised with source acknowledgement,Direct field EX_L10_P22_2020; layer GHSL_UCDB_THEME_EXPOSURE_GLOBE_R2024A; exact definition and upstream source in ghsl_indicator_dictionary.csv and official PDF.
ghsl_5929,ghsl_EX_L10_P23_2020,GHSL UCDB R2024A V1.2,https://jeodpp.jrc.ec.europa.eu/ftp/jrc-opendata/GHSL/GHS_UCDB_GLOBE_R2024A/GHS_UCDB_GLOBE_R2024A/V1-2/GHS_UCDB_GLOBE_R2024A_V1_2.zip,2026-09-19T08:41:50.435893+00:00,European Commission reuse notice: reuse authorised with source acknowledgement,Direct field EX_L10_P23_2020; layer GHSL_UCDB_THEME_EXPOSURE_GLOBE_R2024A; exact definition and upstream source in ghsl_indicator_dictionary.csv and official PDF.
ghsl_5929,ghsl_GC_UCN_LIS_2025,GHSL UCDB R2024A V1.2,https://jeodpp.jrc.ec.europa.eu/ftp/jrc-opendata/GHSL/GHS_UCDB_GLOBE_R2024A/GHS_UCDB_GLOBE_R2024A/V1-2/GHS_UCDB_GLOBE_R2024A_V1_2.zip,2026-09-19T08:41:50.435893+00:00,European Commission reuse notice: reuse authorised with source acknowledgement,Direct field GC_UCN_LIS_2025; layer GHSL_UCDB_THEME_GENERAL_CHARACTERISTICS_GLOBE_R2024A; exact definition and upstream source in ghsl_indicator_dictionary.csv and official PDF.
ghsl_5929,ghsl_GC_CNT_UNN_2025,GHSL UCDB R2024A V1.2,https://jeodpp.jrc.ec.europa.eu/ftp/jrc-opendata/GHSL/GHS_UCDB_GLOBE_R2024A/GHS_UCDB_GLOBE_R2024A/V1-2/GHS_UCDB_GLOBE_R2024A_V1_2.zip,2026-09-19T08:41:50.435893+00:00,European Commission reuse notice: reuse authorised with source acknowledgement,Direct field GC_CNT_UNN_2025; layer GHSL_UCDB_THEME_GENERAL_CHARACTERISTICS_GLOBE_R2024A; exact definition and upstream source in ghsl_indicator_dictionary.csv and official PDF.
ghsl_5929,ghsl_GC_PLS_SCR_2025,GHSL UCDB R2024A V1.2,https://jeodpp.jrc.ec.europa.eu/ftp/jrc-opendata/GHSL/GHS_UCDB_GLOBE_R2024A/GHS_UCDB_GLOBE_R2024A/V1-2/GHS_UCDB_GLOBE_R2024A_V1_2.zip,2026-09-19T08:41:50.435893+00:00,European Commission reuse notice: reuse authorised with source acknowledgement,Direct field GC_PLS_SCR_2025; layer GHSL_UCDB_THEME_GENERAL_CHARACTERISTICS_GLOBE_R2024A; exact definition and upstream source in ghsl_indicator_dictionary.csv and official PDF.
ghsl_5929,ghsl_GC_UCB_YOB_2025,GHSL UCDB R2024A V1.2,https://jeodpp.jrc.ec.europa.eu/ftp/jrc-opendata/GHSL/GHS_UCDB_GLOBE_R2024A/GHS_UCDB_GLOBE_R2024A/V1-2/GHS_UCDB_GLOBE_R2024A_V1_2.zip,2026-09-19T08:41:50.435893+00:00,European Commission reuse notice: reuse authorised with source acknowledgement,Direct field GC_UCB_YOB_2025; layer GHSL_UCDB_THEME_GENERAL_CHARACTERISTICS_GLOBE_R2024A; exact definition and upstream source in ghsl_indicator_dictionary.csv and official PDF.
ghsl_5929,ghsl_GC_UCB_YOD_2025,GHSL UCDB R2024A V1.2,https://jeodpp.jrc.ec.europa.eu/ftp/jrc-opendata/GHSL/GHS_UCDB_GLOBE_R2024A/GHS_UCDB_GLOBE_R2024A/V1-2/GHS_UCDB_GLOBE_R2024A_V1_2.zip,2026-09-19T08:41:50.435893+00:00,European Commission reuse notice: reuse authorised with source acknowledgement,Direct field GC_UCB_YOD_2025; layer GHSL_UCDB_THEME_GENERAL_CHARACTERISTICS_GLOBE_R2024A; exact definition and upstream source in ghsl_indicator_dictionary.csv and official PDF.
ghsl_5929,ghsl_GC_UCM_CAP,GHSL UCDB R2024A V1.2,https://jeodpp.jrc.ec.europa.eu/ftp/jrc-opendata/GHSL/GHS_UCDB_GLOBE_R2024A/GHS_UCDB_GLOBE_R2024A/V1-2/GHS_UCDB_GLOBE_R2024A_V1_2.zip,2026-09-19T08:41:50.435893+00:00,European Commission reuse notice: reuse authorised with source acknowledgement,Direct field GC_UCM_CAP; layer GHSL_UCDB_THEME_GENERAL_CHARACTERISTICS_GLOBE_R2024A; exact definition and upstream source in ghsl_indicator_dictionary.csv and official PDF.
ghsl_5929,ghsl_GE_BIO_A01_2025,GHSL UCDB R2024A V1.2,https://jeodpp.jrc.ec.europa.eu/ftp/jrc-opendata/GHSL/GHS_UCDB_GLOBE_R2024A/GHS_UCDB_GLOBE_R2024A/V1-2/GHS_UCDB_GLOBE_R2024A_V1_2.zip,2026-09-19T08:41:50.435893+00:00,European Commission reuse notice: reuse authorised with source acknowledgement,Direct field GE_BIO_A01_2025; layer GHSL_UCDB_THEME_GEOGRAPHY_GLOBE_R2024A; exact definition and upstream source in ghsl_indicator_dictionary.csv and official PDF.
ghsl_5929,ghsl_GE_BIO_A02_2025,GHSL UCDB R2024A V1.2,https://jeodpp.jrc.ec.europa.eu/ftp/jrc-opendata/GHSL/GHS_UCDB_GLOBE_R2024A/GHS_UCDB_GLOBE_R2024A/V1-2/GHS_UCDB_GLOBE_R2024A_V1_2.zip,2026-09-19T08:41:50.435893+00:00,European Commission reuse notice: reuse authorised with source acknowledgement,Direct field GE_BIO_A02_2025; layer GHSL_UCDB_THEME_GEOGRAPHY_GLOBE_R2024A; exact definition and upstream source in ghsl_indicator_dictionary.csv and official PDF.
ghsl_5929,ghsl_GE_BIO_A03_2025,GHSL UCDB R2024A V1.2,https://jeodpp.jrc.ec.europa.eu/ftp/jrc-opendata/GHSL/GHS_UCDB_GLOBE_R2024A/GHS_UCDB_GLOBE_R2024A/V1-2/GHS_UCDB_GLOBE_R2024A_V1_2.zip,2026-09-19T08:41:50.435893+00:00,European Commission reuse notice: reuse authorised with source acknowledgement,Direct field GE_BIO_A03_2025; layer GHSL_UCDB_THEME_GEOGRAPHY_GLOBE_R2024A; exact definition and upstream source in ghsl_indicator_dictionary.csv and official PDF.
ghsl_5929,ghsl_GE_BIO_A04_2025,GHSL UCDB R2024A V1.2,https://jeodpp.jrc.ec.europa.eu/ftp/jrc-opendata/GHSL/GHS_UCDB_GLOBE_R2024A/GHS_UCDB_GLOBE_R2024A/V1-2/GHS_UCDB_GLOBE_R2024A_V1_2.zip,2026-09-19T08:41:50.435893+00:00,European Commission reuse notice: reuse authorised with source acknowledgement,Direct field GE_BIO_A04_2025; layer GHSL_UCDB_THEME_GEOGRAPHY_GLOBE_R2024A; exact definition and upstream source in ghsl_indicator_dictionary.csv and official PDF.
ghsl_5929,ghsl_GE_BIO_A05_2025,GHSL UCDB R2024A V1.2,https://jeodpp.jrc.ec.europa.eu/ftp/jrc-opendata/GHSL/GHS_UCDB_GLOBE_R2024A/GHS_UCDB_GLOBE_R2024A/V1-2/GHS_UCDB_GLOBE_R2024A_V1_2.zip,2026-09-19T08:41:50.435893+00:00,European Commission reuse notice: reuse authorised with source acknowledgement,Direct field GE_BIO_A05_2025; layer GHSL_UCDB_THEME_GEOGRAPHY_GLOBE_R2024A; exact definition and upstream source in ghsl_indicator_dictionary.csv and official PDF.
ghsl_5929,ghsl_GE_BIO_A06_2025,GHSL UCDB R2024A V1.2,https://jeodpp.jrc.ec.europa.eu/ftp/jrc-opendata/GHSL/GHS_UCDB_GLOBE_R2024A/GHS_UCDB_GLOBE_R2024A/V1-2/GHS_UCDB_GLOBE_R2024A_V1_2.zip,2026-09-19T08:41:50.435893+00:00,European Commission reuse notice: reuse authorised with source acknowledgement,Direct field GE_BIO_A06_2025; layer GHSL_UCDB_THEME_GEOGRAPHY_GLOBE_R2024A; exact definition and upstream source in ghsl_indicator_dictionary.csv and official PDF.
ghsl_5929,ghsl_GE_BIO_A07_2025,GHSL UCDB R2024A V1.2,https://jeodpp.jrc.ec.europa.eu/ftp/jrc-opendata/GHSL/GHS_UCDB_GLOBE_R2024A/GHS_UCDB_GLOBE_R2024A/V1-2/GHS_UCDB_GLOBE_R2024A_V1_2.zip,2026-09-19T08:41:50.435893+00:00,European Commission reuse notice: reuse authorised with source acknowledgement,Direct field GE_BIO_A07_2025; layer GHSL_UCDB_THEME_GEOGRAPHY_GLOBE_R2024A; exact definition and upstream source in ghsl_indicator_dictionary.csv and official PDF.
ghsl_5929,ghsl_GE_BIO_A08_2025,GHSL UCDB R2024A V1.2,https://jeodpp.jrc.ec.europa.eu/ftp/jrc-opendata/GHSL/GHS_UCDB_GLOBE_R2024A/GHS_UCDB_GLOBE_R2024A/V1-2/GHS_UCDB_GLOBE_R2024A_V1_2.zip,2026-09-19T08:41:50.435893+00:00,European Commission reuse notice: reuse authorised with source acknowledgement,Direct field GE_BIO_A08_2025; layer GHSL_UCDB_THEME_GEOGRAPHY_GLOBE_R2024A; exact definition and upstream source in ghsl_indicator_dictionary.csv and official PDF.
ghsl_5929,ghsl_GE_BIO_A09_2025,GHSL UCDB R2024A V1.2,https://jeodpp.jrc.ec.europa.eu/ftp/jrc-opendata/GHSL/GHS_UCDB_GLOBE_R2024A/GHS_UCDB_GLOBE_R2024A/V1-2/GHS_UCDB_GLOBE_R2024A_V1_2.zip,2026-09-19T08:41:50.435893+00:00,European Commission reuse notice: reuse authorised with source acknowledgement,Direct field GE_BIO_A09_2025; layer GHSL_UCDB_THEME_GEOGRAPHY_GLOBE_R2024A; exact definition and upstream source in ghsl_indicator_dictionary.csv and official PDF.
ghsl_5929,ghsl_GE_BIO_A10_2025,GHSL UCDB R2024A V1.2,https://jeodpp.jrc.ec.europa.eu/ftp/jrc-opendata/GHSL/GHS_UCDB_GLOBE_R2024A/GHS_UCDB_GLOBE_R2024A/V1-2/GHS_UCDB_GLOBE_R2024A_V1_2.zip,2026-09-19T08:41:50.435893+00:00,European Commission reuse notice: reuse authorised with source acknowledgement,Direct field GE_BIO_A10_2025; layer GHSL_UCDB_THEME_GEOGRAPHY_GLOBE_R2024A; exact definition and upstream source in ghsl_indicator_dictionary.csv and official PDF.
ghsl_5929,ghsl_GE_BIO_A11_2025,GHSL UCDB R2024A V1.2,https://jeodpp.jrc.ec.europa.eu/ftp/jrc-opendata/GHSL/GHS_UCDB_GLOBE_R2024A/GHS_UCDB_GLOBE_R2024A/V1-2/GHS_UCDB_GLOBE_R2024A_V1_2.zip,2026-09-19T08:41:50.435893+00:00,European Commission reuse notice: reuse authorised with source acknowledgement,Direct field GE_BIO_A11_2025; layer GHSL_UCDB_THEME_GEOGRAPHY_GLOBE_R2024A; exact definition and upstream source in ghsl_indicator_dictionary.csv and official PDF.
ghsl_5929,ghsl_GE_BIO_A12_2025,GHSL UCDB R2024A V1.2,https://jeodpp.jrc.ec.europa.eu/ftp/jrc-opendata/GHSL/GHS_UCDB_GLOBE_R2024A/GHS_UCDB_GLOBE_R2024A/V1-2/GHS_UCDB_GLOBE_R2024A_V1_2.zip,2026-09-19T08:41:50.435893+00:00,European Commission reuse notice: reuse authorised with source acknowledgement,Direct field GE_BIO_A12_2025; layer GHSL_UCDB_THEME_GEOGRAPHY_GLOBE_R2024A; exact definition and upstream source in ghsl_indicator_dictionary.csv and official PDF.
ghsl_5929,ghsl_GE_BIO_A13_2025,GHSL UCDB R2024A V1.2,https://jeodpp.jrc.ec.europa.eu/ftp/jrc-opendata/GHSL/GHS_UCDB_GLOBE_R2024A/GHS_UCDB_GLOBE_R2024A/V1-2/GHS_UCDB_GLOBE_R2024A_V1_2.zip,2026-09-19T08:41:50.435893+00:00,European Commission reuse notice: reuse authorised with source acknowledgement,Direct field GE_BIO_A13_2025; layer GHSL_UCDB_THEME_GEOGRAPHY_GLOBE_R2024A; exact definition and upstream source in ghsl_indicator_dictionary.csv and official PDF.
ghsl_5929,ghsl_GE_BIO_A14_2025,GHSL UCDB R2024A V1.2,https://jeodpp.jrc.ec.europa.eu/ftp/jrc-opendata/GHSL/GHS_UCDB_GLOBE_R2024A/GHS_UCDB_GLOBE_R2024A/V1-2/GHS_UCDB_GLOBE_R2024A_V1_2.zip,2026-09-19T08:41:50.435893+00:00,European Commission reuse notice: reuse authorised with source acknowledgement,Direct field GE_BIO_A14_2025; layer GHSL_UCDB_THEME_GEOGRAPHY_GLOBE_R2024A; exact definition and upstream source in ghsl_indicator_dictionary.csv and official PDF.
ghsl_5929,ghsl_GE_BIO_A15_2025,GHSL UCDB R2024A V1.2,https://jeodpp.jrc.ec.europa.eu/ftp/jrc-opendata/GHSL/GHS_UCDB_GLOBE_R2024A/GHS_UCDB_GLOBE_R2024A/V1-2/GHS_UCDB_GLOBE_R2024A_V1_2.zip,2026-09-19T08:41:50.435893+00:00,European Commission reuse notice: reuse authorised with source acknowledgement,Direct field GE_BIO_A15_2025; layer GHSL_UCDB_THEME_GEOGRAPHY_GLOBE_R2024A; exact definition and upstream source in ghsl_indicator_dictionary.csv and official PDF.
ghsl_5929,ghsl_GE_BIO_A16_2025,GHSL UCDB R2024A V1.2,https://jeodpp.jrc.ec.europa.eu/ftp/jrc-opendata/GHSL/GHS_UCDB_GLOBE_R2024A/GHS_UCDB_GLOBE_R2024A/V1-2/GHS_UCDB_GLOBE_R2024A_V1_2.zip,2026-09-19T08:41:50.435893+00:00,European Commission reuse notice: reuse authorised with source acknowledgement,Direct field GE_BIO_A16_2025; layer GHSL_UCDB_THEME_GEOGRAPHY_GLOBE_R2024A; exact definition and upstream source in ghsl_indicator_dictionary.csv and official PDF.
ghsl_5929,ghsl_GE_BIO_A17_2025,GHSL UCDB R2024A V1.2,https://jeodpp.jrc.ec.europa.eu/ftp/jrc-opendata/GHSL/GHS_UCDB_GLOBE_R2024A/GHS_UCDB_GLOBE_R2024A/V1-2/GHS_UCDB_GLOBE_R2024A_V1_2.zip,2026-09-19T08:41:50.435893+00:00,European Commission reuse notice: reuse authorised with source acknowledgement,Direct field GE_BIO_A17_2025; layer GHSL_UCDB_THEME_GEOGRAPHY_GLOBE_R2024A; exact definition and upstream source in ghsl_indicator_dictionary.csv and official PDF.
ghsl_5929,ghsl_GE_BIO_A18_2025,GHSL UCDB R2024A V1.2,https://jeodpp.jrc.ec.europa.eu/ftp/jrc-opendata/GHSL/GHS_UCDB_GLOBE_R2024A/GHS_UCDB_GLOBE_R2024A/V1-2/GHS_UCDB_GLOBE_R2024A_V1_2.zip,2026-09-19T08:41:50.435893+00:00,European Commission reuse notice: reuse authorised with source acknowledgement,Direct field GE_BIO_A18_2025; layer GHSL_UCDB_THEME_GEOGRAPHY_GLOBE_R2024A; exact definition and upstream source in ghsl_indicator_dictionary.csv and official PDF.
ghsl_5929,ghsl_GE_BIO_A19_2025,GHSL UCDB R2024A V1.2,https://jeodpp.jrc.ec.europa.eu/ftp/jrc-opendata/GHSL/GHS_UCDB_GLOBE_R2024A/GHS_UCDB_GLOBE_R2024A/V1-2/GHS_UCDB_GLOBE_R2024A_V1_2.zip,2026-09-19T08:41:50.435893+00:00,European Commission reuse notice: reuse authorised with source acknowledgement,Direct field GE_BIO_A19_2025; layer GHSL_UCDB_THEME_GEOGRAPHY_GLOBE_R2024A; exact definition and upstream source in ghsl_indicator_dictionary.csv and official PDF.
ghsl_5929,ghsl_GE_BIO_A20_2025,GHSL UCDB R2024A V1.2,https://jeodpp.jrc.ec.europa.eu/ftp/jrc-opendata/GHSL/GHS_UCDB_GLOBE_R2024A/GHS_UCDB_GLOBE_R2024A/V1-2/GHS_UCDB_GLOBE_R2024A_V1_2.zip,2026-09-19T08:41:50.435893+00:00,European Commission reuse notice: reuse authorised with source acknowledgement,Direct field GE_BIO_A20_2025; layer GHSL_UCDB_THEME_GEOGRAPHY_GLOBE_R2024A; exact definition and upstream source in ghsl_indicator_dictionary.csv and official PDF.
ghsl_5929,ghsl_GE_BIO_A21_2025,GHSL UCDB R2024A V1.2,https://jeodpp.jrc.ec.europa.eu/ftp/jrc-opendata/GHSL/GHS_UCDB_GLOBE_R2024A/GHS_UCDB_GLOBE_R2024A/V1-2/GHS_UCDB_GLOBE_R2024A_V1_2.zip,2026-09-19T08:41:50.435893+00:00,European Commission reuse notice: reuse authorised with source acknowledgement,Direct field GE_BIO_A21_2025; layer GHSL_UCDB_THEME_GEOGRAPHY_GLOBE_R2024A; exact definition and upstream source in ghsl_indicator_dictionary.csv and official PDF.
ghsl_5929,ghsl_GE_BIO_A22_2025,GHSL UCDB R2024A V1.2,https://jeodpp.jrc.ec.europa.eu/ftp/jrc-opendata/GHSL/GHS_UCDB_GLOBE_R2024A/GHS_UCDB_GLOBE_R2024A/V1-2/GHS_UCDB_GLOBE_R2024A_V1_2.zip,2026-09-19T08:41:50.435893+00:00,European Commission reuse notice: reuse authorised with source acknowledgement,Direct field GE_BIO_A22_2025; layer GHSL_UCDB_THEME_GEOGRAPHY_GLOBE_R2024A; exact definition and upstream source in ghsl_indicator_dictionary.csv and official PDF.
ghsl_5929,ghsl_GE_BIO_A23_2025,GHSL UCDB R2024A V1.2,https://jeodpp.jrc.ec.europa.eu/ftp/jrc-opendata/GHSL/GHS_UCDB_GLOBE_R2024A/GHS_UCDB_GLOBE_R2024A/V1-2/GHS_UCDB_GLOBE_R2024A_V1_2.zip,2026-09-19T08:41:50.435893+00:00,European Commission reuse notice: reuse authorised with source acknowledgement,Direct field GE_BIO_A23_2025; layer GHSL_UCDB_THEME_GEOGRAPHY_GLOBE_R2024A; exact definition and upstream source in ghsl_indicator_dictionary.csv and official PDF.
ghsl_5929,ghsl_GE_BIO_A24_2025,GHSL UCDB R2024A V1.2,https://jeodpp.jrc.ec.europa.eu/ftp/jrc-opendata/GHSL/GHS_UCDB_GLOBE_R2024A/GHS_UCDB_GLOBE_R2024A/V1-2/GHS_UCDB_GLOBE_R2024A_V1_2.zip,2026-09-19T08:41:50.435893+00:00,European Commission reuse notice: reuse authorised with source acknowledgement,Direct field GE_BIO_A24_2025; layer GHSL_UCDB_THEME_GEOGRAPHY_GLOBE_R2024A; exact definition and upstream source in ghsl_indicator_dictionary.csv and official PDF.
ghsl_5929,ghsl_GE_ECO_CLA_2025,GHSL UCDB R2024A V1.2,https://jeodpp.jrc.ec.europa.eu/ftp/jrc-opendata/GHSL/GHS_UCDB_GLOBE_R2024A/GHS_UCDB_GLOBE_R2024A/V1-2/GHS_UCDB_GLOBE_R2024A_V1_2.zip,2026-09-19T08:41:50.435893+00:00,European Commission reuse notice: reuse authorised with source acknowledgement,Direct field GE_ECO_CLA_2025; layer GHSL_UCDB_THEME_GEOGRAPHY_GLOBE_R2024A; exact definition and upstream source in ghsl_indicator_dictionary.csv and official PDF.
ghsl_5929,ghsl_GE_ELV_AVG_2025,GHSL UCDB R2024A V1.2,https://jeodpp.jrc.ec.europa.eu/ftp/jrc-opendata/GHSL/GHS_UCDB_GLOBE_R2024A/GHS_UCDB_GLOBE_R2024A/V1-2/GHS_UCDB_GLOBE_R2024A_V1_2.zip,2026-09-19T08:41:50.435893+00:00,European Commission reuse notice: reuse authorised with source acknowledgement,Direct field GE_ELV_AVG_2025; layer GHSL_UCDB_THEME_GEOGRAPHY_GLOBE_R2024A; exact definition and upstream source in ghsl_indicator_dictionary.csv and official PDF.
ghsl_5929,ghsl_GE_MRB_MAI_2025,GHSL UCDB R2024A V1.2,https://jeodpp.jrc.ec.europa.eu/ftp/jrc-opendata/GHSL/GHS_UCDB_GLOBE_R2024A/GHS_UCDB_GLOBE_R2024A/V1-2/GHS_UCDB_GLOBE_R2024A_V1_2.zip,2026-09-19T08:41:50.435893+00:00,European Commission reuse notice: reuse authorised with source acknowledgement,Direct field GE_MRB_MAI_2025; layer GHSL_UCDB_THEME_GEOGRAPHY_GLOBE_R2024A; exact definition and upstream source in ghsl_indicator_dictionary.csv and official PDF.
ghsl_5929,ghsl_GE_MRB_LIS_2025,GHSL UCDB R2024A V1.2,https://jeodpp.jrc.ec.europa.eu/ftp/jrc-opendata/GHSL/GHS_UCDB_GLOBE_R2024A/GHS_UCDB_GLOBE_R2024A/V1-2/GHS_UCDB_GLOBE_R2024A_V1_2.zip,2026-09-19T08:41:50.435893+00:00,European Commission reuse notice: reuse authorised with source acknowledgement,Direct field GE_MRB_LIS_2025; layer GHSL_UCDB_THEME_GEOGRAPHY_GLOBE_R2024A; exact definition and upstream source in ghsl_indicator_dictionary.csv and official PDF.
ghsl_5929,ghsl_GE_SCL_MPC_2023,GHSL UCDB R2024A V1.2,https://jeodpp.jrc.ec.europa.eu/ftp/jrc-opendata/GHSL/GHS_UCDB_GLOBE_R2024A/GHS_UCDB_GLOBE_R2024A/V1-2/GHS_UCDB_GLOBE_R2024A_V1_2.zip,2026-09-19T08:41:50.435893+00:00,European Commission reuse notice: reuse authorised with source acknowledgement,Direct field GE_SCL_MPC_2023; layer GHSL_UCDB_THEME_GEOGRAPHY_GLOBE_R2024A; exact definition and upstream source in ghsl_indicator_dictionary.csv and official PDF.
ghsl_5929,ghsl_GE_SCL_LST_2023,GHSL UCDB R2024A V1.2,https://jeodpp.jrc.ec.europa.eu/ftp/jrc-opendata/GHSL/GHS_UCDB_GLOBE_R2024A/GHS_UCDB_GLOBE_R2024A/V1-2/GHS_UCDB_GLOBE_R2024A_V1_2.zip,2026-09-19T08:41:50.435893+00:00,European Commission reuse notice: reuse authorised with source acknowledgement,Direct field GE_SCL_LST_2023; layer GHSL_UCDB_THEME_GEOGRAPHY_GLOBE_R2024A; exact definition and upstream source in ghsl_indicator_dictionary.csv and official PDF.
ghsl_5929,ghsl_GH_BUS_TOT_2025,GHSL UCDB R2024A V1.2,https://jeodpp.jrc.ec.europa.eu/ftp/jrc-opendata/GHSL/GHS_UCDB_GLOBE_R2024A/GHS_UCDB_GLOBE_R2024A/V1-2/GHS_UCDB_GLOBE_R2024A_V1_2.zip,2026-09-19T08:41:50.435893+00:00,European Commission reuse notice: reuse authorised with source acknowledgement,Direct field GH_BUS_TOT_2025; layer GHSL_UCDB_THEME_GHSL_GLOBE_R2024A; exact definition and upstream source in ghsl_indicator_dictionary.csv and official PDF.
ghsl_5929,ghsl_GH_BUS_NRE_2025,GHSL UCDB R2024A V1.2,https://jeodpp.jrc.ec.europa.eu/ftp/jrc-opendata/GHSL/GHS_UCDB_GLOBE_R2024A/GHS_UCDB_GLOBE_R2024A/V1-2/GHS_UCDB_GLOBE_R2024A_V1_2.zip,2026-09-19T08:41:50.435893+00:00,European Commission reuse notice: reuse authorised with source acknowledgement,Direct field GH_BUS_NRE_2025; layer GHSL_UCDB_THEME_GHSL_GLOBE_R2024A; exact definition and upstream source in ghsl_indicator_dictionary.csv and official PDF.
ghsl_5929,ghsl_GH_BUS_RES_2025,GHSL UCDB R2024A V1.2,https://jeodpp.jrc.ec.europa.eu/ftp/jrc-opendata/GHSL/GHS_UCDB_GLOBE_R2024A/GHS_UCDB_GLOBE_R2024A/V1-2/GHS_UCDB_GLOBE_R2024A_V1_2.zip,2026-09-19T08:41:50.435893+00:00,European Commission reuse notice: reuse authorised with source acknowledgement,Direct field GH_BUS_RES_2025; layer GHSL_UCDB_THEME_GHSL_GLOBE_R2024A; exact definition and upstream source in ghsl_indicator_dictionary.csv and official PDF.
ghsl_5929,ghsl_GH_BPC_TOT_2025,GHSL UCDB R2024A V1.2,https://jeodpp.jrc.ec.europa.eu/ftp/jrc-opendata/GHSL/GHS_UCDB_GLOBE_R2024A/GHS_UCDB_GLOBE_R2024A/V1-2/GHS_UCDB_GLOBE_R2024A_V1_2.zip,2026-09-19T08:41:50.435893+00:00,European Commission reuse notice: reuse authorised with source acknowledgement,Direct field GH_BPC_TOT_2025; layer GHSL_UCDB_THEME_GHSL_GLOBE_R2024A; exact definition and upstream source in ghsl_indicator_dictionary.csv and official PDF.
ghsl_5929,ghsl_GH_BPC_NRE_2025,GHSL UCDB R2024A V1.2,https://jeodpp.jrc.ec.europa.eu/ftp/jrc-opendata/GHSL/GHS_UCDB_GLOBE_R2024A/GHS_UCDB_GLOBE_R2024A/V1-2/GHS_UCDB_GLOBE_R2024A_V1_2.zip,2026-09-19T08:41:50.435893+00:00,European Commission reuse notice: reuse authorised with source acknowledgement,Direct field GH_BPC_NRE_2025; layer GHSL_UCDB_THEME_GHSL_GLOBE_R2024A; exact definition and upstream source in ghsl_indicator_dictionary.csv and official PDF.
ghsl_5929,ghsl_GH_BPC_RES_2025,GHSL UCDB R2024A V1.2,https://jeodpp.jrc.ec.europa.eu/ftp/jrc-opendata/GHSL/GHS_UCDB_GLOBE_R2024A/GHS_UCDB_GLOBE_R2024A/V1-2/GHS_UCDB_GLOBE_R2024A_V1_2.zip,2026-09-19T08:41:50.435893+00:00,European Commission reuse notice: reuse authorised with source acknowledgement,Direct field GH_BPC_RES_2025; layer GHSL_UCDB_THEME_GHSL_GLOBE_R2024A; exact definition and upstream source in ghsl_indicator_dictionary.csv and official PDF.
ghsl_5929,ghsl_GH_BUH_AVG_2020,GHSL UCDB R2024A V1.2,https://jeodpp.jrc.ec.europa.eu/ftp/jrc-opendata/GHSL/GHS_UCDB_GLOBE_R2024A/GHS_UCDB_GLOBE_R2024A/V1-2/GHS_UCDB_GLOBE_R2024A_V1_2.zip,2026-09-19T08:41:50.435893+00:00,European Commission reuse notice: reuse authorised with source acknowledgement,Direct field GH_BUH_AVG_2020; layer GHSL_UCDB_THEME_GHSL_GLOBE_R2024A; exact definition and upstream source in ghsl_indicator_dictionary.csv and official PDF.
ghsl_5929,ghsl_GH_BUH_STD_2020,GHSL UCDB R2024A V1.2,https://jeodpp.jrc.ec.europa.eu/ftp/jrc-opendata/GHSL/GHS_UCDB_GLOBE_R2024A/GHS_UCDB_GLOBE_R2024A/V1-2/GHS_UCDB_GLOBE_R2024A_V1_2.zip,2026-09-19T08:41:50.435893+00:00,European Commission reuse notice: reuse authorised with source acknowledgement,Direct field GH_BUH_STD_2020; layer GHSL_UCDB_THEME_GHSL_GLOBE_R2024A; exact definition and upstream source in ghsl_indicator_dictionary.csv and official PDF.
ghsl_5929,ghsl_GH_BUH_MAX_2020,GHSL UCDB R2024A V1.2,https://jeodpp.jrc.ec.europa.eu/ftp/jrc-opendata/GHSL/GHS_UCDB_GLOBE_R2024A/GHS_UCDB_GLOBE_R2024A/V1-2/GHS_UCDB_GLOBE_R2024A_V1_2.zip,2026-09-19T08:41:50.435893+00:00,European Commission reuse notice: reuse authorised with source acknowledgement,Direct field GH_BUH_MAX_2020; layer GHSL_UCDB_THEME_GHSL_GLOBE_R2024A; exact definition and upstream source in ghsl_indicator_dictionary.csv and official PDF.
ghsl_5929,ghsl_GH_BUV_TOT_2025,GHSL UCDB R2024A V1.2,https://jeodpp.jrc.ec.europa.eu/ftp/jrc-opendata/GHSL/GHS_UCDB_GLOBE_R2024A/GHS_UCDB_GLOBE_R2024A/V1-2/GHS_UCDB_GLOBE_R2024A_V1_2.zip,2026-09-19T08:41:50.435893+00:00,European Commission reuse notice: reuse authorised with source acknowledgement,Direct field GH_BUV_TOT_2025; layer GHSL_UCDB_THEME_GHSL_GLOBE_R2024A; exact definition and upstream source in ghsl_indicator_dictionary.csv and official PDF.
ghsl_5929,ghsl_GH_BUV_NRE_2025,GHSL UCDB R2024A V1.2,https://jeodpp.jrc.ec.europa.eu/ftp/jrc-opendata/GHSL/GHS_UCDB_GLOBE_R2024A/GHS_UCDB_GLOBE_R2024A/V1-2/GHS_UCDB_GLOBE_R2024A_V1_2.zip,2026-09-19T08:41:50.435893+00:00,European Commission reuse notice: reuse authorised with source acknowledgement,Direct field GH_BUV_NRE_2025; layer GHSL_UCDB_THEME_GHSL_GLOBE_R2024A; exact definition and upstream source in ghsl_indicator_dictionary.csv and official PDF.
ghsl_5929,ghsl_GH_BUV_RES_2025,GHSL UCDB R2024A V1.2,https://jeodpp.jrc.ec.europa.eu/ftp/jrc-opendata/GHSL/GHS_UCDB_GLOBE_R2024A/GHS_UCDB_GLOBE_R2024A/V1-2/GHS_UCDB_GLOBE_R2024A_V1_2.zip,2026-09-19T08:41:50.435893+00:00,European Commission reuse notice: reuse authorised with source acknowledgement,Direct field GH_BUV_RES_2025; layer GHSL_UCDB_THEME_GHSL_GLOBE_R2024A; exact definition and upstream source in ghsl_indicator_dictionary.csv and official PDF.
ghsl_5929,ghsl_GH_BUT_S11_2020,GHSL UCDB R2024A V1.2,https://jeodpp.jrc.ec.europa.eu/ftp/jrc-opendata/GHSL/GHS_UCDB_GLOBE_R2024A/GHS_UCDB_GLOBE_R2024A/V1-2/GHS_UCDB_GLOBE_R2024A_V1_2.zip,2026-09-19T08:41:50.435893+00:00,European Commission reuse notice: reuse authorised with source acknowledgement,Direct field GH_BUT_S11_2020; layer GHSL_UCDB_THEME_GHSL_GLOBE_R2024A; exact definition and upstream source in ghsl_indicator_dictionary.csv and official PDF.
ghsl_5929,ghsl_GH_BUT_S12_2020,GHSL UCDB R2024A V1.2,https://jeodpp.jrc.ec.europa.eu/ftp/jrc-opendata/GHSL/GHS_UCDB_GLOBE_R2024A/GHS_UCDB_GLOBE_R2024A/V1-2/GHS_UCDB_GLOBE_R2024A_V1_2.zip,2026-09-19T08:41:50.435893+00:00,European Commission reuse notice: reuse authorised with source acknowledgement,Direct field GH_BUT_S12_2020; layer GHSL_UCDB_THEME_GHSL_GLOBE_R2024A; exact definition and upstream source in ghsl_indicator_dictionary.csv and official PDF.
ghsl_5929,ghsl_GH_BUT_S13_2020,GHSL UCDB R2024A V1.2,https://jeodpp.jrc.ec.europa.eu/ftp/jrc-opendata/GHSL/GHS_UCDB_GLOBE_R2024A/GHS_UCDB_GLOBE_R2024A/V1-2/GHS_UCDB_GLOBE_R2024A_V1_2.zip,2026-09-19T08:41:50.435893+00:00,European Commission reuse notice: reuse authorised with source acknowledgement,Direct field GH_BUT_S13_2020; layer GHSL_UCDB_THEME_GHSL_GLOBE_R2024A; exact definition and upstream source in ghsl_indicator_dictionary.csv and official PDF.
ghsl_5929,ghsl_GH_BUT_S21_2020,GHSL UCDB R2024A V1.2,https://jeodpp.jrc.ec.europa.eu/ftp/jrc-opendata/GHSL/GHS_UCDB_GLOBE_R2024A/GHS_UCDB_GLOBE_R2024A/V1-2/GHS_UCDB_GLOBE_R2024A_V1_2.zip,2026-09-19T08:41:50.435893+00:00,European Commission reuse notice: reuse authorised with source acknowledgement,Direct field GH_BUT_S21_2020; layer GHSL_UCDB_THEME_GHSL_GLOBE_R2024A; exact definition and upstream source in ghsl_indicator_dictionary.csv and official PDF.
ghsl_5929,ghsl_GH_BUT_S22_2020,GHSL UCDB R2024A V1.2,https://jeodpp.jrc.ec.europa.eu/ftp/jrc-opendata/GHSL/GHS_UCDB_GLOBE_R2024A/GHS_UCDB_GLOBE_R2024A/V1-2/GHS_UCDB_GLOBE_R2024A_V1_2.zip,2026-09-19T08:41:50.435893+00:00,European Commission reuse notice: reuse authorised with source acknowledgement,Direct field GH_BUT_S22_2020; layer GHSL_UCDB_THEME_GHSL_GLOBE_R2024A; exact definition and upstream source in ghsl_indicator_dictionary.csv and official PDF.
ghsl_5929,ghsl_GH_BUT_S23_2020,GHSL UCDB R2024A V1.2,https://jeodpp.jrc.ec.europa.eu/ftp/jrc-opendata/GHSL/GHS_UCDB_GLOBE_R2024A/GHS_UCDB_GLOBE_R2024A/V1-2/GHS_UCDB_GLOBE_R2024A_V1_2.zip,2026-09-19T08:41:50.435893+00:00,European Commission reuse notice: reuse authorised with source acknowledgement,Direct field GH_BUT_S23_2020; layer GHSL_UCDB_THEME_GHSL_GLOBE_R2024A; exact definition and upstream source in ghsl_indicator_dictionary.csv and official PDF.
ghsl_5929,ghsl_GH_BUT_V11_2020,GHSL UCDB R2024A V1.2,https://jeodpp.jrc.ec.europa.eu/ftp/jrc-opendata/GHSL/GHS_UCDB_GLOBE_R2024A/GHS_UCDB_GLOBE_R2024A/V1-2/GHS_UCDB_GLOBE_R2024A_V1_2.zip,2026-09-19T08:41:50.435893+00:00,European Commission reuse notice: reuse authorised with source acknowledgement,Direct field GH_BUT_V11_2020; layer GHSL_UCDB_THEME_GHSL_GLOBE_R2024A; exact definition and upstream source in ghsl_indicator_dictionary.csv and official PDF.
ghsl_5929,ghsl_GH_BUT_V12_2020,GHSL UCDB R2024A V1.2,https://jeodpp.jrc.ec.europa.eu/ftp/jrc-opendata/GHSL/GHS_UCDB_GLOBE_R2024A/GHS_UCDB_GLOBE_R2024A/V1-2/GHS_UCDB_GLOBE_R2024A_V1_2.zip,2026-09-19T08:41:50.435893+00:00,European Commission reuse notice: reuse authorised with source acknowledgement,Direct field GH_BUT_V12_2020; layer GHSL_UCDB_THEME_GHSL_GLOBE_R2024A; exact definition and upstream source in ghsl_indicator_dictionary.csv and official PDF.
ghsl_5929,ghsl_GH_BUT_V13_2020,GHSL UCDB R2024A V1.2,https://jeodpp.jrc.ec.europa.eu/ftp/jrc-opendata/GHSL/GHS_UCDB_GLOBE_R2024A/GHS_UCDB_GLOBE_R2024A/V1-2/GHS_UCDB_GLOBE_R2024A_V1_2.zip,2026-09-19T08:41:50.435893+00:00,European Commission reuse notice: reuse authorised with source acknowledgement,Direct field GH_BUT_V13_2020; layer GHSL_UCDB_THEME_GHSL_GLOBE_R2024A; exact definition and upstream source in ghsl_indicator_dictionary.csv and official PDF.
ghsl_5929,ghsl_GH_BUT_V21_2020,GHSL UCDB R2024A V1.2,https://jeodpp.jrc.ec.europa.eu/ftp/jrc-opendata/GHSL/GHS_UCDB_GLOBE_R2024A/GHS_UCDB_GLOBE_R2024A/V1-2/GHS_UCDB_GLOBE_R2024A_V1_2.zip,2026-09-19T08:41:50.435893+00:00,European Commission reuse notice: reuse authorised with source acknowledgement,Direct field GH_BUT_V21_2020; layer GHSL_UCDB_THEME_GHSL_GLOBE_R2024A; exact definition and upstream source in ghsl_indicator_dictionary.csv and official PDF.
ghsl_5929,ghsl_GH_BUT_V22_2020,GHSL UCDB R2024A V1.2,https://jeodpp.jrc.ec.europa.eu/ftp/jrc-opendata/GHSL/GHS_UCDB_GLOBE_R2024A/GHS_UCDB_GLOBE_R2024A/V1-2/GHS_UCDB_GLOBE_R2024A_V1_2.zip,2026-09-19T08:41:50.435893+00:00,European Commission reuse notice: reuse authorised with source acknowledgement,Direct field GH_BUT_V22_2020; layer GHSL_UCDB_THEME_GHSL_GLOBE_R2024A; exact definition and upstream source in ghsl_indicator_dictionary.csv and official PDF.
ghsl_5929,ghsl_GH_BUT_V23_2020,GHSL UCDB R2024A V1.2,https://jeodpp.jrc.ec.europa.eu/ftp/jrc-opendata/GHSL/GHS_UCDB_GLOBE_R2024A/GHS_UCDB_GLOBE_R2024A/V1-2/GHS_UCDB_GLOBE_R2024A_V1_2.zip,2026-09-19T08:41:50.435893+00:00,European Commission reuse notice: reuse authorised with source acknowledgement,Direct field GH_BUT_V23_2020; layer GHSL_UCDB_THEME_GHSL_GLOBE_R2024A; exact definition and upstream source in ghsl_indicator_dictionary.csv and official PDF.
ghsl_5929,ghsl_GH_BUT_P11_2020,GHSL UCDB R2024A V1.2,https://jeodpp.jrc.ec.europa.eu/ftp/jrc-opendata/GHSL/GHS_UCDB_GLOBE_R2024A/GHS_UCDB_GLOBE_R2024A/V1-2/GHS_UCDB_GLOBE_R2024A_V1_2.zip,2026-09-19T08:41:50.435893+00:00,European Commission reuse notice: reuse authorised with source acknowledgement,Direct field GH_BUT_P11_2020; layer GHSL_UCDB_THEME_GHSL_GLOBE_R2024A; exact definition and upstream source in ghsl_indicator_dictionary.csv and official PDF.
ghsl_5929,ghsl_GH_BUT_P12_2020,GHSL UCDB R2024A V1.2,https://jeodpp.jrc.ec.europa.eu/ftp/jrc-opendata/GHSL/GHS_UCDB_GLOBE_R2024A/GHS_UCDB_GLOBE_R2024A/V1-2/GHS_UCDB_GLOBE_R2024A_V1_2.zip,2026-09-19T08:41:50.435893+00:00,European Commission reuse notice: reuse authorised with source acknowledgement,Direct field GH_BUT_P12_2020; layer GHSL_UCDB_THEME_GHSL_GLOBE_R2024A; exact definition and upstream source in ghsl_indicator_dictionary.csv and official PDF.
ghsl_5929,ghsl_GH_BUT_P13_2020,GHSL UCDB R2024A V1.2,https://jeodpp.jrc.ec.europa.eu/ftp/jrc-opendata/GHSL/GHS_UCDB_GLOBE_R2024A/GHS_UCDB_GLOBE_R2024A/V1-2/GHS_UCDB_GLOBE_R2024A_V1_2.zip,2026-09-19T08:41:50.435893+00:00,European Commission reuse notice: reuse authorised with source acknowledgement,Direct field GH_BUT_P13_2020; layer GHSL_UCDB_THEME_GHSL_GLOBE_R2024A; exact definition and upstream source in ghsl_indicator_dictionary.csv and official PDF.
ghsl_5929,ghsl_GH_BUT_P21_2020,GHSL UCDB R2024A V1.2,https://jeodpp.jrc.ec.europa.eu/ftp/jrc-opendata/GHSL/GHS_UCDB_GLOBE_R2024A/GHS_UCDB_GLOBE_R2024A/V1-2/GHS_UCDB_GLOBE_R2024A_V1_2.zip,2026-09-19T08:41:50.435893+00:00,European Commission reuse notice: reuse authorised with source acknowledgement,Direct field GH_BUT_P21_2020; layer GHSL_UCDB_THEME_GHSL_GLOBE_R2024A; exact definition and upstream source in ghsl_indicator_dictionary.csv and official PDF.
ghsl_5929,ghsl_GH_BUT_P22_2020,GHSL UCDB R2024A V1.2,https://jeodpp.jrc.ec.europa.eu/ftp/jrc-opendata/GHSL/GHS_UCDB_GLOBE_R2024A/GHS_UCDB_GLOBE_R2024A/V1-2/GHS_UCDB_GLOBE_R2024A_V1_2.zip,2026-09-19T08:41:50.435893+00:00,European Commission reuse notice: reuse authorised with source acknowledgement,Direct field GH_BUT_P22_2020; layer GHSL_UCDB_THEME_GHSL_GLOBE_R2024A; exact definition and upstream source in ghsl_indicator_dictionary.csv and official PDF.
ghsl_5929,ghsl_GH_BUT_P23_2020,GHSL UCDB R2024A V1.2,https://jeodpp.jrc.ec.europa.eu/ftp/jrc-opendata/GHSL/GHS_UCDB_GLOBE_R2024A/GHS_UCDB_GLOBE_R2024A/V1-2/GHS_UCDB_GLOBE_R2024A_V1_2.zip,2026-09-19T08:41:50.435893+00:00,European Commission reuse notice: reuse authorised with source acknowledgement,Direct field GH_BUT_P23_2020; layer GHSL_UCDB_THEME_GHSL_GLOBE_R2024A; exact definition and upstream source in ghsl_indicator_dictionary.csv and official PDF.
ghsl_5929,ghsl_GH_AGE_S75_2025,GHSL UCDB R2024A V1.2,https://jeodpp.jrc.ec.europa.eu/ftp/jrc-opendata/GHSL/GHS_UCDB_GLOBE_R2024A/GHS_UCDB_GLOBE_R2024A/V1-2/GHS_UCDB_GLOBE_R2024A_V1_2.zip,2026-09-19T08:41:50.435893+00:00,European Commission reuse notice: reuse authorised with source acknowledgement,Direct field GH_AGE_S75_2025; layer GHSL_UCDB_THEME_GHSL_GLOBE_R2024A; exact definition and upstream source in ghsl_indicator_dictionary.csv and official PDF.
ghsl_5929,ghsl_GH_AGE_S85_2025,GHSL UCDB R2024A V1.2,https://jeodpp.jrc.ec.europa.eu/ftp/jrc-opendata/GHSL/GHS_UCDB_GLOBE_R2024A/GHS_UCDB_GLOBE_R2024A/V1-2/GHS_UCDB_GLOBE_R2024A_V1_2.zip,2026-09-19T08:41:50.435893+00:00,European Commission reuse notice: reuse authorised with source acknowledgement,Direct field GH_AGE_S85_2025; layer GHSL_UCDB_THEME_GHSL_GLOBE_R2024A; exact definition and upstream source in ghsl_indicator_dictionary.csv and official PDF.
ghsl_5929,ghsl_GH_AGE_S95_2025,GHSL UCDB R2024A V1.2,https://jeodpp.jrc.ec.europa.eu/ftp/jrc-opendata/GHSL/GHS_UCDB_GLOBE_R2024A/GHS_UCDB_GLOBE_R2024A/V1-2/GHS_UCDB_GLOBE_R2024A_V1_2.zip,2026-09-19T08:41:50.435893+00:00,European Commission reuse notice: reuse authorised with source acknowledgement,Direct field GH_AGE_S95_2025; layer GHSL_UCDB_THEME_GHSL_GLOBE_R2024A; exact definition and upstream source in ghsl_indicator_dictionary.csv and official PDF.
ghsl_5929,ghsl_GH_AGE_S05_2025,GHSL UCDB R2024A V1.2,https://jeodpp.jrc.ec.europa.eu/ftp/jrc-opendata/GHSL/GHS_UCDB_GLOBE_R2024A/GHS_UCDB_GLOBE_R2024A/V1-2/GHS_UCDB_GLOBE_R2024A_V1_2.zip,2026-09-19T08:41:50.435893+00:00,European Commission reuse notice: reuse authorised with source acknowledgement,Direct field GH_AGE_S05_2025; layer GHSL_UCDB_THEME_GHSL_GLOBE_R2024A; exact definition and upstream source in ghsl_indicator_dictionary.csv and official PDF.
ghsl_5929,ghsl_GH_AGE_S15_2025,GHSL UCDB R2024A V1.2,https://jeodpp.jrc.ec.europa.eu/ftp/jrc-opendata/GHSL/GHS_UCDB_GLOBE_R2024A/GHS_UCDB_GLOBE_R2024A/V1-2/GHS_UCDB_GLOBE_R2024A_V1_2.zip,2026-09-19T08:41:50.435893+00:00,European Commission reuse notice: reuse authorised with source acknowledgement,Direct field GH_AGE_S15_2025; layer GHSL_UCDB_THEME_GHSL_GLOBE_R2024A; exact definition and upstream source in ghsl_indicator_dictionary.csv and official PDF.
ghsl_5929,ghsl_GH_AGE_S25_2025,GHSL UCDB R2024A V1.2,https://jeodpp.jrc.ec.europa.eu/ftp/jrc-opendata/GHSL/GHS_UCDB_GLOBE_R2024A/GHS_UCDB_GLOBE_R2024A/V1-2/GHS_UCDB_GLOBE_R2024A_V1_2.zip,2026-09-19T08:41:50.435893+00:00,European Commission reuse notice: reuse authorised with source acknowledgement,Direct field GH_AGE_S25_2025; layer GHSL_UCDB_THEME_GHSL_GLOBE_R2024A; exact definition and upstream source in ghsl_indicator_dictionary.csv and official PDF.
ghsl_5929,ghsl_GH_POP_TOT_2025,GHSL UCDB R2024A V1.2,https://jeodpp.jrc.ec.europa.eu/ftp/jrc-opendata/GHSL/GHS_UCDB_GLOBE_R2024A/GHS_UCDB_GLOBE_R2024A/V1-2/GHS_UCDB_GLOBE_R2024A_V1_2.zip,2026-09-19T08:41:50.435893+00:00,European Commission reuse notice: reuse authorised with source acknowledgement,Direct field GH_POP_TOT_2025; layer GHSL_UCDB_THEME_GHSL_GLOBE_R2024A; exact definition and upstream source in ghsl_indicator_dictionary.csv and official PDF.
ghsl_5929,ghsl_GH_POP_CAG_2025,GHSL UCDB R2024A V1.2,https://jeodpp.jrc.ec.europa.eu/ftp/jrc-opendata/GHSL/GHS_UCDB_GLOBE_R2024A/GHS_UCDB_GLOBE_R2024A/V1-2/GHS_UCDB_GLOBE_R2024A_V1_2.zip,2026-09-19T08:41:50.435893+00:00,European Commission reuse notice: reuse authorised with source acknowledgement,Direct field GH_POP_CAG_2025; layer GHSL_UCDB_THEME_GHSL_GLOBE_R2024A; exact definition and upstream source in ghsl_indicator_dictionary.csv and official PDF.
ghsl_5929,ghsl_GH_XST_A11_2025,GHSL UCDB R2024A V1.2,https://jeodpp.jrc.ec.europa.eu/ftp/jrc-opendata/GHSL/GHS_UCDB_GLOBE_R2024A/GHS_UCDB_GLOBE_R2024A/V1-2/GHS_UCDB_GLOBE_R2024A_V1_2.zip,2026-09-19T08:41:50.435893+00:00,European Commission reuse notice: reuse authorised with source acknowledgement,Direct field GH_XST_A11_2025; layer GHSL_UCDB_THEME_GHSL_GLOBE_R2024A; exact definition and upstream source in ghsl_indicator_dictionary.csv and official PDF.
ghsl_5929,ghsl_GH_XST_A12_2025,GHSL UCDB R2024A V1.2,https://jeodpp.jrc.ec.europa.eu/ftp/jrc-opendata/GHSL/GHS_UCDB_GLOBE_R2024A/GHS_UCDB_GLOBE_R2024A/V1-2/GHS_UCDB_GLOBE_R2024A_V1_2.zip,2026-09-19T08:41:50.435893+00:00,European Commission reuse notice: reuse authorised with source acknowledgement,Direct field GH_XST_A12_2025; layer GHSL_UCDB_THEME_GHSL_GLOBE_R2024A; exact definition and upstream source in ghsl_indicator_dictionary.csv and official PDF.
ghsl_5929,ghsl_GH_XST_A13_2025,GHSL UCDB R2024A V1.2,https://jeodpp.jrc.ec.europa.eu/ftp/jrc-opendata/GHSL/GHS_UCDB_GLOBE_R2024A/GHS_UCDB_GLOBE_R2024A/V1-2/GHS_UCDB_GLOBE_R2024A_V1_2.zip,2026-09-19T08:41:50.435893+00:00,European Commission reuse notice: reuse authorised with source acknowledgement,Direct field GH_XST_A13_2025; layer GHSL_UCDB_THEME_GHSL_GLOBE_R2024A; exact definition and upstream source in ghsl_indicator_dictionary.csv and official PDF.
ghsl_5929,ghsl_GH_XST_A21_2025,GHSL UCDB R2024A V1.2,https://jeodpp.jrc.ec.europa.eu/ftp/jrc-opendata/GHSL/GHS_UCDB_GLOBE_R2024A/GHS_UCDB_GLOBE_R2024A/V1-2/GHS_UCDB_GLOBE_R2024A_V1_2.zip,2026-09-19T08:41:50.435893+00:00,European Commission reuse notice: reuse authorised with source acknowledgement,Direct field GH_XST_A21_2025; layer GHSL_UCDB_THEME_GHSL_GLOBE_R2024A; exact definition and upstream source in ghsl_indicator_dictionary.csv and official PDF.
ghsl_5929,ghsl_GH_XST_A22_2025,GHSL UCDB R2024A V1.2,https://jeodpp.jrc.ec.europa.eu/ftp/jrc-opendata/GHSL/GHS_UCDB_GLOBE_R2024A/GHS_UCDB_GLOBE_R2024A/V1-2/GHS_UCDB_GLOBE_R2024A_V1_2.zip,2026-09-19T08:41:50.435893+00:00,European Commission reuse notice: reuse authorised with source acknowledgement,Direct field GH_XST_A22_2025; layer GHSL_UCDB_THEME_GHSL_GLOBE_R2024A; exact definition and upstream source in ghsl_indicator_dictionary.csv and official PDF.
ghsl_5929,ghsl_XST_A23_2025,GHSL UCDB R2024A V1.2,https://jeodpp.jrc.ec.europa.eu/ftp/jrc-opendata/GHSL/GHS_UCDB_GLOBE_R2024A/GHS_UCDB_GLOBE_R2024A/V1-2/GHS_UCDB_GLOBE_R2024A_V1_2.zip,2026-09-19T08:41:50.435893+00:00,European Commission reuse notice: reuse authorised with source acknowledgement,Direct field XST_A23_2025; layer GHSL_UCDB_THEME_GHSL_GLOBE_R2024A; exact definition and upstream source in ghsl_indicator_dictionary.csv and official PDF.
ghsl_5929,ghsl_XST_A30_2025,GHSL UCDB R2024A V1.2,https://jeodpp.jrc.ec.europa.eu/ftp/jrc-opendata/GHSL/GHS_UCDB_GLOBE_R2024A/GHS_UCDB_GLOBE_R2024A/V1-2/GHS_UCDB_GLOBE_R2024A_V1_2.zip,2026-09-19T08:41:50.435893+00:00,European Commission reuse notice: reuse authorised with source acknowledgement,Direct field XST_A30_2025; layer GHSL_UCDB_THEME_GHSL_GLOBE_R2024A; exact definition and upstream source in ghsl_indicator_dictionary.csv and official PDF.
ghsl_5929,ghsl_GH_XST_S11_2025,GHSL UCDB R2024A V1.2,https://jeodpp.jrc.ec.europa.eu/ftp/jrc-opendata/GHSL/GHS_UCDB_GLOBE_R2024A/GHS_UCDB_GLOBE_R2024A/V1-2/GHS_UCDB_GLOBE_R2024A_V1_2.zip,2026-09-19T08:41:50.435893+00:00,European Commission reuse notice: reuse authorised with source acknowledgement,Direct field GH_XST_S11_2025; layer GHSL_UCDB_THEME_GHSL_GLOBE_R2024A; exact definition and upstream source in ghsl_indicator_dictionary.csv and official PDF.
ghsl_5929,ghsl_GH_XST_S12_2025,GHSL UCDB R2024A V1.2,https://jeodpp.jrc.ec.europa.eu/ftp/jrc-opendata/GHSL/GHS_UCDB_GLOBE_R2024A/GHS_UCDB_GLOBE_R2024A/V1-2/GHS_UCDB_GLOBE_R2024A_V1_2.zip,2026-09-19T08:41:50.435893+00:00,European Commission reuse notice: reuse authorised with source acknowledgement,Direct field GH_XST_S12_2025; layer GHSL_UCDB_THEME_GHSL_GLOBE_R2024A; exact definition and upstream source in ghsl_indicator_dictionary.csv and official PDF.
ghsl_5929,ghsl_GH_XST_S13_2025,GHSL UCDB R2024A V1.2,https://jeodpp.jrc.ec.europa.eu/ftp/jrc-opendata/GHSL/GHS_UCDB_GLOBE_R2024A/GHS_UCDB_GLOBE_R2024A/V1-2/GHS_UCDB_GLOBE_R2024A_V1_2.zip,2026-09-19T08:41:50.435893+00:00,European Commission reuse notice: reuse authorised with source acknowledgement,Direct field GH_XST_S13_2025; layer GHSL_UCDB_THEME_GHSL_GLOBE_R2024A; exact definition and upstream source in ghsl_indicator_dictionary.csv and official PDF.
ghsl_5929,ghsl_GH_XST_S21_2025,GHSL UCDB R2024A V1.2,https://jeodpp.jrc.ec.europa.eu/ftp/jrc-opendata/GHSL/GHS_UCDB_GLOBE_R2024A/GHS_UCDB_GLOBE_R2024A/V1-2/GHS_UCDB_GLOBE_R2024A_V1_2.zip,2026-09-19T08:41:50.435893+00:00,European Commission reuse notice: reuse authorised with source acknowledgement,Direct field GH_XST_S21_2025; layer GHSL_UCDB_THEME_GHSL_GLOBE_R2024A; exact definition and upstream source in ghsl_indicator_dictionary.csv and official PDF.
ghsl_5929,ghsl_GH_XST_S22_2025,GHSL UCDB R2024A V1.2,https://jeodpp.jrc.ec.europa.eu/ftp/jrc-opendata/GHSL/GHS_UCDB_GLOBE_R2024A/GHS_UCDB_GLOBE_R2024A/V1-2/GHS_UCDB_GLOBE_R2024A_V1_2.zip,2026-09-19T08:41:50.435893+00:00,European Commission reuse notice: reuse authorised with source acknowledgement,Direct field GH_XST_S22_2025; layer GHSL_UCDB_THEME_GHSL_GLOBE_R2024A; exact definition and upstream source in ghsl_indicator_dictionary.csv and official PDF.
ghsl_5929,ghsl_GH_XST_S23_2025,GHSL UCDB R2024A V1.2,https://jeodpp.jrc.ec.europa.eu/ftp/jrc-opendata/GHSL/GHS_UCDB_GLOBE_R2024A/GHS_UCDB_GLOBE_R2024A/V1-2/GHS_UCDB_GLOBE_R2024A_V1_2.zip,2026-09-19T08:41:50.435893+00:00,European Commission reuse notice: reuse authorised with source acknowledgement,Direct field GH_XST_S23_2025; layer GHSL_UCDB_THEME_GHSL_GLOBE_R2024A; exact definition and upstream source in ghsl_indicator_dictionary.csv and official PDF.
ghsl_5929,ghsl_GH_XST_S30_2025,GHSL UCDB R2024A V1.2,https://jeodpp.jrc.ec.europa.eu/ftp/jrc-opendata/GHSL/GHS_UCDB_GLOBE_R2024A/GHS_UCDB_GLOBE_R2024A/V1-2/GHS_UCDB_GLOBE_R2024A_V1_2.zip,2026-09-19T08:41:50.435893+00:00,European Commission reuse notice: reuse authorised with source acknowledgement,Direct field GH_XST_S30_2025; layer GHSL_UCDB_THEME_GHSL_GLOBE_R2024A; exact definition and upstream source in ghsl_indicator_dictionary.csv and official PDF.
ghsl_5929,ghsl_GH_XST_V11_2025,GHSL UCDB R2024A V1.2,https://jeodpp.jrc.ec.europa.eu/ftp/jrc-opendata/GHSL/GHS_UCDB_GLOBE_R2024A/GHS_UCDB_GLOBE_R2024A/V1-2/GHS_UCDB_GLOBE_R2024A_V1_2.zip,2026-09-19T08:41:50.435893+00:00,European Commission reuse notice: reuse authorised with source acknowledgement,Direct field GH_XST_V11_2025; layer GHSL_UCDB_THEME_GHSL_GLOBE_R2024A; exact definition and upstream source in ghsl_indicator_dictionary.csv and official PDF.
ghsl_5929,ghsl_GH_XST_V12_2025,GHSL UCDB R2024A V1.2,https://jeodpp.jrc.ec.europa.eu/ftp/jrc-opendata/GHSL/GHS_UCDB_GLOBE_R2024A/GHS_UCDB_GLOBE_R2024A/V1-2/GHS_UCDB_GLOBE_R2024A_V1_2.zip,2026-09-19T08:41:50.435893+00:00,European Commission reuse notice: reuse authorised with source acknowledgement,Direct field GH_XST_V12_2025; layer GHSL_UCDB_THEME_GHSL_GLOBE_R2024A; exact definition and upstream source in ghsl_indicator_dictionary.csv and official PDF.
ghsl_5929,ghsl_GH_XST_V13_2025,GHSL UCDB R2024A V1.2,https://jeodpp.jrc.ec.europa.eu/ftp/jrc-opendata/GHSL/GHS_UCDB_GLOBE_R2024A/GHS_UCDB_GLOBE_R2024A/V1-2/GHS_UCDB_GLOBE_R2024A_V1_2.zip,2026-09-19T08:41:50.435893+00:00,European Commission reuse notice: reuse authorised with source acknowledgement,Direct field GH_XST_V13_2025; layer GHSL_UCDB_THEME_GHSL_GLOBE_R2024A; exact definition and upstream source in ghsl_indicator_dictionary.csv and official PDF.
ghsl_5929,ghsl_GH_XST_V21_2025,GHSL UCDB R2024A V1.2,https://jeodpp.jrc.ec.europa.eu/ftp/jrc-opendata/GHSL/GHS_UCDB_GLOBE_R2024A/GHS_UCDB_GLOBE_R2024A/V1-2/GHS_UCDB_GLOBE_R2024A_V1_2.zip,2026-09-19T08:41:50.435893+00:00,European Commission reuse notice: reuse authorised with source acknowledgement,Direct field GH_XST_V21_2025; layer GHSL_UCDB_THEME_GHSL_GLOBE_R2024A; exact definition and upstream source in ghsl_indicator_dictionary.csv and official PDF.
ghsl_5929,ghsl_GH_XST_V22_2025,GHSL UCDB R2024A V1.2,https://jeodpp.jrc.ec.europa.eu/ftp/jrc-opendata/GHSL/GHS_UCDB_GLOBE_R2024A/GHS_UCDB_GLOBE_R2024A/V1-2/GHS_UCDB_GLOBE_R2024A_V1_2.zip,2026-09-19T08:41:50.435893+00:00,European Commission reuse notice: reuse authorised with source acknowledgement,Direct field GH_XST_V22_2025; layer GHSL_UCDB_THEME_GHSL_GLOBE_R2024A; exact definition and upstream source in ghsl_indicator_dictionary.csv and official PDF.
ghsl_5929,ghsl_GH_XST_V23_2025,GHSL UCDB R2024A V1.2,https://jeodpp.jrc.ec.europa.eu/ftp/jrc-opendata/GHSL/GHS_UCDB_GLOBE_R2024A/GHS_UCDB_GLOBE_R2024A/V1-2/GHS_UCDB_GLOBE_R2024A_V1_2.zip,2026-09-19T08:41:50.435893+00:00,European Commission reuse notice: reuse authorised with source acknowledgement,Direct field GH_XST_V23_2025; layer GHSL_UCDB_THEME_GHSL_GLOBE_R2024A; exact definition and upstream source in ghsl_indicator_dictionary.csv and official PDF.
ghsl_5929,ghsl_GH_XST_V30_2025,GHSL UCDB R2024A V1.2,https://jeodpp.jrc.ec.europa.eu/ftp/jrc-opendata/GHSL/GHS_UCDB_GLOBE_R2024A/GHS_UCDB_GLOBE_R2024A/V1-2/GHS_UCDB_GLOBE_R2024A_V1_2.zip,2026-09-19T08:41:50.435893+00:00,European Commission reuse notice: reuse authorised with source acknowledgement,Direct field GH_XST_V30_2025; layer GHSL_UCDB_THEME_GHSL_GLOBE_R2024A; exact definition and upstream source in ghsl_indicator_dictionary.csv and official PDF.
ghsl_5929,ghsl_GH_XST_P11_2025,GHSL UCDB R2024A V1.2,https://jeodpp.jrc.ec.europa.eu/ftp/jrc-opendata/GHSL/GHS_UCDB_GLOBE_R2024A/GHS_UCDB_GLOBE_R2024A/V1-2/GHS_UCDB_GLOBE_R2024A_V1_2.zip,2026-09-19T08:41:50.435893+00:00,European Commission reuse notice: reuse authorised with source acknowledgement,Direct field GH_XST_P11_2025; layer GHSL_UCDB_THEME_GHSL_GLOBE_R2024A; exact definition and upstream source in ghsl_indicator_dictionary.csv and official PDF.
ghsl_5929,ghsl_GH_XST_P12_2025,GHSL UCDB R2024A V1.2,https://jeodpp.jrc.ec.europa.eu/ftp/jrc-opendata/GHSL/GHS_UCDB_GLOBE_R2024A/GHS_UCDB_GLOBE_R2024A/V1-2/GHS_UCDB_GLOBE_R2024A_V1_2.zip,2026-09-19T08:41:50.435893+00:00,European Commission reuse notice: reuse authorised with source acknowledgement,Direct field GH_XST_P12_2025; layer GHSL_UCDB_THEME_GHSL_GLOBE_R2024A; exact definition and upstream source in ghsl_indicator_dictionary.csv and official PDF.
ghsl_5929,ghsl_GH_XST_P13_2025,GHSL UCDB R2024A V1.2,https://jeodpp.jrc.ec.europa.eu/ftp/jrc-opendata/GHSL/GHS_UCDB_GLOBE_R2024A/GHS_UCDB_GLOBE_R2024A/V1-2/GHS_UCDB_GLOBE_R2024A_V1_2.zip,2026-09-19T08:41:50.435893+00:00,European Commission reuse notice: reuse authorised with source acknowledgement,Direct field GH_XST_P13_2025; layer GHSL_UCDB_THEME_GHSL_GLOBE_R2024A; exact definition and upstream source in ghsl_indicator_dictionary.csv and official PDF.
ghsl_5929,ghsl_GH_XST_P21_2025,GHSL UCDB R2024A V1.2,https://jeodpp.jrc.ec.europa.eu/ftp/jrc-opendata/GHSL/GHS_UCDB_GLOBE_R2024A/GHS_UCDB_GLOBE_R2024A/V1-2/GHS_UCDB_GLOBE_R2024A_V1_2.zip,2026-09-19T08:41:50.435893+00:00,European Commission reuse notice: reuse authorised with source acknowledgement,Direct field GH_XST_P21_2025; layer GHSL_UCDB_THEME_GHSL_GLOBE_R2024A; exact definition and upstream source in ghsl_indicator_dictionary.csv and official PDF.
ghsl_5929,ghsl_GH_XST_P22_2025,GHSL UCDB R2024A V1.2,https://jeodpp.jrc.ec.europa.eu/ftp/jrc-opendata/GHSL/GHS_UCDB_GLOBE_R2024A/GHS_UCDB_GLOBE_R2024A/V1-2/GHS_UCDB_GLOBE_R2024A_V1_2.zip,2026-09-19T08:41:50.435893+00:00,European Commission reuse notice: reuse authorised with source acknowledgement,Direct field GH_XST_P22_2025; layer GHSL_UCDB_THEME_GHSL_GLOBE_R2024A; exact definition and upstream source in ghsl_indicator_dictionary.csv and official PDF.
ghsl_5929,ghsl_GH_XST_P23_2025,GHSL UCDB R2024A V1.2,https://jeodpp.jrc.ec.europa.eu/ftp/jrc-opendata/GHSL/GHS_UCDB_GLOBE_R2024A/GHS_UCDB_GLOBE_R2024A/V1-2/GHS_UCDB_GLOBE_R2024A_V1_2.zip,2026-09-19T08:41:50.435893+00:00,European Commission reuse notice: reuse authorised with source acknowledgement,Direct field GH_XST_P23_2025; layer GHSL_UCDB_THEME_GHSL_GLOBE_R2024A; exact definition and upstream source in ghsl_indicator_dictionary.csv and official PDF.
ghsl_5929,ghsl_GH_XST_P30_2025,GHSL UCDB R2024A V1.2,https://jeodpp.jrc.ec.europa.eu/ftp/jrc-opendata/GHSL/GHS_UCDB_GLOBE_R2024A/GHS_UCDB_GLOBE_R2024A/V1-2/GHS_UCDB_GLOBE_R2024A_V1_2.zip,2026-09-19T08:41:50.435893+00:00,European Commission reuse notice: reuse authorised with source acknowledgement,Direct field GH_XST_P30_2025; layer GHSL_UCDB_THEME_GHSL_GLOBE_R2024A; exact definition and upstream source in ghsl_indicator_dictionary.csv and official PDF.
ghsl_5929,ghsl_GH_XST_D11_2025,GHSL UCDB R2024A V1.2,https://jeodpp.jrc.ec.europa.eu/ftp/jrc-opendata/GHSL/GHS_UCDB_GLOBE_R2024A/GHS_UCDB_GLOBE_R2024A/V1-2/GHS_UCDB_GLOBE_R2024A_V1_2.zip,2026-09-19T08:41:50.435893+00:00,European Commission reuse notice: reuse authorised with source acknowledgement,Direct field GH_XST_D11_2025; layer GHSL_UCDB_THEME_GHSL_GLOBE_R2024A; exact definition and upstream source in ghsl_indicator_dictionary.csv and official PDF.
ghsl_5929,ghsl_GH_XST_D12_2025,GHSL UCDB R2024A V1.2,https://jeodpp.jrc.ec.europa.eu/ftp/jrc-opendata/GHSL/GHS_UCDB_GLOBE_R2024A/GHS_UCDB_GLOBE_R2024A/V1-2/GHS_UCDB_GLOBE_R2024A_V1_2.zip,2026-09-19T08:41:50.435893+00:00,European Commission reuse notice: reuse authorised with source acknowledgement,Direct field GH_XST_D12_2025; layer GHSL_UCDB_THEME_GHSL_GLOBE_R2024A; exact definition and upstream source in ghsl_indicator_dictionary.csv and official PDF.
ghsl_5929,ghsl_GH_XST_D13_2025,GHSL UCDB R2024A V1.2,https://jeodpp.jrc.ec.europa.eu/ftp/jrc-opendata/GHSL/GHS_UCDB_GLOBE_R2024A/GHS_UCDB_GLOBE_R2024A/V1-2/GHS_UCDB_GLOBE_R2024A_V1_2.zip,2026-09-19T08:41:50.435893+00:00,European Commission reuse notice: reuse authorised with source acknowledgement,Direct field GH_XST_D13_2025; layer GHSL_UCDB_THEME_GHSL_GLOBE_R2024A; exact definition and upstream source in ghsl_indicator_dictionary.csv and official PDF.
ghsl_5929,ghsl_GH_XST_D21_2025,GHSL UCDB R2024A V1.2,https://jeodpp.jrc.ec.europa.eu/ftp/jrc-opendata/GHSL/GHS_UCDB_GLOBE_R2024A/GHS_UCDB_GLOBE_R2024A/V1-2/GHS_UCDB_GLOBE_R2024A_V1_2.zip,2026-09-19T08:41:50.435893+00:00,European Commission reuse notice: reuse authorised with source acknowledgement,Direct field GH_XST_D21_2025; layer GHSL_UCDB_THEME_GHSL_GLOBE_R2024A; exact definition and upstream source in ghsl_indicator_dictionary.csv and official PDF.
ghsl_5929,ghsl_GH_XST_D22_2025,GHSL UCDB R2024A V1.2,https://jeodpp.jrc.ec.europa.eu/ftp/jrc-opendata/GHSL/GHS_UCDB_GLOBE_R2024A/GHS_UCDB_GLOBE_R2024A/V1-2/GHS_UCDB_GLOBE_R2024A_V1_2.zip,2026-09-19T08:41:50.435893+00:00,European Commission reuse notice: reuse authorised with source acknowledgement,Direct field GH_XST_D22_2025; layer GHSL_UCDB_THEME_GHSL_GLOBE_R2024A; exact definition and upstream source in ghsl_indicator_dictionary.csv and official PDF.
ghsl_5929,ghsl_GH_XST_D23_2025,GHSL UCDB R2024A V1.2,https://jeodpp.jrc.ec.europa.eu/ftp/jrc-opendata/GHSL/GHS_UCDB_GLOBE_R2024A/GHS_UCDB_GLOBE_R2024A/V1-2/GHS_UCDB_GLOBE_R2024A_V1_2.zip,2026-09-19T08:41:50.435893+00:00,European Commission reuse notice: reuse authorised with source acknowledgement,Direct field GH_XST_D23_2025; layer GHSL_UCDB_THEME_GHSL_GLOBE_R2024A; exact definition and upstream source in ghsl_indicator_dictionary.csv and official PDF.
ghsl_5929,ghsl_GH_XST_D30_2025,GHSL UCDB R2024A V1.2,https://jeodpp.jrc.ec.europa.eu/ftp/jrc-opendata/GHSL/GHS_UCDB_GLOBE_R2024A/GHS_UCDB_GLOBE_R2024A/V1-2/GHS_UCDB_GLOBE_R2024A_V1_2.zip,2026-09-19T08:41:50.435893+00:00,European Commission reuse notice: reuse authorised with source acknowledgement,Direct field GH_XST_D30_2025; layer GHSL_UCDB_THEME_GHSL_GLOBE_R2024A; exact definition and upstream source in ghsl_indicator_dictionary.csv and official PDF.
ghsl_5929,ghsl_GH_L30_2025,GHSL UCDB R2024A V1.2,https://jeodpp.jrc.ec.europa.eu/ftp/jrc-opendata/GHSL/GHS_UCDB_GLOBE_R2024A/GHS_UCDB_GLOBE_R2024A/V1-2/GHS_UCDB_GLOBE_R2024A_V1_2.zip,2026-09-19T08:41:50.435893+00:00,European Commission reuse notice: reuse authorised with source acknowledgement,Direct field GH_L30_2025; layer GHSL_UCDB_THEME_GHSL_GLOBE_R2024A; exact definition and upstream source in ghsl_indicator_dictionary.csv and official PDF.
ghsl_5929,ghsl_GH_W30_2025,GHSL UCDB R2024A V1.2,https://jeodpp.jrc.ec.europa.eu/ftp/jrc-opendata/GHSL/GHS_UCDB_GLOBE_R2024A/GHS_UCDB_GLOBE_R2024A/V1-2/GHS_UCDB_GLOBE_R2024A_V1_2.zip,2026-09-19T08:41:50.435893+00:00,European Commission reuse notice: reuse authorised with source acknowledgement,Direct field GH_W30_2025; layer GHSL_UCDB_THEME_GHSL_GLOBE_R2024A; exact definition and upstream source in ghsl_indicator_dictionary.csv and official PDF.
ghsl_5929,ghsl_GR_CTH_AVG_2020,GHSL UCDB R2024A V1.2,https://jeodpp.jrc.ec.europa.eu/ftp/jrc-opendata/GHSL/GHS_UCDB_GLOBE_R2024A/GHS_UCDB_GLOBE_R2024A/V1-2/GHS_UCDB_GLOBE_R2024A_V1_2.zip,2026-09-19T08:41:50.435893+00:00,European Commission reuse notice: reuse authorised with source acknowledgement,Direct field GR_CTH_AVG_2020; layer GHSL_UCDB_THEME_GREENNESS_GLOBE_R2024A; exact definition and upstream source in ghsl_indicator_dictionary.csv and official PDF.
ghsl_5929,ghsl_GR_CTH_STD_2020,GHSL UCDB R2024A V1.2,https://jeodpp.jrc.ec.europa.eu/ftp/jrc-opendata/GHSL/GHS_UCDB_GLOBE_R2024A/GHS_UCDB_GLOBE_R2024A/V1-2/GHS_UCDB_GLOBE_R2024A_V1_2.zip,2026-09-19T08:41:50.435893+00:00,European Commission reuse notice: reuse authorised with source acknowledgement,Direct field GR_CTH_STD_2020; layer GHSL_UCDB_THEME_GREENNESS_GLOBE_R2024A; exact definition and upstream source in ghsl_indicator_dictionary.csv and official PDF.
ghsl_5929,ghsl_GR_AVG_GRN_2025,GHSL UCDB R2024A V1.2,https://jeodpp.jrc.ec.europa.eu/ftp/jrc-opendata/GHSL/GHS_UCDB_GLOBE_R2024A/GHS_UCDB_GLOBE_R2024A/V1-2/GHS_UCDB_GLOBE_R2024A_V1_2.zip,2026-09-19T08:41:50.435893+00:00,European Commission reuse notice: reuse authorised with source acknowledgement,Direct field GR_AVG_GRN_2025; layer GHSL_UCDB_THEME_GREENNESS_GLOBE_R2024A; exact definition and upstream source in ghsl_indicator_dictionary.csv and official PDF.
ghsl_5929,ghsl_GR_SQM_LGR_2025,GHSL UCDB R2024A V1.2,https://jeodpp.jrc.ec.europa.eu/ftp/jrc-opendata/GHSL/GHS_UCDB_GLOBE_R2024A/GHS_UCDB_GLOBE_R2024A/V1-2/GHS_UCDB_GLOBE_R2024A_V1_2.zip,2026-09-19T08:41:50.435893+00:00,European Commission reuse notice: reuse authorised with source acknowledgement,Direct field GR_SQM_LGR_2025; layer GHSL_UCDB_THEME_GREENNESS_GLOBE_R2024A; exact definition and upstream source in ghsl_indicator_dictionary.csv and official PDF.
ghsl_5929,ghsl_GR_SQM_HGR_2025,GHSL UCDB R2024A V1.2,https://jeodpp.jrc.ec.europa.eu/ftp/jrc-opendata/GHSL/GHS_UCDB_GLOBE_R2024A/GHS_UCDB_GLOBE_R2024A/V1-2/GHS_UCDB_GLOBE_R2024A_V1_2.zip,2026-09-19T08:41:50.435893+00:00,European Commission reuse notice: reuse authorised with source acknowledgement,Direct field GR_SQM_HGR_2025; layer GHSL_UCDB_THEME_GREENNESS_GLOBE_R2024A; exact definition and upstream source in ghsl_indicator_dictionary.csv and official PDF.
ghsl_5929,ghsl_GR_SQM_GRN_2025,GHSL UCDB R2024A V1.2,https://jeodpp.jrc.ec.europa.eu/ftp/jrc-opendata/GHSL/GHS_UCDB_GLOBE_R2024A/GHS_UCDB_GLOBE_R2024A/V1-2/GHS_UCDB_GLOBE_R2024A_V1_2.zip,2026-09-19T08:41:50.435893+00:00,European Commission reuse notice: reuse authorised with source acknowledgement,Direct field GR_SQM_GRN_2025; layer GHSL_UCDB_THEME_GREENNESS_GLOBE_R2024A; exact definition and upstream source in ghsl_indicator_dictionary.csv and official PDF.
ghsl_5929,ghsl_GR_SHB_HGR_2025,GHSL UCDB R2024A V1.2,https://jeodpp.jrc.ec.europa.eu/ftp/jrc-opendata/GHSL/GHS_UCDB_GLOBE_R2024A/GHS_UCDB_GLOBE_R2024A/V1-2/GHS_UCDB_GLOBE_R2024A_V1_2.zip,2026-09-19T08:41:50.435893+00:00,European Commission reuse notice: reuse authorised with source acknowledgement,Direct field GR_SHB_HGR_2025; layer GHSL_UCDB_THEME_GREENNESS_GLOBE_R2024A; exact definition and upstream source in ghsl_indicator_dictionary.csv and official PDF.
ghsl_5929,ghsl_GR_SHB_GRN_2025,GHSL UCDB R2024A V1.2,https://jeodpp.jrc.ec.europa.eu/ftp/jrc-opendata/GHSL/GHS_UCDB_GLOBE_R2024A/GHS_UCDB_GLOBE_R2024A/V1-2/GHS_UCDB_GLOBE_R2024A_V1_2.zip,2026-09-19T08:41:50.435893+00:00,European Commission reuse notice: reuse authorised with source acknowledgement,Direct field GR_SHB_GRN_2025; layer GHSL_UCDB_THEME_GREENNESS_GLOBE_R2024A; exact definition and upstream source in ghsl_indicator_dictionary.csv and official PDF.
ghsl_5929,ghsl_HZ_WLF_BHA_2024,GHSL UCDB R2024A V1.2,https://jeodpp.jrc.ec.europa.eu/ftp/jrc-opendata/GHSL/GHS_UCDB_GLOBE_R2024A/GHS_UCDB_GLOBE_R2024A/V1-2/GHS_UCDB_GLOBE_R2024A_V1_2.zip,2026-09-19T08:41:50.435893+00:00,European Commission reuse notice: reuse authorised with source acknowledgement,Direct field HZ_WLF_BHA_2024; layer GHSL_UCDB_THEME_HAZARD_RISK_GLOBE_R2024A; exact definition and upstream source in ghsl_indicator_dictionary.csv and official PDF.
ghsl_5929,ghsl_HZ_WLF_NUM_2024,GHSL UCDB R2024A V1.2,https://jeodpp.jrc.ec.europa.eu/ftp/jrc-opendata/GHSL/GHS_UCDB_GLOBE_R2024A/GHS_UCDB_GLOBE_R2024A/V1-2/GHS_UCDB_GLOBE_R2024A_V1_2.zip,2026-09-19T08:41:50.435893+00:00,European Commission reuse notice: reuse authorised with source acknowledgement,Direct field HZ_WLF_NUM_2024; layer GHSL_UCDB_THEME_HAZARD_RISK_GLOBE_R2024A; exact definition and upstream source in ghsl_indicator_dictionary.csv and official PDF.
ghsl_5929,ghsl_HZ_CON_VAC_2020,GHSL UCDB R2024A V1.2,https://jeodpp.jrc.ec.europa.eu/ftp/jrc-opendata/GHSL/GHS_UCDB_GLOBE_R2024A/GHS_UCDB_GLOBE_R2024A/V1-2/GHS_UCDB_GLOBE_R2024A_V1_2.zip,2026-09-19T08:41:50.435893+00:00,European Commission reuse notice: reuse authorised with source acknowledgement,Direct field HZ_CON_VAC_2020; layer GHSL_UCDB_THEME_HAZARD_RISK_GLOBE_R2024A; exact definition and upstream source in ghsl_indicator_dictionary.csv and official PDF.
ghsl_5929,ghsl_HZ_CON_BAT_2020,GHSL UCDB R2024A V1.2,https://jeodpp.jrc.ec.europa.eu/ftp/jrc-opendata/GHSL/GHS_UCDB_GLOBE_R2024A/GHS_UCDB_GLOBE_R2024A/V1-2/GHS_UCDB_GLOBE_R2024A_V1_2.zip,2026-09-19T08:41:50.435893+00:00,European Commission reuse notice: reuse authorised with source acknowledgement,Direct field HZ_CON_BAT_2020; layer GHSL_UCDB_THEME_HAZARD_RISK_GLOBE_R2024A; exact definition and upstream source in ghsl_indicator_dictionary.csv and official PDF.
ghsl_5929,ghsl_HZ_CON_SDV_2020,GHSL UCDB R2024A V1.2,https://jeodpp.jrc.ec.europa.eu/ftp/jrc-opendata/GHSL/GHS_UCDB_GLOBE_R2024A/GHS_UCDB_GLOBE_R2024A/V1-2/GHS_UCDB_GLOBE_R2024A_V1_2.zip,2026-09-19T08:41:50.435893+00:00,European Commission reuse notice: reuse authorised with source acknowledgement,Direct field HZ_CON_SDV_2020; layer GHSL_UCDB_THEME_HAZARD_RISK_GLOBE_R2024A; exact definition and upstream source in ghsl_indicator_dictionary.csv and official PDF.
ghsl_5929,ghsl_HZ_CON_RIO_2020,GHSL UCDB R2024A V1.2,https://jeodpp.jrc.ec.europa.eu/ftp/jrc-opendata/GHSL/GHS_UCDB_GLOBE_R2024A/GHS_UCDB_GLOBE_R2024A/V1-2/GHS_UCDB_GLOBE_R2024A_V1_2.zip,2026-09-19T08:41:50.435893+00:00,European Commission reuse notice: reuse authorised with source acknowledgement,Direct field HZ_CON_RIO_2020; layer GHSL_UCDB_THEME_HAZARD_RISK_GLOBE_R2024A; exact definition and upstream source in ghsl_indicator_dictionary.csv and official PDF.
ghsl_5929,ghsl_HZ_CON_PRO_2020,GHSL UCDB R2024A V1.2,https://jeodpp.jrc.ec.europa.eu/ftp/jrc-opendata/GHSL/GHS_UCDB_GLOBE_R2024A/GHS_UCDB_GLOBE_R2024A/V1-2/GHS_UCDB_GLOBE_R2024A_V1_2.zip,2026-09-19T08:41:50.435893+00:00,European Commission reuse notice: reuse authorised with source acknowledgement,Direct field HZ_CON_PRO_2020; layer GHSL_UCDB_THEME_HAZARD_RISK_GLOBE_R2024A; exact definition and upstream source in ghsl_indicator_dictionary.csv and official PDF.
ghsl_5929,ghsl_HZ_CON_ERV_2020,GHSL UCDB R2024A V1.2,https://jeodpp.jrc.ec.europa.eu/ftp/jrc-opendata/GHSL/GHS_UCDB_GLOBE_R2024A/GHS_UCDB_GLOBE_R2024A/V1-2/GHS_UCDB_GLOBE_R2024A_V1_2.zip,2026-09-19T08:41:50.435893+00:00,European Commission reuse notice: reuse authorised with source acknowledgement,Direct field HZ_CON_ERV_2020; layer GHSL_UCDB_THEME_HAZARD_RISK_GLOBE_R2024A; exact definition and upstream source in ghsl_indicator_dictionary.csv and official PDF.
ghsl_5929,ghsl_HZ_CON_TOT_2020,GHSL UCDB R2024A V1.2,https://jeodpp.jrc.ec.europa.eu/ftp/jrc-opendata/GHSL/GHS_UCDB_GLOBE_R2024A/GHS_UCDB_GLOBE_R2024A/V1-2/GHS_UCDB_GLOBE_R2024A_V1_2.zip,2026-09-19T08:41:50.435893+00:00,European Commission reuse notice: reuse authorised with source acknowledgement,Direct field HZ_CON_TOT_2020; layer GHSL_UCDB_THEME_HAZARD_RISK_GLOBE_R2024A; exact definition and upstream source in ghsl_indicator_dictionary.csv and official PDF.
ghsl_5929,ghsl_HZ_CON_SBC_2020,GHSL UCDB R2024A V1.2,https://jeodpp.jrc.ec.europa.eu/ftp/jrc-opendata/GHSL/GHS_UCDB_GLOBE_R2024A/GHS_UCDB_GLOBE_R2024A/V1-2/GHS_UCDB_GLOBE_R2024A_V1_2.zip,2026-09-19T08:41:50.435893+00:00,European Commission reuse notice: reuse authorised with source acknowledgement,Direct field HZ_CON_SBC_2020; layer GHSL_UCDB_THEME_HAZARD_RISK_GLOBE_R2024A; exact definition and upstream source in ghsl_indicator_dictionary.csv and official PDF.
ghsl_5929,ghsl_HZ_CON_NSC_2020,GHSL UCDB R2024A V1.2,https://jeodpp.jrc.ec.europa.eu/ftp/jrc-opendata/GHSL/GHS_UCDB_GLOBE_R2024A/GHS_UCDB_GLOBE_R2024A/V1-2/GHS_UCDB_GLOBE_R2024A_V1_2.zip,2026-09-19T08:41:50.435893+00:00,European Commission reuse notice: reuse authorised with source acknowledgement,Direct field HZ_CON_NSC_2020; layer GHSL_UCDB_THEME_HAZARD_RISK_GLOBE_R2024A; exact definition and upstream source in ghsl_indicator_dictionary.csv and official PDF.
ghsl_5929,ghsl_HZ_CON_OSV_2020,GHSL UCDB R2024A V1.2,https://jeodpp.jrc.ec.europa.eu/ftp/jrc-opendata/GHSL/GHS_UCDB_GLOBE_R2024A/GHS_UCDB_GLOBE_R2024A/V1-2/GHS_UCDB_GLOBE_R2024A_V1_2.zip,2026-09-19T08:41:50.435893+00:00,European Commission reuse notice: reuse authorised with source acknowledgement,Direct field HZ_CON_OSV_2020; layer GHSL_UCDB_THEME_HAZARD_RISK_GLOBE_R2024A; exact definition and upstream source in ghsl_indicator_dictionary.csv and official PDF.
ghsl_5929,ghsl_HZ_CON_FAT_2020,GHSL UCDB R2024A V1.2,https://jeodpp.jrc.ec.europa.eu/ftp/jrc-opendata/GHSL/GHS_UCDB_GLOBE_R2024A/GHS_UCDB_GLOBE_R2024A/V1-2/GHS_UCDB_GLOBE_R2024A_V1_2.zip,2026-09-19T08:41:50.435893+00:00,European Commission reuse notice: reuse authorised with source acknowledgement,Direct field HZ_CON_FAT_2020; layer GHSL_UCDB_THEME_HAZARD_RISK_GLOBE_R2024A; exact definition and upstream source in ghsl_indicator_dictionary.csv and official PDF.
ghsl_5929,ghsl_HZ_CEV_TEV_2015,GHSL UCDB R2024A V1.2,https://jeodpp.jrc.ec.europa.eu/ftp/jrc-opendata/GHSL/GHS_UCDB_GLOBE_R2024A/GHS_UCDB_GLOBE_R2024A/V1-2/GHS_UCDB_GLOBE_R2024A_V1_2.zip,2026-09-19T08:41:50.435893+00:00,European Commission reuse notice: reuse authorised with source acknowledgement,Direct field HZ_CEV_TEV_2015; layer GHSL_UCDB_THEME_HAZARD_RISK_GLOBE_R2024A; exact definition and upstream source in ghsl_indicator_dictionary.csv and official PDF.
ghsl_5929,ghsl_HZ_CEV_THZ_2015,GHSL UCDB R2024A V1.2,https://jeodpp.jrc.ec.europa.eu/ftp/jrc-opendata/GHSL/GHS_UCDB_GLOBE_R2024A/GHS_UCDB_GLOBE_R2024A/V1-2/GHS_UCDB_GLOBE_R2024A_V1_2.zip,2026-09-19T08:41:50.435893+00:00,European Commission reuse notice: reuse authorised with source acknowledgement,Direct field HZ_CEV_THZ_2015; layer GHSL_UCDB_THEME_HAZARD_RISK_GLOBE_R2024A; exact definition and upstream source in ghsl_indicator_dictionary.csv and official PDF.
ghsl_5929,ghsl_HZ_CEV_MHZ_2015,GHSL UCDB R2024A V1.2,https://jeodpp.jrc.ec.europa.eu/ftp/jrc-opendata/GHSL/GHS_UCDB_GLOBE_R2024A/GHS_UCDB_GLOBE_R2024A/V1-2/GHS_UCDB_GLOBE_R2024A_V1_2.zip,2026-09-19T08:41:50.435893+00:00,European Commission reuse notice: reuse authorised with source acknowledgement,Direct field HZ_CEV_MHZ_2015; layer GHSL_UCDB_THEME_HAZARD_RISK_GLOBE_R2024A; exact definition and upstream source in ghsl_indicator_dictionary.csv and official PDF.
ghsl_5929,ghsl_HZ_CEV_EWI_2015,GHSL UCDB R2024A V1.2,https://jeodpp.jrc.ec.europa.eu/ftp/jrc-opendata/GHSL/GHS_UCDB_GLOBE_R2024A/GHS_UCDB_GLOBE_R2024A/V1-2/GHS_UCDB_GLOBE_R2024A_V1_2.zip,2026-09-19T08:41:50.435893+00:00,European Commission reuse notice: reuse authorised with source acknowledgement,Direct field HZ_CEV_EWI_2015; layer GHSL_UCDB_THEME_HAZARD_RISK_GLOBE_R2024A; exact definition and upstream source in ghsl_indicator_dictionary.csv and official PDF.
ghsl_5929,ghsl_HZ_CEV_HEW_2015,GHSL UCDB R2024A V1.2,https://jeodpp.jrc.ec.europa.eu/ftp/jrc-opendata/GHSL/GHS_UCDB_GLOBE_R2024A/GHS_UCDB_GLOBE_R2024A/V1-2/GHS_UCDB_GLOBE_R2024A_V1_2.zip,2026-09-19T08:41:50.435893+00:00,European Commission reuse notice: reuse authorised with source acknowledgement,Direct field HZ_CEV_HEW_2015; layer GHSL_UCDB_THEME_HAZARD_RISK_GLOBE_R2024A; exact definition and upstream source in ghsl_indicator_dictionary.csv and official PDF.
ghsl_5929,ghsl_HZ_CEV_DRO_2015,GHSL UCDB R2024A V1.2,https://jeodpp.jrc.ec.europa.eu/ftp/jrc-opendata/GHSL/GHS_UCDB_GLOBE_R2024A/GHS_UCDB_GLOBE_R2024A/V1-2/GHS_UCDB_GLOBE_R2024A_V1_2.zip,2026-09-19T08:41:50.435893+00:00,European Commission reuse notice: reuse authorised with source acknowledgement,Direct field HZ_CEV_DRO_2015; layer GHSL_UCDB_THEME_HAZARD_RISK_GLOBE_R2024A; exact definition and upstream source in ghsl_indicator_dictionary.csv and official PDF.
ghsl_5929,ghsl_HZ_CEV_COW_2015,GHSL UCDB R2024A V1.2,https://jeodpp.jrc.ec.europa.eu/ftp/jrc-opendata/GHSL/GHS_UCDB_GLOBE_R2024A/GHS_UCDB_GLOBE_R2024A/V1-2/GHS_UCDB_GLOBE_R2024A_V1_2.zip,2026-09-19T08:41:50.435893+00:00,European Commission reuse notice: reuse authorised with source acknowledgement,Direct field HZ_CEV_COW_2015; layer GHSL_UCDB_THEME_HAZARD_RISK_GLOBE_R2024A; exact definition and upstream source in ghsl_indicator_dictionary.csv and official PDF.
ghsl_5929,ghsl_HZ_CEV_FLO_2015,GHSL UCDB R2024A V1.2,https://jeodpp.jrc.ec.europa.eu/ftp/jrc-opendata/GHSL/GHS_UCDB_GLOBE_R2024A/GHS_UCDB_GLOBE_R2024A/V1-2/GHS_UCDB_GLOBE_R2024A_V1_2.zip,2026-09-19T08:41:50.435893+00:00,European Commission reuse notice: reuse authorised with source acknowledgement,Direct field HZ_CEV_FLO_2015; layer GHSL_UCDB_THEME_HAZARD_RISK_GLOBE_R2024A; exact definition and upstream source in ghsl_indicator_dictionary.csv and official PDF.
ghsl_5929,ghsl_HZ_CEV_TSU_2015,GHSL UCDB R2024A V1.2,https://jeodpp.jrc.ec.europa.eu/ftp/jrc-opendata/GHSL/GHS_UCDB_GLOBE_R2024A/GHS_UCDB_GLOBE_R2024A/V1-2/GHS_UCDB_GLOBE_R2024A_V1_2.zip,2026-09-19T08:41:50.435893+00:00,European Commission reuse notice: reuse authorised with source acknowledgement,Direct field HZ_CEV_TSU_2015; layer GHSL_UCDB_THEME_HAZARD_RISK_GLOBE_R2024A; exact definition and upstream source in ghsl_indicator_dictionary.csv and official PDF.
ghsl_5929,ghsl_HZ_CEV_TCY_2015,GHSL UCDB R2024A V1.2,https://jeodpp.jrc.ec.europa.eu/ftp/jrc-opendata/GHSL/GHS_UCDB_GLOBE_R2024A/GHS_UCDB_GLOBE_R2024A/V1-2/GHS_UCDB_GLOBE_R2024A_V1_2.zip,2026-09-19T08:41:50.435893+00:00,European Commission reuse notice: reuse authorised with source acknowledgement,Direct field HZ_CEV_TCY_2015; layer GHSL_UCDB_THEME_HAZARD_RISK_GLOBE_R2024A; exact definition and upstream source in ghsl_indicator_dictionary.csv and official PDF.
ghsl_5929,ghsl_HZ_CEV_WLF_2015,GHSL UCDB R2024A V1.2,https://jeodpp.jrc.ec.europa.eu/ftp/jrc-opendata/GHSL/GHS_UCDB_GLOBE_R2024A/GHS_UCDB_GLOBE_R2024A/V1-2/GHS_UCDB_GLOBE_R2024A_V1_2.zip,2026-09-19T08:41:50.435893+00:00,European Commission reuse notice: reuse authorised with source acknowledgement,Direct field HZ_CEV_WLF_2015; layer GHSL_UCDB_THEME_HAZARD_RISK_GLOBE_R2024A; exact definition and upstream source in ghsl_indicator_dictionary.csv and official PDF.
ghsl_5929,ghsl_HZ_CEV_LAN_2015,GHSL UCDB R2024A V1.2,https://jeodpp.jrc.ec.europa.eu/ftp/jrc-opendata/GHSL/GHS_UCDB_GLOBE_R2024A/GHS_UCDB_GLOBE_R2024A/V1-2/GHS_UCDB_GLOBE_R2024A_V1_2.zip,2026-09-19T08:41:50.435893+00:00,European Commission reuse notice: reuse authorised with source acknowledgement,Direct field HZ_CEV_LAN_2015; layer GHSL_UCDB_THEME_HAZARD_RISK_GLOBE_R2024A; exact definition and upstream source in ghsl_indicator_dictionary.csv and official PDF.
ghsl_5929,ghsl_HZ_CEV_EAR_2015,GHSL UCDB R2024A V1.2,https://jeodpp.jrc.ec.europa.eu/ftp/jrc-opendata/GHSL/GHS_UCDB_GLOBE_R2024A/GHS_UCDB_GLOBE_R2024A/V1-2/GHS_UCDB_GLOBE_R2024A_V1_2.zip,2026-09-19T08:41:50.435893+00:00,European Commission reuse notice: reuse authorised with source acknowledgement,Direct field HZ_CEV_EAR_2015; layer GHSL_UCDB_THEME_HAZARD_RISK_GLOBE_R2024A; exact definition and upstream source in ghsl_indicator_dictionary.csv and official PDF.
ghsl_5929,ghsl_HZ_CEV_VOL_2015,GHSL UCDB R2024A V1.2,https://jeodpp.jrc.ec.europa.eu/ftp/jrc-opendata/GHSL/GHS_UCDB_GLOBE_R2024A/GHS_UCDB_GLOBE_R2024A/V1-2/GHS_UCDB_GLOBE_R2024A_V1_2.zip,2026-09-19T08:41:50.435893+00:00,European Commission reuse notice: reuse authorised with source acknowledgement,Direct field HZ_CEV_VOL_2015; layer GHSL_UCDB_THEME_HAZARD_RISK_GLOBE_R2024A; exact definition and upstream source in ghsl_indicator_dictionary.csv and official PDF.
ghsl_5929,ghsl_HL_FCL_HOS_2024,GHSL UCDB R2024A V1.2,https://jeodpp.jrc.ec.europa.eu/ftp/jrc-opendata/GHSL/GHS_UCDB_GLOBE_R2024A/GHS_UCDB_GLOBE_R2024A/V1-2/GHS_UCDB_GLOBE_R2024A_V1_2.zip,2026-09-19T08:41:50.435893+00:00,European Commission reuse notice: reuse authorised with source acknowledgement,Direct field HL_FCL_HOS_2024; layer GHSL_UCDB_THEME_HEALTH_GLOBE_R2024A; exact definition and upstream source in ghsl_indicator_dictionary.csv and official PDF.
ghsl_5929,ghsl_HL_FCL_PHA_2024,GHSL UCDB R2024A V1.2,https://jeodpp.jrc.ec.europa.eu/ftp/jrc-opendata/GHSL/GHS_UCDB_GLOBE_R2024A/GHS_UCDB_GLOBE_R2024A/V1-2/GHS_UCDB_GLOBE_R2024A_V1_2.zip,2026-09-19T08:41:50.435893+00:00,European Commission reuse notice: reuse authorised with source acknowledgement,Direct field HL_FCL_PHA_2024; layer GHSL_UCDB_THEME_HEALTH_GLOBE_R2024A; exact definition and upstream source in ghsl_indicator_dictionary.csv and official PDF.
ghsl_5929,ghsl_HL_FDE_HOS_2024,GHSL UCDB R2024A V1.2,https://jeodpp.jrc.ec.europa.eu/ftp/jrc-opendata/GHSL/GHS_UCDB_GLOBE_R2024A/GHS_UCDB_GLOBE_R2024A/V1-2/GHS_UCDB_GLOBE_R2024A_V1_2.zip,2026-09-19T08:41:50.435893+00:00,European Commission reuse notice: reuse authorised with source acknowledgement,Direct field HL_FDE_HOS_2024; layer GHSL_UCDB_THEME_HEALTH_GLOBE_R2024A; exact definition and upstream source in ghsl_indicator_dictionary.csv and official PDF.
ghsl_5929,ghsl_HL_FDE_PHA_2024,GHSL UCDB R2024A V1.2,https://jeodpp.jrc.ec.europa.eu/ftp/jrc-opendata/GHSL/GHS_UCDB_GLOBE_R2024A/GHS_UCDB_GLOBE_R2024A/V1-2/GHS_UCDB_GLOBE_R2024A_V1_2.zip,2026-09-19T08:41:50.435893+00:00,European Commission reuse notice: reuse authorised with source acknowledgement,Direct field HL_FDE_PHA_2024; layer GHSL_UCDB_THEME_HEALTH_GLOBE_R2024A; exact definition and upstream source in ghsl_indicator_dictionary.csv and official PDF.
ghsl_5929,ghsl_HL_FPC_HOS_2025,GHSL UCDB R2024A V1.2,https://jeodpp.jrc.ec.europa.eu/ftp/jrc-opendata/GHSL/GHS_UCDB_GLOBE_R2024A/GHS_UCDB_GLOBE_R2024A/V1-2/GHS_UCDB_GLOBE_R2024A_V1_2.zip,2026-09-19T08:41:50.435893+00:00,European Commission reuse notice: reuse authorised with source acknowledgement,Direct field HL_FPC_HOS_2025; layer GHSL_UCDB_THEME_HEALTH_GLOBE_R2024A; exact definition and upstream source in ghsl_indicator_dictionary.csv and official PDF.
ghsl_5929,ghsl_HL_FPC_PHA_2025,GHSL UCDB R2024A V1.2,https://jeodpp.jrc.ec.europa.eu/ftp/jrc-opendata/GHSL/GHS_UCDB_GLOBE_R2024A/GHS_UCDB_GLOBE_R2024A/V1-2/GHS_UCDB_GLOBE_R2024A_V1_2.zip,2026-09-19T08:41:50.435893+00:00,European Commission reuse notice: reuse authorised with source acknowledgement,Direct field HL_FPC_PHA_2025; layer GHSL_UCDB_THEME_HEALTH_GLOBE_R2024A; exact definition and upstream source in ghsl_indicator_dictionary.csv and official PDF.
ghsl_5929,ghsl_HL_POP_HOS_2025,GHSL UCDB R2024A V1.2,https://jeodpp.jrc.ec.europa.eu/ftp/jrc-opendata/GHSL/GHS_UCDB_GLOBE_R2024A/GHS_UCDB_GLOBE_R2024A/V1-2/GHS_UCDB_GLOBE_R2024A_V1_2.zip,2026-09-19T08:41:50.435893+00:00,European Commission reuse notice: reuse authorised with source acknowledgement,Direct field HL_POP_HOS_2025; layer GHSL_UCDB_THEME_HEALTH_GLOBE_R2024A; exact definition and upstream source in ghsl_indicator_dictionary.csv and official PDF.
ghsl_5929,ghsl_HL_POP_PHA_2025,GHSL UCDB R2024A V1.2,https://jeodpp.jrc.ec.europa.eu/ftp/jrc-opendata/GHSL/GHS_UCDB_GLOBE_R2024A/GHS_UCDB_GLOBE_R2024A/V1-2/GHS_UCDB_GLOBE_R2024A_V1_2.zip,2026-09-19T08:41:50.435893+00:00,European Commission reuse notice: reuse authorised with source acknowledgement,Direct field HL_POP_PHA_2025; layer GHSL_UCDB_THEME_HEALTH_GLOBE_R2024A; exact definition and upstream source in ghsl_indicator_dictionary.csv and official PDF.
ghsl_5929,ghsl_HL_SHP_HOS_2025,GHSL UCDB R2024A V1.2,https://jeodpp.jrc.ec.europa.eu/ftp/jrc-opendata/GHSL/GHS_UCDB_GLOBE_R2024A/GHS_UCDB_GLOBE_R2024A/V1-2/GHS_UCDB_GLOBE_R2024A_V1_2.zip,2026-09-19T08:41:50.435893+00:00,European Commission reuse notice: reuse authorised with source acknowledgement,Direct field HL_SHP_HOS_2025; layer GHSL_UCDB_THEME_HEALTH_GLOBE_R2024A; exact definition and upstream source in ghsl_indicator_dictionary.csv and official PDF.
ghsl_5929,ghsl_HL_SHP_PHA_2025,GHSL UCDB R2024A V1.2,https://jeodpp.jrc.ec.europa.eu/ftp/jrc-opendata/GHSL/GHS_UCDB_GLOBE_R2024A/GHS_UCDB_GLOBE_R2024A/V1-2/GHS_UCDB_GLOBE_R2024A_V1_2.zip,2026-09-19T08:41:50.435893+00:00,European Commission reuse notice: reuse authorised with source acknowledgement,Direct field HL_SHP_PHA_2025; layer GHSL_UCDB_THEME_HEALTH_GLOBE_R2024A; exact definition and upstream source in ghsl_indicator_dictionary.csv and official PDF.
ghsl_5929,ghsl_IN_CIS_ENE_2020,GHSL UCDB R2024A V1.2,https://jeodpp.jrc.ec.europa.eu/ftp/jrc-opendata/GHSL/GHS_UCDB_GLOBE_R2024A/GHS_UCDB_GLOBE_R2024A/V1-2/GHS_UCDB_GLOBE_R2024A_V1_2.zip,2026-09-19T08:41:50.435893+00:00,European Commission reuse notice: reuse authorised with source acknowledgement,Direct field IN_CIS_ENE_2020; layer GHSL_UCDB_THEME_INFRASTRUCTURES_GLOBE_R2024A; exact definition and upstream source in ghsl_indicator_dictionary.csv and official PDF.
ghsl_5929,ghsl_IN_CIS_TRA_2020,GHSL UCDB R2024A V1.2,https://jeodpp.jrc.ec.europa.eu/ftp/jrc-opendata/GHSL/GHS_UCDB_GLOBE_R2024A/GHS_UCDB_GLOBE_R2024A/V1-2/GHS_UCDB_GLOBE_R2024A_V1_2.zip,2026-09-19T08:41:50.435893+00:00,European Commission reuse notice: reuse authorised with source acknowledgement,Direct field IN_CIS_TRA_2020; layer GHSL_UCDB_THEME_INFRASTRUCTURES_GLOBE_R2024A; exact definition and upstream source in ghsl_indicator_dictionary.csv and official PDF.
ghsl_5929,ghsl_IN_CIS_WAT_2020,GHSL UCDB R2024A V1.2,https://jeodpp.jrc.ec.europa.eu/ftp/jrc-opendata/GHSL/GHS_UCDB_GLOBE_R2024A/GHS_UCDB_GLOBE_R2024A/V1-2/GHS_UCDB_GLOBE_R2024A_V1_2.zip,2026-09-19T08:41:50.435893+00:00,European Commission reuse notice: reuse authorised with source acknowledgement,Direct field IN_CIS_WAT_2020; layer GHSL_UCDB_THEME_INFRASTRUCTURES_GLOBE_R2024A; exact definition and upstream source in ghsl_indicator_dictionary.csv and official PDF.
ghsl_5929,ghsl_IN_CIS_WAS_2020,GHSL UCDB R2024A V1.2,https://jeodpp.jrc.ec.europa.eu/ftp/jrc-opendata/GHSL/GHS_UCDB_GLOBE_R2024A/GHS_UCDB_GLOBE_R2024A/V1-2/GHS_UCDB_GLOBE_R2024A_V1_2.zip,2026-09-19T08:41:50.435893+00:00,European Commission reuse notice: reuse authorised with source acknowledgement,Direct field IN_CIS_WAS_2020; layer GHSL_UCDB_THEME_INFRASTRUCTURES_GLOBE_R2024A; exact definition and upstream source in ghsl_indicator_dictionary.csv and official PDF.
ghsl_5929,ghsl_IN_CIS_TEL_2020,GHSL UCDB R2024A V1.2,https://jeodpp.jrc.ec.europa.eu/ftp/jrc-opendata/GHSL/GHS_UCDB_GLOBE_R2024A/GHS_UCDB_GLOBE_R2024A/V1-2/GHS_UCDB_GLOBE_R2024A_V1_2.zip,2026-09-19T08:41:50.435893+00:00,European Commission reuse notice: reuse authorised with source acknowledgement,Direct field IN_CIS_TEL_2020; layer GHSL_UCDB_THEME_INFRASTRUCTURES_GLOBE_R2024A; exact definition and upstream source in ghsl_indicator_dictionary.csv and official PDF.
ghsl_5929,ghsl_IN_CIS_HEA_2020,GHSL UCDB R2024A V1.2,https://jeodpp.jrc.ec.europa.eu/ftp/jrc-opendata/GHSL/GHS_UCDB_GLOBE_R2024A/GHS_UCDB_GLOBE_R2024A/V1-2/GHS_UCDB_GLOBE_R2024A_V1_2.zip,2026-09-19T08:41:50.435893+00:00,European Commission reuse notice: reuse authorised with source acknowledgement,Direct field IN_CIS_HEA_2020; layer GHSL_UCDB_THEME_INFRASTRUCTURES_GLOBE_R2024A; exact definition and upstream source in ghsl_indicator_dictionary.csv and official PDF.
ghsl_5929,ghsl_IN_CIS_EDU_2020,GHSL UCDB R2024A V1.2,https://jeodpp.jrc.ec.europa.eu/ftp/jrc-opendata/GHSL/GHS_UCDB_GLOBE_R2024A/GHS_UCDB_GLOBE_R2024A/V1-2/GHS_UCDB_GLOBE_R2024A_V1_2.zip,2026-09-19T08:41:50.435893+00:00,European Commission reuse notice: reuse authorised with source acknowledgement,Direct field IN_CIS_EDU_2020; layer GHSL_UCDB_THEME_INFRASTRUCTURES_GLOBE_R2024A; exact definition and upstream source in ghsl_indicator_dictionary.csv and official PDF.
ghsl_5929,ghsl_IN_CIS_ALL_2020,GHSL UCDB R2024A V1.2,https://jeodpp.jrc.ec.europa.eu/ftp/jrc-opendata/GHSL/GHS_UCDB_GLOBE_R2024A/GHS_UCDB_GLOBE_R2024A/V1-2/GHS_UCDB_GLOBE_R2024A_V1_2.zip,2026-09-19T08:41:50.435893+00:00,European Commission reuse notice: reuse authorised with source acknowledgement,Direct field IN_CIS_ALL_2020; layer GHSL_UCDB_THEME_INFRASTRUCTURES_GLOBE_R2024A; exact definition and upstream source in ghsl_indicator_dictionary.csv and official PDF.
ghsl_5929,ghsl_IN_ROA_LEN_2024,GHSL UCDB R2024A V1.2,https://jeodpp.jrc.ec.europa.eu/ftp/jrc-opendata/GHSL/GHS_UCDB_GLOBE_R2024A/GHS_UCDB_GLOBE_R2024A/V1-2/GHS_UCDB_GLOBE_R2024A_V1_2.zip,2026-09-19T08:41:50.435893+00:00,European Commission reuse notice: reuse authorised with source acknowledgement,Direct field IN_ROA_LEN_2024; layer GHSL_UCDB_THEME_INFRASTRUCTURES_GLOBE_R2024A; exact definition and upstream source in ghsl_indicator_dictionary.csv and official PDF.
ghsl_5929,ghsl_IN_ROA_DEN_2024,GHSL UCDB R2024A V1.2,https://jeodpp.jrc.ec.europa.eu/ftp/jrc-opendata/GHSL/GHS_UCDB_GLOBE_R2024A/GHS_UCDB_GLOBE_R2024A/V1-2/GHS_UCDB_GLOBE_R2024A_V1_2.zip,2026-09-19T08:41:50.435893+00:00,European Commission reuse notice: reuse authorised with source acknowledgement,Direct field IN_ROA_DEN_2024; layer GHSL_UCDB_THEME_INFRASTRUCTURES_GLOBE_R2024A; exact definition and upstream source in ghsl_indicator_dictionary.csv and official PDF.
ghsl_5929,ghsl_LU_HEC_020_2019,GHSL UCDB R2024A V1.2,https://jeodpp.jrc.ec.europa.eu/ftp/jrc-opendata/GHSL/GHS_UCDB_GLOBE_R2024A/GHS_UCDB_GLOBE_R2024A/V1-2/GHS_UCDB_GLOBE_R2024A_V1_2.zip,2026-09-19T08:41:50.435893+00:00,European Commission reuse notice: reuse authorised with source acknowledgement,Direct field LU_HEC_020_2019; layer GHSL_UCDB_THEME_LULC_GLOBE_R2024A; exact definition and upstream source in ghsl_indicator_dictionary.csv and official PDF.
ghsl_5929,ghsl_LU_HEC_030_2019,GHSL UCDB R2024A V1.2,https://jeodpp.jrc.ec.europa.eu/ftp/jrc-opendata/GHSL/GHS_UCDB_GLOBE_R2024A/GHS_UCDB_GLOBE_R2024A/V1-2/GHS_UCDB_GLOBE_R2024A_V1_2.zip,2026-09-19T08:41:50.435893+00:00,European Commission reuse notice: reuse authorised with source acknowledgement,Direct field LU_HEC_030_2019; layer GHSL_UCDB_THEME_LULC_GLOBE_R2024A; exact definition and upstream source in ghsl_indicator_dictionary.csv and official PDF.
ghsl_5929,ghsl_LU_HEC_040_2019,GHSL UCDB R2024A V1.2,https://jeodpp.jrc.ec.europa.eu/ftp/jrc-opendata/GHSL/GHS_UCDB_GLOBE_R2024A/GHS_UCDB_GLOBE_R2024A/V1-2/GHS_UCDB_GLOBE_R2024A_V1_2.zip,2026-09-19T08:41:50.435893+00:00,European Commission reuse notice: reuse authorised with source acknowledgement,Direct field LU_HEC_040_2019; layer GHSL_UCDB_THEME_LULC_GLOBE_R2024A; exact definition and upstream source in ghsl_indicator_dictionary.csv and official PDF.
ghsl_5929,ghsl_LU_HEC_050_2019,GHSL UCDB R2024A V1.2,https://jeodpp.jrc.ec.europa.eu/ftp/jrc-opendata/GHSL/GHS_UCDB_GLOBE_R2024A/GHS_UCDB_GLOBE_R2024A/V1-2/GHS_UCDB_GLOBE_R2024A_V1_2.zip,2026-09-19T08:41:50.435893+00:00,European Commission reuse notice: reuse authorised with source acknowledgement,Direct field LU_HEC_050_2019; layer GHSL_UCDB_THEME_LULC_GLOBE_R2024A; exact definition and upstream source in ghsl_indicator_dictionary.csv and official PDF.
ghsl_5929,ghsl_LU_HEC_060_2019,GHSL UCDB R2024A V1.2,https://jeodpp.jrc.ec.europa.eu/ftp/jrc-opendata/GHSL/GHS_UCDB_GLOBE_R2024A/GHS_UCDB_GLOBE_R2024A/V1-2/GHS_UCDB_GLOBE_R2024A_V1_2.zip,2026-09-19T08:41:50.435893+00:00,European Commission reuse notice: reuse authorised with source acknowledgement,Direct field LU_HEC_060_2019; layer GHSL_UCDB_THEME_LULC_GLOBE_R2024A; exact definition and upstream source in ghsl_indicator_dictionary.csv and official PDF.
ghsl_5929,ghsl_LU_HEC_070_2019,GHSL UCDB R2024A V1.2,https://jeodpp.jrc.ec.europa.eu/ftp/jrc-opendata/GHSL/GHS_UCDB_GLOBE_R2024A/GHS_UCDB_GLOBE_R2024A/V1-2/GHS_UCDB_GLOBE_R2024A_V1_2.zip,2026-09-19T08:41:50.435893+00:00,European Commission reuse notice: reuse authorised with source acknowledgement,Direct field LU_HEC_070_2019; layer GHSL_UCDB_THEME_LULC_GLOBE_R2024A; exact definition and upstream source in ghsl_indicator_dictionary.csv and official PDF.
ghsl_5929,ghsl_LU_HEC_080_2019,GHSL UCDB R2024A V1.2,https://jeodpp.jrc.ec.europa.eu/ftp/jrc-opendata/GHSL/GHS_UCDB_GLOBE_R2024A/GHS_UCDB_GLOBE_R2024A/V1-2/GHS_UCDB_GLOBE_R2024A_V1_2.zip,2026-09-19T08:41:50.435893+00:00,European Commission reuse notice: reuse authorised with source acknowledgement,Direct field LU_HEC_080_2019; layer GHSL_UCDB_THEME_LULC_GLOBE_R2024A; exact definition and upstream source in ghsl_indicator_dictionary.csv and official PDF.
ghsl_5929,ghsl_LU_HEC_090_2019,GHSL UCDB R2024A V1.2,https://jeodpp.jrc.ec.europa.eu/ftp/jrc-opendata/GHSL/GHS_UCDB_GLOBE_R2024A/GHS_UCDB_GLOBE_R2024A/V1-2/GHS_UCDB_GLOBE_R2024A_V1_2.zip,2026-09-19T08:41:50.435893+00:00,European Commission reuse notice: reuse authorised with source acknowledgement,Direct field LU_HEC_090_2019; layer GHSL_UCDB_THEME_LULC_GLOBE_R2024A; exact definition and upstream source in ghsl_indicator_dictionary.csv and official PDF.
ghsl_5929,ghsl_LU_HEC_100_2019,GHSL UCDB R2024A V1.2,https://jeodpp.jrc.ec.europa.eu/ftp/jrc-opendata/GHSL/GHS_UCDB_GLOBE_R2024A/GHS_UCDB_GLOBE_R2024A/V1-2/GHS_UCDB_GLOBE_R2024A_V1_2.zip,2026-09-19T08:41:50.435893+00:00,European Commission reuse notice: reuse authorised with source acknowledgement,Direct field LU_HEC_100_2019; layer GHSL_UCDB_THEME_LULC_GLOBE_R2024A; exact definition and upstream source in ghsl_indicator_dictionary.csv and official PDF.
ghsl_5929,ghsl_LU_HEC_111_2019,GHSL UCDB R2024A V1.2,https://jeodpp.jrc.ec.europa.eu/ftp/jrc-opendata/GHSL/GHS_UCDB_GLOBE_R2024A/GHS_UCDB_GLOBE_R2024A/V1-2/GHS_UCDB_GLOBE_R2024A_V1_2.zip,2026-09-19T08:41:50.435893+00:00,European Commission reuse notice: reuse authorised with source acknowledgement,Direct field LU_HEC_111_2019; layer GHSL_UCDB_THEME_LULC_GLOBE_R2024A; exact definition and upstream source in ghsl_indicator_dictionary.csv and official PDF.
ghsl_5929,ghsl_LU_HEC_112_2019,GHSL UCDB R2024A V1.2,https://jeodpp.jrc.ec.europa.eu/ftp/jrc-opendata/GHSL/GHS_UCDB_GLOBE_R2024A/GHS_UCDB_GLOBE_R2024A/V1-2/GHS_UCDB_GLOBE_R2024A_V1_2.zip,2026-09-19T08:41:50.435893+00:00,European Commission reuse notice: reuse authorised with source acknowledgement,Direct field LU_HEC_112_2019; layer GHSL_UCDB_THEME_LULC_GLOBE_R2024A; exact definition and upstream source in ghsl_indicator_dictionary.csv and official PDF.
ghsl_5929,ghsl_LU_HEC_113_2019,GHSL UCDB R2024A V1.2,https://jeodpp.jrc.ec.europa.eu/ftp/jrc-opendata/GHSL/GHS_UCDB_GLOBE_R2024A/GHS_UCDB_GLOBE_R2024A/V1-2/GHS_UCDB_GLOBE_R2024A_V1_2.zip,2026-09-19T08:41:50.435893+00:00,European Commission reuse notice: reuse authorised with source acknowledgement,Direct field LU_HEC_113_2019; layer GHSL_UCDB_THEME_LULC_GLOBE_R2024A; exact definition and upstream source in ghsl_indicator_dictionary.csv and official PDF.
ghsl_5929,ghsl_LU_HEC_114_2019,GHSL UCDB R2024A V1.2,https://jeodpp.jrc.ec.europa.eu/ftp/jrc-opendata/GHSL/GHS_UCDB_GLOBE_R2024A/GHS_UCDB_GLOBE_R2024A/V1-2/GHS_UCDB_GLOBE_R2024A_V1_2.zip,2026-09-19T08:41:50.435893+00:00,European Commission reuse notice: reuse authorised with source acknowledgement,Direct field LU_HEC_114_2019; layer GHSL_UCDB_THEME_LULC_GLOBE_R2024A; exact definition and upstream source in ghsl_indicator_dictionary.csv and official PDF.
ghsl_5929,ghsl_LU_HEC_115_2019,GHSL UCDB R2024A V1.2,https://jeodpp.jrc.ec.europa.eu/ftp/jrc-opendata/GHSL/GHS_UCDB_GLOBE_R2024A/GHS_UCDB_GLOBE_R2024A/V1-2/GHS_UCDB_GLOBE_R2024A_V1_2.zip,2026-09-19T08:41:50.435893+00:00,European Commission reuse notice: reuse authorised with source acknowledgement,Direct field LU_HEC_115_2019; layer GHSL_UCDB_THEME_LULC_GLOBE_R2024A; exact definition and upstream source in ghsl_indicator_dictionary.csv and official PDF.
ghsl_5929,ghsl_LU_HEC_116_2019,GHSL UCDB R2024A V1.2,https://jeodpp.jrc.ec.europa.eu/ftp/jrc-opendata/GHSL/GHS_UCDB_GLOBE_R2024A/GHS_UCDB_GLOBE_R2024A/V1-2/GHS_UCDB_GLOBE_R2024A_V1_2.zip,2026-09-19T08:41:50.435893+00:00,European Commission reuse notice: reuse authorised with source acknowledgement,Direct field LU_HEC_116_2019; layer GHSL_UCDB_THEME_LULC_GLOBE_R2024A; exact definition and upstream source in ghsl_indicator_dictionary.csv and official PDF.
ghsl_5929,ghsl_LU_HEC_121_2019,GHSL UCDB R2024A V1.2,https://jeodpp.jrc.ec.europa.eu/ftp/jrc-opendata/GHSL/GHS_UCDB_GLOBE_R2024A/GHS_UCDB_GLOBE_R2024A/V1-2/GHS_UCDB_GLOBE_R2024A_V1_2.zip,2026-09-19T08:41:50.435893+00:00,European Commission reuse notice: reuse authorised with source acknowledgement,Direct field LU_HEC_121_2019; layer GHSL_UCDB_THEME_LULC_GLOBE_R2024A; exact definition and upstream source in ghsl_indicator_dictionary.csv and official PDF.
ghsl_5929,ghsl_LU_HEC_122_2019,GHSL UCDB R2024A V1.2,https://jeodpp.jrc.ec.europa.eu/ftp/jrc-opendata/GHSL/GHS_UCDB_GLOBE_R2024A/GHS_UCDB_GLOBE_R2024A/V1-2/GHS_UCDB_GLOBE_R2024A_V1_2.zip,2026-09-19T08:41:50.435893+00:00,European Commission reuse notice: reuse authorised with source acknowledgement,Direct field LU_HEC_122_2019; layer GHSL_UCDB_THEME_LULC_GLOBE_R2024A; exact definition and upstream source in ghsl_indicator_dictionary.csv and official PDF.
ghsl_5929,ghsl_LU_HEC_123_2019,GHSL UCDB R2024A V1.2,https://jeodpp.jrc.ec.europa.eu/ftp/jrc-opendata/GHSL/GHS_UCDB_GLOBE_R2024A/GHS_UCDB_GLOBE_R2024A/V1-2/GHS_UCDB_GLOBE_R2024A_V1_2.zip,2026-09-19T08:41:50.435893+00:00,European Commission reuse notice: reuse authorised with source acknowledgement,Direct field LU_HEC_123_2019; layer GHSL_UCDB_THEME_LULC_GLOBE_R2024A; exact definition and upstream source in ghsl_indicator_dictionary.csv and official PDF.
ghsl_5929,ghsl_LU_HEC_124_2019,GHSL UCDB R2024A V1.2,https://jeodpp.jrc.ec.europa.eu/ftp/jrc-opendata/GHSL/GHS_UCDB_GLOBE_R2024A/GHS_UCDB_GLOBE_R2024A/V1-2/GHS_UCDB_GLOBE_R2024A_V1_2.zip,2026-09-19T08:41:50.435893+00:00,European Commission reuse notice: reuse authorised with source acknowledgement,Direct field LU_HEC_124_2019; layer GHSL_UCDB_THEME_LULC_GLOBE_R2024A; exact definition and upstream source in ghsl_indicator_dictionary.csv and official PDF.
ghsl_5929,ghsl_LU_HEC_125_2019,GHSL UCDB R2024A V1.2,https://jeodpp.jrc.ec.europa.eu/ftp/jrc-opendata/GHSL/GHS_UCDB_GLOBE_R2024A/GHS_UCDB_GLOBE_R2024A/V1-2/GHS_UCDB_GLOBE_R2024A_V1_2.zip,2026-09-19T08:41:50.435893+00:00,European Commission reuse notice: reuse authorised with source acknowledgement,Direct field LU_HEC_125_2019; layer GHSL_UCDB_THEME_LULC_GLOBE_R2024A; exact definition and upstream source in ghsl_indicator_dictionary.csv and official PDF.
ghsl_5929,ghsl_LU_HEC_126_2019,GHSL UCDB R2024A V1.2,https://jeodpp.jrc.ec.europa.eu/ftp/jrc-opendata/GHSL/GHS_UCDB_GLOBE_R2024A/GHS_UCDB_GLOBE_R2024A/V1-2/GHS_UCDB_GLOBE_R2024A_V1_2.zip,2026-09-19T08:41:50.435893+00:00,European Commission reuse notice: reuse authorised with source acknowledgement,Direct field LU_HEC_126_2019; layer GHSL_UCDB_THEME_LULC_GLOBE_R2024A; exact definition and upstream source in ghsl_indicator_dictionary.csv and official PDF.
ghsl_5929,ghsl_NS_ESB_BIO_2025,GHSL UCDB R2024A V1.2,https://jeodpp.jrc.ec.europa.eu/ftp/jrc-opendata/GHSL/GHS_UCDB_GLOBE_R2024A/GHS_UCDB_GLOBE_R2024A/V1-2/GHS_UCDB_GLOBE_R2024A_V1_2.zip,2026-09-19T08:41:50.435893+00:00,European Commission reuse notice: reuse authorised with source acknowledgement,Direct field NS_ESB_BIO_2025; layer GHSL_UCDB_THEME_NATURAL_SYSTEMS_GLOBE_R2024A; exact definition and upstream source in ghsl_indicator_dictionary.csv and official PDF.
ghsl_5929,ghsl_NS_ESB_GWA_2025,GHSL UCDB R2024A V1.2,https://jeodpp.jrc.ec.europa.eu/ftp/jrc-opendata/GHSL/GHS_UCDB_GLOBE_R2024A/GHS_UCDB_GLOBE_R2024A/V1-2/GHS_UCDB_GLOBE_R2024A_V1_2.zip,2026-09-19T08:41:50.435893+00:00,European Commission reuse notice: reuse authorised with source acknowledgement,Direct field NS_ESB_GWA_2025; layer GHSL_UCDB_THEME_NATURAL_SYSTEMS_GLOBE_R2024A; exact definition and upstream source in ghsl_indicator_dictionary.csv and official PDF.
ghsl_5929,ghsl_NS_ESB_NIT_2025,GHSL UCDB R2024A V1.2,https://jeodpp.jrc.ec.europa.eu/ftp/jrc-opendata/GHSL/GHS_UCDB_GLOBE_R2024A/GHS_UCDB_GLOBE_R2024A/V1-2/GHS_UCDB_GLOBE_R2024A_V1_2.zip,2026-09-19T08:41:50.435893+00:00,European Commission reuse notice: reuse authorised with source acknowledgement,Direct field NS_ESB_NIT_2025; layer GHSL_UCDB_THEME_NATURAL_SYSTEMS_GLOBE_R2024A; exact definition and upstream source in ghsl_indicator_dictionary.csv and official PDF.
ghsl_5929,ghsl_NS_ESB_PHO_2025,GHSL UCDB R2024A V1.2,https://jeodpp.jrc.ec.europa.eu/ftp/jrc-opendata/GHSL/GHS_UCDB_GLOBE_R2024A/GHS_UCDB_GLOBE_R2024A/V1-2/GHS_UCDB_GLOBE_R2024A_V1_2.zip,2026-09-19T08:41:50.435893+00:00,European Commission reuse notice: reuse authorised with source acknowledgement,Direct field NS_ESB_PHO_2025; layer GHSL_UCDB_THEME_NATURAL_SYSTEMS_GLOBE_R2024A; exact definition and upstream source in ghsl_indicator_dictionary.csv and official PDF.
ghsl_5929,ghsl_NS_ESB_P25_2025,GHSL UCDB R2024A V1.2,https://jeodpp.jrc.ec.europa.eu/ftp/jrc-opendata/GHSL/GHS_UCDB_GLOBE_R2024A/GHS_UCDB_GLOBE_R2024A/V1-2/GHS_UCDB_GLOBE_R2024A_V1_2.zip,2026-09-19T08:41:50.435893+00:00,European Commission reuse notice: reuse authorised with source acknowledgement,Direct field NS_ESB_P25_2025; layer GHSL_UCDB_THEME_NATURAL_SYSTEMS_GLOBE_R2024A; exact definition and upstream source in ghsl_indicator_dictionary.csv and official PDF.
ghsl_5929,ghsl_NS_ESB_SLR_2025,GHSL UCDB R2024A V1.2,https://jeodpp.jrc.ec.europa.eu/ftp/jrc-opendata/GHSL/GHS_UCDB_GLOBE_R2024A/GHS_UCDB_GLOBE_R2024A/V1-2/GHS_UCDB_GLOBE_R2024A_V1_2.zip,2026-09-19T08:41:50.435893+00:00,European Commission reuse notice: reuse authorised with source acknowledgement,Direct field NS_ESB_SLR_2025; layer GHSL_UCDB_THEME_NATURAL_SYSTEMS_GLOBE_R2024A; exact definition and upstream source in ghsl_indicator_dictionary.csv and official PDF.
ghsl_5929,ghsl_NS_ESB_SWA_2025,GHSL UCDB R2024A V1.2,https://jeodpp.jrc.ec.europa.eu/ftp/jrc-opendata/GHSL/GHS_UCDB_GLOBE_R2024A/GHS_UCDB_GLOBE_R2024A/V1-2/GHS_UCDB_GLOBE_R2024A_V1_2.zip,2026-09-19T08:41:50.435893+00:00,European Commission reuse notice: reuse authorised with source acknowledgement,Direct field NS_ESB_SWA_2025; layer GHSL_UCDB_THEME_NATURAL_SYSTEMS_GLOBE_R2024A; exact definition and upstream source in ghsl_indicator_dictionary.csv and official PDF.
ghsl_5929,ghsl_NS_ESB_WET_2025,GHSL UCDB R2024A V1.2,https://jeodpp.jrc.ec.europa.eu/ftp/jrc-opendata/GHSL/GHS_UCDB_GLOBE_R2024A/GHS_UCDB_GLOBE_R2024A/V1-2/GHS_UCDB_GLOBE_R2024A_V1_2.zip,2026-09-19T08:41:50.435893+00:00,European Commission reuse notice: reuse authorised with source acknowledgement,Direct field NS_ESB_WET_2025; layer GHSL_UCDB_THEME_NATURAL_SYSTEMS_GLOBE_R2024A; exact definition and upstream source in ghsl_indicator_dictionary.csv and official PDF.
ghsl_5929,ghsl_NS_ESB_MIN_2025,GHSL UCDB R2024A V1.2,https://jeodpp.jrc.ec.europa.eu/ftp/jrc-opendata/GHSL/GHS_UCDB_GLOBE_R2024A/GHS_UCDB_GLOBE_R2024A/V1-2/GHS_UCDB_GLOBE_R2024A_V1_2.zip,2026-09-19T08:41:50.435893+00:00,European Commission reuse notice: reuse authorised with source acknowledgement,Direct field NS_ESB_MIN_2025; layer GHSL_UCDB_THEME_NATURAL_SYSTEMS_GLOBE_R2024A; exact definition and upstream source in ghsl_indicator_dictionary.csv and official PDF.
ghsl_5929,ghsl_NS_ESB_MAX_2025,GHSL UCDB R2024A V1.2,https://jeodpp.jrc.ec.europa.eu/ftp/jrc-opendata/GHSL/GHS_UCDB_GLOBE_R2024A/GHS_UCDB_GLOBE_R2024A/V1-2/GHS_UCDB_GLOBE_R2024A_V1_2.zip,2026-09-19T08:41:50.435893+00:00,European Commission reuse notice: reuse authorised with source acknowledgement,Direct field NS_ESB_MAX_2025; layer GHSL_UCDB_THEME_NATURAL_SYSTEMS_GLOBE_R2024A; exact definition and upstream source in ghsl_indicator_dictionary.csv and official PDF.
ghsl_5929,ghsl_NS_MPA_NAM_2025,GHSL UCDB R2024A V1.2,https://jeodpp.jrc.ec.europa.eu/ftp/jrc-opendata/GHSL/GHS_UCDB_GLOBE_R2024A/GHS_UCDB_GLOBE_R2024A/V1-2/GHS_UCDB_GLOBE_R2024A_V1_2.zip,2026-09-19T08:41:50.435893+00:00,European Commission reuse notice: reuse authorised with source acknowledgement,Direct field NS_MPA_NAM_2025; layer GHSL_UCDB_THEME_NATURAL_SYSTEMS_GLOBE_R2024A; exact definition and upstream source in ghsl_indicator_dictionary.csv and official PDF.
ghsl_5929,ghsl_NS_MPA_DES_2025,GHSL UCDB R2024A V1.2,https://jeodpp.jrc.ec.europa.eu/ftp/jrc-opendata/GHSL/GHS_UCDB_GLOBE_R2024A/GHS_UCDB_GLOBE_R2024A/V1-2/GHS_UCDB_GLOBE_R2024A_V1_2.zip,2026-09-19T08:41:50.435893+00:00,European Commission reuse notice: reuse authorised with source acknowledgement,Direct field NS_MPA_DES_2025; layer GHSL_UCDB_THEME_NATURAL_SYSTEMS_GLOBE_R2024A; exact definition and upstream source in ghsl_indicator_dictionary.csv and official PDF.
ghsl_5929,ghsl_NS_MPA_PER_2025,GHSL UCDB R2024A V1.2,https://jeodpp.jrc.ec.europa.eu/ftp/jrc-opendata/GHSL/GHS_UCDB_GLOBE_R2024A/GHS_UCDB_GLOBE_R2024A/V1-2/GHS_UCDB_GLOBE_R2024A_V1_2.zip,2026-09-19T08:41:50.435893+00:00,European Commission reuse notice: reuse authorised with source acknowledgement,Direct field NS_MPA_PER_2025; layer GHSL_UCDB_THEME_NATURAL_SYSTEMS_GLOBE_R2024A; exact definition and upstream source in ghsl_indicator_dictionary.csv and official PDF.
ghsl_5929,ghsl_NS_TPA_NAM_2025,GHSL UCDB R2024A V1.2,https://jeodpp.jrc.ec.europa.eu/ftp/jrc-opendata/GHSL/GHS_UCDB_GLOBE_R2024A/GHS_UCDB_GLOBE_R2024A/V1-2/GHS_UCDB_GLOBE_R2024A_V1_2.zip,2026-09-19T08:41:50.435893+00:00,European Commission reuse notice: reuse authorised with source acknowledgement,Direct field NS_TPA_NAM_2025; layer GHSL_UCDB_THEME_NATURAL_SYSTEMS_GLOBE_R2024A; exact definition and upstream source in ghsl_indicator_dictionary.csv and official PDF.
ghsl_5929,ghsl_NS_TPA_DES_202,GHSL UCDB R2024A V1.2,https://jeodpp.jrc.ec.europa.eu/ftp/jrc-opendata/GHSL/GHS_UCDB_GLOBE_R2024A/GHS_UCDB_GLOBE_R2024A/V1-2/GHS_UCDB_GLOBE_R2024A_V1_2.zip,2026-09-19T08:41:50.435893+00:00,European Commission reuse notice: reuse authorised with source acknowledgement,Direct field NS_TPA_DES_202; layer GHSL_UCDB_THEME_NATURAL_SYSTEMS_GLOBE_R2024A; exact definition and upstream source in ghsl_indicator_dictionary.csv and official PDF.
ghsl_5929,ghsl_NS_TPA_PER_2025,GHSL UCDB R2024A V1.2,https://jeodpp.jrc.ec.europa.eu/ftp/jrc-opendata/GHSL/GHS_UCDB_GLOBE_R2024A/GHS_UCDB_GLOBE_R2024A/V1-2/GHS_UCDB_GLOBE_R2024A_V1_2.zip,2026-09-19T08:41:50.435893+00:00,European Commission reuse notice: reuse authorised with source acknowledgement,Direct field NS_TPA_PER_2025; layer GHSL_UCDB_THEME_NATURAL_SYSTEMS_GLOBE_R2024A; exact definition and upstream source in ghsl_indicator_dictionary.csv and official PDF.
ghsl_5929,ghsl_SD_LUE_LCR_1975_2020,GHSL UCDB R2024A V1.2,https://jeodpp.jrc.ec.europa.eu/ftp/jrc-opendata/GHSL/GHS_UCDB_GLOBE_R2024A/GHS_UCDB_GLOBE_R2024A/V1-2/GHS_UCDB_GLOBE_R2024A_V1_2.zip,2026-09-19T08:41:50.435893+00:00,European Commission reuse notice: reuse authorised with source acknowledgement,Direct field SD_LUE_LCR_1975_2020; layer GHSL_UCDB_THEME_SDG_GLOBE_R2024A; exact definition and upstream source in ghsl_indicator_dictionary.csv and official PDF.
ghsl_5929,ghsl_SD_LUE_LCR_1980_1990,GHSL UCDB R2024A V1.2,https://jeodpp.jrc.ec.europa.eu/ftp/jrc-opendata/GHSL/GHS_UCDB_GLOBE_R2024A/GHS_UCDB_GLOBE_R2024A/V1-2/GHS_UCDB_GLOBE_R2024A_V1_2.zip,2026-09-19T08:41:50.435893+00:00,European Commission reuse notice: reuse authorised with source acknowledgement,Direct field SD_LUE_LCR_1980_1990; layer GHSL_UCDB_THEME_SDG_GLOBE_R2024A; exact definition and upstream source in ghsl_indicator_dictionary.csv and official PDF.
ghsl_5929,ghsl_SD_LUE_LCR_2000_2020,GHSL UCDB R2024A V1.2,https://jeodpp.jrc.ec.europa.eu/ftp/jrc-opendata/GHSL/GHS_UCDB_GLOBE_R2024A/GHS_UCDB_GLOBE_R2024A/V1-2/GHS_UCDB_GLOBE_R2024A_V1_2.zip,2026-09-19T08:41:50.435893+00:00,European Commission reuse notice: reuse authorised with source acknowledgement,Direct field SD_LUE_LCR_2000_2020; layer GHSL_UCDB_THEME_SDG_GLOBE_R2024A; exact definition and upstream source in ghsl_indicator_dictionary.csv and official PDF.
ghsl_5929,ghsl_SD_LUE_LCR_2010_2020,GHSL UCDB R2024A V1.2,https://jeodpp.jrc.ec.europa.eu/ftp/jrc-opendata/GHSL/GHS_UCDB_GLOBE_R2024A/GHS_UCDB_GLOBE_R2024A/V1-2/GHS_UCDB_GLOBE_R2024A_V1_2.zip,2026-09-19T08:41:50.435893+00:00,European Commission reuse notice: reuse authorised with source acknowledgement,Direct field SD_LUE_LCR_2010_2020; layer GHSL_UCDB_THEME_SDG_GLOBE_R2024A; exact definition and upstream source in ghsl_indicator_dictionary.csv and official PDF.
ghsl_5929,ghsl_SD_LUE_LCR_1990_2020,GHSL UCDB R2024A V1.2,https://jeodpp.jrc.ec.europa.eu/ftp/jrc-opendata/GHSL/GHS_UCDB_GLOBE_R2024A/GHS_UCDB_GLOBE_R2024A/V1-2/GHS_UCDB_GLOBE_R2024A_V1_2.zip,2026-09-19T08:41:50.435893+00:00,European Commission reuse notice: reuse authorised with source acknowledgement,Direct field SD_LUE_LCR_1990_2020; layer GHSL_UCDB_THEME_SDG_GLOBE_R2024A; exact definition and upstream source in ghsl_indicator_dictionary.csv and official PDF.
ghsl_5929,ghsl_SD_LUE_PGR_1975_2020,GHSL UCDB R2024A V1.2,https://jeodpp.jrc.ec.europa.eu/ftp/jrc-opendata/GHSL/GHS_UCDB_GLOBE_R2024A/GHS_UCDB_GLOBE_R2024A/V1-2/GHS_UCDB_GLOBE_R2024A_V1_2.zip,2026-09-19T08:41:50.435893+00:00,European Commission reuse notice: reuse authorised with source acknowledgement,Direct field SD_LUE_PGR_1975_2020; layer GHSL_UCDB_THEME_SDG_GLOBE_R2024A; exact definition and upstream source in ghsl_indicator_dictionary.csv and official PDF.
ghsl_5929,ghsl_SD_LUE_PGR_1980_1990,GHSL UCDB R2024A V1.2,https://jeodpp.jrc.ec.europa.eu/ftp/jrc-opendata/GHSL/GHS_UCDB_GLOBE_R2024A/GHS_UCDB_GLOBE_R2024A/V1-2/GHS_UCDB_GLOBE_R2024A_V1_2.zip,2026-09-19T08:41:50.435893+00:00,European Commission reuse notice: reuse authorised with source acknowledgement,Direct field SD_LUE_PGR_1980_1990; layer GHSL_UCDB_THEME_SDG_GLOBE_R2024A; exact definition and upstream source in ghsl_indicator_dictionary.csv and official PDF.
ghsl_5929,ghsl_SD_LUE_PGR_2000_2020,GHSL UCDB R2024A V1.2,https://jeodpp.jrc.ec.europa.eu/ftp/jrc-opendata/GHSL/GHS_UCDB_GLOBE_R2024A/GHS_UCDB_GLOBE_R2024A/V1-2/GHS_UCDB_GLOBE_R2024A_V1_2.zip,2026-09-19T08:41:50.435893+00:00,European Commission reuse notice: reuse authorised with source acknowledgement,Direct field SD_LUE_PGR_2000_2020; layer GHSL_UCDB_THEME_SDG_GLOBE_R2024A; exact definition and upstream source in ghsl_indicator_dictionary.csv and official PDF.
ghsl_5929,ghsl_SD_LUE_PGR_2010_2020,GHSL UCDB R2024A V1.2,https://jeodpp.jrc.ec.europa.eu/ftp/jrc-opendata/GHSL/GHS_UCDB_GLOBE_R2024A/GHS_UCDB_GLOBE_R2024A/V1-2/GHS_UCDB_GLOBE_R2024A_V1_2.zip,2026-09-19T08:41:50.435893+00:00,European Commission reuse notice: reuse authorised with source acknowledgement,Direct field SD_LUE_PGR_2010_2020; layer GHSL_UCDB_THEME_SDG_GLOBE_R2024A; exact definition and upstream source in ghsl_indicator_dictionary.csv and official PDF.
ghsl_5929,ghsl_SD_LUE_PGR_1990_2020,GHSL UCDB R2024A V1.2,https://jeodpp.jrc.ec.europa.eu/ftp/jrc-opendata/GHSL/GHS_UCDB_GLOBE_R2024A/GHS_UCDB_GLOBE_R2024A/V1-2/GHS_UCDB_GLOBE_R2024A_V1_2.zip,2026-09-19T08:41:50.435893+00:00,European Commission reuse notice: reuse authorised with source acknowledgement,Direct field SD_LUE_PGR_1990_2020; layer GHSL_UCDB_THEME_SDG_GLOBE_R2024A; exact definition and upstream source in ghsl_indicator_dictionary.csv and official PDF.
ghsl_5929,ghsl_SD_LUE_LPR_1975_2020,GHSL UCDB R2024A V1.2,https://jeodpp.jrc.ec.europa.eu/ftp/jrc-opendata/GHSL/GHS_UCDB_GLOBE_R2024A/GHS_UCDB_GLOBE_R2024A/V1-2/GHS_UCDB_GLOBE_R2024A_V1_2.zip,2026-09-19T08:41:50.435893+00:00,European Commission reuse notice: reuse authorised with source acknowledgement,Direct field SD_LUE_LPR_1975_2020; layer GHSL_UCDB_THEME_SDG_GLOBE_R2024A; exact definition and upstream source in ghsl_indicator_dictionary.csv and official PDF.
ghsl_5929,ghsl_SD_LUE_LPR_1980_1990,GHSL UCDB R2024A V1.2,https://jeodpp.jrc.ec.europa.eu/ftp/jrc-opendata/GHSL/GHS_UCDB_GLOBE_R2024A/GHS_UCDB_GLOBE_R2024A/V1-2/GHS_UCDB_GLOBE_R2024A_V1_2.zip,2026-09-19T08:41:50.435893+00:00,European Commission reuse notice: reuse authorised with source acknowledgement,Direct field SD_LUE_LPR_1980_1990; layer GHSL_UCDB_THEME_SDG_GLOBE_R2024A; exact definition and upstream source in ghsl_indicator_dictionary.csv and official PDF.
ghsl_5929,ghsl_SD_LUE_LPR_1990_2020,GHSL UCDB R2024A V1.2,https://jeodpp.jrc.ec.europa.eu/ftp/jrc-opendata/GHSL/GHS_UCDB_GLOBE_R2024A/GHS_UCDB_GLOBE_R2024A/V1-2/GHS_UCDB_GLOBE_R2024A_V1_2.zip,2026-09-19T08:41:50.435893+00:00,European Commission reuse notice: reuse authorised with source acknowledgement,Direct field SD_LUE_LPR_1990_2020; layer GHSL_UCDB_THEME_SDG_GLOBE_R2024A; exact definition and upstream source in ghsl_indicator_dictionary.csv and official PDF.
ghsl_5929,ghsl_SD_LUE_LPR_2000_2020,GHSL UCDB R2024A V1.2,https://jeodpp.jrc.ec.europa.eu/ftp/jrc-opendata/GHSL/GHS_UCDB_GLOBE_R2024A/GHS_UCDB_GLOBE_R2024A/V1-2/GHS_UCDB_GLOBE_R2024A_V1_2.zip,2026-09-19T08:41:50.435893+00:00,European Commission reuse notice: reuse authorised with source acknowledgement,Direct field SD_LUE_LPR_2000_2020; layer GHSL_UCDB_THEME_SDG_GLOBE_R2024A; exact definition and upstream source in ghsl_indicator_dictionary.csv and official PDF.
ghsl_5929,ghsl_SD_LUE_LPR_2010_2020,GHSL UCDB R2024A V1.2,https://jeodpp.jrc.ec.europa.eu/ftp/jrc-opendata/GHSL/GHS_UCDB_GLOBE_R2024A/GHS_UCDB_GLOBE_R2024A/V1-2/GHS_UCDB_GLOBE_R2024A_V1_2.zip,2026-09-19T08:41:50.435893+00:00,European Commission reuse notice: reuse authorised with source acknowledgement,Direct field SD_LUE_LPR_2010_2020; layer GHSL_UCDB_THEME_SDG_GLOBE_R2024A; exact definition and upstream source in ghsl_indicator_dictionary.csv and official PDF.
ghsl_5929,ghsl_SD_POP_HGR_2025,GHSL UCDB R2024A V1.2,https://jeodpp.jrc.ec.europa.eu/ftp/jrc-opendata/GHSL/GHS_UCDB_GLOBE_R2024A/GHS_UCDB_GLOBE_R2024A/V1-2/GHS_UCDB_GLOBE_R2024A_V1_2.zip,2026-09-19T08:41:50.435893+00:00,European Commission reuse notice: reuse authorised with source acknowledgement,Direct field SD_POP_HGR_2025; layer GHSL_UCDB_THEME_SDG_GLOBE_R2024A; exact definition and upstream source in ghsl_indicator_dictionary.csv and official PDF.
ghsl_5929,ghsl_SC_GDP_AVG_2020,GHSL UCDB R2024A V1.2,https://jeodpp.jrc.ec.europa.eu/ftp/jrc-opendata/GHSL/GHS_UCDB_GLOBE_R2024A/GHS_UCDB_GLOBE_R2024A/V1-2/GHS_UCDB_GLOBE_R2024A_V1_2.zip,2026-09-19T08:41:50.435893+00:00,European Commission reuse notice: reuse authorised with source acknowledgement,Direct field SC_GDP_AVG_2020; layer GHSL_UCDB_THEME_SOCIOECONOMIC_GLOBE_R2024A; exact definition and upstream source in ghsl_indicator_dictionary.csv and official PDF.
ghsl_5929,ghsl_SC_GDP_SUM_2020,GHSL UCDB R2024A V1.2,https://jeodpp.jrc.ec.europa.eu/ftp/jrc-opendata/GHSL/GHS_UCDB_GLOBE_R2024A/GHS_UCDB_GLOBE_R2024A/V1-2/GHS_UCDB_GLOBE_R2024A_V1_2.zip,2026-09-19T08:41:50.435893+00:00,European Commission reuse notice: reuse authorised with source acknowledgement,Direct field SC_GDP_SUM_2020; layer GHSL_UCDB_THEME_SOCIOECONOMIC_GLOBE_R2024A; exact definition and upstream source in ghsl_indicator_dictionary.csv and official PDF.
ghsl_5929,ghsl_SC_SEC_HDI_2020,GHSL UCDB R2024A V1.2,https://jeodpp.jrc.ec.europa.eu/ftp/jrc-opendata/GHSL/GHS_UCDB_GLOBE_R2024A/GHS_UCDB_GLOBE_R2024A/V1-2/GHS_UCDB_GLOBE_R2024A_V1_2.zip,2026-09-19T08:41:50.435893+00:00,European Commission reuse notice: reuse authorised with source acknowledgement,Direct field SC_SEC_HDI_2020; layer GHSL_UCDB_THEME_SOCIOECONOMIC_GLOBE_R2024A; exact definition and upstream source in ghsl_indicator_dictionary.csv and official PDF.
ghsl_5929,ghsl_SC_SEC_GDI_2020,GHSL UCDB R2024A V1.2,https://jeodpp.jrc.ec.europa.eu/ftp/jrc-opendata/GHSL/GHS_UCDB_GLOBE_R2024A/GHS_UCDB_GLOBE_R2024A/V1-2/GHS_UCDB_GLOBE_R2024A_V1_2.zip,2026-09-19T08:41:50.435893+00:00,European Commission reuse notice: reuse authorised with source acknowledgement,Direct field SC_SEC_GDI_2020; layer GHSL_UCDB_THEME_SOCIOECONOMIC_GLOBE_R2024A; exact definition and upstream source in ghsl_indicator_dictionary.csv and official PDF.
ghsl_5929,ghsl_SC_SEC_GDF_2020,GHSL UCDB R2024A V1.2,https://jeodpp.jrc.ec.europa.eu/ftp/jrc-opendata/GHSL/GHS_UCDB_GLOBE_R2024A/GHS_UCDB_GLOBE_R2024A/V1-2/GHS_UCDB_GLOBE_R2024A_V1_2.zip,2026-09-19T08:41:50.435893+00:00,European Commission reuse notice: reuse authorised with source acknowledgement,Direct field SC_SEC_GDF_2020; layer GHSL_UCDB_THEME_SOCIOECONOMIC_GLOBE_R2024A; exact definition and upstream source in ghsl_indicator_dictionary.csv and official PDF.
ghsl_5929,ghsl_SC_SEC_GDM_2020,GHSL UCDB R2024A V1.2,https://jeodpp.jrc.ec.europa.eu/ftp/jrc-opendata/GHSL/GHS_UCDB_GLOBE_R2024A/GHS_UCDB_GLOBE_R2024A/V1-2/GHS_UCDB_GLOBE_R2024A_V1_2.zip,2026-09-19T08:41:50.435893+00:00,European Commission reuse notice: reuse authorised with source acknowledgement,Direct field SC_SEC_GDM_2020; layer GHSL_UCDB_THEME_SOCIOECONOMIC_GLOBE_R2024A; exact definition and upstream source in ghsl_indicator_dictionary.csv and official PDF.
ghsl_5929,ghsl_SC_SEC_LET_2020,GHSL UCDB R2024A V1.2,https://jeodpp.jrc.ec.europa.eu/ftp/jrc-opendata/GHSL/GHS_UCDB_GLOBE_R2024A/GHS_UCDB_GLOBE_R2024A/V1-2/GHS_UCDB_GLOBE_R2024A_V1_2.zip,2026-09-19T08:41:50.435893+00:00,European Commission reuse notice: reuse authorised with source acknowledgement,Direct field SC_SEC_LET_2020; layer GHSL_UCDB_THEME_SOCIOECONOMIC_GLOBE_R2024A; exact definition and upstream source in ghsl_indicator_dictionary.csv and official PDF.
ghsl_5929,ghsl_SC_SEC_LEF_2020,GHSL UCDB R2024A V1.2,https://jeodpp.jrc.ec.europa.eu/ftp/jrc-opendata/GHSL/GHS_UCDB_GLOBE_R2024A/GHS_UCDB_GLOBE_R2024A/V1-2/GHS_UCDB_GLOBE_R2024A_V1_2.zip,2026-09-19T08:41:50.435893+00:00,European Commission reuse notice: reuse authorised with source acknowledgement,Direct field SC_SEC_LEF_2020; layer GHSL_UCDB_THEME_SOCIOECONOMIC_GLOBE_R2024A; exact definition and upstream source in ghsl_indicator_dictionary.csv and official PDF.
ghsl_5929,ghsl_SC_SEC_LEM_2020,GHSL UCDB R2024A V1.2,https://jeodpp.jrc.ec.europa.eu/ftp/jrc-opendata/GHSL/GHS_UCDB_GLOBE_R2024A/GHS_UCDB_GLOBE_R2024A/V1-2/GHS_UCDB_GLOBE_R2024A_V1_2.zip,2026-09-19T08:41:50.435893+00:00,European Commission reuse notice: reuse authorised with source acknowledgement,Direct field SC_SEC_LEM_2020; layer GHSL_UCDB_THEME_SOCIOECONOMIC_GLOBE_R2024A; exact definition and upstream source in ghsl_indicator_dictionary.csv and official PDF.
ghsl_5929,ghsl_SC_SEC_SET_2020,GHSL UCDB R2024A V1.2,https://jeodpp.jrc.ec.europa.eu/ftp/jrc-opendata/GHSL/GHS_UCDB_GLOBE_R2024A/GHS_UCDB_GLOBE_R2024A/V1-2/GHS_UCDB_GLOBE_R2024A_V1_2.zip,2026-09-19T08:41:50.435893+00:00,European Commission reuse notice: reuse authorised with source acknowledgement,Direct field SC_SEC_SET_2020; layer GHSL_UCDB_THEME_SOCIOECONOMIC_GLOBE_R2024A; exact definition and upstream source in ghsl_indicator_dictionary.csv and official PDF.
ghsl_5929,ghsl_SC_SEC_SEF_2020,GHSL UCDB R2024A V1.2,https://jeodpp.jrc.ec.europa.eu/ftp/jrc-opendata/GHSL/GHS_UCDB_GLOBE_R2024A/GHS_UCDB_GLOBE_R2024A/V1-2/GHS_UCDB_GLOBE_R2024A_V1_2.zip,2026-09-19T08:41:50.435893+00:00,European Commission reuse notice: reuse authorised with source acknowledgement,Direct field SC_SEC_SEF_2020; layer GHSL_UCDB_THEME_SOCIOECONOMIC_GLOBE_R2024A; exact definition and upstream source in ghsl_indicator_dictionary.csv and official PDF.
ghsl_5929,ghsl_SC_SEC_SEM_2020,GHSL UCDB R2024A V1.2,https://jeodpp.jrc.ec.europa.eu/ftp/jrc-opendata/GHSL/GHS_UCDB_GLOBE_R2024A/GHS_UCDB_GLOBE_R2024A/V1-2/GHS_UCDB_GLOBE_R2024A_V1_2.zip,2026-09-19T08:41:50.435893+00:00,European Commission reuse notice: reuse authorised with source acknowledgement,Direct field SC_SEC_SEM_2020; layer GHSL_UCDB_THEME_SOCIOECONOMIC_GLOBE_R2024A; exact definition and upstream source in ghsl_indicator_dictionary.csv and official PDF.
ghsl_5929,ghsl_SC_SEC_SYT_2020,GHSL UCDB R2024A V1.2,https://jeodpp.jrc.ec.europa.eu/ftp/jrc-opendata/GHSL/GHS_UCDB_GLOBE_R2024A/GHS_UCDB_GLOBE_R2024A/V1-2/GHS_UCDB_GLOBE_R2024A_V1_2.zip,2026-09-19T08:41:50.435893+00:00,European Commission reuse notice: reuse authorised with source acknowledgement,Direct field SC_SEC_SYT_2020; layer GHSL_UCDB_THEME_SOCIOECONOMIC_GLOBE_R2024A; exact definition and upstream source in ghsl_indicator_dictionary.csv and official PDF.
ghsl_5929,ghsl_SC_SEC_SYF_2020,GHSL UCDB R2024A V1.2,https://jeodpp.jrc.ec.europa.eu/ftp/jrc-opendata/GHSL/GHS_UCDB_GLOBE_R2024A/GHS_UCDB_GLOBE_R2024A/V1-2/GHS_UCDB_GLOBE_R2024A_V1_2.zip,2026-09-19T08:41:50.435893+00:00,European Commission reuse notice: reuse authorised with source acknowledgement,Direct field SC_SEC_SYF_2020; layer GHSL_UCDB_THEME_SOCIOECONOMIC_GLOBE_R2024A; exact definition and upstream source in ghsl_indicator_dictionary.csv and official PDF.
ghsl_5929,ghsl_SC_SEC_SYM_2020,GHSL UCDB R2024A V1.2,https://jeodpp.jrc.ec.europa.eu/ftp/jrc-opendata/GHSL/GHS_UCDB_GLOBE_R2024A/GHS_UCDB_GLOBE_R2024A/V1-2/GHS_UCDB_GLOBE_R2024A_V1_2.zip,2026-09-19T08:41:50.435893+00:00,European Commission reuse notice: reuse authorised with source acknowledgement,Direct field SC_SEC_SYM_2020; layer GHSL_UCDB_THEME_SOCIOECONOMIC_GLOBE_R2024A; exact definition and upstream source in ghsl_indicator_dictionary.csv and official PDF.
ghsl_5929,ghsl_SC_SEC_GIF_2020,GHSL UCDB R2024A V1.2,https://jeodpp.jrc.ec.europa.eu/ftp/jrc-opendata/GHSL/GHS_UCDB_GLOBE_R2024A/GHS_UCDB_GLOBE_R2024A/V1-2/GHS_UCDB_GLOBE_R2024A_V1_2.zip,2026-09-19T08:41:50.435893+00:00,European Commission reuse notice: reuse authorised with source acknowledgement,Direct field SC_SEC_GIF_2020; layer GHSL_UCDB_THEME_SOCIOECONOMIC_GLOBE_R2024A; exact definition and upstream source in ghsl_indicator_dictionary.csv and official PDF.
ghsl_5929,ghsl_SC_SEC_GIM_2020,GHSL UCDB R2024A V1.2,https://jeodpp.jrc.ec.europa.eu/ftp/jrc-opendata/GHSL/GHS_UCDB_GLOBE_R2024A/GHS_UCDB_GLOBE_R2024A/V1-2/GHS_UCDB_GLOBE_R2024A_V1_2.zip,2026-09-19T08:41:50.435893+00:00,European Commission reuse notice: reuse authorised with source acknowledgement,Direct field SC_SEC_GIM_2020; layer GHSL_UCDB_THEME_SOCIOECONOMIC_GLOBE_R2024A; exact definition and upstream source in ghsl_indicator_dictionary.csv and official PDF.
ghsl_5929,ghsl_SC_SEC_PCF_2020,GHSL UCDB R2024A V1.2,https://jeodpp.jrc.ec.europa.eu/ftp/jrc-opendata/GHSL/GHS_UCDB_GLOBE_R2024A/GHS_UCDB_GLOBE_R2024A/V1-2/GHS_UCDB_GLOBE_R2024A_V1_2.zip,2026-09-19T08:41:50.435893+00:00,European Commission reuse notice: reuse authorised with source acknowledgement,Direct field SC_SEC_PCF_2020; layer GHSL_UCDB_THEME_SOCIOECONOMIC_GLOBE_R2024A; exact definition and upstream source in ghsl_indicator_dictionary.csv and official PDF.
ghsl_5929,ghsl_SC_SEC_PCM_2020,GHSL UCDB R2024A V1.2,https://jeodpp.jrc.ec.europa.eu/ftp/jrc-opendata/GHSL/GHS_UCDB_GLOBE_R2024A/GHS_UCDB_GLOBE_R2024A/V1-2/GHS_UCDB_GLOBE_R2024A_V1_2.zip,2026-09-19T08:41:50.435893+00:00,European Commission reuse notice: reuse authorised with source acknowledgement,Direct field SC_SEC_PCM_2020; layer GHSL_UCDB_THEME_SOCIOECONOMIC_GLOBE_R2024A; exact definition and upstream source in ghsl_indicator_dictionary.csv and official PDF.
ghsl_5929,ghsl_SC_SEC_PCY_2020,GHSL UCDB R2024A V1.2,https://jeodpp.jrc.ec.europa.eu/ftp/jrc-opendata/GHSL/GHS_UCDB_GLOBE_R2024A/GHS_UCDB_GLOBE_R2024A/V1-2/GHS_UCDB_GLOBE_R2024A_V1_2.zip,2026-09-19T08:41:50.435893+00:00,European Commission reuse notice: reuse authorised with source acknowledgement,Direct field SC_SEC_PCY_2020; layer GHSL_UCDB_THEME_SOCIOECONOMIC_GLOBE_R2024A; exact definition and upstream source in ghsl_indicator_dictionary.csv and official PDF.
ghsl_5929,ghsl_SC_SEC_PCA_2020,GHSL UCDB R2024A V1.2,https://jeodpp.jrc.ec.europa.eu/ftp/jrc-opendata/GHSL/GHS_UCDB_GLOBE_R2024A/GHS_UCDB_GLOBE_R2024A/V1-2/GHS_UCDB_GLOBE_R2024A_V1_2.zip,2026-09-19T08:41:50.435893+00:00,European Commission reuse notice: reuse authorised with source acknowledgement,Direct field SC_SEC_PCA_2020; layer GHSL_UCDB_THEME_SOCIOECONOMIC_GLOBE_R2024A; exact definition and upstream source in ghsl_indicator_dictionary.csv and official PDF.
ghsl_5929,ghsl_SC_SEC_PCO_2020,GHSL UCDB R2024A V1.2,https://jeodpp.jrc.ec.europa.eu/ftp/jrc-opendata/GHSL/GHS_UCDB_GLOBE_R2024A/GHS_UCDB_GLOBE_R2024A/V1-2/GHS_UCDB_GLOBE_R2024A_V1_2.zip,2026-09-19T08:41:50.435893+00:00,European Commission reuse notice: reuse authorised with source acknowledgement,Direct field SC_SEC_PCO_2020; layer GHSL_UCDB_THEME_SOCIOECONOMIC_GLOBE_R2024A; exact definition and upstream source in ghsl_indicator_dictionary.csv and official PDF.
ghsl_5929,ghsl_SC_CON_DSF_2023,GHSL UCDB R2024A V1.2,https://jeodpp.jrc.ec.europa.eu/ftp/jrc-opendata/GHSL/GHS_UCDB_GLOBE_R2024A/GHS_UCDB_GLOBE_R2024A/V1-2/GHS_UCDB_GLOBE_R2024A_V1_2.zip,2026-09-19T08:41:50.435893+00:00,European Commission reuse notice: reuse authorised with source acknowledgement,Direct field SC_CON_DSF_2023; layer GHSL_UCDB_THEME_SOCIOECONOMIC_GLOBE_R2024A; exact definition and upstream source in ghsl_indicator_dictionary.csv and official PDF.
ghsl_5929,ghsl_SC_CON_DSM_2023,GHSL UCDB R2024A V1.2,https://jeodpp.jrc.ec.europa.eu/ftp/jrc-opendata/GHSL/GHS_UCDB_GLOBE_R2024A/GHS_UCDB_GLOBE_R2024A/V1-2/GHS_UCDB_GLOBE_R2024A_V1_2.zip,2026-09-19T08:41:50.435893+00:00,European Commission reuse notice: reuse authorised with source acknowledgement,Direct field SC_CON_DSM_2023; layer GHSL_UCDB_THEME_SOCIOECONOMIC_GLOBE_R2024A; exact definition and upstream source in ghsl_indicator_dictionary.csv and official PDF.
ghsl_5929,ghsl_SC_CON_USF_2023,GHSL UCDB R2024A V1.2,https://jeodpp.jrc.ec.europa.eu/ftp/jrc-opendata/GHSL/GHS_UCDB_GLOBE_R2024A/GHS_UCDB_GLOBE_R2024A/V1-2/GHS_UCDB_GLOBE_R2024A_V1_2.zip,2026-09-19T08:41:50.435893+00:00,European Commission reuse notice: reuse authorised with source acknowledgement,Direct field SC_CON_USF_2023; layer GHSL_UCDB_THEME_SOCIOECONOMIC_GLOBE_R2024A; exact definition and upstream source in ghsl_indicator_dictionary.csv and official PDF.
ghsl_5929,ghsl_SC_CON_USM_2023,GHSL UCDB R2024A V1.2,https://jeodpp.jrc.ec.europa.eu/ftp/jrc-opendata/GHSL/GHS_UCDB_GLOBE_R2024A/GHS_UCDB_GLOBE_R2024A/V1-2/GHS_UCDB_GLOBE_R2024A_V1_2.zip,2026-09-19T08:41:50.435893+00:00,European Commission reuse notice: reuse authorised with source acknowledgement,Direct field SC_CON_USM_2023; layer GHSL_UCDB_THEME_SOCIOECONOMIC_GLOBE_R2024A; exact definition and upstream source in ghsl_indicator_dictionary.csv and official PDF.
ghsl_5929,ghsl_SC_CON_ALF_2023,GHSL UCDB R2024A V1.2,https://jeodpp.jrc.ec.europa.eu/ftp/jrc-opendata/GHSL/GHS_UCDB_GLOBE_R2024A/GHS_UCDB_GLOBE_R2024A/V1-2/GHS_UCDB_GLOBE_R2024A_V1_2.zip,2026-09-19T08:41:50.435893+00:00,European Commission reuse notice: reuse authorised with source acknowledgement,Direct field SC_CON_ALF_2023; layer GHSL_UCDB_THEME_SOCIOECONOMIC_GLOBE_R2024A; exact definition and upstream source in ghsl_indicator_dictionary.csv and official PDF.
ghsl_5929,ghsl_SC_CON_ALM_2023,GHSL UCDB R2024A V1.2,https://jeodpp.jrc.ec.europa.eu/ftp/jrc-opendata/GHSL/GHS_UCDB_GLOBE_R2024A/GHS_UCDB_GLOBE_R2024A/V1-2/GHS_UCDB_GLOBE_R2024A_V1_2.zip,2026-09-19T08:41:50.435893+00:00,European Commission reuse notice: reuse authorised with source acknowledgement,Direct field SC_CON_ALM_2023; layer GHSL_UCDB_THEME_SOCIOECONOMIC_GLOBE_R2024A; exact definition and upstream source in ghsl_indicator_dictionary.csv and official PDF.
ghsl_5929,ghsl_SC_CON_NDF_2023,GHSL UCDB R2024A V1.2,https://jeodpp.jrc.ec.europa.eu/ftp/jrc-opendata/GHSL/GHS_UCDB_GLOBE_R2024A/GHS_UCDB_GLOBE_R2024A/V1-2/GHS_UCDB_GLOBE_R2024A_V1_2.zip,2026-09-19T08:41:50.435893+00:00,European Commission reuse notice: reuse authorised with source acknowledgement,Direct field SC_CON_NDF_2023; layer GHSL_UCDB_THEME_SOCIOECONOMIC_GLOBE_R2024A; exact definition and upstream source in ghsl_indicator_dictionary.csv and official PDF.
ghsl_5929,ghsl_SC_CON_NDM_2023,GHSL UCDB R2024A V1.2,https://jeodpp.jrc.ec.europa.eu/ftp/jrc-opendata/GHSL/GHS_UCDB_GLOBE_R2024A/GHS_UCDB_GLOBE_R2024A/V1-2/GHS_UCDB_GLOBE_R2024A_V1_2.zip,2026-09-19T08:41:50.435893+00:00,European Commission reuse notice: reuse authorised with source acknowledgement,Direct field SC_CON_NDM_2023; layer GHSL_UCDB_THEME_SOCIOECONOMIC_GLOBE_R2024A; exact definition and upstream source in ghsl_indicator_dictionary.csv and official PDF.
ghsl_5929,ghsl_WA_MAR_SHT_2023,GHSL UCDB R2024A V1.2,https://jeodpp.jrc.ec.europa.eu/ftp/jrc-opendata/GHSL/GHS_UCDB_GLOBE_R2024A/GHS_UCDB_GLOBE_R2024A/V1-2/GHS_UCDB_GLOBE_R2024A_V1_2.zip,2026-09-19T08:41:50.435893+00:00,European Commission reuse notice: reuse authorised with source acknowledgement,Direct field WA_MAR_SHT_2023; layer GHSL_UCDB_THEME_WATER_GLOBE_R2024A; exact definition and upstream source in ghsl_indicator_dictionary.csv and official PDF.
ghsl_5929,ghsl_WA_MAR_STT_2021,GHSL UCDB R2024A V1.2,https://jeodpp.jrc.ec.europa.eu/ftp/jrc-opendata/GHSL/GHS_UCDB_GLOBE_R2024A/GHS_UCDB_GLOBE_R2024A/V1-2/GHS_UCDB_GLOBE_R2024A_V1_2.zip,2026-09-19T08:41:50.435893+00:00,European Commission reuse notice: reuse authorised with source acknowledgement,Direct field WA_MAR_STT_2021; layer GHSL_UCDB_THEME_WATER_GLOBE_R2024A; exact definition and upstream source in ghsl_indicator_dictionary.csv and official PDF.
ghsl_5929,ghsl_WA_MAR_SST_2024,GHSL UCDB R2024A V1.2,https://jeodpp.jrc.ec.europa.eu/ftp/jrc-opendata/GHSL/GHS_UCDB_GLOBE_R2024A/GHS_UCDB_GLOBE_R2024A/V1-2/GHS_UCDB_GLOBE_R2024A_V1_2.zip,2026-09-19T08:41:50.435893+00:00,European Commission reuse notice: reuse authorised with source acknowledgement,Direct field WA_MAR_SST_2024; layer GHSL_UCDB_THEME_WATER_GLOBE_R2024A; exact definition and upstream source in ghsl_indicator_dictionary.csv and official PDF.
ghsl_5929,ghsl_WA_MAR_W01_2019,GHSL UCDB R2024A V1.2,https://jeodpp.jrc.ec.europa.eu/ftp/jrc-opendata/GHSL/GHS_UCDB_GLOBE_R2024A/GHS_UCDB_GLOBE_R2024A/V1-2/GHS_UCDB_GLOBE_R2024A_V1_2.zip,2026-09-19T08:41:50.435893+00:00,European Commission reuse notice: reuse authorised with source acknowledgement,Direct field WA_MAR_W01_2019; layer GHSL_UCDB_THEME_WATER_GLOBE_R2024A; exact definition and upstream source in ghsl_indicator_dictionary.csv and official PDF.
ghsl_5929,ghsl_WA_MAR_W02_2019,GHSL UCDB R2024A V1.2,https://jeodpp.jrc.ec.europa.eu/ftp/jrc-opendata/GHSL/GHS_UCDB_GLOBE_R2024A/GHS_UCDB_GLOBE_R2024A/V1-2/GHS_UCDB_GLOBE_R2024A_V1_2.zip,2026-09-19T08:41:50.435893+00:00,European Commission reuse notice: reuse authorised with source acknowledgement,Direct field WA_MAR_W02_2019; layer GHSL_UCDB_THEME_WATER_GLOBE_R2024A; exact definition and upstream source in ghsl_indicator_dictionary.csv and official PDF.
ghsl_5929,ghsl_WA_MAR_W03_2019,GHSL UCDB R2024A V1.2,https://jeodpp.jrc.ec.europa.eu/ftp/jrc-opendata/GHSL/GHS_UCDB_GLOBE_R2024A/GHS_UCDB_GLOBE_R2024A/V1-2/GHS_UCDB_GLOBE_R2024A_V1_2.zip,2026-09-19T08:41:50.435893+00:00,European Commission reuse notice: reuse authorised with source acknowledgement,Direct field WA_MAR_W03_2019; layer GHSL_UCDB_THEME_WATER_GLOBE_R2024A; exact definition and upstream source in ghsl_indicator_dictionary.csv and official PDF.
ghsl_5929,ghsl_WA_MAR_W04_2019,GHSL UCDB R2024A V1.2,https://jeodpp.jrc.ec.europa.eu/ftp/jrc-opendata/GHSL/GHS_UCDB_GLOBE_R2024A/GHS_UCDB_GLOBE_R2024A/V1-2/GHS_UCDB_GLOBE_R2024A_V1_2.zip,2026-09-19T08:41:50.435893+00:00,European Commission reuse notice: reuse authorised with source acknowledgement,Direct field WA_MAR_W04_2019; layer GHSL_UCDB_THEME_WATER_GLOBE_R2024A; exact definition and upstream source in ghsl_indicator_dictionary.csv and official PDF.
ghsl_5929,ghsl_WA_MAR_W05_2019,GHSL UCDB R2024A V1.2,https://jeodpp.jrc.ec.europa.eu/ftp/jrc-opendata/GHSL/GHS_UCDB_GLOBE_R2024A/GHS_UCDB_GLOBE_R2024A/V1-2/GHS_UCDB_GLOBE_R2024A_V1_2.zip,2026-09-19T08:41:50.435893+00:00,European Commission reuse notice: reuse authorised with source acknowledgement,Direct field WA_MAR_W05_2019; layer GHSL_UCDB_THEME_WATER_GLOBE_R2024A; exact definition and upstream source in ghsl_indicator_dictionary.csv and official PDF.
ghsl_5929,ghsl_WA_MAR_W06_2019,GHSL UCDB R2024A V1.2,https://jeodpp.jrc.ec.europa.eu/ftp/jrc-opendata/GHSL/GHS_UCDB_GLOBE_R2024A/GHS_UCDB_GLOBE_R2024A/V1-2/GHS_UCDB_GLOBE_R2024A_V1_2.zip,2026-09-19T08:41:50.435893+00:00,European Commission reuse notice: reuse authorised with source acknowledgement,Direct field WA_MAR_W06_2019; layer GHSL_UCDB_THEME_WATER_GLOBE_R2024A; exact definition and upstream source in ghsl_indicator_dictionary.csv and official PDF.
ghsl_5929,ghsl_WA_MAR_W07_2019,GHSL UCDB R2024A V1.2,https://jeodpp.jrc.ec.europa.eu/ftp/jrc-opendata/GHSL/GHS_UCDB_GLOBE_R2024A/GHS_UCDB_GLOBE_R2024A/V1-2/GHS_UCDB_GLOBE_R2024A_V1_2.zip,2026-09-19T08:41:50.435893+00:00,European Commission reuse notice: reuse authorised with source acknowledgement,Direct field WA_MAR_W07_2019; layer GHSL_UCDB_THEME_WATER_GLOBE_R2024A; exact definition and upstream source in ghsl_indicator_dictionary.csv and official PDF.
ghsl_5929,ghsl_WA_MAR_W08_2019,GHSL UCDB R2024A V1.2,https://jeodpp.jrc.ec.europa.eu/ftp/jrc-opendata/GHSL/GHS_UCDB_GLOBE_R2024A/GHS_UCDB_GLOBE_R2024A/V1-2/GHS_UCDB_GLOBE_R2024A_V1_2.zip,2026-09-19T08:41:50.435893+00:00,European Commission reuse notice: reuse authorised with source acknowledgement,Direct field WA_MAR_W08_2019; layer GHSL_UCDB_THEME_WATER_GLOBE_R2024A; exact definition and upstream source in ghsl_indicator_dictionary.csv and official PDF.
ghsl_5929,ghsl_WA_MAR_W09_2019,GHSL UCDB R2024A V1.2,https://jeodpp.jrc.ec.europa.eu/ftp/jrc-opendata/GHSL/GHS_UCDB_GLOBE_R2024A/GHS_UCDB_GLOBE_R2024A/V1-2/GHS_UCDB_GLOBE_R2024A_V1_2.zip,2026-09-19T08:41:50.435893+00:00,European Commission reuse notice: reuse authorised with source acknowledgement,Direct field WA_MAR_W09_2019; layer GHSL_UCDB_THEME_WATER_GLOBE_R2024A; exact definition and upstream source in ghsl_indicator_dictionary.csv and official PDF.
ghsl_5929,ghsl_WA_MAR_W10_2019,GHSL UCDB R2024A V1.2,https://jeodpp.jrc.ec.europa.eu/ftp/jrc-opendata/GHSL/GHS_UCDB_GLOBE_R2024A/GHS_UCDB_GLOBE_R2024A/V1-2/GHS_UCDB_GLOBE_R2024A_V1_2.zip,2026-09-19T08:41:50.435893+00:00,European Commission reuse notice: reuse authorised with source acknowledgement,Direct field WA_MAR_W10_2019; layer GHSL_UCDB_THEME_WATER_GLOBE_R2024A; exact definition and upstream source in ghsl_indicator_dictionary.csv and official PDF.
ghsl_5929,ghsl_WA_MAR_W11_2019,GHSL UCDB R2024A V1.2,https://jeodpp.jrc.ec.europa.eu/ftp/jrc-opendata/GHSL/GHS_UCDB_GLOBE_R2024A/GHS_UCDB_GLOBE_R2024A/V1-2/GHS_UCDB_GLOBE_R2024A_V1_2.zip,2026-09-19T08:41:50.435893+00:00,European Commission reuse notice: reuse authorised with source acknowledgement,Direct field WA_MAR_W11_2019; layer GHSL_UCDB_THEME_WATER_GLOBE_R2024A; exact definition and upstream source in ghsl_indicator_dictionary.csv and official PDF.
ghsl_5929,ghsl_WA_MAR_W12_2019,GHSL UCDB R2024A V1.2,https://jeodpp.jrc.ec.europa.eu/ftp/jrc-opendata/GHSL/GHS_UCDB_GLOBE_R2024A/GHS_UCDB_GLOBE_R2024A/V1-2/GHS_UCDB_GLOBE_R2024A_V1_2.zip,2026-09-19T08:41:50.435893+00:00,European Commission reuse notice: reuse authorised with source acknowledgement,Direct field WA_MAR_W12_2019; layer GHSL_UCDB_THEME_WATER_GLOBE_R2024A; exact definition and upstream source in ghsl_indicator_dictionary.csv and official PDF.
ghsl_5929,ghsl_WA_GWR_GWB_2025,GHSL UCDB R2024A V1.2,https://jeodpp.jrc.ec.europa.eu/ftp/jrc-opendata/GHSL/GHS_UCDB_GLOBE_R2024A/GHS_UCDB_GLOBE_R2024A/V1-2/GHS_UCDB_GLOBE_R2024A_V1_2.zip,2026-09-19T08:41:50.435893+00:00,European Commission reuse notice: reuse authorised with source acknowledgement,Direct field WA_GWR_GWB_2025; layer GHSL_UCDB_THEME_WATER_GLOBE_R2024A; exact definition and upstream source in ghsl_indicator_dictionary.csv and official PDF.
ghsl_5929,ghsl_WA_GWR_MMA_2025,GHSL UCDB R2024A V1.2,https://jeodpp.jrc.ec.europa.eu/ftp/jrc-opendata/GHSL/GHS_UCDB_GLOBE_R2024A/GHS_UCDB_GLOBE_R2024A/V1-2/GHS_UCDB_GLOBE_R2024A_V1_2.zip,2026-09-19T08:41:50.435893+00:00,European Commission reuse notice: reuse authorised with source acknowledgement,Direct field WA_GWR_MMA_2025; layer GHSL_UCDB_THEME_WATER_GLOBE_R2024A; exact definition and upstream source in ghsl_indicator_dictionary.csv and official PDF.
ghsl_5929,ghsl_WA_GWS_SAL_2025,GHSL UCDB R2024A V1.2,https://jeodpp.jrc.ec.europa.eu/ftp/jrc-opendata/GHSL/GHS_UCDB_GLOBE_R2024A/GHS_UCDB_GLOBE_R2024A/V1-2/GHS_UCDB_GLOBE_R2024A_V1_2.zip,2026-09-19T08:41:50.435893+00:00,European Commission reuse notice: reuse authorised with source acknowledgement,Direct field WA_GWS_SAL_2025; layer GHSL_UCDB_THEME_WATER_GLOBE_R2024A; exact definition and upstream source in ghsl_indicator_dictionary.csv and official PDF.
ghsl_5929,population_density,GHSL UCDB / documented selection,https://jeodpp.jrc.ec.europa.eu/ftp/jrc-opendata/GHSL/GHS_UCDB_GLOBE_R2024A/GHS_UCDB_GLOBE_R2024A/V1-2/GHS_UCDB_GLOBE_R2024A_V1_2.zip,2026-09-19T08:41:50.435893+00:00,European Commission reuse notice: reuse authorised with source acknowledgement,population / area_km2
ghsl_5929,built_up_population_density,GHSL UCDB / documented selection,https://jeodpp.jrc.ec.europa.eu/ftp/jrc-opendata/GHSL/GHS_UCDB_GLOBE_R2024A/GHS_UCDB_GLOBE_R2024A/V1-2/GHS_UCDB_GLOBE_R2024A_V1_2.zip,2026-09-19T08:41:50.435893+00:00,European Commission reuse notice: reuse authorised with source acknowledgement,population / built_up_area_km2
ghsl_5929,green_space_pct,GHSL UCDB / documented selection,https://jeodpp.jrc.ec.europa.eu/ftp/jrc-opendata/GHSL/GHS_UCDB_GLOBE_R2024A/GHS_UCDB_GLOBE_R2024A/V1-2/GHS_UCDB_GLOBE_R2024A_V1_2.zip,2026-09-19T08:41:50.435893+00:00,European Commission reuse notice: reuse authorised with source acknowledgement,Unavailable: GHSL greenness in built-up areas is not public green-space coverage.
ghsl_5929,places,Overture Maps 2026-08-19.0,https://stac.overturemaps.org/2026-08-19.0/catalog.json,2026-09-19T09:01:08.115033+00:00,Theme-specific; see https://docs.overturemaps.org/attribution/ and retained feature sources,"Raw query, contributing feature sources, checksums, timestamps and bbox retained in raw sidecar JSON."
ghsl_5929,roads,Overture Maps 2026-08-19.0,https://stac.overturemaps.org/2026-08-19.0/catalog.json,2026-09-19T08:55:27.395014+00:00,Theme-specific; see https://docs.overturemaps.org/attribution/ and retained feature sources,"Raw query, contributing feature sources, checksums, timestamps and bbox retained in raw sidecar JSON."
ghsl_5929,land_use,Overture Maps 2026-08-19.0,https://stac.overturemaps.org/2026-08-19.0/catalog.json,2026-09-19T09:08:22.178030+00:00,Theme-specific; see https://docs.overturemaps.org/attribution/ and retained feature sources,"Raw query, contributing feature sources, checksums, timestamps and bbox retained in raw sidecar JSON."
ghsl_5929,osm,OpenStreetMap,https://overpass-api.de/api/interpreter,2026-09-19T09:10:02.786363+00:00,ODbL 1.0; © OpenStreetMap contributors,"Raw query, contributing feature sources, checksums, timestamps and bbox retained in raw sidecar JSON."
ghsl_5929,hospital_count,Derived from osm,https://overpass-api.de/api/interpreter,2026-09-19T09:10:02.786363+00:00,ODbL 1.0; © OpenStreetMap contributors,Derived; formula/method in feature_dictionary.csv; source observations can be incomplete.
ghsl_5929,hospital_density,Derived from osm + GHSL,https://overpass-api.de/api/interpreter,2026-09-19T09:10:02.786363+00:00,ODbL 1.0; © OpenStreetMap contributors,Derived; formula/method in feature_dictionary.csv; source observations can be incomplete.
ghsl_5929,hospitals_per_100k,Derived from osm + GHSL,https://overpass-api.de/api/interpreter,2026-09-19T09:10:02.786363+00:00,ODbL 1.0; © OpenStreetMap contributors,Derived; formula/method in feature_dictionary.csv; source observations can be incomplete.
ghsl_5929,clinic_count,Derived from osm,https://overpass-api.de/api/interpreter,2026-09-19T09:10:02.786363+00:00,ODbL 1.0; © OpenStreetMap contributors,Derived; formula/method in feature_dictionary.csv; source observations can be incomplete.
ghsl_5929,clinic_density,Derived from osm + GHSL,https://overpass-api.de/api/interpreter,2026-09-19T09:10:02.786363+00:00,ODbL 1.0; © OpenStreetMap contributors,Derived; formula/method in feature_dictionary.csv; source observations can be incomplete.
ghsl_5929,clinics_per_100k,Derived from osm + GHSL,https://overpass-api.de/api/interpreter,2026-09-19T09:10:02.786363+00:00,ODbL 1.0; © OpenStreetMap contributors,Derived; formula/method in feature_dictionary.csv; source observations can be incomplete.
ghsl_5929,school_count,Derived from osm,https://overpass-api.de/api/interpreter,2026-09-19T09:10:02.786363+00:00,ODbL 1.0; © OpenStreetMap contributors,Derived; formula/method in feature_dictionary.csv; source observations can be incomplete.
ghsl_5929,school_density,Derived from osm + GHSL,https://overpass-api.de/api/interpreter,2026-09-19T09:10:02.786363+00:00,ODbL 1.0; © OpenStreetMap contributors,Derived; formula/method in feature_dictionary.csv; source observations can be incomplete.
ghsl_5929,schools_per_100k,Derived from osm + GHSL,https://overpass-api.de/api/interpreter,2026-09-19T09:10:02.786363+00:00,ODbL 1.0; © OpenStreetMap contributors,Derived; formula/method in feature_dictionary.csv; source observations can be incomplete.
ghsl_5929,university_count,Derived from osm,https://overpass-api.de/api/interpreter,2026-09-19T09:10:02.786363+00:00,ODbL 1.0; © OpenStreetMap contributors,Derived; formula/method in feature_dictionary.csv; source observations can be incomplete.
ghsl_5929,university_density,Derived from osm + GHSL,https://overpass-api.de/api/interpreter,2026-09-19T09:10:02.786363+00:00,ODbL 1.0; © OpenStreetMap contributors,Derived; formula/method in feature_dictionary.csv; source observations can be incomplete.
ghsl_5929,universitys_per_100k,Derived from osm + GHSL,https://overpass-api.de/api/interpreter,2026-09-19T09:10:02.786363+00:00,ODbL 1.0; © OpenStreetMap contributors,Derived; formula/method in feature_dictionary.csv; source observations can be incomplete.
ghsl_5929,park_count,Derived from osm,https://overpass-api.de/api/interpreter,2026-09-19T09:10:02.786363+00:00,ODbL 1.0; © OpenStreetMap contributors,Derived; formula/method in feature_dictionary.csv; source observations can be incomplete.
ghsl_5929,park_density,Derived from osm + GHSL,https://overpass-api.de/api/interpreter,2026-09-19T09:10:02.786363+00:00,ODbL 1.0; © OpenStreetMap contributors,Derived; formula/method in feature_dictionary.csv; source observations can be incomplete.
ghsl_5929,parks_per_100k,Derived from osm + GHSL,https://overpass-api.de/api/interpreter,2026-09-19T09:10:02.786363+00:00,ODbL 1.0; © OpenStreetMap contributors,Derived; formula/method in feature_dictionary.csv; source observations can be incomplete.
ghsl_5929,supermarket_count,Derived from places,https://stac.overturemaps.org/2026-08-19.0/catalog.json,2026-09-19T09:01:08.115033+00:00,Theme-specific; see https://docs.overturemaps.org/attribution/ and retained feature sources,Derived; formula/method in feature_dictionary.csv; source observations can be incomplete.
ghsl_5929,supermarket_density,Derived from places + GHSL,https://stac.overturemaps.org/2026-08-19.0/catalog.json,2026-09-19T09:01:08.115033+00:00,Theme-specific; see https://docs.overturemaps.org/attribution/ and retained feature sources,Derived; formula/method in feature_dictionary.csv; source observations can be incomplete.
ghsl_5929,supermarkets_per_100k,Derived from places + GHSL,https://stac.overturemaps.org/2026-08-19.0/catalog.json,2026-09-19T09:01:08.115033+00:00,Theme-specific; see https://docs.overturemaps.org/attribution/ and retained feature sources,Derived; formula/method in feature_dictionary.csv; source observations can be incomplete.
ghsl_5929,pharmacy_count,Derived from osm,https://overpass-api.de/api/interpreter,2026-09-19T09:10:02.786363+00:00,ODbL 1.0; © OpenStreetMap contributors,Derived; formula/method in feature_dictionary.csv; source observations can be incomplete.
ghsl_5929,pharmacy_density,Derived from osm + GHSL,https://overpass-api.de/api/interpreter,2026-09-19T09:10:02.786363+00:00,ODbL 1.0; © OpenStreetMap contributors,Derived; formula/method in feature_dictionary.csv; source observations can be incomplete.
ghsl_5929,pharmacys_per_100k,Derived from osm + GHSL,https://overpass-api.de/api/interpreter,2026-09-19T09:10:02.786363+00:00,ODbL 1.0; © OpenStreetMap contributors,Derived; formula/method in feature_dictionary.csv; source observations can be incomplete.
ghsl_5929,police_count,Derived from osm,https://overpass-api.de/api/interpreter,2026-09-19T09:10:02.786363+00:00,ODbL 1.0; © OpenStreetMap contributors,Derived; formula/method in feature_dictionary.csv; source observations can be incomplete.
ghsl_5929,police_density,Derived from osm + GHSL,https://overpass-api.de/api/interpreter,2026-09-19T09:10:02.786363+00:00,ODbL 1.0; © OpenStreetMap contributors,Derived; formula/method in feature_dictionary.csv; source observations can be incomplete.
ghsl_5929,polices_per_100k,Derived from osm + GHSL,https://overpass-api.de/api/interpreter,2026-09-19T09:10:02.786363+00:00,ODbL 1.0; © OpenStreetMap contributors,Derived; formula/method in feature_dictionary.csv; source observations can be incomplete.
ghsl_5929,fire_station_count,Derived from osm,https://overpass-api.de/api/interpreter,2026-09-19T09:10:02.786363+00:00,ODbL 1.0; © OpenStreetMap contributors,Derived; formula/method in feature_dictionary.csv; source observations can be incomplete.
ghsl_5929,fire_station_density,Derived from osm + GHSL,https://overpass-api.de/api/interpreter,2026-09-19T09:10:02.786363+00:00,ODbL 1.0; © OpenStreetMap contributors,Derived; formula/method in feature_dictionary.csv; source observations can be incomplete.
ghsl_5929,fire_stations_per_100k,Derived from osm + GHSL,https://overpass-api.de/api/interpreter,2026-09-19T09:10:02.786363+00:00,ODbL 1.0; © OpenStreetMap contributors,Derived; formula/method in feature_dictionary.csv; source observations can be incomplete.
ghsl_5929,transit_station_count,Derived from osm,https://overpass-api.de/api/interpreter,2026-09-19T09:10:02.786363+00:00,ODbL 1.0; © OpenStreetMap contributors,Derived; formula/method in feature_dictionary.csv; source observations can be incomplete.
ghsl_5929,transit_station_density,Derived from osm + GHSL,https://overpass-api.de/api/interpreter,2026-09-19T09:10:02.786363+00:00,ODbL 1.0; © OpenStreetMap contributors,Derived; formula/method in feature_dictionary.csv; source observations can be incomplete.
ghsl_5929,transit_stations_per_100k,Derived from osm + GHSL,https://overpass-api.de/api/interpreter,2026-09-19T09:10:02.786363+00:00,ODbL 1.0; © OpenStreetMap contributors,Derived; formula/method in feature_dictionary.csv; source observations can be incomplete.
ghsl_5929,bus_stop_count,Derived from osm,https://overpass-api.de/api/interpreter,2026-09-19T09:10:02.786363+00:00,ODbL 1.0; © OpenStreetMap contributors,Derived; formula/method in feature_dictionary.csv; source observations can be incomplete.
ghsl_5929,bus_stop_density,Derived from osm + GHSL,https://overpass-api.de/api/interpreter,2026-09-19T09:10:02.786363+00:00,ODbL 1.0; © OpenStreetMap contributors,Derived; formula/method in feature_dictionary.csv; source observations can be incomplete.
ghsl_5929,bus_stops_per_100k,Derived from osm + GHSL,https://overpass-api.de/api/interpreter,2026-09-19T09:10:02.786363+00:00,ODbL 1.0; © OpenStreetMap contributors,Derived; formula/method in feature_dictionary.csv; source observations can be incomplete.
ghsl_5929,transit_stop_count,Derived from osm,https://overpass-api.de/api/interpreter,2026-09-19T09:10:02.786363+00:00,ODbL 1.0; © OpenStreetMap contributors,Derived; formula/method in feature_dictionary.csv; source observations can be incomplete.
ghsl_5929,transit_stop_density,Derived from osm + GHSL,https://overpass-api.de/api/interpreter,2026-09-19T09:10:02.786363+00:00,ODbL 1.0; © OpenStreetMap contributors,Derived; formula/method in feature_dictionary.csv; source observations can be incomplete.
ghsl_5929,transit_stops_per_100k,Derived from osm + GHSL,https://overpass-api.de/api/interpreter,2026-09-19T09:10:02.786363+00:00,ODbL 1.0; © OpenStreetMap contributors,Derived; formula/method in feature_dictionary.csv; source observations can be incomplete.
ghsl_5929,restaurant_count,Derived from places,https://stac.overturemaps.org/2026-08-19.0/catalog.json,2026-09-19T09:01:08.115033+00:00,Theme-specific; see https://docs.overturemaps.org/attribution/ and retained feature sources,Derived; formula/method in feature_dictionary.csv; source observations can be incomplete.
ghsl_5929,restaurant_density,Derived from places + GHSL,https://stac.overturemaps.org/2026-08-19.0/catalog.json,2026-09-19T09:01:08.115033+00:00,Theme-specific; see https://docs.overturemaps.org/attribution/ and retained feature sources,Derived; formula/method in feature_dictionary.csv; source observations can be incomplete.
ghsl_5929,restaurants_per_100k,Derived from places + GHSL,https://stac.overturemaps.org/2026-08-19.0/catalog.json,2026-09-19T09:01:08.115033+00:00,Theme-specific; see https://docs.overturemaps.org/attribution/ and retained feature sources,Derived; formula/method in feature_dictionary.csv; source observations can be incomplete.
ghsl_5929,cafe_count,Derived from places,https://stac.overturemaps.org/2026-08-19.0/catalog.json,2026-09-19T09:01:08.115033+00:00,Theme-specific; see https://docs.overturemaps.org/attribution/ and retained feature sources,Derived; formula/method in feature_dictionary.csv; source observations can be incomplete.
ghsl_5929,cafe_density,Derived from places + GHSL,https://stac.overturemaps.org/2026-08-19.0/catalog.json,2026-09-19T09:01:08.115033+00:00,Theme-specific; see https://docs.overturemaps.org/attribution/ and retained feature sources,Derived; formula/method in feature_dictionary.csv; source observations can be incomplete.
ghsl_5929,cafes_per_100k,Derived from places + GHSL,https://stac.overturemaps.org/2026-08-19.0/catalog.json,2026-09-19T09:01:08.115033+00:00,Theme-specific; see https://docs.overturemaps.org/attribution/ and retained feature sources,Derived; formula/method in feature_dictionary.csv; source observations can be incomplete.
ghsl_5929,retail_count,Derived from places,https://stac.overturemaps.org/2026-08-19.0/catalog.json,2026-09-19T09:01:08.115033+00:00,Theme-specific; see https://docs.overturemaps.org/attribution/ and retained feature sources,Derived; formula/method in feature_dictionary.csv; source observations can be incomplete.
ghsl_5929,retail_density,Derived from places + GHSL,https://stac.overturemaps.org/2026-08-19.0/catalog.json,2026-09-19T09:01:08.115033+00:00,Theme-specific; see https://docs.overturemaps.org/attribution/ and retained feature sources,Derived; formula/method in feature_dictionary.csv; source observations can be incomplete.
ghsl_5929,retails_per_100k,Derived from places + GHSL,https://stac.overturemaps.org/2026-08-19.0/catalog.json,2026-09-19T09:01:08.115033+00:00,Theme-specific; see https://docs.overturemaps.org/attribution/ and retained feature sources,Derived; formula/method in feature_dictionary.csv; source observations can be incomplete.
ghsl_5929,accommodation_count,Derived from places,https://stac.overturemaps.org/2026-08-19.0/catalog.json,2026-09-19T09:01:08.115033+00:00,Theme-specific; see https://docs.overturemaps.org/attribution/ and retained feature sources,Derived; formula/method in feature_dictionary.csv; source observations can be incomplete.
ghsl_5929,accommodation_density,Derived from places + GHSL,https://stac.overturemaps.org/2026-08-19.0/catalog.json,2026-09-19T09:01:08.115033+00:00,Theme-specific; see https://docs.overturemaps.org/attribution/ and retained feature sources,Derived; formula/method in feature_dictionary.csv; source observations can be incomplete.
ghsl_5929,accommodations_per_100k,Derived from places + GHSL,https://stac.overturemaps.org/2026-08-19.0/catalog.json,2026-09-19T09:01:08.115033+00:00,Theme-specific; see https://docs.overturemaps.org/attribution/ and retained feature sources,Derived; formula/method in feature_dictionary.csv; source observations can be incomplete.
ghsl_5929,community_count,Derived from places,https://stac.overturemaps.org/2026-08-19.0/catalog.json,2026-09-19T09:01:08.115033+00:00,Theme-specific; see https://docs.overturemaps.org/attribution/ and retained feature sources,Derived; formula/method in feature_dictionary.csv; source observations can be incomplete.
ghsl_5929,community_density,Derived from places + GHSL,https://stac.overturemaps.org/2026-08-19.0/catalog.json,2026-09-19T09:01:08.115033+00:00,Theme-specific; see https://docs.overturemaps.org/attribution/ and retained feature sources,Derived; formula/method in feature_dictionary.csv; source observations can be incomplete.
ghsl_5929,communitys_per_100k,Derived from places + GHSL,https://stac.overturemaps.org/2026-08-19.0/catalog.json,2026-09-19T09:01:08.115033+00:00,Theme-specific; see https://docs.overturemaps.org/attribution/ and retained feature sources,Derived; formula/method in feature_dictionary.csv; source observations can be incomplete.
ghsl_5929,other_count,Derived from places,https://stac.overturemaps.org/2026-08-19.0/catalog.json,2026-09-19T09:01:08.115033+00:00,Theme-specific; see https://docs.overturemaps.org/attribution/ and retained feature sources,Derived; formula/method in feature_dictionary.csv; source observations can be incomplete.
ghsl_5929,other_density,Derived from places + GHSL,https://stac.overturemaps.org/2026-08-19.0/catalog.json,2026-09-19T09:01:08.115033+00:00,Theme-specific; see https://docs.overturemaps.org/attribution/ and retained feature sources,Derived; formula/method in feature_dictionary.csv; source observations can be incomplete.
ghsl_5929,others_per_100k,Derived from places + GHSL,https://stac.overturemaps.org/2026-08-19.0/catalog.json,2026-09-19T09:01:08.115033+00:00,Theme-specific; see https://docs.overturemaps.org/attribution/ and retained feature sources,Derived; formula/method in feature_dictionary.csv; source observations can be incomplete.
ghsl_5929,uncategorized_count,Derived from places,https://stac.overturemaps.org/2026-08-19.0/catalog.json,2026-09-19T09:01:08.115033+00:00,Theme-specific; see https://docs.overturemaps.org/attribution/ and retained feature sources,Derived; formula/method in feature_dictionary.csv; source observations can be incomplete.
ghsl_5929,uncategorized_density,Derived from places + GHSL,https://stac.overturemaps.org/2026-08-19.0/catalog.json,2026-09-19T09:01:08.115033+00:00,Theme-specific; see https://docs.overturemaps.org/attribution/ and retained feature sources,Derived; formula/method in feature_dictionary.csv; source observations can be incomplete.
ghsl_5929,uncategorizeds_per_100k,Derived from places + GHSL,https://stac.overturemaps.org/2026-08-19.0/catalog.json,2026-09-19T09:01:08.115033+00:00,Theme-specific; see https://docs.overturemaps.org/attribution/ and retained feature sources,Derived; formula/method in feature_dictionary.csv; source observations can be incomplete.
ghsl_5929,transit_stops_per_km2,Derived from osm,https://overpass-api.de/api/interpreter,2026-09-19T09:10:02.786363+00:00,ODbL 1.0; © OpenStreetMap contributors,Derived; formula/method in feature_dictionary.csv; source observations can be incomplete.
ghsl_5929,poi_count,"Derived from places, osm",https://stac.overturemaps.org/2026-08-19.0/catalog.json;https://overpass-api.de/api/interpreter,2026-09-19T09:01:08.115033+00:00;2026-09-19T09:10:02.786363+00:00,ODbL 1.0; © OpenStreetMap contributors;Theme-specific; see https://docs.overturemaps.org/attribution/ and retained feature sources,Derived; formula/method in feature_dictionary.csv; source observations can be incomplete.
ghsl_5929,poi_diversity,"Derived from places, osm",https://stac.overturemaps.org/2026-08-19.0/catalog.json;https://overpass-api.de/api/interpreter,2026-09-19T09:01:08.115033+00:00;2026-09-19T09:10:02.786363+00:00,ODbL 1.0; © OpenStreetMap contributors;Theme-specific; see https://docs.overturemaps.org/attribution/ and retained feature sources,Derived; formula/method in feature_dictionary.csv; source observations can be incomplete.
ghsl_5929,overture_hospital_count_observed_before_dedup,Derived from places,https://stac.overturemaps.org/2026-08-19.0/catalog.json,2026-09-19T09:01:08.115033+00:00,Theme-specific; see https://docs.overturemaps.org/attribution/ and retained feature sources,Derived; formula/method in feature_dictionary.csv; source observations can be incomplete.
ghsl_5929,overture_school_count_observed_before_dedup,Derived from places,https://stac.overturemaps.org/2026-08-19.0/catalog.json,2026-09-19T09:01:08.115033+00:00,Theme-specific; see https://docs.overturemaps.org/attribution/ and retained feature sources,Derived; formula/method in feature_dictionary.csv; source observations can be incomplete.
ghsl_5929,overture_clinic_count_observed_before_dedup,Derived from places,https://stac.overturemaps.org/2026-08-19.0/catalog.json,2026-09-19T09:01:08.115033+00:00,Theme-specific; see https://docs.overturemaps.org/attribution/ and retained feature sources,Derived; formula/method in feature_dictionary.csv; source observations can be incomplete.
ghsl_5929,overture_park_count_observed_before_dedup,Derived from places,https://stac.overturemaps.org/2026-08-19.0/catalog.json,2026-09-19T09:01:08.115033+00:00,Theme-specific; see https://docs.overturemaps.org/attribution/ and retained feature sources,Derived; formula/method in feature_dictionary.csv; source observations can be incomplete.
ghsl_5929,overture_transit_station_count_observed_before_dedup,Derived from places,https://stac.overturemaps.org/2026-08-19.0/catalog.json,2026-09-19T09:01:08.115033+00:00,Theme-specific; see https://docs.overturemaps.org/attribution/ and retained feature sources,Derived; formula/method in feature_dictionary.csv; source observations can be incomplete.
ghsl_5929,osm_hospital_count_observed_before_dedup,Derived from places,https://stac.overturemaps.org/2026-08-19.0/catalog.json,2026-09-19T09:01:08.115033+00:00,Theme-specific; see https://docs.overturemaps.org/attribution/ and retained feature sources,Derived; formula/method in feature_dictionary.csv; source observations can be incomplete.
ghsl_5929,osm_school_count_observed_before_dedup,Derived from places,https://stac.overturemaps.org/2026-08-19.0/catalog.json,2026-09-19T09:01:08.115033+00:00,Theme-specific; see https://docs.overturemaps.org/attribution/ and retained feature sources,Derived; formula/method in feature_dictionary.csv; source observations can be incomplete.
ghsl_5929,osm_clinic_count_observed_before_dedup,Derived from places,https://stac.overturemaps.org/2026-08-19.0/catalog.json,2026-09-19T09:01:08.115033+00:00,Theme-specific; see https://docs.overturemaps.org/attribution/ and retained feature sources,Derived; formula/method in feature_dictionary.csv; source observations can be incomplete.
ghsl_5929,osm_park_count_observed_before_dedup,Derived from places,https://stac.overturemaps.org/2026-08-19.0/catalog.json,2026-09-19T09:01:08.115033+00:00,Theme-specific; see https://docs.overturemaps.org/attribution/ and retained feature sources,Derived; formula/method in feature_dictionary.csv; source observations can be incomplete.
ghsl_5929,osm_transit_station_count_observed_before_dedup,Derived from places,https://stac.overturemaps.org/2026-08-19.0/catalog.json,2026-09-19T09:01:08.115033+00:00,Theme-specific; see https://docs.overturemaps.org/attribution/ and retained feature sources,Derived; formula/method in feature_dictionary.csv; source observations can be incomplete.
ghsl_5929,road_length_km,Derived from roads,https://stac.overturemaps.org/2026-08-19.0/catalog.json,2026-09-19T08:55:27.395014+00:00,Theme-specific; see https://docs.overturemaps.org/attribution/ and retained feature sources,Derived; formula/method in feature_dictionary.csv; source observations can be incomplete.
ghsl_5929,road_density,Derived from roads + GHSL,https://stac.overturemaps.org/2026-08-19.0/catalog.json,2026-09-19T08:55:27.395014+00:00,Theme-specific; see https://docs.overturemaps.org/attribution/ and retained feature sources,Derived; formula/method in feature_dictionary.csv; source observations can be incomplete.
ghsl_5929,intersection_count_approx,Derived from roads,https://stac.overturemaps.org/2026-08-19.0/catalog.json,2026-09-19T08:55:27.395014+00:00,Theme-specific; see https://docs.overturemaps.org/attribution/ and retained feature sources,Derived; formula/method in feature_dictionary.csv; source observations can be incomplete.
ghsl_5929,intersection_density,Derived from roads + GHSL,https://stac.overturemaps.org/2026-08-19.0/catalog.json,2026-09-19T08:55:27.395014+00:00,Theme-specific; see https://docs.overturemaps.org/attribution/ and retained feature sources,Derived; formula/method in feature_dictionary.csv; source observations can be incomplete.
ghsl_5929,road_network_mean_degree_approx,Derived from roads,https://stac.overturemaps.org/2026-08-19.0/catalog.json,2026-09-19T08:55:27.395014+00:00,Theme-specific; see https://docs.overturemaps.org/attribution/ and retained feature sources,Derived; formula/method in feature_dictionary.csv; source observations can be incomplete.
ghsl_5929,road_network_edge_node_ratio_approx,Derived from roads,https://stac.overturemaps.org/2026-08-19.0/catalog.json,2026-09-19T08:55:27.395014+00:00,Theme-specific; see https://docs.overturemaps.org/attribution/ and retained feature sources,Derived; formula/method in feature_dictionary.csv; source observations can be incomplete.
ghsl_5929,park_area_km2,Derived from osm,https://overpass-api.de/api/interpreter,2026-09-19T09:10:02.786363+00:00,ODbL 1.0; © OpenStreetMap contributors,Derived; formula/method in feature_dictionary.csv; source observations can be incomplete.
ghsl_5929,mapped_park_area_pct,Derived from osm,https://overpass-api.de/api/interpreter,2026-09-19T09:10:02.786363+00:00,ODbL 1.0; © OpenStreetMap contributors,Derived; formula/method in feature_dictionary.csv; source observations can be incomplete.
ghsl_5929,park_area_source,Derived from osm,https://overpass-api.de/api/interpreter,2026-09-19T09:10:02.786363+00:00,ODbL 1.0; © OpenStreetMap contributors,Derived; formula/method in feature_dictionary.csv; source observations can be incomplete.
ghsl_5929,accessibility_weighting,Derived from places,https://stac.overturemaps.org/2026-08-19.0/catalog.json;https://jeodpp.jrc.ec.europa.eu/ftp/jrc-opendata/GHSL/GHS_POP_GLOBE_R2023A/GHS_POP_E2025_GLOBE_R2023A_54009_1000/V1-0/GHS_POP_E2025_GLOBE_R2023A_54009_1000_V1_0.zip,2026-09-19T09:01:08.115033+00:00,Theme-specific; see https://docs.overturemaps.org/attribution/ and retained feature sources,Derived; formula/method in feature_dictionary.csv; source observations can be incomplete.
ghsl_5929,accessibility_sample_count,Derived from places,https://stac.overturemaps.org/2026-08-19.0/catalog.json;https://jeodpp.jrc.ec.europa.eu/ftp/jrc-opendata/GHSL/GHS_POP_GLOBE_R2023A/GHS_POP_E2025_GLOBE_R2023A_54009_1000/V1-0/GHS_POP_E2025_GLOBE_R2023A_54009_1000_V1_0.zip,2026-09-19T09:01:08.115033+00:00,Theme-specific; see https://docs.overturemaps.org/attribution/ and retained feature sources,Derived; formula/method in feature_dictionary.csv; source observations can be incomplete.
ghsl_5929,population_grid_sum,Derived from places,https://stac.overturemaps.org/2026-08-19.0/catalog.json;https://jeodpp.jrc.ec.europa.eu/ftp/jrc-opendata/GHSL/GHS_POP_GLOBE_R2023A/GHS_POP_E2025_GLOBE_R2023A_54009_1000/V1-0/GHS_POP_E2025_GLOBE_R2023A_54009_1000_V1_0.zip,2026-09-19T09:01:08.115033+00:00,Theme-specific; see https://docs.overturemaps.org/attribution/ and retained feature sources,Derived; formula/method in feature_dictionary.csv; source observations can be incomplete.
ghsl_5929,population_grid_to_ucdb_ratio,Derived from places,https://stac.overturemaps.org/2026-08-19.0/catalog.json;https://jeodpp.jrc.ec.europa.eu/ftp/jrc-opendata/GHSL/GHS_POP_GLOBE_R2023A/GHS_POP_E2025_GLOBE_R2023A_54009_1000/V1-0/GHS_POP_E2025_GLOBE_R2023A_54009_1000_V1_0.zip,2026-09-19T09:01:08.115033+00:00,Theme-specific; see https://docs.overturemaps.org/attribution/ and retained feature sources,Derived; formula/method in feature_dictionary.csv; source observations can be incomplete.
ghsl_5929,hospital_nearest_mean_km,Derived from osm + GHSL,https://overpass-api.de/api/interpreter;https://jeodpp.jrc.ec.europa.eu/ftp/jrc-opendata/GHSL/GHS_POP_GLOBE_R2023A/GHS_POP_E2025_GLOBE_R2023A_54009_1000/V1-0/GHS_POP_E2025_GLOBE_R2023A_54009_1000_V1_0.zip,2026-09-19T09:10:02.786363+00:00,ODbL 1.0; © OpenStreetMap contributors,Derived; formula/method in feature_dictionary.csv; source observations can be incomplete.
ghsl_5929,hospital_nearest_median_km,Derived from osm + GHSL,https://overpass-api.de/api/interpreter;https://jeodpp.jrc.ec.europa.eu/ftp/jrc-opendata/GHSL/GHS_POP_GLOBE_R2023A/GHS_POP_E2025_GLOBE_R2023A_54009_1000/V1-0/GHS_POP_E2025_GLOBE_R2023A_54009_1000_V1_0.zip,2026-09-19T09:10:02.786363+00:00,ODbL 1.0; © OpenStreetMap contributors,Derived; formula/method in feature_dictionary.csv; source observations can be incomplete.
ghsl_5929,population_within_1km_hospital_pct,Derived from osm + GHSL,https://overpass-api.de/api/interpreter;https://jeodpp.jrc.ec.europa.eu/ftp/jrc-opendata/GHSL/GHS_POP_GLOBE_R2023A/GHS_POP_E2025_GLOBE_R2023A_54009_1000/V1-0/GHS_POP_E2025_GLOBE_R2023A_54009_1000_V1_0.zip,2026-09-19T09:10:02.786363+00:00,ODbL 1.0; © OpenStreetMap contributors,Derived; formula/method in feature_dictionary.csv; source observations can be incomplete.
ghsl_5929,population_within_3km_hospital_pct,Derived from osm + GHSL,https://overpass-api.de/api/interpreter;https://jeodpp.jrc.ec.europa.eu/ftp/jrc-opendata/GHSL/GHS_POP_GLOBE_R2023A/GHS_POP_E2025_GLOBE_R2023A_54009_1000/V1-0/GHS_POP_E2025_GLOBE_R2023A_54009_1000_V1_0.zip,2026-09-19T09:10:02.786363+00:00,ODbL 1.0; © OpenStreetMap contributors,Derived; formula/method in feature_dictionary.csv; source observations can be incomplete.
ghsl_5929,population_within_5km_hospital_pct,Derived from osm + GHSL,https://overpass-api.de/api/interpreter;https://jeodpp.jrc.ec.europa.eu/ftp/jrc-opendata/GHSL/GHS_POP_GLOBE_R2023A/GHS_POP_E2025_GLOBE_R2023A_54009_1000/V1-0/GHS_POP_E2025_GLOBE_R2023A_54009_1000_V1_0.zip,2026-09-19T09:10:02.786363+00:00,ODbL 1.0; © OpenStreetMap contributors,Derived; formula/method in feature_dictionary.csv; source observations can be incomplete.
ghsl_5929,school_nearest_mean_km,Derived from osm + GHSL,https://overpass-api.de/api/interpreter;https://jeodpp.jrc.ec.europa.eu/ftp/jrc-opendata/GHSL/GHS_POP_GLOBE_R2023A/GHS_POP_E2025_GLOBE_R2023A_54009_1000/V1-0/GHS_POP_E2025_GLOBE_R2023A_54009_1000_V1_0.zip,2026-09-19T09:10:02.786363+00:00,ODbL 1.0; © OpenStreetMap contributors,Derived; formula/method in feature_dictionary.csv; source observations can be incomplete.
ghsl_5929,school_nearest_median_km,Derived from osm + GHSL,https://overpass-api.de/api/interpreter;https://jeodpp.jrc.ec.europa.eu/ftp/jrc-opendata/GHSL/GHS_POP_GLOBE_R2023A/GHS_POP_E2025_GLOBE_R2023A_54009_1000/V1-0/GHS_POP_E2025_GLOBE_R2023A_54009_1000_V1_0.zip,2026-09-19T09:10:02.786363+00:00,ODbL 1.0; © OpenStreetMap contributors,Derived; formula/method in feature_dictionary.csv; source observations can be incomplete.
ghsl_5929,population_within_1km_school_pct,Derived from osm + GHSL,https://overpass-api.de/api/interpreter;https://jeodpp.jrc.ec.europa.eu/ftp/jrc-opendata/GHSL/GHS_POP_GLOBE_R2023A/GHS_POP_E2025_GLOBE_R2023A_54009_1000/V1-0/GHS_POP_E2025_GLOBE_R2023A_54009_1000_V1_0.zip,2026-09-19T09:10:02.786363+00:00,ODbL 1.0; © OpenStreetMap contributors,Derived; formula/method in feature_dictionary.csv; source observations can be incomplete.
ghsl_5929,population_within_3km_school_pct,Derived from osm + GHSL,https://overpass-api.de/api/interpreter;https://jeodpp.jrc.ec.europa.eu/ftp/jrc-opendata/GHSL/GHS_POP_GLOBE_R2023A/GHS_POP_E2025_GLOBE_R2023A_54009_1000/V1-0/GHS_POP_E2025_GLOBE_R2023A_54009_1000_V1_0.zip,2026-09-19T09:10:02.786363+00:00,ODbL 1.0; © OpenStreetMap contributors,Derived; formula/method in feature_dictionary.csv; source observations can be incomplete.
ghsl_5929,population_within_5km_school_pct,Derived from osm + GHSL,https://overpass-api.de/api/interpreter;https://jeodpp.jrc.ec.europa.eu/ftp/jrc-opendata/GHSL/GHS_POP_GLOBE_R2023A/GHS_POP_E2025_GLOBE_R2023A_54009_1000/V1-0/GHS_POP_E2025_GLOBE_R2023A_54009_1000_V1_0.zip,2026-09-19T09:10:02.786363+00:00,ODbL 1.0; © OpenStreetMap contributors,Derived; formula/method in feature_dictionary.csv; source observations can be incomplete.
ghsl_5929,park_nearest_mean_km,Derived from osm + GHSL,https://overpass-api.de/api/interpreter;https://jeodpp.jrc.ec.europa.eu/ftp/jrc-opendata/GHSL/GHS_POP_GLOBE_R2023A/GHS_POP_E2025_GLOBE_R2023A_54009_1000/V1-0/GHS_POP_E2025_GLOBE_R2023A_54009_1000_V1_0.zip,2026-09-19T09:10:02.786363+00:00,ODbL 1.0; © OpenStreetMap contributors,Derived; formula/method in feature_dictionary.csv; source observations can be incomplete.
ghsl_5929,park_nearest_median_km,Derived from osm + GHSL,https://overpass-api.de/api/interpreter;https://jeodpp.jrc.ec.europa.eu/ftp/jrc-opendata/GHSL/GHS_POP_GLOBE_R2023A/GHS_POP_E2025_GLOBE_R2023A_54009_1000/V1-0/GHS_POP_E2025_GLOBE_R2023A_54009_1000_V1_0.zip,2026-09-19T09:10:02.786363+00:00,ODbL 1.0; © OpenStreetMap contributors,Derived; formula/method in feature_dictionary.csv; source observations can be incomplete.
ghsl_5929,population_within_1km_park_pct,Derived from osm + GHSL,https://overpass-api.de/api/interpreter;https://jeodpp.jrc.ec.europa.eu/ftp/jrc-opendata/GHSL/GHS_POP_GLOBE_R2023A/GHS_POP_E2025_GLOBE_R2023A_54009_1000/V1-0/GHS_POP_E2025_GLOBE_R2023A_54009_1000_V1_0.zip,2026-09-19T09:10:02.786363+00:00,ODbL 1.0; © OpenStreetMap contributors,Derived; formula/method in feature_dictionary.csv; source observations can be incomplete.
ghsl_5929,population_within_3km_park_pct,Derived from osm + GHSL,https://overpass-api.de/api/interpreter;https://jeodpp.jrc.ec.europa.eu/ftp/jrc-opendata/GHSL/GHS_POP_GLOBE_R2023A/GHS_POP_E2025_GLOBE_R2023A_54009_1000/V1-0/GHS_POP_E2025_GLOBE_R2023A_54009_1000_V1_0.zip,2026-09-19T09:10:02.786363+00:00,ODbL 1.0; © OpenStreetMap contributors,Derived; formula/method in feature_dictionary.csv; source observations can be incomplete.
ghsl_5929,population_within_5km_park_pct,Derived from osm + GHSL,https://overpass-api.de/api/interpreter;https://jeodpp.jrc.ec.europa.eu/ftp/jrc-opendata/GHSL/GHS_POP_GLOBE_R2023A/GHS_POP_E2025_GLOBE_R2023A_54009_1000/V1-0/GHS_POP_E2025_GLOBE_R2023A_54009_1000_V1_0.zip,2026-09-19T09:10:02.786363+00:00,ODbL 1.0; © OpenStreetMap contributors,Derived; formula/method in feature_dictionary.csv; source observations can be incomplete.
ghsl_5929,transit_station_nearest_mean_km,Derived from osm + GHSL,https://overpass-api.de/api/interpreter;https://jeodpp.jrc.ec.europa.eu/ftp/jrc-opendata/GHSL/GHS_POP_GLOBE_R2023A/GHS_POP_E2025_GLOBE_R2023A_54009_1000/V1-0/GHS_POP_E2025_GLOBE_R2023A_54009_1000_V1_0.zip,2026-09-19T09:10:02.786363+00:00,ODbL 1.0; © OpenStreetMap contributors,Derived; formula/method in feature_dictionary.csv; source observations can be incomplete.
ghsl_5929,transit_station_nearest_median_km,Derived from osm + GHSL,https://overpass-api.de/api/interpreter;https://jeodpp.jrc.ec.europa.eu/ftp/jrc-opendata/GHSL/GHS_POP_GLOBE_R2023A/GHS_POP_E2025_GLOBE_R2023A_54009_1000/V1-0/GHS_POP_E2025_GLOBE_R2023A_54009_1000_V1_0.zip,2026-09-19T09:10:02.786363+00:00,ODbL 1.0; © OpenStreetMap contributors,Derived; formula/method in feature_dictionary.csv; source observations can be incomplete.
ghsl_5929,population_within_1km_transit_station_pct,Derived from osm + GHSL,https://overpass-api.de/api/interpreter;https://jeodpp.jrc.ec.europa.eu/ftp/jrc-opendata/GHSL/GHS_POP_GLOBE_R2023A/GHS_POP_E2025_GLOBE_R2023A_54009_1000/V1-0/GHS_POP_E2025_GLOBE_R2023A_54009_1000_V1_0.zip,2026-09-19T09:10:02.786363+00:00,ODbL 1.0; © OpenStreetMap contributors,Derived; formula/method in feature_dictionary.csv; source observations can be incomplete.
ghsl_5929,population_within_3km_transit_station_pct,Derived from osm + GHSL,https://overpass-api.de/api/interpreter;https://jeodpp.jrc.ec.europa.eu/ftp/jrc-opendata/GHSL/GHS_POP_GLOBE_R2023A/GHS_POP_E2025_GLOBE_R2023A_54009_1000/V1-0/GHS_POP_E2025_GLOBE_R2023A_54009_1000_V1_0.zip,2026-09-19T09:10:02.786363+00:00,ODbL 1.0; © OpenStreetMap contributors,Derived; formula/method in feature_dictionary.csv; source observations can be incomplete.
ghsl_5929,population_within_5km_transit_station_pct,Derived from osm + GHSL,https://overpass-api.de/api/interpreter;https://jeodpp.jrc.ec.europa.eu/ftp/jrc-opendata/GHSL/GHS_POP_GLOBE_R2023A/GHS_POP_E2025_GLOBE_R2023A_54009_1000/V1-0/GHS_POP_E2025_GLOBE_R2023A_54009_1000_V1_0.zip,2026-09-19T09:10:02.786363+00:00,ODbL 1.0; © OpenStreetMap contributors,Derived; formula/method in feature_dictionary.csv; source observations can be incomplete.
ghsl_5929,building_count,Derived from buildings,,,,Unavailable; no imputation. Derived; formula/method in feature_dictionary.csv; source observations can be incomplete.
ghsl_5929,building_density,Derived from buildings + GHSL,,,,Unavailable; no imputation. Derived; formula/method in feature_dictionary.csv; source observations can be incomplete.
ghsl_5929,building_footprint_area_km2,Derived from buildings,,,,Unavailable; no imputation. Derived; formula/method in feature_dictionary.csv; source observations can be incomplete.
ghsl_5929,built_area_pct,Derived from buildings,,,,Unavailable; no imputation. Derived; formula/method in feature_dictionary.csv; source observations can be incomplete.
ghsl_698,city_id,GHSL UCDB / documented selection,https://jeodpp.jrc.ec.europa.eu/ftp/jrc-opendata/GHSL/GHS_UCDB_GLOBE_R2024A/GHS_UCDB_GLOBE_R2024A/V1-2/GHS_UCDB_GLOBE_R2024A_V1_2.zip,2026-09-19T08:41:50.435893+00:00,European Commission reuse notice: reuse authorised with source acknowledgement,Boundary metadata or documented city selection; see README.
ghsl_698,city_name,GHSL UCDB / documented selection,https://jeodpp.jrc.ec.europa.eu/ftp/jrc-opendata/GHSL/GHS_UCDB_GLOBE_R2024A/GHS_UCDB_GLOBE_R2024A/V1-2/GHS_UCDB_GLOBE_R2024A_V1_2.zip,2026-09-19T08:41:50.435893+00:00,European Commission reuse notice: reuse authorised with source acknowledgement,user requested label or exact GHSL name
ghsl_698,ghsl_city_name,GHSL UCDB / documented selection,https://jeodpp.jrc.ec.europa.eu/ftp/jrc-opendata/GHSL/GHS_UCDB_GLOBE_R2024A/GHS_UCDB_GLOBE_R2024A/V1-2/GHS_UCDB_GLOBE_R2024A_V1_2.zip,2026-09-19T08:41:50.435893+00:00,European Commission reuse notice: reuse authorised with source acknowledgement,Boundary metadata or documented city selection; see README.
ghsl_698,country,GHSL UCDB / documented selection,https://jeodpp.jrc.ec.europa.eu/ftp/jrc-opendata/GHSL/GHS_UCDB_GLOBE_R2024A/GHS_UCDB_GLOBE_R2024A/V1-2/GHS_UCDB_GLOBE_R2024A_V1_2.zip,2026-09-19T08:41:50.435893+00:00,European Commission reuse notice: reuse authorised with source acknowledgement,Boundary metadata or documented city selection; see README.
ghsl_698,region,GHSL UCDB / documented selection,https://jeodpp.jrc.ec.europa.eu/ftp/jrc-opendata/GHSL/GHS_UCDB_GLOBE_R2024A/GHS_UCDB_GLOBE_R2024A/V1-2/GHS_UCDB_GLOBE_R2024A_V1_2.zip,2026-09-19T08:41:50.435893+00:00,European Commission reuse notice: reuse authorised with source acknowledgement,Boundary metadata or documented city selection; see README.
ghsl_698,income_group,GHSL UCDB / documented selection,https://jeodpp.jrc.ec.europa.eu/ftp/jrc-opendata/GHSL/GHS_UCDB_GLOBE_R2024A/GHS_UCDB_GLOBE_R2024A/V1-2/GHS_UCDB_GLOBE_R2024A_V1_2.zip,2026-09-19T08:41:50.435893+00:00,European Commission reuse notice: reuse authorised with source acknowledgement,Boundary metadata or documented city selection; see README.
ghsl_698,boundary_source,GHSL UCDB / documented selection,https://jeodpp.jrc.ec.europa.eu/ftp/jrc-opendata/GHSL/GHS_UCDB_GLOBE_R2024A/GHS_UCDB_GLOBE_R2024A/V1-2/GHS_UCDB_GLOBE_R2024A_V1_2.zip,2026-09-19T08:41:50.435893+00:00,European Commission reuse notice: reuse authorised with source acknowledgement,Boundary metadata or documented city selection; see README.
ghsl_698,boundary_identifier,GHSL UCDB / documented selection,https://jeodpp.jrc.ec.europa.eu/ftp/jrc-opendata/GHSL/GHS_UCDB_GLOBE_R2024A/GHS_UCDB_GLOBE_R2024A/V1-2/GHS_UCDB_GLOBE_R2024A_V1_2.zip,2026-09-19T08:41:50.435893+00:00,European Commission reuse notice: reuse authorised with source acknowledgement,Boundary metadata or documented city selection; see README.
ghsl_698,boundary_year,GHSL UCDB / documented selection,https://jeodpp.jrc.ec.europa.eu/ftp/jrc-opendata/GHSL/GHS_UCDB_GLOBE_R2024A/GHS_UCDB_GLOBE_R2024A/V1-2/GHS_UCDB_GLOBE_R2024A_V1_2.zip,2026-09-19T08:41:50.435893+00:00,European Commission reuse notice: reuse authorised with source acknowledgement,Boundary metadata or documented city selection; see README.
ghsl_698,area_km2,GHSL UCDB / documented selection,https://jeodpp.jrc.ec.europa.eu/ftp/jrc-opendata/GHSL/GHS_UCDB_GLOBE_R2024A/GHS_UCDB_GLOBE_R2024A/V1-2/GHS_UCDB_GLOBE_R2024A_V1_2.zip,2026-09-19T08:41:50.435893+00:00,European Commission reuse notice: reuse authorised with source acknowledgement,area of original Mollweide polygon / 1e6
ghsl_698,population,GHSL UCDB / documented selection,https://jeodpp.jrc.ec.europa.eu/ftp/jrc-opendata/GHSL/GHS_UCDB_GLOBE_R2024A/GHS_UCDB_GLOBE_R2024A/V1-2/GHS_UCDB_GLOBE_R2024A_V1_2.zip,2026-09-19T08:41:50.435893+00:00,European Commission reuse notice: reuse authorised with source acknowledgement,GC_POP_TOT_2025
ghsl_698,population_year,GHSL UCDB / documented selection,https://jeodpp.jrc.ec.europa.eu/ftp/jrc-opendata/GHSL/GHS_UCDB_GLOBE_R2024A/GHS_UCDB_GLOBE_R2024A/V1-2/GHS_UCDB_GLOBE_R2024A_V1_2.zip,2026-09-19T08:41:50.435893+00:00,European Commission reuse notice: reuse authorised with source acknowledgement,Boundary metadata or documented city selection; see README.
ghsl_698,latitude,GHSL UCDB / documented selection,https://jeodpp.jrc.ec.europa.eu/ftp/jrc-opendata/GHSL/GHS_UCDB_GLOBE_R2024A/GHS_UCDB_GLOBE_R2024A/V1-2/GHS_UCDB_GLOBE_R2024A_V1_2.zip,2026-09-19T08:41:50.435893+00:00,European Commission reuse notice: reuse authorised with source acknowledgement,"centroid of Mollweide boundary, transformed to WGS84"
ghsl_698,longitude,GHSL UCDB / documented selection,https://jeodpp.jrc.ec.europa.eu/ftp/jrc-opendata/GHSL/GHS_UCDB_GLOBE_R2024A/GHS_UCDB_GLOBE_R2024A/V1-2/GHS_UCDB_GLOBE_R2024A_V1_2.zip,2026-09-19T08:41:50.435893+00:00,European Commission reuse notice: reuse authorised with source acknowledgement,"centroid of Mollweide boundary, transformed to WGS84"
ghsl_698,built_up_area_km2,GHSL UCDB / documented selection,https://jeodpp.jrc.ec.europa.eu/ftp/jrc-opendata/GHSL/GHS_UCDB_GLOBE_R2024A/GHS_UCDB_GLOBE_R2024A/V1-2/GHS_UCDB_GLOBE_R2024A_V1_2.zip,2026-09-19T08:41:50.435893+00:00,European Commission reuse notice: reuse authorised with source acknowledgement,GH_BUS_TOT_2025 / 1e6
ghsl_698,selection_reason,GHSL UCDB / documented selection,https://jeodpp.jrc.ec.europa.eu/ftp/jrc-opendata/GHSL/GHS_UCDB_GLOBE_R2024A/GHS_UCDB_GLOBE_R2024A/V1-2/GHS_UCDB_GLOBE_R2024A_V1_2.zip,2026-09-19T08:41:50.435893+00:00,European Commission reuse notice: reuse authorised with source acknowledgement,Boundary metadata or documented city selection; see README.
ghsl_698,selection_coverage,GHSL UCDB / documented selection,https://jeodpp.jrc.ec.europa.eu/ftp/jrc-opendata/GHSL/GHS_UCDB_GLOBE_R2024A/GHS_UCDB_GLOBE_R2024A/V1-2/GHS_UCDB_GLOBE_R2024A_V1_2.zip,2026-09-19T08:41:50.435893+00:00,European Commission reuse notice: reuse authorised with source acknowledgement,Boundary metadata or documented city selection; see README.
ghsl_698,ghsl_GC_UCN_MAI_2025,GHSL UCDB R2024A V1.2,https://jeodpp.jrc.ec.europa.eu/ftp/jrc-opendata/GHSL/GHS_UCDB_GLOBE_R2024A/GHS_UCDB_GLOBE_R2024A/V1-2/GHS_UCDB_GLOBE_R2024A_V1_2.zip,2026-09-19T08:41:50.435893+00:00,European Commission reuse notice: reuse authorised with source acknowledgement,Direct field GC_UCN_MAI_2025; layer GHSL_UCDB_THEME_CLIMATE_GLOBE_R2024A; exact definition and upstream source in ghsl_indicator_dictionary.csv and official PDF.
ghsl_698,ghsl_GC_CNT_GAD_2025,GHSL UCDB R2024A V1.2,https://jeodpp.jrc.ec.europa.eu/ftp/jrc-opendata/GHSL/GHS_UCDB_GLOBE_R2024A/GHS_UCDB_GLOBE_R2024A/V1-2/GHS_UCDB_GLOBE_R2024A_V1_2.zip,2026-09-19T08:41:50.435893+00:00,European Commission reuse notice: reuse authorised with source acknowledgement,Direct field GC_CNT_GAD_2025; layer GHSL_UCDB_THEME_CLIMATE_GLOBE_R2024A; exact definition and upstream source in ghsl_indicator_dictionary.csv and official PDF.
ghsl_698,ghsl_GC_UCA_KM2_2025,GHSL UCDB R2024A V1.2,https://jeodpp.jrc.ec.europa.eu/ftp/jrc-opendata/GHSL/GHS_UCDB_GLOBE_R2024A/GHS_UCDB_GLOBE_R2024A/V1-2/GHS_UCDB_GLOBE_R2024A_V1_2.zip,2026-09-19T08:41:50.435893+00:00,European Commission reuse notice: reuse authorised with source acknowledgement,Direct field GC_UCA_KM2_2025; layer GHSL_UCDB_THEME_CLIMATE_GLOBE_R2024A; exact definition and upstream source in ghsl_indicator_dictionary.csv and official PDF.
ghsl_698,ghsl_GC_POP_TOT_2025,GHSL UCDB R2024A V1.2,https://jeodpp.jrc.ec.europa.eu/ftp/jrc-opendata/GHSL/GHS_UCDB_GLOBE_R2024A/GHS_UCDB_GLOBE_R2024A/V1-2/GHS_UCDB_GLOBE_R2024A_V1_2.zip,2026-09-19T08:41:50.435893+00:00,European Commission reuse notice: reuse authorised with source acknowledgement,Direct field GC_POP_TOT_2025; layer GHSL_UCDB_THEME_CLIMATE_GLOBE_R2024A; exact definition and upstream source in ghsl_indicator_dictionary.csv and official PDF.
ghsl_698,ghsl_GC_DEV_WIG_2025,GHSL UCDB R2024A V1.2,https://jeodpp.jrc.ec.europa.eu/ftp/jrc-opendata/GHSL/GHS_UCDB_GLOBE_R2024A/GHS_UCDB_GLOBE_R2024A/V1-2/GHS_UCDB_GLOBE_R2024A_V1_2.zip,2026-09-19T08:41:50.435893+00:00,European Commission reuse notice: reuse authorised with source acknowledgement,Direct field GC_DEV_WIG_2025; layer GHSL_UCDB_THEME_CLIMATE_GLOBE_R2024A; exact definition and upstream source in ghsl_indicator_dictionary.csv and official PDF.
ghsl_698,ghsl_GC_DEV_USR_2025,GHSL UCDB R2024A V1.2,https://jeodpp.jrc.ec.europa.eu/ftp/jrc-opendata/GHSL/GHS_UCDB_GLOBE_R2024A/GHS_UCDB_GLOBE_R2024A/V1-2/GHS_UCDB_GLOBE_R2024A_V1_2.zip,2026-09-19T08:41:50.435893+00:00,European Commission reuse notice: reuse authorised with source acknowledgement,Direct field GC_DEV_USR_2025; layer GHSL_UCDB_THEME_CLIMATE_GLOBE_R2024A; exact definition and upstream source in ghsl_indicator_dictionary.csv and official PDF.
ghsl_698,ghsl_CL_B01_CUR_2010,GHSL UCDB R2024A V1.2,https://jeodpp.jrc.ec.europa.eu/ftp/jrc-opendata/GHSL/GHS_UCDB_GLOBE_R2024A/GHS_UCDB_GLOBE_R2024A/V1-2/GHS_UCDB_GLOBE_R2024A_V1_2.zip,2026-09-19T08:41:50.435893+00:00,European Commission reuse notice: reuse authorised with source acknowledgement,Direct field CL_B01_CUR_2010; layer GHSL_UCDB_THEME_CLIMATE_GLOBE_R2024A; exact definition and upstream source in ghsl_indicator_dictionary.csv and official PDF.
ghsl_698,ghsl_CL_B01_P45_2020,GHSL UCDB R2024A V1.2,https://jeodpp.jrc.ec.europa.eu/ftp/jrc-opendata/GHSL/GHS_UCDB_GLOBE_R2024A/GHS_UCDB_GLOBE_R2024A/V1-2/GHS_UCDB_GLOBE_R2024A_V1_2.zip,2026-09-19T08:41:50.435893+00:00,European Commission reuse notice: reuse authorised with source acknowledgement,Direct field CL_B01_P45_2020; layer GHSL_UCDB_THEME_CLIMATE_GLOBE_R2024A; exact definition and upstream source in ghsl_indicator_dictionary.csv and official PDF.
ghsl_698,ghsl_CL_B01_P85_2020,GHSL UCDB R2024A V1.2,https://jeodpp.jrc.ec.europa.eu/ftp/jrc-opendata/GHSL/GHS_UCDB_GLOBE_R2024A/GHS_UCDB_GLOBE_R2024A/V1-2/GHS_UCDB_GLOBE_R2024A_V1_2.zip,2026-09-19T08:41:50.435893+00:00,European Commission reuse notice: reuse authorised with source acknowledgement,Direct field CL_B01_P85_2020; layer GHSL_UCDB_THEME_CLIMATE_GLOBE_R2024A; exact definition and upstream source in ghsl_indicator_dictionary.csv and official PDF.
ghsl_698,ghsl_CL_B04_CUR_2010,GHSL UCDB R2024A V1.2,https://jeodpp.jrc.ec.europa.eu/ftp/jrc-opendata/GHSL/GHS_UCDB_GLOBE_R2024A/GHS_UCDB_GLOBE_R2024A/V1-2/GHS_UCDB_GLOBE_R2024A_V1_2.zip,2026-09-19T08:41:50.435893+00:00,European Commission reuse notice: reuse authorised with source acknowledgement,Direct field CL_B04_CUR_2010; layer GHSL_UCDB_THEME_CLIMATE_GLOBE_R2024A; exact definition and upstream source in ghsl_indicator_dictionary.csv and official PDF.
ghsl_698,ghsl_CL_B04_P45_2020,GHSL UCDB R2024A V1.2,https://jeodpp.jrc.ec.europa.eu/ftp/jrc-opendata/GHSL/GHS_UCDB_GLOBE_R2024A/GHS_UCDB_GLOBE_R2024A/V1-2/GHS_UCDB_GLOBE_R2024A_V1_2.zip,2026-09-19T08:41:50.435893+00:00,European Commission reuse notice: reuse authorised with source acknowledgement,Direct field CL_B04_P45_2020; layer GHSL_UCDB_THEME_CLIMATE_GLOBE_R2024A; exact definition and upstream source in ghsl_indicator_dictionary.csv and official PDF.
ghsl_698,ghsl_CL_B04_P85_2020,GHSL UCDB R2024A V1.2,https://jeodpp.jrc.ec.europa.eu/ftp/jrc-opendata/GHSL/GHS_UCDB_GLOBE_R2024A/GHS_UCDB_GLOBE_R2024A/V1-2/GHS_UCDB_GLOBE_R2024A_V1_2.zip,2026-09-19T08:41:50.435893+00:00,European Commission reuse notice: reuse authorised with source acknowledgement,Direct field CL_B04_P85_2020; layer GHSL_UCDB_THEME_CLIMATE_GLOBE_R2024A; exact definition and upstream source in ghsl_indicator_dictionary.csv and official PDF.
ghsl_698,ghsl_CL_B07_CUR_2010,GHSL UCDB R2024A V1.2,https://jeodpp.jrc.ec.europa.eu/ftp/jrc-opendata/GHSL/GHS_UCDB_GLOBE_R2024A/GHS_UCDB_GLOBE_R2024A/V1-2/GHS_UCDB_GLOBE_R2024A_V1_2.zip,2026-09-19T08:41:50.435893+00:00,European Commission reuse notice: reuse authorised with source acknowledgement,Direct field CL_B07_CUR_2010; layer GHSL_UCDB_THEME_CLIMATE_GLOBE_R2024A; exact definition and upstream source in ghsl_indicator_dictionary.csv and official PDF.
ghsl_698,ghsl_CL_B07_P45_2020,GHSL UCDB R2024A V1.2,https://jeodpp.jrc.ec.europa.eu/ftp/jrc-opendata/GHSL/GHS_UCDB_GLOBE_R2024A/GHS_UCDB_GLOBE_R2024A/V1-2/GHS_UCDB_GLOBE_R2024A_V1_2.zip,2026-09-19T08:41:50.435893+00:00,European Commission reuse notice: reuse authorised with source acknowledgement,Direct field CL_B07_P45_2020; layer GHSL_UCDB_THEME_CLIMATE_GLOBE_R2024A; exact definition and upstream source in ghsl_indicator_dictionary.csv and official PDF.
ghsl_698,ghsl_CL_B07_P85_2020,GHSL UCDB R2024A V1.2,https://jeodpp.jrc.ec.europa.eu/ftp/jrc-opendata/GHSL/GHS_UCDB_GLOBE_R2024A/GHS_UCDB_GLOBE_R2024A/V1-2/GHS_UCDB_GLOBE_R2024A_V1_2.zip,2026-09-19T08:41:50.435893+00:00,European Commission reuse notice: reuse authorised with source acknowledgement,Direct field CL_B07_P85_2020; layer GHSL_UCDB_THEME_CLIMATE_GLOBE_R2024A; exact definition and upstream source in ghsl_indicator_dictionary.csv and official PDF.
ghsl_698,ghsl_CL_B12_CUR_2010,GHSL UCDB R2024A V1.2,https://jeodpp.jrc.ec.europa.eu/ftp/jrc-opendata/GHSL/GHS_UCDB_GLOBE_R2024A/GHS_UCDB_GLOBE_R2024A/V1-2/GHS_UCDB_GLOBE_R2024A_V1_2.zip,2026-09-19T08:41:50.435893+00:00,European Commission reuse notice: reuse authorised with source acknowledgement,Direct field CL_B12_CUR_2010; layer GHSL_UCDB_THEME_CLIMATE_GLOBE_R2024A; exact definition and upstream source in ghsl_indicator_dictionary.csv and official PDF.
ghsl_698,ghsl_CL_B12_P45_2020,GHSL UCDB R2024A V1.2,https://jeodpp.jrc.ec.europa.eu/ftp/jrc-opendata/GHSL/GHS_UCDB_GLOBE_R2024A/GHS_UCDB_GLOBE_R2024A/V1-2/GHS_UCDB_GLOBE_R2024A_V1_2.zip,2026-09-19T08:41:50.435893+00:00,European Commission reuse notice: reuse authorised with source acknowledgement,Direct field CL_B12_P45_2020; layer GHSL_UCDB_THEME_CLIMATE_GLOBE_R2024A; exact definition and upstream source in ghsl_indicator_dictionary.csv and official PDF.
ghsl_698,ghsl_CL_B12_P85_2020,GHSL UCDB R2024A V1.2,https://jeodpp.jrc.ec.europa.eu/ftp/jrc-opendata/GHSL/GHS_UCDB_GLOBE_R2024A/GHS_UCDB_GLOBE_R2024A/V1-2/GHS_UCDB_GLOBE_R2024A_V1_2.zip,2026-09-19T08:41:50.435893+00:00,European Commission reuse notice: reuse authorised with source acknowledgement,Direct field CL_B12_P85_2020; layer GHSL_UCDB_THEME_CLIMATE_GLOBE_R2024A; exact definition and upstream source in ghsl_indicator_dictionary.csv and official PDF.
ghsl_698,ghsl_CL_B15_CUR_2010,GHSL UCDB R2024A V1.2,https://jeodpp.jrc.ec.europa.eu/ftp/jrc-opendata/GHSL/GHS_UCDB_GLOBE_R2024A/GHS_UCDB_GLOBE_R2024A/V1-2/GHS_UCDB_GLOBE_R2024A_V1_2.zip,2026-09-19T08:41:50.435893+00:00,European Commission reuse notice: reuse authorised with source acknowledgement,Direct field CL_B15_CUR_2010; layer GHSL_UCDB_THEME_CLIMATE_GLOBE_R2024A; exact definition and upstream source in ghsl_indicator_dictionary.csv and official PDF.
ghsl_698,ghsl_CL_B15_P45_2020,GHSL UCDB R2024A V1.2,https://jeodpp.jrc.ec.europa.eu/ftp/jrc-opendata/GHSL/GHS_UCDB_GLOBE_R2024A/GHS_UCDB_GLOBE_R2024A/V1-2/GHS_UCDB_GLOBE_R2024A_V1_2.zip,2026-09-19T08:41:50.435893+00:00,European Commission reuse notice: reuse authorised with source acknowledgement,Direct field CL_B15_P45_2020; layer GHSL_UCDB_THEME_CLIMATE_GLOBE_R2024A; exact definition and upstream source in ghsl_indicator_dictionary.csv and official PDF.
ghsl_698,ghsl_CL_B15_P85_2020,GHSL UCDB R2024A V1.2,https://jeodpp.jrc.ec.europa.eu/ftp/jrc-opendata/GHSL/GHS_UCDB_GLOBE_R2024A/GHS_UCDB_GLOBE_R2024A/V1-2/GHS_UCDB_GLOBE_R2024A_V1_2.zip,2026-09-19T08:41:50.435893+00:00,European Commission reuse notice: reuse authorised with source acknowledgement,Direct field CL_B15_P85_2020; layer GHSL_UCDB_THEME_CLIMATE_GLOBE_R2024A; exact definition and upstream source in ghsl_indicator_dictionary.csv and official PDF.
ghsl_698,ghsl_CL_KOP_CUR_2025,GHSL UCDB R2024A V1.2,https://jeodpp.jrc.ec.europa.eu/ftp/jrc-opendata/GHSL/GHS_UCDB_GLOBE_R2024A/GHS_UCDB_GLOBE_R2024A/V1-2/GHS_UCDB_GLOBE_R2024A_V1_2.zip,2026-09-19T08:41:50.435893+00:00,European Commission reuse notice: reuse authorised with source acknowledgement,Direct field CL_KOP_CUR_2025; layer GHSL_UCDB_THEME_CLIMATE_GLOBE_R2024A; exact definition and upstream source in ghsl_indicator_dictionary.csv and official PDF.
ghsl_698,ghsl_CL_REN_PVO_2020,GHSL UCDB R2024A V1.2,https://jeodpp.jrc.ec.europa.eu/ftp/jrc-opendata/GHSL/GHS_UCDB_GLOBE_R2024A/GHS_UCDB_GLOBE_R2024A/V1-2/GHS_UCDB_GLOBE_R2024A_V1_2.zip,2026-09-19T08:41:50.435893+00:00,European Commission reuse notice: reuse authorised with source acknowledgement,Direct field CL_REN_PVO_2020; layer GHSL_UCDB_THEME_CLIMATE_GLOBE_R2024A; exact definition and upstream source in ghsl_indicator_dictionary.csv and official PDF.
ghsl_698,ghsl_CL_REN_W01_2020,GHSL UCDB R2024A V1.2,https://jeodpp.jrc.ec.europa.eu/ftp/jrc-opendata/GHSL/GHS_UCDB_GLOBE_R2024A/GHS_UCDB_GLOBE_R2024A/V1-2/GHS_UCDB_GLOBE_R2024A_V1_2.zip,2026-09-19T08:41:50.435893+00:00,European Commission reuse notice: reuse authorised with source acknowledgement,Direct field CL_REN_W01_2020; layer GHSL_UCDB_THEME_CLIMATE_GLOBE_R2024A; exact definition and upstream source in ghsl_indicator_dictionary.csv and official PDF.
ghsl_698,ghsl_CL_REN_W05_2020,GHSL UCDB R2024A V1.2,https://jeodpp.jrc.ec.europa.eu/ftp/jrc-opendata/GHSL/GHS_UCDB_GLOBE_R2024A/GHS_UCDB_GLOBE_R2024A/V1-2/GHS_UCDB_GLOBE_R2024A_V1_2.zip,2026-09-19T08:41:50.435893+00:00,European Commission reuse notice: reuse authorised with source acknowledgement,Direct field CL_REN_W05_2020; layer GHSL_UCDB_THEME_CLIMATE_GLOBE_R2024A; exact definition and upstream source in ghsl_indicator_dictionary.csv and official PDF.
ghsl_698,ghsl_CL_REN_W10_2020,GHSL UCDB R2024A V1.2,https://jeodpp.jrc.ec.europa.eu/ftp/jrc-opendata/GHSL/GHS_UCDB_GLOBE_R2024A/GHS_UCDB_GLOBE_R2024A/V1-2/GHS_UCDB_GLOBE_R2024A_V1_2.zip,2026-09-19T08:41:50.435893+00:00,European Commission reuse notice: reuse authorised with source acknowledgement,Direct field CL_REN_W10_2020; layer GHSL_UCDB_THEME_CLIMATE_GLOBE_R2024A; exact definition and upstream source in ghsl_indicator_dictionary.csv and official PDF.
ghsl_698,ghsl_CL_REN_W15_2020,GHSL UCDB R2024A V1.2,https://jeodpp.jrc.ec.europa.eu/ftp/jrc-opendata/GHSL/GHS_UCDB_GLOBE_R2024A/GHS_UCDB_GLOBE_R2024A/V1-2/GHS_UCDB_GLOBE_R2024A_V1_2.zip,2026-09-19T08:41:50.435893+00:00,European Commission reuse notice: reuse authorised with source acknowledgement,Direct field CL_REN_W15_2020; layer GHSL_UCDB_THEME_CLIMATE_GLOBE_R2024A; exact definition and upstream source in ghsl_indicator_dictionary.csv and official PDF.
ghsl_698,ghsl_CL_REN_W20_2020,GHSL UCDB R2024A V1.2,https://jeodpp.jrc.ec.europa.eu/ftp/jrc-opendata/GHSL/GHS_UCDB_GLOBE_R2024A/GHS_UCDB_GLOBE_R2024A/V1-2/GHS_UCDB_GLOBE_R2024A_V1_2.zip,2026-09-19T08:41:50.435893+00:00,European Commission reuse notice: reuse authorised with source acknowledgement,Direct field CL_REN_W20_2020; layer GHSL_UCDB_THEME_CLIMATE_GLOBE_R2024A; exact definition and upstream source in ghsl_indicator_dictionary.csv and official PDF.
ghsl_698,ghsl_CL_WDS_CUR_2010,GHSL UCDB R2024A V1.2,https://jeodpp.jrc.ec.europa.eu/ftp/jrc-opendata/GHSL/GHS_UCDB_GLOBE_R2024A/GHS_UCDB_GLOBE_R2024A/V1-2/GHS_UCDB_GLOBE_R2024A_V1_2.zip,2026-09-19T08:41:50.435893+00:00,European Commission reuse notice: reuse authorised with source acknowledgement,Direct field CL_WDS_CUR_2010; layer GHSL_UCDB_THEME_CLIMATE_GLOBE_R2024A; exact definition and upstream source in ghsl_indicator_dictionary.csv and official PDF.
ghsl_698,ghsl_CL_WDS_126_2020,GHSL UCDB R2024A V1.2,https://jeodpp.jrc.ec.europa.eu/ftp/jrc-opendata/GHSL/GHS_UCDB_GLOBE_R2024A/GHS_UCDB_GLOBE_R2024A/V1-2/GHS_UCDB_GLOBE_R2024A_V1_2.zip,2026-09-19T08:41:50.435893+00:00,European Commission reuse notice: reuse authorised with source acknowledgement,Direct field CL_WDS_126_2020; layer GHSL_UCDB_THEME_CLIMATE_GLOBE_R2024A; exact definition and upstream source in ghsl_indicator_dictionary.csv and official PDF.
ghsl_698,ghsl_CL_WDS_245_2020,GHSL UCDB R2024A V1.2,https://jeodpp.jrc.ec.europa.eu/ftp/jrc-opendata/GHSL/GHS_UCDB_GLOBE_R2024A/GHS_UCDB_GLOBE_R2024A/V1-2/GHS_UCDB_GLOBE_R2024A_V1_2.zip,2026-09-19T08:41:50.435893+00:00,European Commission reuse notice: reuse authorised with source acknowledgement,Direct field CL_WDS_245_2020; layer GHSL_UCDB_THEME_CLIMATE_GLOBE_R2024A; exact definition and upstream source in ghsl_indicator_dictionary.csv and official PDF.
ghsl_698,ghsl_CL_WDS_370_2020,GHSL UCDB R2024A V1.2,https://jeodpp.jrc.ec.europa.eu/ftp/jrc-opendata/GHSL/GHS_UCDB_GLOBE_R2024A/GHS_UCDB_GLOBE_R2024A/V1-2/GHS_UCDB_GLOBE_R2024A_V1_2.zip,2026-09-19T08:41:50.435893+00:00,European Commission reuse notice: reuse authorised with source acknowledgement,Direct field CL_WDS_370_2020; layer GHSL_UCDB_THEME_CLIMATE_GLOBE_R2024A; exact definition and upstream source in ghsl_indicator_dictionary.csv and official PDF.
ghsl_698,ghsl_CL_WDS_585_2020,GHSL UCDB R2024A V1.2,https://jeodpp.jrc.ec.europa.eu/ftp/jrc-opendata/GHSL/GHS_UCDB_GLOBE_R2024A/GHS_UCDB_GLOBE_R2024A/V1-2/GHS_UCDB_GLOBE_R2024A_V1_2.zip,2026-09-19T08:41:50.435893+00:00,European Commission reuse notice: reuse authorised with source acknowledgement,Direct field CL_WDS_585_2020; layer GHSL_UCDB_THEME_CLIMATE_GLOBE_R2024A; exact definition and upstream source in ghsl_indicator_dictionary.csv and official PDF.
ghsl_698,ghsl_CL_LCZ_A01_2025,GHSL UCDB R2024A V1.2,https://jeodpp.jrc.ec.europa.eu/ftp/jrc-opendata/GHSL/GHS_UCDB_GLOBE_R2024A/GHS_UCDB_GLOBE_R2024A/V1-2/GHS_UCDB_GLOBE_R2024A_V1_2.zip,2026-09-19T08:41:50.435893+00:00,European Commission reuse notice: reuse authorised with source acknowledgement,Direct field CL_LCZ_A01_2025; layer GHSL_UCDB_THEME_CLIMATE_GLOBE_R2024A; exact definition and upstream source in ghsl_indicator_dictionary.csv and official PDF.
ghsl_698,ghsl_CL_LCZ_A02_2025,GHSL UCDB R2024A V1.2,https://jeodpp.jrc.ec.europa.eu/ftp/jrc-opendata/GHSL/GHS_UCDB_GLOBE_R2024A/GHS_UCDB_GLOBE_R2024A/V1-2/GHS_UCDB_GLOBE_R2024A_V1_2.zip,2026-09-19T08:41:50.435893+00:00,European Commission reuse notice: reuse authorised with source acknowledgement,Direct field CL_LCZ_A02_2025; layer GHSL_UCDB_THEME_CLIMATE_GLOBE_R2024A; exact definition and upstream source in ghsl_indicator_dictionary.csv and official PDF.
ghsl_698,ghsl_CL_LCZ_A03_2025,GHSL UCDB R2024A V1.2,https://jeodpp.jrc.ec.europa.eu/ftp/jrc-opendata/GHSL/GHS_UCDB_GLOBE_R2024A/GHS_UCDB_GLOBE_R2024A/V1-2/GHS_UCDB_GLOBE_R2024A_V1_2.zip,2026-09-19T08:41:50.435893+00:00,European Commission reuse notice: reuse authorised with source acknowledgement,Direct field CL_LCZ_A03_2025; layer GHSL_UCDB_THEME_CLIMATE_GLOBE_R2024A; exact definition and upstream source in ghsl_indicator_dictionary.csv and official PDF.
ghsl_698,ghsl_CL_LCZ_A04_2025,GHSL UCDB R2024A V1.2,https://jeodpp.jrc.ec.europa.eu/ftp/jrc-opendata/GHSL/GHS_UCDB_GLOBE_R2024A/GHS_UCDB_GLOBE_R2024A/V1-2/GHS_UCDB_GLOBE_R2024A_V1_2.zip,2026-09-19T08:41:50.435893+00:00,European Commission reuse notice: reuse authorised with source acknowledgement,Direct field CL_LCZ_A04_2025; layer GHSL_UCDB_THEME_CLIMATE_GLOBE_R2024A; exact definition and upstream source in ghsl_indicator_dictionary.csv and official PDF.
ghsl_698,ghsl_CL_LCZ_A05_2025,GHSL UCDB R2024A V1.2,https://jeodpp.jrc.ec.europa.eu/ftp/jrc-opendata/GHSL/GHS_UCDB_GLOBE_R2024A/GHS_UCDB_GLOBE_R2024A/V1-2/GHS_UCDB_GLOBE_R2024A_V1_2.zip,2026-09-19T08:41:50.435893+00:00,European Commission reuse notice: reuse authorised with source acknowledgement,Direct field CL_LCZ_A05_2025; layer GHSL_UCDB_THEME_CLIMATE_GLOBE_R2024A; exact definition and upstream source in ghsl_indicator_dictionary.csv and official PDF.
ghsl_698,ghsl_CL_LCZ_A06_2025,GHSL UCDB R2024A V1.2,https://jeodpp.jrc.ec.europa.eu/ftp/jrc-opendata/GHSL/GHS_UCDB_GLOBE_R2024A/GHS_UCDB_GLOBE_R2024A/V1-2/GHS_UCDB_GLOBE_R2024A_V1_2.zip,2026-09-19T08:41:50.435893+00:00,European Commission reuse notice: reuse authorised with source acknowledgement,Direct field CL_LCZ_A06_2025; layer GHSL_UCDB_THEME_CLIMATE_GLOBE_R2024A; exact definition and upstream source in ghsl_indicator_dictionary.csv and official PDF.
ghsl_698,ghsl_CL_LCZ_A07_2025,GHSL UCDB R2024A V1.2,https://jeodpp.jrc.ec.europa.eu/ftp/jrc-opendata/GHSL/GHS_UCDB_GLOBE_R2024A/GHS_UCDB_GLOBE_R2024A/V1-2/GHS_UCDB_GLOBE_R2024A_V1_2.zip,2026-09-19T08:41:50.435893+00:00,European Commission reuse notice: reuse authorised with source acknowledgement,Direct field CL_LCZ_A07_2025; layer GHSL_UCDB_THEME_CLIMATE_GLOBE_R2024A; exact definition and upstream source in ghsl_indicator_dictionary.csv and official PDF.
ghsl_698,ghsl_CL_LCZ_A08_2025,GHSL UCDB R2024A V1.2,https://jeodpp.jrc.ec.europa.eu/ftp/jrc-opendata/GHSL/GHS_UCDB_GLOBE_R2024A/GHS_UCDB_GLOBE_R2024A/V1-2/GHS_UCDB_GLOBE_R2024A_V1_2.zip,2026-09-19T08:41:50.435893+00:00,European Commission reuse notice: reuse authorised with source acknowledgement,Direct field CL_LCZ_A08_2025; layer GHSL_UCDB_THEME_CLIMATE_GLOBE_R2024A; exact definition and upstream source in ghsl_indicator_dictionary.csv and official PDF.
ghsl_698,ghsl_CL_LCZ_A09_2025,GHSL UCDB R2024A V1.2,https://jeodpp.jrc.ec.europa.eu/ftp/jrc-opendata/GHSL/GHS_UCDB_GLOBE_R2024A/GHS_UCDB_GLOBE_R2024A/V1-2/GHS_UCDB_GLOBE_R2024A_V1_2.zip,2026-09-19T08:41:50.435893+00:00,European Commission reuse notice: reuse authorised with source acknowledgement,Direct field CL_LCZ_A09_2025; layer GHSL_UCDB_THEME_CLIMATE_GLOBE_R2024A; exact definition and upstream source in ghsl_indicator_dictionary.csv and official PDF.
ghsl_698,ghsl_CL_LCZ_A10_2025,GHSL UCDB R2024A V1.2,https://jeodpp.jrc.ec.europa.eu/ftp/jrc-opendata/GHSL/GHS_UCDB_GLOBE_R2024A/GHS_UCDB_GLOBE_R2024A/V1-2/GHS_UCDB_GLOBE_R2024A_V1_2.zip,2026-09-19T08:41:50.435893+00:00,European Commission reuse notice: reuse authorised with source acknowledgement,Direct field CL_LCZ_A10_2025; layer GHSL_UCDB_THEME_CLIMATE_GLOBE_R2024A; exact definition and upstream source in ghsl_indicator_dictionary.csv and official PDF.
ghsl_698,ghsl_CL_LCZ_A11_2025,GHSL UCDB R2024A V1.2,https://jeodpp.jrc.ec.europa.eu/ftp/jrc-opendata/GHSL/GHS_UCDB_GLOBE_R2024A/GHS_UCDB_GLOBE_R2024A/V1-2/GHS_UCDB_GLOBE_R2024A_V1_2.zip,2026-09-19T08:41:50.435893+00:00,European Commission reuse notice: reuse authorised with source acknowledgement,Direct field CL_LCZ_A11_2025; layer GHSL_UCDB_THEME_CLIMATE_GLOBE_R2024A; exact definition and upstream source in ghsl_indicator_dictionary.csv and official PDF.
ghsl_698,ghsl_CL_LCZ_A12_2025,GHSL UCDB R2024A V1.2,https://jeodpp.jrc.ec.europa.eu/ftp/jrc-opendata/GHSL/GHS_UCDB_GLOBE_R2024A/GHS_UCDB_GLOBE_R2024A/V1-2/GHS_UCDB_GLOBE_R2024A_V1_2.zip,2026-09-19T08:41:50.435893+00:00,European Commission reuse notice: reuse authorised with source acknowledgement,Direct field CL_LCZ_A12_2025; layer GHSL_UCDB_THEME_CLIMATE_GLOBE_R2024A; exact definition and upstream source in ghsl_indicator_dictionary.csv and official PDF.
ghsl_698,ghsl_CL_LCZ_A13_2025,GHSL UCDB R2024A V1.2,https://jeodpp.jrc.ec.europa.eu/ftp/jrc-opendata/GHSL/GHS_UCDB_GLOBE_R2024A/GHS_UCDB_GLOBE_R2024A/V1-2/GHS_UCDB_GLOBE_R2024A_V1_2.zip,2026-09-19T08:41:50.435893+00:00,European Commission reuse notice: reuse authorised with source acknowledgement,Direct field CL_LCZ_A13_2025; layer GHSL_UCDB_THEME_CLIMATE_GLOBE_R2024A; exact definition and upstream source in ghsl_indicator_dictionary.csv and official PDF.
ghsl_698,ghsl_CL_LCZ_A14_2025,GHSL UCDB R2024A V1.2,https://jeodpp.jrc.ec.europa.eu/ftp/jrc-opendata/GHSL/GHS_UCDB_GLOBE_R2024A/GHS_UCDB_GLOBE_R2024A/V1-2/GHS_UCDB_GLOBE_R2024A_V1_2.zip,2026-09-19T08:41:50.435893+00:00,European Commission reuse notice: reuse authorised with source acknowledgement,Direct field CL_LCZ_A14_2025; layer GHSL_UCDB_THEME_CLIMATE_GLOBE_R2024A; exact definition and upstream source in ghsl_indicator_dictionary.csv and official PDF.
ghsl_698,ghsl_CL_LCZ_A15_2025,GHSL UCDB R2024A V1.2,https://jeodpp.jrc.ec.europa.eu/ftp/jrc-opendata/GHSL/GHS_UCDB_GLOBE_R2024A/GHS_UCDB_GLOBE_R2024A/V1-2/GHS_UCDB_GLOBE_R2024A_V1_2.zip,2026-09-19T08:41:50.435893+00:00,European Commission reuse notice: reuse authorised with source acknowledgement,Direct field CL_LCZ_A15_2025; layer GHSL_UCDB_THEME_CLIMATE_GLOBE_R2024A; exact definition and upstream source in ghsl_indicator_dictionary.csv and official PDF.
ghsl_698,ghsl_CL_LCZ_A16_2025,GHSL UCDB R2024A V1.2,https://jeodpp.jrc.ec.europa.eu/ftp/jrc-opendata/GHSL/GHS_UCDB_GLOBE_R2024A/GHS_UCDB_GLOBE_R2024A/V1-2/GHS_UCDB_GLOBE_R2024A_V1_2.zip,2026-09-19T08:41:50.435893+00:00,European Commission reuse notice: reuse authorised with source acknowledgement,Direct field CL_LCZ_A16_2025; layer GHSL_UCDB_THEME_CLIMATE_GLOBE_R2024A; exact definition and upstream source in ghsl_indicator_dictionary.csv and official PDF.
ghsl_698,ghsl_CL_LCZ_A17_2025,GHSL UCDB R2024A V1.2,https://jeodpp.jrc.ec.europa.eu/ftp/jrc-opendata/GHSL/GHS_UCDB_GLOBE_R2024A/GHS_UCDB_GLOBE_R2024A/V1-2/GHS_UCDB_GLOBE_R2024A_V1_2.zip,2026-09-19T08:41:50.435893+00:00,European Commission reuse notice: reuse authorised with source acknowledgement,Direct field CL_LCZ_A17_2025; layer GHSL_UCDB_THEME_CLIMATE_GLOBE_R2024A; exact definition and upstream source in ghsl_indicator_dictionary.csv and official PDF.
ghsl_698,ghsl_CL_UTC_T32_2020,GHSL UCDB R2024A V1.2,https://jeodpp.jrc.ec.europa.eu/ftp/jrc-opendata/GHSL/GHS_UCDB_GLOBE_R2024A/GHS_UCDB_GLOBE_R2024A/V1-2/GHS_UCDB_GLOBE_R2024A_V1_2.zip,2026-09-19T08:41:50.435893+00:00,European Commission reuse notice: reuse authorised with source acknowledgement,Direct field CL_UTC_T32_2020; layer GHSL_UCDB_THEME_CLIMATE_GLOBE_R2024A; exact definition and upstream source in ghsl_indicator_dictionary.csv and official PDF.
ghsl_698,ghsl_EM_CO2_AGR_2024,GHSL UCDB R2024A V1.2,https://jeodpp.jrc.ec.europa.eu/ftp/jrc-opendata/GHSL/GHS_UCDB_GLOBE_R2024A/GHS_UCDB_GLOBE_R2024A/V1-2/GHS_UCDB_GLOBE_R2024A_V1_2.zip,2026-09-19T08:41:50.435893+00:00,European Commission reuse notice: reuse authorised with source acknowledgement,Direct field EM_CO2_AGR_2024; layer GHSL_UCDB_THEME_EMISSIONS_GLOBE_R2024A; exact definition and upstream source in ghsl_indicator_dictionary.csv and official PDF.
ghsl_698,ghsl_EM_CO2_ENE_2024,GHSL UCDB R2024A V1.2,https://jeodpp.jrc.ec.europa.eu/ftp/jrc-opendata/GHSL/GHS_UCDB_GLOBE_R2024A/GHS_UCDB_GLOBE_R2024A/V1-2/GHS_UCDB_GLOBE_R2024A_V1_2.zip,2026-09-19T08:41:50.435893+00:00,European Commission reuse notice: reuse authorised with source acknowledgement,Direct field EM_CO2_ENE_2024; layer GHSL_UCDB_THEME_EMISSIONS_GLOBE_R2024A; exact definition and upstream source in ghsl_indicator_dictionary.csv and official PDF.
ghsl_698,ghsl_EM_CO2_IND_2024,GHSL UCDB R2024A V1.2,https://jeodpp.jrc.ec.europa.eu/ftp/jrc-opendata/GHSL/GHS_UCDB_GLOBE_R2024A/GHS_UCDB_GLOBE_R2024A/V1-2/GHS_UCDB_GLOBE_R2024A_V1_2.zip,2026-09-19T08:41:50.435893+00:00,European Commission reuse notice: reuse authorised with source acknowledgement,Direct field EM_CO2_IND_2024; layer GHSL_UCDB_THEME_EMISSIONS_GLOBE_R2024A; exact definition and upstream source in ghsl_indicator_dictionary.csv and official PDF.
ghsl_698,ghsl_EM_CO2_RES_2024,GHSL UCDB R2024A V1.2,https://jeodpp.jrc.ec.europa.eu/ftp/jrc-opendata/GHSL/GHS_UCDB_GLOBE_R2024A/GHS_UCDB_GLOBE_R2024A/V1-2/GHS_UCDB_GLOBE_R2024A_V1_2.zip,2026-09-19T08:41:50.435893+00:00,European Commission reuse notice: reuse authorised with source acknowledgement,Direct field EM_CO2_RES_2024; layer GHSL_UCDB_THEME_EMISSIONS_GLOBE_R2024A; exact definition and upstream source in ghsl_indicator_dictionary.csv and official PDF.
ghsl_698,ghsl_EM_CO2_TRA_2024,GHSL UCDB R2024A V1.2,https://jeodpp.jrc.ec.europa.eu/ftp/jrc-opendata/GHSL/GHS_UCDB_GLOBE_R2024A/GHS_UCDB_GLOBE_R2024A/V1-2/GHS_UCDB_GLOBE_R2024A_V1_2.zip,2026-09-19T08:41:50.435893+00:00,European Commission reuse notice: reuse authorised with source acknowledgement,Direct field EM_CO2_TRA_2024; layer GHSL_UCDB_THEME_EMISSIONS_GLOBE_R2024A; exact definition and upstream source in ghsl_indicator_dictionary.csv and official PDF.
ghsl_698,ghsl_EM_CO2_WAS_2024,GHSL UCDB R2024A V1.2,https://jeodpp.jrc.ec.europa.eu/ftp/jrc-opendata/GHSL/GHS_UCDB_GLOBE_R2024A/GHS_UCDB_GLOBE_R2024A/V1-2/GHS_UCDB_GLOBE_R2024A_V1_2.zip,2026-09-19T08:41:50.435893+00:00,European Commission reuse notice: reuse authorised with source acknowledgement,Direct field EM_CO2_WAS_2024; layer GHSL_UCDB_THEME_EMISSIONS_GLOBE_R2024A; exact definition and upstream source in ghsl_indicator_dictionary.csv and official PDF.
ghsl_698,ghsl_EM_CO2_INT_2024,GHSL UCDB R2024A V1.2,https://jeodpp.jrc.ec.europa.eu/ftp/jrc-opendata/GHSL/GHS_UCDB_GLOBE_R2024A/GHS_UCDB_GLOBE_R2024A/V1-2/GHS_UCDB_GLOBE_R2024A_V1_2.zip,2026-09-19T08:41:50.435893+00:00,European Commission reuse notice: reuse authorised with source acknowledgement,Direct field EM_CO2_INT_2024; layer GHSL_UCDB_THEME_EMISSIONS_GLOBE_R2024A; exact definition and upstream source in ghsl_indicator_dictionary.csv and official PDF.
ghsl_698,ghsl_EM_GHG_AGR_2024,GHSL UCDB R2024A V1.2,https://jeodpp.jrc.ec.europa.eu/ftp/jrc-opendata/GHSL/GHS_UCDB_GLOBE_R2024A/GHS_UCDB_GLOBE_R2024A/V1-2/GHS_UCDB_GLOBE_R2024A_V1_2.zip,2026-09-19T08:41:50.435893+00:00,European Commission reuse notice: reuse authorised with source acknowledgement,Direct field EM_GHG_AGR_2024; layer GHSL_UCDB_THEME_EMISSIONS_GLOBE_R2024A; exact definition and upstream source in ghsl_indicator_dictionary.csv and official PDF.
ghsl_698,ghsl_EM_GHG_ENE_2024,GHSL UCDB R2024A V1.2,https://jeodpp.jrc.ec.europa.eu/ftp/jrc-opendata/GHSL/GHS_UCDB_GLOBE_R2024A/GHS_UCDB_GLOBE_R2024A/V1-2/GHS_UCDB_GLOBE_R2024A_V1_2.zip,2026-09-19T08:41:50.435893+00:00,European Commission reuse notice: reuse authorised with source acknowledgement,Direct field EM_GHG_ENE_2024; layer GHSL_UCDB_THEME_EMISSIONS_GLOBE_R2024A; exact definition and upstream source in ghsl_indicator_dictionary.csv and official PDF.
ghsl_698,ghsl_EM_GHG_IND_2024,GHSL UCDB R2024A V1.2,https://jeodpp.jrc.ec.europa.eu/ftp/jrc-opendata/GHSL/GHS_UCDB_GLOBE_R2024A/GHS_UCDB_GLOBE_R2024A/V1-2/GHS_UCDB_GLOBE_R2024A_V1_2.zip,2026-09-19T08:41:50.435893+00:00,European Commission reuse notice: reuse authorised with source acknowledgement,Direct field EM_GHG_IND_2024; layer GHSL_UCDB_THEME_EMISSIONS_GLOBE_R2024A; exact definition and upstream source in ghsl_indicator_dictionary.csv and official PDF.
ghsl_698,ghsl_EM_GHG_RES_2024,GHSL UCDB R2024A V1.2,https://jeodpp.jrc.ec.europa.eu/ftp/jrc-opendata/GHSL/GHS_UCDB_GLOBE_R2024A/GHS_UCDB_GLOBE_R2024A/V1-2/GHS_UCDB_GLOBE_R2024A_V1_2.zip,2026-09-19T08:41:50.435893+00:00,European Commission reuse notice: reuse authorised with source acknowledgement,Direct field EM_GHG_RES_2024; layer GHSL_UCDB_THEME_EMISSIONS_GLOBE_R2024A; exact definition and upstream source in ghsl_indicator_dictionary.csv and official PDF.
ghsl_698,ghsl_EM_GHG_TRA_2024,GHSL UCDB R2024A V1.2,https://jeodpp.jrc.ec.europa.eu/ftp/jrc-opendata/GHSL/GHS_UCDB_GLOBE_R2024A/GHS_UCDB_GLOBE_R2024A/V1-2/GHS_UCDB_GLOBE_R2024A_V1_2.zip,2026-09-19T08:41:50.435893+00:00,European Commission reuse notice: reuse authorised with source acknowledgement,Direct field EM_GHG_TRA_2024; layer GHSL_UCDB_THEME_EMISSIONS_GLOBE_R2024A; exact definition and upstream source in ghsl_indicator_dictionary.csv and official PDF.
ghsl_698,ghsl_EM_GHG_WAS_2024,GHSL UCDB R2024A V1.2,https://jeodpp.jrc.ec.europa.eu/ftp/jrc-opendata/GHSL/GHS_UCDB_GLOBE_R2024A/GHS_UCDB_GLOBE_R2024A/V1-2/GHS_UCDB_GLOBE_R2024A_V1_2.zip,2026-09-19T08:41:50.435893+00:00,European Commission reuse notice: reuse authorised with source acknowledgement,Direct field EM_GHG_WAS_2024; layer GHSL_UCDB_THEME_EMISSIONS_GLOBE_R2024A; exact definition and upstream source in ghsl_indicator_dictionary.csv and official PDF.
ghsl_698,ghsl_EM_GHG_INT_2024,GHSL UCDB R2024A V1.2,https://jeodpp.jrc.ec.europa.eu/ftp/jrc-opendata/GHSL/GHS_UCDB_GLOBE_R2024A/GHS_UCDB_GLOBE_R2024A/V1-2/GHS_UCDB_GLOBE_R2024A_V1_2.zip,2026-09-19T08:41:50.435893+00:00,European Commission reuse notice: reuse authorised with source acknowledgement,Direct field EM_GHG_INT_2024; layer GHSL_UCDB_THEME_EMISSIONS_GLOBE_R2024A; exact definition and upstream source in ghsl_indicator_dictionary.csv and official PDF.
ghsl_698,ghsl_EM_NOX_AGR_2024,GHSL UCDB R2024A V1.2,https://jeodpp.jrc.ec.europa.eu/ftp/jrc-opendata/GHSL/GHS_UCDB_GLOBE_R2024A/GHS_UCDB_GLOBE_R2024A/V1-2/GHS_UCDB_GLOBE_R2024A_V1_2.zip,2026-09-19T08:41:50.435893+00:00,European Commission reuse notice: reuse authorised with source acknowledgement,Direct field EM_NOX_AGR_2024; layer GHSL_UCDB_THEME_EMISSIONS_GLOBE_R2024A; exact definition and upstream source in ghsl_indicator_dictionary.csv and official PDF.
ghsl_698,ghsl_EM_NOX_ENE_2024,GHSL UCDB R2024A V1.2,https://jeodpp.jrc.ec.europa.eu/ftp/jrc-opendata/GHSL/GHS_UCDB_GLOBE_R2024A/GHS_UCDB_GLOBE_R2024A/V1-2/GHS_UCDB_GLOBE_R2024A_V1_2.zip,2026-09-19T08:41:50.435893+00:00,European Commission reuse notice: reuse authorised with source acknowledgement,Direct field EM_NOX_ENE_2024; layer GHSL_UCDB_THEME_EMISSIONS_GLOBE_R2024A; exact definition and upstream source in ghsl_indicator_dictionary.csv and official PDF.
ghsl_698,ghsl_EM_NOX_IND_2024,GHSL UCDB R2024A V1.2,https://jeodpp.jrc.ec.europa.eu/ftp/jrc-opendata/GHSL/GHS_UCDB_GLOBE_R2024A/GHS_UCDB_GLOBE_R2024A/V1-2/GHS_UCDB_GLOBE_R2024A_V1_2.zip,2026-09-19T08:41:50.435893+00:00,European Commission reuse notice: reuse authorised with source acknowledgement,Direct field EM_NOX_IND_2024; layer GHSL_UCDB_THEME_EMISSIONS_GLOBE_R2024A; exact definition and upstream source in ghsl_indicator_dictionary.csv and official PDF.
ghsl_698,ghsl_EM_NOX_RES_2024,GHSL UCDB R2024A V1.2,https://jeodpp.jrc.ec.europa.eu/ftp/jrc-opendata/GHSL/GHS_UCDB_GLOBE_R2024A/GHS_UCDB_GLOBE_R2024A/V1-2/GHS_UCDB_GLOBE_R2024A_V1_2.zip,2026-09-19T08:41:50.435893+00:00,European Commission reuse notice: reuse authorised with source acknowledgement,Direct field EM_NOX_RES_2024; layer GHSL_UCDB_THEME_EMISSIONS_GLOBE_R2024A; exact definition and upstream source in ghsl_indicator_dictionary.csv and official PDF.
ghsl_698,ghsl_EM_NOX_TRA_2024,GHSL UCDB R2024A V1.2,https://jeodpp.jrc.ec.europa.eu/ftp/jrc-opendata/GHSL/GHS_UCDB_GLOBE_R2024A/GHS_UCDB_GLOBE_R2024A/V1-2/GHS_UCDB_GLOBE_R2024A_V1_2.zip,2026-09-19T08:41:50.435893+00:00,European Commission reuse notice: reuse authorised with source acknowledgement,Direct field EM_NOX_TRA_2024; layer GHSL_UCDB_THEME_EMISSIONS_GLOBE_R2024A; exact definition and upstream source in ghsl_indicator_dictionary.csv and official PDF.
ghsl_698,ghsl_EM_NOX_WAS_2024,GHSL UCDB R2024A V1.2,https://jeodpp.jrc.ec.europa.eu/ftp/jrc-opendata/GHSL/GHS_UCDB_GLOBE_R2024A/GHS_UCDB_GLOBE_R2024A/V1-2/GHS_UCDB_GLOBE_R2024A_V1_2.zip,2026-09-19T08:41:50.435893+00:00,European Commission reuse notice: reuse authorised with source acknowledgement,Direct field EM_NOX_WAS_2024; layer GHSL_UCDB_THEME_EMISSIONS_GLOBE_R2024A; exact definition and upstream source in ghsl_indicator_dictionary.csv and official PDF.
ghsl_698,ghsl_EM_NOX_INT_2024,GHSL UCDB R2024A V1.2,https://jeodpp.jrc.ec.europa.eu/ftp/jrc-opendata/GHSL/GHS_UCDB_GLOBE_R2024A/GHS_UCDB_GLOBE_R2024A/V1-2/GHS_UCDB_GLOBE_R2024A_V1_2.zip,2026-09-19T08:41:50.435893+00:00,European Commission reuse notice: reuse authorised with source acknowledgement,Direct field EM_NOX_INT_2024; layer GHSL_UCDB_THEME_EMISSIONS_GLOBE_R2024A; exact definition and upstream source in ghsl_indicator_dictionary.csv and official PDF.
ghsl_698,ghsl_EM_PM2_AGR_2024,GHSL UCDB R2024A V1.2,https://jeodpp.jrc.ec.europa.eu/ftp/jrc-opendata/GHSL/GHS_UCDB_GLOBE_R2024A/GHS_UCDB_GLOBE_R2024A/V1-2/GHS_UCDB_GLOBE_R2024A_V1_2.zip,2026-09-19T08:41:50.435893+00:00,European Commission reuse notice: reuse authorised with source acknowledgement,Direct field EM_PM2_AGR_2024; layer GHSL_UCDB_THEME_EMISSIONS_GLOBE_R2024A; exact definition and upstream source in ghsl_indicator_dictionary.csv and official PDF.
ghsl_698,ghsl_EM_PM2_ENE_2024,GHSL UCDB R2024A V1.2,https://jeodpp.jrc.ec.europa.eu/ftp/jrc-opendata/GHSL/GHS_UCDB_GLOBE_R2024A/GHS_UCDB_GLOBE_R2024A/V1-2/GHS_UCDB_GLOBE_R2024A_V1_2.zip,2026-09-19T08:41:50.435893+00:00,European Commission reuse notice: reuse authorised with source acknowledgement,Direct field EM_PM2_ENE_2024; layer GHSL_UCDB_THEME_EMISSIONS_GLOBE_R2024A; exact definition and upstream source in ghsl_indicator_dictionary.csv and official PDF.
ghsl_698,ghsl_EM_PM2_IND_2024,GHSL UCDB R2024A V1.2,https://jeodpp.jrc.ec.europa.eu/ftp/jrc-opendata/GHSL/GHS_UCDB_GLOBE_R2024A/GHS_UCDB_GLOBE_R2024A/V1-2/GHS_UCDB_GLOBE_R2024A_V1_2.zip,2026-09-19T08:41:50.435893+00:00,European Commission reuse notice: reuse authorised with source acknowledgement,Direct field EM_PM2_IND_2024; layer GHSL_UCDB_THEME_EMISSIONS_GLOBE_R2024A; exact definition and upstream source in ghsl_indicator_dictionary.csv and official PDF.
ghsl_698,ghsl_EM_PM2_RES_2024,GHSL UCDB R2024A V1.2,https://jeodpp.jrc.ec.europa.eu/ftp/jrc-opendata/GHSL/GHS_UCDB_GLOBE_R2024A/GHS_UCDB_GLOBE_R2024A/V1-2/GHS_UCDB_GLOBE_R2024A_V1_2.zip,2026-09-19T08:41:50.435893+00:00,European Commission reuse notice: reuse authorised with source acknowledgement,Direct field EM_PM2_RES_2024; layer GHSL_UCDB_THEME_EMISSIONS_GLOBE_R2024A; exact definition and upstream source in ghsl_indicator_dictionary.csv and official PDF.
ghsl_698,ghsl_EM_PM2_TRA_2024,GHSL UCDB R2024A V1.2,https://jeodpp.jrc.ec.europa.eu/ftp/jrc-opendata/GHSL/GHS_UCDB_GLOBE_R2024A/GHS_UCDB_GLOBE_R2024A/V1-2/GHS_UCDB_GLOBE_R2024A_V1_2.zip,2026-09-19T08:41:50.435893+00:00,European Commission reuse notice: reuse authorised with source acknowledgement,Direct field EM_PM2_TRA_2024; layer GHSL_UCDB_THEME_EMISSIONS_GLOBE_R2024A; exact definition and upstream source in ghsl_indicator_dictionary.csv and official PDF.
ghsl_698,ghsl_EM_PM2_INT_2024,GHSL UCDB R2024A V1.2,https://jeodpp.jrc.ec.europa.eu/ftp/jrc-opendata/GHSL/GHS_UCDB_GLOBE_R2024A/GHS_UCDB_GLOBE_R2024A/V1-2/GHS_UCDB_GLOBE_R2024A_V1_2.zip,2026-09-19T08:41:50.435893+00:00,European Commission reuse notice: reuse authorised with source acknowledgement,Direct field EM_PM2_INT_2024; layer GHSL_UCDB_THEME_EMISSIONS_GLOBE_R2024A; exact definition and upstream source in ghsl_indicator_dictionary.csv and official PDF.
ghsl_698,ghsl_EM_CO2_TOT_2024,GHSL UCDB R2024A V1.2,https://jeodpp.jrc.ec.europa.eu/ftp/jrc-opendata/GHSL/GHS_UCDB_GLOBE_R2024A/GHS_UCDB_GLOBE_R2024A/V1-2/GHS_UCDB_GLOBE_R2024A_V1_2.zip,2026-09-19T08:41:50.435893+00:00,European Commission reuse notice: reuse authorised with source acknowledgement,Direct field EM_CO2_TOT_2024; layer GHSL_UCDB_THEME_EMISSIONS_GLOBE_R2024A; exact definition and upstream source in ghsl_indicator_dictionary.csv and official PDF.
ghsl_698,ghsl_EM_GHG_TOT_2024,GHSL UCDB R2024A V1.2,https://jeodpp.jrc.ec.europa.eu/ftp/jrc-opendata/GHSL/GHS_UCDB_GLOBE_R2024A/GHS_UCDB_GLOBE_R2024A/V1-2/GHS_UCDB_GLOBE_R2024A_V1_2.zip,2026-09-19T08:41:50.435893+00:00,European Commission reuse notice: reuse authorised with source acknowledgement,Direct field EM_GHG_TOT_2024; layer GHSL_UCDB_THEME_EMISSIONS_GLOBE_R2024A; exact definition and upstream source in ghsl_indicator_dictionary.csv and official PDF.
ghsl_698,ghsl_EM_NOX_TOT_2024,GHSL UCDB R2024A V1.2,https://jeodpp.jrc.ec.europa.eu/ftp/jrc-opendata/GHSL/GHS_UCDB_GLOBE_R2024A/GHS_UCDB_GLOBE_R2024A/V1-2/GHS_UCDB_GLOBE_R2024A_V1_2.zip,2026-09-19T08:41:50.435893+00:00,European Commission reuse notice: reuse authorised with source acknowledgement,Direct field EM_NOX_TOT_2024; layer GHSL_UCDB_THEME_EMISSIONS_GLOBE_R2024A; exact definition and upstream source in ghsl_indicator_dictionary.csv and official PDF.
ghsl_698,ghsl_EM_PM2_TOT_2024,GHSL UCDB R2024A V1.2,https://jeodpp.jrc.ec.europa.eu/ftp/jrc-opendata/GHSL/GHS_UCDB_GLOBE_R2024A/GHS_UCDB_GLOBE_R2024A/V1-2/GHS_UCDB_GLOBE_R2024A_V1_2.zip,2026-09-19T08:41:50.435893+00:00,European Commission reuse notice: reuse authorised with source acknowledgement,Direct field EM_PM2_TOT_2024; layer GHSL_UCDB_THEME_EMISSIONS_GLOBE_R2024A; exact definition and upstream source in ghsl_indicator_dictionary.csv and official PDF.
ghsl_698,ghsl_EM_CO2_PEC_2020,GHSL UCDB R2024A V1.2,https://jeodpp.jrc.ec.europa.eu/ftp/jrc-opendata/GHSL/GHS_UCDB_GLOBE_R2024A/GHS_UCDB_GLOBE_R2024A/V1-2/GHS_UCDB_GLOBE_R2024A_V1_2.zip,2026-09-19T08:41:50.435893+00:00,European Commission reuse notice: reuse authorised with source acknowledgement,Direct field EM_CO2_PEC_2020; layer GHSL_UCDB_THEME_EMISSIONS_GLOBE_R2024A; exact definition and upstream source in ghsl_indicator_dictionary.csv and official PDF.
ghsl_698,ghsl_EM_GHG_PEC_2020,GHSL UCDB R2024A V1.2,https://jeodpp.jrc.ec.europa.eu/ftp/jrc-opendata/GHSL/GHS_UCDB_GLOBE_R2024A/GHS_UCDB_GLOBE_R2024A/V1-2/GHS_UCDB_GLOBE_R2024A_V1_2.zip,2026-09-19T08:41:50.435893+00:00,European Commission reuse notice: reuse authorised with source acknowledgement,Direct field EM_GHG_PEC_2020; layer GHSL_UCDB_THEME_EMISSIONS_GLOBE_R2024A; exact definition and upstream source in ghsl_indicator_dictionary.csv and official PDF.
ghsl_698,ghsl_EM_NOX_PEC_2020,GHSL UCDB R2024A V1.2,https://jeodpp.jrc.ec.europa.eu/ftp/jrc-opendata/GHSL/GHS_UCDB_GLOBE_R2024A/GHS_UCDB_GLOBE_R2024A/V1-2/GHS_UCDB_GLOBE_R2024A_V1_2.zip,2026-09-19T08:41:50.435893+00:00,European Commission reuse notice: reuse authorised with source acknowledgement,Direct field EM_NOX_PEC_2020; layer GHSL_UCDB_THEME_EMISSIONS_GLOBE_R2024A; exact definition and upstream source in ghsl_indicator_dictionary.csv and official PDF.
ghsl_698,ghsl_EM_PM2_PEC_2020,GHSL UCDB R2024A V1.2,https://jeodpp.jrc.ec.europa.eu/ftp/jrc-opendata/GHSL/GHS_UCDB_GLOBE_R2024A/GHS_UCDB_GLOBE_R2024A/V1-2/GHS_UCDB_GLOBE_R2024A_V1_2.zip,2026-09-19T08:41:50.435893+00:00,European Commission reuse notice: reuse authorised with source acknowledgement,Direct field EM_PM2_PEC_2020; layer GHSL_UCDB_THEME_EMISSIONS_GLOBE_R2024A; exact definition and upstream source in ghsl_indicator_dictionary.csv and official PDF.
ghsl_698,ghsl_EM_CO2_SAG_2024,GHSL UCDB R2024A V1.2,https://jeodpp.jrc.ec.europa.eu/ftp/jrc-opendata/GHSL/GHS_UCDB_GLOBE_R2024A/GHS_UCDB_GLOBE_R2024A/V1-2/GHS_UCDB_GLOBE_R2024A_V1_2.zip,2026-09-19T08:41:50.435893+00:00,European Commission reuse notice: reuse authorised with source acknowledgement,Direct field EM_CO2_SAG_2024; layer GHSL_UCDB_THEME_EMISSIONS_GLOBE_R2024A; exact definition and upstream source in ghsl_indicator_dictionary.csv and official PDF.
ghsl_698,ghsl_EM_CO2_SEN_2024,GHSL UCDB R2024A V1.2,https://jeodpp.jrc.ec.europa.eu/ftp/jrc-opendata/GHSL/GHS_UCDB_GLOBE_R2024A/GHS_UCDB_GLOBE_R2024A/V1-2/GHS_UCDB_GLOBE_R2024A_V1_2.zip,2026-09-19T08:41:50.435893+00:00,European Commission reuse notice: reuse authorised with source acknowledgement,Direct field EM_CO2_SEN_2024; layer GHSL_UCDB_THEME_EMISSIONS_GLOBE_R2024A; exact definition and upstream source in ghsl_indicator_dictionary.csv and official PDF.
ghsl_698,ghsl_EM_CO2_SIN_2024,GHSL UCDB R2024A V1.2,https://jeodpp.jrc.ec.europa.eu/ftp/jrc-opendata/GHSL/GHS_UCDB_GLOBE_R2024A/GHS_UCDB_GLOBE_R2024A/V1-2/GHS_UCDB_GLOBE_R2024A_V1_2.zip,2026-09-19T08:41:50.435893+00:00,European Commission reuse notice: reuse authorised with source acknowledgement,Direct field EM_CO2_SIN_2024; layer GHSL_UCDB_THEME_EMISSIONS_GLOBE_R2024A; exact definition and upstream source in ghsl_indicator_dictionary.csv and official PDF.
ghsl_698,ghsl_EM_CO2_SRE_2024,GHSL UCDB R2024A V1.2,https://jeodpp.jrc.ec.europa.eu/ftp/jrc-opendata/GHSL/GHS_UCDB_GLOBE_R2024A/GHS_UCDB_GLOBE_R2024A/V1-2/GHS_UCDB_GLOBE_R2024A_V1_2.zip,2026-09-19T08:41:50.435893+00:00,European Commission reuse notice: reuse authorised with source acknowledgement,Direct field EM_CO2_SRE_2024; layer GHSL_UCDB_THEME_EMISSIONS_GLOBE_R2024A; exact definition and upstream source in ghsl_indicator_dictionary.csv and official PDF.
ghsl_698,ghsl_EM_CO2_STR_2024,GHSL UCDB R2024A V1.2,https://jeodpp.jrc.ec.europa.eu/ftp/jrc-opendata/GHSL/GHS_UCDB_GLOBE_R2024A/GHS_UCDB_GLOBE_R2024A/V1-2/GHS_UCDB_GLOBE_R2024A_V1_2.zip,2026-09-19T08:41:50.435893+00:00,European Commission reuse notice: reuse authorised with source acknowledgement,Direct field EM_CO2_STR_2024; layer GHSL_UCDB_THEME_EMISSIONS_GLOBE_R2024A; exact definition and upstream source in ghsl_indicator_dictionary.csv and official PDF.
ghsl_698,ghsl_EM_CO2_SIT_2024,GHSL UCDB R2024A V1.2,https://jeodpp.jrc.ec.europa.eu/ftp/jrc-opendata/GHSL/GHS_UCDB_GLOBE_R2024A/GHS_UCDB_GLOBE_R2024A/V1-2/GHS_UCDB_GLOBE_R2024A_V1_2.zip,2026-09-19T08:41:50.435893+00:00,European Commission reuse notice: reuse authorised with source acknowledgement,Direct field EM_CO2_SIT_2024; layer GHSL_UCDB_THEME_EMISSIONS_GLOBE_R2024A; exact definition and upstream source in ghsl_indicator_dictionary.csv and official PDF.
ghsl_698,ghsl_EM_CO2_SWA_2024,GHSL UCDB R2024A V1.2,https://jeodpp.jrc.ec.europa.eu/ftp/jrc-opendata/GHSL/GHS_UCDB_GLOBE_R2024A/GHS_UCDB_GLOBE_R2024A/V1-2/GHS_UCDB_GLOBE_R2024A_V1_2.zip,2026-09-19T08:41:50.435893+00:00,European Commission reuse notice: reuse authorised with source acknowledgement,Direct field EM_CO2_SWA_2024; layer GHSL_UCDB_THEME_EMISSIONS_GLOBE_R2024A; exact definition and upstream source in ghsl_indicator_dictionary.csv and official PDF.
ghsl_698,ghsl_EM_GHG_SAG_2024,GHSL UCDB R2024A V1.2,https://jeodpp.jrc.ec.europa.eu/ftp/jrc-opendata/GHSL/GHS_UCDB_GLOBE_R2024A/GHS_UCDB_GLOBE_R2024A/V1-2/GHS_UCDB_GLOBE_R2024A_V1_2.zip,2026-09-19T08:41:50.435893+00:00,European Commission reuse notice: reuse authorised with source acknowledgement,Direct field EM_GHG_SAG_2024; layer GHSL_UCDB_THEME_EMISSIONS_GLOBE_R2024A; exact definition and upstream source in ghsl_indicator_dictionary.csv and official PDF.
ghsl_698,ghsl_EM_GHG_SEN_2024,GHSL UCDB R2024A V1.2,https://jeodpp.jrc.ec.europa.eu/ftp/jrc-opendata/GHSL/GHS_UCDB_GLOBE_R2024A/GHS_UCDB_GLOBE_R2024A/V1-2/GHS_UCDB_GLOBE_R2024A_V1_2.zip,2026-09-19T08:41:50.435893+00:00,European Commission reuse notice: reuse authorised with source acknowledgement,Direct field EM_GHG_SEN_2024; layer GHSL_UCDB_THEME_EMISSIONS_GLOBE_R2024A; exact definition and upstream source in ghsl_indicator_dictionary.csv and official PDF.
ghsl_698,ghsl_EM_GHG_SIN_2024,GHSL UCDB R2024A V1.2,https://jeodpp.jrc.ec.europa.eu/ftp/jrc-opendata/GHSL/GHS_UCDB_GLOBE_R2024A/GHS_UCDB_GLOBE_R2024A/V1-2/GHS_UCDB_GLOBE_R2024A_V1_2.zip,2026-09-19T08:41:50.435893+00:00,European Commission reuse notice: reuse authorised with source acknowledgement,Direct field EM_GHG_SIN_2024; layer GHSL_UCDB_THEME_EMISSIONS_GLOBE_R2024A; exact definition and upstream source in ghsl_indicator_dictionary.csv and official PDF.
ghsl_698,ghsl_EM_GHG_SRE_2024,GHSL UCDB R2024A V1.2,https://jeodpp.jrc.ec.europa.eu/ftp/jrc-opendata/GHSL/GHS_UCDB_GLOBE_R2024A/GHS_UCDB_GLOBE_R2024A/V1-2/GHS_UCDB_GLOBE_R2024A_V1_2.zip,2026-09-19T08:41:50.435893+00:00,European Commission reuse notice: reuse authorised with source acknowledgement,Direct field EM_GHG_SRE_2024; layer GHSL_UCDB_THEME_EMISSIONS_GLOBE_R2024A; exact definition and upstream source in ghsl_indicator_dictionary.csv and official PDF.
ghsl_698,ghsl_EM_GHG_STR_2024,GHSL UCDB R2024A V1.2,https://jeodpp.jrc.ec.europa.eu/ftp/jrc-opendata/GHSL/GHS_UCDB_GLOBE_R2024A/GHS_UCDB_GLOBE_R2024A/V1-2/GHS_UCDB_GLOBE_R2024A_V1_2.zip,2026-09-19T08:41:50.435893+00:00,European Commission reuse notice: reuse authorised with source acknowledgement,Direct field EM_GHG_STR_2024; layer GHSL_UCDB_THEME_EMISSIONS_GLOBE_R2024A; exact definition and upstream source in ghsl_indicator_dictionary.csv and official PDF.
ghsl_698,ghsl_EM_GHG_SIT_2024,GHSL UCDB R2024A V1.2,https://jeodpp.jrc.ec.europa.eu/ftp/jrc-opendata/GHSL/GHS_UCDB_GLOBE_R2024A/GHS_UCDB_GLOBE_R2024A/V1-2/GHS_UCDB_GLOBE_R2024A_V1_2.zip,2026-09-19T08:41:50.435893+00:00,European Commission reuse notice: reuse authorised with source acknowledgement,Direct field EM_GHG_SIT_2024; layer GHSL_UCDB_THEME_EMISSIONS_GLOBE_R2024A; exact definition and upstream source in ghsl_indicator_dictionary.csv and official PDF.
ghsl_698,ghsl_EM_GHG_SWA_2024,GHSL UCDB R2024A V1.2,https://jeodpp.jrc.ec.europa.eu/ftp/jrc-opendata/GHSL/GHS_UCDB_GLOBE_R2024A/GHS_UCDB_GLOBE_R2024A/V1-2/GHS_UCDB_GLOBE_R2024A_V1_2.zip,2026-09-19T08:41:50.435893+00:00,European Commission reuse notice: reuse authorised with source acknowledgement,Direct field EM_GHG_SWA_2024; layer GHSL_UCDB_THEME_EMISSIONS_GLOBE_R2024A; exact definition and upstream source in ghsl_indicator_dictionary.csv and official PDF.
ghsl_698,ghsl_EM_NOX_SAG_2024,GHSL UCDB R2024A V1.2,https://jeodpp.jrc.ec.europa.eu/ftp/jrc-opendata/GHSL/GHS_UCDB_GLOBE_R2024A/GHS_UCDB_GLOBE_R2024A/V1-2/GHS_UCDB_GLOBE_R2024A_V1_2.zip,2026-09-19T08:41:50.435893+00:00,European Commission reuse notice: reuse authorised with source acknowledgement,Direct field EM_NOX_SAG_2024; layer GHSL_UCDB_THEME_EMISSIONS_GLOBE_R2024A; exact definition and upstream source in ghsl_indicator_dictionary.csv and official PDF.
ghsl_698,ghsl_EM_NOX_SEN_2024,GHSL UCDB R2024A V1.2,https://jeodpp.jrc.ec.europa.eu/ftp/jrc-opendata/GHSL/GHS_UCDB_GLOBE_R2024A/GHS_UCDB_GLOBE_R2024A/V1-2/GHS_UCDB_GLOBE_R2024A_V1_2.zip,2026-09-19T08:41:50.435893+00:00,European Commission reuse notice: reuse authorised with source acknowledgement,Direct field EM_NOX_SEN_2024; layer GHSL_UCDB_THEME_EMISSIONS_GLOBE_R2024A; exact definition and upstream source in ghsl_indicator_dictionary.csv and official PDF.
ghsl_698,ghsl_EM_NOX_SIN_2024,GHSL UCDB R2024A V1.2,https://jeodpp.jrc.ec.europa.eu/ftp/jrc-opendata/GHSL/GHS_UCDB_GLOBE_R2024A/GHS_UCDB_GLOBE_R2024A/V1-2/GHS_UCDB_GLOBE_R2024A_V1_2.zip,2026-09-19T08:41:50.435893+00:00,European Commission reuse notice: reuse authorised with source acknowledgement,Direct field EM_NOX_SIN_2024; layer GHSL_UCDB_THEME_EMISSIONS_GLOBE_R2024A; exact definition and upstream source in ghsl_indicator_dictionary.csv and official PDF.
ghsl_698,ghsl_EM_NOX_SRE_2024,GHSL UCDB R2024A V1.2,https://jeodpp.jrc.ec.europa.eu/ftp/jrc-opendata/GHSL/GHS_UCDB_GLOBE_R2024A/GHS_UCDB_GLOBE_R2024A/V1-2/GHS_UCDB_GLOBE_R2024A_V1_2.zip,2026-09-19T08:41:50.435893+00:00,European Commission reuse notice: reuse authorised with source acknowledgement,Direct field EM_NOX_SRE_2024; layer GHSL_UCDB_THEME_EMISSIONS_GLOBE_R2024A; exact definition and upstream source in ghsl_indicator_dictionary.csv and official PDF.
ghsl_698,ghsl_EM_NOX_STR_2024,GHSL UCDB R2024A V1.2,https://jeodpp.jrc.ec.europa.eu/ftp/jrc-opendata/GHSL/GHS_UCDB_GLOBE_R2024A/GHS_UCDB_GLOBE_R2024A/V1-2/GHS_UCDB_GLOBE_R2024A_V1_2.zip,2026-09-19T08:41:50.435893+00:00,European Commission reuse notice: reuse authorised with source acknowledgement,Direct field EM_NOX_STR_2024; layer GHSL_UCDB_THEME_EMISSIONS_GLOBE_R2024A; exact definition and upstream source in ghsl_indicator_dictionary.csv and official PDF.
ghsl_698,ghsl_EM_NOX_SIT_2024,GHSL UCDB R2024A V1.2,https://jeodpp.jrc.ec.europa.eu/ftp/jrc-opendata/GHSL/GHS_UCDB_GLOBE_R2024A/GHS_UCDB_GLOBE_R2024A/V1-2/GHS_UCDB_GLOBE_R2024A_V1_2.zip,2026-09-19T08:41:50.435893+00:00,European Commission reuse notice: reuse authorised with source acknowledgement,Direct field EM_NOX_SIT_2024; layer GHSL_UCDB_THEME_EMISSIONS_GLOBE_R2024A; exact definition and upstream source in ghsl_indicator_dictionary.csv and official PDF.
ghsl_698,ghsl_EM_NOX_SWA_2024,GHSL UCDB R2024A V1.2,https://jeodpp.jrc.ec.europa.eu/ftp/jrc-opendata/GHSL/GHS_UCDB_GLOBE_R2024A/GHS_UCDB_GLOBE_R2024A/V1-2/GHS_UCDB_GLOBE_R2024A_V1_2.zip,2026-09-19T08:41:50.435893+00:00,European Commission reuse notice: reuse authorised with source acknowledgement,Direct field EM_NOX_SWA_2024; layer GHSL_UCDB_THEME_EMISSIONS_GLOBE_R2024A; exact definition and upstream source in ghsl_indicator_dictionary.csv and official PDF.
ghsl_698,ghsl_EM_PM2_SAG_2024,GHSL UCDB R2024A V1.2,https://jeodpp.jrc.ec.europa.eu/ftp/jrc-opendata/GHSL/GHS_UCDB_GLOBE_R2024A/GHS_UCDB_GLOBE_R2024A/V1-2/GHS_UCDB_GLOBE_R2024A_V1_2.zip,2026-09-19T08:41:50.435893+00:00,European Commission reuse notice: reuse authorised with source acknowledgement,Direct field EM_PM2_SAG_2024; layer GHSL_UCDB_THEME_EMISSIONS_GLOBE_R2024A; exact definition and upstream source in ghsl_indicator_dictionary.csv and official PDF.
ghsl_698,ghsl_EM_PM2_SEN_2024,GHSL UCDB R2024A V1.2,https://jeodpp.jrc.ec.europa.eu/ftp/jrc-opendata/GHSL/GHS_UCDB_GLOBE_R2024A/GHS_UCDB_GLOBE_R2024A/V1-2/GHS_UCDB_GLOBE_R2024A_V1_2.zip,2026-09-19T08:41:50.435893+00:00,European Commission reuse notice: reuse authorised with source acknowledgement,Direct field EM_PM2_SEN_2024; layer GHSL_UCDB_THEME_EMISSIONS_GLOBE_R2024A; exact definition and upstream source in ghsl_indicator_dictionary.csv and official PDF.
ghsl_698,ghsl_EM_PM2_SIN_2024,GHSL UCDB R2024A V1.2,https://jeodpp.jrc.ec.europa.eu/ftp/jrc-opendata/GHSL/GHS_UCDB_GLOBE_R2024A/GHS_UCDB_GLOBE_R2024A/V1-2/GHS_UCDB_GLOBE_R2024A_V1_2.zip,2026-09-19T08:41:50.435893+00:00,European Commission reuse notice: reuse authorised with source acknowledgement,Direct field EM_PM2_SIN_2024; layer GHSL_UCDB_THEME_EMISSIONS_GLOBE_R2024A; exact definition and upstream source in ghsl_indicator_dictionary.csv and official PDF.
ghsl_698,ghsl_EM_PM2_SRE_2024,GHSL UCDB R2024A V1.2,https://jeodpp.jrc.ec.europa.eu/ftp/jrc-opendata/GHSL/GHS_UCDB_GLOBE_R2024A/GHS_UCDB_GLOBE_R2024A/V1-2/GHS_UCDB_GLOBE_R2024A_V1_2.zip,2026-09-19T08:41:50.435893+00:00,European Commission reuse notice: reuse authorised with source acknowledgement,Direct field EM_PM2_SRE_2024; layer GHSL_UCDB_THEME_EMISSIONS_GLOBE_R2024A; exact definition and upstream source in ghsl_indicator_dictionary.csv and official PDF.
ghsl_698,ghsl_EM_PM2_STR_2024,GHSL UCDB R2024A V1.2,https://jeodpp.jrc.ec.europa.eu/ftp/jrc-opendata/GHSL/GHS_UCDB_GLOBE_R2024A/GHS_UCDB_GLOBE_R2024A/V1-2/GHS_UCDB_GLOBE_R2024A_V1_2.zip,2026-09-19T08:41:50.435893+00:00,European Commission reuse notice: reuse authorised with source acknowledgement,Direct field EM_PM2_STR_2024; layer GHSL_UCDB_THEME_EMISSIONS_GLOBE_R2024A; exact definition and upstream source in ghsl_indicator_dictionary.csv and official PDF.
ghsl_698,ghsl_EM_PM2_SIT_2024,GHSL UCDB R2024A V1.2,https://jeodpp.jrc.ec.europa.eu/ftp/jrc-opendata/GHSL/GHS_UCDB_GLOBE_R2024A/GHS_UCDB_GLOBE_R2024A/V1-2/GHS_UCDB_GLOBE_R2024A_V1_2.zip,2026-09-19T08:41:50.435893+00:00,European Commission reuse notice: reuse authorised with source acknowledgement,Direct field EM_PM2_SIT_2024; layer GHSL_UCDB_THEME_EMISSIONS_GLOBE_R2024A; exact definition and upstream source in ghsl_indicator_dictionary.csv and official PDF.
ghsl_698,ghsl_EM_PM2_CON_2020,GHSL UCDB R2024A V1.2,https://jeodpp.jrc.ec.europa.eu/ftp/jrc-opendata/GHSL/GHS_UCDB_GLOBE_R2024A/GHS_UCDB_GLOBE_R2024A/V1-2/GHS_UCDB_GLOBE_R2024A_V1_2.zip,2026-09-19T08:41:50.435893+00:00,European Commission reuse notice: reuse authorised with source acknowledgement,Direct field EM_PM2_CON_2020; layer GHSL_UCDB_THEME_EMISSIONS_GLOBE_R2024A; exact definition and upstream source in ghsl_indicator_dictionary.csv and official PDF.
ghsl_698,ghsl_EM_PM2_MOR_2020,GHSL UCDB R2024A V1.2,https://jeodpp.jrc.ec.europa.eu/ftp/jrc-opendata/GHSL/GHS_UCDB_GLOBE_R2024A/GHS_UCDB_GLOBE_R2024A/V1-2/GHS_UCDB_GLOBE_R2024A_V1_2.zip,2026-09-19T08:41:50.435893+00:00,European Commission reuse notice: reuse authorised with source acknowledgement,Direct field EM_PM2_MOR_2020; layer GHSL_UCDB_THEME_EMISSIONS_GLOBE_R2024A; exact definition and upstream source in ghsl_indicator_dictionary.csv and official PDF.
ghsl_698,ghsl_EX_010_POP_2025,GHSL UCDB R2024A V1.2,https://jeodpp.jrc.ec.europa.eu/ftp/jrc-opendata/GHSL/GHS_UCDB_GLOBE_R2024A/GHS_UCDB_GLOBE_R2024A/V1-2/GHS_UCDB_GLOBE_R2024A_V1_2.zip,2026-09-19T08:41:50.435893+00:00,European Commission reuse notice: reuse authorised with source acknowledgement,Direct field EX_010_POP_2025; layer GHSL_UCDB_THEME_EXPOSURE_GLOBE_R2024A; exact definition and upstream source in ghsl_indicator_dictionary.csv and official PDF.
ghsl_698,ghsl_EX_100_POP_2025,GHSL UCDB R2024A V1.2,https://jeodpp.jrc.ec.europa.eu/ftp/jrc-opendata/GHSL/GHS_UCDB_GLOBE_R2024A/GHS_UCDB_GLOBE_R2024A/V1-2/GHS_UCDB_GLOBE_R2024A_V1_2.zip,2026-09-19T08:41:50.435893+00:00,European Commission reuse notice: reuse authorised with source acknowledgement,Direct field EX_100_POP_2025; layer GHSL_UCDB_THEME_EXPOSURE_GLOBE_R2024A; exact definition and upstream source in ghsl_indicator_dictionary.csv and official PDF.
ghsl_698,ghsl_EX_010_SHP_2025,GHSL UCDB R2024A V1.2,https://jeodpp.jrc.ec.europa.eu/ftp/jrc-opendata/GHSL/GHS_UCDB_GLOBE_R2024A/GHS_UCDB_GLOBE_R2024A/V1-2/GHS_UCDB_GLOBE_R2024A_V1_2.zip,2026-09-19T08:41:50.435893+00:00,European Commission reuse notice: reuse authorised with source acknowledgement,Direct field EX_010_SHP_2025; layer GHSL_UCDB_THEME_EXPOSURE_GLOBE_R2024A; exact definition and upstream source in ghsl_indicator_dictionary.csv and official PDF.
ghsl_698,ghsl_EX_100_SHP_2025,GHSL UCDB R2024A V1.2,https://jeodpp.jrc.ec.europa.eu/ftp/jrc-opendata/GHSL/GHS_UCDB_GLOBE_R2024A/GHS_UCDB_GLOBE_R2024A/V1-2/GHS_UCDB_GLOBE_R2024A_V1_2.zip,2026-09-19T08:41:50.435893+00:00,European Commission reuse notice: reuse authorised with source acknowledgement,Direct field EX_100_SHP_2025; layer GHSL_UCDB_THEME_EXPOSURE_GLOBE_R2024A; exact definition and upstream source in ghsl_indicator_dictionary.csv and official PDF.
ghsl_698,ghsl_EX_010_BUS_2025,GHSL UCDB R2024A V1.2,https://jeodpp.jrc.ec.europa.eu/ftp/jrc-opendata/GHSL/GHS_UCDB_GLOBE_R2024A/GHS_UCDB_GLOBE_R2024A/V1-2/GHS_UCDB_GLOBE_R2024A_V1_2.zip,2026-09-19T08:41:50.435893+00:00,European Commission reuse notice: reuse authorised with source acknowledgement,Direct field EX_010_BUS_2025; layer GHSL_UCDB_THEME_EXPOSURE_GLOBE_R2024A; exact definition and upstream source in ghsl_indicator_dictionary.csv and official PDF.
ghsl_698,ghsl_EX_100_BUS_2025,GHSL UCDB R2024A V1.2,https://jeodpp.jrc.ec.europa.eu/ftp/jrc-opendata/GHSL/GHS_UCDB_GLOBE_R2024A/GHS_UCDB_GLOBE_R2024A/V1-2/GHS_UCDB_GLOBE_R2024A_V1_2.zip,2026-09-19T08:41:50.435893+00:00,European Commission reuse notice: reuse authorised with source acknowledgement,Direct field EX_100_BUS_2025; layer GHSL_UCDB_THEME_EXPOSURE_GLOBE_R2024A; exact definition and upstream source in ghsl_indicator_dictionary.csv and official PDF.
ghsl_698,ghsl_EX_010_SHB_2025,GHSL UCDB R2024A V1.2,https://jeodpp.jrc.ec.europa.eu/ftp/jrc-opendata/GHSL/GHS_UCDB_GLOBE_R2024A/GHS_UCDB_GLOBE_R2024A/V1-2/GHS_UCDB_GLOBE_R2024A_V1_2.zip,2026-09-19T08:41:50.435893+00:00,European Commission reuse notice: reuse authorised with source acknowledgement,Direct field EX_010_SHB_2025; layer GHSL_UCDB_THEME_EXPOSURE_GLOBE_R2024A; exact definition and upstream source in ghsl_indicator_dictionary.csv and official PDF.
ghsl_698,ghsl_EX_100_SHB_2025,GHSL UCDB R2024A V1.2,https://jeodpp.jrc.ec.europa.eu/ftp/jrc-opendata/GHSL/GHS_UCDB_GLOBE_R2024A/GHS_UCDB_GLOBE_R2024A/V1-2/GHS_UCDB_GLOBE_R2024A_V1_2.zip,2026-09-19T08:41:50.435893+00:00,European Commission reuse notice: reuse authorised with source acknowledgement,Direct field EX_100_SHB_2025; layer GHSL_UCDB_THEME_EXPOSURE_GLOBE_R2024A; exact definition and upstream source in ghsl_indicator_dictionary.csv and official PDF.
ghsl_698,ghsl_EX_010_NRE_2025,GHSL UCDB R2024A V1.2,https://jeodpp.jrc.ec.europa.eu/ftp/jrc-opendata/GHSL/GHS_UCDB_GLOBE_R2024A/GHS_UCDB_GLOBE_R2024A/V1-2/GHS_UCDB_GLOBE_R2024A_V1_2.zip,2026-09-19T08:41:50.435893+00:00,European Commission reuse notice: reuse authorised with source acknowledgement,Direct field EX_010_NRE_2025; layer GHSL_UCDB_THEME_EXPOSURE_GLOBE_R2024A; exact definition and upstream source in ghsl_indicator_dictionary.csv and official PDF.
ghsl_698,ghsl_EX_100_NRE_2025,GHSL UCDB R2024A V1.2,https://jeodpp.jrc.ec.europa.eu/ftp/jrc-opendata/GHSL/GHS_UCDB_GLOBE_R2024A/GHS_UCDB_GLOBE_R2024A/V1-2/GHS_UCDB_GLOBE_R2024A_V1_2.zip,2026-09-19T08:41:50.435893+00:00,European Commission reuse notice: reuse authorised with source acknowledgement,Direct field EX_100_NRE_2025; layer GHSL_UCDB_THEME_EXPOSURE_GLOBE_R2024A; exact definition and upstream source in ghsl_indicator_dictionary.csv and official PDF.
ghsl_698,ghsl_EX_010_SNR_2025,GHSL UCDB R2024A V1.2,https://jeodpp.jrc.ec.europa.eu/ftp/jrc-opendata/GHSL/GHS_UCDB_GLOBE_R2024A/GHS_UCDB_GLOBE_R2024A/V1-2/GHS_UCDB_GLOBE_R2024A_V1_2.zip,2026-09-19T08:41:50.435893+00:00,European Commission reuse notice: reuse authorised with source acknowledgement,Direct field EX_010_SNR_2025; layer GHSL_UCDB_THEME_EXPOSURE_GLOBE_R2024A; exact definition and upstream source in ghsl_indicator_dictionary.csv and official PDF.
ghsl_698,ghsl_EX_100_SNR_2025,GHSL UCDB R2024A V1.2,https://jeodpp.jrc.ec.europa.eu/ftp/jrc-opendata/GHSL/GHS_UCDB_GLOBE_R2024A/GHS_UCDB_GLOBE_R2024A/V1-2/GHS_UCDB_GLOBE_R2024A_V1_2.zip,2026-09-19T08:41:50.435893+00:00,European Commission reuse notice: reuse authorised with source acknowledgement,Direct field EX_100_SNR_2025; layer GHSL_UCDB_THEME_EXPOSURE_GLOBE_R2024A; exact definition and upstream source in ghsl_indicator_dictionary.csv and official PDF.
ghsl_698,ghsl_EX_E01_POP_2025,GHSL UCDB R2024A V1.2,https://jeodpp.jrc.ec.europa.eu/ftp/jrc-opendata/GHSL/GHS_UCDB_GLOBE_R2024A/GHS_UCDB_GLOBE_R2024A/V1-2/GHS_UCDB_GLOBE_R2024A_V1_2.zip,2026-09-19T08:41:50.435893+00:00,European Commission reuse notice: reuse authorised with source acknowledgement,Direct field EX_E01_POP_2025; layer GHSL_UCDB_THEME_EXPOSURE_GLOBE_R2024A; exact definition and upstream source in ghsl_indicator_dictionary.csv and official PDF.
ghsl_698,ghsl_EX_E02_POP_2025,GHSL UCDB R2024A V1.2,https://jeodpp.jrc.ec.europa.eu/ftp/jrc-opendata/GHSL/GHS_UCDB_GLOBE_R2024A/GHS_UCDB_GLOBE_R2024A/V1-2/GHS_UCDB_GLOBE_R2024A_V1_2.zip,2026-09-19T08:41:50.435893+00:00,European Commission reuse notice: reuse authorised with source acknowledgement,Direct field EX_E02_POP_2025; layer GHSL_UCDB_THEME_EXPOSURE_GLOBE_R2024A; exact definition and upstream source in ghsl_indicator_dictionary.csv and official PDF.
ghsl_698,ghsl_EX_E04_POP_2025,GHSL UCDB R2024A V1.2,https://jeodpp.jrc.ec.europa.eu/ftp/jrc-opendata/GHSL/GHS_UCDB_GLOBE_R2024A/GHS_UCDB_GLOBE_R2024A/V1-2/GHS_UCDB_GLOBE_R2024A_V1_2.zip,2026-09-19T08:41:50.435893+00:00,European Commission reuse notice: reuse authorised with source acknowledgement,Direct field EX_E04_POP_2025; layer GHSL_UCDB_THEME_EXPOSURE_GLOBE_R2024A; exact definition and upstream source in ghsl_indicator_dictionary.csv and official PDF.
ghsl_698,ghsl_EX_E05_POP_2025,GHSL UCDB R2024A V1.2,https://jeodpp.jrc.ec.europa.eu/ftp/jrc-opendata/GHSL/GHS_UCDB_GLOBE_R2024A/GHS_UCDB_GLOBE_R2024A/V1-2/GHS_UCDB_GLOBE_R2024A_V1_2.zip,2026-09-19T08:41:50.435893+00:00,European Commission reuse notice: reuse authorised with source acknowledgement,Direct field EX_E05_POP_2025; layer GHSL_UCDB_THEME_EXPOSURE_GLOBE_R2024A; exact definition and upstream source in ghsl_indicator_dictionary.csv and official PDF.
ghsl_698,ghsl_EX_E06_POP_2025,GHSL UCDB R2024A V1.2,https://jeodpp.jrc.ec.europa.eu/ftp/jrc-opendata/GHSL/GHS_UCDB_GLOBE_R2024A/GHS_UCDB_GLOBE_R2024A/V1-2/GHS_UCDB_GLOBE_R2024A_V1_2.zip,2026-09-19T08:41:50.435893+00:00,European Commission reuse notice: reuse authorised with source acknowledgement,Direct field EX_E06_POP_2025; layer GHSL_UCDB_THEME_EXPOSURE_GLOBE_R2024A; exact definition and upstream source in ghsl_indicator_dictionary.csv and official PDF.
ghsl_698,ghsl_EX_E07_POP_2025,GHSL UCDB R2024A V1.2,https://jeodpp.jrc.ec.europa.eu/ftp/jrc-opendata/GHSL/GHS_UCDB_GLOBE_R2024A/GHS_UCDB_GLOBE_R2024A/V1-2/GHS_UCDB_GLOBE_R2024A_V1_2.zip,2026-09-19T08:41:50.435893+00:00,European Commission reuse notice: reuse authorised with source acknowledgement,Direct field EX_E07_POP_2025; layer GHSL_UCDB_THEME_EXPOSURE_GLOBE_R2024A; exact definition and upstream source in ghsl_indicator_dictionary.csv and official PDF.
ghsl_698,ghsl_EX_E08_POP_2025,GHSL UCDB R2024A V1.2,https://jeodpp.jrc.ec.europa.eu/ftp/jrc-opendata/GHSL/GHS_UCDB_GLOBE_R2024A/GHS_UCDB_GLOBE_R2024A/V1-2/GHS_UCDB_GLOBE_R2024A_V1_2.zip,2026-09-19T08:41:50.435893+00:00,European Commission reuse notice: reuse authorised with source acknowledgement,Direct field EX_E08_POP_2025; layer GHSL_UCDB_THEME_EXPOSURE_GLOBE_R2024A; exact definition and upstream source in ghsl_indicator_dictionary.csv and official PDF.
ghsl_698,ghsl_EX_E09_POP_2025,GHSL UCDB R2024A V1.2,https://jeodpp.jrc.ec.europa.eu/ftp/jrc-opendata/GHSL/GHS_UCDB_GLOBE_R2024A/GHS_UCDB_GLOBE_R2024A/V1-2/GHS_UCDB_GLOBE_R2024A_V1_2.zip,2026-09-19T08:41:50.435893+00:00,European Commission reuse notice: reuse authorised with source acknowledgement,Direct field EX_E09_POP_2025; layer GHSL_UCDB_THEME_EXPOSURE_GLOBE_R2024A; exact definition and upstream source in ghsl_indicator_dictionary.csv and official PDF.
ghsl_698,ghsl_EX_E10_POP_2025,GHSL UCDB R2024A V1.2,https://jeodpp.jrc.ec.europa.eu/ftp/jrc-opendata/GHSL/GHS_UCDB_GLOBE_R2024A/GHS_UCDB_GLOBE_R2024A/V1-2/GHS_UCDB_GLOBE_R2024A_V1_2.zip,2026-09-19T08:41:50.435893+00:00,European Commission reuse notice: reuse authorised with source acknowledgement,Direct field EX_E10_POP_2025; layer GHSL_UCDB_THEME_EXPOSURE_GLOBE_R2024A; exact definition and upstream source in ghsl_indicator_dictionary.csv and official PDF.
ghsl_698,ghsl_EX_SHA_POP_2025,GHSL UCDB R2024A V1.2,https://jeodpp.jrc.ec.europa.eu/ftp/jrc-opendata/GHSL/GHS_UCDB_GLOBE_R2024A/GHS_UCDB_GLOBE_R2024A/V1-2/GHS_UCDB_GLOBE_R2024A_V1_2.zip,2026-09-19T08:41:50.435893+00:00,European Commission reuse notice: reuse authorised with source acknowledgement,Direct field EX_SHA_POP_2025; layer GHSL_UCDB_THEME_EXPOSURE_GLOBE_R2024A; exact definition and upstream source in ghsl_indicator_dictionary.csv and official PDF.
ghsl_698,ghsl_EX_E01_BUS_2025,GHSL UCDB R2024A V1.2,https://jeodpp.jrc.ec.europa.eu/ftp/jrc-opendata/GHSL/GHS_UCDB_GLOBE_R2024A/GHS_UCDB_GLOBE_R2024A/V1-2/GHS_UCDB_GLOBE_R2024A_V1_2.zip,2026-09-19T08:41:50.435893+00:00,European Commission reuse notice: reuse authorised with source acknowledgement,Direct field EX_E01_BUS_2025; layer GHSL_UCDB_THEME_EXPOSURE_GLOBE_R2024A; exact definition and upstream source in ghsl_indicator_dictionary.csv and official PDF.
ghsl_698,ghsl_EX_E02_BUS_2025,GHSL UCDB R2024A V1.2,https://jeodpp.jrc.ec.europa.eu/ftp/jrc-opendata/GHSL/GHS_UCDB_GLOBE_R2024A/GHS_UCDB_GLOBE_R2024A/V1-2/GHS_UCDB_GLOBE_R2024A_V1_2.zip,2026-09-19T08:41:50.435893+00:00,European Commission reuse notice: reuse authorised with source acknowledgement,Direct field EX_E02_BUS_2025; layer GHSL_UCDB_THEME_EXPOSURE_GLOBE_R2024A; exact definition and upstream source in ghsl_indicator_dictionary.csv and official PDF.
ghsl_698,ghsl_EX_E04_BUS_2025,GHSL UCDB R2024A V1.2,https://jeodpp.jrc.ec.europa.eu/ftp/jrc-opendata/GHSL/GHS_UCDB_GLOBE_R2024A/GHS_UCDB_GLOBE_R2024A/V1-2/GHS_UCDB_GLOBE_R2024A_V1_2.zip,2026-09-19T08:41:50.435893+00:00,European Commission reuse notice: reuse authorised with source acknowledgement,Direct field EX_E04_BUS_2025; layer GHSL_UCDB_THEME_EXPOSURE_GLOBE_R2024A; exact definition and upstream source in ghsl_indicator_dictionary.csv and official PDF.
ghsl_698,ghsl_EX_E05_BUS_2025,GHSL UCDB R2024A V1.2,https://jeodpp.jrc.ec.europa.eu/ftp/jrc-opendata/GHSL/GHS_UCDB_GLOBE_R2024A/GHS_UCDB_GLOBE_R2024A/V1-2/GHS_UCDB_GLOBE_R2024A_V1_2.zip,2026-09-19T08:41:50.435893+00:00,European Commission reuse notice: reuse authorised with source acknowledgement,Direct field EX_E05_BUS_2025; layer GHSL_UCDB_THEME_EXPOSURE_GLOBE_R2024A; exact definition and upstream source in ghsl_indicator_dictionary.csv and official PDF.
ghsl_698,ghsl_EX_E06_BUS_2025,GHSL UCDB R2024A V1.2,https://jeodpp.jrc.ec.europa.eu/ftp/jrc-opendata/GHSL/GHS_UCDB_GLOBE_R2024A/GHS_UCDB_GLOBE_R2024A/V1-2/GHS_UCDB_GLOBE_R2024A_V1_2.zip,2026-09-19T08:41:50.435893+00:00,European Commission reuse notice: reuse authorised with source acknowledgement,Direct field EX_E06_BUS_2025; layer GHSL_UCDB_THEME_EXPOSURE_GLOBE_R2024A; exact definition and upstream source in ghsl_indicator_dictionary.csv and official PDF.
ghsl_698,ghsl_EX_E07_BUS_2025,GHSL UCDB R2024A V1.2,https://jeodpp.jrc.ec.europa.eu/ftp/jrc-opendata/GHSL/GHS_UCDB_GLOBE_R2024A/GHS_UCDB_GLOBE_R2024A/V1-2/GHS_UCDB_GLOBE_R2024A_V1_2.zip,2026-09-19T08:41:50.435893+00:00,European Commission reuse notice: reuse authorised with source acknowledgement,Direct field EX_E07_BUS_2025; layer GHSL_UCDB_THEME_EXPOSURE_GLOBE_R2024A; exact definition and upstream source in ghsl_indicator_dictionary.csv and official PDF.
ghsl_698,ghsl_EX_E08_BUS_2025,GHSL UCDB R2024A V1.2,https://jeodpp.jrc.ec.europa.eu/ftp/jrc-opendata/GHSL/GHS_UCDB_GLOBE_R2024A/GHS_UCDB_GLOBE_R2024A/V1-2/GHS_UCDB_GLOBE_R2024A_V1_2.zip,2026-09-19T08:41:50.435893+00:00,European Commission reuse notice: reuse authorised with source acknowledgement,Direct field EX_E08_BUS_2025; layer GHSL_UCDB_THEME_EXPOSURE_GLOBE_R2024A; exact definition and upstream source in ghsl_indicator_dictionary.csv and official PDF.
ghsl_698,ghsl_EX_E09_BUS_2025,GHSL UCDB R2024A V1.2,https://jeodpp.jrc.ec.europa.eu/ftp/jrc-opendata/GHSL/GHS_UCDB_GLOBE_R2024A/GHS_UCDB_GLOBE_R2024A/V1-2/GHS_UCDB_GLOBE_R2024A_V1_2.zip,2026-09-19T08:41:50.435893+00:00,European Commission reuse notice: reuse authorised with source acknowledgement,Direct field EX_E09_BUS_2025; layer GHSL_UCDB_THEME_EXPOSURE_GLOBE_R2024A; exact definition and upstream source in ghsl_indicator_dictionary.csv and official PDF.
ghsl_698,ghsl_EX_E10_BUS_2025,GHSL UCDB R2024A V1.2,https://jeodpp.jrc.ec.europa.eu/ftp/jrc-opendata/GHSL/GHS_UCDB_GLOBE_R2024A/GHS_UCDB_GLOBE_R2024A/V1-2/GHS_UCDB_GLOBE_R2024A_V1_2.zip,2026-09-19T08:41:50.435893+00:00,European Commission reuse notice: reuse authorised with source acknowledgement,Direct field EX_E10_BUS_2025; layer GHSL_UCDB_THEME_EXPOSURE_GLOBE_R2024A; exact definition and upstream source in ghsl_indicator_dictionary.csv and official PDF.
ghsl_698,ghsl_EX_SHA_BUS_2025,GHSL UCDB R2024A V1.2,https://jeodpp.jrc.ec.europa.eu/ftp/jrc-opendata/GHSL/GHS_UCDB_GLOBE_R2024A/GHS_UCDB_GLOBE_R2024A/V1-2/GHS_UCDB_GLOBE_R2024A_V1_2.zip,2026-09-19T08:41:50.435893+00:00,European Commission reuse notice: reuse authorised with source acknowledgement,Direct field EX_SHA_BUS_2025; layer GHSL_UCDB_THEME_EXPOSURE_GLOBE_R2024A; exact definition and upstream source in ghsl_indicator_dictionary.csv and official PDF.
ghsl_698,ghsl_EX_E01_NRE_2025,GHSL UCDB R2024A V1.2,https://jeodpp.jrc.ec.europa.eu/ftp/jrc-opendata/GHSL/GHS_UCDB_GLOBE_R2024A/GHS_UCDB_GLOBE_R2024A/V1-2/GHS_UCDB_GLOBE_R2024A_V1_2.zip,2026-09-19T08:41:50.435893+00:00,European Commission reuse notice: reuse authorised with source acknowledgement,Direct field EX_E01_NRE_2025; layer GHSL_UCDB_THEME_EXPOSURE_GLOBE_R2024A; exact definition and upstream source in ghsl_indicator_dictionary.csv and official PDF.
ghsl_698,ghsl_EX_E02_NRE_2025,GHSL UCDB R2024A V1.2,https://jeodpp.jrc.ec.europa.eu/ftp/jrc-opendata/GHSL/GHS_UCDB_GLOBE_R2024A/GHS_UCDB_GLOBE_R2024A/V1-2/GHS_UCDB_GLOBE_R2024A_V1_2.zip,2026-09-19T08:41:50.435893+00:00,European Commission reuse notice: reuse authorised with source acknowledgement,Direct field EX_E02_NRE_2025; layer GHSL_UCDB_THEME_EXPOSURE_GLOBE_R2024A; exact definition and upstream source in ghsl_indicator_dictionary.csv and official PDF.
ghsl_698,ghsl_EX_E04_NRE_2025,GHSL UCDB R2024A V1.2,https://jeodpp.jrc.ec.europa.eu/ftp/jrc-opendata/GHSL/GHS_UCDB_GLOBE_R2024A/GHS_UCDB_GLOBE_R2024A/V1-2/GHS_UCDB_GLOBE_R2024A_V1_2.zip,2026-09-19T08:41:50.435893+00:00,European Commission reuse notice: reuse authorised with source acknowledgement,Direct field EX_E04_NRE_2025; layer GHSL_UCDB_THEME_EXPOSURE_GLOBE_R2024A; exact definition and upstream source in ghsl_indicator_dictionary.csv and official PDF.
ghsl_698,ghsl_EX_E05_NRE_2025,GHSL UCDB R2024A V1.2,https://jeodpp.jrc.ec.europa.eu/ftp/jrc-opendata/GHSL/GHS_UCDB_GLOBE_R2024A/GHS_UCDB_GLOBE_R2024A/V1-2/GHS_UCDB_GLOBE_R2024A_V1_2.zip,2026-09-19T08:41:50.435893+00:00,European Commission reuse notice: reuse authorised with source acknowledgement,Direct field EX_E05_NRE_2025; layer GHSL_UCDB_THEME_EXPOSURE_GLOBE_R2024A; exact definition and upstream source in ghsl_indicator_dictionary.csv and official PDF.
ghsl_698,ghsl_EX_E06_NRE_2025,GHSL UCDB R2024A V1.2,https://jeodpp.jrc.ec.europa.eu/ftp/jrc-opendata/GHSL/GHS_UCDB_GLOBE_R2024A/GHS_UCDB_GLOBE_R2024A/V1-2/GHS_UCDB_GLOBE_R2024A_V1_2.zip,2026-09-19T08:41:50.435893+00:00,European Commission reuse notice: reuse authorised with source acknowledgement,Direct field EX_E06_NRE_2025; layer GHSL_UCDB_THEME_EXPOSURE_GLOBE_R2024A; exact definition and upstream source in ghsl_indicator_dictionary.csv and official PDF.
ghsl_698,ghsl_EX_E07_NRE_2025,GHSL UCDB R2024A V1.2,https://jeodpp.jrc.ec.europa.eu/ftp/jrc-opendata/GHSL/GHS_UCDB_GLOBE_R2024A/GHS_UCDB_GLOBE_R2024A/V1-2/GHS_UCDB_GLOBE_R2024A_V1_2.zip,2026-09-19T08:41:50.435893+00:00,European Commission reuse notice: reuse authorised with source acknowledgement,Direct field EX_E07_NRE_2025; layer GHSL_UCDB_THEME_EXPOSURE_GLOBE_R2024A; exact definition and upstream source in ghsl_indicator_dictionary.csv and official PDF.
ghsl_698,ghsl_EX_E08_NRE_2025,GHSL UCDB R2024A V1.2,https://jeodpp.jrc.ec.europa.eu/ftp/jrc-opendata/GHSL/GHS_UCDB_GLOBE_R2024A/GHS_UCDB_GLOBE_R2024A/V1-2/GHS_UCDB_GLOBE_R2024A_V1_2.zip,2026-09-19T08:41:50.435893+00:00,European Commission reuse notice: reuse authorised with source acknowledgement,Direct field EX_E08_NRE_2025; layer GHSL_UCDB_THEME_EXPOSURE_GLOBE_R2024A; exact definition and upstream source in ghsl_indicator_dictionary.csv and official PDF.
ghsl_698,ghsl_EX_E09_NRE_2025,GHSL UCDB R2024A V1.2,https://jeodpp.jrc.ec.europa.eu/ftp/jrc-opendata/GHSL/GHS_UCDB_GLOBE_R2024A/GHS_UCDB_GLOBE_R2024A/V1-2/GHS_UCDB_GLOBE_R2024A_V1_2.zip,2026-09-19T08:41:50.435893+00:00,European Commission reuse notice: reuse authorised with source acknowledgement,Direct field EX_E09_NRE_2025; layer GHSL_UCDB_THEME_EXPOSURE_GLOBE_R2024A; exact definition and upstream source in ghsl_indicator_dictionary.csv and official PDF.
ghsl_698,ghsl_EX_E10_NRE_2025,GHSL UCDB R2024A V1.2,https://jeodpp.jrc.ec.europa.eu/ftp/jrc-opendata/GHSL/GHS_UCDB_GLOBE_R2024A/GHS_UCDB_GLOBE_R2024A/V1-2/GHS_UCDB_GLOBE_R2024A_V1_2.zip,2026-09-19T08:41:50.435893+00:00,European Commission reuse notice: reuse authorised with source acknowledgement,Direct field EX_E10_NRE_2025; layer GHSL_UCDB_THEME_EXPOSURE_GLOBE_R2024A; exact definition and upstream source in ghsl_indicator_dictionary.csv and official PDF.
ghsl_698,ghsl_EX_SHA_NRE_2025,GHSL UCDB R2024A V1.2,https://jeodpp.jrc.ec.europa.eu/ftp/jrc-opendata/GHSL/GHS_UCDB_GLOBE_R2024A/GHS_UCDB_GLOBE_R2024A/V1-2/GHS_UCDB_GLOBE_R2024A_V1_2.zip,2026-09-19T08:41:50.435893+00:00,European Commission reuse notice: reuse authorised with source acknowledgement,Direct field EX_SHA_NRE_2025; layer GHSL_UCDB_THEME_EXPOSURE_GLOBE_R2024A; exact definition and upstream source in ghsl_indicator_dictionary.csv and official PDF.
ghsl_698,ghsl_EX_020_S1P_2025,GHSL UCDB R2024A V1.2,https://jeodpp.jrc.ec.europa.eu/ftp/jrc-opendata/GHSL/GHS_UCDB_GLOBE_R2024A/GHS_UCDB_GLOBE_R2024A/V1-2/GHS_UCDB_GLOBE_R2024A_V1_2.zip,2026-09-19T08:41:50.435893+00:00,European Commission reuse notice: reuse authorised with source acknowledgement,Direct field EX_020_S1P_2025; layer GHSL_UCDB_THEME_EXPOSURE_GLOBE_R2024A; exact definition and upstream source in ghsl_indicator_dictionary.csv and official PDF.
ghsl_698,ghsl_EX_100_S1P_2025,GHSL UCDB R2024A V1.2,https://jeodpp.jrc.ec.europa.eu/ftp/jrc-opendata/GHSL/GHS_UCDB_GLOBE_R2024A/GHS_UCDB_GLOBE_R2024A/V1-2/GHS_UCDB_GLOBE_R2024A_V1_2.zip,2026-09-19T08:41:50.435893+00:00,European Commission reuse notice: reuse authorised with source acknowledgement,Direct field EX_100_S1P_2025; layer GHSL_UCDB_THEME_EXPOSURE_GLOBE_R2024A; exact definition and upstream source in ghsl_indicator_dictionary.csv and official PDF.
ghsl_698,ghsl_EX_400_S1P_2025,GHSL UCDB R2024A V1.2,https://jeodpp.jrc.ec.europa.eu/ftp/jrc-opendata/GHSL/GHS_UCDB_GLOBE_R2024A/GHS_UCDB_GLOBE_R2024A/V1-2/GHS_UCDB_GLOBE_R2024A_V1_2.zip,2026-09-19T08:41:50.435893+00:00,European Commission reuse notice: reuse authorised with source acknowledgement,Direct field EX_400_S1P_2025; layer GHSL_UCDB_THEME_EXPOSURE_GLOBE_R2024A; exact definition and upstream source in ghsl_indicator_dictionary.csv and official PDF.
ghsl_698,ghsl_EX_400_S3P_2025,GHSL UCDB R2024A V1.2,https://jeodpp.jrc.ec.europa.eu/ftp/jrc-opendata/GHSL/GHS_UCDB_GLOBE_R2024A/GHS_UCDB_GLOBE_R2024A/V1-2/GHS_UCDB_GLOBE_R2024A_V1_2.zip,2026-09-19T08:41:50.435893+00:00,European Commission reuse notice: reuse authorised with source acknowledgement,Direct field EX_400_S3P_2025; layer GHSL_UCDB_THEME_EXPOSURE_GLOBE_R2024A; exact definition and upstream source in ghsl_indicator_dictionary.csv and official PDF.
ghsl_698,ghsl_EX_020_S1B_2025,GHSL UCDB R2024A V1.2,https://jeodpp.jrc.ec.europa.eu/ftp/jrc-opendata/GHSL/GHS_UCDB_GLOBE_R2024A/GHS_UCDB_GLOBE_R2024A/V1-2/GHS_UCDB_GLOBE_R2024A_V1_2.zip,2026-09-19T08:41:50.435893+00:00,European Commission reuse notice: reuse authorised with source acknowledgement,Direct field EX_020_S1B_2025; layer GHSL_UCDB_THEME_EXPOSURE_GLOBE_R2024A; exact definition and upstream source in ghsl_indicator_dictionary.csv and official PDF.
ghsl_698,ghsl_EX_100_S1B_2025,GHSL UCDB R2024A V1.2,https://jeodpp.jrc.ec.europa.eu/ftp/jrc-opendata/GHSL/GHS_UCDB_GLOBE_R2024A/GHS_UCDB_GLOBE_R2024A/V1-2/GHS_UCDB_GLOBE_R2024A_V1_2.zip,2026-09-19T08:41:50.435893+00:00,European Commission reuse notice: reuse authorised with source acknowledgement,Direct field EX_100_S1B_2025; layer GHSL_UCDB_THEME_EXPOSURE_GLOBE_R2024A; exact definition and upstream source in ghsl_indicator_dictionary.csv and official PDF.
ghsl_698,ghsl_EX_400_S1B_2025,GHSL UCDB R2024A V1.2,https://jeodpp.jrc.ec.europa.eu/ftp/jrc-opendata/GHSL/GHS_UCDB_GLOBE_R2024A/GHS_UCDB_GLOBE_R2024A/V1-2/GHS_UCDB_GLOBE_R2024A_V1_2.zip,2026-09-19T08:41:50.435893+00:00,European Commission reuse notice: reuse authorised with source acknowledgement,Direct field EX_400_S1B_2025; layer GHSL_UCDB_THEME_EXPOSURE_GLOBE_R2024A; exact definition and upstream source in ghsl_indicator_dictionary.csv and official PDF.
ghsl_698,ghsl_EX_400_S3B_2025,GHSL UCDB R2024A V1.2,https://jeodpp.jrc.ec.europa.eu/ftp/jrc-opendata/GHSL/GHS_UCDB_GLOBE_R2024A/GHS_UCDB_GLOBE_R2024A/V1-2/GHS_UCDB_GLOBE_R2024A_V1_2.zip,2026-09-19T08:41:50.435893+00:00,European Commission reuse notice: reuse authorised with source acknowledgement,Direct field EX_400_S3B_2025; layer GHSL_UCDB_THEME_EXPOSURE_GLOBE_R2024A; exact definition and upstream source in ghsl_indicator_dictionary.csv and official PDF.
ghsl_698,ghsl_EX_20_S1N_2025,GHSL UCDB R2024A V1.2,https://jeodpp.jrc.ec.europa.eu/ftp/jrc-opendata/GHSL/GHS_UCDB_GLOBE_R2024A/GHS_UCDB_GLOBE_R2024A/V1-2/GHS_UCDB_GLOBE_R2024A_V1_2.zip,2026-09-19T08:41:50.435893+00:00,European Commission reuse notice: reuse authorised with source acknowledgement,Direct field EX_20_S1N_2025; layer GHSL_UCDB_THEME_EXPOSURE_GLOBE_R2024A; exact definition and upstream source in ghsl_indicator_dictionary.csv and official PDF.
ghsl_698,ghsl_EX_100_S1N_2025,GHSL UCDB R2024A V1.2,https://jeodpp.jrc.ec.europa.eu/ftp/jrc-opendata/GHSL/GHS_UCDB_GLOBE_R2024A/GHS_UCDB_GLOBE_R2024A/V1-2/GHS_UCDB_GLOBE_R2024A_V1_2.zip,2026-09-19T08:41:50.435893+00:00,European Commission reuse notice: reuse authorised with source acknowledgement,Direct field EX_100_S1N_2025; layer GHSL_UCDB_THEME_EXPOSURE_GLOBE_R2024A; exact definition and upstream source in ghsl_indicator_dictionary.csv and official PDF.
ghsl_698,ghsl_EX_400_S1N_2025,GHSL UCDB R2024A V1.2,https://jeodpp.jrc.ec.europa.eu/ftp/jrc-opendata/GHSL/GHS_UCDB_GLOBE_R2024A/GHS_UCDB_GLOBE_R2024A/V1-2/GHS_UCDB_GLOBE_R2024A_V1_2.zip,2026-09-19T08:41:50.435893+00:00,European Commission reuse notice: reuse authorised with source acknowledgement,Direct field EX_400_S1N_2025; layer GHSL_UCDB_THEME_EXPOSURE_GLOBE_R2024A; exact definition and upstream source in ghsl_indicator_dictionary.csv and official PDF.
ghsl_698,ghsl_EX_400_S3N_2025,GHSL UCDB R2024A V1.2,https://jeodpp.jrc.ec.europa.eu/ftp/jrc-opendata/GHSL/GHS_UCDB_GLOBE_R2024A/GHS_UCDB_GLOBE_R2024A/V1-2/GHS_UCDB_GLOBE_R2024A_V1_2.zip,2026-09-19T08:41:50.435893+00:00,European Commission reuse notice: reuse authorised with source acknowledgement,Direct field EX_400_S3N_2025; layer GHSL_UCDB_THEME_EXPOSURE_GLOBE_R2024A; exact definition and upstream source in ghsl_indicator_dictionary.csv and official PDF.
ghsl_698,ghsl_EX_CF2_POP_2025,GHSL UCDB R2024A V1.2,https://jeodpp.jrc.ec.europa.eu/ftp/jrc-opendata/GHSL/GHS_UCDB_GLOBE_R2024A/GHS_UCDB_GLOBE_R2024A/V1-2/GHS_UCDB_GLOBE_R2024A_V1_2.zip,2026-09-19T08:41:50.435893+00:00,European Commission reuse notice: reuse authorised with source acknowledgement,Direct field EX_CF2_POP_2025; layer GHSL_UCDB_THEME_EXPOSURE_GLOBE_R2024A; exact definition and upstream source in ghsl_indicator_dictionary.csv and official PDF.
ghsl_698,ghsl_EX_CF1_POP_2025,GHSL UCDB R2024A V1.2,https://jeodpp.jrc.ec.europa.eu/ftp/jrc-opendata/GHSL/GHS_UCDB_GLOBE_R2024A/GHS_UCDB_GLOBE_R2024A/V1-2/GHS_UCDB_GLOBE_R2024A_V1_2.zip,2026-09-19T08:41:50.435893+00:00,European Commission reuse notice: reuse authorised with source acknowledgement,Direct field EX_CF1_POP_2025; layer GHSL_UCDB_THEME_EXPOSURE_GLOBE_R2024A; exact definition and upstream source in ghsl_indicator_dictionary.csv and official PDF.
ghsl_698,ghsl_EX_CF2_BUS_2025,GHSL UCDB R2024A V1.2,https://jeodpp.jrc.ec.europa.eu/ftp/jrc-opendata/GHSL/GHS_UCDB_GLOBE_R2024A/GHS_UCDB_GLOBE_R2024A/V1-2/GHS_UCDB_GLOBE_R2024A_V1_2.zip,2026-09-19T08:41:50.435893+00:00,European Commission reuse notice: reuse authorised with source acknowledgement,Direct field EX_CF2_BUS_2025; layer GHSL_UCDB_THEME_EXPOSURE_GLOBE_R2024A; exact definition and upstream source in ghsl_indicator_dictionary.csv and official PDF.
ghsl_698,ghsl_EX_CF1_BUS_2025,GHSL UCDB R2024A V1.2,https://jeodpp.jrc.ec.europa.eu/ftp/jrc-opendata/GHSL/GHS_UCDB_GLOBE_R2024A/GHS_UCDB_GLOBE_R2024A/V1-2/GHS_UCDB_GLOBE_R2024A_V1_2.zip,2026-09-19T08:41:50.435893+00:00,European Commission reuse notice: reuse authorised with source acknowledgement,Direct field EX_CF1_BUS_2025; layer GHSL_UCDB_THEME_EXPOSURE_GLOBE_R2024A; exact definition and upstream source in ghsl_indicator_dictionary.csv and official PDF.
ghsl_698,ghsl_EX_CF2_NRE_2025,GHSL UCDB R2024A V1.2,https://jeodpp.jrc.ec.europa.eu/ftp/jrc-opendata/GHSL/GHS_UCDB_GLOBE_R2024A/GHS_UCDB_GLOBE_R2024A/V1-2/GHS_UCDB_GLOBE_R2024A_V1_2.zip,2026-09-19T08:41:50.435893+00:00,European Commission reuse notice: reuse authorised with source acknowledgement,Direct field EX_CF2_NRE_2025; layer GHSL_UCDB_THEME_EXPOSURE_GLOBE_R2024A; exact definition and upstream source in ghsl_indicator_dictionary.csv and official PDF.
ghsl_698,ghsl_EX_CF1_NRE_2025,GHSL UCDB R2024A V1.2,https://jeodpp.jrc.ec.europa.eu/ftp/jrc-opendata/GHSL/GHS_UCDB_GLOBE_R2024A/GHS_UCDB_GLOBE_R2024A/V1-2/GHS_UCDB_GLOBE_R2024A_V1_2.zip,2026-09-19T08:41:50.435893+00:00,European Commission reuse notice: reuse authorised with source acknowledgement,Direct field EX_CF1_NRE_2025; layer GHSL_UCDB_THEME_EXPOSURE_GLOBE_R2024A; exact definition and upstream source in ghsl_indicator_dictionary.csv and official PDF.
ghsl_698,ghsl_EX_CF2_SHP_2025,GHSL UCDB R2024A V1.2,https://jeodpp.jrc.ec.europa.eu/ftp/jrc-opendata/GHSL/GHS_UCDB_GLOBE_R2024A/GHS_UCDB_GLOBE_R2024A/V1-2/GHS_UCDB_GLOBE_R2024A_V1_2.zip,2026-09-19T08:41:50.435893+00:00,European Commission reuse notice: reuse authorised with source acknowledgement,Direct field EX_CF2_SHP_2025; layer GHSL_UCDB_THEME_EXPOSURE_GLOBE_R2024A; exact definition and upstream source in ghsl_indicator_dictionary.csv and official PDF.
ghsl_698,ghsl_EX_CF1_SHP_2025,GHSL UCDB R2024A V1.2,https://jeodpp.jrc.ec.europa.eu/ftp/jrc-opendata/GHSL/GHS_UCDB_GLOBE_R2024A/GHS_UCDB_GLOBE_R2024A/V1-2/GHS_UCDB_GLOBE_R2024A_V1_2.zip,2026-09-19T08:41:50.435893+00:00,European Commission reuse notice: reuse authorised with source acknowledgement,Direct field EX_CF1_SHP_2025; layer GHSL_UCDB_THEME_EXPOSURE_GLOBE_R2024A; exact definition and upstream source in ghsl_indicator_dictionary.csv and official PDF.
ghsl_698,ghsl_EX_CF2_SHB_2025,GHSL UCDB R2024A V1.2,https://jeodpp.jrc.ec.europa.eu/ftp/jrc-opendata/GHSL/GHS_UCDB_GLOBE_R2024A/GHS_UCDB_GLOBE_R2024A/V1-2/GHS_UCDB_GLOBE_R2024A_V1_2.zip,2026-09-19T08:41:50.435893+00:00,European Commission reuse notice: reuse authorised with source acknowledgement,Direct field EX_CF2_SHB_2025; layer GHSL_UCDB_THEME_EXPOSURE_GLOBE_R2024A; exact definition and upstream source in ghsl_indicator_dictionary.csv and official PDF.
ghsl_698,ghsl_EX_CF1_SHB_2025,GHSL UCDB R2024A V1.2,https://jeodpp.jrc.ec.europa.eu/ftp/jrc-opendata/GHSL/GHS_UCDB_GLOBE_R2024A/GHS_UCDB_GLOBE_R2024A/V1-2/GHS_UCDB_GLOBE_R2024A_V1_2.zip,2026-09-19T08:41:50.435893+00:00,European Commission reuse notice: reuse authorised with source acknowledgement,Direct field EX_CF1_SHB_2025; layer GHSL_UCDB_THEME_EXPOSURE_GLOBE_R2024A; exact definition and upstream source in ghsl_indicator_dictionary.csv and official PDF.
ghsl_698,ghsl_EX_CF2_SNR_2025,GHSL UCDB R2024A V1.2,https://jeodpp.jrc.ec.europa.eu/ftp/jrc-opendata/GHSL/GHS_UCDB_GLOBE_R2024A/GHS_UCDB_GLOBE_R2024A/V1-2/GHS_UCDB_GLOBE_R2024A_V1_2.zip,2026-09-19T08:41:50.435893+00:00,European Commission reuse notice: reuse authorised with source acknowledgement,Direct field EX_CF2_SNR_2025; layer GHSL_UCDB_THEME_EXPOSURE_GLOBE_R2024A; exact definition and upstream source in ghsl_indicator_dictionary.csv and official PDF.
ghsl_698,ghsl_EX_CF1_SNR_2025,GHSL UCDB R2024A V1.2,https://jeodpp.jrc.ec.europa.eu/ftp/jrc-opendata/GHSL/GHS_UCDB_GLOBE_R2024A/GHS_UCDB_GLOBE_R2024A/V1-2/GHS_UCDB_GLOBE_R2024A_V1_2.zip,2026-09-19T08:41:50.435893+00:00,European Commission reuse notice: reuse authorised with source acknowledgement,Direct field EX_CF1_SNR_2025; layer GHSL_UCDB_THEME_EXPOSURE_GLOBE_R2024A; exact definition and upstream source in ghsl_indicator_dictionary.csv and official PDF.
ghsl_698,ghsl_EX_L05_POP_2025,GHSL UCDB R2024A V1.2,https://jeodpp.jrc.ec.europa.eu/ftp/jrc-opendata/GHSL/GHS_UCDB_GLOBE_R2024A/GHS_UCDB_GLOBE_R2024A/V1-2/GHS_UCDB_GLOBE_R2024A_V1_2.zip,2026-09-19T08:41:50.435893+00:00,European Commission reuse notice: reuse authorised with source acknowledgement,Direct field EX_L05_POP_2025; layer GHSL_UCDB_THEME_EXPOSURE_GLOBE_R2024A; exact definition and upstream source in ghsl_indicator_dictionary.csv and official PDF.
ghsl_698,ghsl_EX_L10_POP_2025,GHSL UCDB R2024A V1.2,https://jeodpp.jrc.ec.europa.eu/ftp/jrc-opendata/GHSL/GHS_UCDB_GLOBE_R2024A/GHS_UCDB_GLOBE_R2024A/V1-2/GHS_UCDB_GLOBE_R2024A_V1_2.zip,2026-09-19T08:41:50.435893+00:00,European Commission reuse notice: reuse authorised with source acknowledgement,Direct field EX_L10_POP_2025; layer GHSL_UCDB_THEME_EXPOSURE_GLOBE_R2024A; exact definition and upstream source in ghsl_indicator_dictionary.csv and official PDF.
ghsl_698,ghsl_Unnamed: 0_x,GHSL UCDB R2024A V1.2,https://jeodpp.jrc.ec.europa.eu/ftp/jrc-opendata/GHSL/GHS_UCDB_GLOBE_R2024A/GHS_UCDB_GLOBE_R2024A/V1-2/GHS_UCDB_GLOBE_R2024A_V1_2.zip,2026-09-19T08:41:50.435893+00:00,European Commission reuse notice: reuse authorised with source acknowledgement,Direct field Unnamed: 0_x; layer GHSL_UCDB_THEME_EXPOSURE_GLOBE_R2024A; exact definition and upstream source in ghsl_indicator_dictionary.csv and official PDF.
ghsl_698,ghsl_EX_L05_SHP_2025,GHSL UCDB R2024A V1.2,https://jeodpp.jrc.ec.europa.eu/ftp/jrc-opendata/GHSL/GHS_UCDB_GLOBE_R2024A/GHS_UCDB_GLOBE_R2024A/V1-2/GHS_UCDB_GLOBE_R2024A_V1_2.zip,2026-09-19T08:41:50.435893+00:00,European Commission reuse notice: reuse authorised with source acknowledgement,Direct field EX_L05_SHP_2025; layer GHSL_UCDB_THEME_EXPOSURE_GLOBE_R2024A; exact definition and upstream source in ghsl_indicator_dictionary.csv and official PDF.
ghsl_698,ghsl_Unnamed: 0_y,GHSL UCDB R2024A V1.2,https://jeodpp.jrc.ec.europa.eu/ftp/jrc-opendata/GHSL/GHS_UCDB_GLOBE_R2024A/GHS_UCDB_GLOBE_R2024A/V1-2/GHS_UCDB_GLOBE_R2024A_V1_2.zip,2026-09-19T08:41:50.435893+00:00,European Commission reuse notice: reuse authorised with source acknowledgement,Direct field Unnamed: 0_y; layer GHSL_UCDB_THEME_EXPOSURE_GLOBE_R2024A; exact definition and upstream source in ghsl_indicator_dictionary.csv and official PDF.
ghsl_698,ghsl_EX_L10_SHP_2025,GHSL UCDB R2024A V1.2,https://jeodpp.jrc.ec.europa.eu/ftp/jrc-opendata/GHSL/GHS_UCDB_GLOBE_R2024A/GHS_UCDB_GLOBE_R2024A/V1-2/GHS_UCDB_GLOBE_R2024A_V1_2.zip,2026-09-19T08:41:50.435893+00:00,European Commission reuse notice: reuse authorised with source acknowledgement,Direct field EX_L10_SHP_2025; layer GHSL_UCDB_THEME_EXPOSURE_GLOBE_R2024A; exact definition and upstream source in ghsl_indicator_dictionary.csv and official PDF.
ghsl_698,ghsl_Unnamed: 0,GHSL UCDB R2024A V1.2,https://jeodpp.jrc.ec.europa.eu/ftp/jrc-opendata/GHSL/GHS_UCDB_GLOBE_R2024A/GHS_UCDB_GLOBE_R2024A/V1-2/GHS_UCDB_GLOBE_R2024A_V1_2.zip,2026-09-19T08:41:50.435893+00:00,European Commission reuse notice: reuse authorised with source acknowledgement,Direct field Unnamed: 0; layer GHSL_UCDB_THEME_EXPOSURE_GLOBE_R2024A; exact definition and upstream source in ghsl_indicator_dictionary.csv and official PDF.
ghsl_698,ghsl_EX_LEC_SHP_2025,GHSL UCDB R2024A V1.2,https://jeodpp.jrc.ec.europa.eu/ftp/jrc-opendata/GHSL/GHS_UCDB_GLOBE_R2024A/GHS_UCDB_GLOBE_R2024A/V1-2/GHS_UCDB_GLOBE_R2024A_V1_2.zip,2026-09-19T08:41:50.435893+00:00,European Commission reuse notice: reuse authorised with source acknowledgement,Direct field EX_LEC_SHP_2025; layer GHSL_UCDB_THEME_EXPOSURE_GLOBE_R2024A; exact definition and upstream source in ghsl_indicator_dictionary.csv and official PDF.
ghsl_698,ghsl_EX_L05_BUS_2025,GHSL UCDB R2024A V1.2,https://jeodpp.jrc.ec.europa.eu/ftp/jrc-opendata/GHSL/GHS_UCDB_GLOBE_R2024A/GHS_UCDB_GLOBE_R2024A/V1-2/GHS_UCDB_GLOBE_R2024A_V1_2.zip,2026-09-19T08:41:50.435893+00:00,European Commission reuse notice: reuse authorised with source acknowledgement,Direct field EX_L05_BUS_2025; layer GHSL_UCDB_THEME_EXPOSURE_GLOBE_R2024A; exact definition and upstream source in ghsl_indicator_dictionary.csv and official PDF.
ghsl_698,ghsl_EX_L10_BUS_2025,GHSL UCDB R2024A V1.2,https://jeodpp.jrc.ec.europa.eu/ftp/jrc-opendata/GHSL/GHS_UCDB_GLOBE_R2024A/GHS_UCDB_GLOBE_R2024A/V1-2/GHS_UCDB_GLOBE_R2024A_V1_2.zip,2026-09-19T08:41:50.435893+00:00,European Commission reuse notice: reuse authorised with source acknowledgement,Direct field EX_L10_BUS_2025; layer GHSL_UCDB_THEME_EXPOSURE_GLOBE_R2024A; exact definition and upstream source in ghsl_indicator_dictionary.csv and official PDF.
ghsl_698,ghsl_EX_L05_NRE_2025,GHSL UCDB R2024A V1.2,https://jeodpp.jrc.ec.europa.eu/ftp/jrc-opendata/GHSL/GHS_UCDB_GLOBE_R2024A/GHS_UCDB_GLOBE_R2024A/V1-2/GHS_UCDB_GLOBE_R2024A_V1_2.zip,2026-09-19T08:41:50.435893+00:00,European Commission reuse notice: reuse authorised with source acknowledgement,Direct field EX_L05_NRE_2025; layer GHSL_UCDB_THEME_EXPOSURE_GLOBE_R2024A; exact definition and upstream source in ghsl_indicator_dictionary.csv and official PDF.
ghsl_698,ghsl_EX_L10_NRE_2025,GHSL UCDB R2024A V1.2,https://jeodpp.jrc.ec.europa.eu/ftp/jrc-opendata/GHSL/GHS_UCDB_GLOBE_R2024A/GHS_UCDB_GLOBE_R2024A/V1-2/GHS_UCDB_GLOBE_R2024A_V1_2.zip,2026-09-19T08:41:50.435893+00:00,European Commission reuse notice: reuse authorised with source acknowledgement,Direct field EX_L10_NRE_2025; layer GHSL_UCDB_THEME_EXPOSURE_GLOBE_R2024A; exact definition and upstream source in ghsl_indicator_dictionary.csv and official PDF.
ghsl_698,ghsl_EX_L05_RES_2025,GHSL UCDB R2024A V1.2,https://jeodpp.jrc.ec.europa.eu/ftp/jrc-opendata/GHSL/GHS_UCDB_GLOBE_R2024A/GHS_UCDB_GLOBE_R2024A/V1-2/GHS_UCDB_GLOBE_R2024A_V1_2.zip,2026-09-19T08:41:50.435893+00:00,European Commission reuse notice: reuse authorised with source acknowledgement,Direct field EX_L05_RES_2025; layer GHSL_UCDB_THEME_EXPOSURE_GLOBE_R2024A; exact definition and upstream source in ghsl_indicator_dictionary.csv and official PDF.
ghsl_698,ghsl_EX_L10_RES_2025,GHSL UCDB R2024A V1.2,https://jeodpp.jrc.ec.europa.eu/ftp/jrc-opendata/GHSL/GHS_UCDB_GLOBE_R2024A/GHS_UCDB_GLOBE_R2024A/V1-2/GHS_UCDB_GLOBE_R2024A_V1_2.zip,2026-09-19T08:41:50.435893+00:00,European Commission reuse notice: reuse authorised with source acknowledgement,Direct field EX_L10_RES_2025; layer GHSL_UCDB_THEME_EXPOSURE_GLOBE_R2024A; exact definition and upstream source in ghsl_indicator_dictionary.csv and official PDF.
ghsl_698,ghsl_EX_L05_SHB_2025,GHSL UCDB R2024A V1.2,https://jeodpp.jrc.ec.europa.eu/ftp/jrc-opendata/GHSL/GHS_UCDB_GLOBE_R2024A/GHS_UCDB_GLOBE_R2024A/V1-2/GHS_UCDB_GLOBE_R2024A_V1_2.zip,2026-09-19T08:41:50.435893+00:00,European Commission reuse notice: reuse authorised with source acknowledgement,Direct field EX_L05_SHB_2025; layer GHSL_UCDB_THEME_EXPOSURE_GLOBE_R2024A; exact definition and upstream source in ghsl_indicator_dictionary.csv and official PDF.
ghsl_698,ghsl_EX_L10_SHB_2025,GHSL UCDB R2024A V1.2,https://jeodpp.jrc.ec.europa.eu/ftp/jrc-opendata/GHSL/GHS_UCDB_GLOBE_R2024A/GHS_UCDB_GLOBE_R2024A/V1-2/GHS_UCDB_GLOBE_R2024A_V1_2.zip,2026-09-19T08:41:50.435893+00:00,European Commission reuse notice: reuse authorised with source acknowledgement,Direct field EX_L10_SHB_2025; layer GHSL_UCDB_THEME_EXPOSURE_GLOBE_R2024A; exact definition and upstream source in ghsl_indicator_dictionary.csv and official PDF.
ghsl_698,ghsl_EX_LEC_SHB_2025,GHSL UCDB R2024A V1.2,https://jeodpp.jrc.ec.europa.eu/ftp/jrc-opendata/GHSL/GHS_UCDB_GLOBE_R2024A/GHS_UCDB_GLOBE_R2024A/V1-2/GHS_UCDB_GLOBE_R2024A_V1_2.zip,2026-09-19T08:41:50.435893+00:00,European Commission reuse notice: reuse authorised with source acknowledgement,Direct field EX_LEC_SHB_2025; layer GHSL_UCDB_THEME_EXPOSURE_GLOBE_R2024A; exact definition and upstream source in ghsl_indicator_dictionary.csv and official PDF.
ghsl_698,ghsl_EX_L05_SNR_2025,GHSL UCDB R2024A V1.2,https://jeodpp.jrc.ec.europa.eu/ftp/jrc-opendata/GHSL/GHS_UCDB_GLOBE_R2024A/GHS_UCDB_GLOBE_R2024A/V1-2/GHS_UCDB_GLOBE_R2024A_V1_2.zip,2026-09-19T08:41:50.435893+00:00,European Commission reuse notice: reuse authorised with source acknowledgement,Direct field EX_L05_SNR_2025; layer GHSL_UCDB_THEME_EXPOSURE_GLOBE_R2024A; exact definition and upstream source in ghsl_indicator_dictionary.csv and official PDF.
ghsl_698,ghsl_EX_L10_SNR_2025,GHSL UCDB R2024A V1.2,https://jeodpp.jrc.ec.europa.eu/ftp/jrc-opendata/GHSL/GHS_UCDB_GLOBE_R2024A/GHS_UCDB_GLOBE_R2024A/V1-2/GHS_UCDB_GLOBE_R2024A_V1_2.zip,2026-09-19T08:41:50.435893+00:00,European Commission reuse notice: reuse authorised with source acknowledgement,Direct field EX_L10_SNR_2025; layer GHSL_UCDB_THEME_EXPOSURE_GLOBE_R2024A; exact definition and upstream source in ghsl_indicator_dictionary.csv and official PDF.
ghsl_698,ghsl_EX_LEC_SNR_2025,GHSL UCDB R2024A V1.2,https://jeodpp.jrc.ec.europa.eu/ftp/jrc-opendata/GHSL/GHS_UCDB_GLOBE_R2024A/GHS_UCDB_GLOBE_R2024A/V1-2/GHS_UCDB_GLOBE_R2024A_V1_2.zip,2026-09-19T08:41:50.435893+00:00,European Commission reuse notice: reuse authorised with source acknowledgement,Direct field EX_LEC_SNR_2025; layer GHSL_UCDB_THEME_EXPOSURE_GLOBE_R2024A; exact definition and upstream source in ghsl_indicator_dictionary.csv and official PDF.
ghsl_698,ghsl_EX_L05_SHR_2025,GHSL UCDB R2024A V1.2,https://jeodpp.jrc.ec.europa.eu/ftp/jrc-opendata/GHSL/GHS_UCDB_GLOBE_R2024A/GHS_UCDB_GLOBE_R2024A/V1-2/GHS_UCDB_GLOBE_R2024A_V1_2.zip,2026-09-19T08:41:50.435893+00:00,European Commission reuse notice: reuse authorised with source acknowledgement,Direct field EX_L05_SHR_2025; layer GHSL_UCDB_THEME_EXPOSURE_GLOBE_R2024A; exact definition and upstream source in ghsl_indicator_dictionary.csv and official PDF.
ghsl_698,ghsl_EX_L10_SHR_2025,GHSL UCDB R2024A V1.2,https://jeodpp.jrc.ec.europa.eu/ftp/jrc-opendata/GHSL/GHS_UCDB_GLOBE_R2024A/GHS_UCDB_GLOBE_R2024A/V1-2/GHS_UCDB_GLOBE_R2024A_V1_2.zip,2026-09-19T08:41:50.435893+00:00,European Commission reuse notice: reuse authorised with source acknowledgement,Direct field EX_L10_SHR_2025; layer GHSL_UCDB_THEME_EXPOSURE_GLOBE_R2024A; exact definition and upstream source in ghsl_indicator_dictionary.csv and official PDF.
ghsl_698,ghsl_EX_LEC_SHR_2025,GHSL UCDB R2024A V1.2,https://jeodpp.jrc.ec.europa.eu/ftp/jrc-opendata/GHSL/GHS_UCDB_GLOBE_R2024A/GHS_UCDB_GLOBE_R2024A/V1-2/GHS_UCDB_GLOBE_R2024A_V1_2.zip,2026-09-19T08:41:50.435893+00:00,European Commission reuse notice: reuse authorised with source acknowledgement,Direct field EX_LEC_SHR_2025; layer GHSL_UCDB_THEME_EXPOSURE_GLOBE_R2024A; exact definition and upstream source in ghsl_indicator_dictionary.csv and official PDF.
ghsl_698,ghsl_EX_L05_B11_2020,GHSL UCDB R2024A V1.2,https://jeodpp.jrc.ec.europa.eu/ftp/jrc-opendata/GHSL/GHS_UCDB_GLOBE_R2024A/GHS_UCDB_GLOBE_R2024A/V1-2/GHS_UCDB_GLOBE_R2024A_V1_2.zip,2026-09-19T08:41:50.435893+00:00,European Commission reuse notice: reuse authorised with source acknowledgement,Direct field EX_L05_B11_2020; layer GHSL_UCDB_THEME_EXPOSURE_GLOBE_R2024A; exact definition and upstream source in ghsl_indicator_dictionary.csv and official PDF.
ghsl_698,ghsl_EX_L05_B12_2020,GHSL UCDB R2024A V1.2,https://jeodpp.jrc.ec.europa.eu/ftp/jrc-opendata/GHSL/GHS_UCDB_GLOBE_R2024A/GHS_UCDB_GLOBE_R2024A/V1-2/GHS_UCDB_GLOBE_R2024A_V1_2.zip,2026-09-19T08:41:50.435893+00:00,European Commission reuse notice: reuse authorised with source acknowledgement,Direct field EX_L05_B12_2020; layer GHSL_UCDB_THEME_EXPOSURE_GLOBE_R2024A; exact definition and upstream source in ghsl_indicator_dictionary.csv and official PDF.
ghsl_698,ghsl_EX_L05_B13_2020,GHSL UCDB R2024A V1.2,https://jeodpp.jrc.ec.europa.eu/ftp/jrc-opendata/GHSL/GHS_UCDB_GLOBE_R2024A/GHS_UCDB_GLOBE_R2024A/V1-2/GHS_UCDB_GLOBE_R2024A_V1_2.zip,2026-09-19T08:41:50.435893+00:00,European Commission reuse notice: reuse authorised with source acknowledgement,Direct field EX_L05_B13_2020; layer GHSL_UCDB_THEME_EXPOSURE_GLOBE_R2024A; exact definition and upstream source in ghsl_indicator_dictionary.csv and official PDF.
ghsl_698,ghsl_EX_L05_B21_2020,GHSL UCDB R2024A V1.2,https://jeodpp.jrc.ec.europa.eu/ftp/jrc-opendata/GHSL/GHS_UCDB_GLOBE_R2024A/GHS_UCDB_GLOBE_R2024A/V1-2/GHS_UCDB_GLOBE_R2024A_V1_2.zip,2026-09-19T08:41:50.435893+00:00,European Commission reuse notice: reuse authorised with source acknowledgement,Direct field EX_L05_B21_2020; layer GHSL_UCDB_THEME_EXPOSURE_GLOBE_R2024A; exact definition and upstream source in ghsl_indicator_dictionary.csv and official PDF.
ghsl_698,ghsl_EX_L05_B22_2020,GHSL UCDB R2024A V1.2,https://jeodpp.jrc.ec.europa.eu/ftp/jrc-opendata/GHSL/GHS_UCDB_GLOBE_R2024A/GHS_UCDB_GLOBE_R2024A/V1-2/GHS_UCDB_GLOBE_R2024A_V1_2.zip,2026-09-19T08:41:50.435893+00:00,European Commission reuse notice: reuse authorised with source acknowledgement,Direct field EX_L05_B22_2020; layer GHSL_UCDB_THEME_EXPOSURE_GLOBE_R2024A; exact definition and upstream source in ghsl_indicator_dictionary.csv and official PDF.
ghsl_698,ghsl_EX_L05_B23_2020,GHSL UCDB R2024A V1.2,https://jeodpp.jrc.ec.europa.eu/ftp/jrc-opendata/GHSL/GHS_UCDB_GLOBE_R2024A/GHS_UCDB_GLOBE_R2024A/V1-2/GHS_UCDB_GLOBE_R2024A_V1_2.zip,2026-09-19T08:41:50.435893+00:00,European Commission reuse notice: reuse authorised with source acknowledgement,Direct field EX_L05_B23_2020; layer GHSL_UCDB_THEME_EXPOSURE_GLOBE_R2024A; exact definition and upstream source in ghsl_indicator_dictionary.csv and official PDF.
ghsl_698,ghsl_EX_L10_B11_2020,GHSL UCDB R2024A V1.2,https://jeodpp.jrc.ec.europa.eu/ftp/jrc-opendata/GHSL/GHS_UCDB_GLOBE_R2024A/GHS_UCDB_GLOBE_R2024A/V1-2/GHS_UCDB_GLOBE_R2024A_V1_2.zip,2026-09-19T08:41:50.435893+00:00,European Commission reuse notice: reuse authorised with source acknowledgement,Direct field EX_L10_B11_2020; layer GHSL_UCDB_THEME_EXPOSURE_GLOBE_R2024A; exact definition and upstream source in ghsl_indicator_dictionary.csv and official PDF.
ghsl_698,ghsl_EX_L10_B12_2020,GHSL UCDB R2024A V1.2,https://jeodpp.jrc.ec.europa.eu/ftp/jrc-opendata/GHSL/GHS_UCDB_GLOBE_R2024A/GHS_UCDB_GLOBE_R2024A/V1-2/GHS_UCDB_GLOBE_R2024A_V1_2.zip,2026-09-19T08:41:50.435893+00:00,European Commission reuse notice: reuse authorised with source acknowledgement,Direct field EX_L10_B12_2020; layer GHSL_UCDB_THEME_EXPOSURE_GLOBE_R2024A; exact definition and upstream source in ghsl_indicator_dictionary.csv and official PDF.
ghsl_698,ghsl_EX_L10_B13_2020,GHSL UCDB R2024A V1.2,https://jeodpp.jrc.ec.europa.eu/ftp/jrc-opendata/GHSL/GHS_UCDB_GLOBE_R2024A/GHS_UCDB_GLOBE_R2024A/V1-2/GHS_UCDB_GLOBE_R2024A_V1_2.zip,2026-09-19T08:41:50.435893+00:00,European Commission reuse notice: reuse authorised with source acknowledgement,Direct field EX_L10_B13_2020; layer GHSL_UCDB_THEME_EXPOSURE_GLOBE_R2024A; exact definition and upstream source in ghsl_indicator_dictionary.csv and official PDF.
ghsl_698,ghsl_EX_L10_B21_2020,GHSL UCDB R2024A V1.2,https://jeodpp.jrc.ec.europa.eu/ftp/jrc-opendata/GHSL/GHS_UCDB_GLOBE_R2024A/GHS_UCDB_GLOBE_R2024A/V1-2/GHS_UCDB_GLOBE_R2024A_V1_2.zip,2026-09-19T08:41:50.435893+00:00,European Commission reuse notice: reuse authorised with source acknowledgement,Direct field EX_L10_B21_2020; layer GHSL_UCDB_THEME_EXPOSURE_GLOBE_R2024A; exact definition and upstream source in ghsl_indicator_dictionary.csv and official PDF.
ghsl_698,ghsl_EX_L10_B22_2020,GHSL UCDB R2024A V1.2,https://jeodpp.jrc.ec.europa.eu/ftp/jrc-opendata/GHSL/GHS_UCDB_GLOBE_R2024A/GHS_UCDB_GLOBE_R2024A/V1-2/GHS_UCDB_GLOBE_R2024A_V1_2.zip,2026-09-19T08:41:50.435893+00:00,European Commission reuse notice: reuse authorised with source acknowledgement,Direct field EX_L10_B22_2020; layer GHSL_UCDB_THEME_EXPOSURE_GLOBE_R2024A; exact definition and upstream source in ghsl_indicator_dictionary.csv and official PDF.
ghsl_698,ghsl_EX_L10_B23_2020,GHSL UCDB R2024A V1.2,https://jeodpp.jrc.ec.europa.eu/ftp/jrc-opendata/GHSL/GHS_UCDB_GLOBE_R2024A/GHS_UCDB_GLOBE_R2024A/V1-2/GHS_UCDB_GLOBE_R2024A_V1_2.zip,2026-09-19T08:41:50.435893+00:00,European Commission reuse notice: reuse authorised with source acknowledgement,Direct field EX_L10_B23_2020; layer GHSL_UCDB_THEME_EXPOSURE_GLOBE_R2024A; exact definition and upstream source in ghsl_indicator_dictionary.csv and official PDF.
ghsl_698,ghsl_EX_L05_P11_2020,GHSL UCDB R2024A V1.2,https://jeodpp.jrc.ec.europa.eu/ftp/jrc-opendata/GHSL/GHS_UCDB_GLOBE_R2024A/GHS_UCDB_GLOBE_R2024A/V1-2/GHS_UCDB_GLOBE_R2024A_V1_2.zip,2026-09-19T08:41:50.435893+00:00,European Commission reuse notice: reuse authorised with source acknowledgement,Direct field EX_L05_P11_2020; layer GHSL_UCDB_THEME_EXPOSURE_GLOBE_R2024A; exact definition and upstream source in ghsl_indicator_dictionary.csv and official PDF.
ghsl_698,ghsl_EX_L05_P12_2020,GHSL UCDB R2024A V1.2,https://jeodpp.jrc.ec.europa.eu/ftp/jrc-opendata/GHSL/GHS_UCDB_GLOBE_R2024A/GHS_UCDB_GLOBE_R2024A/V1-2/GHS_UCDB_GLOBE_R2024A_V1_2.zip,2026-09-19T08:41:50.435893+00:00,European Commission reuse notice: reuse authorised with source acknowledgement,Direct field EX_L05_P12_2020; layer GHSL_UCDB_THEME_EXPOSURE_GLOBE_R2024A; exact definition and upstream source in ghsl_indicator_dictionary.csv and official PDF.
ghsl_698,ghsl_EX_L05_P13_2020,GHSL UCDB R2024A V1.2,https://jeodpp.jrc.ec.europa.eu/ftp/jrc-opendata/GHSL/GHS_UCDB_GLOBE_R2024A/GHS_UCDB_GLOBE_R2024A/V1-2/GHS_UCDB_GLOBE_R2024A_V1_2.zip,2026-09-19T08:41:50.435893+00:00,European Commission reuse notice: reuse authorised with source acknowledgement,Direct field EX_L05_P13_2020; layer GHSL_UCDB_THEME_EXPOSURE_GLOBE_R2024A; exact definition and upstream source in ghsl_indicator_dictionary.csv and official PDF.
ghsl_698,ghsl_EX_L05_P21_2020,GHSL UCDB R2024A V1.2,https://jeodpp.jrc.ec.europa.eu/ftp/jrc-opendata/GHSL/GHS_UCDB_GLOBE_R2024A/GHS_UCDB_GLOBE_R2024A/V1-2/GHS_UCDB_GLOBE_R2024A_V1_2.zip,2026-09-19T08:41:50.435893+00:00,European Commission reuse notice: reuse authorised with source acknowledgement,Direct field EX_L05_P21_2020; layer GHSL_UCDB_THEME_EXPOSURE_GLOBE_R2024A; exact definition and upstream source in ghsl_indicator_dictionary.csv and official PDF.
ghsl_698,ghsl_EX_L05_P22_2020,GHSL UCDB R2024A V1.2,https://jeodpp.jrc.ec.europa.eu/ftp/jrc-opendata/GHSL/GHS_UCDB_GLOBE_R2024A/GHS_UCDB_GLOBE_R2024A/V1-2/GHS_UCDB_GLOBE_R2024A_V1_2.zip,2026-09-19T08:41:50.435893+00:00,European Commission reuse notice: reuse authorised with source acknowledgement,Direct field EX_L05_P22_2020; layer GHSL_UCDB_THEME_EXPOSURE_GLOBE_R2024A; exact definition and upstream source in ghsl_indicator_dictionary.csv and official PDF.
ghsl_698,ghsl_EX_L05_P23_2020,GHSL UCDB R2024A V1.2,https://jeodpp.jrc.ec.europa.eu/ftp/jrc-opendata/GHSL/GHS_UCDB_GLOBE_R2024A/GHS_UCDB_GLOBE_R2024A/V1-2/GHS_UCDB_GLOBE_R2024A_V1_2.zip,2026-09-19T08:41:50.435893+00:00,European Commission reuse notice: reuse authorised with source acknowledgement,Direct field EX_L05_P23_2020; layer GHSL_UCDB_THEME_EXPOSURE_GLOBE_R2024A; exact definition and upstream source in ghsl_indicator_dictionary.csv and official PDF.
ghsl_698,ghsl_EX_L10_P11_2020,GHSL UCDB R2024A V1.2,https://jeodpp.jrc.ec.europa.eu/ftp/jrc-opendata/GHSL/GHS_UCDB_GLOBE_R2024A/GHS_UCDB_GLOBE_R2024A/V1-2/GHS_UCDB_GLOBE_R2024A_V1_2.zip,2026-09-19T08:41:50.435893+00:00,European Commission reuse notice: reuse authorised with source acknowledgement,Direct field EX_L10_P11_2020; layer GHSL_UCDB_THEME_EXPOSURE_GLOBE_R2024A; exact definition and upstream source in ghsl_indicator_dictionary.csv and official PDF.
ghsl_698,ghsl_EX_L10_P12_2020,GHSL UCDB R2024A V1.2,https://jeodpp.jrc.ec.europa.eu/ftp/jrc-opendata/GHSL/GHS_UCDB_GLOBE_R2024A/GHS_UCDB_GLOBE_R2024A/V1-2/GHS_UCDB_GLOBE_R2024A_V1_2.zip,2026-09-19T08:41:50.435893+00:00,European Commission reuse notice: reuse authorised with source acknowledgement,Direct field EX_L10_P12_2020; layer GHSL_UCDB_THEME_EXPOSURE_GLOBE_R2024A; exact definition and upstream source in ghsl_indicator_dictionary.csv and official PDF.
ghsl_698,ghsl_EX_L10_P13_2020,GHSL UCDB R2024A V1.2,https://jeodpp.jrc.ec.europa.eu/ftp/jrc-opendata/GHSL/GHS_UCDB_GLOBE_R2024A/GHS_UCDB_GLOBE_R2024A/V1-2/GHS_UCDB_GLOBE_R2024A_V1_2.zip,2026-09-19T08:41:50.435893+00:00,European Commission reuse notice: reuse authorised with source acknowledgement,Direct field EX_L10_P13_2020; layer GHSL_UCDB_THEME_EXPOSURE_GLOBE_R2024A; exact definition and upstream source in ghsl_indicator_dictionary.csv and official PDF.
ghsl_698,ghsl_EX_L10_P21_2020,GHSL UCDB R2024A V1.2,https://jeodpp.jrc.ec.europa.eu/ftp/jrc-opendata/GHSL/GHS_UCDB_GLOBE_R2024A/GHS_UCDB_GLOBE_R2024A/V1-2/GHS_UCDB_GLOBE_R2024A_V1_2.zip,2026-09-19T08:41:50.435893+00:00,European Commission reuse notice: reuse authorised with source acknowledgement,Direct field EX_L10_P21_2020; layer GHSL_UCDB_THEME_EXPOSURE_GLOBE_R2024A; exact definition and upstream source in ghsl_indicator_dictionary.csv and official PDF.
ghsl_698,ghsl_EX_L10_P22_2020,GHSL UCDB R2024A V1.2,https://jeodpp.jrc.ec.europa.eu/ftp/jrc-opendata/GHSL/GHS_UCDB_GLOBE_R2024A/GHS_UCDB_GLOBE_R2024A/V1-2/GHS_UCDB_GLOBE_R2024A_V1_2.zip,2026-09-19T08:41:50.435893+00:00,European Commission reuse notice: reuse authorised with source acknowledgement,Direct field EX_L10_P22_2020; layer GHSL_UCDB_THEME_EXPOSURE_GLOBE_R2024A; exact definition and upstream source in ghsl_indicator_dictionary.csv and official PDF.
ghsl_698,ghsl_EX_L10_P23_2020,GHSL UCDB R2024A V1.2,https://jeodpp.jrc.ec.europa.eu/ftp/jrc-opendata/GHSL/GHS_UCDB_GLOBE_R2024A/GHS_UCDB_GLOBE_R2024A/V1-2/GHS_UCDB_GLOBE_R2024A_V1_2.zip,2026-09-19T08:41:50.435893+00:00,European Commission reuse notice: reuse authorised with source acknowledgement,Direct field EX_L10_P23_2020; layer GHSL_UCDB_THEME_EXPOSURE_GLOBE_R2024A; exact definition and upstream source in ghsl_indicator_dictionary.csv and official PDF.
ghsl_698,ghsl_GC_UCN_LIS_2025,GHSL UCDB R2024A V1.2,https://jeodpp.jrc.ec.europa.eu/ftp/jrc-opendata/GHSL/GHS_UCDB_GLOBE_R2024A/GHS_UCDB_GLOBE_R2024A/V1-2/GHS_UCDB_GLOBE_R2024A_V1_2.zip,2026-09-19T08:41:50.435893+00:00,European Commission reuse notice: reuse authorised with source acknowledgement,Direct field GC_UCN_LIS_2025; layer GHSL_UCDB_THEME_GENERAL_CHARACTERISTICS_GLOBE_R2024A; exact definition and upstream source in ghsl_indicator_dictionary.csv and official PDF.
ghsl_698,ghsl_GC_CNT_UNN_2025,GHSL UCDB R2024A V1.2,https://jeodpp.jrc.ec.europa.eu/ftp/jrc-opendata/GHSL/GHS_UCDB_GLOBE_R2024A/GHS_UCDB_GLOBE_R2024A/V1-2/GHS_UCDB_GLOBE_R2024A_V1_2.zip,2026-09-19T08:41:50.435893+00:00,European Commission reuse notice: reuse authorised with source acknowledgement,Direct field GC_CNT_UNN_2025; layer GHSL_UCDB_THEME_GENERAL_CHARACTERISTICS_GLOBE_R2024A; exact definition and upstream source in ghsl_indicator_dictionary.csv and official PDF.
ghsl_698,ghsl_GC_PLS_SCR_2025,GHSL UCDB R2024A V1.2,https://jeodpp.jrc.ec.europa.eu/ftp/jrc-opendata/GHSL/GHS_UCDB_GLOBE_R2024A/GHS_UCDB_GLOBE_R2024A/V1-2/GHS_UCDB_GLOBE_R2024A_V1_2.zip,2026-09-19T08:41:50.435893+00:00,European Commission reuse notice: reuse authorised with source acknowledgement,Direct field GC_PLS_SCR_2025; layer GHSL_UCDB_THEME_GENERAL_CHARACTERISTICS_GLOBE_R2024A; exact definition and upstream source in ghsl_indicator_dictionary.csv and official PDF.
ghsl_698,ghsl_GC_UCB_YOB_2025,GHSL UCDB R2024A V1.2,https://jeodpp.jrc.ec.europa.eu/ftp/jrc-opendata/GHSL/GHS_UCDB_GLOBE_R2024A/GHS_UCDB_GLOBE_R2024A/V1-2/GHS_UCDB_GLOBE_R2024A_V1_2.zip,2026-09-19T08:41:50.435893+00:00,European Commission reuse notice: reuse authorised with source acknowledgement,Direct field GC_UCB_YOB_2025; layer GHSL_UCDB_THEME_GENERAL_CHARACTERISTICS_GLOBE_R2024A; exact definition and upstream source in ghsl_indicator_dictionary.csv and official PDF.
ghsl_698,ghsl_GC_UCB_YOD_2025,GHSL UCDB R2024A V1.2,https://jeodpp.jrc.ec.europa.eu/ftp/jrc-opendata/GHSL/GHS_UCDB_GLOBE_R2024A/GHS_UCDB_GLOBE_R2024A/V1-2/GHS_UCDB_GLOBE_R2024A_V1_2.zip,2026-09-19T08:41:50.435893+00:00,European Commission reuse notice: reuse authorised with source acknowledgement,Direct field GC_UCB_YOD_2025; layer GHSL_UCDB_THEME_GENERAL_CHARACTERISTICS_GLOBE_R2024A; exact definition and upstream source in ghsl_indicator_dictionary.csv and official PDF.
ghsl_698,ghsl_GC_UCM_CAP,GHSL UCDB R2024A V1.2,https://jeodpp.jrc.ec.europa.eu/ftp/jrc-opendata/GHSL/GHS_UCDB_GLOBE_R2024A/GHS_UCDB_GLOBE_R2024A/V1-2/GHS_UCDB_GLOBE_R2024A_V1_2.zip,2026-09-19T08:41:50.435893+00:00,European Commission reuse notice: reuse authorised with source acknowledgement,Direct field GC_UCM_CAP; layer GHSL_UCDB_THEME_GENERAL_CHARACTERISTICS_GLOBE_R2024A; exact definition and upstream source in ghsl_indicator_dictionary.csv and official PDF.
ghsl_698,ghsl_GE_BIO_A01_2025,GHSL UCDB R2024A V1.2,https://jeodpp.jrc.ec.europa.eu/ftp/jrc-opendata/GHSL/GHS_UCDB_GLOBE_R2024A/GHS_UCDB_GLOBE_R2024A/V1-2/GHS_UCDB_GLOBE_R2024A_V1_2.zip,2026-09-19T08:41:50.435893+00:00,European Commission reuse notice: reuse authorised with source acknowledgement,Direct field GE_BIO_A01_2025; layer GHSL_UCDB_THEME_GEOGRAPHY_GLOBE_R2024A; exact definition and upstream source in ghsl_indicator_dictionary.csv and official PDF.
ghsl_698,ghsl_GE_BIO_A02_2025,GHSL UCDB R2024A V1.2,https://jeodpp.jrc.ec.europa.eu/ftp/jrc-opendata/GHSL/GHS_UCDB_GLOBE_R2024A/GHS_UCDB_GLOBE_R2024A/V1-2/GHS_UCDB_GLOBE_R2024A_V1_2.zip,2026-09-19T08:41:50.435893+00:00,European Commission reuse notice: reuse authorised with source acknowledgement,Direct field GE_BIO_A02_2025; layer GHSL_UCDB_THEME_GEOGRAPHY_GLOBE_R2024A; exact definition and upstream source in ghsl_indicator_dictionary.csv and official PDF.
ghsl_698,ghsl_GE_BIO_A03_2025,GHSL UCDB R2024A V1.2,https://jeodpp.jrc.ec.europa.eu/ftp/jrc-opendata/GHSL/GHS_UCDB_GLOBE_R2024A/GHS_UCDB_GLOBE_R2024A/V1-2/GHS_UCDB_GLOBE_R2024A_V1_2.zip,2026-09-19T08:41:50.435893+00:00,European Commission reuse notice: reuse authorised with source acknowledgement,Direct field GE_BIO_A03_2025; layer GHSL_UCDB_THEME_GEOGRAPHY_GLOBE_R2024A; exact definition and upstream source in ghsl_indicator_dictionary.csv and official PDF.
ghsl_698,ghsl_GE_BIO_A04_2025,GHSL UCDB R2024A V1.2,https://jeodpp.jrc.ec.europa.eu/ftp/jrc-opendata/GHSL/GHS_UCDB_GLOBE_R2024A/GHS_UCDB_GLOBE_R2024A/V1-2/GHS_UCDB_GLOBE_R2024A_V1_2.zip,2026-09-19T08:41:50.435893+00:00,European Commission reuse notice: reuse authorised with source acknowledgement,Direct field GE_BIO_A04_2025; layer GHSL_UCDB_THEME_GEOGRAPHY_GLOBE_R2024A; exact definition and upstream source in ghsl_indicator_dictionary.csv and official PDF.
ghsl_698,ghsl_GE_BIO_A05_2025,GHSL UCDB R2024A V1.2,https://jeodpp.jrc.ec.europa.eu/ftp/jrc-opendata/GHSL/GHS_UCDB_GLOBE_R2024A/GHS_UCDB_GLOBE_R2024A/V1-2/GHS_UCDB_GLOBE_R2024A_V1_2.zip,2026-09-19T08:41:50.435893+00:00,European Commission reuse notice: reuse authorised with source acknowledgement,Direct field GE_BIO_A05_2025; layer GHSL_UCDB_THEME_GEOGRAPHY_GLOBE_R2024A; exact definition and upstream source in ghsl_indicator_dictionary.csv and official PDF.
ghsl_698,ghsl_GE_BIO_A06_2025,GHSL UCDB R2024A V1.2,https://jeodpp.jrc.ec.europa.eu/ftp/jrc-opendata/GHSL/GHS_UCDB_GLOBE_R2024A/GHS_UCDB_GLOBE_R2024A/V1-2/GHS_UCDB_GLOBE_R2024A_V1_2.zip,2026-09-19T08:41:50.435893+00:00,European Commission reuse notice: reuse authorised with source acknowledgement,Direct field GE_BIO_A06_2025; layer GHSL_UCDB_THEME_GEOGRAPHY_GLOBE_R2024A; exact definition and upstream source in ghsl_indicator_dictionary.csv and official PDF.
ghsl_698,ghsl_GE_BIO_A07_2025,GHSL UCDB R2024A V1.2,https://jeodpp.jrc.ec.europa.eu/ftp/jrc-opendata/GHSL/GHS_UCDB_GLOBE_R2024A/GHS_UCDB_GLOBE_R2024A/V1-2/GHS_UCDB_GLOBE_R2024A_V1_2.zip,2026-09-19T08:41:50.435893+00:00,European Commission reuse notice: reuse authorised with source acknowledgement,Direct field GE_BIO_A07_2025; layer GHSL_UCDB_THEME_GEOGRAPHY_GLOBE_R2024A; exact definition and upstream source in ghsl_indicator_dictionary.csv and official PDF.
ghsl_698,ghsl_GE_BIO_A08_2025,GHSL UCDB R2024A V1.2,https://jeodpp.jrc.ec.europa.eu/ftp/jrc-opendata/GHSL/GHS_UCDB_GLOBE_R2024A/GHS_UCDB_GLOBE_R2024A/V1-2/GHS_UCDB_GLOBE_R2024A_V1_2.zip,2026-09-19T08:41:50.435893+00:00,European Commission reuse notice: reuse authorised with source acknowledgement,Direct field GE_BIO_A08_2025; layer GHSL_UCDB_THEME_GEOGRAPHY_GLOBE_R2024A; exact definition and upstream source in ghsl_indicator_dictionary.csv and official PDF.
ghsl_698,ghsl_GE_BIO_A09_2025,GHSL UCDB R2024A V1.2,https://jeodpp.jrc.ec.europa.eu/ftp/jrc-opendata/GHSL/GHS_UCDB_GLOBE_R2024A/GHS_UCDB_GLOBE_R2024A/V1-2/GHS_UCDB_GLOBE_R2024A_V1_2.zip,2026-09-19T08:41:50.435893+00:00,European Commission reuse notice: reuse authorised with source acknowledgement,Direct field GE_BIO_A09_2025; layer GHSL_UCDB_THEME_GEOGRAPHY_GLOBE_R2024A; exact definition and upstream source in ghsl_indicator_dictionary.csv and official PDF.
ghsl_698,ghsl_GE_BIO_A10_2025,GHSL UCDB R2024A V1.2,https://jeodpp.jrc.ec.europa.eu/ftp/jrc-opendata/GHSL/GHS_UCDB_GLOBE_R2024A/GHS_UCDB_GLOBE_R2024A/V1-2/GHS_UCDB_GLOBE_R2024A_V1_2.zip,2026-09-19T08:41:50.435893+00:00,European Commission reuse notice: reuse authorised with source acknowledgement,Direct field GE_BIO_A10_2025; layer GHSL_UCDB_THEME_GEOGRAPHY_GLOBE_R2024A; exact definition and upstream source in ghsl_indicator_dictionary.csv and official PDF.
ghsl_698,ghsl_GE_BIO_A11_2025,GHSL UCDB R2024A V1.2,https://jeodpp.jrc.ec.europa.eu/ftp/jrc-opendata/GHSL/GHS_UCDB_GLOBE_R2024A/GHS_UCDB_GLOBE_R2024A/V1-2/GHS_UCDB_GLOBE_R2024A_V1_2.zip,2026-09-19T08:41:50.435893+00:00,European Commission reuse notice: reuse authorised with source acknowledgement,Direct field GE_BIO_A11_2025; layer GHSL_UCDB_THEME_GEOGRAPHY_GLOBE_R2024A; exact definition and upstream source in ghsl_indicator_dictionary.csv and official PDF.
ghsl_698,ghsl_GE_BIO_A12_2025,GHSL UCDB R2024A V1.2,https://jeodpp.jrc.ec.europa.eu/ftp/jrc-opendata/GHSL/GHS_UCDB_GLOBE_R2024A/GHS_UCDB_GLOBE_R2024A/V1-2/GHS_UCDB_GLOBE_R2024A_V1_2.zip,2026-09-19T08:41:50.435893+00:00,European Commission reuse notice: reuse authorised with source acknowledgement,Direct field GE_BIO_A12_2025; layer GHSL_UCDB_THEME_GEOGRAPHY_GLOBE_R2024A; exact definition and upstream source in ghsl_indicator_dictionary.csv and official PDF.
ghsl_698,ghsl_GE_BIO_A13_2025,GHSL UCDB R2024A V1.2,https://jeodpp.jrc.ec.europa.eu/ftp/jrc-opendata/GHSL/GHS_UCDB_GLOBE_R2024A/GHS_UCDB_GLOBE_R2024A/V1-2/GHS_UCDB_GLOBE_R2024A_V1_2.zip,2026-09-19T08:41:50.435893+00:00,European Commission reuse notice: reuse authorised with source acknowledgement,Direct field GE_BIO_A13_2025; layer GHSL_UCDB_THEME_GEOGRAPHY_GLOBE_R2024A; exact definition and upstream source in ghsl_indicator_dictionary.csv and official PDF.
ghsl_698,ghsl_GE_BIO_A14_2025,GHSL UCDB R2024A V1.2,https://jeodpp.jrc.ec.europa.eu/ftp/jrc-opendata/GHSL/GHS_UCDB_GLOBE_R2024A/GHS_UCDB_GLOBE_R2024A/V1-2/GHS_UCDB_GLOBE_R2024A_V1_2.zip,2026-09-19T08:41:50.435893+00:00,European Commission reuse notice: reuse authorised with source acknowledgement,Direct field GE_BIO_A14_2025; layer GHSL_UCDB_THEME_GEOGRAPHY_GLOBE_R2024A; exact definition and upstream source in ghsl_indicator_dictionary.csv and official PDF.
ghsl_698,ghsl_GE_BIO_A15_2025,GHSL UCDB R2024A V1.2,https://jeodpp.jrc.ec.europa.eu/ftp/jrc-opendata/GHSL/GHS_UCDB_GLOBE_R2024A/GHS_UCDB_GLOBE_R2024A/V1-2/GHS_UCDB_GLOBE_R2024A_V1_2.zip,2026-09-19T08:41:50.435893+00:00,European Commission reuse notice: reuse authorised with source acknowledgement,Direct field GE_BIO_A15_2025; layer GHSL_UCDB_THEME_GEOGRAPHY_GLOBE_R2024A; exact definition and upstream source in ghsl_indicator_dictionary.csv and official PDF.
ghsl_698,ghsl_GE_BIO_A16_2025,GHSL UCDB R2024A V1.2,https://jeodpp.jrc.ec.europa.eu/ftp/jrc-opendata/GHSL/GHS_UCDB_GLOBE_R2024A/GHS_UCDB_GLOBE_R2024A/V1-2/GHS_UCDB_GLOBE_R2024A_V1_2.zip,2026-09-19T08:41:50.435893+00:00,European Commission reuse notice: reuse authorised with source acknowledgement,Direct field GE_BIO_A16_2025; layer GHSL_UCDB_THEME_GEOGRAPHY_GLOBE_R2024A; exact definition and upstream source in ghsl_indicator_dictionary.csv and official PDF.
ghsl_698,ghsl_GE_BIO_A17_2025,GHSL UCDB R2024A V1.2,https://jeodpp.jrc.ec.europa.eu/ftp/jrc-opendata/GHSL/GHS_UCDB_GLOBE_R2024A/GHS_UCDB_GLOBE_R2024A/V1-2/GHS_UCDB_GLOBE_R2024A_V1_2.zip,2026-09-19T08:41:50.435893+00:00,European Commission reuse notice: reuse authorised with source acknowledgement,Direct field GE_BIO_A17_2025; layer GHSL_UCDB_THEME_GEOGRAPHY_GLOBE_R2024A; exact definition and upstream source in ghsl_indicator_dictionary.csv and official PDF.
ghsl_698,ghsl_GE_BIO_A18_2025,GHSL UCDB R2024A V1.2,https://jeodpp.jrc.ec.europa.eu/ftp/jrc-opendata/GHSL/GHS_UCDB_GLOBE_R2024A/GHS_UCDB_GLOBE_R2024A/V1-2/GHS_UCDB_GLOBE_R2024A_V1_2.zip,2026-09-19T08:41:50.435893+00:00,European Commission reuse notice: reuse authorised with source acknowledgement,Direct field GE_BIO_A18_2025; layer GHSL_UCDB_THEME_GEOGRAPHY_GLOBE_R2024A; exact definition and upstream source in ghsl_indicator_dictionary.csv and official PDF.
ghsl_698,ghsl_GE_BIO_A19_2025,GHSL UCDB R2024A V1.2,https://jeodpp.jrc.ec.europa.eu/ftp/jrc-opendata/GHSL/GHS_UCDB_GLOBE_R2024A/GHS_UCDB_GLOBE_R2024A/V1-2/GHS_UCDB_GLOBE_R2024A_V1_2.zip,2026-09-19T08:41:50.435893+00:00,European Commission reuse notice: reuse authorised with source acknowledgement,Direct field GE_BIO_A19_2025; layer GHSL_UCDB_THEME_GEOGRAPHY_GLOBE_R2024A; exact definition and upstream source in ghsl_indicator_dictionary.csv and official PDF.
ghsl_698,ghsl_GE_BIO_A20_2025,GHSL UCDB R2024A V1.2,https://jeodpp.jrc.ec.europa.eu/ftp/jrc-opendata/GHSL/GHS_UCDB_GLOBE_R2024A/GHS_UCDB_GLOBE_R2024A/V1-2/GHS_UCDB_GLOBE_R2024A_V1_2.zip,2026-09-19T08:41:50.435893+00:00,European Commission reuse notice: reuse authorised with source acknowledgement,Direct field GE_BIO_A20_2025; layer GHSL_UCDB_THEME_GEOGRAPHY_GLOBE_R2024A; exact definition and upstream source in ghsl_indicator_dictionary.csv and official PDF.
ghsl_698,ghsl_GE_BIO_A21_2025,GHSL UCDB R2024A V1.2,https://jeodpp.jrc.ec.europa.eu/ftp/jrc-opendata/GHSL/GHS_UCDB_GLOBE_R2024A/GHS_UCDB_GLOBE_R2024A/V1-2/GHS_UCDB_GLOBE_R2024A_V1_2.zip,2026-09-19T08:41:50.435893+00:00,European Commission reuse notice: reuse authorised with source acknowledgement,Direct field GE_BIO_A21_2025; layer GHSL_UCDB_THEME_GEOGRAPHY_GLOBE_R2024A; exact definition and upstream source in ghsl_indicator_dictionary.csv and official PDF.
ghsl_698,ghsl_GE_BIO_A22_2025,GHSL UCDB R2024A V1.2,https://jeodpp.jrc.ec.europa.eu/ftp/jrc-opendata/GHSL/GHS_UCDB_GLOBE_R2024A/GHS_UCDB_GLOBE_R2024A/V1-2/GHS_UCDB_GLOBE_R2024A_V1_2.zip,2026-09-19T08:41:50.435893+00:00,European Commission reuse notice: reuse authorised with source acknowledgement,Direct field GE_BIO_A22_2025; layer GHSL_UCDB_THEME_GEOGRAPHY_GLOBE_R2024A; exact definition and upstream source in ghsl_indicator_dictionary.csv and official PDF.
ghsl_698,ghsl_GE_BIO_A23_2025,GHSL UCDB R2024A V1.2,https://jeodpp.jrc.ec.europa.eu/ftp/jrc-opendata/GHSL/GHS_UCDB_GLOBE_R2024A/GHS_UCDB_GLOBE_R2024A/V1-2/GHS_UCDB_GLOBE_R2024A_V1_2.zip,2026-09-19T08:41:50.435893+00:00,European Commission reuse notice: reuse authorised with source acknowledgement,Direct field GE_BIO_A23_2025; layer GHSL_UCDB_THEME_GEOGRAPHY_GLOBE_R2024A; exact definition and upstream source in ghsl_indicator_dictionary.csv and official PDF.
ghsl_698,ghsl_GE_BIO_A24_2025,GHSL UCDB R2024A V1.2,https://jeodpp.jrc.ec.europa.eu/ftp/jrc-opendata/GHSL/GHS_UCDB_GLOBE_R2024A/GHS_UCDB_GLOBE_R2024A/V1-2/GHS_UCDB_GLOBE_R2024A_V1_2.zip,2026-09-19T08:41:50.435893+00:00,European Commission reuse notice: reuse authorised with source acknowledgement,Direct field GE_BIO_A24_2025; layer GHSL_UCDB_THEME_GEOGRAPHY_GLOBE_R2024A; exact definition and upstream source in ghsl_indicator_dictionary.csv and official PDF.
ghsl_698,ghsl_GE_ECO_CLA_2025,GHSL UCDB R2024A V1.2,https://jeodpp.jrc.ec.europa.eu/ftp/jrc-opendata/GHSL/GHS_UCDB_GLOBE_R2024A/GHS_UCDB_GLOBE_R2024A/V1-2/GHS_UCDB_GLOBE_R2024A_V1_2.zip,2026-09-19T08:41:50.435893+00:00,European Commission reuse notice: reuse authorised with source acknowledgement,Direct field GE_ECO_CLA_2025; layer GHSL_UCDB_THEME_GEOGRAPHY_GLOBE_R2024A; exact definition and upstream source in ghsl_indicator_dictionary.csv and official PDF.
ghsl_698,ghsl_GE_ELV_AVG_2025,GHSL UCDB R2024A V1.2,https://jeodpp.jrc.ec.europa.eu/ftp/jrc-opendata/GHSL/GHS_UCDB_GLOBE_R2024A/GHS_UCDB_GLOBE_R2024A/V1-2/GHS_UCDB_GLOBE_R2024A_V1_2.zip,2026-09-19T08:41:50.435893+00:00,European Commission reuse notice: reuse authorised with source acknowledgement,Direct field GE_ELV_AVG_2025; layer GHSL_UCDB_THEME_GEOGRAPHY_GLOBE_R2024A; exact definition and upstream source in ghsl_indicator_dictionary.csv and official PDF.
ghsl_698,ghsl_GE_MRB_MAI_2025,GHSL UCDB R2024A V1.2,https://jeodpp.jrc.ec.europa.eu/ftp/jrc-opendata/GHSL/GHS_UCDB_GLOBE_R2024A/GHS_UCDB_GLOBE_R2024A/V1-2/GHS_UCDB_GLOBE_R2024A_V1_2.zip,2026-09-19T08:41:50.435893+00:00,European Commission reuse notice: reuse authorised with source acknowledgement,Direct field GE_MRB_MAI_2025; layer GHSL_UCDB_THEME_GEOGRAPHY_GLOBE_R2024A; exact definition and upstream source in ghsl_indicator_dictionary.csv and official PDF.
ghsl_698,ghsl_GE_MRB_LIS_2025,GHSL UCDB R2024A V1.2,https://jeodpp.jrc.ec.europa.eu/ftp/jrc-opendata/GHSL/GHS_UCDB_GLOBE_R2024A/GHS_UCDB_GLOBE_R2024A/V1-2/GHS_UCDB_GLOBE_R2024A_V1_2.zip,2026-09-19T08:41:50.435893+00:00,European Commission reuse notice: reuse authorised with source acknowledgement,Direct field GE_MRB_LIS_2025; layer GHSL_UCDB_THEME_GEOGRAPHY_GLOBE_R2024A; exact definition and upstream source in ghsl_indicator_dictionary.csv and official PDF.
ghsl_698,ghsl_GE_SCL_MPC_2023,GHSL UCDB R2024A V1.2,https://jeodpp.jrc.ec.europa.eu/ftp/jrc-opendata/GHSL/GHS_UCDB_GLOBE_R2024A/GHS_UCDB_GLOBE_R2024A/V1-2/GHS_UCDB_GLOBE_R2024A_V1_2.zip,2026-09-19T08:41:50.435893+00:00,European Commission reuse notice: reuse authorised with source acknowledgement,Direct field GE_SCL_MPC_2023; layer GHSL_UCDB_THEME_GEOGRAPHY_GLOBE_R2024A; exact definition and upstream source in ghsl_indicator_dictionary.csv and official PDF.
ghsl_698,ghsl_GE_SCL_LST_2023,GHSL UCDB R2024A V1.2,https://jeodpp.jrc.ec.europa.eu/ftp/jrc-opendata/GHSL/GHS_UCDB_GLOBE_R2024A/GHS_UCDB_GLOBE_R2024A/V1-2/GHS_UCDB_GLOBE_R2024A_V1_2.zip,2026-09-19T08:41:50.435893+00:00,European Commission reuse notice: reuse authorised with source acknowledgement,Direct field GE_SCL_LST_2023; layer GHSL_UCDB_THEME_GEOGRAPHY_GLOBE_R2024A; exact definition and upstream source in ghsl_indicator_dictionary.csv and official PDF.
ghsl_698,ghsl_GH_BUS_TOT_2025,GHSL UCDB R2024A V1.2,https://jeodpp.jrc.ec.europa.eu/ftp/jrc-opendata/GHSL/GHS_UCDB_GLOBE_R2024A/GHS_UCDB_GLOBE_R2024A/V1-2/GHS_UCDB_GLOBE_R2024A_V1_2.zip,2026-09-19T08:41:50.435893+00:00,European Commission reuse notice: reuse authorised with source acknowledgement,Direct field GH_BUS_TOT_2025; layer GHSL_UCDB_THEME_GHSL_GLOBE_R2024A; exact definition and upstream source in ghsl_indicator_dictionary.csv and official PDF.
ghsl_698,ghsl_GH_BUS_NRE_2025,GHSL UCDB R2024A V1.2,https://jeodpp.jrc.ec.europa.eu/ftp/jrc-opendata/GHSL/GHS_UCDB_GLOBE_R2024A/GHS_UCDB_GLOBE_R2024A/V1-2/GHS_UCDB_GLOBE_R2024A_V1_2.zip,2026-09-19T08:41:50.435893+00:00,European Commission reuse notice: reuse authorised with source acknowledgement,Direct field GH_BUS_NRE_2025; layer GHSL_UCDB_THEME_GHSL_GLOBE_R2024A; exact definition and upstream source in ghsl_indicator_dictionary.csv and official PDF.
ghsl_698,ghsl_GH_BUS_RES_2025,GHSL UCDB R2024A V1.2,https://jeodpp.jrc.ec.europa.eu/ftp/jrc-opendata/GHSL/GHS_UCDB_GLOBE_R2024A/GHS_UCDB_GLOBE_R2024A/V1-2/GHS_UCDB_GLOBE_R2024A_V1_2.zip,2026-09-19T08:41:50.435893+00:00,European Commission reuse notice: reuse authorised with source acknowledgement,Direct field GH_BUS_RES_2025; layer GHSL_UCDB_THEME_GHSL_GLOBE_R2024A; exact definition and upstream source in ghsl_indicator_dictionary.csv and official PDF.
ghsl_698,ghsl_GH_BPC_TOT_2025,GHSL UCDB R2024A V1.2,https://jeodpp.jrc.ec.europa.eu/ftp/jrc-opendata/GHSL/GHS_UCDB_GLOBE_R2024A/GHS_UCDB_GLOBE_R2024A/V1-2/GHS_UCDB_GLOBE_R2024A_V1_2.zip,2026-09-19T08:41:50.435893+00:00,European Commission reuse notice: reuse authorised with source acknowledgement,Direct field GH_BPC_TOT_2025; layer GHSL_UCDB_THEME_GHSL_GLOBE_R2024A; exact definition and upstream source in ghsl_indicator_dictionary.csv and official PDF.
ghsl_698,ghsl_GH_BPC_NRE_2025,GHSL UCDB R2024A V1.2,https://jeodpp.jrc.ec.europa.eu/ftp/jrc-opendata/GHSL/GHS_UCDB_GLOBE_R2024A/GHS_UCDB_GLOBE_R2024A/V1-2/GHS_UCDB_GLOBE_R2024A_V1_2.zip,2026-09-19T08:41:50.435893+00:00,European Commission reuse notice: reuse authorised with source acknowledgement,Direct field GH_BPC_NRE_2025; layer GHSL_UCDB_THEME_GHSL_GLOBE_R2024A; exact definition and upstream source in ghsl_indicator_dictionary.csv and official PDF.
ghsl_698,ghsl_GH_BPC_RES_2025,GHSL UCDB R2024A V1.2,https://jeodpp.jrc.ec.europa.eu/ftp/jrc-opendata/GHSL/GHS_UCDB_GLOBE_R2024A/GHS_UCDB_GLOBE_R2024A/V1-2/GHS_UCDB_GLOBE_R2024A_V1_2.zip,2026-09-19T08:41:50.435893+00:00,European Commission reuse notice: reuse authorised with source acknowledgement,Direct field GH_BPC_RES_2025; layer GHSL_UCDB_THEME_GHSL_GLOBE_R2024A; exact definition and upstream source in ghsl_indicator_dictionary.csv and official PDF.
ghsl_698,ghsl_GH_BUH_AVG_2020,GHSL UCDB R2024A V1.2,https://jeodpp.jrc.ec.europa.eu/ftp/jrc-opendata/GHSL/GHS_UCDB_GLOBE_R2024A/GHS_UCDB_GLOBE_R2024A/V1-2/GHS_UCDB_GLOBE_R2024A_V1_2.zip,2026-09-19T08:41:50.435893+00:00,European Commission reuse notice: reuse authorised with source acknowledgement,Direct field GH_BUH_AVG_2020; layer GHSL_UCDB_THEME_GHSL_GLOBE_R2024A; exact definition and upstream source in ghsl_indicator_dictionary.csv and official PDF.
ghsl_698,ghsl_GH_BUH_STD_2020,GHSL UCDB R2024A V1.2,https://jeodpp.jrc.ec.europa.eu/ftp/jrc-opendata/GHSL/GHS_UCDB_GLOBE_R2024A/GHS_UCDB_GLOBE_R2024A/V1-2/GHS_UCDB_GLOBE_R2024A_V1_2.zip,2026-09-19T08:41:50.435893+00:00,European Commission reuse notice: reuse authorised with source acknowledgement,Direct field GH_BUH_STD_2020; layer GHSL_UCDB_THEME_GHSL_GLOBE_R2024A; exact definition and upstream source in ghsl_indicator_dictionary.csv and official PDF.
ghsl_698,ghsl_GH_BUH_MAX_2020,GHSL UCDB R2024A V1.2,https://jeodpp.jrc.ec.europa.eu/ftp/jrc-opendata/GHSL/GHS_UCDB_GLOBE_R2024A/GHS_UCDB_GLOBE_R2024A/V1-2/GHS_UCDB_GLOBE_R2024A_V1_2.zip,2026-09-19T08:41:50.435893+00:00,European Commission reuse notice: reuse authorised with source acknowledgement,Direct field GH_BUH_MAX_2020; layer GHSL_UCDB_THEME_GHSL_GLOBE_R2024A; exact definition and upstream source in ghsl_indicator_dictionary.csv and official PDF.
ghsl_698,ghsl_GH_BUV_TOT_2025,GHSL UCDB R2024A V1.2,https://jeodpp.jrc.ec.europa.eu/ftp/jrc-opendata/GHSL/GHS_UCDB_GLOBE_R2024A/GHS_UCDB_GLOBE_R2024A/V1-2/GHS_UCDB_GLOBE_R2024A_V1_2.zip,2026-09-19T08:41:50.435893+00:00,European Commission reuse notice: reuse authorised with source acknowledgement,Direct field GH_BUV_TOT_2025; layer GHSL_UCDB_THEME_GHSL_GLOBE_R2024A; exact definition and upstream source in ghsl_indicator_dictionary.csv and official PDF.
ghsl_698,ghsl_GH_BUV_NRE_2025,GHSL UCDB R2024A V1.2,https://jeodpp.jrc.ec.europa.eu/ftp/jrc-opendata/GHSL/GHS_UCDB_GLOBE_R2024A/GHS_UCDB_GLOBE_R2024A/V1-2/GHS_UCDB_GLOBE_R2024A_V1_2.zip,2026-09-19T08:41:50.435893+00:00,European Commission reuse notice: reuse authorised with source acknowledgement,Direct field GH_BUV_NRE_2025; layer GHSL_UCDB_THEME_GHSL_GLOBE_R2024A; exact definition and upstream source in ghsl_indicator_dictionary.csv and official PDF.
ghsl_698,ghsl_GH_BUV_RES_2025,GHSL UCDB R2024A V1.2,https://jeodpp.jrc.ec.europa.eu/ftp/jrc-opendata/GHSL/GHS_UCDB_GLOBE_R2024A/GHS_UCDB_GLOBE_R2024A/V1-2/GHS_UCDB_GLOBE_R2024A_V1_2.zip,2026-09-19T08:41:50.435893+00:00,European Commission reuse notice: reuse authorised with source acknowledgement,Direct field GH_BUV_RES_2025; layer GHSL_UCDB_THEME_GHSL_GLOBE_R2024A; exact definition and upstream source in ghsl_indicator_dictionary.csv and official PDF.
ghsl_698,ghsl_GH_BUT_S11_2020,GHSL UCDB R2024A V1.2,https://jeodpp.jrc.ec.europa.eu/ftp/jrc-opendata/GHSL/GHS_UCDB_GLOBE_R2024A/GHS_UCDB_GLOBE_R2024A/V1-2/GHS_UCDB_GLOBE_R2024A_V1_2.zip,2026-09-19T08:41:50.435893+00:00,European Commission reuse notice: reuse authorised with source acknowledgement,Direct field GH_BUT_S11_2020; layer GHSL_UCDB_THEME_GHSL_GLOBE_R2024A; exact definition and upstream source in ghsl_indicator_dictionary.csv and official PDF.
ghsl_698,ghsl_GH_BUT_S12_2020,GHSL UCDB R2024A V1.2,https://jeodpp.jrc.ec.europa.eu/ftp/jrc-opendata/GHSL/GHS_UCDB_GLOBE_R2024A/GHS_UCDB_GLOBE_R2024A/V1-2/GHS_UCDB_GLOBE_R2024A_V1_2.zip,2026-09-19T08:41:50.435893+00:00,European Commission reuse notice: reuse authorised with source acknowledgement,Direct field GH_BUT_S12_2020; layer GHSL_UCDB_THEME_GHSL_GLOBE_R2024A; exact definition and upstream source in ghsl_indicator_dictionary.csv and official PDF.
ghsl_698,ghsl_GH_BUT_S13_2020,GHSL UCDB R2024A V1.2,https://jeodpp.jrc.ec.europa.eu/ftp/jrc-opendata/GHSL/GHS_UCDB_GLOBE_R2024A/GHS_UCDB_GLOBE_R2024A/V1-2/GHS_UCDB_GLOBE_R2024A_V1_2.zip,2026-09-19T08:41:50.435893+00:00,European Commission reuse notice: reuse authorised with source acknowledgement,Direct field GH_BUT_S13_2020; layer GHSL_UCDB_THEME_GHSL_GLOBE_R2024A; exact definition and upstream source in ghsl_indicator_dictionary.csv and official PDF.
ghsl_698,ghsl_GH_BUT_S21_2020,GHSL UCDB R2024A V1.2,https://jeodpp.jrc.ec.europa.eu/ftp/jrc-opendata/GHSL/GHS_UCDB_GLOBE_R2024A/GHS_UCDB_GLOBE_R2024A/V1-2/GHS_UCDB_GLOBE_R2024A_V1_2.zip,2026-09-19T08:41:50.435893+00:00,European Commission reuse notice: reuse authorised with source acknowledgement,Direct field GH_BUT_S21_2020; layer GHSL_UCDB_THEME_GHSL_GLOBE_R2024A; exact definition and upstream source in ghsl_indicator_dictionary.csv and official PDF.
ghsl_698,ghsl_GH_BUT_S22_2020,GHSL UCDB R2024A V1.2,https://jeodpp.jrc.ec.europa.eu/ftp/jrc-opendata/GHSL/GHS_UCDB_GLOBE_R2024A/GHS_UCDB_GLOBE_R2024A/V1-2/GHS_UCDB_GLOBE_R2024A_V1_2.zip,2026-09-19T08:41:50.435893+00:00,European Commission reuse notice: reuse authorised with source acknowledgement,Direct field GH_BUT_S22_2020; layer GHSL_UCDB_THEME_GHSL_GLOBE_R2024A; exact definition and upstream source in ghsl_indicator_dictionary.csv and official PDF.
ghsl_698,ghsl_GH_BUT_S23_2020,GHSL UCDB R2024A V1.2,https://jeodpp.jrc.ec.europa.eu/ftp/jrc-opendata/GHSL/GHS_UCDB_GLOBE_R2024A/GHS_UCDB_GLOBE_R2024A/V1-2/GHS_UCDB_GLOBE_R2024A_V1_2.zip,2026-09-19T08:41:50.435893+00:00,European Commission reuse notice: reuse authorised with source acknowledgement,Direct field GH_BUT_S23_2020; layer GHSL_UCDB_THEME_GHSL_GLOBE_R2024A; exact definition and upstream source in ghsl_indicator_dictionary.csv and official PDF.
ghsl_698,ghsl_GH_BUT_V11_2020,GHSL UCDB R2024A V1.2,https://jeodpp.jrc.ec.europa.eu/ftp/jrc-opendata/GHSL/GHS_UCDB_GLOBE_R2024A/GHS_UCDB_GLOBE_R2024A/V1-2/GHS_UCDB_GLOBE_R2024A_V1_2.zip,2026-09-19T08:41:50.435893+00:00,European Commission reuse notice: reuse authorised with source acknowledgement,Direct field GH_BUT_V11_2020; layer GHSL_UCDB_THEME_GHSL_GLOBE_R2024A; exact definition and upstream source in ghsl_indicator_dictionary.csv and official PDF.
ghsl_698,ghsl_GH_BUT_V12_2020,GHSL UCDB R2024A V1.2,https://jeodpp.jrc.ec.europa.eu/ftp/jrc-opendata/GHSL/GHS_UCDB_GLOBE_R2024A/GHS_UCDB_GLOBE_R2024A/V1-2/GHS_UCDB_GLOBE_R2024A_V1_2.zip,2026-09-19T08:41:50.435893+00:00,European Commission reuse notice: reuse authorised with source acknowledgement,Direct field GH_BUT_V12_2020; layer GHSL_UCDB_THEME_GHSL_GLOBE_R2024A; exact definition and upstream source in ghsl_indicator_dictionary.csv and official PDF.
ghsl_698,ghsl_GH_BUT_V13_2020,GHSL UCDB R2024A V1.2,https://jeodpp.jrc.ec.europa.eu/ftp/jrc-opendata/GHSL/GHS_UCDB_GLOBE_R2024A/GHS_UCDB_GLOBE_R2024A/V1-2/GHS_UCDB_GLOBE_R2024A_V1_2.zip,2026-09-19T08:41:50.435893+00:00,European Commission reuse notice: reuse authorised with source acknowledgement,Direct field GH_BUT_V13_2020; layer GHSL_UCDB_THEME_GHSL_GLOBE_R2024A; exact definition and upstream source in ghsl_indicator_dictionary.csv and official PDF.
ghsl_698,ghsl_GH_BUT_V21_2020,GHSL UCDB R2024A V1.2,https://jeodpp.jrc.ec.europa.eu/ftp/jrc-opendata/GHSL/GHS_UCDB_GLOBE_R2024A/GHS_UCDB_GLOBE_R2024A/V1-2/GHS_UCDB_GLOBE_R2024A_V1_2.zip,2026-09-19T08:41:50.435893+00:00,European Commission reuse notice: reuse authorised with source acknowledgement,Direct field GH_BUT_V21_2020; layer GHSL_UCDB_THEME_GHSL_GLOBE_R2024A; exact definition and upstream source in ghsl_indicator_dictionary.csv and official PDF.
ghsl_698,ghsl_GH_BUT_V22_2020,GHSL UCDB R2024A V1.2,https://jeodpp.jrc.ec.europa.eu/ftp/jrc-opendata/GHSL/GHS_UCDB_GLOBE_R2024A/GHS_UCDB_GLOBE_R2024A/V1-2/GHS_UCDB_GLOBE_R2024A_V1_2.zip,2026-09-19T08:41:50.435893+00:00,European Commission reuse notice: reuse authorised with source acknowledgement,Direct field GH_BUT_V22_2020; layer GHSL_UCDB_THEME_GHSL_GLOBE_R2024A; exact definition and upstream source in ghsl_indicator_dictionary.csv and official PDF.
ghsl_698,ghsl_GH_BUT_V23_2020,GHSL UCDB R2024A V1.2,https://jeodpp.jrc.ec.europa.eu/ftp/jrc-opendata/GHSL/GHS_UCDB_GLOBE_R2024A/GHS_UCDB_GLOBE_R2024A/V1-2/GHS_UCDB_GLOBE_R2024A_V1_2.zip,2026-09-19T08:41:50.435893+00:00,European Commission reuse notice: reuse authorised with source acknowledgement,Direct field GH_BUT_V23_2020; layer GHSL_UCDB_THEME_GHSL_GLOBE_R2024A; exact definition and upstream source in ghsl_indicator_dictionary.csv and official PDF.
ghsl_698,ghsl_GH_BUT_P11_2020,GHSL UCDB R2024A V1.2,https://jeodpp.jrc.ec.europa.eu/ftp/jrc-opendata/GHSL/GHS_UCDB_GLOBE_R2024A/GHS_UCDB_GLOBE_R2024A/V1-2/GHS_UCDB_GLOBE_R2024A_V1_2.zip,2026-09-19T08:41:50.435893+00:00,European Commission reuse notice: reuse authorised with source acknowledgement,Direct field GH_BUT_P11_2020; layer GHSL_UCDB_THEME_GHSL_GLOBE_R2024A; exact definition and upstream source in ghsl_indicator_dictionary.csv and official PDF.
ghsl_698,ghsl_GH_BUT_P12_2020,GHSL UCDB R2024A V1.2,https://jeodpp.jrc.ec.europa.eu/ftp/jrc-opendata/GHSL/GHS_UCDB_GLOBE_R2024A/GHS_UCDB_GLOBE_R2024A/V1-2/GHS_UCDB_GLOBE_R2024A_V1_2.zip,2026-09-19T08:41:50.435893+00:00,European Commission reuse notice: reuse authorised with source acknowledgement,Direct field GH_BUT_P12_2020; layer GHSL_UCDB_THEME_GHSL_GLOBE_R2024A; exact definition and upstream source in ghsl_indicator_dictionary.csv and official PDF.
ghsl_698,ghsl_GH_BUT_P13_2020,GHSL UCDB R2024A V1.2,https://jeodpp.jrc.ec.europa.eu/ftp/jrc-opendata/GHSL/GHS_UCDB_GLOBE_R2024A/GHS_UCDB_GLOBE_R2024A/V1-2/GHS_UCDB_GLOBE_R2024A_V1_2.zip,2026-09-19T08:41:50.435893+00:00,European Commission reuse notice: reuse authorised with source acknowledgement,Direct field GH_BUT_P13_2020; layer GHSL_UCDB_THEME_GHSL_GLOBE_R2024A; exact definition and upstream source in ghsl_indicator_dictionary.csv and official PDF.
ghsl_698,ghsl_GH_BUT_P21_2020,GHSL UCDB R2024A V1.2,https://jeodpp.jrc.ec.europa.eu/ftp/jrc-opendata/GHSL/GHS_UCDB_GLOBE_R2024A/GHS_UCDB_GLOBE_R2024A/V1-2/GHS_UCDB_GLOBE_R2024A_V1_2.zip,2026-09-19T08:41:50.435893+00:00,European Commission reuse notice: reuse authorised with source acknowledgement,Direct field GH_BUT_P21_2020; layer GHSL_UCDB_THEME_GHSL_GLOBE_R2024A; exact definition and upstream source in ghsl_indicator_dictionary.csv and official PDF.
ghsl_698,ghsl_GH_BUT_P22_2020,GHSL UCDB R2024A V1.2,https://jeodpp.jrc.ec.europa.eu/ftp/jrc-opendata/GHSL/GHS_UCDB_GLOBE_R2024A/GHS_UCDB_GLOBE_R2024A/V1-2/GHS_UCDB_GLOBE_R2024A_V1_2.zip,2026-09-19T08:41:50.435893+00:00,European Commission reuse notice: reuse authorised with source acknowledgement,Direct field GH_BUT_P22_2020; layer GHSL_UCDB_THEME_GHSL_GLOBE_R2024A; exact definition and upstream source in ghsl_indicator_dictionary.csv and official PDF.
ghsl_698,ghsl_GH_BUT_P23_2020,GHSL UCDB R2024A V1.2,https://jeodpp.jrc.ec.europa.eu/ftp/jrc-opendata/GHSL/GHS_UCDB_GLOBE_R2024A/GHS_UCDB_GLOBE_R2024A/V1-2/GHS_UCDB_GLOBE_R2024A_V1_2.zip,2026-09-19T08:41:50.435893+00:00,European Commission reuse notice: reuse authorised with source acknowledgement,Direct field GH_BUT_P23_2020; layer GHSL_UCDB_THEME_GHSL_GLOBE_R2024A; exact definition and upstream source in ghsl_indicator_dictionary.csv and official PDF.
ghsl_698,ghsl_GH_AGE_S75_2025,GHSL UCDB R2024A V1.2,https://jeodpp.jrc.ec.europa.eu/ftp/jrc-opendata/GHSL/GHS_UCDB_GLOBE_R2024A/GHS_UCDB_GLOBE_R2024A/V1-2/GHS_UCDB_GLOBE_R2024A_V1_2.zip,2026-09-19T08:41:50.435893+00:00,European Commission reuse notice: reuse authorised with source acknowledgement,Direct field GH_AGE_S75_2025; layer GHSL_UCDB_THEME_GHSL_GLOBE_R2024A; exact definition and upstream source in ghsl_indicator_dictionary.csv and official PDF.
ghsl_698,ghsl_GH_AGE_S85_2025,GHSL UCDB R2024A V1.2,https://jeodpp.jrc.ec.europa.eu/ftp/jrc-opendata/GHSL/GHS_UCDB_GLOBE_R2024A/GHS_UCDB_GLOBE_R2024A/V1-2/GHS_UCDB_GLOBE_R2024A_V1_2.zip,2026-09-19T08:41:50.435893+00:00,European Commission reuse notice: reuse authorised with source acknowledgement,Direct field GH_AGE_S85_2025; layer GHSL_UCDB_THEME_GHSL_GLOBE_R2024A; exact definition and upstream source in ghsl_indicator_dictionary.csv and official PDF.
ghsl_698,ghsl_GH_AGE_S95_2025,GHSL UCDB R2024A V1.2,https://jeodpp.jrc.ec.europa.eu/ftp/jrc-opendata/GHSL/GHS_UCDB_GLOBE_R2024A/GHS_UCDB_GLOBE_R2024A/V1-2/GHS_UCDB_GLOBE_R2024A_V1_2.zip,2026-09-19T08:41:50.435893+00:00,European Commission reuse notice: reuse authorised with source acknowledgement,Direct field GH_AGE_S95_2025; layer GHSL_UCDB_THEME_GHSL_GLOBE_R2024A; exact definition and upstream source in ghsl_indicator_dictionary.csv and official PDF.
ghsl_698,ghsl_GH_AGE_S05_2025,GHSL UCDB R2024A V1.2,https://jeodpp.jrc.ec.europa.eu/ftp/jrc-opendata/GHSL/GHS_UCDB_GLOBE_R2024A/GHS_UCDB_GLOBE_R2024A/V1-2/GHS_UCDB_GLOBE_R2024A_V1_2.zip,2026-09-19T08:41:50.435893+00:00,European Commission reuse notice: reuse authorised with source acknowledgement,Direct field GH_AGE_S05_2025; layer GHSL_UCDB_THEME_GHSL_GLOBE_R2024A; exact definition and upstream source in ghsl_indicator_dictionary.csv and official PDF.
ghsl_698,ghsl_GH_AGE_S15_2025,GHSL UCDB R2024A V1.2,https://jeodpp.jrc.ec.europa.eu/ftp/jrc-opendata/GHSL/GHS_UCDB_GLOBE_R2024A/GHS_UCDB_GLOBE_R2024A/V1-2/GHS_UCDB_GLOBE_R2024A_V1_2.zip,2026-09-19T08:41:50.435893+00:00,European Commission reuse notice: reuse authorised with source acknowledgement,Direct field GH_AGE_S15_2025; layer GHSL_UCDB_THEME_GHSL_GLOBE_R2024A; exact definition and upstream source in ghsl_indicator_dictionary.csv and official PDF.
ghsl_698,ghsl_GH_AGE_S25_2025,GHSL UCDB R2024A V1.2,https://jeodpp.jrc.ec.europa.eu/ftp/jrc-opendata/GHSL/GHS_UCDB_GLOBE_R2024A/GHS_UCDB_GLOBE_R2024A/V1-2/GHS_UCDB_GLOBE_R2024A_V1_2.zip,2026-09-19T08:41:50.435893+00:00,European Commission reuse notice: reuse authorised with source acknowledgement,Direct field GH_AGE_S25_2025; layer GHSL_UCDB_THEME_GHSL_GLOBE_R2024A; exact definition and upstream source in ghsl_indicator_dictionary.csv and official PDF.
ghsl_698,ghsl_GH_POP_TOT_2025,GHSL UCDB R2024A V1.2,https://jeodpp.jrc.ec.europa.eu/ftp/jrc-opendata/GHSL/GHS_UCDB_GLOBE_R2024A/GHS_UCDB_GLOBE_R2024A/V1-2/GHS_UCDB_GLOBE_R2024A_V1_2.zip,2026-09-19T08:41:50.435893+00:00,European Commission reuse notice: reuse authorised with source acknowledgement,Direct field GH_POP_TOT_2025; layer GHSL_UCDB_THEME_GHSL_GLOBE_R2024A; exact definition and upstream source in ghsl_indicator_dictionary.csv and official PDF.
ghsl_698,ghsl_GH_POP_CAG_2025,GHSL UCDB R2024A V1.2,https://jeodpp.jrc.ec.europa.eu/ftp/jrc-opendata/GHSL/GHS_UCDB_GLOBE_R2024A/GHS_UCDB_GLOBE_R2024A/V1-2/GHS_UCDB_GLOBE_R2024A_V1_2.zip,2026-09-19T08:41:50.435893+00:00,European Commission reuse notice: reuse authorised with source acknowledgement,Direct field GH_POP_CAG_2025; layer GHSL_UCDB_THEME_GHSL_GLOBE_R2024A; exact definition and upstream source in ghsl_indicator_dictionary.csv and official PDF.
ghsl_698,ghsl_GH_XST_A11_2025,GHSL UCDB R2024A V1.2,https://jeodpp.jrc.ec.europa.eu/ftp/jrc-opendata/GHSL/GHS_UCDB_GLOBE_R2024A/GHS_UCDB_GLOBE_R2024A/V1-2/GHS_UCDB_GLOBE_R2024A_V1_2.zip,2026-09-19T08:41:50.435893+00:00,European Commission reuse notice: reuse authorised with source acknowledgement,Direct field GH_XST_A11_2025; layer GHSL_UCDB_THEME_GHSL_GLOBE_R2024A; exact definition and upstream source in ghsl_indicator_dictionary.csv and official PDF.
ghsl_698,ghsl_GH_XST_A12_2025,GHSL UCDB R2024A V1.2,https://jeodpp.jrc.ec.europa.eu/ftp/jrc-opendata/GHSL/GHS_UCDB_GLOBE_R2024A/GHS_UCDB_GLOBE_R2024A/V1-2/GHS_UCDB_GLOBE_R2024A_V1_2.zip,2026-09-19T08:41:50.435893+00:00,European Commission reuse notice: reuse authorised with source acknowledgement,Direct field GH_XST_A12_2025; layer GHSL_UCDB_THEME_GHSL_GLOBE_R2024A; exact definition and upstream source in ghsl_indicator_dictionary.csv and official PDF.
ghsl_698,ghsl_GH_XST_A13_2025,GHSL UCDB R2024A V1.2,https://jeodpp.jrc.ec.europa.eu/ftp/jrc-opendata/GHSL/GHS_UCDB_GLOBE_R2024A/GHS_UCDB_GLOBE_R2024A/V1-2/GHS_UCDB_GLOBE_R2024A_V1_2.zip,2026-09-19T08:41:50.435893+00:00,European Commission reuse notice: reuse authorised with source acknowledgement,Direct field GH_XST_A13_2025; layer GHSL_UCDB_THEME_GHSL_GLOBE_R2024A; exact definition and upstream source in ghsl_indicator_dictionary.csv and official PDF.
ghsl_698,ghsl_GH_XST_A21_2025,GHSL UCDB R2024A V1.2,https://jeodpp.jrc.ec.europa.eu/ftp/jrc-opendata/GHSL/GHS_UCDB_GLOBE_R2024A/GHS_UCDB_GLOBE_R2024A/V1-2/GHS_UCDB_GLOBE_R2024A_V1_2.zip,2026-09-19T08:41:50.435893+00:00,European Commission reuse notice: reuse authorised with source acknowledgement,Direct field GH_XST_A21_2025; layer GHSL_UCDB_THEME_GHSL_GLOBE_R2024A; exact definition and upstream source in ghsl_indicator_dictionary.csv and official PDF.
ghsl_698,ghsl_GH_XST_A22_2025,GHSL UCDB R2024A V1.2,https://jeodpp.jrc.ec.europa.eu/ftp/jrc-opendata/GHSL/GHS_UCDB_GLOBE_R2024A/GHS_UCDB_GLOBE_R2024A/V1-2/GHS_UCDB_GLOBE_R2024A_V1_2.zip,2026-09-19T08:41:50.435893+00:00,European Commission reuse notice: reuse authorised with source acknowledgement,Direct field GH_XST_A22_2025; layer GHSL_UCDB_THEME_GHSL_GLOBE_R2024A; exact definition and upstream source in ghsl_indicator_dictionary.csv and official PDF.
ghsl_698,ghsl_XST_A23_2025,GHSL UCDB R2024A V1.2,https://jeodpp.jrc.ec.europa.eu/ftp/jrc-opendata/GHSL/GHS_UCDB_GLOBE_R2024A/GHS_UCDB_GLOBE_R2024A/V1-2/GHS_UCDB_GLOBE_R2024A_V1_2.zip,2026-09-19T08:41:50.435893+00:00,European Commission reuse notice: reuse authorised with source acknowledgement,Direct field XST_A23_2025; layer GHSL_UCDB_THEME_GHSL_GLOBE_R2024A; exact definition and upstream source in ghsl_indicator_dictionary.csv and official PDF.
ghsl_698,ghsl_XST_A30_2025,GHSL UCDB R2024A V1.2,https://jeodpp.jrc.ec.europa.eu/ftp/jrc-opendata/GHSL/GHS_UCDB_GLOBE_R2024A/GHS_UCDB_GLOBE_R2024A/V1-2/GHS_UCDB_GLOBE_R2024A_V1_2.zip,2026-09-19T08:41:50.435893+00:00,European Commission reuse notice: reuse authorised with source acknowledgement,Direct field XST_A30_2025; layer GHSL_UCDB_THEME_GHSL_GLOBE_R2024A; exact definition and upstream source in ghsl_indicator_dictionary.csv and official PDF.
ghsl_698,ghsl_GH_XST_S11_2025,GHSL UCDB R2024A V1.2,https://jeodpp.jrc.ec.europa.eu/ftp/jrc-opendata/GHSL/GHS_UCDB_GLOBE_R2024A/GHS_UCDB_GLOBE_R2024A/V1-2/GHS_UCDB_GLOBE_R2024A_V1_2.zip,2026-09-19T08:41:50.435893+00:00,European Commission reuse notice: reuse authorised with source acknowledgement,Direct field GH_XST_S11_2025; layer GHSL_UCDB_THEME_GHSL_GLOBE_R2024A; exact definition and upstream source in ghsl_indicator_dictionary.csv and official PDF.
ghsl_698,ghsl_GH_XST_S12_2025,GHSL UCDB R2024A V1.2,https://jeodpp.jrc.ec.europa.eu/ftp/jrc-opendata/GHSL/GHS_UCDB_GLOBE_R2024A/GHS_UCDB_GLOBE_R2024A/V1-2/GHS_UCDB_GLOBE_R2024A_V1_2.zip,2026-09-19T08:41:50.435893+00:00,European Commission reuse notice: reuse authorised with source acknowledgement,Direct field GH_XST_S12_2025; layer GHSL_UCDB_THEME_GHSL_GLOBE_R2024A; exact definition and upstream source in ghsl_indicator_dictionary.csv and official PDF.
ghsl_698,ghsl_GH_XST_S13_2025,GHSL UCDB R2024A V1.2,https://jeodpp.jrc.ec.europa.eu/ftp/jrc-opendata/GHSL/GHS_UCDB_GLOBE_R2024A/GHS_UCDB_GLOBE_R2024A/V1-2/GHS_UCDB_GLOBE_R2024A_V1_2.zip,2026-09-19T08:41:50.435893+00:00,European Commission reuse notice: reuse authorised with source acknowledgement,Direct field GH_XST_S13_2025; layer GHSL_UCDB_THEME_GHSL_GLOBE_R2024A; exact definition and upstream source in ghsl_indicator_dictionary.csv and official PDF.
ghsl_698,ghsl_GH_XST_S21_2025,GHSL UCDB R2024A V1.2,https://jeodpp.jrc.ec.europa.eu/ftp/jrc-opendata/GHSL/GHS_UCDB_GLOBE_R2024A/GHS_UCDB_GLOBE_R2024A/V1-2/GHS_UCDB_GLOBE_R2024A_V1_2.zip,2026-09-19T08:41:50.435893+00:00,European Commission reuse notice: reuse authorised with source acknowledgement,Direct field GH_XST_S21_2025; layer GHSL_UCDB_THEME_GHSL_GLOBE_R2024A; exact definition and upstream source in ghsl_indicator_dictionary.csv and official PDF.
ghsl_698,ghsl_GH_XST_S22_2025,GHSL UCDB R2024A V1.2,https://jeodpp.jrc.ec.europa.eu/ftp/jrc-opendata/GHSL/GHS_UCDB_GLOBE_R2024A/GHS_UCDB_GLOBE_R2024A/V1-2/GHS_UCDB_GLOBE_R2024A_V1_2.zip,2026-09-19T08:41:50.435893+00:00,European Commission reuse notice: reuse authorised with source acknowledgement,Direct field GH_XST_S22_2025; layer GHSL_UCDB_THEME_GHSL_GLOBE_R2024A; exact definition and upstream source in ghsl_indicator_dictionary.csv and official PDF.
ghsl_698,ghsl_GH_XST_S23_2025,GHSL UCDB R2024A V1.2,https://jeodpp.jrc.ec.europa.eu/ftp/jrc-opendata/GHSL/GHS_UCDB_GLOBE_R2024A/GHS_UCDB_GLOBE_R2024A/V1-2/GHS_UCDB_GLOBE_R2024A_V1_2.zip,2026-09-19T08:41:50.435893+00:00,European Commission reuse notice: reuse authorised with source acknowledgement,Direct field GH_XST_S23_2025; layer GHSL_UCDB_THEME_GHSL_GLOBE_R2024A; exact definition and upstream source in ghsl_indicator_dictionary.csv and official PDF.
ghsl_698,ghsl_GH_XST_S30_2025,GHSL UCDB R2024A V1.2,https://jeodpp.jrc.ec.europa.eu/ftp/jrc-opendata/GHSL/GHS_UCDB_GLOBE_R2024A/GHS_UCDB_GLOBE_R2024A/V1-2/GHS_UCDB_GLOBE_R2024A_V1_2.zip,2026-09-19T08:41:50.435893+00:00,European Commission reuse notice: reuse authorised with source acknowledgement,Direct field GH_XST_S30_2025; layer GHSL_UCDB_THEME_GHSL_GLOBE_R2024A; exact definition and upstream source in ghsl_indicator_dictionary.csv and official PDF.
ghsl_698,ghsl_GH_XST_V11_2025,GHSL UCDB R2024A V1.2,https://jeodpp.jrc.ec.europa.eu/ftp/jrc-opendata/GHSL/GHS_UCDB_GLOBE_R2024A/GHS_UCDB_GLOBE_R2024A/V1-2/GHS_UCDB_GLOBE_R2024A_V1_2.zip,2026-09-19T08:41:50.435893+00:00,European Commission reuse notice: reuse authorised with source acknowledgement,Direct field GH_XST_V11_2025; layer GHSL_UCDB_THEME_GHSL_GLOBE_R2024A; exact definition and upstream source in ghsl_indicator_dictionary.csv and official PDF.
ghsl_698,ghsl_GH_XST_V12_2025,GHSL UCDB R2024A V1.2,https://jeodpp.jrc.ec.europa.eu/ftp/jrc-opendata/GHSL/GHS_UCDB_GLOBE_R2024A/GHS_UCDB_GLOBE_R2024A/V1-2/GHS_UCDB_GLOBE_R2024A_V1_2.zip,2026-09-19T08:41:50.435893+00:00,European Commission reuse notice: reuse authorised with source acknowledgement,Direct field GH_XST_V12_2025; layer GHSL_UCDB_THEME_GHSL_GLOBE_R2024A; exact definition and upstream source in ghsl_indicator_dictionary.csv and official PDF.
ghsl_698,ghsl_GH_XST_V13_2025,GHSL UCDB R2024A V1.2,https://jeodpp.jrc.ec.europa.eu/ftp/jrc-opendata/GHSL/GHS_UCDB_GLOBE_R2024A/GHS_UCDB_GLOBE_R2024A/V1-2/GHS_UCDB_GLOBE_R2024A_V1_2.zip,2026-09-19T08:41:50.435893+00:00,European Commission reuse notice: reuse authorised with source acknowledgement,Direct field GH_XST_V13_2025; layer GHSL_UCDB_THEME_GHSL_GLOBE_R2024A; exact definition and upstream source in ghsl_indicator_dictionary.csv and official PDF.
ghsl_698,ghsl_GH_XST_V21_2025,GHSL UCDB R2024A V1.2,https://jeodpp.jrc.ec.europa.eu/ftp/jrc-opendata/GHSL/GHS_UCDB_GLOBE_R2024A/GHS_UCDB_GLOBE_R2024A/V1-2/GHS_UCDB_GLOBE_R2024A_V1_2.zip,2026-09-19T08:41:50.435893+00:00,European Commission reuse notice: reuse authorised with source acknowledgement,Direct field GH_XST_V21_2025; layer GHSL_UCDB_THEME_GHSL_GLOBE_R2024A; exact definition and upstream source in ghsl_indicator_dictionary.csv and official PDF.
ghsl_698,ghsl_GH_XST_V22_2025,GHSL UCDB R2024A V1.2,https://jeodpp.jrc.ec.europa.eu/ftp/jrc-opendata/GHSL/GHS_UCDB_GLOBE_R2024A/GHS_UCDB_GLOBE_R2024A/V1-2/GHS_UCDB_GLOBE_R2024A_V1_2.zip,2026-09-19T08:41:50.435893+00:00,European Commission reuse notice: reuse authorised with source acknowledgement,Direct field GH_XST_V22_2025; layer GHSL_UCDB_THEME_GHSL_GLOBE_R2024A; exact definition and upstream source in ghsl_indicator_dictionary.csv and official PDF.
ghsl_698,ghsl_GH_XST_V23_2025,GHSL UCDB R2024A V1.2,https://jeodpp.jrc.ec.europa.eu/ftp/jrc-opendata/GHSL/GHS_UCDB_GLOBE_R2024A/GHS_UCDB_GLOBE_R2024A/V1-2/GHS_UCDB_GLOBE_R2024A_V1_2.zip,2026-09-19T08:41:50.435893+00:00,European Commission reuse notice: reuse authorised with source acknowledgement,Direct field GH_XST_V23_2025; layer GHSL_UCDB_THEME_GHSL_GLOBE_R2024A; exact definition and upstream source in ghsl_indicator_dictionary.csv and official PDF.
ghsl_698,ghsl_GH_XST_V30_2025,GHSL UCDB R2024A V1.2,https://jeodpp.jrc.ec.europa.eu/ftp/jrc-opendata/GHSL/GHS_UCDB_GLOBE_R2024A/GHS_UCDB_GLOBE_R2024A/V1-2/GHS_UCDB_GLOBE_R2024A_V1_2.zip,2026-09-19T08:41:50.435893+00:00,European Commission reuse notice: reuse authorised with source acknowledgement,Direct field GH_XST_V30_2025; layer GHSL_UCDB_THEME_GHSL_GLOBE_R2024A; exact definition and upstream source in ghsl_indicator_dictionary.csv and official PDF.
ghsl_698,ghsl_GH_XST_P11_2025,GHSL UCDB R2024A V1.2,https://jeodpp.jrc.ec.europa.eu/ftp/jrc-opendata/GHSL/GHS_UCDB_GLOBE_R2024A/GHS_UCDB_GLOBE_R2024A/V1-2/GHS_UCDB_GLOBE_R2024A_V1_2.zip,2026-09-19T08:41:50.435893+00:00,European Commission reuse notice: reuse authorised with source acknowledgement,Direct field GH_XST_P11_2025; layer GHSL_UCDB_THEME_GHSL_GLOBE_R2024A; exact definition and upstream source in ghsl_indicator_dictionary.csv and official PDF.
ghsl_698,ghsl_GH_XST_P12_2025,GHSL UCDB R2024A V1.2,https://jeodpp.jrc.ec.europa.eu/ftp/jrc-opendata/GHSL/GHS_UCDB_GLOBE_R2024A/GHS_UCDB_GLOBE_R2024A/V1-2/GHS_UCDB_GLOBE_R2024A_V1_2.zip,2026-09-19T08:41:50.435893+00:00,European Commission reuse notice: reuse authorised with source acknowledgement,Direct field GH_XST_P12_2025; layer GHSL_UCDB_THEME_GHSL_GLOBE_R2024A; exact definition and upstream source in ghsl_indicator_dictionary.csv and official PDF.
ghsl_698,ghsl_GH_XST_P13_2025,GHSL UCDB R2024A V1.2,https://jeodpp.jrc.ec.europa.eu/ftp/jrc-opendata/GHSL/GHS_UCDB_GLOBE_R2024A/GHS_UCDB_GLOBE_R2024A/V1-2/GHS_UCDB_GLOBE_R2024A_V1_2.zip,2026-09-19T08:41:50.435893+00:00,European Commission reuse notice: reuse authorised with source acknowledgement,Direct field GH_XST_P13_2025; layer GHSL_UCDB_THEME_GHSL_GLOBE_R2024A; exact definition and upstream source in ghsl_indicator_dictionary.csv and official PDF.
ghsl_698,ghsl_GH_XST_P21_2025,GHSL UCDB R2024A V1.2,https://jeodpp.jrc.ec.europa.eu/ftp/jrc-opendata/GHSL/GHS_UCDB_GLOBE_R2024A/GHS_UCDB_GLOBE_R2024A/V1-2/GHS_UCDB_GLOBE_R2024A_V1_2.zip,2026-09-19T08:41:50.435893+00:00,European Commission reuse notice: reuse authorised with source acknowledgement,Direct field GH_XST_P21_2025; layer GHSL_UCDB_THEME_GHSL_GLOBE_R2024A; exact definition and upstream source in ghsl_indicator_dictionary.csv and official PDF.
ghsl_698,ghsl_GH_XST_P22_2025,GHSL UCDB R2024A V1.2,https://jeodpp.jrc.ec.europa.eu/ftp/jrc-opendata/GHSL/GHS_UCDB_GLOBE_R2024A/GHS_UCDB_GLOBE_R2024A/V1-2/GHS_UCDB_GLOBE_R2024A_V1_2.zip,2026-09-19T08:41:50.435893+00:00,European Commission reuse notice: reuse authorised with source acknowledgement,Direct field GH_XST_P22_2025; layer GHSL_UCDB_THEME_GHSL_GLOBE_R2024A; exact definition and upstream source in ghsl_indicator_dictionary.csv and official PDF.
ghsl_698,ghsl_GH_XST_P23_2025,GHSL UCDB R2024A V1.2,https://jeodpp.jrc.ec.europa.eu/ftp/jrc-opendata/GHSL/GHS_UCDB_GLOBE_R2024A/GHS_UCDB_GLOBE_R2024A/V1-2/GHS_UCDB_GLOBE_R2024A_V1_2.zip,2026-09-19T08:41:50.435893+00:00,European Commission reuse notice: reuse authorised with source acknowledgement,Direct field GH_XST_P23_2025; layer GHSL_UCDB_THEME_GHSL_GLOBE_R2024A; exact definition and upstream source in ghsl_indicator_dictionary.csv and official PDF.
ghsl_698,ghsl_GH_XST_P30_2025,GHSL UCDB R2024A V1.2,https://jeodpp.jrc.ec.europa.eu/ftp/jrc-opendata/GHSL/GHS_UCDB_GLOBE_R2024A/GHS_UCDB_GLOBE_R2024A/V1-2/GHS_UCDB_GLOBE_R2024A_V1_2.zip,2026-09-19T08:41:50.435893+00:00,European Commission reuse notice: reuse authorised with source acknowledgement,Direct field GH_XST_P30_2025; layer GHSL_UCDB_THEME_GHSL_GLOBE_R2024A; exact definition and upstream source in ghsl_indicator_dictionary.csv and official PDF.
ghsl_698,ghsl_GH_XST_D11_2025,GHSL UCDB R2024A V1.2,https://jeodpp.jrc.ec.europa.eu/ftp/jrc-opendata/GHSL/GHS_UCDB_GLOBE_R2024A/GHS_UCDB_GLOBE_R2024A/V1-2/GHS_UCDB_GLOBE_R2024A_V1_2.zip,2026-09-19T08:41:50.435893+00:00,European Commission reuse notice: reuse authorised with source acknowledgement,Direct field GH_XST_D11_2025; layer GHSL_UCDB_THEME_GHSL_GLOBE_R2024A; exact definition and upstream source in ghsl_indicator_dictionary.csv and official PDF.
ghsl_698,ghsl_GH_XST_D12_2025,GHSL UCDB R2024A V1.2,https://jeodpp.jrc.ec.europa.eu/ftp/jrc-opendata/GHSL/GHS_UCDB_GLOBE_R2024A/GHS_UCDB_GLOBE_R2024A/V1-2/GHS_UCDB_GLOBE_R2024A_V1_2.zip,2026-09-19T08:41:50.435893+00:00,European Commission reuse notice: reuse authorised with source acknowledgement,Direct field GH_XST_D12_2025; layer GHSL_UCDB_THEME_GHSL_GLOBE_R2024A; exact definition and upstream source in ghsl_indicator_dictionary.csv and official PDF.
ghsl_698,ghsl_GH_XST_D13_2025,GHSL UCDB R2024A V1.2,https://jeodpp.jrc.ec.europa.eu/ftp/jrc-opendata/GHSL/GHS_UCDB_GLOBE_R2024A/GHS_UCDB_GLOBE_R2024A/V1-2/GHS_UCDB_GLOBE_R2024A_V1_2.zip,2026-09-19T08:41:50.435893+00:00,European Commission reuse notice: reuse authorised with source acknowledgement,Direct field GH_XST_D13_2025; layer GHSL_UCDB_THEME_GHSL_GLOBE_R2024A; exact definition and upstream source in ghsl_indicator_dictionary.csv and official PDF.
ghsl_698,ghsl_GH_XST_D21_2025,GHSL UCDB R2024A V1.2,https://jeodpp.jrc.ec.europa.eu/ftp/jrc-opendata/GHSL/GHS_UCDB_GLOBE_R2024A/GHS_UCDB_GLOBE_R2024A/V1-2/GHS_UCDB_GLOBE_R2024A_V1_2.zip,2026-09-19T08:41:50.435893+00:00,European Commission reuse notice: reuse authorised with source acknowledgement,Direct field GH_XST_D21_2025; layer GHSL_UCDB_THEME_GHSL_GLOBE_R2024A; exact definition and upstream source in ghsl_indicator_dictionary.csv and official PDF.
ghsl_698,ghsl_GH_XST_D22_2025,GHSL UCDB R2024A V1.2,https://jeodpp.jrc.ec.europa.eu/ftp/jrc-opendata/GHSL/GHS_UCDB_GLOBE_R2024A/GHS_UCDB_GLOBE_R2024A/V1-2/GHS_UCDB_GLOBE_R2024A_V1_2.zip,2026-09-19T08:41:50.435893+00:00,European Commission reuse notice: reuse authorised with source acknowledgement,Direct field GH_XST_D22_2025; layer GHSL_UCDB_THEME_GHSL_GLOBE_R2024A; exact definition and upstream source in ghsl_indicator_dictionary.csv and official PDF.
ghsl_698,ghsl_GH_XST_D23_2025,GHSL UCDB R2024A V1.2,https://jeodpp.jrc.ec.europa.eu/ftp/jrc-opendata/GHSL/GHS_UCDB_GLOBE_R2024A/GHS_UCDB_GLOBE_R2024A/V1-2/GHS_UCDB_GLOBE_R2024A_V1_2.zip,2026-09-19T08:41:50.435893+00:00,European Commission reuse notice: reuse authorised with source acknowledgement,Direct field GH_XST_D23_2025; layer GHSL_UCDB_THEME_GHSL_GLOBE_R2024A; exact definition and upstream source in ghsl_indicator_dictionary.csv and official PDF.
ghsl_698,ghsl_GH_XST_D30_2025,GHSL UCDB R2024A V1.2,https://jeodpp.jrc.ec.europa.eu/ftp/jrc-opendata/GHSL/GHS_UCDB_GLOBE_R2024A/GHS_UCDB_GLOBE_R2024A/V1-2/GHS_UCDB_GLOBE_R2024A_V1_2.zip,2026-09-19T08:41:50.435893+00:00,European Commission reuse notice: reuse authorised with source acknowledgement,Direct field GH_XST_D30_2025; layer GHSL_UCDB_THEME_GHSL_GLOBE_R2024A; exact definition and upstream source in ghsl_indicator_dictionary.csv and official PDF.
ghsl_698,ghsl_GH_L30_2025,GHSL UCDB R2024A V1.2,https://jeodpp.jrc.ec.europa.eu/ftp/jrc-opendata/GHSL/GHS_UCDB_GLOBE_R2024A/GHS_UCDB_GLOBE_R2024A/V1-2/GHS_UCDB_GLOBE_R2024A_V1_2.zip,2026-09-19T08:41:50.435893+00:00,European Commission reuse notice: reuse authorised with source acknowledgement,Direct field GH_L30_2025; layer GHSL_UCDB_THEME_GHSL_GLOBE_R2024A; exact definition and upstream source in ghsl_indicator_dictionary.csv and official PDF.
ghsl_698,ghsl_GH_W30_2025,GHSL UCDB R2024A V1.2,https://jeodpp.jrc.ec.europa.eu/ftp/jrc-opendata/GHSL/GHS_UCDB_GLOBE_R2024A/GHS_UCDB_GLOBE_R2024A/V1-2/GHS_UCDB_GLOBE_R2024A_V1_2.zip,2026-09-19T08:41:50.435893+00:00,European Commission reuse notice: reuse authorised with source acknowledgement,Direct field GH_W30_2025; layer GHSL_UCDB_THEME_GHSL_GLOBE_R2024A; exact definition and upstream source in ghsl_indicator_dictionary.csv and official PDF.
ghsl_698,ghsl_GR_CTH_AVG_2020,GHSL UCDB R2024A V1.2,https://jeodpp.jrc.ec.europa.eu/ftp/jrc-opendata/GHSL/GHS_UCDB_GLOBE_R2024A/GHS_UCDB_GLOBE_R2024A/V1-2/GHS_UCDB_GLOBE_R2024A_V1_2.zip,2026-09-19T08:41:50.435893+00:00,European Commission reuse notice: reuse authorised with source acknowledgement,Direct field GR_CTH_AVG_2020; layer GHSL_UCDB_THEME_GREENNESS_GLOBE_R2024A; exact definition and upstream source in ghsl_indicator_dictionary.csv and official PDF.
ghsl_698,ghsl_GR_CTH_STD_2020,GHSL UCDB R2024A V1.2,https://jeodpp.jrc.ec.europa.eu/ftp/jrc-opendata/GHSL/GHS_UCDB_GLOBE_R2024A/GHS_UCDB_GLOBE_R2024A/V1-2/GHS_UCDB_GLOBE_R2024A_V1_2.zip,2026-09-19T08:41:50.435893+00:00,European Commission reuse notice: reuse authorised with source acknowledgement,Direct field GR_CTH_STD_2020; layer GHSL_UCDB_THEME_GREENNESS_GLOBE_R2024A; exact definition and upstream source in ghsl_indicator_dictionary.csv and official PDF.
ghsl_698,ghsl_GR_AVG_GRN_2025,GHSL UCDB R2024A V1.2,https://jeodpp.jrc.ec.europa.eu/ftp/jrc-opendata/GHSL/GHS_UCDB_GLOBE_R2024A/GHS_UCDB_GLOBE_R2024A/V1-2/GHS_UCDB_GLOBE_R2024A_V1_2.zip,2026-09-19T08:41:50.435893+00:00,European Commission reuse notice: reuse authorised with source acknowledgement,Direct field GR_AVG_GRN_2025; layer GHSL_UCDB_THEME_GREENNESS_GLOBE_R2024A; exact definition and upstream source in ghsl_indicator_dictionary.csv and official PDF.
ghsl_698,ghsl_GR_SQM_LGR_2025,GHSL UCDB R2024A V1.2,https://jeodpp.jrc.ec.europa.eu/ftp/jrc-opendata/GHSL/GHS_UCDB_GLOBE_R2024A/GHS_UCDB_GLOBE_R2024A/V1-2/GHS_UCDB_GLOBE_R2024A_V1_2.zip,2026-09-19T08:41:50.435893+00:00,European Commission reuse notice: reuse authorised with source acknowledgement,Direct field GR_SQM_LGR_2025; layer GHSL_UCDB_THEME_GREENNESS_GLOBE_R2024A; exact definition and upstream source in ghsl_indicator_dictionary.csv and official PDF.
ghsl_698,ghsl_GR_SQM_HGR_2025,GHSL UCDB R2024A V1.2,https://jeodpp.jrc.ec.europa.eu/ftp/jrc-opendata/GHSL/GHS_UCDB_GLOBE_R2024A/GHS_UCDB_GLOBE_R2024A/V1-2/GHS_UCDB_GLOBE_R2024A_V1_2.zip,2026-09-19T08:41:50.435893+00:00,European Commission reuse notice: reuse authorised with source acknowledgement,Direct field GR_SQM_HGR_2025; layer GHSL_UCDB_THEME_GREENNESS_GLOBE_R2024A; exact definition and upstream source in ghsl_indicator_dictionary.csv and official PDF.
ghsl_698,ghsl_GR_SQM_GRN_2025,GHSL UCDB R2024A V1.2,https://jeodpp.jrc.ec.europa.eu/ftp/jrc-opendata/GHSL/GHS_UCDB_GLOBE_R2024A/GHS_UCDB_GLOBE_R2024A/V1-2/GHS_UCDB_GLOBE_R2024A_V1_2.zip,2026-09-19T08:41:50.435893+00:00,European Commission reuse notice: reuse authorised with source acknowledgement,Direct field GR_SQM_GRN_2025; layer GHSL_UCDB_THEME_GREENNESS_GLOBE_R2024A; exact definition and upstream source in ghsl_indicator_dictionary.csv and official PDF.
ghsl_698,ghsl_GR_SHB_HGR_2025,GHSL UCDB R2024A V1.2,https://jeodpp.jrc.ec.europa.eu/ftp/jrc-opendata/GHSL/GHS_UCDB_GLOBE_R2024A/GHS_UCDB_GLOBE_R2024A/V1-2/GHS_UCDB_GLOBE_R2024A_V1_2.zip,2026-09-19T08:41:50.435893+00:00,European Commission reuse notice: reuse authorised with source acknowledgement,Direct field GR_SHB_HGR_2025; layer GHSL_UCDB_THEME_GREENNESS_GLOBE_R2024A; exact definition and upstream source in ghsl_indicator_dictionary.csv and official PDF.
ghsl_698,ghsl_GR_SHB_GRN_2025,GHSL UCDB R2024A V1.2,https://jeodpp.jrc.ec.europa.eu/ftp/jrc-opendata/GHSL/GHS_UCDB_GLOBE_R2024A/GHS_UCDB_GLOBE_R2024A/V1-2/GHS_UCDB_GLOBE_R2024A_V1_2.zip,2026-09-19T08:41:50.435893+00:00,European Commission reuse notice: reuse authorised with source acknowledgement,Direct field GR_SHB_GRN_2025; layer GHSL_UCDB_THEME_GREENNESS_GLOBE_R2024A; exact definition and upstream source in ghsl_indicator_dictionary.csv and official PDF.
ghsl_698,ghsl_HZ_WLF_BHA_2024,GHSL UCDB R2024A V1.2,https://jeodpp.jrc.ec.europa.eu/ftp/jrc-opendata/GHSL/GHS_UCDB_GLOBE_R2024A/GHS_UCDB_GLOBE_R2024A/V1-2/GHS_UCDB_GLOBE_R2024A_V1_2.zip,2026-09-19T08:41:50.435893+00:00,European Commission reuse notice: reuse authorised with source acknowledgement,Direct field HZ_WLF_BHA_2024; layer GHSL_UCDB_THEME_HAZARD_RISK_GLOBE_R2024A; exact definition and upstream source in ghsl_indicator_dictionary.csv and official PDF.
ghsl_698,ghsl_HZ_WLF_NUM_2024,GHSL UCDB R2024A V1.2,https://jeodpp.jrc.ec.europa.eu/ftp/jrc-opendata/GHSL/GHS_UCDB_GLOBE_R2024A/GHS_UCDB_GLOBE_R2024A/V1-2/GHS_UCDB_GLOBE_R2024A_V1_2.zip,2026-09-19T08:41:50.435893+00:00,European Commission reuse notice: reuse authorised with source acknowledgement,Direct field HZ_WLF_NUM_2024; layer GHSL_UCDB_THEME_HAZARD_RISK_GLOBE_R2024A; exact definition and upstream source in ghsl_indicator_dictionary.csv and official PDF.
ghsl_698,ghsl_HZ_CON_VAC_2020,GHSL UCDB R2024A V1.2,https://jeodpp.jrc.ec.europa.eu/ftp/jrc-opendata/GHSL/GHS_UCDB_GLOBE_R2024A/GHS_UCDB_GLOBE_R2024A/V1-2/GHS_UCDB_GLOBE_R2024A_V1_2.zip,2026-09-19T08:41:50.435893+00:00,European Commission reuse notice: reuse authorised with source acknowledgement,Direct field HZ_CON_VAC_2020; layer GHSL_UCDB_THEME_HAZARD_RISK_GLOBE_R2024A; exact definition and upstream source in ghsl_indicator_dictionary.csv and official PDF.
ghsl_698,ghsl_HZ_CON_BAT_2020,GHSL UCDB R2024A V1.2,https://jeodpp.jrc.ec.europa.eu/ftp/jrc-opendata/GHSL/GHS_UCDB_GLOBE_R2024A/GHS_UCDB_GLOBE_R2024A/V1-2/GHS_UCDB_GLOBE_R2024A_V1_2.zip,2026-09-19T08:41:50.435893+00:00,European Commission reuse notice: reuse authorised with source acknowledgement,Direct field HZ_CON_BAT_2020; layer GHSL_UCDB_THEME_HAZARD_RISK_GLOBE_R2024A; exact definition and upstream source in ghsl_indicator_dictionary.csv and official PDF.
ghsl_698,ghsl_HZ_CON_SDV_2020,GHSL UCDB R2024A V1.2,https://jeodpp.jrc.ec.europa.eu/ftp/jrc-opendata/GHSL/GHS_UCDB_GLOBE_R2024A/GHS_UCDB_GLOBE_R2024A/V1-2/GHS_UCDB_GLOBE_R2024A_V1_2.zip,2026-09-19T08:41:50.435893+00:00,European Commission reuse notice: reuse authorised with source acknowledgement,Direct field HZ_CON_SDV_2020; layer GHSL_UCDB_THEME_HAZARD_RISK_GLOBE_R2024A; exact definition and upstream source in ghsl_indicator_dictionary.csv and official PDF.
ghsl_698,ghsl_HZ_CON_RIO_2020,GHSL UCDB R2024A V1.2,https://jeodpp.jrc.ec.europa.eu/ftp/jrc-opendata/GHSL/GHS_UCDB_GLOBE_R2024A/GHS_UCDB_GLOBE_R2024A/V1-2/GHS_UCDB_GLOBE_R2024A_V1_2.zip,2026-09-19T08:41:50.435893+00:00,European Commission reuse notice: reuse authorised with source acknowledgement,Direct field HZ_CON_RIO_2020; layer GHSL_UCDB_THEME_HAZARD_RISK_GLOBE_R2024A; exact definition and upstream source in ghsl_indicator_dictionary.csv and official PDF.
ghsl_698,ghsl_HZ_CON_PRO_2020,GHSL UCDB R2024A V1.2,https://jeodpp.jrc.ec.europa.eu/ftp/jrc-opendata/GHSL/GHS_UCDB_GLOBE_R2024A/GHS_UCDB_GLOBE_R2024A/V1-2/GHS_UCDB_GLOBE_R2024A_V1_2.zip,2026-09-19T08:41:50.435893+00:00,European Commission reuse notice: reuse authorised with source acknowledgement,Direct field HZ_CON_PRO_2020; layer GHSL_UCDB_THEME_HAZARD_RISK_GLOBE_R2024A; exact definition and upstream source in ghsl_indicator_dictionary.csv and official PDF.
ghsl_698,ghsl_HZ_CON_ERV_2020,GHSL UCDB R2024A V1.2,https://jeodpp.jrc.ec.europa.eu/ftp/jrc-opendata/GHSL/GHS_UCDB_GLOBE_R2024A/GHS_UCDB_GLOBE_R2024A/V1-2/GHS_UCDB_GLOBE_R2024A_V1_2.zip,2026-09-19T08:41:50.435893+00:00,European Commission reuse notice: reuse authorised with source acknowledgement,Direct field HZ_CON_ERV_2020; layer GHSL_UCDB_THEME_HAZARD_RISK_GLOBE_R2024A; exact definition and upstream source in ghsl_indicator_dictionary.csv and official PDF.
ghsl_698,ghsl_HZ_CON_TOT_2020,GHSL UCDB R2024A V1.2,https://jeodpp.jrc.ec.europa.eu/ftp/jrc-opendata/GHSL/GHS_UCDB_GLOBE_R2024A/GHS_UCDB_GLOBE_R2024A/V1-2/GHS_UCDB_GLOBE_R2024A_V1_2.zip,2026-09-19T08:41:50.435893+00:00,European Commission reuse notice: reuse authorised with source acknowledgement,Direct field HZ_CON_TOT_2020; layer GHSL_UCDB_THEME_HAZARD_RISK_GLOBE_R2024A; exact definition and upstream source in ghsl_indicator_dictionary.csv and official PDF.
ghsl_698,ghsl_HZ_CON_SBC_2020,GHSL UCDB R2024A V1.2,https://jeodpp.jrc.ec.europa.eu/ftp/jrc-opendata/GHSL/GHS_UCDB_GLOBE_R2024A/GHS_UCDB_GLOBE_R2024A/V1-2/GHS_UCDB_GLOBE_R2024A_V1_2.zip,2026-09-19T08:41:50.435893+00:00,European Commission reuse notice: reuse authorised with source acknowledgement,Direct field HZ_CON_SBC_2020; layer GHSL_UCDB_THEME_HAZARD_RISK_GLOBE_R2024A; exact definition and upstream source in ghsl_indicator_dictionary.csv and official PDF.
ghsl_698,ghsl_HZ_CON_NSC_2020,GHSL UCDB R2024A V1.2,https://jeodpp.jrc.ec.europa.eu/ftp/jrc-opendata/GHSL/GHS_UCDB_GLOBE_R2024A/GHS_UCDB_GLOBE_R2024A/V1-2/GHS_UCDB_GLOBE_R2024A_V1_2.zip,2026-09-19T08:41:50.435893+00:00,European Commission reuse notice: reuse authorised with source acknowledgement,Direct field HZ_CON_NSC_2020; layer GHSL_UCDB_THEME_HAZARD_RISK_GLOBE_R2024A; exact definition and upstream source in ghsl_indicator_dictionary.csv and official PDF.
ghsl_698,ghsl_HZ_CON_OSV_2020,GHSL UCDB R2024A V1.2,https://jeodpp.jrc.ec.europa.eu/ftp/jrc-opendata/GHSL/GHS_UCDB_GLOBE_R2024A/GHS_UCDB_GLOBE_R2024A/V1-2/GHS_UCDB_GLOBE_R2024A_V1_2.zip,2026-09-19T08:41:50.435893+00:00,European Commission reuse notice: reuse authorised with source acknowledgement,Direct field HZ_CON_OSV_2020; layer GHSL_UCDB_THEME_HAZARD_RISK_GLOBE_R2024A; exact definition and upstream source in ghsl_indicator_dictionary.csv and official PDF.
ghsl_698,ghsl_HZ_CON_FAT_2020,GHSL UCDB R2024A V1.2,https://jeodpp.jrc.ec.europa.eu/ftp/jrc-opendata/GHSL/GHS_UCDB_GLOBE_R2024A/GHS_UCDB_GLOBE_R2024A/V1-2/GHS_UCDB_GLOBE_R2024A_V1_2.zip,2026-09-19T08:41:50.435893+00:00,European Commission reuse notice: reuse authorised with source acknowledgement,Direct field HZ_CON_FAT_2020; layer GHSL_UCDB_THEME_HAZARD_RISK_GLOBE_R2024A; exact definition and upstream source in ghsl_indicator_dictionary.csv and official PDF.
ghsl_698,ghsl_HZ_CEV_TEV_2015,GHSL UCDB R2024A V1.2,https://jeodpp.jrc.ec.europa.eu/ftp/jrc-opendata/GHSL/GHS_UCDB_GLOBE_R2024A/GHS_UCDB_GLOBE_R2024A/V1-2/GHS_UCDB_GLOBE_R2024A_V1_2.zip,2026-09-19T08:41:50.435893+00:00,European Commission reuse notice: reuse authorised with source acknowledgement,Direct field HZ_CEV_TEV_2015; layer GHSL_UCDB_THEME_HAZARD_RISK_GLOBE_R2024A; exact definition and upstream source in ghsl_indicator_dictionary.csv and official PDF.
ghsl_698,ghsl_HZ_CEV_THZ_2015,GHSL UCDB R2024A V1.2,https://jeodpp.jrc.ec.europa.eu/ftp/jrc-opendata/GHSL/GHS_UCDB_GLOBE_R2024A/GHS_UCDB_GLOBE_R2024A/V1-2/GHS_UCDB_GLOBE_R2024A_V1_2.zip,2026-09-19T08:41:50.435893+00:00,European Commission reuse notice: reuse authorised with source acknowledgement,Direct field HZ_CEV_THZ_2015; layer GHSL_UCDB_THEME_HAZARD_RISK_GLOBE_R2024A; exact definition and upstream source in ghsl_indicator_dictionary.csv and official PDF.
ghsl_698,ghsl_HZ_CEV_MHZ_2015,GHSL UCDB R2024A V1.2,https://jeodpp.jrc.ec.europa.eu/ftp/jrc-opendata/GHSL/GHS_UCDB_GLOBE_R2024A/GHS_UCDB_GLOBE_R2024A/V1-2/GHS_UCDB_GLOBE_R2024A_V1_2.zip,2026-09-19T08:41:50.435893+00:00,European Commission reuse notice: reuse authorised with source acknowledgement,Direct field HZ_CEV_MHZ_2015; layer GHSL_UCDB_THEME_HAZARD_RISK_GLOBE_R2024A; exact definition and upstream source in ghsl_indicator_dictionary.csv and official PDF.
ghsl_698,ghsl_HZ_CEV_EWI_2015,GHSL UCDB R2024A V1.2,https://jeodpp.jrc.ec.europa.eu/ftp/jrc-opendata/GHSL/GHS_UCDB_GLOBE_R2024A/GHS_UCDB_GLOBE_R2024A/V1-2/GHS_UCDB_GLOBE_R2024A_V1_2.zip,2026-09-19T08:41:50.435893+00:00,European Commission reuse notice: reuse authorised with source acknowledgement,Direct field HZ_CEV_EWI_2015; layer GHSL_UCDB_THEME_HAZARD_RISK_GLOBE_R2024A; exact definition and upstream source in ghsl_indicator_dictionary.csv and official PDF.
ghsl_698,ghsl_HZ_CEV_HEW_2015,GHSL UCDB R2024A V1.2,https://jeodpp.jrc.ec.europa.eu/ftp/jrc-opendata/GHSL/GHS_UCDB_GLOBE_R2024A/GHS_UCDB_GLOBE_R2024A/V1-2/GHS_UCDB_GLOBE_R2024A_V1_2.zip,2026-09-19T08:41:50.435893+00:00,European Commission reuse notice: reuse authorised with source acknowledgement,Direct field HZ_CEV_HEW_2015; layer GHSL_UCDB_THEME_HAZARD_RISK_GLOBE_R2024A; exact definition and upstream source in ghsl_indicator_dictionary.csv and official PDF.
ghsl_698,ghsl_HZ_CEV_DRO_2015,GHSL UCDB R2024A V1.2,https://jeodpp.jrc.ec.europa.eu/ftp/jrc-opendata/GHSL/GHS_UCDB_GLOBE_R2024A/GHS_UCDB_GLOBE_R2024A/V1-2/GHS_UCDB_GLOBE_R2024A_V1_2.zip,2026-09-19T08:41:50.435893+00:00,European Commission reuse notice: reuse authorised with source acknowledgement,Direct field HZ_CEV_DRO_2015; layer GHSL_UCDB_THEME_HAZARD_RISK_GLOBE_R2024A; exact definition and upstream source in ghsl_indicator_dictionary.csv and official PDF.
ghsl_698,ghsl_HZ_CEV_COW_2015,GHSL UCDB R2024A V1.2,https://jeodpp.jrc.ec.europa.eu/ftp/jrc-opendata/GHSL/GHS_UCDB_GLOBE_R2024A/GHS_UCDB_GLOBE_R2024A/V1-2/GHS_UCDB_GLOBE_R2024A_V1_2.zip,2026-09-19T08:41:50.435893+00:00,European Commission reuse notice: reuse authorised with source acknowledgement,Direct field HZ_CEV_COW_2015; layer GHSL_UCDB_THEME_HAZARD_RISK_GLOBE_R2024A; exact definition and upstream source in ghsl_indicator_dictionary.csv and official PDF.
ghsl_698,ghsl_HZ_CEV_FLO_2015,GHSL UCDB R2024A V1.2,https://jeodpp.jrc.ec.europa.eu/ftp/jrc-opendata/GHSL/GHS_UCDB_GLOBE_R2024A/GHS_UCDB_GLOBE_R2024A/V1-2/GHS_UCDB_GLOBE_R2024A_V1_2.zip,2026-09-19T08:41:50.435893+00:00,European Commission reuse notice: reuse authorised with source acknowledgement,Direct field HZ_CEV_FLO_2015; layer GHSL_UCDB_THEME_HAZARD_RISK_GLOBE_R2024A; exact definition and upstream source in ghsl_indicator_dictionary.csv and official PDF.
ghsl_698,ghsl_HZ_CEV_TSU_2015,GHSL UCDB R2024A V1.2,https://jeodpp.jrc.ec.europa.eu/ftp/jrc-opendata/GHSL/GHS_UCDB_GLOBE_R2024A/GHS_UCDB_GLOBE_R2024A/V1-2/GHS_UCDB_GLOBE_R2024A_V1_2.zip,2026-09-19T08:41:50.435893+00:00,European Commission reuse notice: reuse authorised with source acknowledgement,Direct field HZ_CEV_TSU_2015; layer GHSL_UCDB_THEME_HAZARD_RISK_GLOBE_R2024A; exact definition and upstream source in ghsl_indicator_dictionary.csv and official PDF.
ghsl_698,ghsl_HZ_CEV_TCY_2015,GHSL UCDB R2024A V1.2,https://jeodpp.jrc.ec.europa.eu/ftp/jrc-opendata/GHSL/GHS_UCDB_GLOBE_R2024A/GHS_UCDB_GLOBE_R2024A/V1-2/GHS_UCDB_GLOBE_R2024A_V1_2.zip,2026-09-19T08:41:50.435893+00:00,European Commission reuse notice: reuse authorised with source acknowledgement,Direct field HZ_CEV_TCY_2015; layer GHSL_UCDB_THEME_HAZARD_RISK_GLOBE_R2024A; exact definition and upstream source in ghsl_indicator_dictionary.csv and official PDF.
ghsl_698,ghsl_HZ_CEV_WLF_2015,GHSL UCDB R2024A V1.2,https://jeodpp.jrc.ec.europa.eu/ftp/jrc-opendata/GHSL/GHS_UCDB_GLOBE_R2024A/GHS_UCDB_GLOBE_R2024A/V1-2/GHS_UCDB_GLOBE_R2024A_V1_2.zip,2026-09-19T08:41:50.435893+00:00,European Commission reuse notice: reuse authorised with source acknowledgement,Direct field HZ_CEV_WLF_2015; layer GHSL_UCDB_THEME_HAZARD_RISK_GLOBE_R2024A; exact definition and upstream source in ghsl_indicator_dictionary.csv and official PDF.
ghsl_698,ghsl_HZ_CEV_LAN_2015,GHSL UCDB R2024A V1.2,https://jeodpp.jrc.ec.europa.eu/ftp/jrc-opendata/GHSL/GHS_UCDB_GLOBE_R2024A/GHS_UCDB_GLOBE_R2024A/V1-2/GHS_UCDB_GLOBE_R2024A_V1_2.zip,2026-09-19T08:41:50.435893+00:00,European Commission reuse notice: reuse authorised with source acknowledgement,Direct field HZ_CEV_LAN_2015; layer GHSL_UCDB_THEME_HAZARD_RISK_GLOBE_R2024A; exact definition and upstream source in ghsl_indicator_dictionary.csv and official PDF.
ghsl_698,ghsl_HZ_CEV_EAR_2015,GHSL UCDB R2024A V1.2,https://jeodpp.jrc.ec.europa.eu/ftp/jrc-opendata/GHSL/GHS_UCDB_GLOBE_R2024A/GHS_UCDB_GLOBE_R2024A/V1-2/GHS_UCDB_GLOBE_R2024A_V1_2.zip,2026-09-19T08:41:50.435893+00:00,European Commission reuse notice: reuse authorised with source acknowledgement,Direct field HZ_CEV_EAR_2015; layer GHSL_UCDB_THEME_HAZARD_RISK_GLOBE_R2024A; exact definition and upstream source in ghsl_indicator_dictionary.csv and official PDF.
ghsl_698,ghsl_HZ_CEV_VOL_2015,GHSL UCDB R2024A V1.2,https://jeodpp.jrc.ec.europa.eu/ftp/jrc-opendata/GHSL/GHS_UCDB_GLOBE_R2024A/GHS_UCDB_GLOBE_R2024A/V1-2/GHS_UCDB_GLOBE_R2024A_V1_2.zip,2026-09-19T08:41:50.435893+00:00,European Commission reuse notice: reuse authorised with source acknowledgement,Direct field HZ_CEV_VOL_2015; layer GHSL_UCDB_THEME_HAZARD_RISK_GLOBE_R2024A; exact definition and upstream source in ghsl_indicator_dictionary.csv and official PDF.
ghsl_698,ghsl_HL_FCL_HOS_2024,GHSL UCDB R2024A V1.2,https://jeodpp.jrc.ec.europa.eu/ftp/jrc-opendata/GHSL/GHS_UCDB_GLOBE_R2024A/GHS_UCDB_GLOBE_R2024A/V1-2/GHS_UCDB_GLOBE_R2024A_V1_2.zip,2026-09-19T08:41:50.435893+00:00,European Commission reuse notice: reuse authorised with source acknowledgement,Direct field HL_FCL_HOS_2024; layer GHSL_UCDB_THEME_HEALTH_GLOBE_R2024A; exact definition and upstream source in ghsl_indicator_dictionary.csv and official PDF.
ghsl_698,ghsl_HL_FCL_PHA_2024,GHSL UCDB R2024A V1.2,https://jeodpp.jrc.ec.europa.eu/ftp/jrc-opendata/GHSL/GHS_UCDB_GLOBE_R2024A/GHS_UCDB_GLOBE_R2024A/V1-2/GHS_UCDB_GLOBE_R2024A_V1_2.zip,2026-09-19T08:41:50.435893+00:00,European Commission reuse notice: reuse authorised with source acknowledgement,Direct field HL_FCL_PHA_2024; layer GHSL_UCDB_THEME_HEALTH_GLOBE_R2024A; exact definition and upstream source in ghsl_indicator_dictionary.csv and official PDF.
ghsl_698,ghsl_HL_FDE_HOS_2024,GHSL UCDB R2024A V1.2,https://jeodpp.jrc.ec.europa.eu/ftp/jrc-opendata/GHSL/GHS_UCDB_GLOBE_R2024A/GHS_UCDB_GLOBE_R2024A/V1-2/GHS_UCDB_GLOBE_R2024A_V1_2.zip,2026-09-19T08:41:50.435893+00:00,European Commission reuse notice: reuse authorised with source acknowledgement,Direct field HL_FDE_HOS_2024; layer GHSL_UCDB_THEME_HEALTH_GLOBE_R2024A; exact definition and upstream source in ghsl_indicator_dictionary.csv and official PDF.
ghsl_698,ghsl_HL_FDE_PHA_2024,GHSL UCDB R2024A V1.2,https://jeodpp.jrc.ec.europa.eu/ftp/jrc-opendata/GHSL/GHS_UCDB_GLOBE_R2024A/GHS_UCDB_GLOBE_R2024A/V1-2/GHS_UCDB_GLOBE_R2024A_V1_2.zip,2026-09-19T08:41:50.435893+00:00,European Commission reuse notice: reuse authorised with source acknowledgement,Direct field HL_FDE_PHA_2024; layer GHSL_UCDB_THEME_HEALTH_GLOBE_R2024A; exact definition and upstream source in ghsl_indicator_dictionary.csv and official PDF.
ghsl_698,ghsl_HL_FPC_HOS_2025,GHSL UCDB R2024A V1.2,https://jeodpp.jrc.ec.europa.eu/ftp/jrc-opendata/GHSL/GHS_UCDB_GLOBE_R2024A/GHS_UCDB_GLOBE_R2024A/V1-2/GHS_UCDB_GLOBE_R2024A_V1_2.zip,2026-09-19T08:41:50.435893+00:00,European Commission reuse notice: reuse authorised with source acknowledgement,Direct field HL_FPC_HOS_2025; layer GHSL_UCDB_THEME_HEALTH_GLOBE_R2024A; exact definition and upstream source in ghsl_indicator_dictionary.csv and official PDF.
ghsl_698,ghsl_HL_FPC_PHA_2025,GHSL UCDB R2024A V1.2,https://jeodpp.jrc.ec.europa.eu/ftp/jrc-opendata/GHSL/GHS_UCDB_GLOBE_R2024A/GHS_UCDB_GLOBE_R2024A/V1-2/GHS_UCDB_GLOBE_R2024A_V1_2.zip,2026-09-19T08:41:50.435893+00:00,European Commission reuse notice: reuse authorised with source acknowledgement,Direct field HL_FPC_PHA_2025; layer GHSL_UCDB_THEME_HEALTH_GLOBE_R2024A; exact definition and upstream source in ghsl_indicator_dictionary.csv and official PDF.
ghsl_698,ghsl_HL_POP_HOS_2025,GHSL UCDB R2024A V1.2,https://jeodpp.jrc.ec.europa.eu/ftp/jrc-opendata/GHSL/GHS_UCDB_GLOBE_R2024A/GHS_UCDB_GLOBE_R2024A/V1-2/GHS_UCDB_GLOBE_R2024A_V1_2.zip,2026-09-19T08:41:50.435893+00:00,European Commission reuse notice: reuse authorised with source acknowledgement,Direct field HL_POP_HOS_2025; layer GHSL_UCDB_THEME_HEALTH_GLOBE_R2024A; exact definition and upstream source in ghsl_indicator_dictionary.csv and official PDF.
ghsl_698,ghsl_HL_POP_PHA_2025,GHSL UCDB R2024A V1.2,https://jeodpp.jrc.ec.europa.eu/ftp/jrc-opendata/GHSL/GHS_UCDB_GLOBE_R2024A/GHS_UCDB_GLOBE_R2024A/V1-2/GHS_UCDB_GLOBE_R2024A_V1_2.zip,2026-09-19T08:41:50.435893+00:00,European Commission reuse notice: reuse authorised with source acknowledgement,Direct field HL_POP_PHA_2025; layer GHSL_UCDB_THEME_HEALTH_GLOBE_R2024A; exact definition and upstream source in ghsl_indicator_dictionary.csv and official PDF.
ghsl_698,ghsl_HL_SHP_HOS_2025,GHSL UCDB R2024A V1.2,https://jeodpp.jrc.ec.europa.eu/ftp/jrc-opendata/GHSL/GHS_UCDB_GLOBE_R2024A/GHS_UCDB_GLOBE_R2024A/V1-2/GHS_UCDB_GLOBE_R2024A_V1_2.zip,2026-09-19T08:41:50.435893+00:00,European Commission reuse notice: reuse authorised with source acknowledgement,Direct field HL_SHP_HOS_2025; layer GHSL_UCDB_THEME_HEALTH_GLOBE_R2024A; exact definition and upstream source in ghsl_indicator_dictionary.csv and official PDF.
ghsl_698,ghsl_HL_SHP_PHA_2025,GHSL UCDB R2024A V1.2,https://jeodpp.jrc.ec.europa.eu/ftp/jrc-opendata/GHSL/GHS_UCDB_GLOBE_R2024A/GHS_UCDB_GLOBE_R2024A/V1-2/GHS_UCDB_GLOBE_R2024A_V1_2.zip,2026-09-19T08:41:50.435893+00:00,European Commission reuse notice: reuse authorised with source acknowledgement,Direct field HL_SHP_PHA_2025; layer GHSL_UCDB_THEME_HEALTH_GLOBE_R2024A; exact definition and upstream source in ghsl_indicator_dictionary.csv and official PDF.
ghsl_698,ghsl_IN_CIS_ENE_2020,GHSL UCDB R2024A V1.2,https://jeodpp.jrc.ec.europa.eu/ftp/jrc-opendata/GHSL/GHS_UCDB_GLOBE_R2024A/GHS_UCDB_GLOBE_R2024A/V1-2/GHS_UCDB_GLOBE_R2024A_V1_2.zip,2026-09-19T08:41:50.435893+00:00,European Commission reuse notice: reuse authorised with source acknowledgement,Direct field IN_CIS_ENE_2020; layer GHSL_UCDB_THEME_INFRASTRUCTURES_GLOBE_R2024A; exact definition and upstream source in ghsl_indicator_dictionary.csv and official PDF.
ghsl_698,ghsl_IN_CIS_TRA_2020,GHSL UCDB R2024A V1.2,https://jeodpp.jrc.ec.europa.eu/ftp/jrc-opendata/GHSL/GHS_UCDB_GLOBE_R2024A/GHS_UCDB_GLOBE_R2024A/V1-2/GHS_UCDB_GLOBE_R2024A_V1_2.zip,2026-09-19T08:41:50.435893+00:00,European Commission reuse notice: reuse authorised with source acknowledgement,Direct field IN_CIS_TRA_2020; layer GHSL_UCDB_THEME_INFRASTRUCTURES_GLOBE_R2024A; exact definition and upstream source in ghsl_indicator_dictionary.csv and official PDF.
ghsl_698,ghsl_IN_CIS_WAT_2020,GHSL UCDB R2024A V1.2,https://jeodpp.jrc.ec.europa.eu/ftp/jrc-opendata/GHSL/GHS_UCDB_GLOBE_R2024A/GHS_UCDB_GLOBE_R2024A/V1-2/GHS_UCDB_GLOBE_R2024A_V1_2.zip,2026-09-19T08:41:50.435893+00:00,European Commission reuse notice: reuse authorised with source acknowledgement,Direct field IN_CIS_WAT_2020; layer GHSL_UCDB_THEME_INFRASTRUCTURES_GLOBE_R2024A; exact definition and upstream source in ghsl_indicator_dictionary.csv and official PDF.
ghsl_698,ghsl_IN_CIS_WAS_2020,GHSL UCDB R2024A V1.2,https://jeodpp.jrc.ec.europa.eu/ftp/jrc-opendata/GHSL/GHS_UCDB_GLOBE_R2024A/GHS_UCDB_GLOBE_R2024A/V1-2/GHS_UCDB_GLOBE_R2024A_V1_2.zip,2026-09-19T08:41:50.435893+00:00,European Commission reuse notice: reuse authorised with source acknowledgement,Direct field IN_CIS_WAS_2020; layer GHSL_UCDB_THEME_INFRASTRUCTURES_GLOBE_R2024A; exact definition and upstream source in ghsl_indicator_dictionary.csv and official PDF.
ghsl_698,ghsl_IN_CIS_TEL_2020,GHSL UCDB R2024A V1.2,https://jeodpp.jrc.ec.europa.eu/ftp/jrc-opendata/GHSL/GHS_UCDB_GLOBE_R2024A/GHS_UCDB_GLOBE_R2024A/V1-2/GHS_UCDB_GLOBE_R2024A_V1_2.zip,2026-09-19T08:41:50.435893+00:00,European Commission reuse notice: reuse authorised with source acknowledgement,Direct field IN_CIS_TEL_2020; layer GHSL_UCDB_THEME_INFRASTRUCTURES_GLOBE_R2024A; exact definition and upstream source in ghsl_indicator_dictionary.csv and official PDF.
ghsl_698,ghsl_IN_CIS_HEA_2020,GHSL UCDB R2024A V1.2,https://jeodpp.jrc.ec.europa.eu/ftp/jrc-opendata/GHSL/GHS_UCDB_GLOBE_R2024A/GHS_UCDB_GLOBE_R2024A/V1-2/GHS_UCDB_GLOBE_R2024A_V1_2.zip,2026-09-19T08:41:50.435893+00:00,European Commission reuse notice: reuse authorised with source acknowledgement,Direct field IN_CIS_HEA_2020; layer GHSL_UCDB_THEME_INFRASTRUCTURES_GLOBE_R2024A; exact definition and upstream source in ghsl_indicator_dictionary.csv and official PDF.
ghsl_698,ghsl_IN_CIS_EDU_2020,GHSL UCDB R2024A V1.2,https://jeodpp.jrc.ec.europa.eu/ftp/jrc-opendata/GHSL/GHS_UCDB_GLOBE_R2024A/GHS_UCDB_GLOBE_R2024A/V1-2/GHS_UCDB_GLOBE_R2024A_V1_2.zip,2026-09-19T08:41:50.435893+00:00,European Commission reuse notice: reuse authorised with source acknowledgement,Direct field IN_CIS_EDU_2020; layer GHSL_UCDB_THEME_INFRASTRUCTURES_GLOBE_R2024A; exact definition and upstream source in ghsl_indicator_dictionary.csv and official PDF.
ghsl_698,ghsl_IN_CIS_ALL_2020,GHSL UCDB R2024A V1.2,https://jeodpp.jrc.ec.europa.eu/ftp/jrc-opendata/GHSL/GHS_UCDB_GLOBE_R2024A/GHS_UCDB_GLOBE_R2024A/V1-2/GHS_UCDB_GLOBE_R2024A_V1_2.zip,2026-09-19T08:41:50.435893+00:00,European Commission reuse notice: reuse authorised with source acknowledgement,Direct field IN_CIS_ALL_2020; layer GHSL_UCDB_THEME_INFRASTRUCTURES_GLOBE_R2024A; exact definition and upstream source in ghsl_indicator_dictionary.csv and official PDF.
ghsl_698,ghsl_IN_ROA_LEN_2024,GHSL UCDB R2024A V1.2,https://jeodpp.jrc.ec.europa.eu/ftp/jrc-opendata/GHSL/GHS_UCDB_GLOBE_R2024A/GHS_UCDB_GLOBE_R2024A/V1-2/GHS_UCDB_GLOBE_R2024A_V1_2.zip,2026-09-19T08:41:50.435893+00:00,European Commission reuse notice: reuse authorised with source acknowledgement,Direct field IN_ROA_LEN_2024; layer GHSL_UCDB_THEME_INFRASTRUCTURES_GLOBE_R2024A; exact definition and upstream source in ghsl_indicator_dictionary.csv and official PDF.
ghsl_698,ghsl_IN_ROA_DEN_2024,GHSL UCDB R2024A V1.2,https://jeodpp.jrc.ec.europa.eu/ftp/jrc-opendata/GHSL/GHS_UCDB_GLOBE_R2024A/GHS_UCDB_GLOBE_R2024A/V1-2/GHS_UCDB_GLOBE_R2024A_V1_2.zip,2026-09-19T08:41:50.435893+00:00,European Commission reuse notice: reuse authorised with source acknowledgement,Direct field IN_ROA_DEN_2024; layer GHSL_UCDB_THEME_INFRASTRUCTURES_GLOBE_R2024A; exact definition and upstream source in ghsl_indicator_dictionary.csv and official PDF.
ghsl_698,ghsl_LU_HEC_020_2019,GHSL UCDB R2024A V1.2,https://jeodpp.jrc.ec.europa.eu/ftp/jrc-opendata/GHSL/GHS_UCDB_GLOBE_R2024A/GHS_UCDB_GLOBE_R2024A/V1-2/GHS_UCDB_GLOBE_R2024A_V1_2.zip,2026-09-19T08:41:50.435893+00:00,European Commission reuse notice: reuse authorised with source acknowledgement,Direct field LU_HEC_020_2019; layer GHSL_UCDB_THEME_LULC_GLOBE_R2024A; exact definition and upstream source in ghsl_indicator_dictionary.csv and official PDF.
ghsl_698,ghsl_LU_HEC_030_2019,GHSL UCDB R2024A V1.2,https://jeodpp.jrc.ec.europa.eu/ftp/jrc-opendata/GHSL/GHS_UCDB_GLOBE_R2024A/GHS_UCDB_GLOBE_R2024A/V1-2/GHS_UCDB_GLOBE_R2024A_V1_2.zip,2026-09-19T08:41:50.435893+00:00,European Commission reuse notice: reuse authorised with source acknowledgement,Direct field LU_HEC_030_2019; layer GHSL_UCDB_THEME_LULC_GLOBE_R2024A; exact definition and upstream source in ghsl_indicator_dictionary.csv and official PDF.
ghsl_698,ghsl_LU_HEC_040_2019,GHSL UCDB R2024A V1.2,https://jeodpp.jrc.ec.europa.eu/ftp/jrc-opendata/GHSL/GHS_UCDB_GLOBE_R2024A/GHS_UCDB_GLOBE_R2024A/V1-2/GHS_UCDB_GLOBE_R2024A_V1_2.zip,2026-09-19T08:41:50.435893+00:00,European Commission reuse notice: reuse authorised with source acknowledgement,Direct field LU_HEC_040_2019; layer GHSL_UCDB_THEME_LULC_GLOBE_R2024A; exact definition and upstream source in ghsl_indicator_dictionary.csv and official PDF.
ghsl_698,ghsl_LU_HEC_050_2019,GHSL UCDB R2024A V1.2,https://jeodpp.jrc.ec.europa.eu/ftp/jrc-opendata/GHSL/GHS_UCDB_GLOBE_R2024A/GHS_UCDB_GLOBE_R2024A/V1-2/GHS_UCDB_GLOBE_R2024A_V1_2.zip,2026-09-19T08:41:50.435893+00:00,European Commission reuse notice: reuse authorised with source acknowledgement,Direct field LU_HEC_050_2019; layer GHSL_UCDB_THEME_LULC_GLOBE_R2024A; exact definition and upstream source in ghsl_indicator_dictionary.csv and official PDF.
ghsl_698,ghsl_LU_HEC_060_2019,GHSL UCDB R2024A V1.2,https://jeodpp.jrc.ec.europa.eu/ftp/jrc-opendata/GHSL/GHS_UCDB_GLOBE_R2024A/GHS_UCDB_GLOBE_R2024A/V1-2/GHS_UCDB_GLOBE_R2024A_V1_2.zip,2026-09-19T08:41:50.435893+00:00,European Commission reuse notice: reuse authorised with source acknowledgement,Direct field LU_HEC_060_2019; layer GHSL_UCDB_THEME_LULC_GLOBE_R2024A; exact definition and upstream source in ghsl_indicator_dictionary.csv and official PDF.
ghsl_698,ghsl_LU_HEC_070_2019,GHSL UCDB R2024A V1.2,https://jeodpp.jrc.ec.europa.eu/ftp/jrc-opendata/GHSL/GHS_UCDB_GLOBE_R2024A/GHS_UCDB_GLOBE_R2024A/V1-2/GHS_UCDB_GLOBE_R2024A_V1_2.zip,2026-09-19T08:41:50.435893+00:00,European Commission reuse notice: reuse authorised with source acknowledgement,Direct field LU_HEC_070_2019; layer GHSL_UCDB_THEME_LULC_GLOBE_R2024A; exact definition and upstream source in ghsl_indicator_dictionary.csv and official PDF.
ghsl_698,ghsl_LU_HEC_080_2019,GHSL UCDB R2024A V1.2,https://jeodpp.jrc.ec.europa.eu/ftp/jrc-opendata/GHSL/GHS_UCDB_GLOBE_R2024A/GHS_UCDB_GLOBE_R2024A/V1-2/GHS_UCDB_GLOBE_R2024A_V1_2.zip,2026-09-19T08:41:50.435893+00:00,European Commission reuse notice: reuse authorised with source acknowledgement,Direct field LU_HEC_080_2019; layer GHSL_UCDB_THEME_LULC_GLOBE_R2024A; exact definition and upstream source in ghsl_indicator_dictionary.csv and official PDF.
ghsl_698,ghsl_LU_HEC_090_2019,GHSL UCDB R2024A V1.2,https://jeodpp.jrc.ec.europa.eu/ftp/jrc-opendata/GHSL/GHS_UCDB_GLOBE_R2024A/GHS_UCDB_GLOBE_R2024A/V1-2/GHS_UCDB_GLOBE_R2024A_V1_2.zip,2026-09-19T08:41:50.435893+00:00,European Commission reuse notice: reuse authorised with source acknowledgement,Direct field LU_HEC_090_2019; layer GHSL_UCDB_THEME_LULC_GLOBE_R2024A; exact definition and upstream source in ghsl_indicator_dictionary.csv and official PDF.
ghsl_698,ghsl_LU_HEC_100_2019,GHSL UCDB R2024A V1.2,https://jeodpp.jrc.ec.europa.eu/ftp/jrc-opendata/GHSL/GHS_UCDB_GLOBE_R2024A/GHS_UCDB_GLOBE_R2024A/V1-2/GHS_UCDB_GLOBE_R2024A_V1_2.zip,2026-09-19T08:41:50.435893+00:00,European Commission reuse notice: reuse authorised with source acknowledgement,Direct field LU_HEC_100_2019; layer GHSL_UCDB_THEME_LULC_GLOBE_R2024A; exact definition and upstream source in ghsl_indicator_dictionary.csv and official PDF.
ghsl_698,ghsl_LU_HEC_111_2019,GHSL UCDB R2024A V1.2,https://jeodpp.jrc.ec.europa.eu/ftp/jrc-opendata/GHSL/GHS_UCDB_GLOBE_R2024A/GHS_UCDB_GLOBE_R2024A/V1-2/GHS_UCDB_GLOBE_R2024A_V1_2.zip,2026-09-19T08:41:50.435893+00:00,European Commission reuse notice: reuse authorised with source acknowledgement,Direct field LU_HEC_111_2019; layer GHSL_UCDB_THEME_LULC_GLOBE_R2024A; exact definition and upstream source in ghsl_indicator_dictionary.csv and official PDF.
ghsl_698,ghsl_LU_HEC_112_2019,GHSL UCDB R2024A V1.2,https://jeodpp.jrc.ec.europa.eu/ftp/jrc-opendata/GHSL/GHS_UCDB_GLOBE_R2024A/GHS_UCDB_GLOBE_R2024A/V1-2/GHS_UCDB_GLOBE_R2024A_V1_2.zip,2026-09-19T08:41:50.435893+00:00,European Commission reuse notice: reuse authorised with source acknowledgement,Direct field LU_HEC_112_2019; layer GHSL_UCDB_THEME_LULC_GLOBE_R2024A; exact definition and upstream source in ghsl_indicator_dictionary.csv and official PDF.
ghsl_698,ghsl_LU_HEC_113_2019,GHSL UCDB R2024A V1.2,https://jeodpp.jrc.ec.europa.eu/ftp/jrc-opendata/GHSL/GHS_UCDB_GLOBE_R2024A/GHS_UCDB_GLOBE_R2024A/V1-2/GHS_UCDB_GLOBE_R2024A_V1_2.zip,2026-09-19T08:41:50.435893+00:00,European Commission reuse notice: reuse authorised with source acknowledgement,Direct field LU_HEC_113_2019; layer GHSL_UCDB_THEME_LULC_GLOBE_R2024A; exact definition and upstream source in ghsl_indicator_dictionary.csv and official PDF.
ghsl_698,ghsl_LU_HEC_114_2019,GHSL UCDB R2024A V1.2,https://jeodpp.jrc.ec.europa.eu/ftp/jrc-opendata/GHSL/GHS_UCDB_GLOBE_R2024A/GHS_UCDB_GLOBE_R2024A/V1-2/GHS_UCDB_GLOBE_R2024A_V1_2.zip,2026-09-19T08:41:50.435893+00:00,European Commission reuse notice: reuse authorised with source acknowledgement,Direct field LU_HEC_114_2019; layer GHSL_UCDB_THEME_LULC_GLOBE_R2024A; exact definition and upstream source in ghsl_indicator_dictionary.csv and official PDF.
ghsl_698,ghsl_LU_HEC_115_2019,GHSL UCDB R2024A V1.2,https://jeodpp.jrc.ec.europa.eu/ftp/jrc-opendata/GHSL/GHS_UCDB_GLOBE_R2024A/GHS_UCDB_GLOBE_R2024A/V1-2/GHS_UCDB_GLOBE_R2024A_V1_2.zip,2026-09-19T08:41:50.435893+00:00,European Commission reuse notice: reuse authorised with source acknowledgement,Direct field LU_HEC_115_2019; layer GHSL_UCDB_THEME_LULC_GLOBE_R2024A; exact definition and upstream source in ghsl_indicator_dictionary.csv and official PDF.
ghsl_698,ghsl_LU_HEC_116_2019,GHSL UCDB R2024A V1.2,https://jeodpp.jrc.ec.europa.eu/ftp/jrc-opendata/GHSL/GHS_UCDB_GLOBE_R2024A/GHS_UCDB_GLOBE_R2024A/V1-2/GHS_UCDB_GLOBE_R2024A_V1_2.zip,2026-09-19T08:41:50.435893+00:00,European Commission reuse notice: reuse authorised with source acknowledgement,Direct field LU_HEC_116_2019; layer GHSL_UCDB_THEME_LULC_GLOBE_R2024A; exact definition and upstream source in ghsl_indicator_dictionary.csv and official PDF.
ghsl_698,ghsl_LU_HEC_121_2019,GHSL UCDB R2024A V1.2,https://jeodpp.jrc.ec.europa.eu/ftp/jrc-opendata/GHSL/GHS_UCDB_GLOBE_R2024A/GHS_UCDB_GLOBE_R2024A/V1-2/GHS_UCDB_GLOBE_R2024A_V1_2.zip,2026-09-19T08:41:50.435893+00:00,European Commission reuse notice: reuse authorised with source acknowledgement,Direct field LU_HEC_121_2019; layer GHSL_UCDB_THEME_LULC_GLOBE_R2024A; exact definition and upstream source in ghsl_indicator_dictionary.csv and official PDF.
ghsl_698,ghsl_LU_HEC_122_2019,GHSL UCDB R2024A V1.2,https://jeodpp.jrc.ec.europa.eu/ftp/jrc-opendata/GHSL/GHS_UCDB_GLOBE_R2024A/GHS_UCDB_GLOBE_R2024A/V1-2/GHS_UCDB_GLOBE_R2024A_V1_2.zip,2026-09-19T08:41:50.435893+00:00,European Commission reuse notice: reuse authorised with source acknowledgement,Direct field LU_HEC_122_2019; layer GHSL_UCDB_THEME_LULC_GLOBE_R2024A; exact definition and upstream source in ghsl_indicator_dictionary.csv and official PDF.
ghsl_698,ghsl_LU_HEC_123_2019,GHSL UCDB R2024A V1.2,https://jeodpp.jrc.ec.europa.eu/ftp/jrc-opendata/GHSL/GHS_UCDB_GLOBE_R2024A/GHS_UCDB_GLOBE_R2024A/V1-2/GHS_UCDB_GLOBE_R2024A_V1_2.zip,2026-09-19T08:41:50.435893+00:00,European Commission reuse notice: reuse authorised with source acknowledgement,Direct field LU_HEC_123_2019; layer GHSL_UCDB_THEME_LULC_GLOBE_R2024A; exact definition and upstream source in ghsl_indicator_dictionary.csv and official PDF.
ghsl_698,ghsl_LU_HEC_124_2019,GHSL UCDB R2024A V1.2,https://jeodpp.jrc.ec.europa.eu/ftp/jrc-opendata/GHSL/GHS_UCDB_GLOBE_R2024A/GHS_UCDB_GLOBE_R2024A/V1-2/GHS_UCDB_GLOBE_R2024A_V1_2.zip,2026-09-19T08:41:50.435893+00:00,European Commission reuse notice: reuse authorised with source acknowledgement,Direct field LU_HEC_124_2019; layer GHSL_UCDB_THEME_LULC_GLOBE_R2024A; exact definition and upstream source in ghsl_indicator_dictionary.csv and official PDF.
ghsl_698,ghsl_LU_HEC_125_2019,GHSL UCDB R2024A V1.2,https://jeodpp.jrc.ec.europa.eu/ftp/jrc-opendata/GHSL/GHS_UCDB_GLOBE_R2024A/GHS_UCDB_GLOBE_R2024A/V1-2/GHS_UCDB_GLOBE_R2024A_V1_2.zip,2026-09-19T08:41:50.435893+00:00,European Commission reuse notice: reuse authorised with source acknowledgement,Direct field LU_HEC_125_2019; layer GHSL_UCDB_THEME_LULC_GLOBE_R2024A; exact definition and upstream source in ghsl_indicator_dictionary.csv and official PDF.
ghsl_698,ghsl_LU_HEC_126_2019,GHSL UCDB R2024A V1.2,https://jeodpp.jrc.ec.europa.eu/ftp/jrc-opendata/GHSL/GHS_UCDB_GLOBE_R2024A/GHS_UCDB_GLOBE_R2024A/V1-2/GHS_UCDB_GLOBE_R2024A_V1_2.zip,2026-09-19T08:41:50.435893+00:00,European Commission reuse notice: reuse authorised with source acknowledgement,Direct field LU_HEC_126_2019; layer GHSL_UCDB_THEME_LULC_GLOBE_R2024A; exact definition and upstream source in ghsl_indicator_dictionary.csv and official PDF.
ghsl_698,ghsl_NS_ESB_BIO_2025,GHSL UCDB R2024A V1.2,https://jeodpp.jrc.ec.europa.eu/ftp/jrc-opendata/GHSL/GHS_UCDB_GLOBE_R2024A/GHS_UCDB_GLOBE_R2024A/V1-2/GHS_UCDB_GLOBE_R2024A_V1_2.zip,2026-09-19T08:41:50.435893+00:00,European Commission reuse notice: reuse authorised with source acknowledgement,Direct field NS_ESB_BIO_2025; layer GHSL_UCDB_THEME_NATURAL_SYSTEMS_GLOBE_R2024A; exact definition and upstream source in ghsl_indicator_dictionary.csv and official PDF.
ghsl_698,ghsl_NS_ESB_GWA_2025,GHSL UCDB R2024A V1.2,https://jeodpp.jrc.ec.europa.eu/ftp/jrc-opendata/GHSL/GHS_UCDB_GLOBE_R2024A/GHS_UCDB_GLOBE_R2024A/V1-2/GHS_UCDB_GLOBE_R2024A_V1_2.zip,2026-09-19T08:41:50.435893+00:00,European Commission reuse notice: reuse authorised with source acknowledgement,Direct field NS_ESB_GWA_2025; layer GHSL_UCDB_THEME_NATURAL_SYSTEMS_GLOBE_R2024A; exact definition and upstream source in ghsl_indicator_dictionary.csv and official PDF.
ghsl_698,ghsl_NS_ESB_NIT_2025,GHSL UCDB R2024A V1.2,https://jeodpp.jrc.ec.europa.eu/ftp/jrc-opendata/GHSL/GHS_UCDB_GLOBE_R2024A/GHS_UCDB_GLOBE_R2024A/V1-2/GHS_UCDB_GLOBE_R2024A_V1_2.zip,2026-09-19T08:41:50.435893+00:00,European Commission reuse notice: reuse authorised with source acknowledgement,Direct field NS_ESB_NIT_2025; layer GHSL_UCDB_THEME_NATURAL_SYSTEMS_GLOBE_R2024A; exact definition and upstream source in ghsl_indicator_dictionary.csv and official PDF.
ghsl_698,ghsl_NS_ESB_PHO_2025,GHSL UCDB R2024A V1.2,https://jeodpp.jrc.ec.europa.eu/ftp/jrc-opendata/GHSL/GHS_UCDB_GLOBE_R2024A/GHS_UCDB_GLOBE_R2024A/V1-2/GHS_UCDB_GLOBE_R2024A_V1_2.zip,2026-09-19T08:41:50.435893+00:00,European Commission reuse notice: reuse authorised with source acknowledgement,Direct field NS_ESB_PHO_2025; layer GHSL_UCDB_THEME_NATURAL_SYSTEMS_GLOBE_R2024A; exact definition and upstream source in ghsl_indicator_dictionary.csv and official PDF.
ghsl_698,ghsl_NS_ESB_P25_2025,GHSL UCDB R2024A V1.2,https://jeodpp.jrc.ec.europa.eu/ftp/jrc-opendata/GHSL/GHS_UCDB_GLOBE_R2024A/GHS_UCDB_GLOBE_R2024A/V1-2/GHS_UCDB_GLOBE_R2024A_V1_2.zip,2026-09-19T08:41:50.435893+00:00,European Commission reuse notice: reuse authorised with source acknowledgement,Direct field NS_ESB_P25_2025; layer GHSL_UCDB_THEME_NATURAL_SYSTEMS_GLOBE_R2024A; exact definition and upstream source in ghsl_indicator_dictionary.csv and official PDF.
ghsl_698,ghsl_NS_ESB_SLR_2025,GHSL UCDB R2024A V1.2,https://jeodpp.jrc.ec.europa.eu/ftp/jrc-opendata/GHSL/GHS_UCDB_GLOBE_R2024A/GHS_UCDB_GLOBE_R2024A/V1-2/GHS_UCDB_GLOBE_R2024A_V1_2.zip,2026-09-19T08:41:50.435893+00:00,European Commission reuse notice: reuse authorised with source acknowledgement,Direct field NS_ESB_SLR_2025; layer GHSL_UCDB_THEME_NATURAL_SYSTEMS_GLOBE_R2024A; exact definition and upstream source in ghsl_indicator_dictionary.csv and official PDF.
ghsl_698,ghsl_NS_ESB_SWA_2025,GHSL UCDB R2024A V1.2,https://jeodpp.jrc.ec.europa.eu/ftp/jrc-opendata/GHSL/GHS_UCDB_GLOBE_R2024A/GHS_UCDB_GLOBE_R2024A/V1-2/GHS_UCDB_GLOBE_R2024A_V1_2.zip,2026-09-19T08:41:50.435893+00:00,European Commission reuse notice: reuse authorised with source acknowledgement,Direct field NS_ESB_SWA_2025; layer GHSL_UCDB_THEME_NATURAL_SYSTEMS_GLOBE_R2024A; exact definition and upstream source in ghsl_indicator_dictionary.csv and official PDF.
ghsl_698,ghsl_NS_ESB_WET_2025,GHSL UCDB R2024A V1.2,https://jeodpp.jrc.ec.europa.eu/ftp/jrc-opendata/GHSL/GHS_UCDB_GLOBE_R2024A/GHS_UCDB_GLOBE_R2024A/V1-2/GHS_UCDB_GLOBE_R2024A_V1_2.zip,2026-09-19T08:41:50.435893+00:00,European Commission reuse notice: reuse authorised with source acknowledgement,Direct field NS_ESB_WET_2025; layer GHSL_UCDB_THEME_NATURAL_SYSTEMS_GLOBE_R2024A; exact definition and upstream source in ghsl_indicator_dictionary.csv and official PDF.
ghsl_698,ghsl_NS_ESB_MIN_2025,GHSL UCDB R2024A V1.2,https://jeodpp.jrc.ec.europa.eu/ftp/jrc-opendata/GHSL/GHS_UCDB_GLOBE_R2024A/GHS_UCDB_GLOBE_R2024A/V1-2/GHS_UCDB_GLOBE_R2024A_V1_2.zip,2026-09-19T08:41:50.435893+00:00,European Commission reuse notice: reuse authorised with source acknowledgement,Direct field NS_ESB_MIN_2025; layer GHSL_UCDB_THEME_NATURAL_SYSTEMS_GLOBE_R2024A; exact definition and upstream source in ghsl_indicator_dictionary.csv and official PDF.
ghsl_698,ghsl_NS_ESB_MAX_2025,GHSL UCDB R2024A V1.2,https://jeodpp.jrc.ec.europa.eu/ftp/jrc-opendata/GHSL/GHS_UCDB_GLOBE_R2024A/GHS_UCDB_GLOBE_R2024A/V1-2/GHS_UCDB_GLOBE_R2024A_V1_2.zip,2026-09-19T08:41:50.435893+00:00,European Commission reuse notice: reuse authorised with source acknowledgement,Direct field NS_ESB_MAX_2025; layer GHSL_UCDB_THEME_NATURAL_SYSTEMS_GLOBE_R2024A; exact definition and upstream source in ghsl_indicator_dictionary.csv and official PDF.
ghsl_698,ghsl_NS_MPA_NAM_2025,GHSL UCDB R2024A V1.2,https://jeodpp.jrc.ec.europa.eu/ftp/jrc-opendata/GHSL/GHS_UCDB_GLOBE_R2024A/GHS_UCDB_GLOBE_R2024A/V1-2/GHS_UCDB_GLOBE_R2024A_V1_2.zip,2026-09-19T08:41:50.435893+00:00,European Commission reuse notice: reuse authorised with source acknowledgement,Direct field NS_MPA_NAM_2025; layer GHSL_UCDB_THEME_NATURAL_SYSTEMS_GLOBE_R2024A; exact definition and upstream source in ghsl_indicator_dictionary.csv and official PDF.
ghsl_698,ghsl_NS_MPA_DES_2025,GHSL UCDB R2024A V1.2,https://jeodpp.jrc.ec.europa.eu/ftp/jrc-opendata/GHSL/GHS_UCDB_GLOBE_R2024A/GHS_UCDB_GLOBE_R2024A/V1-2/GHS_UCDB_GLOBE_R2024A_V1_2.zip,2026-09-19T08:41:50.435893+00:00,European Commission reuse notice: reuse authorised with source acknowledgement,Direct field NS_MPA_DES_2025; layer GHSL_UCDB_THEME_NATURAL_SYSTEMS_GLOBE_R2024A; exact definition and upstream source in ghsl_indicator_dictionary.csv and official PDF.
ghsl_698,ghsl_NS_MPA_PER_2025,GHSL UCDB R2024A V1.2,https://jeodpp.jrc.ec.europa.eu/ftp/jrc-opendata/GHSL/GHS_UCDB_GLOBE_R2024A/GHS_UCDB_GLOBE_R2024A/V1-2/GHS_UCDB_GLOBE_R2024A_V1_2.zip,2026-09-19T08:41:50.435893+00:00,European Commission reuse notice: reuse authorised with source acknowledgement,Direct field NS_MPA_PER_2025; layer GHSL_UCDB_THEME_NATURAL_SYSTEMS_GLOBE_R2024A; exact definition and upstream source in ghsl_indicator_dictionary.csv and official PDF.
ghsl_698,ghsl_NS_TPA_NAM_2025,GHSL UCDB R2024A V1.2,https://jeodpp.jrc.ec.europa.eu/ftp/jrc-opendata/GHSL/GHS_UCDB_GLOBE_R2024A/GHS_UCDB_GLOBE_R2024A/V1-2/GHS_UCDB_GLOBE_R2024A_V1_2.zip,2026-09-19T08:41:50.435893+00:00,European Commission reuse notice: reuse authorised with source acknowledgement,Direct field NS_TPA_NAM_2025; layer GHSL_UCDB_THEME_NATURAL_SYSTEMS_GLOBE_R2024A; exact definition and upstream source in ghsl_indicator_dictionary.csv and official PDF.
ghsl_698,ghsl_NS_TPA_DES_202,GHSL UCDB R2024A V1.2,https://jeodpp.jrc.ec.europa.eu/ftp/jrc-opendata/GHSL/GHS_UCDB_GLOBE_R2024A/GHS_UCDB_GLOBE_R2024A/V1-2/GHS_UCDB_GLOBE_R2024A_V1_2.zip,2026-09-19T08:41:50.435893+00:00,European Commission reuse notice: reuse authorised with source acknowledgement,Direct field NS_TPA_DES_202; layer GHSL_UCDB_THEME_NATURAL_SYSTEMS_GLOBE_R2024A; exact definition and upstream source in ghsl_indicator_dictionary.csv and official PDF.
ghsl_698,ghsl_NS_TPA_PER_2025,GHSL UCDB R2024A V1.2,https://jeodpp.jrc.ec.europa.eu/ftp/jrc-opendata/GHSL/GHS_UCDB_GLOBE_R2024A/GHS_UCDB_GLOBE_R2024A/V1-2/GHS_UCDB_GLOBE_R2024A_V1_2.zip,2026-09-19T08:41:50.435893+00:00,European Commission reuse notice: reuse authorised with source acknowledgement,Direct field NS_TPA_PER_2025; layer GHSL_UCDB_THEME_NATURAL_SYSTEMS_GLOBE_R2024A; exact definition and upstream source in ghsl_indicator_dictionary.csv and official PDF.
ghsl_698,ghsl_SD_LUE_LCR_1975_2020,GHSL UCDB R2024A V1.2,https://jeodpp.jrc.ec.europa.eu/ftp/jrc-opendata/GHSL/GHS_UCDB_GLOBE_R2024A/GHS_UCDB_GLOBE_R2024A/V1-2/GHS_UCDB_GLOBE_R2024A_V1_2.zip,2026-09-19T08:41:50.435893+00:00,European Commission reuse notice: reuse authorised with source acknowledgement,Direct field SD_LUE_LCR_1975_2020; layer GHSL_UCDB_THEME_SDG_GLOBE_R2024A; exact definition and upstream source in ghsl_indicator_dictionary.csv and official PDF.
ghsl_698,ghsl_SD_LUE_LCR_1980_1990,GHSL UCDB R2024A V1.2,https://jeodpp.jrc.ec.europa.eu/ftp/jrc-opendata/GHSL/GHS_UCDB_GLOBE_R2024A/GHS_UCDB_GLOBE_R2024A/V1-2/GHS_UCDB_GLOBE_R2024A_V1_2.zip,2026-09-19T08:41:50.435893+00:00,European Commission reuse notice: reuse authorised with source acknowledgement,Direct field SD_LUE_LCR_1980_1990; layer GHSL_UCDB_THEME_SDG_GLOBE_R2024A; exact definition and upstream source in ghsl_indicator_dictionary.csv and official PDF.
ghsl_698,ghsl_SD_LUE_LCR_2000_2020,GHSL UCDB R2024A V1.2,https://jeodpp.jrc.ec.europa.eu/ftp/jrc-opendata/GHSL/GHS_UCDB_GLOBE_R2024A/GHS_UCDB_GLOBE_R2024A/V1-2/GHS_UCDB_GLOBE_R2024A_V1_2.zip,2026-09-19T08:41:50.435893+00:00,European Commission reuse notice: reuse authorised with source acknowledgement,Direct field SD_LUE_LCR_2000_2020; layer GHSL_UCDB_THEME_SDG_GLOBE_R2024A; exact definition and upstream source in ghsl_indicator_dictionary.csv and official PDF.
ghsl_698,ghsl_SD_LUE_LCR_2010_2020,GHSL UCDB R2024A V1.2,https://jeodpp.jrc.ec.europa.eu/ftp/jrc-opendata/GHSL/GHS_UCDB_GLOBE_R2024A/GHS_UCDB_GLOBE_R2024A/V1-2/GHS_UCDB_GLOBE_R2024A_V1_2.zip,2026-09-19T08:41:50.435893+00:00,European Commission reuse notice: reuse authorised with source acknowledgement,Direct field SD_LUE_LCR_2010_2020; layer GHSL_UCDB_THEME_SDG_GLOBE_R2024A; exact definition and upstream source in ghsl_indicator_dictionary.csv and official PDF.
ghsl_698,ghsl_SD_LUE_LCR_1990_2020,GHSL UCDB R2024A V1.2,https://jeodpp.jrc.ec.europa.eu/ftp/jrc-opendata/GHSL/GHS_UCDB_GLOBE_R2024A/GHS_UCDB_GLOBE_R2024A/V1-2/GHS_UCDB_GLOBE_R2024A_V1_2.zip,2026-09-19T08:41:50.435893+00:00,European Commission reuse notice: reuse authorised with source acknowledgement,Direct field SD_LUE_LCR_1990_2020; layer GHSL_UCDB_THEME_SDG_GLOBE_R2024A; exact definition and upstream source in ghsl_indicator_dictionary.csv and official PDF.
ghsl_698,ghsl_SD_LUE_PGR_1975_2020,GHSL UCDB R2024A V1.2,https://jeodpp.jrc.ec.europa.eu/ftp/jrc-opendata/GHSL/GHS_UCDB_GLOBE_R2024A/GHS_UCDB_GLOBE_R2024A/V1-2/GHS_UCDB_GLOBE_R2024A_V1_2.zip,2026-09-19T08:41:50.435893+00:00,European Commission reuse notice: reuse authorised with source acknowledgement,Direct field SD_LUE_PGR_1975_2020; layer GHSL_UCDB_THEME_SDG_GLOBE_R2024A; exact definition and upstream source in ghsl_indicator_dictionary.csv and official PDF.
ghsl_698,ghsl_SD_LUE_PGR_1980_1990,GHSL UCDB R2024A V1.2,https://jeodpp.jrc.ec.europa.eu/ftp/jrc-opendata/GHSL/GHS_UCDB_GLOBE_R2024A/GHS_UCDB_GLOBE_R2024A/V1-2/GHS_UCDB_GLOBE_R2024A_V1_2.zip,2026-09-19T08:41:50.435893+00:00,European Commission reuse notice: reuse authorised with source acknowledgement,Direct field SD_LUE_PGR_1980_1990; layer GHSL_UCDB_THEME_SDG_GLOBE_R2024A; exact definition and upstream source in ghsl_indicator_dictionary.csv and official PDF.
ghsl_698,ghsl_SD_LUE_PGR_2000_2020,GHSL UCDB R2024A V1.2,https://jeodpp.jrc.ec.europa.eu/ftp/jrc-opendata/GHSL/GHS_UCDB_GLOBE_R2024A/GHS_UCDB_GLOBE_R2024A/V1-2/GHS_UCDB_GLOBE_R2024A_V1_2.zip,2026-09-19T08:41:50.435893+00:00,European Commission reuse notice: reuse authorised with source acknowledgement,Direct field SD_LUE_PGR_2000_2020; layer GHSL_UCDB_THEME_SDG_GLOBE_R2024A; exact definition and upstream source in ghsl_indicator_dictionary.csv and official PDF.
ghsl_698,ghsl_SD_LUE_PGR_2010_2020,GHSL UCDB R2024A V1.2,https://jeodpp.jrc.ec.europa.eu/ftp/jrc-opendata/GHSL/GHS_UCDB_GLOBE_R2024A/GHS_UCDB_GLOBE_R2024A/V1-2/GHS_UCDB_GLOBE_R2024A_V1_2.zip,2026-09-19T08:41:50.435893+00:00,European Commission reuse notice: reuse authorised with source acknowledgement,Direct field SD_LUE_PGR_2010_2020; layer GHSL_UCDB_THEME_SDG_GLOBE_R2024A; exact definition and upstream source in ghsl_indicator_dictionary.csv and official PDF.
ghsl_698,ghsl_SD_LUE_PGR_1990_2020,GHSL UCDB R2024A V1.2,https://jeodpp.jrc.ec.europa.eu/ftp/jrc-opendata/GHSL/GHS_UCDB_GLOBE_R2024A/GHS_UCDB_GLOBE_R2024A/V1-2/GHS_UCDB_GLOBE_R2024A_V1_2.zip,2026-09-19T08:41:50.435893+00:00,European Commission reuse notice: reuse authorised with source acknowledgement,Direct field SD_LUE_PGR_1990_2020; layer GHSL_UCDB_THEME_SDG_GLOBE_R2024A; exact definition and upstream source in ghsl_indicator_dictionary.csv and official PDF.
ghsl_698,ghsl_SD_LUE_LPR_1975_2020,GHSL UCDB R2024A V1.2,https://jeodpp.jrc.ec.europa.eu/ftp/jrc-opendata/GHSL/GHS_UCDB_GLOBE_R2024A/GHS_UCDB_GLOBE_R2024A/V1-2/GHS_UCDB_GLOBE_R2024A_V1_2.zip,2026-09-19T08:41:50.435893+00:00,European Commission reuse notice: reuse authorised with source acknowledgement,Direct field SD_LUE_LPR_1975_2020; layer GHSL_UCDB_THEME_SDG_GLOBE_R2024A; exact definition and upstream source in ghsl_indicator_dictionary.csv and official PDF.
ghsl_698,ghsl_SD_LUE_LPR_1980_1990,GHSL UCDB R2024A V1.2,https://jeodpp.jrc.ec.europa.eu/ftp/jrc-opendata/GHSL/GHS_UCDB_GLOBE_R2024A/GHS_UCDB_GLOBE_R2024A/V1-2/GHS_UCDB_GLOBE_R2024A_V1_2.zip,2026-09-19T08:41:50.435893+00:00,European Commission reuse notice: reuse authorised with source acknowledgement,Direct field SD_LUE_LPR_1980_1990; layer GHSL_UCDB_THEME_SDG_GLOBE_R2024A; exact definition and upstream source in ghsl_indicator_dictionary.csv and official PDF.
ghsl_698,ghsl_SD_LUE_LPR_1990_2020,GHSL UCDB R2024A V1.2,https://jeodpp.jrc.ec.europa.eu/ftp/jrc-opendata/GHSL/GHS_UCDB_GLOBE_R2024A/GHS_UCDB_GLOBE_R2024A/V1-2/GHS_UCDB_GLOBE_R2024A_V1_2.zip,2026-09-19T08:41:50.435893+00:00,European Commission reuse notice: reuse authorised with source acknowledgement,Direct field SD_LUE_LPR_1990_2020; layer GHSL_UCDB_THEME_SDG_GLOBE_R2024A; exact definition and upstream source in ghsl_indicator_dictionary.csv and official PDF.
ghsl_698,ghsl_SD_LUE_LPR_2000_2020,GHSL UCDB R2024A V1.2,https://jeodpp.jrc.ec.europa.eu/ftp/jrc-opendata/GHSL/GHS_UCDB_GLOBE_R2024A/GHS_UCDB_GLOBE_R2024A/V1-2/GHS_UCDB_GLOBE_R2024A_V1_2.zip,2026-09-19T08:41:50.435893+00:00,European Commission reuse notice: reuse authorised with source acknowledgement,Direct field SD_LUE_LPR_2000_2020; layer GHSL_UCDB_THEME_SDG_GLOBE_R2024A; exact definition and upstream source in ghsl_indicator_dictionary.csv and official PDF.
ghsl_698,ghsl_SD_LUE_LPR_2010_2020,GHSL UCDB R2024A V1.2,https://jeodpp.jrc.ec.europa.eu/ftp/jrc-opendata/GHSL/GHS_UCDB_GLOBE_R2024A/GHS_UCDB_GLOBE_R2024A/V1-2/GHS_UCDB_GLOBE_R2024A_V1_2.zip,2026-09-19T08:41:50.435893+00:00,European Commission reuse notice: reuse authorised with source acknowledgement,Direct field SD_LUE_LPR_2010_2020; layer GHSL_UCDB_THEME_SDG_GLOBE_R2024A; exact definition and upstream source in ghsl_indicator_dictionary.csv and official PDF.
ghsl_698,ghsl_SD_POP_HGR_2025,GHSL UCDB R2024A V1.2,https://jeodpp.jrc.ec.europa.eu/ftp/jrc-opendata/GHSL/GHS_UCDB_GLOBE_R2024A/GHS_UCDB_GLOBE_R2024A/V1-2/GHS_UCDB_GLOBE_R2024A_V1_2.zip,2026-09-19T08:41:50.435893+00:00,European Commission reuse notice: reuse authorised with source acknowledgement,Direct field SD_POP_HGR_2025; layer GHSL_UCDB_THEME_SDG_GLOBE_R2024A; exact definition and upstream source in ghsl_indicator_dictionary.csv and official PDF.
ghsl_698,ghsl_SC_GDP_AVG_2020,GHSL UCDB R2024A V1.2,https://jeodpp.jrc.ec.europa.eu/ftp/jrc-opendata/GHSL/GHS_UCDB_GLOBE_R2024A/GHS_UCDB_GLOBE_R2024A/V1-2/GHS_UCDB_GLOBE_R2024A_V1_2.zip,2026-09-19T08:41:50.435893+00:00,European Commission reuse notice: reuse authorised with source acknowledgement,Direct field SC_GDP_AVG_2020; layer GHSL_UCDB_THEME_SOCIOECONOMIC_GLOBE_R2024A; exact definition and upstream source in ghsl_indicator_dictionary.csv and official PDF.
ghsl_698,ghsl_SC_GDP_SUM_2020,GHSL UCDB R2024A V1.2,https://jeodpp.jrc.ec.europa.eu/ftp/jrc-opendata/GHSL/GHS_UCDB_GLOBE_R2024A/GHS_UCDB_GLOBE_R2024A/V1-2/GHS_UCDB_GLOBE_R2024A_V1_2.zip,2026-09-19T08:41:50.435893+00:00,European Commission reuse notice: reuse authorised with source acknowledgement,Direct field SC_GDP_SUM_2020; layer GHSL_UCDB_THEME_SOCIOECONOMIC_GLOBE_R2024A; exact definition and upstream source in ghsl_indicator_dictionary.csv and official PDF.
ghsl_698,ghsl_SC_SEC_HDI_2020,GHSL UCDB R2024A V1.2,https://jeodpp.jrc.ec.europa.eu/ftp/jrc-opendata/GHSL/GHS_UCDB_GLOBE_R2024A/GHS_UCDB_GLOBE_R2024A/V1-2/GHS_UCDB_GLOBE_R2024A_V1_2.zip,2026-09-19T08:41:50.435893+00:00,European Commission reuse notice: reuse authorised with source acknowledgement,Direct field SC_SEC_HDI_2020; layer GHSL_UCDB_THEME_SOCIOECONOMIC_GLOBE_R2024A; exact definition and upstream source in ghsl_indicator_dictionary.csv and official PDF.
ghsl_698,ghsl_SC_SEC_GDI_2020,GHSL UCDB R2024A V1.2,https://jeodpp.jrc.ec.europa.eu/ftp/jrc-opendata/GHSL/GHS_UCDB_GLOBE_R2024A/GHS_UCDB_GLOBE_R2024A/V1-2/GHS_UCDB_GLOBE_R2024A_V1_2.zip,2026-09-19T08:41:50.435893+00:00,European Commission reuse notice: reuse authorised with source acknowledgement,Direct field SC_SEC_GDI_2020; layer GHSL_UCDB_THEME_SOCIOECONOMIC_GLOBE_R2024A; exact definition and upstream source in ghsl_indicator_dictionary.csv and official PDF.
ghsl_698,ghsl_SC_SEC_GDF_2020,GHSL UCDB R2024A V1.2,https://jeodpp.jrc.ec.europa.eu/ftp/jrc-opendata/GHSL/GHS_UCDB_GLOBE_R2024A/GHS_UCDB_GLOBE_R2024A/V1-2/GHS_UCDB_GLOBE_R2024A_V1_2.zip,2026-09-19T08:41:50.435893+00:00,European Commission reuse notice: reuse authorised with source acknowledgement,Direct field SC_SEC_GDF_2020; layer GHSL_UCDB_THEME_SOCIOECONOMIC_GLOBE_R2024A; exact definition and upstream source in ghsl_indicator_dictionary.csv and official PDF.
ghsl_698,ghsl_SC_SEC_GDM_2020,GHSL UCDB R2024A V1.2,https://jeodpp.jrc.ec.europa.eu/ftp/jrc-opendata/GHSL/GHS_UCDB_GLOBE_R2024A/GHS_UCDB_GLOBE_R2024A/V1-2/GHS_UCDB_GLOBE_R2024A_V1_2.zip,2026-09-19T08:41:50.435893+00:00,European Commission reuse notice: reuse authorised with source acknowledgement,Direct field SC_SEC_GDM_2020; layer GHSL_UCDB_THEME_SOCIOECONOMIC_GLOBE_R2024A; exact definition and upstream source in ghsl_indicator_dictionary.csv and official PDF.
ghsl_698,ghsl_SC_SEC_LET_2020,GHSL UCDB R2024A V1.2,https://jeodpp.jrc.ec.europa.eu/ftp/jrc-opendata/GHSL/GHS_UCDB_GLOBE_R2024A/GHS_UCDB_GLOBE_R2024A/V1-2/GHS_UCDB_GLOBE_R2024A_V1_2.zip,2026-09-19T08:41:50.435893+00:00,European Commission reuse notice: reuse authorised with source acknowledgement,Direct field SC_SEC_LET_2020; layer GHSL_UCDB_THEME_SOCIOECONOMIC_GLOBE_R2024A; exact definition and upstream source in ghsl_indicator_dictionary.csv and official PDF.
ghsl_698,ghsl_SC_SEC_LEF_2020,GHSL UCDB R2024A V1.2,https://jeodpp.jrc.ec.europa.eu/ftp/jrc-opendata/GHSL/GHS_UCDB_GLOBE_R2024A/GHS_UCDB_GLOBE_R2024A/V1-2/GHS_UCDB_GLOBE_R2024A_V1_2.zip,2026-09-19T08:41:50.435893+00:00,European Commission reuse notice: reuse authorised with source acknowledgement,Direct field SC_SEC_LEF_2020; layer GHSL_UCDB_THEME_SOCIOECONOMIC_GLOBE_R2024A; exact definition and upstream source in ghsl_indicator_dictionary.csv and official PDF.
ghsl_698,ghsl_SC_SEC_LEM_2020,GHSL UCDB R2024A V1.2,https://jeodpp.jrc.ec.europa.eu/ftp/jrc-opendata/GHSL/GHS_UCDB_GLOBE_R2024A/GHS_UCDB_GLOBE_R2024A/V1-2/GHS_UCDB_GLOBE_R2024A_V1_2.zip,2026-09-19T08:41:50.435893+00:00,European Commission reuse notice: reuse authorised with source acknowledgement,Direct field SC_SEC_LEM_2020; layer GHSL_UCDB_THEME_SOCIOECONOMIC_GLOBE_R2024A; exact definition and upstream source in ghsl_indicator_dictionary.csv and official PDF.
ghsl_698,ghsl_SC_SEC_SET_2020,GHSL UCDB R2024A V1.2,https://jeodpp.jrc.ec.europa.eu/ftp/jrc-opendata/GHSL/GHS_UCDB_GLOBE_R2024A/GHS_UCDB_GLOBE_R2024A/V1-2/GHS_UCDB_GLOBE_R2024A_V1_2.zip,2026-09-19T08:41:50.435893+00:00,European Commission reuse notice: reuse authorised with source acknowledgement,Direct field SC_SEC_SET_2020; layer GHSL_UCDB_THEME_SOCIOECONOMIC_GLOBE_R2024A; exact definition and upstream source in ghsl_indicator_dictionary.csv and official PDF.
ghsl_698,ghsl_SC_SEC_SEF_2020,GHSL UCDB R2024A V1.2,https://jeodpp.jrc.ec.europa.eu/ftp/jrc-opendata/GHSL/GHS_UCDB_GLOBE_R2024A/GHS_UCDB_GLOBE_R2024A/V1-2/GHS_UCDB_GLOBE_R2024A_V1_2.zip,2026-09-19T08:41:50.435893+00:00,European Commission reuse notice: reuse authorised with source acknowledgement,Direct field SC_SEC_SEF_2020; layer GHSL_UCDB_THEME_SOCIOECONOMIC_GLOBE_R2024A; exact definition and upstream source in ghsl_indicator_dictionary.csv and official PDF.
ghsl_698,ghsl_SC_SEC_SEM_2020,GHSL UCDB R2024A V1.2,https://jeodpp.jrc.ec.europa.eu/ftp/jrc-opendata/GHSL/GHS_UCDB_GLOBE_R2024A/GHS_UCDB_GLOBE_R2024A/V1-2/GHS_UCDB_GLOBE_R2024A_V1_2.zip,2026-09-19T08:41:50.435893+00:00,European Commission reuse notice: reuse authorised with source acknowledgement,Direct field SC_SEC_SEM_2020; layer GHSL_UCDB_THEME_SOCIOECONOMIC_GLOBE_R2024A; exact definition and upstream source in ghsl_indicator_dictionary.csv and official PDF.
ghsl_698,ghsl_SC_SEC_SYT_2020,GHSL UCDB R2024A V1.2,https://jeodpp.jrc.ec.europa.eu/ftp/jrc-opendata/GHSL/GHS_UCDB_GLOBE_R2024A/GHS_UCDB_GLOBE_R2024A/V1-2/GHS_UCDB_GLOBE_R2024A_V1_2.zip,2026-09-19T08:41:50.435893+00:00,European Commission reuse notice: reuse authorised with source acknowledgement,Direct field SC_SEC_SYT_2020; layer GHSL_UCDB_THEME_SOCIOECONOMIC_GLOBE_R2024A; exact definition and upstream source in ghsl_indicator_dictionary.csv and official PDF.
ghsl_698,ghsl_SC_SEC_SYF_2020,GHSL UCDB R2024A V1.2,https://jeodpp.jrc.ec.europa.eu/ftp/jrc-opendata/GHSL/GHS_UCDB_GLOBE_R2024A/GHS_UCDB_GLOBE_R2024A/V1-2/GHS_UCDB_GLOBE_R2024A_V1_2.zip,2026-09-19T08:41:50.435893+00:00,European Commission reuse notice: reuse authorised with source acknowledgement,Direct field SC_SEC_SYF_2020; layer GHSL_UCDB_THEME_SOCIOECONOMIC_GLOBE_R2024A; exact definition and upstream source in ghsl_indicator_dictionary.csv and official PDF.
ghsl_698,ghsl_SC_SEC_SYM_2020,GHSL UCDB R2024A V1.2,https://jeodpp.jrc.ec.europa.eu/ftp/jrc-opendata/GHSL/GHS_UCDB_GLOBE_R2024A/GHS_UCDB_GLOBE_R2024A/V1-2/GHS_UCDB_GLOBE_R2024A_V1_2.zip,2026-09-19T08:41:50.435893+00:00,European Commission reuse notice: reuse authorised with source acknowledgement,Direct field SC_SEC_SYM_2020; layer GHSL_UCDB_THEME_SOCIOECONOMIC_GLOBE_R2024A; exact definition and upstream source in ghsl_indicator_dictionary.csv and official PDF.
ghsl_698,ghsl_SC_SEC_GIF_2020,GHSL UCDB R2024A V1.2,https://jeodpp.jrc.ec.europa.eu/ftp/jrc-opendata/GHSL/GHS_UCDB_GLOBE_R2024A/GHS_UCDB_GLOBE_R2024A/V1-2/GHS_UCDB_GLOBE_R2024A_V1_2.zip,2026-09-19T08:41:50.435893+00:00,European Commission reuse notice: reuse authorised with source acknowledgement,Direct field SC_SEC_GIF_2020; layer GHSL_UCDB_THEME_SOCIOECONOMIC_GLOBE_R2024A; exact definition and upstream source in ghsl_indicator_dictionary.csv and official PDF.
ghsl_698,ghsl_SC_SEC_GIM_2020,GHSL UCDB R2024A V1.2,https://jeodpp.jrc.ec.europa.eu/ftp/jrc-opendata/GHSL/GHS_UCDB_GLOBE_R2024A/GHS_UCDB_GLOBE_R2024A/V1-2/GHS_UCDB_GLOBE_R2024A_V1_2.zip,2026-09-19T08:41:50.435893+00:00,European Commission reuse notice: reuse authorised with source acknowledgement,Direct field SC_SEC_GIM_2020; layer GHSL_UCDB_THEME_SOCIOECONOMIC_GLOBE_R2024A; exact definition and upstream source in ghsl_indicator_dictionary.csv and official PDF.
ghsl_698,ghsl_SC_SEC_PCF_2020,GHSL UCDB R2024A V1.2,https://jeodpp.jrc.ec.europa.eu/ftp/jrc-opendata/GHSL/GHS_UCDB_GLOBE_R2024A/GHS_UCDB_GLOBE_R2024A/V1-2/GHS_UCDB_GLOBE_R2024A_V1_2.zip,2026-09-19T08:41:50.435893+00:00,European Commission reuse notice: reuse authorised with source acknowledgement,Direct field SC_SEC_PCF_2020; layer GHSL_UCDB_THEME_SOCIOECONOMIC_GLOBE_R2024A; exact definition and upstream source in ghsl_indicator_dictionary.csv and official PDF.
ghsl_698,ghsl_SC_SEC_PCM_2020,GHSL UCDB R2024A V1.2,https://jeodpp.jrc.ec.europa.eu/ftp/jrc-opendata/GHSL/GHS_UCDB_GLOBE_R2024A/GHS_UCDB_GLOBE_R2024A/V1-2/GHS_UCDB_GLOBE_R2024A_V1_2.zip,2026-09-19T08:41:50.435893+00:00,European Commission reuse notice: reuse authorised with source acknowledgement,Direct field SC_SEC_PCM_2020; layer GHSL_UCDB_THEME_SOCIOECONOMIC_GLOBE_R2024A; exact definition and upstream source in ghsl_indicator_dictionary.csv and official PDF.
ghsl_698,ghsl_SC_SEC_PCY_2020,GHSL UCDB R2024A V1.2,https://jeodpp.jrc.ec.europa.eu/ftp/jrc-opendata/GHSL/GHS_UCDB_GLOBE_R2024A/GHS_UCDB_GLOBE_R2024A/V1-2/GHS_UCDB_GLOBE_R2024A_V1_2.zip,2026-09-19T08:41:50.435893+00:00,European Commission reuse notice: reuse authorised with source acknowledgement,Direct field SC_SEC_PCY_2020; layer GHSL_UCDB_THEME_SOCIOECONOMIC_GLOBE_R2024A; exact definition and upstream source in ghsl_indicator_dictionary.csv and official PDF.
ghsl_698,ghsl_SC_SEC_PCA_2020,GHSL UCDB R2024A V1.2,https://jeodpp.jrc.ec.europa.eu/ftp/jrc-opendata/GHSL/GHS_UCDB_GLOBE_R2024A/GHS_UCDB_GLOBE_R2024A/V1-2/GHS_UCDB_GLOBE_R2024A_V1_2.zip,2026-09-19T08:41:50.435893+00:00,European Commission reuse notice: reuse authorised with source acknowledgement,Direct field SC_SEC_PCA_2020; layer GHSL_UCDB_THEME_SOCIOECONOMIC_GLOBE_R2024A; exact definition and upstream source in ghsl_indicator_dictionary.csv and official PDF.
ghsl_698,ghsl_SC_SEC_PCO_2020,GHSL UCDB R2024A V1.2,https://jeodpp.jrc.ec.europa.eu/ftp/jrc-opendata/GHSL/GHS_UCDB_GLOBE_R2024A/GHS_UCDB_GLOBE_R2024A/V1-2/GHS_UCDB_GLOBE_R2024A_V1_2.zip,2026-09-19T08:41:50.435893+00:00,European Commission reuse notice: reuse authorised with source acknowledgement,Direct field SC_SEC_PCO_2020; layer GHSL_UCDB_THEME_SOCIOECONOMIC_GLOBE_R2024A; exact definition and upstream source in ghsl_indicator_dictionary.csv and official PDF.
ghsl_698,ghsl_SC_CON_DSF_2023,GHSL UCDB R2024A V1.2,https://jeodpp.jrc.ec.europa.eu/ftp/jrc-opendata/GHSL/GHS_UCDB_GLOBE_R2024A/GHS_UCDB_GLOBE_R2024A/V1-2/GHS_UCDB_GLOBE_R2024A_V1_2.zip,2026-09-19T08:41:50.435893+00:00,European Commission reuse notice: reuse authorised with source acknowledgement,Direct field SC_CON_DSF_2023; layer GHSL_UCDB_THEME_SOCIOECONOMIC_GLOBE_R2024A; exact definition and upstream source in ghsl_indicator_dictionary.csv and official PDF.
ghsl_698,ghsl_SC_CON_DSM_2023,GHSL UCDB R2024A V1.2,https://jeodpp.jrc.ec.europa.eu/ftp/jrc-opendata/GHSL/GHS_UCDB_GLOBE_R2024A/GHS_UCDB_GLOBE_R2024A/V1-2/GHS_UCDB_GLOBE_R2024A_V1_2.zip,2026-09-19T08:41:50.435893+00:00,European Commission reuse notice: reuse authorised with source acknowledgement,Direct field SC_CON_DSM_2023; layer GHSL_UCDB_THEME_SOCIOECONOMIC_GLOBE_R2024A; exact definition and upstream source in ghsl_indicator_dictionary.csv and official PDF.
ghsl_698,ghsl_SC_CON_USF_2023,GHSL UCDB R2024A V1.2,https://jeodpp.jrc.ec.europa.eu/ftp/jrc-opendata/GHSL/GHS_UCDB_GLOBE_R2024A/GHS_UCDB_GLOBE_R2024A/V1-2/GHS_UCDB_GLOBE_R2024A_V1_2.zip,2026-09-19T08:41:50.435893+00:00,European Commission reuse notice: reuse authorised with source acknowledgement,Direct field SC_CON_USF_2023; layer GHSL_UCDB_THEME_SOCIOECONOMIC_GLOBE_R2024A; exact definition and upstream source in ghsl_indicator_dictionary.csv and official PDF.
ghsl_698,ghsl_SC_CON_USM_2023,GHSL UCDB R2024A V1.2,https://jeodpp.jrc.ec.europa.eu/ftp/jrc-opendata/GHSL/GHS_UCDB_GLOBE_R2024A/GHS_UCDB_GLOBE_R2024A/V1-2/GHS_UCDB_GLOBE_R2024A_V1_2.zip,2026-09-19T08:41:50.435893+00:00,European Commission reuse notice: reuse authorised with source acknowledgement,Direct field SC_CON_USM_2023; layer GHSL_UCDB_THEME_SOCIOECONOMIC_GLOBE_R2024A; exact definition and upstream source in ghsl_indicator_dictionary.csv and official PDF.
ghsl_698,ghsl_SC_CON_ALF_2023,GHSL UCDB R2024A V1.2,https://jeodpp.jrc.ec.europa.eu/ftp/jrc-opendata/GHSL/GHS_UCDB_GLOBE_R2024A/GHS_UCDB_GLOBE_R2024A/V1-2/GHS_UCDB_GLOBE_R2024A_V1_2.zip,2026-09-19T08:41:50.435893+00:00,European Commission reuse notice: reuse authorised with source acknowledgement,Direct field SC_CON_ALF_2023; layer GHSL_UCDB_THEME_SOCIOECONOMIC_GLOBE_R2024A; exact definition and upstream source in ghsl_indicator_dictionary.csv and official PDF.
ghsl_698,ghsl_SC_CON_ALM_2023,GHSL UCDB R2024A V1.2,https://jeodpp.jrc.ec.europa.eu/ftp/jrc-opendata/GHSL/GHS_UCDB_GLOBE_R2024A/GHS_UCDB_GLOBE_R2024A/V1-2/GHS_UCDB_GLOBE_R2024A_V1_2.zip,2026-09-19T08:41:50.435893+00:00,European Commission reuse notice: reuse authorised with source acknowledgement,Direct field SC_CON_ALM_2023; layer GHSL_UCDB_THEME_SOCIOECONOMIC_GLOBE_R2024A; exact definition and upstream source in ghsl_indicator_dictionary.csv and official PDF.
ghsl_698,ghsl_SC_CON_NDF_2023,GHSL UCDB R2024A V1.2,https://jeodpp.jrc.ec.europa.eu/ftp/jrc-opendata/GHSL/GHS_UCDB_GLOBE_R2024A/GHS_UCDB_GLOBE_R2024A/V1-2/GHS_UCDB_GLOBE_R2024A_V1_2.zip,2026-09-19T08:41:50.435893+00:00,European Commission reuse notice: reuse authorised with source acknowledgement,Direct field SC_CON_NDF_2023; layer GHSL_UCDB_THEME_SOCIOECONOMIC_GLOBE_R2024A; exact definition and upstream source in ghsl_indicator_dictionary.csv and official PDF.
ghsl_698,ghsl_SC_CON_NDM_2023,GHSL UCDB R2024A V1.2,https://jeodpp.jrc.ec.europa.eu/ftp/jrc-opendata/GHSL/GHS_UCDB_GLOBE_R2024A/GHS_UCDB_GLOBE_R2024A/V1-2/GHS_UCDB_GLOBE_R2024A_V1_2.zip,2026-09-19T08:41:50.435893+00:00,European Commission reuse notice: reuse authorised with source acknowledgement,Direct field SC_CON_NDM_2023; layer GHSL_UCDB_THEME_SOCIOECONOMIC_GLOBE_R2024A; exact definition and upstream source in ghsl_indicator_dictionary.csv and official PDF.
ghsl_698,ghsl_WA_MAR_SHT_2023,GHSL UCDB R2024A V1.2,https://jeodpp.jrc.ec.europa.eu/ftp/jrc-opendata/GHSL/GHS_UCDB_GLOBE_R2024A/GHS_UCDB_GLOBE_R2024A/V1-2/GHS_UCDB_GLOBE_R2024A_V1_2.zip,2026-09-19T08:41:50.435893+00:00,European Commission reuse notice: reuse authorised with source acknowledgement,Direct field WA_MAR_SHT_2023; layer GHSL_UCDB_THEME_WATER_GLOBE_R2024A; exact definition and upstream source in ghsl_indicator_dictionary.csv and official PDF.
ghsl_698,ghsl_WA_MAR_STT_2021,GHSL UCDB R2024A V1.2,https://jeodpp.jrc.ec.europa.eu/ftp/jrc-opendata/GHSL/GHS_UCDB_GLOBE_R2024A/GHS_UCDB_GLOBE_R2024A/V1-2/GHS_UCDB_GLOBE_R2024A_V1_2.zip,2026-09-19T08:41:50.435893+00:00,European Commission reuse notice: reuse authorised with source acknowledgement,Direct field WA_MAR_STT_2021; layer GHSL_UCDB_THEME_WATER_GLOBE_R2024A; exact definition and upstream source in ghsl_indicator_dictionary.csv and official PDF.
ghsl_698,ghsl_WA_MAR_SST_2024,GHSL UCDB R2024A V1.2,https://jeodpp.jrc.ec.europa.eu/ftp/jrc-opendata/GHSL/GHS_UCDB_GLOBE_R2024A/GHS_UCDB_GLOBE_R2024A/V1-2/GHS_UCDB_GLOBE_R2024A_V1_2.zip,2026-09-19T08:41:50.435893+00:00,European Commission reuse notice: reuse authorised with source acknowledgement,Direct field WA_MAR_SST_2024; layer GHSL_UCDB_THEME_WATER_GLOBE_R2024A; exact definition and upstream source in ghsl_indicator_dictionary.csv and official PDF.
ghsl_698,ghsl_WA_MAR_W01_2019,GHSL UCDB R2024A V1.2,https://jeodpp.jrc.ec.europa.eu/ftp/jrc-opendata/GHSL/GHS_UCDB_GLOBE_R2024A/GHS_UCDB_GLOBE_R2024A/V1-2/GHS_UCDB_GLOBE_R2024A_V1_2.zip,2026-09-19T08:41:50.435893+00:00,European Commission reuse notice: reuse authorised with source acknowledgement,Direct field WA_MAR_W01_2019; layer GHSL_UCDB_THEME_WATER_GLOBE_R2024A; exact definition and upstream source in ghsl_indicator_dictionary.csv and official PDF.
ghsl_698,ghsl_WA_MAR_W02_2019,GHSL UCDB R2024A V1.2,https://jeodpp.jrc.ec.europa.eu/ftp/jrc-opendata/GHSL/GHS_UCDB_GLOBE_R2024A/GHS_UCDB_GLOBE_R2024A/V1-2/GHS_UCDB_GLOBE_R2024A_V1_2.zip,2026-09-19T08:41:50.435893+00:00,European Commission reuse notice: reuse authorised with source acknowledgement,Direct field WA_MAR_W02_2019; layer GHSL_UCDB_THEME_WATER_GLOBE_R2024A; exact definition and upstream source in ghsl_indicator_dictionary.csv and official PDF.
ghsl_698,ghsl_WA_MAR_W03_2019,GHSL UCDB R2024A V1.2,https://jeodpp.jrc.ec.europa.eu/ftp/jrc-opendata/GHSL/GHS_UCDB_GLOBE_R2024A/GHS_UCDB_GLOBE_R2024A/V1-2/GHS_UCDB_GLOBE_R2024A_V1_2.zip,2026-09-19T08:41:50.435893+00:00,European Commission reuse notice: reuse authorised with source acknowledgement,Direct field WA_MAR_W03_2019; layer GHSL_UCDB_THEME_WATER_GLOBE_R2024A; exact definition and upstream source in ghsl_indicator_dictionary.csv and official PDF.
ghsl_698,ghsl_WA_MAR_W04_2019,GHSL UCDB R2024A V1.2,https://jeodpp.jrc.ec.europa.eu/ftp/jrc-opendata/GHSL/GHS_UCDB_GLOBE_R2024A/GHS_UCDB_GLOBE_R2024A/V1-2/GHS_UCDB_GLOBE_R2024A_V1_2.zip,2026-09-19T08:41:50.435893+00:00,European Commission reuse notice: reuse authorised with source acknowledgement,Direct field WA_MAR_W04_2019; layer GHSL_UCDB_THEME_WATER_GLOBE_R2024A; exact definition and upstream source in ghsl_indicator_dictionary.csv and official PDF.
ghsl_698,ghsl_WA_MAR_W05_2019,GHSL UCDB R2024A V1.2,https://jeodpp.jrc.ec.europa.eu/ftp/jrc-opendata/GHSL/GHS_UCDB_GLOBE_R2024A/GHS_UCDB_GLOBE_R2024A/V1-2/GHS_UCDB_GLOBE_R2024A_V1_2.zip,2026-09-19T08:41:50.435893+00:00,European Commission reuse notice: reuse authorised with source acknowledgement,Direct field WA_MAR_W05_2019; layer GHSL_UCDB_THEME_WATER_GLOBE_R2024A; exact definition and upstream source in ghsl_indicator_dictionary.csv and official PDF.
ghsl_698,ghsl_WA_MAR_W06_2019,GHSL UCDB R2024A V1.2,https://jeodpp.jrc.ec.europa.eu/ftp/jrc-opendata/GHSL/GHS_UCDB_GLOBE_R2024A/GHS_UCDB_GLOBE_R2024A/V1-2/GHS_UCDB_GLOBE_R2024A_V1_2.zip,2026-09-19T08:41:50.435893+00:00,European Commission reuse notice: reuse authorised with source acknowledgement,Direct field WA_MAR_W06_2019; layer GHSL_UCDB_THEME_WATER_GLOBE_R2024A; exact definition and upstream source in ghsl_indicator_dictionary.csv and official PDF.
ghsl_698,ghsl_WA_MAR_W07_2019,GHSL UCDB R2024A V1.2,https://jeodpp.jrc.ec.europa.eu/ftp/jrc-opendata/GHSL/GHS_UCDB_GLOBE_R2024A/GHS_UCDB_GLOBE_R2024A/V1-2/GHS_UCDB_GLOBE_R2024A_V1_2.zip,2026-09-19T08:41:50.435893+00:00,European Commission reuse notice: reuse authorised with source acknowledgement,Direct field WA_MAR_W07_2019; layer GHSL_UCDB_THEME_WATER_GLOBE_R2024A; exact definition and upstream source in ghsl_indicator_dictionary.csv and official PDF.
ghsl_698,ghsl_WA_MAR_W08_2019,GHSL UCDB R2024A V1.2,https://jeodpp.jrc.ec.europa.eu/ftp/jrc-opendata/GHSL/GHS_UCDB_GLOBE_R2024A/GHS_UCDB_GLOBE_R2024A/V1-2/GHS_UCDB_GLOBE_R2024A_V1_2.zip,2026-09-19T08:41:50.435893+00:00,European Commission reuse notice: reuse authorised with source acknowledgement,Direct field WA_MAR_W08_2019; layer GHSL_UCDB_THEME_WATER_GLOBE_R2024A; exact definition and upstream source in ghsl_indicator_dictionary.csv and official PDF.
ghsl_698,ghsl_WA_MAR_W09_2019,GHSL UCDB R2024A V1.2,https://jeodpp.jrc.ec.europa.eu/ftp/jrc-opendata/GHSL/GHS_UCDB_GLOBE_R2024A/GHS_UCDB_GLOBE_R2024A/V1-2/GHS_UCDB_GLOBE_R2024A_V1_2.zip,2026-09-19T08:41:50.435893+00:00,European Commission reuse notice: reuse authorised with source acknowledgement,Direct field WA_MAR_W09_2019; layer GHSL_UCDB_THEME_WATER_GLOBE_R2024A; exact definition and upstream source in ghsl_indicator_dictionary.csv and official PDF.
ghsl_698,ghsl_WA_MAR_W10_2019,GHSL UCDB R2024A V1.2,https://jeodpp.jrc.ec.europa.eu/ftp/jrc-opendata/GHSL/GHS_UCDB_GLOBE_R2024A/GHS_UCDB_GLOBE_R2024A/V1-2/GHS_UCDB_GLOBE_R2024A_V1_2.zip,2026-09-19T08:41:50.435893+00:00,European Commission reuse notice: reuse authorised with source acknowledgement,Direct field WA_MAR_W10_2019; layer GHSL_UCDB_THEME_WATER_GLOBE_R2024A; exact definition and upstream source in ghsl_indicator_dictionary.csv and official PDF.
ghsl_698,ghsl_WA_MAR_W11_2019,GHSL UCDB R2024A V1.2,https://jeodpp.jrc.ec.europa.eu/ftp/jrc-opendata/GHSL/GHS_UCDB_GLOBE_R2024A/GHS_UCDB_GLOBE_R2024A/V1-2/GHS_UCDB_GLOBE_R2024A_V1_2.zip,2026-09-19T08:41:50.435893+00:00,European Commission reuse notice: reuse authorised with source acknowledgement,Direct field WA_MAR_W11_2019; layer GHSL_UCDB_THEME_WATER_GLOBE_R2024A; exact definition and upstream source in ghsl_indicator_dictionary.csv and official PDF.
ghsl_698,ghsl_WA_MAR_W12_2019,GHSL UCDB R2024A V1.2,https://jeodpp.jrc.ec.europa.eu/ftp/jrc-opendata/GHSL/GHS_UCDB_GLOBE_R2024A/GHS_UCDB_GLOBE_R2024A/V1-2/GHS_UCDB_GLOBE_R2024A_V1_2.zip,2026-09-19T08:41:50.435893+00:00,European Commission reuse notice: reuse authorised with source acknowledgement,Direct field WA_MAR_W12_2019; layer GHSL_UCDB_THEME_WATER_GLOBE_R2024A; exact definition and upstream source in ghsl_indicator_dictionary.csv and official PDF.
ghsl_698,ghsl_WA_GWR_GWB_2025,GHSL UCDB R2024A V1.2,https://jeodpp.jrc.ec.europa.eu/ftp/jrc-opendata/GHSL/GHS_UCDB_GLOBE_R2024A/GHS_UCDB_GLOBE_R2024A/V1-2/GHS_UCDB_GLOBE_R2024A_V1_2.zip,2026-09-19T08:41:50.435893+00:00,European Commission reuse notice: reuse authorised with source acknowledgement,Direct field WA_GWR_GWB_2025; layer GHSL_UCDB_THEME_WATER_GLOBE_R2024A; exact definition and upstream source in ghsl_indicator_dictionary.csv and official PDF.
ghsl_698,ghsl_WA_GWR_MMA_2025,GHSL UCDB R2024A V1.2,https://jeodpp.jrc.ec.europa.eu/ftp/jrc-opendata/GHSL/GHS_UCDB_GLOBE_R2024A/GHS_UCDB_GLOBE_R2024A/V1-2/GHS_UCDB_GLOBE_R2024A_V1_2.zip,2026-09-19T08:41:50.435893+00:00,European Commission reuse notice: reuse authorised with source acknowledgement,Direct field WA_GWR_MMA_2025; layer GHSL_UCDB_THEME_WATER_GLOBE_R2024A; exact definition and upstream source in ghsl_indicator_dictionary.csv and official PDF.
ghsl_698,ghsl_WA_GWS_SAL_2025,GHSL UCDB R2024A V1.2,https://jeodpp.jrc.ec.europa.eu/ftp/jrc-opendata/GHSL/GHS_UCDB_GLOBE_R2024A/GHS_UCDB_GLOBE_R2024A/V1-2/GHS_UCDB_GLOBE_R2024A_V1_2.zip,2026-09-19T08:41:50.435893+00:00,European Commission reuse notice: reuse authorised with source acknowledgement,Direct field WA_GWS_SAL_2025; layer GHSL_UCDB_THEME_WATER_GLOBE_R2024A; exact definition and upstream source in ghsl_indicator_dictionary.csv and official PDF.
ghsl_698,population_density,GHSL UCDB / documented selection,https://jeodpp.jrc.ec.europa.eu/ftp/jrc-opendata/GHSL/GHS_UCDB_GLOBE_R2024A/GHS_UCDB_GLOBE_R2024A/V1-2/GHS_UCDB_GLOBE_R2024A_V1_2.zip,2026-09-19T08:41:50.435893+00:00,European Commission reuse notice: reuse authorised with source acknowledgement,population / area_km2
ghsl_698,built_up_population_density,GHSL UCDB / documented selection,https://jeodpp.jrc.ec.europa.eu/ftp/jrc-opendata/GHSL/GHS_UCDB_GLOBE_R2024A/GHS_UCDB_GLOBE_R2024A/V1-2/GHS_UCDB_GLOBE_R2024A_V1_2.zip,2026-09-19T08:41:50.435893+00:00,European Commission reuse notice: reuse authorised with source acknowledgement,population / built_up_area_km2
ghsl_698,green_space_pct,GHSL UCDB / documented selection,https://jeodpp.jrc.ec.europa.eu/ftp/jrc-opendata/GHSL/GHS_UCDB_GLOBE_R2024A/GHS_UCDB_GLOBE_R2024A/V1-2/GHS_UCDB_GLOBE_R2024A_V1_2.zip,2026-09-19T08:41:50.435893+00:00,European Commission reuse notice: reuse authorised with source acknowledgement,Unavailable: GHSL greenness in built-up areas is not public green-space coverage.
ghsl_698,places,Overture Maps 2026-08-19.0,https://stac.overturemaps.org/2026-08-19.0/catalog.json,2026-09-19T09:11:27.217271+00:00,Theme-specific; see https://docs.overturemaps.org/attribution/ and retained feature sources,"Raw query, contributing feature sources, checksums, timestamps and bbox retained in raw sidecar JSON."
ghsl_698,roads,Overture Maps 2026-08-19.0,https://stac.overturemaps.org/2026-08-19.0/catalog.json,2026-09-19T09:11:49.989265+00:00,Theme-specific; see https://docs.overturemaps.org/attribution/ and retained feature sources,"Raw query, contributing feature sources, checksums, timestamps and bbox retained in raw sidecar JSON."
ghsl_698,buildings,Overture Maps 2026-08-19.0,https://stac.overturemaps.org/2026-08-19.0/catalog.json,2026-09-19T09:12:13.951233+00:00,Theme-specific; see https://docs.overturemaps.org/attribution/ and retained feature sources,"Raw query, contributing feature sources, checksums, timestamps and bbox retained in raw sidecar JSON."
ghsl_698,land_use,Overture Maps 2026-08-19.0,https://stac.overturemaps.org/2026-08-19.0/catalog.json,2026-09-19T09:12:27.566558+00:00,Theme-specific; see https://docs.overturemaps.org/attribution/ and retained feature sources,"Raw query, contributing feature sources, checksums, timestamps and bbox retained in raw sidecar JSON."
ghsl_698,osm,OpenStreetMap,https://overpass-api.de/api/interpreter,2026-09-19T09:12:42.358742+00:00,ODbL 1.0; © OpenStreetMap contributors,"Raw query, contributing feature sources, checksums, timestamps and bbox retained in raw sidecar JSON."
ghsl_698,hospital_count,Derived from osm,https://overpass-api.de/api/interpreter,2026-09-19T09:12:42.358742+00:00,ODbL 1.0; © OpenStreetMap contributors,Derived; formula/method in feature_dictionary.csv; source observations can be incomplete.
ghsl_698,hospital_density,Derived from osm + GHSL,https://overpass-api.de/api/interpreter,2026-09-19T09:12:42.358742+00:00,ODbL 1.0; © OpenStreetMap contributors,Derived; formula/method in feature_dictionary.csv; source observations can be incomplete.
ghsl_698,hospitals_per_100k,Derived from osm + GHSL,https://overpass-api.de/api/interpreter,2026-09-19T09:12:42.358742+00:00,ODbL 1.0; © OpenStreetMap contributors,Derived; formula/method in feature_dictionary.csv; source observations can be incomplete.
ghsl_698,clinic_count,Derived from osm,https://overpass-api.de/api/interpreter,2026-09-19T09:12:42.358742+00:00,ODbL 1.0; © OpenStreetMap contributors,Derived; formula/method in feature_dictionary.csv; source observations can be incomplete.
ghsl_698,clinic_density,Derived from osm + GHSL,https://overpass-api.de/api/interpreter,2026-09-19T09:12:42.358742+00:00,ODbL 1.0; © OpenStreetMap contributors,Derived; formula/method in feature_dictionary.csv; source observations can be incomplete.
ghsl_698,clinics_per_100k,Derived from osm + GHSL,https://overpass-api.de/api/interpreter,2026-09-19T09:12:42.358742+00:00,ODbL 1.0; © OpenStreetMap contributors,Derived; formula/method in feature_dictionary.csv; source observations can be incomplete.
ghsl_698,school_count,Derived from osm,https://overpass-api.de/api/interpreter,2026-09-19T09:12:42.358742+00:00,ODbL 1.0; © OpenStreetMap contributors,Derived; formula/method in feature_dictionary.csv; source observations can be incomplete.
ghsl_698,school_density,Derived from osm + GHSL,https://overpass-api.de/api/interpreter,2026-09-19T09:12:42.358742+00:00,ODbL 1.0; © OpenStreetMap contributors,Derived; formula/method in feature_dictionary.csv; source observations can be incomplete.
ghsl_698,schools_per_100k,Derived from osm + GHSL,https://overpass-api.de/api/interpreter,2026-09-19T09:12:42.358742+00:00,ODbL 1.0; © OpenStreetMap contributors,Derived; formula/method in feature_dictionary.csv; source observations can be incomplete.
ghsl_698,university_count,Derived from osm,https://overpass-api.de/api/interpreter,2026-09-19T09:12:42.358742+00:00,ODbL 1.0; © OpenStreetMap contributors,Derived; formula/method in feature_dictionary.csv; source observations can be incomplete.
ghsl_698,university_density,Derived from osm + GHSL,https://overpass-api.de/api/interpreter,2026-09-19T09:12:42.358742+00:00,ODbL 1.0; © OpenStreetMap contributors,Derived; formula/method in feature_dictionary.csv; source observations can be incomplete.
ghsl_698,universitys_per_100k,Derived from osm + GHSL,https://overpass-api.de/api/interpreter,2026-09-19T09:12:42.358742+00:00,ODbL 1.0; © OpenStreetMap contributors,Derived; formula/method in feature_dictionary.csv; source observations can be incomplete.
ghsl_698,park_count,Derived from osm,https://overpass-api.de/api/interpreter,2026-09-19T09:12:42.358742+00:00,ODbL 1.0; © OpenStreetMap contributors,Derived; formula/method in feature_dictionary.csv; source observations can be incomplete.
ghsl_698,park_density,Derived from osm + GHSL,https://overpass-api.de/api/interpreter,2026-09-19T09:12:42.358742+00:00,ODbL 1.0; © OpenStreetMap contributors,Derived; formula/method in feature_dictionary.csv; source observations can be incomplete.
ghsl_698,parks_per_100k,Derived from osm + GHSL,https://overpass-api.de/api/interpreter,2026-09-19T09:12:42.358742+00:00,ODbL 1.0; © OpenStreetMap contributors,Derived; formula/method in feature_dictionary.csv; source observations can be incomplete.
ghsl_698,supermarket_count,Derived from places,https://stac.overturemaps.org/2026-08-19.0/catalog.json,2026-09-19T09:11:27.217271+00:00,Theme-specific; see https://docs.overturemaps.org/attribution/ and retained feature sources,Derived; formula/method in feature_dictionary.csv; source observations can be incomplete.
ghsl_698,supermarket_density,Derived from places + GHSL,https://stac.overturemaps.org/2026-08-19.0/catalog.json,2026-09-19T09:11:27.217271+00:00,Theme-specific; see https://docs.overturemaps.org/attribution/ and retained feature sources,Derived; formula/method in feature_dictionary.csv; source observations can be incomplete.
ghsl_698,supermarkets_per_100k,Derived from places + GHSL,https://stac.overturemaps.org/2026-08-19.0/catalog.json,2026-09-19T09:11:27.217271+00:00,Theme-specific; see https://docs.overturemaps.org/attribution/ and retained feature sources,Derived; formula/method in feature_dictionary.csv; source observations can be incomplete.
ghsl_698,pharmacy_count,Derived from osm,https://overpass-api.de/api/interpreter,2026-09-19T09:12:42.358742+00:00,ODbL 1.0; © OpenStreetMap contributors,Derived; formula/method in feature_dictionary.csv; source observations can be incomplete.
ghsl_698,pharmacy_density,Derived from osm + GHSL,https://overpass-api.de/api/interpreter,2026-09-19T09:12:42.358742+00:00,ODbL 1.0; © OpenStreetMap contributors,Derived; formula/method in feature_dictionary.csv; source observations can be incomplete.
ghsl_698,pharmacys_per_100k,Derived from osm + GHSL,https://overpass-api.de/api/interpreter,2026-09-19T09:12:42.358742+00:00,ODbL 1.0; © OpenStreetMap contributors,Derived; formula/method in feature_dictionary.csv; source observations can be incomplete.
ghsl_698,police_count,Derived from osm,https://overpass-api.de/api/interpreter,2026-09-19T09:12:42.358742+00:00,ODbL 1.0; © OpenStreetMap contributors,Derived; formula/method in feature_dictionary.csv; source observations can be incomplete.
ghsl_698,police_density,Derived from osm + GHSL,https://overpass-api.de/api/interpreter,2026-09-19T09:12:42.358742+00:00,ODbL 1.0; © OpenStreetMap contributors,Derived; formula/method in feature_dictionary.csv; source observations can be incomplete.
ghsl_698,polices_per_100k,Derived from osm + GHSL,https://overpass-api.de/api/interpreter,2026-09-19T09:12:42.358742+00:00,ODbL 1.0; © OpenStreetMap contributors,Derived; formula/method in feature_dictionary.csv; source observations can be incomplete.
ghsl_698,fire_station_count,Derived from osm,https://overpass-api.de/api/interpreter,2026-09-19T09:12:42.358742+00:00,ODbL 1.0; © OpenStreetMap contributors,Derived; formula/method in feature_dictionary.csv; source observations can be incomplete.
ghsl_698,fire_station_density,Derived from osm + GHSL,https://overpass-api.de/api/interpreter,2026-09-19T09:12:42.358742+00:00,ODbL 1.0; © OpenStreetMap contributors,Derived; formula/method in feature_dictionary.csv; source observations can be incomplete.
ghsl_698,fire_stations_per_100k,Derived from osm + GHSL,https://overpass-api.de/api/interpreter,2026-09-19T09:12:42.358742+00:00,ODbL 1.0; © OpenStreetMap contributors,Derived; formula/method in feature_dictionary.csv; source observations can be incomplete.
ghsl_698,transit_station_count,Derived from osm,https://overpass-api.de/api/interpreter,2026-09-19T09:12:42.358742+00:00,ODbL 1.0; © OpenStreetMap contributors,Derived; formula/method in feature_dictionary.csv; source observations can be incomplete.
ghsl_698,transit_station_density,Derived from osm + GHSL,https://overpass-api.de/api/interpreter,2026-09-19T09:12:42.358742+00:00,ODbL 1.0; © OpenStreetMap contributors,Derived; formula/method in feature_dictionary.csv; source observations can be incomplete.
ghsl_698,transit_stations_per_100k,Derived from osm + GHSL,https://overpass-api.de/api/interpreter,2026-09-19T09:12:42.358742+00:00,ODbL 1.0; © OpenStreetMap contributors,Derived; formula/method in feature_dictionary.csv; source observations can be incomplete.
ghsl_698,bus_stop_count,Derived from osm,https://overpass-api.de/api/interpreter,2026-09-19T09:12:42.358742+00:00,ODbL 1.0; © OpenStreetMap contributors,Derived; formula/method in feature_dictionary.csv; source observations can be incomplete.
ghsl_698,bus_stop_density,Derived from osm + GHSL,https://overpass-api.de/api/interpreter,2026-09-19T09:12:42.358742+00:00,ODbL 1.0; © OpenStreetMap contributors,Derived; formula/method in feature_dictionary.csv; source observations can be incomplete.
ghsl_698,bus_stops_per_100k,Derived from osm + GHSL,https://overpass-api.de/api/interpreter,2026-09-19T09:12:42.358742+00:00,ODbL 1.0; © OpenStreetMap contributors,Derived; formula/method in feature_dictionary.csv; source observations can be incomplete.
ghsl_698,transit_stop_count,Derived from osm,https://overpass-api.de/api/interpreter,2026-09-19T09:12:42.358742+00:00,ODbL 1.0; © OpenStreetMap contributors,Derived; formula/method in feature_dictionary.csv; source observations can be incomplete.
ghsl_698,transit_stop_density,Derived from osm + GHSL,https://overpass-api.de/api/interpreter,2026-09-19T09:12:42.358742+00:00,ODbL 1.0; © OpenStreetMap contributors,Derived; formula/method in feature_dictionary.csv; source observations can be incomplete.
ghsl_698,transit_stops_per_100k,Derived from osm + GHSL,https://overpass-api.de/api/interpreter,2026-09-19T09:12:42.358742+00:00,ODbL 1.0; © OpenStreetMap contributors,Derived; formula/method in feature_dictionary.csv; source observations can be incomplete.
ghsl_698,restaurant_count,Derived from places,https://stac.overturemaps.org/2026-08-19.0/catalog.json,2026-09-19T09:11:27.217271+00:00,Theme-specific; see https://docs.overturemaps.org/attribution/ and retained feature sources,Derived; formula/method in feature_dictionary.csv; source observations can be incomplete.
ghsl_698,restaurant_density,Derived from places + GHSL,https://stac.overturemaps.org/2026-08-19.0/catalog.json,2026-09-19T09:11:27.217271+00:00,Theme-specific; see https://docs.overturemaps.org/attribution/ and retained feature sources,Derived; formula/method in feature_dictionary.csv; source observations can be incomplete.
ghsl_698,restaurants_per_100k,Derived from places + GHSL,https://stac.overturemaps.org/2026-08-19.0/catalog.json,2026-09-19T09:11:27.217271+00:00,Theme-specific; see https://docs.overturemaps.org/attribution/ and retained feature sources,Derived; formula/method in feature_dictionary.csv; source observations can be incomplete.
ghsl_698,cafe_count,Derived from places,https://stac.overturemaps.org/2026-08-19.0/catalog.json,2026-09-19T09:11:27.217271+00:00,Theme-specific; see https://docs.overturemaps.org/attribution/ and retained feature sources,Derived; formula/method in feature_dictionary.csv; source observations can be incomplete.
ghsl_698,cafe_density,Derived from places + GHSL,https://stac.overturemaps.org/2026-08-19.0/catalog.json,2026-09-19T09:11:27.217271+00:00,Theme-specific; see https://docs.overturemaps.org/attribution/ and retained feature sources,Derived; formula/method in feature_dictionary.csv; source observations can be incomplete.
ghsl_698,cafes_per_100k,Derived from places + GHSL,https://stac.overturemaps.org/2026-08-19.0/catalog.json,2026-09-19T09:11:27.217271+00:00,Theme-specific; see https://docs.overturemaps.org/attribution/ and retained feature sources,Derived; formula/method in feature_dictionary.csv; source observations can be incomplete.
ghsl_698,retail_count,Derived from places,https://stac.overturemaps.org/2026-08-19.0/catalog.json,2026-09-19T09:11:27.217271+00:00,Theme-specific; see https://docs.overturemaps.org/attribution/ and retained feature sources,Derived; formula/method in feature_dictionary.csv; source observations can be incomplete.
ghsl_698,retail_density,Derived from places + GHSL,https://stac.overturemaps.org/2026-08-19.0/catalog.json,2026-09-19T09:11:27.217271+00:00,Theme-specific; see https://docs.overturemaps.org/attribution/ and retained feature sources,Derived; formula/method in feature_dictionary.csv; source observations can be incomplete.
ghsl_698,retails_per_100k,Derived from places + GHSL,https://stac.overturemaps.org/2026-08-19.0/catalog.json,2026-09-19T09:11:27.217271+00:00,Theme-specific; see https://docs.overturemaps.org/attribution/ and retained feature sources,Derived; formula/method in feature_dictionary.csv; source observations can be incomplete.
ghsl_698,accommodation_count,Derived from places,https://stac.overturemaps.org/2026-08-19.0/catalog.json,2026-09-19T09:11:27.217271+00:00,Theme-specific; see https://docs.overturemaps.org/attribution/ and retained feature sources,Derived; formula/method in feature_dictionary.csv; source observations can be incomplete.
ghsl_698,accommodation_density,Derived from places + GHSL,https://stac.overturemaps.org/2026-08-19.0/catalog.json,2026-09-19T09:11:27.217271+00:00,Theme-specific; see https://docs.overturemaps.org/attribution/ and retained feature sources,Derived; formula/method in feature_dictionary.csv; source observations can be incomplete.
ghsl_698,accommodations_per_100k,Derived from places + GHSL,https://stac.overturemaps.org/2026-08-19.0/catalog.json,2026-09-19T09:11:27.217271+00:00,Theme-specific; see https://docs.overturemaps.org/attribution/ and retained feature sources,Derived; formula/method in feature_dictionary.csv; source observations can be incomplete.
ghsl_698,community_count,Derived from places,https://stac.overturemaps.org/2026-08-19.0/catalog.json,2026-09-19T09:11:27.217271+00:00,Theme-specific; see https://docs.overturemaps.org/attribution/ and retained feature sources,Derived; formula/method in feature_dictionary.csv; source observations can be incomplete.
ghsl_698,community_density,Derived from places + GHSL,https://stac.overturemaps.org/2026-08-19.0/catalog.json,2026-09-19T09:11:27.217271+00:00,Theme-specific; see https://docs.overturemaps.org/attribution/ and retained feature sources,Derived; formula/method in feature_dictionary.csv; source observations can be incomplete.
ghsl_698,communitys_per_100k,Derived from places + GHSL,https://stac.overturemaps.org/2026-08-19.0/catalog.json,2026-09-19T09:11:27.217271+00:00,Theme-specific; see https://docs.overturemaps.org/attribution/ and retained feature sources,Derived; formula/method in feature_dictionary.csv; source observations can be incomplete.
ghsl_698,other_count,Derived from places,https://stac.overturemaps.org/2026-08-19.0/catalog.json,2026-09-19T09:11:27.217271+00:00,Theme-specific; see https://docs.overturemaps.org/attribution/ and retained feature sources,Derived; formula/method in feature_dictionary.csv; source observations can be incomplete.
ghsl_698,other_density,Derived from places + GHSL,https://stac.overturemaps.org/2026-08-19.0/catalog.json,2026-09-19T09:11:27.217271+00:00,Theme-specific; see https://docs.overturemaps.org/attribution/ and retained feature sources,Derived; formula/method in feature_dictionary.csv; source observations can be incomplete.
ghsl_698,others_per_100k,Derived from places + GHSL,https://stac.overturemaps.org/2026-08-19.0/catalog.json,2026-09-19T09:11:27.217271+00:00,Theme-specific; see https://docs.overturemaps.org/attribution/ and retained feature sources,Derived; formula/method in feature_dictionary.csv; source observations can be incomplete.
ghsl_698,uncategorized_count,Derived from places,https://stac.overturemaps.org/2026-08-19.0/catalog.json,2026-09-19T09:11:27.217271+00:00,Theme-specific; see https://docs.overturemaps.org/attribution/ and retained feature sources,Derived; formula/method in feature_dictionary.csv; source observations can be incomplete.
ghsl_698,uncategorized_density,Derived from places + GHSL,https://stac.overturemaps.org/2026-08-19.0/catalog.json,2026-09-19T09:11:27.217271+00:00,Theme-specific; see https://docs.overturemaps.org/attribution/ and retained feature sources,Derived; formula/method in feature_dictionary.csv; source observations can be incomplete.
ghsl_698,uncategorizeds_per_100k,Derived from places + GHSL,https://stac.overturemaps.org/2026-08-19.0/catalog.json,2026-09-19T09:11:27.217271+00:00,Theme-specific; see https://docs.overturemaps.org/attribution/ and retained feature sources,Derived; formula/method in feature_dictionary.csv; source observations can be incomplete.
ghsl_698,transit_stops_per_km2,Derived from osm,https://overpass-api.de/api/interpreter,2026-09-19T09:12:42.358742+00:00,ODbL 1.0; © OpenStreetMap contributors,Derived; formula/method in feature_dictionary.csv; source observations can be incomplete.
ghsl_698,poi_count,"Derived from places, osm",https://stac.overturemaps.org/2026-08-19.0/catalog.json;https://overpass-api.de/api/interpreter,2026-09-19T09:11:27.217271+00:00;2026-09-19T09:12:42.358742+00:00,ODbL 1.0; © OpenStreetMap contributors;Theme-specific; see https://docs.overturemaps.org/attribution/ and retained feature sources,Derived; formula/method in feature_dictionary.csv; source observations can be incomplete.
ghsl_698,poi_diversity,"Derived from places, osm",https://stac.overturemaps.org/2026-08-19.0/catalog.json;https://overpass-api.de/api/interpreter,2026-09-19T09:11:27.217271+00:00;2026-09-19T09:12:42.358742+00:00,ODbL 1.0; © OpenStreetMap contributors;Theme-specific; see https://docs.overturemaps.org/attribution/ and retained feature sources,Derived; formula/method in feature_dictionary.csv; source observations can be incomplete.
ghsl_698,overture_hospital_count_observed_before_dedup,Derived from places,https://stac.overturemaps.org/2026-08-19.0/catalog.json,2026-09-19T09:11:27.217271+00:00,Theme-specific; see https://docs.overturemaps.org/attribution/ and retained feature sources,Derived; formula/method in feature_dictionary.csv; source observations can be incomplete.
ghsl_698,overture_school_count_observed_before_dedup,Derived from places,https://stac.overturemaps.org/2026-08-19.0/catalog.json,2026-09-19T09:11:27.217271+00:00,Theme-specific; see https://docs.overturemaps.org/attribution/ and retained feature sources,Derived; formula/method in feature_dictionary.csv; source observations can be incomplete.
ghsl_698,overture_clinic_count_observed_before_dedup,Derived from places,https://stac.overturemaps.org/2026-08-19.0/catalog.json,2026-09-19T09:11:27.217271+00:00,Theme-specific; see https://docs.overturemaps.org/attribution/ and retained feature sources,Derived; formula/method in feature_dictionary.csv; source observations can be incomplete.
ghsl_698,overture_park_count_observed_before_dedup,Derived from places,https://stac.overturemaps.org/2026-08-19.0/catalog.json,2026-09-19T09:11:27.217271+00:00,Theme-specific; see https://docs.overturemaps.org/attribution/ and retained feature sources,Derived; formula/method in feature_dictionary.csv; source observations can be incomplete.
ghsl_698,overture_transit_station_count_observed_before_dedup,Derived from places,https://stac.overturemaps.org/2026-08-19.0/catalog.json,2026-09-19T09:11:27.217271+00:00,Theme-specific; see https://docs.overturemaps.org/attribution/ and retained feature sources,Derived; formula/method in feature_dictionary.csv; source observations can be incomplete.
ghsl_698,osm_hospital_count_observed_before_dedup,Derived from places,https://stac.overturemaps.org/2026-08-19.0/catalog.json,2026-09-19T09:11:27.217271+00:00,Theme-specific; see https://docs.overturemaps.org/attribution/ and retained feature sources,Derived; formula/method in feature_dictionary.csv; source observations can be incomplete.
ghsl_698,osm_school_count_observed_before_dedup,Derived from places,https://stac.overturemaps.org/2026-08-19.0/catalog.json,2026-09-19T09:11:27.217271+00:00,Theme-specific; see https://docs.overturemaps.org/attribution/ and retained feature sources,Derived; formula/method in feature_dictionary.csv; source observations can be incomplete.
ghsl_698,osm_clinic_count_observed_before_dedup,Derived from places,https://stac.overturemaps.org/2026-08-19.0/catalog.json,2026-09-19T09:11:27.217271+00:00,Theme-specific; see https://docs.overturemaps.org/attribution/ and retained feature sources,Derived; formula/method in feature_dictionary.csv; source observations can be incomplete.
ghsl_698,osm_park_count_observed_before_dedup,Derived from places,https://stac.overturemaps.org/2026-08-19.0/catalog.json,2026-09-19T09:11:27.217271+00:00,Theme-specific; see https://docs.overturemaps.org/attribution/ and retained feature sources,Derived; formula/method in feature_dictionary.csv; source observations can be incomplete.
ghsl_698,osm_transit_station_count_observed_before_dedup,Derived from places,https://stac.overturemaps.org/2026-08-19.0/catalog.json,2026-09-19T09:11:27.217271+00:00,Theme-specific; see https://docs.overturemaps.org/attribution/ and retained feature sources,Derived; formula/method in feature_dictionary.csv; source observations can be incomplete.
ghsl_698,road_length_km,Derived from roads,https://stac.overturemaps.org/2026-08-19.0/catalog.json,2026-09-19T09:11:49.989265+00:00,Theme-specific; see https://docs.overturemaps.org/attribution/ and retained feature sources,Derived; formula/method in feature_dictionary.csv; source observations can be incomplete.
ghsl_698,road_density,Derived from roads + GHSL,https://stac.overturemaps.org/2026-08-19.0/catalog.json,2026-09-19T09:11:49.989265+00:00,Theme-specific; see https://docs.overturemaps.org/attribution/ and retained feature sources,Derived; formula/method in feature_dictionary.csv; source observations can be incomplete.
ghsl_698,intersection_count_approx,Derived from roads,https://stac.overturemaps.org/2026-08-19.0/catalog.json,2026-09-19T09:11:49.989265+00:00,Theme-specific; see https://docs.overturemaps.org/attribution/ and retained feature sources,Derived; formula/method in feature_dictionary.csv; source observations can be incomplete.
ghsl_698,intersection_density,Derived from roads + GHSL,https://stac.overturemaps.org/2026-08-19.0/catalog.json,2026-09-19T09:11:49.989265+00:00,Theme-specific; see https://docs.overturemaps.org/attribution/ and retained feature sources,Derived; formula/method in feature_dictionary.csv; source observations can be incomplete.
ghsl_698,road_network_mean_degree_approx,Derived from roads,https://stac.overturemaps.org/2026-08-19.0/catalog.json,2026-09-19T09:11:49.989265+00:00,Theme-specific; see https://docs.overturemaps.org/attribution/ and retained feature sources,Derived; formula/method in feature_dictionary.csv; source observations can be incomplete.
ghsl_698,road_network_edge_node_ratio_approx,Derived from roads,https://stac.overturemaps.org/2026-08-19.0/catalog.json,2026-09-19T09:11:49.989265+00:00,Theme-specific; see https://docs.overturemaps.org/attribution/ and retained feature sources,Derived; formula/method in feature_dictionary.csv; source observations can be incomplete.
ghsl_698,building_count,Derived from buildings,https://stac.overturemaps.org/2026-08-19.0/catalog.json,2026-09-19T09:12:13.951233+00:00,Theme-specific; see https://docs.overturemaps.org/attribution/ and retained feature sources,Derived; formula/method in feature_dictionary.csv; source observations can be incomplete.
ghsl_698,building_density,Derived from buildings + GHSL,https://stac.overturemaps.org/2026-08-19.0/catalog.json,2026-09-19T09:12:13.951233+00:00,Theme-specific; see https://docs.overturemaps.org/attribution/ and retained feature sources,Derived; formula/method in feature_dictionary.csv; source observations can be incomplete.
ghsl_698,building_footprint_area_km2,Derived from buildings,https://stac.overturemaps.org/2026-08-19.0/catalog.json,2026-09-19T09:12:13.951233+00:00,Theme-specific; see https://docs.overturemaps.org/attribution/ and retained feature sources,Derived; formula/method in feature_dictionary.csv; source observations can be incomplete.
ghsl_698,building_footprint_union_area_km2,Derived from buildings,https://stac.overturemaps.org/2026-08-19.0/catalog.json,2026-09-19T09:12:13.951233+00:00,Theme-specific; see https://docs.overturemaps.org/attribution/ and retained feature sources,Unavailable; no imputation. Derived; formula/method in feature_dictionary.csv; source observations can be incomplete.
ghsl_698,built_area_pct,Derived from buildings,https://stac.overturemaps.org/2026-08-19.0/catalog.json,2026-09-19T09:12:13.951233+00:00,Theme-specific; see https://docs.overturemaps.org/attribution/ and retained feature sources,Unavailable; no imputation. Derived; formula/method in feature_dictionary.csv; source observations can be incomplete.
ghsl_698,building_footprint_sum_pct,Derived from buildings,https://stac.overturemaps.org/2026-08-19.0/catalog.json,2026-09-19T09:12:13.951233+00:00,Theme-specific; see https://docs.overturemaps.org/attribution/ and retained feature sources,Derived; formula/method in feature_dictionary.csv; source observations can be incomplete.
ghsl_698,building_union_status,Derived from buildings,https://stac.overturemaps.org/2026-08-19.0/catalog.json,2026-09-19T09:12:13.951233+00:00,Theme-specific; see https://docs.overturemaps.org/attribution/ and retained feature sources,Derived; formula/method in feature_dictionary.csv; source observations can be incomplete.
ghsl_698,park_area_km2,Derived from osm,https://overpass-api.de/api/interpreter,2026-09-19T09:12:42.358742+00:00,ODbL 1.0; © OpenStreetMap contributors,Derived; formula/method in feature_dictionary.csv; source observations can be incomplete.
ghsl_698,mapped_park_area_pct,Derived from osm,https://overpass-api.de/api/interpreter,2026-09-19T09:12:42.358742+00:00,ODbL 1.0; © OpenStreetMap contributors,Derived; formula/method in feature_dictionary.csv; source observations can be incomplete.
ghsl_698,park_area_source,Derived from osm,https://overpass-api.de/api/interpreter,2026-09-19T09:12:42.358742+00:00,ODbL 1.0; © OpenStreetMap contributors,Derived; formula/method in feature_dictionary.csv; source observations can be incomplete.
ghsl_698,accessibility_weighting,Derived from places,https://stac.overturemaps.org/2026-08-19.0/catalog.json;https://jeodpp.jrc.ec.europa.eu/ftp/jrc-opendata/GHSL/GHS_POP_GLOBE_R2023A/GHS_POP_E2025_GLOBE_R2023A_54009_1000/V1-0/GHS_POP_E2025_GLOBE_R2023A_54009_1000_V1_0.zip,2026-09-19T09:11:27.217271+00:00,Theme-specific; see https://docs.overturemaps.org/attribution/ and retained feature sources,Derived; formula/method in feature_dictionary.csv; source observations can be incomplete.
ghsl_698,accessibility_sample_count,Derived from places,https://stac.overturemaps.org/2026-08-19.0/catalog.json;https://jeodpp.jrc.ec.europa.eu/ftp/jrc-opendata/GHSL/GHS_POP_GLOBE_R2023A/GHS_POP_E2025_GLOBE_R2023A_54009_1000/V1-0/GHS_POP_E2025_GLOBE_R2023A_54009_1000_V1_0.zip,2026-09-19T09:11:27.217271+00:00,Theme-specific; see https://docs.overturemaps.org/attribution/ and retained feature sources,Derived; formula/method in feature_dictionary.csv; source observations can be incomplete.
ghsl_698,population_grid_sum,Derived from places,https://stac.overturemaps.org/2026-08-19.0/catalog.json;https://jeodpp.jrc.ec.europa.eu/ftp/jrc-opendata/GHSL/GHS_POP_GLOBE_R2023A/GHS_POP_E2025_GLOBE_R2023A_54009_1000/V1-0/GHS_POP_E2025_GLOBE_R2023A_54009_1000_V1_0.zip,2026-09-19T09:11:27.217271+00:00,Theme-specific; see https://docs.overturemaps.org/attribution/ and retained feature sources,Derived; formula/method in feature_dictionary.csv; source observations can be incomplete.
ghsl_698,population_grid_to_ucdb_ratio,Derived from places,https://stac.overturemaps.org/2026-08-19.0/catalog.json;https://jeodpp.jrc.ec.europa.eu/ftp/jrc-opendata/GHSL/GHS_POP_GLOBE_R2023A/GHS_POP_E2025_GLOBE_R2023A_54009_1000/V1-0/GHS_POP_E2025_GLOBE_R2023A_54009_1000_V1_0.zip,2026-09-19T09:11:27.217271+00:00,Theme-specific; see https://docs.overturemaps.org/attribution/ and retained feature sources,Derived; formula/method in feature_dictionary.csv; source observations can be incomplete.
ghsl_698,hospital_nearest_mean_km,Derived from osm + GHSL,https://overpass-api.de/api/interpreter;https://jeodpp.jrc.ec.europa.eu/ftp/jrc-opendata/GHSL/GHS_POP_GLOBE_R2023A/GHS_POP_E2025_GLOBE_R2023A_54009_1000/V1-0/GHS_POP_E2025_GLOBE_R2023A_54009_1000_V1_0.zip,2026-09-19T09:12:42.358742+00:00,ODbL 1.0; © OpenStreetMap contributors,Derived; formula/method in feature_dictionary.csv; source observations can be incomplete.
ghsl_698,hospital_nearest_median_km,Derived from osm + GHSL,https://overpass-api.de/api/interpreter;https://jeodpp.jrc.ec.europa.eu/ftp/jrc-opendata/GHSL/GHS_POP_GLOBE_R2023A/GHS_POP_E2025_GLOBE_R2023A_54009_1000/V1-0/GHS_POP_E2025_GLOBE_R2023A_54009_1000_V1_0.zip,2026-09-19T09:12:42.358742+00:00,ODbL 1.0; © OpenStreetMap contributors,Derived; formula/method in feature_dictionary.csv; source observations can be incomplete.
ghsl_698,population_within_1km_hospital_pct,Derived from osm + GHSL,https://overpass-api.de/api/interpreter;https://jeodpp.jrc.ec.europa.eu/ftp/jrc-opendata/GHSL/GHS_POP_GLOBE_R2023A/GHS_POP_E2025_GLOBE_R2023A_54009_1000/V1-0/GHS_POP_E2025_GLOBE_R2023A_54009_1000_V1_0.zip,2026-09-19T09:12:42.358742+00:00,ODbL 1.0; © OpenStreetMap contributors,Derived; formula/method in feature_dictionary.csv; source observations can be incomplete.
ghsl_698,population_within_3km_hospital_pct,Derived from osm + GHSL,https://overpass-api.de/api/interpreter;https://jeodpp.jrc.ec.europa.eu/ftp/jrc-opendata/GHSL/GHS_POP_GLOBE_R2023A/GHS_POP_E2025_GLOBE_R2023A_54009_1000/V1-0/GHS_POP_E2025_GLOBE_R2023A_54009_1000_V1_0.zip,2026-09-19T09:12:42.358742+00:00,ODbL 1.0; © OpenStreetMap contributors,Derived; formula/method in feature_dictionary.csv; source observations can be incomplete.
ghsl_698,population_within_5km_hospital_pct,Derived from osm + GHSL,https://overpass-api.de/api/interpreter;https://jeodpp.jrc.ec.europa.eu/ftp/jrc-opendata/GHSL/GHS_POP_GLOBE_R2023A/GHS_POP_E2025_GLOBE_R2023A_54009_1000/V1-0/GHS_POP_E2025_GLOBE_R2023A_54009_1000_V1_0.zip,2026-09-19T09:12:42.358742+00:00,ODbL 1.0; © OpenStreetMap contributors,Derived; formula/method in feature_dictionary.csv; source observations can be incomplete.
ghsl_698,school_nearest_mean_km,Derived from osm + GHSL,https://overpass-api.de/api/interpreter;https://jeodpp.jrc.ec.europa.eu/ftp/jrc-opendata/GHSL/GHS_POP_GLOBE_R2023A/GHS_POP_E2025_GLOBE_R2023A_54009_1000/V1-0/GHS_POP_E2025_GLOBE_R2023A_54009_1000_V1_0.zip,2026-09-19T09:12:42.358742+00:00,ODbL 1.0; © OpenStreetMap contributors,Derived; formula/method in feature_dictionary.csv; source observations can be incomplete.
ghsl_698,school_nearest_median_km,Derived from osm + GHSL,https://overpass-api.de/api/interpreter;https://jeodpp.jrc.ec.europa.eu/ftp/jrc-opendata/GHSL/GHS_POP_GLOBE_R2023A/GHS_POP_E2025_GLOBE_R2023A_54009_1000/V1-0/GHS_POP_E2025_GLOBE_R2023A_54009_1000_V1_0.zip,2026-09-19T09:12:42.358742+00:00,ODbL 1.0; © OpenStreetMap contributors,Derived; formula/method in feature_dictionary.csv; source observations can be incomplete.
ghsl_698,population_within_1km_school_pct,Derived from osm + GHSL,https://overpass-api.de/api/interpreter;https://jeodpp.jrc.ec.europa.eu/ftp/jrc-opendata/GHSL/GHS_POP_GLOBE_R2023A/GHS_POP_E2025_GLOBE_R2023A_54009_1000/V1-0/GHS_POP_E2025_GLOBE_R2023A_54009_1000_V1_0.zip,2026-09-19T09:12:42.358742+00:00,ODbL 1.0; © OpenStreetMap contributors,Derived; formula/method in feature_dictionary.csv; source observations can be incomplete.
ghsl_698,population_within_3km_school_pct,Derived from osm + GHSL,https://overpass-api.de/api/interpreter;https://jeodpp.jrc.ec.europa.eu/ftp/jrc-opendata/GHSL/GHS_POP_GLOBE_R2023A/GHS_POP_E2025_GLOBE_R2023A_54009_1000/V1-0/GHS_POP_E2025_GLOBE_R2023A_54009_1000_V1_0.zip,2026-09-19T09:12:42.358742+00:00,ODbL 1.0; © OpenStreetMap contributors,Derived; formula/method in feature_dictionary.csv; source observations can be incomplete.
ghsl_698,population_within_5km_school_pct,Derived from osm + GHSL,https://overpass-api.de/api/interpreter;https://jeodpp.jrc.ec.europa.eu/ftp/jrc-opendata/GHSL/GHS_POP_GLOBE_R2023A/GHS_POP_E2025_GLOBE_R2023A_54009_1000/V1-0/GHS_POP_E2025_GLOBE_R2023A_54009_1000_V1_0.zip,2026-09-19T09:12:42.358742+00:00,ODbL 1.0; © OpenStreetMap contributors,Derived; formula/method in feature_dictionary.csv; source observations can be incomplete.
ghsl_698,park_nearest_mean_km,Derived from osm + GHSL,https://overpass-api.de/api/interpreter;https://jeodpp.jrc.ec.europa.eu/ftp/jrc-opendata/GHSL/GHS_POP_GLOBE_R2023A/GHS_POP_E2025_GLOBE_R2023A_54009_1000/V1-0/GHS_POP_E2025_GLOBE_R2023A_54009_1000_V1_0.zip,2026-09-19T09:12:42.358742+00:00,ODbL 1.0; © OpenStreetMap contributors,Derived; formula/method in feature_dictionary.csv; source observations can be incomplete.
ghsl_698,park_nearest_median_km,Derived from osm + GHSL,https://overpass-api.de/api/interpreter;https://jeodpp.jrc.ec.europa.eu/ftp/jrc-opendata/GHSL/GHS_POP_GLOBE_R2023A/GHS_POP_E2025_GLOBE_R2023A_54009_1000/V1-0/GHS_POP_E2025_GLOBE_R2023A_54009_1000_V1_0.zip,2026-09-19T09:12:42.358742+00:00,ODbL 1.0; © OpenStreetMap contributors,Derived; formula/method in feature_dictionary.csv; source observations can be incomplete.
ghsl_698,population_within_1km_park_pct,Derived from osm + GHSL,https://overpass-api.de/api/interpreter;https://jeodpp.jrc.ec.europa.eu/ftp/jrc-opendata/GHSL/GHS_POP_GLOBE_R2023A/GHS_POP_E2025_GLOBE_R2023A_54009_1000/V1-0/GHS_POP_E2025_GLOBE_R2023A_54009_1000_V1_0.zip,2026-09-19T09:12:42.358742+00:00,ODbL 1.0; © OpenStreetMap contributors,Derived; formula/method in feature_dictionary.csv; source observations can be incomplete.
ghsl_698,population_within_3km_park_pct,Derived from osm + GHSL,https://overpass-api.de/api/interpreter;https://jeodpp.jrc.ec.europa.eu/ftp/jrc-opendata/GHSL/GHS_POP_GLOBE_R2023A/GHS_POP_E2025_GLOBE_R2023A_54009_1000/V1-0/GHS_POP_E2025_GLOBE_R2023A_54009_1000_V1_0.zip,2026-09-19T09:12:42.358742+00:00,ODbL 1.0; © OpenStreetMap contributors,Derived; formula/method in feature_dictionary.csv; source observations can be incomplete.
ghsl_698,population_within_5km_park_pct,Derived from osm + GHSL,https://overpass-api.de/api/interpreter;https://jeodpp.jrc.ec.europa.eu/ftp/jrc-opendata/GHSL/GHS_POP_GLOBE_R2023A/GHS_POP_E2025_GLOBE_R2023A_54009_1000/V1-0/GHS_POP_E2025_GLOBE_R2023A_54009_1000_V1_0.zip,2026-09-19T09:12:42.358742+00:00,ODbL 1.0; © OpenStreetMap contributors,Derived; formula/method in feature_dictionary.csv; source observations can be incomplete.
ghsl_698,transit_station_nearest_mean_km,Derived from osm + GHSL,https://overpass-api.de/api/interpreter;https://jeodpp.jrc.ec.europa.eu/ftp/jrc-opendata/GHSL/GHS_POP_GLOBE_R2023A/GHS_POP_E2025_GLOBE_R2023A_54009_1000/V1-0/GHS_POP_E2025_GLOBE_R2023A_54009_1000_V1_0.zip,2026-09-19T09:12:42.358742+00:00,ODbL 1.0; © OpenStreetMap contributors,Derived; formula/method in feature_dictionary.csv; source observations can be incomplete.
ghsl_698,transit_station_nearest_median_km,Derived from osm + GHSL,https://overpass-api.de/api/interpreter;https://jeodpp.jrc.ec.europa.eu/ftp/jrc-opendata/GHSL/GHS_POP_GLOBE_R2023A/GHS_POP_E2025_GLOBE_R2023A_54009_1000/V1-0/GHS_POP_E2025_GLOBE_R2023A_54009_1000_V1_0.zip,2026-09-19T09:12:42.358742+00:00,ODbL 1.0; © OpenStreetMap contributors,Derived; formula/method in feature_dictionary.csv; source observations can be incomplete.
ghsl_698,population_within_1km_transit_station_pct,Derived from osm + GHSL,https://overpass-api.de/api/interpreter;https://jeodpp.jrc.ec.europa.eu/ftp/jrc-opendata/GHSL/GHS_POP_GLOBE_R2023A/GHS_POP_E2025_GLOBE_R2023A_54009_1000/V1-0/GHS_POP_E2025_GLOBE_R2023A_54009_1000_V1_0.zip,2026-09-19T09:12:42.358742+00:00,ODbL 1.0; © OpenStreetMap contributors,Derived; formula/method in feature_dictionary.csv; source observations can be incomplete.
ghsl_698,population_within_3km_transit_station_pct,Derived from osm + GHSL,https://overpass-api.de/api/interpreter;https://jeodpp.jrc.ec.europa.eu/ftp/jrc-opendata/GHSL/GHS_POP_GLOBE_R2023A/GHS_POP_E2025_GLOBE_R2023A_54009_1000/V1-0/GHS_POP_E2025_GLOBE_R2023A_54009_1000_V1_0.zip,2026-09-19T09:12:42.358742+00:00,ODbL 1.0; © OpenStreetMap contributors,Derived; formula/method in feature_dictionary.csv; source observations can be incomplete.
ghsl_698,population_within_5km_transit_station_pct,Derived from osm + GHSL,https://overpass-api.de/api/interpreter;https://jeodpp.jrc.ec.europa.eu/ftp/jrc-opendata/GHSL/GHS_POP_GLOBE_R2023A/GHS_POP_E2025_GLOBE_R2023A_54009_1000/V1-0/GHS_POP_E2025_GLOBE_R2023A_54009_1000_V1_0.zip,2026-09-19T09:12:42.358742+00:00,ODbL 1.0; © OpenStreetMap contributors,Derived; formula/method in feature_dictionary.csv; source observations can be incomplete.
