cell_id,x,y,centroid_lat,centroid_lon,population,type,type_source,green_cover_pct,building_density_pct,building_density_source,elevation_m,dist_to_boundary_m
ghsl_9558_cell_00000,24,0,13.207584542338191,77.62899722840015,1554.1239102631807,Residential,land_use,4.8,7.4931,overture_buildings,922.3,452.0
ghsl_9558_cell_00001,25,0,13.207584542338195,77.63914149461753,1618.2174969241023,Residential,buildings,2.4,6.7486,overture_buildings,926.7,452.0
ghsl_9558_cell_00002,26,0,13.207584542338195,77.6492857608349,2016.3196140732616,Civic,buildings,5.9,3.9454,overture_buildings,914.0,452.0
ghsl_9558_cell_00003,24,1,13.199413518112703,77.62739267444191,1360.8775947988033,Residential,land_use,6.4,3.2018,overture_buildings,905.2,539.9
ghsl_9558_cell_00004,25,1,13.199413518112701,77.63753673098219,2485.2235275767744,Residential,buildings,2.0,6.3521,overture_buildings,919.7,539.9
ghsl_9558_cell_00005,17,2,13.191242598348731,77.55478227705262,1800.6105066463351,Residential,land_use,0.1,2.27,overture_buildings,890.3,452.0
ghsl_9558_cell_00006,23,2,13.191242598348733,77.6156453590829,1810.9009124860168,Civic,buildings,45.9,1.9087,overture_buildings,915.6,452.0
ghsl_9558_cell_00007,24,2,13.191242598348731,77.62578920608796,5466.104581519961,Residential,buildings,11.7,9.6591,overture_buildings,915.5,647.0
ghsl_9558_cell_00008,25,2,13.191242598348733,77.63593305309298,2133.955175627023,Industrial,buildings,8.4,4.4541,overture_buildings,913.1,539.9
ghsl_9558_cell_00009,14,3,13.183071782976917,77.52275044702819,1976.0506654530764,Residential,land_use,0.0,3.0942,overture_buildings,884.7,452.0
ghsl_9558_cell_00010,15,3,13.183071782976919,77.53289408463984,707.2693451419473,Residential,land_use,0.0,1.2667,overture_buildings,883.0,452.0
ghsl_9558_cell_00011,16,3,13.183071782976919,77.54303772225147,1778.7154468223453,Residential,land_use,1.3,3.4814,overture_buildings,896.9,452.0
ghsl_9558_cell_00012,17,3,13.183071782976917,77.5531813598631,3274.8223577290773,Residential,land_use,0.1,5.835,overture_buildings,896.0,647.1
ghsl_9558_cell_00013,18,3,13.183071782976917,77.56332499747475,2592.3562330007553,Residential,land_use,5.9,6.5398,overture_buildings,910.9,452.0
ghsl_9558_cell_00014,22,3,13.183071782976919,77.60389954792137,474.19735322892666,Residential,land_use,8.7,0.371,overture_buildings,921.8,452.0
ghsl_9558_cell_00015,23,3,13.18307178297692,77.61404318553302,1596.7598987147212,Green,land_use,61.1,2.1734,overture_buildings,905.2,647.0
ghsl_9558_cell_00016,24,3,13.18307178297692,77.62418682314465,1479.958258755505,Civic,buildings,17.3,2.5814,overture_buildings,899.2,1386.4
ghsl_9558_cell_00017,25,3,13.183071782976919,77.63433046075632,3402.893104568124,Industrial,buildings,6.3,7.5744,overture_buildings,895.9,780.8
ghsl_9558_cell_00018,26,3,13.183071782976917,77.64447409836797,4913.708594784141,Residential,buildings,17.3,8.6018,overture_buildings,907.2,452.0
ghsl_9558_cell_00019,14,4,13.174901071927911,77.52115124181798,1596.5222138687968,Residential,land_use,0.0,2.9523,overture_buildings,891.6,452.0
ghsl_9558_cell_00020,15,4,13.174901071927907,77.53129467017803,2229.074303455651,Industrial,land_use,6.9,4.3701,overture_buildings,891.7,780.6
ghsl_9558_cell_00021,16,4,13.174901071927911,77.5414380985381,2157.670660048723,Industrial,land_use,21.1,3.7199,overture_buildings,899.4,1356.0
ghsl_9558_cell_00022,17,4,13.174901071927907,77.55158152689816,3385.9055631309748,Residential,land_use,3.1,5.1525,overture_buildings,905.7,1386.5
ghsl_9558_cell_00023,18,4,13.17490107192791,77.56172495525824,9893.94120311737,Residential,buildings,4.3,9.1613,overture_buildings,921.7,780.7
ghsl_9558_cell_00024,19,4,13.174901071927907,77.5718683836183,5807.771071754396,Residential,land_use,40.4,5.6305,overture_buildings,922.1,452.0
ghsl_9558_cell_00025,20,4,13.174901071927907,77.58201181197835,1823.428344734013,Residential,land_use,29.0,2.7817,overture_buildings,929.9,452.0
ghsl_9558_cell_00026,21,4,13.17490107192791,77.59215524033846,1581.7297614142299,Agricultural,buildings,37.2,3.6185,overture_buildings,915.1,452.0
ghsl_9558_cell_00027,22,4,13.174901071927911,77.6022986686985,626.3163309618831,Residential,land_use,0.0,1.0884,overture_buildings,925.2,647.1
ghsl_9558_cell_00028,23,4,13.174901071927907,77.61244209705856,253.76465156674385,Residential,land_use,25.3,0.4446,overture_buildings,922.7,1386.5
ghsl_9558_cell_00029,24,4,13.17490107192791,77.62258552541863,1239.6438311636448,Residential,land_use,12.4,2.1052,overture_buildings,911.8,1941.1
ghsl_9558_cell_00030,25,4,13.174901071927907,77.63272895377871,6014.068411901593,Residential,buildings,0.7,4.98,overture_buildings,894.9,1579.6
ghsl_9558_cell_00031,26,4,13.174901071927913,77.64287238213879,756.4283913373947,Industrial,buildings,23.6,1.5811,overture_buildings,892.2,780.7
ghsl_9558_cell_00032,27,4,13.174901071927907,77.65301581049886,3362.9479070156813,Green,land_use,58.4,2.9358,overture_buildings,894.6,452.0
ghsl_9558_cell_00033,15,5,13.166730465132364,77.52969633946414,2408.065758191049,Civic,buildings,55.7,4.4838,overture_buildings,890.3,540.0
ghsl_9558_cell_00034,16,5,13.166730465132362,77.5398395587144,1662.3332465738058,Civic,buildings,23.1,3.4427,overture_buildings,893.0,1355.8
ghsl_9558_cell_00035,17,5,13.166730465132364,77.54998277796467,1324.9730684012175,Residential,land_use,11.2,1.7688,overture_buildings,916.5,1355.9
ghsl_9558_cell_00036,18,5,13.166730465132364,77.56012599721495,4094.097676381469,Civic,buildings,3.3,7.5357,overture_buildings,924.8,1579.2
ghsl_9558_cell_00037,19,5,13.166730465132362,77.5702692164652,1917.356236614287,Industrial,land_use,8.3,3.2778,overture_buildings,907.0,1355.9
ghsl_9558_cell_00038,20,5,13.166730465132364,77.5804124357155,1006.9213488996029,Green,land_use,45.8,1.8333,overture_buildings,910.4,1355.9
ghsl_9558_cell_00039,21,5,13.166730465132362,77.59055565496575,911.1898668780923,Civic,land_use,36.2,3.2587,overture_buildings,924.5,1355.9
ghsl_9558_cell_00040,22,5,13.166730465132362,77.60069887421602,1125.065238893032,Residential,land_use,12.4,2.823,overture_buildings,923.4,1386.5
ghsl_9558_cell_00041,23,5,13.166730465132366,77.6108420934663,2136.4327210113406,Residential,buildings,92.7,2.6384,overture_buildings,908.8,1941.3
ghsl_9558_cell_00042,24,5,13.166730465132364,77.62098531271658,957.9580648764968,Office,buildings,2.6,2.1607,overture_buildings,905.3,2566.0
ghsl_9558_cell_00043,25,5,13.166730465132364,77.63112853196688,12341.12736108154,Residential,buildings,4.5,10.7199,overture_buildings,914.8,2342.1
ghsl_9558_cell_00044,26,5,13.166730465132366,77.64127175121713,5019.492806658149,Residential,buildings,0.4,3.7808,overture_buildings,957.6,1579.5
ghsl_9558_cell_00045,27,5,13.166730465132364,77.65141497046741,4988.607605241239,Residential,land_use,29.2,5.275,overture_buildings,898.5,780.7
ghsl_9558_cell_00046,28,5,13.166730465132364,77.66155818971768,1862.2410590872169,Residential,land_use,11.0,5.3326,overture_buildings,905.2,452.0
ghsl_9558_cell_00047,29,5,13.166730465132364,77.67170140896795,1668.4990900605917,Civic,buildings,34.5,2.4505,overture_buildings,890.7,452.0
ghsl_9558_cell_00048,30,5,13.166730465132362,77.68184462821822,1955.6236596927047,Residential,land_use,6.6,3.7371,overture_buildings,895.2,452.0
ghsl_9558_cell_00049,15,6,13.158559962520943,77.5280990923052,1598.1440852954984,Residential,land_use,5.1,1.9834,overture_buildings,895.7,451.9
ghsl_9558_cell_00050,16,6,13.158559962520942,77.53824210258745,1339.0105275958776,Green,land_use,55.7,3.2392,overture_buildings,907.9,451.9
ghsl_9558_cell_00051,17,6,13.158559962520943,77.54838511286967,971.1706051975489,Industrial,land_use,7.2,2.424,overture_buildings,911.5,451.9
ghsl_9558_cell_00052,18,6,13.158559962520938,77.55852812315189,1526.2370862141252,Civic,land_use,0.5,4.2689,overture_buildings,923.5,780.6
ghsl_9558_cell_00053,19,6,13.158559962520943,77.56867113343417,2547.964892193675,Residential,land_use,11.0,6.0243,overture_buildings,909.8,1579.1
ghsl_9558_cell_00054,20,6,13.158559962520943,77.5788141437164,1878.9070534035563,Residential,heuristic,29.0,2.5642,overture_buildings,914.0,2259.9
ghsl_9558_cell_00055,21,6,13.158559962520942,77.58895715399865,1968.1091633588076,Industrial,land_use,15.7,1.8744,overture_buildings,921.6,2259.9
ghsl_9558_cell_00056,22,6,13.158559962520942,77.59910016428087,2834.9776186794043,Residential,land_use,12.8,6.6112,overture_buildings,922.4,2262.8
ghsl_9558_cell_00057,23,6,13.158559962520942,77.60924317456312,7670.249817624688,Residential,land_use,4.9,9.1089,overture_buildings,921.6,2566.2
ghsl_9558_cell_00058,24,6,13.158559962520942,77.61938618484535,13610.17429831624,Residential,buildings,2.8,7.392,overture_buildings,946.7,3235.5
ghsl_9558_cell_00059,25,6,13.158559962520943,77.62952919512759,15662.759802520275,Residential,buildings,0.0,9.5244,overture_buildings,917.8,3073.5
ghsl_9558_cell_00060,26,6,13.158559962520942,77.63967220540984,6982.862246274948,Residential,buildings,3.4,7.8901,overture_buildings,915.5,2342.0
ghsl_9558_cell_00061,27,6,13.158559962520942,77.6498152156921,818.5203304886818,Residential,land_use,7.4,1.8273,overture_buildings,917.3,1579.4
ghsl_9558_cell_00062,28,6,13.158559962520943,77.65995822597431,1394.8666868507862,Residential,land_use,6.1,3.1916,overture_buildings,916.4,1355.9
ghsl_9558_cell_00063,29,6,13.158559962520942,77.67010123625656,128.4902023151517,Residential,land_use,20.0,0.3041,overture_buildings,911.3,540.0
ghsl_9558_cell_00064,10,7,13.150389564024321,77.47578892122876,1686.1717378497124,Civic,land_use,3.1,3.8755,overture_buildings,866.6,452.0
ghsl_9558_cell_00065,18,7,13.150389564024323,77.55693133287632,4017.2692196145654,Civic,buildings,8.2,5.171,overture_buildings,930.8,451.9
ghsl_9558_cell_00066,19,7,13.150389564024323,77.56707413433226,7435.2203546613455,Residential,buildings,5.2,10.8391,overture_buildings,920.1,780.5
ghsl_9558_cell_00067,20,7,13.150389564024323,77.57721693578821,1758.0647455379367,Green,land_use,100.0,3.8732,overture_buildings,911.2,1793.9
ghsl_9558_cell_00068,21,7,13.150389564024323,77.58735973724414,1155.2233742028475,Residential,heuristic,7.6,1.6557,overture_buildings,925.7,2871.5
ghsl_9558_cell_00069,22,7,13.150389564024321,77.59750253870008,485.997754663229,Green,land_use,100.0,0.642,overture_buildings,909.8,3163.7
ghsl_9558_cell_00070,23,7,13.150389564024323,77.60764534015604,5877.3431766703725,Civic,buildings,3.3,7.6318,overture_buildings,938.1,3331.1
ghsl_9558_cell_00071,24,7,13.150389564024323,77.61778814161198,10680.094386968762,Industrial,buildings,7.4,7.4314,overture_buildings,925.6,3820.8
ghsl_9558_cell_00072,25,7,13.150389564024321,77.62793094306792,1571.7189898118377,Residential,land_use,0.8,1.5379,overture_buildings,922.4,3886.0
ghsl_9558_cell_00073,26,7,13.150389564024323,77.63807374452387,13366.084865123034,Residential,buildings,3.4,11.2974,overture_buildings,907.2,3073.3
ghsl_9558_cell_00074,27,7,13.150389564024323,77.64821654597982,330.15970151126385,Residential,land_use,9.5,2.2531,overture_buildings,911.2,2464.5
ghsl_9558_cell_00075,28,7,13.15038956402432,77.65835934743575,2460.762141637504,Residential,heuristic,0.0,2.9518,overture_buildings,911.0,1620.0
ghsl_9558_cell_00076,29,7,13.150389564024323,77.6685021488917,1377.6414555609226,Residential,land_use,2.0,2.9844,overture_buildings,905.2,540.0
ghsl_9558_cell_00077,8,8,13.142219269573198,77.45390969848188,2136.1670741960406,Civic,land_use,0.0,2.2917,overture_buildings,914.4,451.9
ghsl_9558_cell_00078,9,8,13.142219269573191,77.46405229125324,2058.3459125459194,Residential,heuristic,0.0,3.3259,overture_buildings,874.1,452.0
ghsl_9558_cell_00079,10,8,13.142219269573197,77.4741948840246,9898.680983364582,Residential,buildings,0.0,10.284,overture_buildings,864.6,647.3
ghsl_9558_cell_00080,11,8,13.142219269573193,77.48433747679593,2332.006296530366,Civic,buildings,0.0,3.2715,overture_buildings,859.0,451.9
ghsl_9558_cell_00081,14,8,13.142219269573198,77.51476525511005,2249.8368324115872,Civic,buildings,1.6,3.5069,overture_buildings,873.9,451.9
ghsl_9558_cell_00082,19,8,13.142219269573193,77.56547821896683,4407.591424703598,Residential,buildings,7.0,7.3507,overture_buildings,911.9,540.0
ghsl_9558_cell_00083,20,8,13.142219269573193,77.5756208117382,1552.3405864834785,Residential,buildings,2.7,3.5181,overture_buildings,901.9,1620.1
ghsl_9558_cell_00084,21,8,13.142219269573193,77.58576340450955,2180.726172119379,Commercial,buildings,41.5,4.8393,overture_buildings,907.8,2700.8
ghsl_9558_cell_00085,22,8,13.142219269573193,77.5959059972809,337.3881430029869,Civic,land_use,7.1,1.6825,overture_buildings,907.3,3789.4
ghsl_9558_cell_00086,23,8,13.142219269573195,77.60604859005225,2726.3831126242876,Civic,buildings,0.0,4.56,overture_buildings,915.8,4159.5
ghsl_9558_cell_00087,24,8,13.142219269573193,77.61619118282361,16347.029683962464,Commercial,buildings,15.0,8.9041,overture_buildings,911.9,4519.2
ghsl_9558_cell_00088,25,8,13.142219269573193,77.62633377559499,5967.719711005688,Residential,land_use,20.6,6.1666,overture_buildings,906.9,4519.9
ghsl_9558_cell_00089,26,8,13.142219269573197,77.63647636836635,2515.779427908361,Residential,buildings,10.6,4.3481,overture_buildings,906.8,3821.5
ghsl_9558_cell_00090,27,8,13.142219269573193,77.6466189611377,3059.339119039476,Residential,heuristic,8.6,2.4621,overture_buildings,890.3,2871.6
ghsl_9558_cell_00091,28,8,13.142219269573197,77.65676155390905,3351.259317882359,Residential,land_use,4.2,2.8127,overture_buildings,889.5,1794.0
ghsl_9558_cell_00092,29,8,13.142219269573191,77.66690414668042,2781.1906882822514,Civic,buildings,1.9,4.8489,overture_buildings,892.0,780.6
ghsl_9558_cell_00093,30,8,13.142219269573197,77.67704673945177,1556.4651511237025,Residential,buildings,14.9,11.5128,overture_buildings,896.1,451.9
ghsl_9558_cell_00094,33,8,13.142219269573197,77.70747451776586,1545.3777912333608,Green,land_use,53.2,2.2724,overture_buildings,880.5,451.9
ghsl_9558_cell_00095,9,9,13.13404907909825,77.46245954486069,1040.8545196428895,Residential,heuristic,2.5,1.1433,overture_buildings,865.9,540.1
ghsl_9558_cell_00096,10,9,13.134049079098247,77.47260192908917,4148.304066486657,Residential,buildings,7.2,4.2895,overture_buildings,863.6,1386.7
ghsl_9558_cell_00097,11,9,13.134049079098247,77.4827443133176,6008.196259722114,Utility,buildings,0.5,7.273,overture_buildings,858.8,780.4
ghsl_9558_cell_00098,12,9,13.134049079098252,77.49288669754607,6061.060386650264,Civic,land_use,31.5,8.2578,overture_buildings,866.8,452.0
ghsl_9558_cell_00099,13,9,13.13404907909825,77.50302908177453,282.5805699005723,Green,land_use,47.6,0.4782,overture_buildings,862.5,452.0
ghsl_9558_cell_00100,14,9,13.13404907909825,77.51317146600297,2446.347191788256,Residential,land_use,0.0,4.8936,overture_buildings,876.8,540.1
ghsl_9558_cell_00101,19,9,13.13404907909825,77.5638833871453,10850.3052957654,Civic,buildings,6.3,9.2426,overture_buildings,920.4,540.0
ghsl_9558_cell_00102,20,9,13.13404907909825,77.57402577137374,13691.406938880682,Residential,buildings,18.7,9.9039,overture_buildings,906.4,1620.1
ghsl_9558_cell_00103,21,9,13.134049079098252,77.58416815560221,3544.3022198602557,Civic,buildings,12.5,7.417,overture_buildings,899.1,2700.2
ghsl_9558_cell_00104,22,9,13.134049079098247,77.59431053983066,830.8939874470234,Residential,buildings,8.0,0.8197,overture_buildings,922.0,3780.3
ghsl_9558_cell_00105,23,9,13.134049079098252,77.60445292405913,6519.556410178542,Utility,buildings,17.5,4.0747,overture_buildings,922.3,4860.4
ghsl_9558_cell_00106,24,9,13.13404907909825,77.61459530828758,4795.019414059818,Utility,buildings,11.4,3.5609,overture_buildings,928.1,4531.3
ghsl_9558_cell_00107,25,9,13.13404907909825,77.62473769251605,3366.5411178544164,Residential,heuristic,0.2,4.2455,overture_buildings,915.0,3821.8
ghsl_9558_cell_00108,26,9,13.13404907909825,77.63488007674451,2485.048012904823,Residential,land_use,1.0,5.3013,overture_buildings,906.4,3236.4
ghsl_9558_cell_00109,27,9,13.134049079098252,77.64502246097297,2000.7280297353864,Residential,heuristic,18.2,4.1721,overture_buildings,895.8,2566.7
ghsl_9558_cell_00110,28,9,13.134049079098247,77.65516484520143,1680.2995038628578,Residential,land_use,24.0,3.1988,overture_buildings,899.1,1941.8
ghsl_9558_cell_00111,29,9,13.13404907909825,77.66530722942989,8794.350362420082,Residential,heuristic,0.0,10.3199,overture_buildings,898.5,1386.5
ghsl_9558_cell_00112,30,9,13.13404907909825,77.67544961365836,1669.6875083595514,Civic,land_use,34.0,2.4814,overture_buildings,885.3,647.2
ghsl_9558_cell_00113,31,9,13.134049079098249,77.6855919978868,1953.708201020956,Residential,land_use,15.8,3.3662,overture_buildings,886.5,451.9
ghsl_9558_cell_00114,32,9,13.134049079098252,77.69573438211526,2717.3929846286774,Civic,buildings,38.1,3.8142,overture_buildings,888.2,451.9
ghsl_9558_cell_00115,33,9,13.13404907909825,77.7058767663437,1856.9086301531643,Residential,land_use,38.6,3.5784,overture_buildings,877.7,451.9
ghsl_9558_cell_00116,9,10,13.125878992530195,77.46086788040304,647.456404581666,Residential,heuristic,0.0,1.0566,overture_buildings,877.2,540.1
ghsl_9558_cell_00117,10,10,13.125878992530195,77.47101005623027,1490.1927391588688,Residential,heuristic,0.0,2.7097,overture_buildings,860.7,1620.3
ghsl_9558_cell_00118,11,10,13.125878992530195,77.48115223205748,2555.5428753718734,Industrial,land_use,0.0,4.0652,overture_buildings,853.3,1578.7
ghsl_9558_cell_00119,12,10,13.125878992530195,77.4912944078847,3611.008121371269,Residential,heuristic,14.3,5.3611,overture_buildings,856.8,1355.8
ghsl_9558_cell_00120,13,10,13.125878992530195,77.50143658371194,1764.8457811623812,Residential,heuristic,0.0,2.7769,overture_buildings,873.8,1355.8
ghsl_9558_cell_00121,14,10,13.125878992530193,77.51157875953913,1983.1532874181867,Residential,heuristic,17.0,3.0897,overture_buildings,877.2,780.4
ghsl_9558_cell_00122,15,10,13.125878992530195,77.52172093536637,2364.3315579220653,Civic,land_use,0.0,3.7491,overture_buildings,878.5,451.9
ghsl_9558_cell_00123,18,10,13.125878992530195,77.55214746284804,643.2619371190667,Civic,land_use,4.6,2.5338,overture_buildings,920.9,451.9
ghsl_9558_cell_00124,19,10,13.125878992530192,77.56228963867524,4276.207024551928,Residential,buildings,17.0,8.7774,overture_buildings,934.0,647.3
ghsl_9558_cell_00125,20,10,13.125878992530195,77.57243181450247,4720.987278193235,Residential,buildings,0.3,4.8559,overture_buildings,925.3,1627.2
ghsl_9558_cell_00126,21,10,13.125878992530192,77.58257399032968,6866.857510447502,Civic,buildings,10.6,7.5746,overture_buildings,904.3,2700.4
ghsl_9558_cell_00127,22,10,13.125878992530195,77.59271616615692,755.1420853286982,Civic,buildings,6.0,7.0633,overture_buildings,910.6,3780.5
ghsl_9558_cell_00128,23,10,13.125878992530192,77.60285834198413,3050.5447428375483,Civic,buildings,1.5,8.6726,overture_buildings,906.0,4860.6
ghsl_9558_cell_00129,24,10,13.125878992530195,77.61300051781134,9925.735195994377,Office,buildings,0.1,8.5607,overture_buildings,917.8,4096.7
ghsl_9558_cell_00130,25,10,13.125878992530193,77.62314269363858,15070.40460677445,Residential,buildings,4.7,14.8589,overture_buildings,922.8,3236.7
ghsl_9558_cell_00131,26,10,13.125878992530195,77.63328486946583,7997.067960008979,Residential,land_use,0.0,9.2404,overture_buildings,922.2,2566.8
ghsl_9558_cell_00132,27,10,13.125878992530192,77.64342704529302,5883.564894467592,Residential,land_use,1.4,8.9153,overture_buildings,914.9,1941.9
ghsl_9558_cell_00133,28,10,13.125878992530197,77.65356922112024,3192.9465463012457,Residential,land_use,2.0,4.3155,overture_buildings,902.5,1386.6
ghsl_9558_cell_00134,29,10,13.125878992530195,77.66371139694746,2824.449514247477,Civic,land_use,0.0,4.2454,overture_buildings,899.6,647.3
ghsl_9558_cell_00135,30,10,13.125878992530193,77.67385357277469,1368.1759673133492,Residential,land_use,5.9,3.1735,overture_buildings,886.0,451.9
ghsl_9558_cell_00136,0,11,13.117709009799745,77.36799958957971,2075.091311497614,Industrial,buildings,0.0,9.1617,overture_buildings,885.6,451.9
ghsl_9558_cell_00137,1,11,13.117709009799745,77.37814155714733,2215.554115563631,Industrial,buildings,0.0,12.0731,overture_buildings,896.4,452.0
ghsl_9558_cell_00138,2,11,13.117709009799745,77.38828352471495,2653.684302892536,Industrial,buildings,0.0,6.9989,overture_buildings,913.4,452.0
ghsl_9558_cell_00139,8,11,13.117709009799741,77.44913533012065,1585.1412547007203,Residential,heuristic,0.0,1.7785,overture_buildings,883.9,451.9
ghsl_9558_cell_00140,9,11,13.117709009799745,77.45927729768827,1053.5497481524944,Residential,heuristic,0.0,1.0028,overture_buildings,861.9,647.5
ghsl_9558_cell_00141,10,11,13.117709009799745,77.4694192652559,741.2164882048965,Residential,heuristic,0.0,1.4092,overture_buildings,872.5,1627.4
ghsl_9558_cell_00142,11,11,13.117709009799745,77.4795612328235,3742.3225415088236,Residential,heuristic,0.0,3.8536,overture_buildings,848.7,2463.6
ghsl_9558_cell_00143,12,11,13.117709009799745,77.48970320039113,1986.7744952738285,Residential,heuristic,0.0,3.4528,overture_buildings,855.9,2259.7
ghsl_9558_cell_00144,13,11,13.117709009799745,77.49984516795874,2463.8380741402507,Residential,land_use,3.2,4.611,overture_buildings,862.6,2259.7
ghsl_9558_cell_00145,14,11,13.117709009799743,77.50998713552637,2276.164055109024,Industrial,land_use,2.8,5.6183,overture_buildings,888.1,1578.7
ghsl_9558_cell_00146,15,11,13.117709009799745,77.52012910309399,1771.9483924731612,Residential,land_use,3.1,4.0496,overture_buildings,894.2,780.3
ghsl_9558_cell_00147,16,11,13.117709009799745,77.53027107066161,861.02417139709,Industrial,land_use,20.2,1.3809,overture_buildings,899.7,451.9
ghsl_9558_cell_00148,17,11,13.117709009799745,77.54041303822923,269.36803086847067,Civic,buildings,1.9,0.5303,overture_buildings,919.3,451.9
ghsl_9558_cell_00149,18,11,13.117709009799745,77.55055500579685,923.3118577599525,Residential,land_use,0.0,2.0701,overture_buildings,910.7,647.4
ghsl_9558_cell_00150,19,11,13.117709009799745,77.56069697336446,10766.625961691141,Residential,buildings,1.4,8.6822,overture_buildings,916.4,1386.6
ghsl_9558_cell_00151,20,11,13.117709009799745,77.57083894093209,23312.89029313624,Residential,buildings,2.7,14.1461,overture_buildings,918.4,1942.1
ghsl_9558_cell_00152,21,11,13.117709009799745,77.5809809084997,38266.91263321787,Residential,buildings,1.0,13.9553,overture_buildings,908.0,2835.4
ghsl_9558_cell_00153,22,11,13.117709009799745,77.59112287606733,1226.5151780620217,Civic,buildings,1.4,2.0362,overture_buildings,894.5,3837.4
ghsl_9558_cell_00154,23,11,13.117709009799745,77.60126484363494,6153.8137531764805,Office,buildings,1.3,8.083,overture_buildings,904.4,4881.7
ghsl_9558_cell_00155,24,11,13.117709009799741,77.61140681120256,26181.074096679688,Office,buildings,1.1,22.7208,overture_buildings,910.0,3837.5
ghsl_9558_cell_00156,25,11,13.117709009799743,77.62154877877018,28367.99417663738,Residential,buildings,5.3,21.8939,overture_buildings,908.1,2835.4
ghsl_9558_cell_00157,26,11,13.117709009799745,77.63169074633781,15987.326932039112,Civic,buildings,5.3,13.9175,overture_buildings,912.3,1942.1
ghsl_9558_cell_00158,27,11,13.117709009799745,77.64183271390543,2514.70838908694,Civic,buildings,2.4,5.6736,overture_buildings,932.8,1386.6
ghsl_9558_cell_00159,28,11,13.117709009799743,77.65197468147302,3030.4248067096923,Civic,buildings,6.3,2.5709,overture_buildings,906.7,647.3
ghsl_9558_cell_00160,29,11,13.117709009799745,77.66211664904064,1822.3021025508642,Civic,buildings,7.2,2.2041,overture_buildings,899.8,451.9
ghsl_9558_cell_00161,1,12,13.109539130837627,77.37655372092755,1634.714658472687,Industrial,buildings,0.0,5.9944,overture_buildings,904.2,540.1
ghsl_9558_cell_00162,2,12,13.10953913083763,77.38669548037717,4721.5469240657985,Residential,heuristic,0.0,6.9829,overture_buildings,894.6,780.2
ghsl_9558_cell_00163,3,12,13.10953913083763,77.3968372398268,1647.1353159844875,Residential,heuristic,0.0,2.4026,overture_buildings,889.7,451.9
ghsl_9558_cell_00164,6,12,13.109539130837629,77.42726251817564,1681.8933829292655,Residential,heuristic,0.0,1.3195,overture_buildings,874.0,451.9
ghsl_9558_cell_00165,7,12,13.10953913083763,77.4374042776253,2509.865240216255,Residential,heuristic,0.0,4.9614,overture_buildings,876.1,451.9
ghsl_9558_cell_00166,8,12,13.109539130837629,77.44754603707491,1863.2057806923985,Residential,heuristic,0.0,6.7699,overture_buildings,885.5,647.5
ghsl_9558_cell_00167,9,12,13.109539130837629,77.45768779652454,2028.8448991551995,Residential,heuristic,0.0,3.3104,overture_buildings,858.8,1386.7
ghsl_9558_cell_00168,10,12,13.109539130837629,77.46782955597418,1113.1669482886791,Residential,heuristic,0.0,1.7067,overture_buildings,874.2,1942.4
ghsl_9558_cell_00169,11,12,13.109539130837629,77.47797131542379,1624.2475662231445,Residential,heuristic,0.0,2.4698,overture_buildings,848.5,2835.8
ghsl_9558_cell_00170,12,12,13.10953913083763,77.48811307487345,3563.4429451823235,Residential,heuristic,0.0,5.8311,overture_buildings,866.3,3164.0
ghsl_9558_cell_00171,13,12,13.109539130837629,77.49825483432306,1795.6051265373826,Civic,land_use,6.3,2.9564,overture_buildings,879.4,3071.9
ghsl_9558_cell_00172,14,12,13.109539130837629,77.5083965937727,1869.455530077219,Industrial,land_use,0.0,2.7318,overture_buildings,874.6,2340.9
ghsl_9558_cell_00173,15,12,13.10953913083763,77.51853835322233,2165.933730445802,Residential,land_use,0.0,3.6583,overture_buildings,895.1,1578.6
ghsl_9558_cell_00174,16,12,13.109539130837627,77.52868011267192,5043.569014362991,Civic,buildings,0.3,5.6742,overture_buildings,900.2,1355.8
ghsl_9558_cell_00175,17,12,13.109539130837629,77.53882187212159,1155.824594438076,Commercial,land_use,0.0,0.9066,overture_buildings,907.8,1355.8
ghsl_9558_cell_00176,18,12,13.109539130837629,77.54896363157118,1812.1732347011566,Civic,buildings,0.2,3.3745,overture_buildings,926.9,1386.6
ghsl_9558_cell_00177,19,12,13.109539130837629,77.55910539102081,5935.702067561448,Residential,buildings,1.9,6.1441,overture_buildings,906.5,1942.2
ghsl_9558_cell_00178,20,12,13.10953913083763,77.56924715047047,23932.81700965017,Residential,buildings,2.3,15.5155,overture_buildings,900.0,2567.0
ghsl_9558_cell_00179,21,12,13.109539130837627,77.57938890992008,25918.207470715046,Residential,buildings,1.9,14.8184,overture_buildings,906.9,3236.9
ghsl_9558_cell_00180,22,12,13.10953913083763,77.5895306693697,20873.589813053608,Industrial,buildings,0.0,18.5657,overture_buildings,906.5,4096.8
ghsl_9558_cell_00181,23,12,13.109539130837629,77.5996724288193,10620.365276619792,Residential,buildings,24.2,8.625,overture_buildings,893.7,4861.0
ghsl_9558_cell_00182,24,12,13.10953913083763,77.60981418826897,26553.33202446997,Residential,buildings,5.2,19.5775,overture_buildings,907.7,3780.8
ghsl_9558_cell_00183,25,12,13.109539130837629,77.61995594771858,4185.732597075403,Industrial,land_use,10.4,6.5211,overture_buildings,895.5,2700.5
ghsl_9558_cell_00184,26,12,13.109539130837627,77.63009770716822,4206.173593342304,Residential,land_use,7.7,8.4926,overture_buildings,930.4,1627.3
ghsl_9558_cell_00185,27,12,13.109539130837629,77.64023946661784,180.18611869355664,Residential,land_use,2.5,2.6872,overture_buildings,915.0,647.4
ghsl_9558_cell_00186,28,12,13.109539130837627,77.65038122606747,97.29974064789712,Residential,heuristic,0.0,1.231,overture_buildings,910.4,451.9
ghsl_9558_cell_00187,1,13,13.101369355574578,77.37496696493442,1149.332068644464,Residential,heuristic,0.0,2.8818,overture_buildings,903.1,540.1
ghsl_9558_cell_00188,2,13,13.101369355574578,77.38510851640764,7022.619526848197,Residential,heuristic,0.0,9.5866,overture_buildings,893.5,1355.7
ghsl_9558_cell_00189,3,13,13.10136935557458,77.39525006788087,10251.960876137018,Civic,buildings,0.0,12.7355,overture_buildings,889.1,780.1
ghsl_9558_cell_00190,4,13,13.101369355574578,77.40539161935409,19710.48971016705,Residential,heuristic,0.0,11.3872,overture_buildings,884.6,451.9
ghsl_9558_cell_00191,5,13,13.101369355574578,77.41553317082729,2627.002453416586,Residential,heuristic,0.0,2.2317,overture_buildings,887.8,451.9
ghsl_9558_cell_00192,6,13,13.10136935557458,77.42567472230053,1097.927092075348,Residential,heuristic,0.0,1.2071,overture_buildings,880.2,647.6
ghsl_9558_cell_00193,7,13,13.10136935557458,77.43581627377375,1527.299675963819,Residential,heuristic,0.1,1.6617,overture_buildings,862.6,1355.8
ghsl_9558_cell_00194,8,13,13.10136935557458,77.44595782524698,4206.481179364026,Residential,buildings,0.1,6.7116,overture_buildings,879.0,1386.7
ghsl_9558_cell_00195,9,13,13.10136935557458,77.45609937672019,851.7544235214591,Residential,heuristic,0.0,1.4083,overture_buildings,855.9,1942.6
ghsl_9558_cell_00196,10,13,13.10136935557458,77.46624092819341,1011.3535113632679,Residential,heuristic,0.0,1.6425,overture_buildings,869.5,2567.3
ghsl_9558_cell_00197,11,13,13.10136935557458,77.47638247966663,5465.53137165308,Residential,heuristic,0.0,5.0547,overture_buildings,846.4,3237.5
ghsl_9558_cell_00198,12,13,13.101369355574578,77.48652403113984,5515.207686409354,Residential,heuristic,0.0,7.4828,overture_buildings,854.1,4073.6
ghsl_9558_cell_00199,13,13,13.10136935557458,77.49666558261308,1353.4394536986947,Residential,heuristic,0.0,2.3403,overture_buildings,862.5,3883.9
ghsl_9558_cell_00200,14,13,13.10136935557458,77.50680713408632,687.9888366609812,Residential,heuristic,0.0,1.1473,overture_buildings,880.4,3071.7
ghsl_9558_cell_00201,15,13,13.101369355574578,77.5169486855595,1185.5912528634071,Civic,buildings,0.0,2.1039,overture_buildings,878.1,2463.4
ghsl_9558_cell_00202,16,13,13.10136935557458,77.52709023703272,3093.314219072461,Residential,land_use,0.0,4.795,overture_buildings,889.9,2259.6
ghsl_9558_cell_00203,17,13,13.10136935557458,77.53723178850595,5514.732333287597,Residential,land_use,0.8,5.8207,overture_buildings,900.3,2259.6
ghsl_9558_cell_00204,18,13,13.101369355574578,77.54737333997915,6456.961181148887,Civic,buildings,1.2,7.2836,overture_buildings,924.6,2262.7
ghsl_9558_cell_00205,19,13,13.10136935557458,77.55751489145239,9210.873928666115,Residential,buildings,2.9,8.7904,overture_buildings,910.2,2567.1
ghsl_9558_cell_00206,20,13,13.101369355574578,77.56765644292561,50460.47890281677,Residential,buildings,6.6,31.1283,overture_buildings,927.2,3237.1
ghsl_9558_cell_00207,21,13,13.10136935557458,77.57779799439882,39382.792035102844,Commercial,buildings,12.6,25.1036,overture_buildings,919.6,3822.2
ghsl_9558_cell_00208,22,13,13.10136935557458,77.58793954587205,28953.036636829376,Industrial,buildings,7.0,21.1763,overture_buildings,922.2,4531.7
ghsl_9558_cell_00209,23,13,13.101369355574578,77.59808109734527,38267.374024391174,Commercial,buildings,0.0,25.6974,overture_buildings,900.4,4861.2
ghsl_9558_cell_00210,24,13,13.101369355574578,77.60822264881847,17126.765240825713,Residential,buildings,2.4,10.5429,overture_buildings,890.7,3780.9
ghsl_9558_cell_00211,25,13,13.10136935557458,77.61836420029171,16151.539832603186,Residential,buildings,2.2,13.16,overture_buildings,907.5,2700.7
ghsl_9558_cell_00212,26,13,13.101369355574578,77.62850575176493,27751.53445506096,Residential,buildings,1.8,20.4302,overture_buildings,919.0,1620.4
ghsl_9558_cell_00213,27,13,13.101369355574578,77.63864730323814,6780.002960488084,Residential,buildings,0.0,8.1497,overture_buildings,919.1,540.1
ghsl_9558_cell_00214,1,14,13.093199683941336,77.3733812889766,2157.0208588279784,Industrial,land_use,0.0,8.0889,overture_buildings,899.8,451.9
ghsl_9558_cell_00215,2,14,13.093199683941341,77.38352263261498,5002.137200176716,Residential,heuristic,0.0,7.696,overture_buildings,905.1,451.9
ghsl_9558_cell_00216,3,14,13.09319968394134,77.39366397625335,11574.420657455921,Civic,land_use,0.0,12.3406,overture_buildings,897.4,780.1
ghsl_9558_cell_00217,4,14,13.09319968394134,77.40380531989175,19008.47214347124,Residential,heuristic,0.0,16.7863,overture_buildings,882.6,1355.7
ghsl_9558_cell_00218,5,14,13.093199683941338,77.4139466635301,5651.289853014052,Residential,heuristic,0.0,2.6911,overture_buildings,867.8,1355.8
ghsl_9558_cell_00219,6,14,13.09319968394134,77.42408800716849,2375.0693688690662,Civic,land_use,0.0,3.2736,overture_buildings,880.5,1386.8
ghsl_9558_cell_00220,7,14,13.09319968394134,77.43422935080686,1744.8382172212005,Residential,heuristic,0.0,2.2971,overture_buildings,867.5,1942.8
ghsl_9558_cell_00221,8,14,13.09319968394134,77.44437069444524,6316.209134817123,Residential,land_use,0.0,14.6593,overture_buildings,875.7,2262.7
ghsl_9558_cell_00222,9,14,13.093199683941336,77.4545120380836,1715.798599936068,Residential,heuristic,0.0,3.425,overture_buildings,861.7,2567.5
ghsl_9558_cell_00223,10,14,13.093199683941338,77.46465338172197,1097.6055095121264,Residential,heuristic,0.0,1.8982,overture_buildings,854.2,3237.7
ghsl_9558_cell_00224,11,14,13.093199683941341,77.47479472536035,2043.1060683727264,Residential,heuristic,0.0,2.6296,overture_buildings,858.3,3822.8
ghsl_9558_cell_00225,12,14,13.093199683941336,77.48493606899872,9463.128626272082,Commercial,buildings,0.4,7.7121,overture_buildings,864.5,4532.6
ghsl_9558_cell_00226,13,14,13.09319968394134,77.49507741263712,6989.727138660848,Utility,buildings,4.5,6.4412,overture_buildings,855.1,4609.6
ghsl_9558_cell_00227,14,14,13.09319968394134,77.50521875627547,4207.82336319983,Residential,land_use,0.0,4.6418,overture_buildings,878.2,3883.7
ghsl_9558_cell_00228,15,14,13.093199683941341,77.51536009991386,836.696318693459,Civic,buildings,0.0,0.9883,overture_buildings,873.7,3367.1
ghsl_9558_cell_00229,16,14,13.093199683941336,77.52550144355222,4268.167683109641,Residential,land_use,2.8,6.8099,overture_buildings,900.8,3163.9
ghsl_9558_cell_00230,17,14,13.093199683941341,77.5356427871906,16702.74750366062,Residential,land_use,0.4,12.5283,overture_buildings,914.5,3163.4
ghsl_9558_cell_00231,18,14,13.093199683941341,77.54578413082898,36099.329096734524,Residential,buildings,1.0,19.9888,overture_buildings,920.1,3163.4
ghsl_9558_cell_00232,19,14,13.093199683941336,77.55592547446733,21131.12943502888,Residential,buildings,3.6,11.5829,overture_buildings,930.5,3331.9
ghsl_9558_cell_00233,20,14,13.093199683941341,77.56606681810572,6919.428090699017,Residential,buildings,26.9,4.6174,overture_buildings,942.8,3822.4
ghsl_9558_cell_00234,21,14,13.09319968394134,77.5762081617441,28125.17696806416,Residential,buildings,19.9,18.8839,overture_buildings,915.8,4520.5
ghsl_9558_cell_00235,22,14,13.09319968394134,77.58634950538247,38844.46141590178,Residential,buildings,42.0,21.7602,overture_buildings,917.7,5097.3
ghsl_9558_cell_00236,23,14,13.09319968394134,77.59649084902084,18472.37506736815,Residential,buildings,2.4,17.7178,overture_buildings,902.6,4883.7
ghsl_9558_cell_00237,24,14,13.093199683941341,77.60663219265923,14262.608126856387,Residential,buildings,0.3,11.0113,overture_buildings,888.5,3790.0
ghsl_9558_cell_00238,25,14,13.093199683941341,77.6167735362976,8173.612684182823,Residential,buildings,0.4,10.7556,overture_buildings,906.3,2701.3
ghsl_9558_cell_00239,26,14,13.093199683941341,77.62691487993597,11413.523096308112,Residential,buildings,16.4,8.2645,overture_buildings,903.8,1620.4
ghsl_9558_cell_00240,27,14,13.09319968394134,77.63705622357436,9121.895480498672,Residential,buildings,3.3,8.5731,overture_buildings,915.7,540.2
ghsl_9558_cell_00241,3,15,13.08503011586867,77.39207896475307,3289.20983087644,Civic,land_use,0.0,4.0615,overture_buildings,910.9,451.9
ghsl_9558_cell_00242,4,15,13.085030115868673,77.40222010069812,4015.3012249227613,Residential,heuristic,1.1,3.457,overture_buildings,895.8,780.1
ghsl_9558_cell_00243,5,15,13.08503011586867,77.41236123664318,9470.981973022223,Residential,heuristic,0.0,7.8832,overture_buildings,877.2,1793.5
ghsl_9558_cell_00244,6,15,13.08503011586867,77.42250237258823,4760.568968869746,Residential,heuristic,0.0,5.3581,overture_buildings,865.3,2262.7
ghsl_9558_cell_00245,7,15,13.08503011586867,77.4326435085333,293.6679184958339,Residential,heuristic,0.0,0.4162,overture_buildings,863.9,2567.7
ghsl_9558_cell_00246,8,15,13.085030115868673,77.44278464447835,3095.3695214763284,Residential,land_use,4.4,4.7417,overture_buildings,868.1,3163.4
ghsl_9558_cell_00247,9,15,13.085030115868669,77.45292578042343,2769.3063796535134,Industrial,land_use,1.4,6.3857,overture_buildings,865.9,3332.2
ghsl_9558_cell_00248,10,15,13.085030115868669,77.46306691636849,5387.3746529221535,Civic,buildings,0.0,4.855,overture_buildings,851.9,3823.1
ghsl_9558_cell_00249,11,15,13.08503011586867,77.47320805231355,921.32647652179,Residential,heuristic,0.0,1.5974,overture_buildings,852.7,4521.1
ghsl_9558_cell_00250,12,15,13.085030115868673,77.48334918825861,12604.077821522951,Civic,buildings,2.4,8.0048,overture_buildings,870.0,5098.2
ghsl_9558_cell_00251,13,15,13.08503011586867,77.49349032420368,19731.033704139292,Commercial,buildings,0.0,9.387,overture_buildings,868.4,5382.1
ghsl_9558_cell_00252,14,15,13.08503011586867,77.50363146014875,16738.791952215135,Industrial,land_use,5.2,7.9178,overture_buildings,864.2,4735.4
ghsl_9558_cell_00253,15,15,13.085030115868669,77.51377259609382,5540.709991820157,Residential,land_use,0.0,5.847,overture_buildings,868.3,4277.8
ghsl_9558_cell_00254,16,15,13.085030115868673,77.52391373203888,6855.63032951951,Residential,land_use,0.0,5.8,overture_buildings,882.3,4073.5
ghsl_9558_cell_00255,17,15,13.08503011586867,77.53405486798394,13229.513367645442,Residential,heuristic,3.8,7.8541,overture_buildings,895.8,4067.3
ghsl_9558_cell_00256,18,15,13.08503011586867,77.544196003929,33346.143495321274,Residential,buildings,3.6,18.3786,overture_buildings,907.4,4067.2
ghsl_9558_cell_00257,19,15,13.085030115868673,77.55433713987408,48151.822190761566,Residential,buildings,3.2,23.2267,overture_buildings,935.9,4160.0
ghsl_9558_cell_00258,20,15,13.08503011586867,77.56447827581913,17768.51698382944,Residential,buildings,3.6,12.552,overture_buildings,933.9,4520.7
ghsl_9558_cell_00259,21,15,13.08503011586867,77.5746194117642,1567.0631450936198,Civic,land_use,79.5,3.6302,overture_buildings,925.1,5097.7
ghsl_9558_cell_00260,22,15,13.08503011586867,77.58476054770925,30595.767867278308,Residential,buildings,12.8,16.5321,overture_buildings,917.9,5755.3
ghsl_9558_cell_00261,23,15,13.085030115868673,77.59490168365431,10551.520300626755,Residential,buildings,0.2,12.1451,overture_buildings,920.6,5055.4
ghsl_9558_cell_00262,24,15,13.08503011586867,77.60504281959939,21508.39281680435,Residential,buildings,14.3,13.6724,overture_buildings,901.2,3961.3
ghsl_9558_cell_00263,25,15,13.08503011586867,77.61518395554444,4976.863074354827,Civic,buildings,0.8,6.1857,overture_buildings,893.4,2871.4
ghsl_9558_cell_00264,26,15,13.085030115868669,77.6253250914895,11501.033492460847,Residential,buildings,4.3,9.1041,overture_buildings,908.6,1793.7
ghsl_9558_cell_00265,27,15,13.085030115868669,77.63546622743459,24879.49184013903,Residential,buildings,1.9,16.978,overture_buildings,923.7,780.3
ghsl_9558_cell_00266,28,15,13.085030115868669,77.64560736337964,5208.04701139126,Residential,buildings,8.3,14.7785,overture_buildings,919.0,451.9
ghsl_9558_cell_00267,4,16,13.076860651287333,77.40063596158208,824.118334826082,Residential,heuristic,0.0,3.526,overture_buildings,877.7,540.2
ghsl_9558_cell_00268,5,16,13.076860651287333,77.41077688997537,679.1198248714209,Residential,heuristic,0.0,2.1407,overture_buildings,886.6,1620.7
ghsl_9558_cell_00269,6,16,13.076860651287333,77.42091781836862,19998.93828135729,Residential,buildings,0.0,10.7044,overture_buildings,876.6,2259.4
ghsl_9558_cell_00270,7,16,13.076860651287333,77.43105874676186,12868.188783600926,Residential,heuristic,0.0,8.4713,overture_buildings,859.3,2259.4
ghsl_9558_cell_00271,8,16,13.076860651287333,77.44119967515513,5485.32915686816,Industrial,land_use,0.0,6.2664,overture_buildings,848.3,2462.5
ghsl_9558_cell_00272,9,16,13.076860651287333,77.4513406035484,9391.16567478329,Industrial,land_use,0.0,11.4939,overture_buildings,864.7,3070.4
ghsl_9558_cell_00273,10,16,13.076860651287337,77.46148153194167,5545.757326863706,Residential,heuristic,0.0,4.5504,overture_buildings,842.1,3882.1
ghsl_9558_cell_00274,11,16,13.076860651287333,77.47162246033493,4074.411709792912,Residential,heuristic,0.0,4.5291,overture_buildings,852.5,4607.7
ghsl_9558_cell_00275,12,16,13.076860651287333,77.48176338872817,3008.278591774404,Residential,heuristic,0.0,3.0874,overture_buildings,860.6,5380.0
ghsl_9558_cell_00276,13,16,13.076860651287333,77.49190431712147,17665.7807880342,Utility,land_use,0.1,10.315,overture_buildings,878.1,6156.4
ghsl_9558_cell_00277,14,16,13.076860651287333,77.50204524551472,33757.29812604189,Commercial,buildings,1.1,13.915,overture_buildings,878.4,5608.6
ghsl_9558_cell_00278,15,16,13.076860651287337,77.512186173908,23286.185700327158,Civic,buildings,0.8,13.2587,overture_buildings,877.3,5191.7
ghsl_9558_cell_00279,16,16,13.076860651287332,77.52232710230125,30658.573069356382,Civic,buildings,0.8,14.4259,overture_buildings,879.6,4986.9
ghsl_9558_cell_00280,17,16,13.076860651287333,77.5324680306945,26259.0628561005,Industrial,land_use,13.4,14.0554,overture_buildings,897.2,4971.1
ghsl_9558_cell_00281,18,16,13.076860651287335,77.54260895908779,26677.13836327195,Residential,buildings,0.0,14.5409,overture_buildings,921.4,4971.0
ghsl_9558_cell_00282,19,16,13.076860651287333,77.55274988748103,36597.183158129454,Residential,buildings,6.3,23.5245,overture_buildings,919.4,5020.3
ghsl_9558_cell_00283,20,16,13.076860651287333,77.56289081587431,37014.252154409885,Residential,buildings,3.1,22.6964,overture_buildings,916.8,5287.3
ghsl_9558_cell_00284,21,16,13.076860651287333,77.57303174426757,7390.465612262487,Civic,buildings,28.3,6.4338,overture_buildings,927.9,5755.6
ghsl_9558_cell_00285,22,16,13.076860651287333,77.58317267266084,12572.98290604353,Civic,buildings,6.7,10.2431,overture_buildings,938.3,6381.0
ghsl_9558_cell_00286,23,16,13.076860651287337,77.59331360105409,10763.11668524146,Residential,buildings,22.8,7.2381,overture_buildings,925.1,5381.1
ghsl_9558_cell_00287,24,16,13.076860651287333,77.60345452944735,26966.709754370153,Residential,buildings,8.1,14.0371,overture_buildings,910.2,4325.6
ghsl_9558_cell_00288,25,16,13.076860651287333,77.61359545784062,8454.58532564342,Residential,land_use,3.2,8.65,overture_buildings,887.3,3299.3
ghsl_9558_cell_00289,26,16,13.076860651287337,77.62373638623389,12809.186823230237,Residential,buildings,3.6,11.9033,overture_buildings,899.4,2340.7
ghsl_9558_cell_00290,27,16,13.076860651287333,77.63387731462714,17979.173909306526,Residential,buildings,5.1,19.3028,overture_buildings,922.1,1578.4
ghsl_9558_cell_00291,28,16,13.076860651287333,77.6440182430204,2258.0732562275953,Residential,buildings,6.5,12.3873,overture_buildings,896.6,540.2
ghsl_9558_cell_00292,4,17,13.068691290128106,77.39905290235272,1265.2271224968135,Industrial,land_use,0.0,2.6603,overture_buildings,886.9,540.1
ghsl_9558_cell_00293,5,17,13.068691290128108,77.40919362333567,467.5088698361069,Residential,heuristic,0.0,1.025,overture_buildings,861.9,1355.6
ghsl_9558_cell_00294,6,17,13.068691290128104,77.4193343443186,2742.629635386169,Residential,heuristic,0.0,3.7207,overture_buildings,879.0,1355.6
ghsl_9558_cell_00295,7,17,13.068691290128106,77.42947506530155,4929.479713201523,Industrial,land_use,0.0,5.5069,overture_buildings,871.8,1355.6
ghsl_9558_cell_00296,8,17,13.068691290128108,77.43961578628449,13982.893765401095,Commercial,buildings,0.0,12.5241,overture_buildings,856.4,1577.9
ghsl_9558_cell_00297,9,17,13.068691290128106,77.44975650726745,24503.906385481358,Industrial,land_use,0.0,25.4471,overture_buildings,849.6,2339.9
ghsl_9558_cell_00298,10,17,13.068691290128108,77.45989722825038,11085.614470273256,Industrial,land_use,0.0,9.0568,overture_buildings,843.4,3070.2
ghsl_9558_cell_00299,11,17,13.068691290128106,77.47003794923333,9976.669936969876,Residential,heuristic,0.2,7.674,overture_buildings,860.1,3881.9
ghsl_9558_cell_00300,12,17,13.068691290128106,77.48017867021629,7973.481095910072,Residential,heuristic,0.0,7.1946,overture_buildings,880.1,4607.5
ghsl_9558_cell_00301,13,17,13.068691290128108,77.49031939119924,30821.7652169168,Civic,land_use,0.3,16.4557,overture_buildings,891.0,5459.7
ghsl_9558_cell_00302,14,17,13.068691290128106,77.5004601121822,41467.675265312195,Civic,buildings,1.4,22.6802,overture_buildings,901.0,6388.0
ghsl_9558_cell_00303,15,17,13.068691290128108,77.51060083316514,42479.22415924072,Residential,buildings,1.0,19.1989,overture_buildings,876.2,6107.4
ghsl_9558_cell_00304,16,17,13.068691290128106,77.5207415541481,25976.524184644222,Commercial,buildings,0.0,11.1568,overture_buildings,881.1,5902.4
ghsl_9558_cell_00305,17,17,13.068691290128104,77.53088227513103,27803.741625659168,Residential,buildings,4.5,15.3256,overture_buildings,902.4,5874.8
ghsl_9558_cell_00306,18,17,13.068691290128108,77.54102299611398,14083.043285049498,Residential,land_use,0.1,7.5539,overture_buildings,915.0,5874.8
ghsl_9558_cell_00307,19,17,13.068691290128106,77.55116371709694,23372.54942599684,Residential,buildings,1.1,18.3618,overture_buildings,925.5,5898.6
ghsl_9558_cell_00308,20,17,13.068691290128104,77.56130443807989,47655.2681337446,Commercial,buildings,6.9,28.4918,overture_buildings,901.8,6096.6
ghsl_9558_cell_00309,21,17,13.068691290128106,77.57144515906285,66086.07585334778,Residential,buildings,1.4,33.4752,overture_buildings,916.2,6477.7
ghsl_9558_cell_00310,22,17,13.068691290128104,77.58158588004578,39584.74131011963,Civic,buildings,5.1,22.0519,overture_buildings,921.9,6862.1
ghsl_9558_cell_00311,23,17,13.068691290128108,77.59172660102872,39750.85549235344,Residential,buildings,6.0,21.9706,overture_buildings,925.2,5834.9
ghsl_9558_cell_00312,24,17,13.068691290128104,77.60186732201167,59636.13325840235,Residential,buildings,0.8,31.1124,overture_buildings,909.9,4839.7
ghsl_9558_cell_00313,25,17,13.068691290128106,77.61200804299463,17464.698519527912,Civic,buildings,2.7,14.2934,overture_buildings,896.1,3901.1
ghsl_9558_cell_00314,26,17,13.068691290128104,77.62214876397758,22847.03681655228,Residential,buildings,1.9,17.2845,overture_buildings,899.7,2871.4
ghsl_9558_cell_00315,27,17,13.068691290128108,77.63228948496052,5228.984447479248,Residential,buildings,1.1,26.6174,overture_buildings,912.5,1793.6
ghsl_9558_cell_00316,28,17,13.068691290128106,77.64243020594346,606.4505583401769,Residential,buildings,5.7,22.5725,overture_buildings,898.9,780.2
ghsl_9558_cell_00317,29,17,13.068691290128104,77.65257092692642,374.8225709144026,Residential,buildings,0.2,17.2042,overture_buildings,907.4,451.9
ghsl_9558_cell_00318,4,18,13.060522032321769,77.39747092281917,1813.8929728269577,Civic,land_use,0.0,2.3786,overture_buildings,882.8,451.8
ghsl_9558_cell_00319,5,18,13.060522032321765,77.40761143653326,1915.0073318332434,Residential,heuristic,0.0,2.1645,overture_buildings,866.0,451.8
ghsl_9558_cell_00320,6,18,13.060522032321767,77.41775195024734,1519.2463258057833,Residential,heuristic,0.0,2.3433,overture_buildings,856.2,451.8
ghsl_9558_cell_00321,7,18,13.060522032321767,77.42789246396143,1543.755947202444,Civic,land_use,0.0,2.0773,overture_buildings,864.8,451.9
ghsl_9558_cell_00322,8,18,13.060522032321767,77.4380329776755,7434.339690119028,Industrial,land_use,0.0,12.7646,overture_buildings,870.1,780.0
ghsl_9558_cell_00323,9,18,13.060522032321767,77.44817349138961,9071.226482525468,Industrial,land_use,0.0,11.7078,overture_buildings,854.9,1577.8
ghsl_9558_cell_00324,10,18,13.060522032321765,77.45831400510372,31139.635282307863,Industrial,land_use,4.6,19.533,overture_buildings,852.7,2339.8
ghsl_9558_cell_00325,11,18,13.060522032321767,77.46845451881778,24682.786064341664,Commercial,buildings,0.0,19.338,overture_buildings,863.2,3070.1
ghsl_9558_cell_00326,12,18,13.060522032321767,77.4785950325319,15223.795791782439,Commercial,buildings,0.4,12.7996,overture_buildings,854.5,3899.7
ghsl_9558_cell_00327,13,18,13.060522032321765,77.48873554624598,27016.2882595174,Residential,land_use,0.3,12.2424,overture_buildings,864.4,4838.3
ghsl_9558_cell_00328,14,18,13.060522032321769,77.4988760599601,47187.39022129774,Residential,buildings,4.4,22.2419,overture_buildings,882.2,5833.5
ghsl_9558_cell_00329,15,18,13.060522032321769,77.50901657367417,49613.57617664337,Residential,buildings,1.7,19.526,overture_buildings,900.1,6860.8
ghsl_9558_cell_00330,16,18,13.060522032321767,77.51915708738827,20195.178263559937,Residential,buildings,1.7,8.2923,overture_buildings,895.7,6819.0
ghsl_9558_cell_00331,17,18,13.060522032321767,77.52929760110236,28441.327046126127,Residential,buildings,0.9,15.0169,overture_buildings,914.0,6778.6
ghsl_9558_cell_00332,18,18,13.060522032321767,77.53943811481646,2881.382293149829,Residential,buildings,0.0,3.054,overture_buildings,928.8,6778.6
ghsl_9558_cell_00333,19,18,13.060522032321767,77.54957862853057,32084.003331899643,Civic,buildings,1.1,20.9145,overture_buildings,918.9,6788.0
ghsl_9558_cell_00334,20,18,13.060522032321767,77.55971914224465,41750.82858552039,Residential,buildings,46.0,18.8456,overture_buildings,912.9,6933.5
ghsl_9558_cell_00335,21,18,13.060522032321767,77.56985965595874,42945.6478760317,Residential,buildings,1.5,17.5016,overture_buildings,899.7,7244.9
ghsl_9558_cell_00336,22,18,13.060522032321769,77.58000016967284,64189.62190246582,Commercial,buildings,2.8,29.9129,overture_buildings,907.8,7365.4
ghsl_9558_cell_00337,23,18,13.060522032321767,77.59014068338692,59754.333278656006,Office,buildings,5.3,32.2489,overture_buildings,914.6,6389.7
ghsl_9558_cell_00338,24,18,13.060522032321767,77.60028119710103,32365.587843298912,Residential,buildings,1.1,25.2987,overture_buildings,895.3,5380.9
ghsl_9558_cell_00339,25,18,13.060522032321767,77.61042171081512,2845.3951176088303,Residential,buildings,11.2,17.9418,overture_buildings,894.6,4325.4
ghsl_9558_cell_00340,26,18,13.060522032321769,77.62056222452921,4493.044820111769,Residential,buildings,1.6,16.1009,overture_buildings,893.4,3299.1
ghsl_9558_cell_00341,27,18,13.060522032321767,77.63070273824331,595.0335810109973,Residential,buildings,0.9,19.2999,overture_buildings,901.6,2340.5
ghsl_9558_cell_00342,28,18,13.060522032321769,77.6408432519574,464.3105382490903,Residential,buildings,2.6,18.365,overture_buildings,892.5,1578.2
ghsl_9558_cell_00343,29,18,13.060522032321767,77.65098376567147,589.2259985804558,Commercial,buildings,0.9,22.308,overture_buildings,895.9,540.3
ghsl_9558_cell_00344,8,19,13.052352877799116,77.43645124913743,2363.101174339652,Industrial,land_use,0.0,2.2497,overture_buildings,862.5,451.9
ghsl_9558_cell_00345,9,19,13.052352877799118,77.44659155572411,3280.8903375789523,Residential,heuristic,0.0,4.0747,overture_buildings,838.3,779.9
ghsl_9558_cell_00346,10,19,13.052352877799114,77.45673186231082,13857.157885432243,Industrial,land_use,0.0,11.3763,overture_buildings,839.3,1577.7
ghsl_9558_cell_00347,11,19,13.052352877799116,77.46687216889747,12040.73430390656,Residential,buildings,2.4,7.4209,overture_buildings,848.5,2339.7
ghsl_9558_cell_00348,12,19,13.05235287779911,77.47701247548413,11927.511832550168,Industrial,land_use,0.5,7.4329,overture_buildings,858.2,3298.3
ghsl_9558_cell_00349,13,19,13.052352877799118,77.48715278207082,29254.758329868317,Residential,buildings,3.9,20.1123,overture_buildings,864.6,4324.7
ghsl_9558_cell_00350,14,19,13.052352877799118,77.49729308865749,33133.540170669556,Industrial,buildings,1.2,22.4676,overture_buildings,892.2,5380.2
ghsl_9558_cell_00351,15,19,13.052352877799112,77.50743339524416,61013.28561401367,Commercial,buildings,1.1,24.5013,overture_buildings,909.1,6450.5
ghsl_9558_cell_00352,16,19,13.052352877799116,77.51757370183083,46919.49041071534,Utility,land_use,9.7,18.2784,overture_buildings,931.3,7529.4
ghsl_9558_cell_00353,17,19,13.052352877799116,77.52771400841752,12509.031439140439,Residential,buildings,2.3,11.725,overture_buildings,931.0,7682.4
ghsl_9558_cell_00354,18,19,13.052352877799116,77.53785431500418,9071.072678178549,Industrial,buildings,1.7,12.6138,overture_buildings,930.8,7682.4
ghsl_9558_cell_00355,19,19,13.052352877799116,77.54799462159086,6029.741764113307,Industrial,buildings,2.4,13.0819,overture_buildings,938.6,7684.6
ghsl_9558_cell_00356,20,19,13.052352877799116,77.55813492817752,7379.75572180748,Industrial,land_use,6.2,16.2367,overture_buildings,929.7,7789.2
ghsl_9558_cell_00357,21,19,13.052352877799116,77.56827523476422,36950.174634858966,Residential,buildings,1.3,27.1114,overture_buildings,906.4,8044.1
ghsl_9558_cell_00358,22,19,13.052352877799116,77.57841554135089,47654.065705142915,Residential,buildings,16.9,23.939,overture_buildings,896.5,7908.5
ghsl_9558_cell_00359,23,19,13.052352877799116,77.58855584793754,18899.09102157131,Civic,buildings,5.2,8.0671,overture_buildings,904.8,6861.8
ghsl_9558_cell_00360,24,19,13.052352877799116,77.59869615452425,47613.75559902191,Residential,buildings,8.5,32.8014,overture_buildings,913.1,5834.5
ghsl_9558_cell_00361,25,19,13.052352877799116,77.60883646111091,7352.084336519241,Residential,buildings,1.8,33.8663,overture_buildings,910.2,4839.3
ghsl_9558_cell_00362,26,19,13.052352877799116,77.61897676769756,8281.429890170693,Office,buildings,4.8,19.1134,overture_buildings,881.9,3790.5
ghsl_9558_cell_00363,27,19,13.052352877799116,77.62911707428427,838.3234868049622,Residential,buildings,1.1,25.9581,overture_buildings,886.4,2701.7
ghsl_9558_cell_00364,28,19,13.052352877799116,77.63925738087092,620.3356654345989,Residential,buildings,0.1,21.4427,overture_buildings,897.1,1620.7
ghsl_9558_cell_00365,29,19,13.052352877799116,77.6493976874576,493.0605203003506,Residential,buildings,2.1,18.7988,overture_buildings,880.2,540.3
ghsl_9558_cell_00366,9,20,13.044183826490956,77.4450107000803,639.7106277421117,Residential,heuristic,0.0,1.2822,overture_buildings,836.7,451.9
ghsl_9558_cell_00367,10,20,13.044183826490952,77.45515079968095,3436.350882574916,Residential,heuristic,0.0,3.5368,overture_buildings,861.0,779.9
ghsl_9558_cell_00368,11,20,13.044183826490956,77.46529089928163,3310.2095880508423,Civic,land_use,0.0,3.3811,overture_buildings,859.8,1793.4
ghsl_9558_cell_00369,12,20,13.044183826490958,77.47543099888229,2089.636568464339,Residential,heuristic,0.0,2.1461,overture_buildings,867.2,2871.1
ghsl_9558_cell_00370,13,20,13.044183826490952,77.48557109848295,33080.732242017984,Residential,land_use,0.6,14.7479,overture_buildings,878.9,3961.1
ghsl_9558_cell_00371,14,20,13.044183826490956,77.49571119808364,25422.74401498586,Residential,buildings,1.7,14.42,overture_buildings,874.2,5055.3
ghsl_9558_cell_00372,15,20,13.044183826490956,77.50585129768429,54206.632499694824,Residential,buildings,1.3,24.2493,overture_buildings,890.6,6151.6
ghsl_9558_cell_00373,16,20,13.044183826490952,77.51599139728495,62780.49389131367,Residential,buildings,12.0,28.1301,overture_buildings,904.6,7248.9
ghsl_9558_cell_00374,17,20,13.044183826490956,77.52613149688563,28858.06040853262,Industrial,buildings,1.2,20.7839,overture_buildings,923.5,8346.9
ghsl_9558_cell_00375,18,20,13.044183826490956,77.53627159648629,17211.66096418351,Industrial,buildings,2.1,11.0437,overture_buildings,923.7,8586.1
ghsl_9558_cell_00376,19,20,13.044183826490956,77.54641169608698,35263.75134370476,Residential,buildings,1.8,19.3802,overture_buildings,914.9,8586.1
ghsl_9558_cell_00377,20,20,13.044183826490952,77.55655179568761,26969.63182992488,Industrial,buildings,5.3,16.5086,overture_buildings,915.8,8658.1
ghsl_9558_cell_00378,21,20,13.044183826490956,77.56669189528827,54278.23209065199,Residential,buildings,5.8,27.1863,overture_buildings,911.3,8866.9
ghsl_9558_cell_00379,22,20,13.044183826490954,77.57683199488895,63760.75270605087,Residential,buildings,1.9,32.7565,overture_buildings,915.3,8347.0
ghsl_9558_cell_00380,23,20,13.044183826490956,77.5869720944896,8012.349846042693,Industrial,buildings,7.6,4.8261,overture_buildings,901.5,7249.0
ghsl_9558_cell_00381,24,20,13.044183826490956,77.59711219409029,31853.1824093163,Residential,buildings,2.1,18.18,overture_buildings,894.9,6151.7
ghsl_9558_cell_00382,25,20,13.044183826490956,77.60725229369095,18539.75081223622,Residential,buildings,4.0,10.0077,overture_buildings,885.0,5055.5
ghsl_9558_cell_00383,26,20,13.044183826490956,77.61739239329161,38583.32861614227,Office,buildings,1.6,25.6242,overture_buildings,883.8,3961.2
ghsl_9558_cell_00384,27,20,13.044183826490956,77.62753249289229,32700.648256629705,Commercial,buildings,2.2,25.5322,overture_buildings,882.7,2871.3
ghsl_9558_cell_00385,28,20,13.044183826490954,77.63767259249293,1186.919721789658,Residential,buildings,0.0,15.606,overture_buildings,881.0,1793.6
ghsl_9558_cell_00386,29,20,13.044183826490958,77.6478126920936,234.9655725628254,Residential,buildings,0.4,8.9382,overture_buildings,877.3,780.1
ghsl_9558_cell_00387,30,20,13.044183826490956,77.65795279169424,133.81241712230258,Residential,buildings,8.3,8.0154,overture_buildings,876.6,451.9
ghsl_9558_cell_00388,10,21,13.036014878328102,77.4535708170237,1120.982629686594,Residential,heuristic,0.0,1.9492,overture_buildings,846.4,540.3
ghsl_9558_cell_00389,11,21,13.0360148783281,77.46371070977976,2896.9297321885824,Residential,heuristic,0.0,3.986,overture_buildings,851.7,1620.9
ghsl_9558_cell_00390,12,21,13.036014878328102,77.4738506025358,691.917632125318,Residential,heuristic,1.4,1.7045,overture_buildings,867.2,2702.0
ghsl_9558_cell_00391,13,21,13.036014878328102,77.48399049529185,16701.461230300367,Residential,heuristic,0.0,9.9377,overture_buildings,872.5,3790.9
ghsl_9558_cell_00392,14,21,13.036014878328103,77.49413038804788,55461.11067485809,Civic,buildings,0.4,22.6429,overture_buildings,889.2,4884.6
ghsl_9558_cell_00393,15,21,13.036014878328098,77.50427028080392,46133.98048210144,Civic,buildings,5.6,26.821,overture_buildings,899.6,5980.6
ghsl_9558_cell_00394,16,21,13.036014878328102,77.51441017355995,49325.62654924393,Utility,buildings,0.3,29.6699,overture_buildings,906.9,7077.8
ghsl_9558_cell_00395,17,21,13.036014878328103,77.524550066316,37849.64797210693,Industrial,buildings,0.0,27.4719,overture_buildings,919.6,8175.8
ghsl_9558_cell_00396,18,21,13.036014878328102,77.53468995907204,26927.701093256474,Industrial,buildings,3.0,16.2486,overture_buildings,937.0,9274.1
ghsl_9558_cell_00397,19,21,13.036014878328102,77.54482985182808,27457.167671635747,Civic,buildings,0.0,12.483,overture_buildings,911.9,9489.8
ghsl_9558_cell_00398,20,21,13.036014878328103,77.55496974458414,58530.48877573013,Residential,buildings,31.5,26.9887,overture_buildings,908.6,9536.5
ghsl_9558_cell_00399,21,21,13.0360148783281,77.56510963734017,69760.93769836426,Civic,buildings,3.0,40.9729,overture_buildings,909.2,9701.5
ghsl_9558_cell_00400,22,21,13.036014878328102,77.57524953009622,69174.44046020508,Residential,buildings,3.4,39.5793,overture_buildings,922.6,8613.9
ghsl_9558_cell_00401,23,21,13.0360148783281,77.58538942285226,30150.69433361292,Civic,buildings,35.7,16.8429,overture_buildings,906.7,7529.7
ghsl_9558_cell_00402,24,21,13.036014878328102,77.59552931560829,83201.55793762207,Civic,buildings,1.0,34.641,overture_buildings,909.7,6450.9
ghsl_9558_cell_00403,25,21,13.036014878328102,77.60566920836435,75823.27029418945,Residential,buildings,0.3,43.419,overture_buildings,909.8,5380.6
ghsl_9558_cell_00404,26,21,13.036014878328103,77.61580910112038,54802.329330444336,Residential,buildings,1.3,29.7793,overture_buildings,904.5,4325.1
ghsl_9558_cell_00405,27,21,13.036014878328098,77.62594899387642,49170.655483312905,Office,buildings,15.4,27.1968,overture_buildings,884.4,3298.8
ghsl_9558_cell_00406,28,21,13.036014878328103,77.63608888663246,62481.90831160545,Residential,buildings,1.4,31.7864,overture_buildings,887.7,2340.1
ghsl_9558_cell_00407,29,21,13.036014878328103,77.64622877938851,780.4813507795334,Residential,buildings,0.0,26.9719,overture_buildings,885.0,1578.0
ghsl_9558_cell_00408,30,21,13.0360148783281,77.65636867214454,615.6564937578514,Residential,buildings,18.0,23.8355,overture_buildings,891.6,780.0
ghsl_9558_cell_00409,31,21,13.036014878328102,77.66650856490058,518.5350904688239,Residential,buildings,0.5,25.071,overture_buildings,896.8,451.9
ghsl_9558_cell_00410,32,21,13.036014878328103,77.67664845765663,581.6865131855011,Residential,buildings,1.4,27.0409,overture_buildings,883.3,452.0
ghsl_9558_cell_00411,33,21,13.0360148783281,77.68678835041266,576.4933876395226,Residential,buildings,1.0,27.815,overture_buildings,882.4,452.0
ghsl_9558_cell_00412,34,21,13.036014878328102,77.6969282431687,445.803531749174,Residential,buildings,1.3,21.9748,overture_buildings,890.2,452.0
ghsl_9558_cell_00413,35,21,13.0360148783281,77.70706813592476,445.7313087867806,Residential,buildings,0.4,16.9008,overture_buildings,879.2,451.9
ghsl_9558_cell_00414,10,22,13.027846033241376,77.45199191414868,1553.193474151194,Civic,land_use,0.0,3.1953,overture_buildings,860.6,540.3
ghsl_9558_cell_00415,11,22,13.027846033241374,77.46213160020146,4697.288571327925,Residential,heuristic,0.0,6.2392,overture_buildings,858.0,1620.9
ghsl_9558_cell_00416,12,22,13.027846033241374,77.47227128625424,5649.737927995622,Residential,heuristic,9.7,5.7916,overture_buildings,879.8,2701.6
ghsl_9558_cell_00417,13,22,13.02784603324137,77.48241097230702,8672.067893054336,Residential,land_use,1.4,9.1814,overture_buildings,889.1,3782.2
ghsl_9558_cell_00418,14,22,13.027846033241374,77.49255065835979,34832.75678348541,Civic,land_use,0.5,16.5555,overture_buildings,897.2,4862.8
ghsl_9558_cell_00419,15,22,13.027846033241374,77.50269034441258,31893.351185150445,Civic,land_use,1.1,17.1777,overture_buildings,895.1,5943.4
ghsl_9558_cell_00420,16,22,13.027846033241376,77.51283003046535,39845.30068206787,Industrial,buildings,1.1,36.2539,overture_buildings,920.8,7024.0
ghsl_9558_cell_00421,17,22,13.027846033241373,77.52296971651813,26169.203636169434,Industrial,land_use,1.2,23.6216,overture_buildings,918.3,8106.1
ghsl_9558_cell_00422,18,22,13.027846033241378,77.53310940257091,36707.37162926048,Civic,buildings,2.1,24.3388,overture_buildings,918.7,9192.3
ghsl_9558_cell_00423,19,22,13.027846033241373,77.54324908862368,48107.27676773071,Office,buildings,3.9,24.5433,overture_buildings,921.5,10281.4
ghsl_9558_cell_00424,20,22,13.027846033241374,77.55338877467646,61210.71828842163,Residential,buildings,0.1,34.2463,overture_buildings,915.1,10422.1
ghsl_9558_cell_00425,21,22,13.027846033241374,77.56352846072924,53664.09343767166,Civic,buildings,2.7,34.3203,overture_buildings,930.4,10035.7
ghsl_9558_cell_00426,22,22,13.027846033241376,77.57366814678203,60473.584837414324,Residential,buildings,1.8,29.5995,overture_buildings,917.4,8967.5
ghsl_9558_cell_00427,23,22,13.027846033241373,77.58380783283481,41951.75693821907,Civic,buildings,5.9,25.2777,overture_buildings,931.9,7908.0
ghsl_9558_cell_00428,24,22,13.027846033241378,77.59394751888757,70634.68518066406,Residential,buildings,2.3,44.0022,overture_buildings,912.7,6861.2
ghsl_9558_cell_00429,25,22,13.027846033241374,77.60408720494037,77095.19760131836,Residential,buildings,0.6,43.9564,overture_buildings,917.8,5834.0
ghsl_9558_cell_00430,26,22,13.027846033241374,77.61422689099315,70761.09204101562,Residential,buildings,0.6,38.1102,overture_buildings,896.3,4838.7
ghsl_9558_cell_00431,27,22,13.027846033241374,77.62436657704592,61149.24199676514,Residential,land_use,2.1,31.0157,overture_buildings,889.5,3900.1
ghsl_9558_cell_00432,28,22,13.027846033241376,77.6345062630987,60051.538189888,Residential,buildings,1.1,32.5494,overture_buildings,902.8,3070.4
ghsl_9558_cell_00433,29,22,13.027846033241374,77.64464594915147,934.6619210094213,Residential,buildings,5.6,32.0305,overture_buildings,885.7,2340.0
ghsl_9558_cell_00434,30,22,13.027846033241374,77.65478563520423,1031.297182559967,Residential,buildings,0.3,33.5852,overture_buildings,896.2,1577.9
ghsl_9558_cell_00435,31,22,13.027846033241374,77.66492532125702,754.2114143967628,Residential,buildings,8.3,30.5661,overture_buildings,897.9,1355.6
ghsl_9558_cell_00436,32,22,13.027846033241373,77.67506500730981,707.7469907402992,Industrial,buildings,3.9,32.2916,overture_buildings,892.2,1355.7
ghsl_9558_cell_00437,33,22,13.027846033241378,77.6852046933626,783.2451382875443,Residential,buildings,3.2,34.1855,overture_buildings,889.9,1355.7
ghsl_9558_cell_00438,34,22,13.027846033241376,77.69534437941537,663.3912195563316,Residential,buildings,1.6,29.3398,overture_buildings,900.7,1355.7
ghsl_9558_cell_00439,35,22,13.027846033241374,77.70548406546817,581.4541914686561,Residential,buildings,3.5,23.46,overture_buildings,885.9,780.0
ghsl_9558_cell_00440,36,22,13.027846033241374,77.71562375152092,676.4774544835091,Industrial,buildings,0.6,23.0107,overture_buildings,875.5,451.9
ghsl_9558_cell_00441,9,23,13.01967729116161,77.44027461137482,2431.4009277522564,Residential,heuristic,0.0,3.122,overture_buildings,850.4,451.9
ghsl_9558_cell_00442,10,23,13.019677291161607,77.45041409086564,2258.491419225931,Residential,land_use,0.0,3.0785,overture_buildings,854.8,647.9
ghsl_9558_cell_00443,11,23,13.01967729116161,77.46055357035651,2570.489115193486,Residential,heuristic,0.0,4.0551,overture_buildings,859.8,1628.2
ghsl_9558_cell_00444,12,23,13.019677291161607,77.47069304984736,6977.800943315029,Residential,heuristic,0.0,6.522,overture_buildings,856.3,2701.7
ghsl_9558_cell_00445,13,23,13.019677291161612,77.48083252933822,9552.833972498775,Residential,heuristic,0.9,8.551,overture_buildings,865.5,3782.3
ghsl_9558_cell_00446,14,23,13.019677291161607,77.49097200882908,31601.906548559666,Residential,buildings,0.0,14.1747,overture_buildings,879.0,4863.0
ghsl_9558_cell_00447,15,23,13.019677291161608,77.50111148831992,28941.47414408624,Industrial,land_use,0.0,28.6943,overture_buildings,906.3,5943.6
ghsl_9558_cell_00448,16,23,13.019677291161607,77.51125096781077,41099.9048538208,Civic,buildings,0.2,36.4562,overture_buildings,928.1,7024.2
ghsl_9558_cell_00449,17,23,13.019677291161612,77.52139044730163,50794.13425445557,Residential,buildings,3.2,28.7251,overture_buildings,909.2,8104.8
ghsl_9558_cell_00450,18,23,13.019677291161608,77.53152992679246,47152.073021650314,Residential,buildings,1.4,20.706,overture_buildings,905.2,9185.4
ghsl_9558_cell_00451,19,23,13.019677291161607,77.5416694062833,49684.350772857666,Commercial,buildings,3.1,29.7926,overture_buildings,902.4,10266.0
ghsl_9558_cell_00452,20,23,13.01967729116161,77.55180888577416,47107.22023773193,Utility,buildings,0.6,29.6391,overture_buildings,914.4,11313.2
ghsl_9558_cell_00453,21,23,13.019677291161608,77.56194836526501,34180.70058315992,Residential,buildings,4.8,25.7102,overture_buildings,938.4,10440.3
ghsl_9558_cell_00454,22,23,13.019677291161607,77.57208784475586,13954.273458532989,Civic,buildings,12.9,12.7321,overture_buildings,930.7,9398.0
ghsl_9558_cell_00455,23,23,13.01967729116161,77.58222732424669,29636.970888137817,Commercial,buildings,2.8,18.0856,overture_buildings,934.0,8370.6
ghsl_9558_cell_00456,24,23,13.019677291161607,77.59236680373756,68455.41270565987,Civic,buildings,3.0,37.4188,overture_buildings,925.9,7364.0
ghsl_9558_cell_00457,25,23,13.019677291161607,77.60250628322841,44563.324014902115,Residential,buildings,0.5,21.4444,overture_buildings,917.4,6388.3
ghsl_9558_cell_00458,26,23,13.019677291161607,77.61264576271927,65128.075775146484,Industrial,buildings,2.1,32.1073,overture_buildings,896.5,5460.0
ghsl_9558_cell_00459,27,23,13.01967729116161,77.62278524221011,53622.428306758404,Residential,buildings,2.4,27.7662,overture_buildings,902.6,4607.8
ghsl_9558_cell_00460,28,23,13.019677291161607,77.63292472170099,71693.57474946976,Residential,buildings,0.6,35.9201,overture_buildings,909.7,3882.1
ghsl_9558_cell_00461,29,23,13.01967729116161,77.64306420119183,10565.97778749466,Commercial,buildings,4.7,38.248,overture_buildings,896.5,3070.3
ghsl_9558_cell_00462,30,23,13.019677291161607,77.65320368068267,1228.8787529468536,Residential,buildings,2.9,34.1334,overture_buildings,906.9,2462.4
ghsl_9558_cell_00463,31,23,13.019677291161608,77.66334316017351,1252.0934500992298,Residential,buildings,0.4,35.3793,overture_buildings,910.2,2259.3
ghsl_9558_cell_00464,32,23,13.01967729116161,77.67348263966437,1067.042538523674,Residential,buildings,0.0,37.3784,overture_buildings,912.4,2259.4
ghsl_9558_cell_00465,33,23,13.01967729116161,77.68362211915525,1003.978761434555,Civic,buildings,1.5,45.0432,overture_buildings,901.8,2259.4
ghsl_9558_cell_00466,34,23,13.019677291161607,77.69376159864608,542.2331154489075,Residential,buildings,3.5,23.3577,overture_buildings,884.6,2259.4
ghsl_9558_cell_00467,35,23,13.019677291161608,77.70390107813694,693.2147022433346,Residential,buildings,1.2,19.298,overture_buildings,889.1,1577.9
ghsl_9558_cell_00468,36,23,13.01967729116161,77.71404055762778,717.78428621497,Residential,buildings,2.9,20.8437,overture_buildings,870.0,780.0
ghsl_9558_cell_00469,37,23,13.019677291161607,77.72418003711861,320.9119124849094,Residential,buildings,0.4,14.86,overture_buildings,872.8,451.9
ghsl_9558_cell_00470,9,24,13.011508652019652,77.43869807391432,1982.7897566333413,Residential,heuristic,0.0,3.3986,overture_buildings,828.3,540.3
ghsl_9558_cell_00471,10,24,13.011508652019653,77.44883734698456,1526.9921000823379,Residential,heuristic,0.0,2.2611,overture_buildings,835.1,1386.9
ghsl_9558_cell_00472,11,24,13.011508652019653,77.45897662005478,1553.025690563023,Residential,heuristic,0.0,2.5593,overture_buildings,853.5,1943.9
ghsl_9558_cell_00473,12,24,13.011508652019655,77.46911589312505,5798.669133417308,Residential,heuristic,1.4,7.0347,overture_buildings,868.2,2837.8
ghsl_9558_cell_00474,13,24,13.011508652019652,77.47925516619529,29380.21438318491,Commercial,land_use,0.0,14.04,overture_buildings,881.4,3840.2
ghsl_9558_cell_00475,14,24,13.011508652019653,77.48939443926551,42276.19821103662,Residential,heuristic,5.2,23.5061,overture_buildings,888.3,4884.7
ghsl_9558_cell_00476,15,24,13.011508652019653,77.49953371233575,36750.96576619148,Residential,heuristic,3.4,29.8389,overture_buildings,907.1,5949.3
ghsl_9558_cell_00477,16,24,13.011508652019652,77.50967298540598,48571.11362528801,Residential,heuristic,0.7,27.1104,overture_buildings,920.3,7024.7
ghsl_9558_cell_00478,17,24,13.011508652019653,77.5198122584762,70275.58362579346,Civic,land_use,0.0,25.6296,overture_buildings,896.1,8105.1
ghsl_9558_cell_00479,18,24,13.011508652019652,77.52995153154646,64900.06539916992,Residential,buildings,2.2,21.6868,overture_buildings,886.9,9185.7
ghsl_9558_cell_00480,19,24,13.011508652019655,77.54009080461668,65511.89668083191,Residential,buildings,2.4,31.8521,overture_buildings,888.9,10266.3
ghsl_9558_cell_00481,20,24,13.011508652019652,77.55023007768689,69588.92295074463,Commercial,buildings,5.5,32.5983,overture_buildings,911.1,11346.9
ghsl_9558_cell_00482,21,24,13.011508652019653,77.56036935075714,53320.665251255035,Industrial,buildings,7.7,32.4869,overture_buildings,934.7,10907.5
ghsl_9558_cell_00483,22,24,13.011508652019652,77.57050862382737,28349.85980143398,Civic,buildings,11.1,20.0614,overture_buildings,942.0,9895.5
ghsl_9558_cell_00484,23,24,13.011508652019652,77.5806478968976,45762.603019833565,Residential,buildings,4.0,26.8622,overture_buildings,948.7,8904.3
ghsl_9558_cell_00485,24,24,13.011508652019653,77.59078716996784,23379.987604618073,Residential,buildings,67.4,16.622,overture_buildings,932.9,7941.8
ghsl_9558_cell_00486,25,24,13.011508652019652,77.60092644303806,31557.934356343,Civic,buildings,4.0,20.533,overture_buildings,924.7,7019.7
ghsl_9558_cell_00487,26,24,13.011508652019655,77.61106571610831,60559.179513931274,Residential,buildings,0.8,36.2526,overture_buildings,908.2,6156.3
ghsl_9558_cell_00488,27,24,13.011508652019652,77.62120498917855,64995.74068069458,Residential,buildings,1.3,31.8181,overture_buildings,903.8,5379.9
ghsl_9558_cell_00489,28,24,13.011508652019652,77.63134426224877,74347.78594207764,Civic,buildings,0.5,39.4537,overture_buildings,906.2,4607.5
ghsl_9558_cell_00490,29,24,13.011508652019652,77.641483535319,11668.409117496863,Residential,buildings,1.0,42.1622,overture_buildings,902.1,3881.9
ghsl_9558_cell_00491,30,24,13.011508652019655,77.65162280838925,1169.8771121501923,Residential,buildings,4.4,36.9377,overture_buildings,921.6,3365.8
ghsl_9558_cell_00492,31,24,13.011508652019653,77.66176208145949,978.2361134588718,Industrial,buildings,2.0,30.3446,overture_buildings,919.0,3163.4
ghsl_9558_cell_00493,32,24,13.011508652019652,77.6719013545297,1075.1686707139015,Residential,buildings,0.8,43.4122,overture_buildings,913.2,3163.1
ghsl_9558_cell_00494,33,24,13.011508652019652,77.68204062759995,415.15804111468606,Civic,buildings,4.2,20.2246,overture_buildings,888.8,3163.1
ghsl_9558_cell_00495,34,24,13.011508652019652,77.69217990067018,481.1852135427762,Residential,buildings,10.9,20.5412,overture_buildings,892.8,3070.3
ghsl_9558_cell_00496,35,24,13.011508652019653,77.7023191737404,976.7176042404026,Residential,buildings,1.7,30.1888,overture_buildings,878.1,2339.9
ghsl_9558_cell_00497,36,24,13.011508652019652,77.71245844681064,689.1841221265495,Civic,buildings,4.2,21.9205,overture_buildings,874.0,1577.8
ghsl_9558_cell_00498,37,24,13.011508652019655,77.7225977198809,361.91513705422403,Residential,buildings,0.4,15.7777,overture_buildings,882.1,780.0
ghsl_9558_cell_00499,38,24,13.011508652019652,77.7327369929511,332.45275988802314,Residential,buildings,1.8,17.3575,overture_buildings,880.3,451.9
ghsl_9558_cell_00500,9,25,13.003340115746358,77.4371226155246,3749.201477751136,Residential,buildings,0.7,4.3854,overture_buildings,853.4,540.3
ghsl_9558_cell_00501,10,25,13.003340115746354,77.4472616823155,4554.3834114819765,Residential,buildings,0.0,5.6227,overture_buildings,839.9,1621.1
ghsl_9558_cell_00502,11,25,13.003340115746358,77.4574007491064,4603.472550190985,Industrial,land_use,0.0,6.8452,overture_buildings,853.7,2568.7
ghsl_9558_cell_00503,12,25,13.003340115746356,77.4675398158973,11451.622729696333,Industrial,land_use,7.7,11.8779,overture_buildings,857.0,3239.9
ghsl_9558_cell_00504,13,25,13.003340115746358,77.47767888268822,15447.807841718197,Civic,buildings,5.0,8.764,overture_buildings,872.3,4100.6
ghsl_9558_cell_00505,14,25,13.003340115746354,77.48781794947914,46485.40592575073,Civic,buildings,1.5,23.5335,overture_buildings,902.3,5054.9
ghsl_9558_cell_00506,15,25,13.003340115746358,77.49795701627004,43022.629953324795,Industrial,land_use,0.0,38.6236,overture_buildings,906.7,6058.8
ghsl_9558_cell_00507,16,25,13.003340115746358,77.50809608306092,62725.910552978516,Industrial,land_use,0.0,32.7568,overture_buildings,916.7,7091.2
ghsl_9558_cell_00508,17,25,13.003340115746358,77.51823514985185,64319.25881958008,Residential,heuristic,0.0,25.8312,overture_buildings,879.2,8141.3
ghsl_9558_cell_00509,18,25,13.003340115746354,77.52837421664273,75240.47836303711,Residential,heuristic,0.3,27.2056,overture_buildings,868.2,9203.1
ghsl_9558_cell_00510,19,25,13.003340115746358,77.53851328343364,73258.45748901367,Civic,buildings,2.9,35.0686,overture_buildings,908.1,9982.5
ghsl_9558_cell_00511,20,25,13.003340115746354,77.54865235022454,64431.99180603027,Residential,buildings,4.2,38.0526,overture_buildings,913.4,10735.0
ghsl_9558_cell_00512,21,25,13.003340115746354,77.55879141701546,75862.86573791504,Residential,buildings,0.4,45.6896,overture_buildings,913.1,11429.7
ghsl_9558_cell_00513,22,25,13.003340115746354,77.56893048380633,82706.90550231934,Residential,buildings,1.0,42.1072,overture_buildings,925.0,10450.3
ghsl_9558_cell_00514,23,25,13.003340115746356,77.57906955059724,66078.7075920105,Residential,buildings,5.2,37.5904,overture_buildings,930.7,9497.2
ghsl_9558_cell_00515,24,25,13.003340115746358,77.58920861738815,16649.016586765647,Civic,buildings,5.6,10.1613,overture_buildings,924.3,8579.4
ghsl_9558_cell_00516,25,25,13.003340115746354,77.59934768417907,53061.0145996809,Residential,buildings,2.9,27.0157,overture_buildings,916.9,7709.3
ghsl_9558_cell_00517,26,25,13.003340115746358,77.60948675096995,38747.69513724744,Residential,buildings,9.1,22.0365,overture_buildings,923.1,6905.1
ghsl_9558_cell_00518,27,25,13.003340115746354,77.61962581776086,63309.91864013672,Residential,buildings,4.5,35.0621,overture_buildings,917.4,6156.0
ghsl_9558_cell_00519,28,25,13.003340115746356,77.62976488455178,67135.69755798578,Residential,buildings,0.9,34.1319,overture_buildings,914.1,5379.6
ghsl_9558_cell_00520,29,25,13.003340115746354,77.63990395134266,7276.945044014603,Industrial,buildings,0.6,24.3206,overture_buildings,911.9,4733.2
ghsl_9558_cell_00521,30,25,13.003340115746358,77.65004301813356,483.649372606189,Residential,buildings,0.0,14.9819,overture_buildings,917.7,4276.2
ghsl_9558_cell_00522,31,25,13.003340115746354,77.66018208492446,776.9979163696989,Residential,buildings,2.3,19.594,overture_buildings,908.6,4072.8
ghsl_9558_cell_00523,32,25,13.003340115746354,77.67032115171537,853.109363026917,Industrial,buildings,0.7,30.2147,overture_buildings,902.6,4066.8
ghsl_9558_cell_00524,33,25,13.003340115746356,77.68046021850628,350.35044618335087,Industrial,buildings,12.6,21.7981,overture_buildings,912.6,4066.8
ghsl_9558_cell_00525,34,25,13.003340115746354,77.69059928529718,252.34859724971466,Industrial,buildings,2.0,10.1398,overture_buildings,886.7,3881.9
ghsl_9558_cell_00526,35,25,13.003340115746358,77.7007383520881,735.51555690635,Residential,buildings,4.7,25.3428,overture_buildings,893.1,3070.1
ghsl_9558_cell_00527,36,25,13.003340115746354,77.710877418879,892.3016896247864,Residential,buildings,0.5,31.989,overture_buildings,900.4,2339.8
ghsl_9558_cell_00528,37,25,13.003340115746358,77.72101648566989,402.62924144160934,Residential,buildings,4.5,22.2021,overture_buildings,883.2,1577.7
ghsl_9558_cell_00529,38,25,13.003340115746354,77.7311555524608,214.1194533673115,Residential,buildings,10.3,14.8773,overture_buildings,870.1,779.9
ghsl_9558_cell_00530,39,25,13.003340115746358,77.7412946192517,129.9819044432952,Residential,buildings,1.2,9.6008,overture_buildings,872.7,451.8
ghsl_9558_cell_00531,8,26,12.995171682272586,77.42540937536305,1560.1982149928808,Residential,heuristic,0.0,2.4797,overture_buildings,843.9,451.8
ghsl_9558_cell_00532,9,26,12.995171682272584,77.43554823601588,5578.697806105018,Residential,heuristic,0.2,5.7405,overture_buildings,856.4,648.1
ghsl_9558_cell_00533,10,26,12.995171682272582,77.44568709666869,15142.423472844064,Residential,buildings,0.0,10.0278,overture_buildings,856.2,1628.5
ghsl_9558_cell_00534,11,26,12.995171682272582,77.45582595732152,13773.688238613307,Industrial,land_use,0.0,10.5138,overture_buildings,856.5,2702.0
ghsl_9558_cell_00535,12,26,12.995171682272586,77.46596481797437,21529.365137919784,Industrial,land_use,0.0,15.1562,overture_buildings,862.0,3782.7
ghsl_9558_cell_00536,13,26,12.995171682272582,77.4761036786272,21184.944265007973,Residential,land_use,0.1,12.4308,overture_buildings,871.6,4535.9
ghsl_9558_cell_00537,14,26,12.995171682272584,77.48624253928004,36638.83405017853,Residential,buildings,2.5,21.068,overture_buildings,894.3,5376.7
ghsl_9558_cell_00538,15,26,12.995171682272582,77.49638139993286,53152.24364554882,Civic,land_use,0.0,33.0788,overture_buildings,895.8,6152.8
ghsl_9558_cell_00539,16,26,12.995171682272584,77.50652026058569,60325.47858428955,Industrial,land_use,0.8,30.6008,overture_buildings,912.5,6901.1
ghsl_9558_cell_00540,17,26,12.995171682272582,77.51665912123853,24594.674205496907,Commercial,buildings,1.3,10.0134,overture_buildings,900.4,7686.6
ghsl_9558_cell_00541,18,26,12.995171682272584,77.52679798189135,78907.37098693848,Residential,buildings,0.5,28.002,overture_buildings,899.8,8438.2
ghsl_9558_cell_00542,19,26,12.995171682272582,77.5369368425442,65817.49069213867,Civic,buildings,3.6,40.2493,overture_buildings,925.5,9204.7
ghsl_9558_cell_00543,20,26,12.995171682272586,77.54707570319705,65434.95626068115,Commercial,buildings,4.5,43.78,overture_buildings,913.5,9982.0
ghsl_9558_cell_00544,21,26,12.995171682272582,77.55721456384985,73809.09220123291,Civic,buildings,8.2,41.3063,overture_buildings,897.6,10690.1
ghsl_9558_cell_00545,22,26,12.995171682272582,77.5673534245027,81221.38296508789,Commercial,buildings,4.1,41.3163,overture_buildings,908.4,11000.4
ghsl_9558_cell_00546,23,26,12.995171682272586,77.57749228515551,84798.08038330078,Residential,buildings,3.1,38.1962,overture_buildings,906.5,10138.9
ghsl_9558_cell_00547,24,26,12.995171682272582,77.58763114580836,44091.64319998771,Residential,buildings,100.0,21.4451,overture_buildings,928.4,9264.4
ghsl_9558_cell_00548,25,26,12.995171682272586,77.5977700064612,42788.57950171828,Residential,buildings,5.1,23.4871,overture_buildings,932.7,8442.8
ghsl_9558_cell_00549,26,26,12.995171682272584,77.60790886711405,71118.7394065857,Residential,buildings,5.9,34.5742,overture_buildings,922.7,7691.0
ghsl_9558_cell_00550,27,26,12.995171682272586,77.61804772776688,60106.87743753195,Residential,buildings,4.5,28.8637,overture_buildings,897.6,6904.8
ghsl_9558_cell_00551,28,26,12.995171682272582,77.6281865884197,35445.55269999057,Office,buildings,22.8,25.3729,overture_buildings,909.9,6192.1
ghsl_9558_cell_00552,29,26,12.995171682272586,77.63832544907251,211.68708202108974,Residential,buildings,14.6,11.2592,overture_buildings,899.7,5606.2
ghsl_9558_cell_00553,30,26,12.995171682272582,77.64846430972536,225.3559891047771,Industrial,buildings,1.6,11.8019,overture_buildings,923.4,5189.9
ghsl_9558_cell_00554,31,26,12.995171682272586,77.6586031703782,985.9917919803411,Residential,buildings,1.8,21.9012,overture_buildings,902.0,4985.9
ghsl_9558_cell_00555,32,26,12.995171682272582,77.66874203103103,1163.334693090408,Residential,buildings,3.6,31.3988,overture_buildings,894.7,4970.4
ghsl_9558_cell_00556,33,26,12.995171682272586,77.67888089168387,1031.4827623069286,Residential,buildings,3.3,36.2747,overture_buildings,909.4,4970.5
ghsl_9558_cell_00557,34,26,12.995171682272584,77.68901975233672,1133.4445980787277,Residential,buildings,1.5,31.4641,overture_buildings,899.2,4607.3
ghsl_9558_cell_00558,35,26,12.995171682272582,77.69915861298952,996.4444198608398,Commercial,buildings,2.0,33.3668,overture_buildings,901.4,3881.7
ghsl_9558_cell_00559,36,26,12.995171682272586,77.70929747364238,560.2932416611002,Residential,buildings,2.5,15.5147,overture_buildings,895.7,3070.0
ghsl_9558_cell_00560,37,26,12.995171682272582,77.7194363342952,926.4221981409937,Residential,buildings,1.4,24.4291,overture_buildings,882.7,2339.7
ghsl_9558_cell_00561,38,26,12.995171682272586,77.72957519494803,906.3676944446051,Residential,buildings,8.3,11.6362,overture_buildings,885.0,1577.6
ghsl_9558_cell_00562,39,26,12.995171682272582,77.73971405560087,163.6634735733387,Industrial,buildings,0.0,14.4831,overture_buildings,893.4,779.9
ghsl_9558_cell_00563,40,26,12.995171682272584,77.74985291625372,211.51108619966544,Industrial,buildings,22.3,12.8094,overture_buildings,880.1,451.9
ghsl_9558_cell_00564,41,26,12.995171682272582,77.75999177690652,700.4021986424923,Industrial,buildings,1.5,22.4916,overture_buildings,875.8,451.9
ghsl_9558_cell_00565,42,26,12.995171682272586,77.77013063755938,2832.8091807439923,Residential,buildings,6.2,9.4006,overture_buildings,861.7,452.0
ghsl_9558_cell_00566,43,26,12.995171682272584,77.78026949821222,2562.285242859274,Residential,land_use,10.8,12.1043,overture_buildings,864.9,452.0
ghsl_9558_cell_00567,44,26,12.995171682272586,77.79040835886504,2201.4960158299655,Industrial,buildings,0.1,9.6227,overture_buildings,880.2,451.9
ghsl_9558_cell_00568,8,27,12.987003351529207,77.42383628054253,1549.8677348680794,Residential,heuristic,0.0,3.0556,overture_buildings,845.9,451.8
ghsl_9558_cell_00569,9,27,12.987003351529204,77.43397493519853,1777.5923367142677,Residential,heuristic,0.0,2.2129,overture_buildings,846.4,779.6
ghsl_9558_cell_00570,10,27,12.987003351529207,77.44411358985452,14719.021050989628,Residential,land_use,0.0,12.5337,overture_buildings,869.8,1576.9
ghsl_9558_cell_00571,11,27,12.987003351529205,77.45425224451053,17498.561908960342,Industrial,land_use,0.0,25.537,overture_buildings,851.7,2338.7
ghsl_9558_cell_00572,12,27,12.987003351529207,77.46439089916653,34112.428971886635,Industrial,land_use,0.0,17.8368,overture_buildings,856.5,3297.3
ghsl_9558_cell_00573,13,27,12.987003351529207,77.47452955382253,47185.62867426872,Civic,buildings,0.8,24.1135,overture_buildings,872.9,3879.5
ghsl_9558_cell_00574,14,27,12.987003351529204,77.48466820847854,54581.1136841774,Civic,buildings,1.3,29.6812,overture_buildings,879.9,4604.7
ghsl_9558_cell_00575,15,27,12.987003351529207,77.49480686313453,23921.114625781775,Industrial,land_use,3.3,10.8758,overture_buildings,886.2,5376.4
ghsl_9558_cell_00576,16,27,12.987003351529207,77.50494551779052,60343.038924604654,Civic,buildings,2.0,24.3908,overture_buildings,910.9,6152.5
ghsl_9558_cell_00577,17,27,12.987003351529207,77.51508417244654,38359.17654904723,Civic,buildings,1.2,14.9595,overture_buildings,862.3,6900.8
ghsl_9558_cell_00578,18,27,12.987003351529202,77.52522282710255,83998.85479736328,Residential,buildings,1.7,33.0387,overture_buildings,896.5,7686.2
ghsl_9558_cell_00579,19,27,12.987003351529207,77.53536148175854,67119.50637817383,Civic,buildings,3.1,37.4061,overture_buildings,912.5,8437.8
ghsl_9558_cell_00580,20,27,12.987003351529207,77.54550013641453,75190.92784118652,Civic,buildings,3.7,40.243,overture_buildings,898.1,9259.3
ghsl_9558_cell_00581,21,27,12.987003351529205,77.55563879107052,70842.73001861572,Civic,buildings,1.1,42.275,overture_buildings,899.1,9771.7
ghsl_9558_cell_00582,22,27,12.987003351529209,77.56577744572654,81798.70820617676,Utility,buildings,2.3,34.0489,overture_buildings,887.7,10091.6
ghsl_9558_cell_00583,23,27,12.987003351529207,77.57591610038251,69920.36894965172,Commercial,buildings,1.8,30.873,overture_buildings,909.0,10517.4
ghsl_9558_cell_00584,24,27,12.987003351529205,77.58605475503852,36294.14760918915,Residential,buildings,29.3,19.3147,overture_buildings,934.8,9987.2
ghsl_9558_cell_00585,25,27,12.987003351529209,77.59619340969455,48969.153851509094,Commercial,buildings,8.9,28.5609,overture_buildings,925.9,9209.7
ghsl_9558_cell_00586,26,27,12.987003351529207,77.60633206435055,82374.59297180176,Utility,buildings,0.2,41.9008,overture_buildings,904.0,8442.4
ghsl_9558_cell_00587,27,27,12.987003351529207,77.61647071900654,37537.51051642746,Residential,buildings,1.2,21.3899,overture_buildings,907.5,7690.6
ghsl_9558_cell_00588,28,27,12.987003351529207,77.62660937366255,15921.628079220653,Residential,buildings,1.7,12.5659,overture_buildings,907.2,7031.1
ghsl_9558_cell_00589,29,27,12.987003351529207,77.63674802831852,6232.474744290055,Residential,buildings,0.0,6.2005,overture_buildings,897.5,6492.0
ghsl_9558_cell_00590,30,27,12.987003351529205,77.64688668297453,1562.380494974088,Industrial,buildings,0.7,20.2901,overture_buildings,912.3,6105.3
ghsl_9558_cell_00591,31,27,12.987003351529207,77.65702533763053,478.7423267830163,Industrial,buildings,7.3,20.1285,overture_buildings,930.8,5901.1
ghsl_9558_cell_00592,32,27,12.987003351529209,77.66716399228655,1259.3150594085455,Residential,buildings,2.2,25.4812,overture_buildings,886.6,5874.1
ghsl_9558_cell_00593,33,27,12.987003351529209,77.67730264694255,1045.967836022377,Residential,buildings,0.5,31.5269,overture_buildings,907.4,5759.2
ghsl_9558_cell_00594,34,27,12.987003351529209,77.68744130159853,856.8099318603054,Residential,buildings,4.0,24.7467,overture_buildings,890.9,5101.5
ghsl_9558_cell_00595,35,27,12.987003351529207,77.69757995625453,818.8287568956148,Office,buildings,11.1,22.5306,overture_buildings,888.3,4523.0
ghsl_9558_cell_00596,36,27,12.987003351529209,77.70771861091052,778.691955268383,Office,buildings,2.1,30.263,overture_buildings,909.5,3825.0
ghsl_9558_cell_00597,37,27,12.987003351529207,77.71785726556654,964.0964789682184,Residential,buildings,5.3,26.2772,overture_buildings,894.4,3069.8
ghsl_9558_cell_00598,38,27,12.987003351529207,77.72799592022254,647.2275313230348,Office,buildings,2.9,22.1659,overture_buildings,891.9,2339.6
ghsl_9558_cell_00599,39,27,12.987003351529207,77.73813457487853,480.40130083216354,Office,buildings,1.2,20.5651,overture_buildings,892.8,1577.6
ghsl_9558_cell_00600,40,27,12.987003351529207,77.74827322953453,372.7043240466155,Office,buildings,9.2,21.5143,overture_buildings,897.5,1355.5
ghsl_9558_cell_00601,41,27,12.987003351529207,77.75841188419051,338.3706662794575,Residential,buildings,0.9,18.3027,overture_buildings,880.1,1355.6
ghsl_9558_cell_00602,42,27,12.987003351529209,77.76855053884653,2443.803698308766,Industrial,buildings,0.0,18.8723,overture_buildings,864.0,1355.6
ghsl_9558_cell_00603,43,27,12.987003351529204,77.77868919350254,2943.613064467907,Residential,buildings,3.3,10.1224,overture_buildings,858.4,1355.5
ghsl_9558_cell_00604,44,27,12.987003351529209,77.78882784815853,4326.683832541108,Industrial,buildings,2.8,14.6491,overture_buildings,866.2,540.4
ghsl_9558_cell_00605,9,28,12.978835123447109,77.43240271288319,2721.705230295658,Commercial,land_use,3.2,10.781,overture_buildings,853.6,451.8
ghsl_9558_cell_00606,10,28,12.978835123447107,77.44254116168356,13457.607843399048,Civic,buildings,0.0,13.1076,overture_buildings,877.3,779.5
ghsl_9558_cell_00607,11,28,12.978835123447107,77.45267961048393,4496.374107204378,Residential,heuristic,2.5,4.5369,overture_buildings,853.0,1793.1
ghsl_9558_cell_00608,12,28,12.978835123447107,77.46281805928432,22103.516313269734,Residential,land_use,0.0,11.5615,overture_buildings,837.1,2460.9
ghsl_9558_cell_00609,13,28,12.978835123447109,77.47295650808469,21833.519137844443,Residential,heuristic,1.3,9.5719,overture_buildings,848.2,3068.2
ghsl_9558_cell_00610,14,28,12.978835123447107,77.48309495688507,42647.01621890068,Civic,land_use,4.4,17.0115,overture_buildings,872.6,3879.3
ghsl_9558_cell_00611,15,28,12.978835123447109,77.49323340568547,18528.259182229638,Residential,buildings,1.0,9.136,overture_buildings,863.3,4604.5
ghsl_9558_cell_00612,16,28,12.978835123447107,77.50337185448582,61226.5035713017,Residential,buildings,1.7,27.7729,overture_buildings,861.5,5376.1
ghsl_9558_cell_00613,17,28,12.978835123447109,77.5135103032862,58729.01239013672,Residential,buildings,3.1,27.1901,overture_buildings,884.6,6152.2
ghsl_9558_cell_00614,18,28,12.978835123447109,77.52364875208657,61460.624432742596,Residential,buildings,2.1,24.1455,overture_buildings,866.9,6900.4
ghsl_9558_cell_00615,19,28,12.978835123447109,77.53378720088695,71093.61463928223,Residential,buildings,2.0,33.3457,overture_buildings,897.6,7704.4
ghsl_9558_cell_00616,20,28,12.978835123447109,77.54392564968734,86265.09194946289,Residential,buildings,1.9,35.5351,overture_buildings,885.0,8574.4
ghsl_9558_cell_00617,21,28,12.978835123447109,77.55406409848773,62243.39413070679,Residential,buildings,0.7,33.795,overture_buildings,873.9,8853.5
ghsl_9558_cell_00618,22,28,12.978835123447107,77.56420254728809,39416.20792388916,Commercial,buildings,1.7,25.5533,overture_buildings,895.5,9185.0
ghsl_9558_cell_00619,23,28,12.978835123447109,77.57434099608847,45395.56053161621,Utility,buildings,1.0,29.2808,overture_buildings,909.0,9631.4
ghsl_9558_cell_00620,24,28,12.978835123447109,77.58447944488886,33565.06606030464,Utility,buildings,10.7,20.1012,overture_buildings,928.3,10177.6
ghsl_9558_cell_00621,25,28,12.978835123447109,77.59461789368923,16617.236531578004,Utility,buildings,26.9,15.4848,overture_buildings,927.1,9986.7
ghsl_9558_cell_00622,26,28,12.978835123447109,77.6047563424896,31721.993610337377,Commercial,buildings,16.3,27.4653,overture_buildings,922.0,9209.2
ghsl_9558_cell_00623,27,28,12.978835123447107,77.61489479128997,38884.96575912833,Commercial,buildings,8.8,19.075,overture_buildings,904.1,8503.3
ghsl_9558_cell_00624,28,28,12.97883512344711,77.62503324009036,51544.92784404755,Residential,buildings,2.3,27.1549,overture_buildings,893.4,7888.0
ghsl_9558_cell_00625,29,28,12.978835123447107,77.63517168889072,39956.23331165314,Residential,buildings,6.0,31.3219,overture_buildings,893.2,7386.0
ghsl_9558_cell_00626,30,28,12.978835123447107,77.64531013769111,2937.6894802451134,Residential,buildings,4.2,29.754,overture_buildings,907.5,7021.8
ghsl_9558_cell_00627,31,28,12.978835123447109,77.6554485864915,529.4467504825443,Office,buildings,1.0,25.1832,overture_buildings,890.5,6665.3
ghsl_9558_cell_00628,32,28,12.978835123447109,77.66558703529188,889.9480865090154,Office,buildings,4.7,27.2346,overture_buildings,884.0,5832.4
ghsl_9558_cell_00629,33,28,12.978835123447109,77.67572548409227,1484.211315679364,Residential,buildings,19.7,40.3171,overture_buildings,882.9,5101.8
ghsl_9558_cell_00630,34,28,12.978835123447107,77.68586393289263,848.2205496049137,Residential,buildings,0.9,23.1668,overture_buildings,876.5,4523.2
ghsl_9558_cell_00631,35,28,12.978835123447109,77.696002381693,1027.3278346471488,Office,buildings,2.8,25.1956,overture_buildings,884.2,3825.2
ghsl_9558_cell_00632,36,28,12.978835123447109,77.70614083049337,649.7767686545849,Residential,buildings,1.8,29.4484,overture_buildings,909.1,3239.9
ghsl_9558_cell_00633,37,28,12.978835123447109,77.71627927929376,579.264655682724,Office,buildings,5.0,20.0147,overture_buildings,900.1,2568.6
ghsl_9558_cell_00634,38,28,12.978835123447109,77.72641772809415,898.698262065649,Office,buildings,5.1,27.9251,overture_buildings,894.2,2262.4
ghsl_9558_cell_00635,39,28,12.978835123447109,77.73655617689452,527.0314430025173,Residential,buildings,6.5,18.9857,overture_buildings,878.8,2259.0
ghsl_9558_cell_00636,40,28,12.978835123447107,77.74669462569489,469.6221621611621,Residential,buildings,3.9,19.1244,overture_buildings,889.0,1943.8
ghsl_9558_cell_00637,41,28,12.978835123447109,77.75683307449526,659.5480851233006,Residential,buildings,2.8,26.9019,overture_buildings,898.7,1386.8
ghsl_9558_cell_00638,42,28,12.978835123447107,77.76697152329562,1664.3211414236575,Residential,land_use,0.0,19.6603,overture_buildings,866.1,647.9
ghsl_9558_cell_00639,43,28,12.97883512344711,77.77710997209601,852.467905819416,Residential,buildings,19.5,2.8767,overture_buildings,863.3,451.8
ghsl_9558_cell_00640,44,28,12.978835123447107,77.78724842089639,3199.391275167465,Residential,buildings,24.3,8.5905,overture_buildings,866.8,451.8
ghsl_9558_cell_00641,10,29,12.97066699795718,77.44096981196644,3647.723576966673,Industrial,land_use,0.0,8.1392,overture_buildings,860.1,540.4
ghsl_9558_cell_00642,11,29,12.970666997957181,77.4511080550524,2948.255887553096,Industrial,land_use,23.9,3.2584,overture_buildings,842.2,1355.4
ghsl_9558_cell_00643,12,29,12.970666997957181,77.46124629813832,3143.0464974045753,Industrial,land_use,0.0,5.3157,overture_buildings,823.7,1576.8
ghsl_9558_cell_00644,13,29,12.970666997957181,77.47138454122428,4262.4492306262255,Civic,land_use,5.6,3.4202,overture_buildings,858.0,2338.5
ghsl_9558_cell_00645,14,29,12.970666997957181,77.48152278431022,18916.637825787067,Civic,buildings,0.0,7.9249,overture_buildings,851.4,3068.0
ghsl_9558_cell_00646,15,29,12.970666997957181,77.49166102739616,37749.72198963165,Residential,buildings,0.8,19.3666,overture_buildings,855.4,3879.1
ghsl_9558_cell_00647,16,29,12.97066699795718,77.50179927048211,56131.4127882123,Residential,heuristic,1.4,24.4166,overture_buildings,859.2,4604.3
ghsl_9558_cell_00648,17,29,12.970666997957181,77.51193751356803,59716.778943538666,Residential,buildings,1.9,29.5763,overture_buildings,881.5,5375.8
ghsl_9558_cell_00649,18,29,12.970666997957181,77.52207575665399,79046.7241973877,Residential,buildings,0.7,35.3353,overture_buildings,881.7,6151.9
ghsl_9558_cell_00650,19,29,12.970666997957181,77.53221399973992,73145.0813293457,Commercial,buildings,3.3,42.4875,overture_buildings,887.7,7015.2
ghsl_9558_cell_00651,20,29,12.97066699795718,77.54235224282587,70446.82900238037,Utility,buildings,3.6,38.6214,overture_buildings,887.0,7732.6
ghsl_9558_cell_00652,21,29,12.970666997957181,77.5524904859118,79416.95500183105,Civic,buildings,0.8,28.3836,overture_buildings,867.5,7935.8
ghsl_9558_cell_00653,22,29,12.97066699795718,77.56262872899775,81165.79211091995,Residential,buildings,0.3,23.1693,overture_buildings,880.3,8281.3
ghsl_9558_cell_00654,23,29,12.97066699795718,77.57276697208368,61871.10797786713,Commercial,buildings,1.5,36.042,overture_buildings,906.6,8752.4
ghsl_9558_cell_00655,24,29,12.970666997957181,77.58290521516965,51541.334732055664,Civic,buildings,3.5,31.6202,overture_buildings,921.7,9330.0
ghsl_9558_cell_00656,25,29,12.97066699795718,77.5930434582556,38920.96855567396,Civic,buildings,69.1,18.9971,overture_buildings,905.6,9995.7
ghsl_9558_cell_00657,26,29,12.970666997957178,77.6031817013415,53075.72296142578,Commercial,buildings,6.7,33.3273,overture_buildings,912.3,10001.8
ghsl_9558_cell_00658,27,29,12.970666997957181,77.61331994442749,54953.56735634804,Commercial,buildings,6.4,29.4445,overture_buildings,907.7,9335.7
ghsl_9558_cell_00659,28,29,12.970666997957178,77.62345818751339,46271.069418907166,Commercial,buildings,1.6,21.0207,overture_buildings,905.2,8757.5
ghsl_9558_cell_00660,29,29,12.97066699795718,77.63359643059934,55489.502959251404,Residential,buildings,5.4,31.7587,overture_buildings,890.0,8280.2
ghsl_9558_cell_00661,30,29,12.970666997957181,77.6437346736853,8391.843775987625,Residential,buildings,3.3,39.6211,overture_buildings,898.0,7275.7
ghsl_9558_cell_00662,31,29,12.970666997957181,77.65387291677123,1092.0830854177475,Residential,buildings,3.7,41.8931,overture_buildings,900.4,6303.2
ghsl_9558_cell_00663,32,29,12.970666997957181,77.66401115985717,917.2237321473658,Industrial,buildings,2.6,34.6361,overture_buildings,910.3,5380.0
ghsl_9558_cell_00664,33,29,12.970666997957181,77.67414940294312,756.5682918888633,Residential,buildings,40.8,25.889,overture_buildings,887.4,4536.4
ghsl_9558_cell_00665,34,29,12.97066699795718,77.68428764602905,985.0029074568301,Residential,buildings,7.7,33.9986,overture_buildings,883.1,3825.5
ghsl_9558_cell_00666,35,29,12.970666997957181,77.694425889115,834.4429604401812,Residential,buildings,3.7,31.367,overture_buildings,882.3,3240.2
ghsl_9558_cell_00667,36,29,12.970666997957181,77.70456413220094,820.8637966513634,Residential,buildings,3.0,27.7745,overture_buildings,898.2,2568.7
ghsl_9558_cell_00668,37,29,12.970666997957181,77.71470237528689,1157.649585366249,Office,buildings,2.9,30.3857,overture_buildings,900.4,1944.0
ghsl_9558_cell_00669,38,29,12.970666997957181,77.72484061837284,433.3749995203689,Office,buildings,8.6,18.2658,overture_buildings,898.0,1386.9
ghsl_9558_cell_00670,39,29,12.970666997957181,77.73497886145877,491.71706984896446,Residential,buildings,0.2,18.5124,overture_buildings,879.2,1355.4
ghsl_9558_cell_00671,40,29,12.97066699795718,77.7451171045447,599.9691440949682,Residential,buildings,10.6,21.1192,overture_buildings,881.2,1355.4
ghsl_9558_cell_00672,41,29,12.970666997957181,77.75525534763065,775.0264500749763,Residential,buildings,1.4,28.3589,overture_buildings,879.6,647.9
ghsl_9558_cell_00673,42,29,12.970666997957181,77.76539359071658,355.6992342812009,Residential,buildings,8.0,19.2133,overture_buildings,864.7,451.8
ghsl_9558_cell_00674,10,30,12.962498974990325,77.43939954051405,2597.9736851640046,Industrial,land_use,0.0,7.1781,overture_buildings,839.8,451.8
ghsl_9558_cell_00675,11,30,12.962498974990323,77.4495375780267,1938.5132677296642,Residential,land_use,3.5,1.8024,overture_buildings,835.9,451.8
ghsl_9558_cell_00676,12,30,12.962498974990325,77.45967561553938,1688.157109387219,Residential,land_use,6.3,3.2253,overture_buildings,815.6,779.5
ghsl_9558_cell_00677,13,30,12.962498974990325,77.46981365305204,11879.806893572211,Industrial,land_use,0.0,9.9746,overture_buildings,839.5,1576.7
ghsl_9558_cell_00678,14,30,12.962498974990325,77.47995169056472,16337.368389889598,Residential,land_use,3.4,10.7708,overture_buildings,836.9,2338.4
ghsl_9558_cell_00679,15,30,12.962498974990323,77.4900897280774,34742.492189362645,Commercial,buildings,30.0,17.1995,overture_buildings,851.7,3067.9
ghsl_9558_cell_00680,16,30,12.962498974990325,77.50022776559004,53530.723647505045,Civic,buildings,1.8,25.5739,overture_buildings,862.7,3878.9
ghsl_9558_cell_00681,17,30,12.962498974990329,77.51036580310272,59778.07408332825,Civic,buildings,4.1,26.8173,overture_buildings,831.3,4604.1
ghsl_9558_cell_00682,18,30,12.962498974990325,77.5205038406154,79931.97866821289,Industrial,buildings,1.8,31.8716,overture_buildings,857.9,5456.1
ghsl_9558_cell_00683,19,30,12.962498974990325,77.53064187812807,75568.9322052002,Utility,buildings,2.5,32.4115,overture_buildings,867.3,6384.4
ghsl_9558_cell_00684,20,30,12.962498974990327,77.54077991564074,74080.85083007812,Civic,buildings,2.3,33.5537,overture_buildings,854.5,6815.6
ghsl_9558_cell_00685,21,30,12.962498974990325,77.5509179531534,79985.1086230278,Commercial,buildings,12.8,28.5435,overture_buildings,871.3,7018.6
ghsl_9558_cell_00686,22,30,12.962498974990325,77.56105599066608,55392.85313415527,Residential,buildings,3.1,26.6304,overture_buildings,897.0,7381.6
ghsl_9558_cell_00687,23,30,12.962498974990329,77.57119402817872,59832.57398223877,Civic,buildings,2.2,35.6567,overture_buildings,910.3,7882.7
ghsl_9558_cell_00688,24,30,12.962498974990323,77.5813320656914,57416.56635475159,Utility,buildings,2.6,33.6254,overture_buildings,896.1,8497.4
ghsl_9558_cell_00689,25,30,12.962498974990325,77.59147010320406,70314.08827972412,Commercial,buildings,1.9,38.6322,overture_buildings,896.5,9203.0
ghsl_9558_cell_00690,26,30,12.962498974990327,77.60160814071672,82575.42330789566,Residential,buildings,7.6,36.8454,overture_buildings,897.1,9980.3
ghsl_9558_cell_00691,27,30,12.962498974990323,77.6117461782294,38483.61226309836,Residential,buildings,3.9,23.3315,overture_buildings,906.8,10183.1
ghsl_9558_cell_00692,28,30,12.962498974990325,77.62188421574209,21572.526071548462,Residential,buildings,1.0,13.8409,overture_buildings,904.8,9204.8
ghsl_9558_cell_00693,29,30,12.962498974990329,77.63202225325473,33431.58438026905,Residential,buildings,6.6,19.0703,overture_buildings,905.3,8142.9
ghsl_9558_cell_00694,30,30,12.962498974990323,77.64216029076739,15708.069738268852,Residential,buildings,6.9,34.7849,overture_buildings,887.0,7092.6
ghsl_9558_cell_00695,31,30,12.962498974990325,77.6522983282801,701.2826353264973,Commercial,buildings,3.7,29.3895,overture_buildings,901.3,6060.0
ghsl_9558_cell_00696,32,30,12.962498974990329,77.66243636579273,703.478477537632,Residential,buildings,4.1,22.9511,overture_buildings,902.2,5055.9
ghsl_9558_cell_00697,33,30,12.962498974990329,77.67257440330542,791.9691384136677,Residential,buildings,4.3,31.8709,overture_buildings,897.3,4101.4
ghsl_9558_cell_00698,34,30,12.962498974990325,77.68271244081808,602.1642826795578,Industrial,buildings,2.9,26.004,overture_buildings,885.7,3240.4
ghsl_9558_cell_00699,35,30,12.962498974990325,77.69285047833074,280.09847356920363,Industrial,buildings,1.8,13.1675,overture_buildings,881.0,2568.9
ghsl_9558_cell_00700,36,30,12.962498974990329,77.70298851584342,1116.3062928020954,Residential,buildings,8.1,25.4735,overture_buildings,896.0,1944.1
ghsl_9558_cell_00701,37,30,12.962498974990325,77.71312655335608,1283.6282467842102,Residential,buildings,3.4,39.3067,overture_buildings,898.1,1386.9
ghsl_9558_cell_00702,38,30,12.962498974990325,77.72326459086874,861.9086232315749,Residential,buildings,6.0,28.03,overture_buildings,874.3,648.0
ghsl_9558_cell_00703,39,30,12.962498974990325,77.73340262838143,354.63508339598775,Residential,buildings,10.6,18.9732,overture_buildings,886.2,451.8
ghsl_9558_cell_00704,40,30,12.962498974990325,77.7435406658941,661.761922749225,Residential,buildings,7.5,25.2109,overture_buildings,868.3,451.8
ghsl_9558_cell_00705,41,30,12.962498974990329,77.75367870340673,696.1939811743796,Residential,buildings,5.2,23.1503,overture_buildings,871.6,451.8
ghsl_9558_cell_00706,12,31,12.954331054477452,77.45810601129838,680.9958516756305,Industrial,land_use,4.4,1.2769,overture_buildings,816.9,451.8
ghsl_9558_cell_00707,13,31,12.954331054477455,77.46824384337894,10964.953923143446,Residential,buildings,0.4,10.0372,overture_buildings,834.2,779.4
ghsl_9558_cell_00708,14,31,12.954331054477453,77.47838167545947,23691.174276292324,Residential,buildings,4.2,14.3225,overture_buildings,841.5,1576.6
ghsl_9558_cell_00709,15,31,12.954331054477453,77.48851950753999,39320.50440597534,Civic,buildings,3.7,17.0198,overture_buildings,824.8,2338.3
ghsl_9558_cell_00710,16,31,12.954331054477455,77.49865733962054,46326.26817518473,Civic,buildings,0.0,24.7329,overture_buildings,848.4,3067.7
ghsl_9558_cell_00711,17,31,12.954331054477455,77.50879517170107,18067.93151183054,Civic,buildings,2.7,9.979,overture_buildings,828.9,3897.1
ghsl_9558_cell_00712,18,31,12.954331054477453,77.5189330037816,55825.46903511882,Civic,buildings,3.2,23.2111,overture_buildings,845.2,4835.7
ghsl_9558_cell_00713,19,31,12.954331054477455,77.52907083586214,50404.89731490612,Utility,buildings,2.7,35.2717,overture_buildings,872.5,5602.0
ghsl_9558_cell_00714,20,31,12.954331054477453,77.53920866794265,65434.451271533966,Industrial,buildings,0.6,29.6066,overture_buildings,843.9,5899.4
ghsl_9558_cell_00715,21,31,12.954331054477453,77.54934650002319,67064.50323486328,Industrial,buildings,3.0,28.1169,overture_buildings,876.8,6102.1
ghsl_9558_cell_00716,22,31,12.954331054477457,77.55948433210374,57300.436049025506,Industrial,buildings,15.5,28.7867,overture_buildings,891.9,6487.6
ghsl_9558_cell_00717,23,31,12.954331054477452,77.56962216418424,65069.968521118164,Utility,buildings,5.7,32.0626,overture_buildings,898.2,7025.8
ghsl_9558_cell_00718,24,31,12.954331054477455,77.57975999626478,81940.35486793518,Residential,buildings,1.8,35.5349,overture_buildings,905.1,7684.8
ghsl_9558_cell_00719,25,31,12.954331054477452,77.5898978283453,40782.10357286781,Utility,buildings,9.1,26.0573,overture_buildings,891.7,8436.3
ghsl_9558_cell_00720,26,31,12.954331054477453,77.60003566042583,35867.443905070424,Residential,buildings,52.2,26.0799,overture_buildings,889.2,9202.6
ghsl_9558_cell_00721,27,31,12.954331054477452,77.61017349250638,34999.20129927993,Residential,buildings,4.9,22.2584,overture_buildings,905.0,9536.2
ghsl_9558_cell_00722,28,31,12.954331054477453,77.62031132458691,43107.28802592307,Civic,buildings,1.7,27.8483,overture_buildings,889.8,9187.9
ghsl_9558_cell_00723,29,31,12.954331054477452,77.63044915666741,10039.656628862023,Utility,land_use,44.7,8.0908,overture_buildings,900.4,8106.9
ghsl_9558_cell_00724,30,31,12.954331054477455,77.64058698874797,20119.834457563236,Office,buildings,1.8,25.2389,overture_buildings,884.2,7026.1
ghsl_9558_cell_00725,31,31,12.954331054477452,77.65072482082847,772.1666003316641,Residential,buildings,49.6,23.7766,overture_buildings,893.3,5950.5
ghsl_9558_cell_00726,32,31,12.954331054477453,77.66086265290903,855.8670836016536,Industrial,buildings,11.1,26.9464,overture_buildings,890.7,4885.8
ghsl_9558_cell_00727,33,31,12.954331054477455,77.67100048498958,310.49153894744813,Utility,land_use,31.0,22.6419,overture_buildings,899.4,3841.1
ghsl_9558_cell_00728,34,31,12.954331054477455,77.6811383170701,167.183132277627,Commercial,buildings,88.2,8.9312,overture_buildings,895.0,2838.5
ghsl_9558_cell_00729,35,31,12.954331054477453,77.69127614915064,604.6728522167541,Residential,buildings,6.0,21.2345,overture_buildings,875.1,1944.3
ghsl_9558_cell_00730,36,31,12.954331054477453,77.70141398123116,1447.2562029361725,Commercial,buildings,0.8,33.3543,overture_buildings,885.3,1386.9
ghsl_9558_cell_00731,37,31,12.954331054477453,77.71155181331169,1474.7080727815628,Residential,buildings,0.7,34.7484,overture_buildings,878.9,648.1
ghsl_9558_cell_00732,38,31,12.954331054477455,77.72168964539222,789.7948035835288,Residential,buildings,6.6,24.4354,overture_buildings,879.3,451.8
ghsl_9558_cell_00733,13,32,12.946163236349493,77.466675112016,2646.43989453034,Residential,land_use,0.0,9.0895,overture_buildings,826.8,451.8
ghsl_9558_cell_00734,14,32,12.946163236349493,77.47681273880549,5796.860576558858,Civic,buildings,1.4,11.3112,overture_buildings,835.9,779.4
ghsl_9558_cell_00735,15,32,12.946163236349493,77.48695036559502,15597.816466778517,Civic,buildings,1.2,19.341,overture_buildings,831.1,1576.5
ghsl_9558_cell_00736,16,32,12.946163236349493,77.49708799238451,17494.778944298625,Residential,heuristic,0.7,19.9974,overture_buildings,844.9,2338.2
ghsl_9558_cell_00737,17,32,12.946163236349493,77.50722561917401,1165.7235145643353,Civic,buildings,0.7,7.4327,overture_buildings,833.0,3296.8
ghsl_9558_cell_00738,18,32,12.946163236349495,77.51736324596352,7074.781955474755,Civic,buildings,5.7,14.5701,overture_buildings,815.1,4273.5
ghsl_9558_cell_00739,19,32,12.946163236349493,77.52750087275304,1649.3022260665894,Utility,buildings,0.9,28.1563,overture_buildings,818.5,4729.3
ghsl_9558_cell_00740,20,32,12.946163236349495,77.53763849954257,22613.972544563934,Residential,buildings,0.4,24.0718,overture_buildings,835.0,4984.5
ghsl_9558_cell_00741,21,32,12.946163236349493,77.54777612633205,73701.6156039238,Residential,buildings,1.2,31.1364,overture_buildings,864.2,5186.8
ghsl_9558_cell_00742,22,32,12.946163236349493,77.55791375312155,65230.65824508667,Civic,buildings,0.8,31.3188,overture_buildings,900.5,5601.9
ghsl_9558_cell_00743,23,32,12.946163236349493,77.56805137991107,63430.872732162476,Civic,buildings,7.1,32.1159,overture_buildings,911.3,6187.0
ghsl_9558_cell_00744,24,32,12.946163236349495,77.57818900670057,50895.75179243088,Residential,buildings,9.0,28.1471,overture_buildings,917.9,6899.2
ghsl_9558_cell_00745,25,32,12.946163236349493,77.58832663349007,38964.88404651731,Civic,buildings,95.3,18.886,overture_buildings,915.2,7684.4
ghsl_9558_cell_00746,26,32,12.946163236349493,77.59846426027958,11050.370956480503,Residential,buildings,1.1,39.4413,overture_buildings,905.6,8435.8
ghsl_9558_cell_00747,27,32,12.946163236349495,77.6086018870691,2112.331519831205,Office,buildings,39.8,22.5349,overture_buildings,901.7,8658.4
ghsl_9558_cell_00748,28,32,12.946163236349493,77.61873951385859,3951.9115693570348,Residential,buildings,1.8,26.0889,overture_buildings,883.1,8583.7
ghsl_9558_cell_00749,29,32,12.946163236349493,77.6288771406481,30188.881183728576,Residential,buildings,6.6,20.1962,overture_buildings,892.0,8107.3
ghsl_9558_cell_00750,30,32,12.946163236349495,77.63901476743763,827.8847916387022,Office,buildings,2.5,5.706,overture_buildings,894.0,7026.3
ghsl_9558_cell_00751,31,32,12.946163236349493,77.64915239422712,671.4320740235271,Office,buildings,25.5,12.369,overture_buildings,882.2,5945.3
ghsl_9558_cell_00752,32,32,12.946163236349497,77.65929002101664,165.07867761794478,Residential,land_use,15.4,7.1607,overture_buildings,874.2,4864.3
ghsl_9558_cell_00753,33,32,12.946163236349493,77.66942764780615,156.3331738539273,Industrial,buildings,6.1,10.7808,overture_buildings,897.5,3783.3
ghsl_9558_cell_00754,34,32,12.946163236349495,77.67956527459563,580.8810931872576,Residential,buildings,2.8,17.231,overture_buildings,881.1,2702.3
ghsl_9558_cell_00755,35,32,12.946163236349495,77.68970290138516,587.0647496607853,Office,buildings,5.4,22.4077,overture_buildings,871.0,1628.6
ghsl_9558_cell_00756,36,32,12.946163236349495,77.69984052817465,572.3609052163083,Office,buildings,0.9,21.3493,overture_buildings,872.1,648.1
ghsl_9558_cell_00757,37,32,12.946163236349493,77.70997815496418,827.2215770687908,Residential,buildings,0.6,21.8013,overture_buildings,877.1,451.8
ghsl_9558_cell_00758,14,33,12.937995520537369,77.475244880414,462.3198160356842,Civic,buildings,1.6,11.984,overture_buildings,809.6,451.8
ghsl_9558_cell_00759,15,33,12.937995520537369,77.48538230205358,897.944040209055,Residential,heuristic,3.3,17.0237,overture_buildings,811.6,779.4
ghsl_9558_cell_00760,16,33,12.93799552053737,77.49551972369314,1131.9400399833685,Civic,buildings,2.5,19.4844,overture_buildings,824.3,1793.0
ghsl_9558_cell_00761,17,33,12.937995520537369,77.5056571453327,110.03972986154258,Industrial,buildings,1.5,6.0482,overture_buildings,823.5,2870.9
ghsl_9558_cell_00762,18,33,12.937995520537369,77.51579456697227,689.730076892185,Residential,buildings,0.3,13.1168,overture_buildings,810.0,3363.4
ghsl_9558_cell_00763,19,33,12.937995520537369,77.52593198861186,1038.6825106851757,Residential,buildings,6.1,18.9352,overture_buildings,816.3,3878.3
ghsl_9558_cell_00764,20,33,12.937995520537369,77.53606941025141,1499.5561098819599,Civic,buildings,5.0,22.5289,overture_buildings,855.2,4071.7
ghsl_9558_cell_00765,21,33,12.937995520537369,77.54620683189098,68062.31197834015,Civic,buildings,1.8,41.6083,overture_buildings,875.4,4273.4
ghsl_9558_cell_00766,22,33,12.937995520537369,77.55634425353055,65761.52425956726,Civic,buildings,0.3,45.905,overture_buildings,901.9,4729.2
ghsl_9558_cell_00767,23,33,12.937995520537372,77.56648167517014,70615.90306282043,Civic,buildings,1.6,39.4614,overture_buildings,912.0,5374.8
ghsl_9558_cell_00768,24,33,12.937995520537369,77.5766190968097,61767.16240116954,Civic,buildings,5.5,36.8994,overture_buildings,924.1,6150.9
ghsl_9558_cell_00769,25,33,12.93799552053737,77.58675651844926,34181.86992840469,Civic,buildings,2.6,29.0386,overture_buildings,920.8,6898.8
ghsl_9558_cell_00770,26,33,12.937995520537369,77.59689394008885,4264.119306817651,Civic,buildings,0.8,28.0617,overture_buildings,920.9,7702.7
ghsl_9558_cell_00771,27,33,12.937995520537369,77.60703136172842,1481.0133662223816,Office,buildings,2.6,29.1429,overture_buildings,912.1,7790.3
ghsl_9558_cell_00772,28,33,12.937995520537369,77.61716878336797,1558.3613345995545,Commercial,buildings,7.3,30.9112,overture_buildings,901.9,7682.8
ghsl_9558_cell_00773,29,33,12.937995520537369,77.62730620500753,21232.27248764038,Residential,buildings,2.2,38.0715,overture_buildings,887.0,7680.1
ghsl_9558_cell_00774,30,33,12.937995520537369,77.63744362664713,22955.297037005424,Residential,buildings,20.1,11.0793,overture_buildings,885.2,7026.6
ghsl_9558_cell_00775,31,33,12.937995520537372,77.6475810482867,183.2088844180107,Utility,land_use,0.0,2.2336,overture_buildings,888.0,5945.5
ghsl_9558_cell_00776,32,33,12.937995520537367,77.65771846992627,43.39212081208825,Industrial,land_use,0.0,1.6711,overture_buildings,877.2,4864.5
ghsl_9558_cell_00777,33,33,12.937995520537369,77.66785589156584,10.027715614822228,Civic,buildings,0.0,0.4572,overture_buildings,872.0,3783.5
ghsl_9558_cell_00778,34,33,12.937995520537367,77.6779933132054,39.91920885408763,Office,buildings,2.6,9.119,overture_buildings,873.9,2702.5
ghsl_9558_cell_00779,35,33,12.937995520537369,77.68813073484498,577.5315903644077,Office,buildings,3.7,21.5328,overture_buildings,872.0,1621.5
ghsl_9558_cell_00780,36,33,12.937995520537367,77.69826815648453,909.0391709115356,Residential,buildings,1.3,32.3288,overture_buildings,877.5,540.6
ghsl_9558_cell_00781,15,34,12.929827906972024,77.483815316727,873.7414021544391,Residential,buildings,0.1,16.4922,overture_buildings,806.9,540.5
ghsl_9558_cell_00782,16,34,12.929827906972024,77.4939525333577,1183.920718997717,Civic,buildings,2.4,18.5908,overture_buildings,804.5,1621.6
ghsl_9558_cell_00783,17,34,12.92982790697202,77.5040897499884,506.8395106419921,Commercial,buildings,4.3,14.7471,overture_buildings,794.5,2258.9
ghsl_9558_cell_00784,18,34,12.92982790697202,77.51422696661908,1586.2453741431236,Residential,buildings,2.8,27.911,overture_buildings,815.7,2460.3
ghsl_9558_cell_00785,19,34,12.92982790697202,77.5243641832498,1257.9306159894913,Residential,buildings,5.7,20.3705,overture_buildings,823.5,3067.2
ghsl_9558_cell_00786,20,34,12.92982790697202,77.53450139988048,1728.4933087155223,Residential,buildings,0.5,21.6995,overture_buildings,831.5,3162.8
ghsl_9558_cell_00787,21,34,12.92982790697202,77.54463861651118,8869.369666099548,Residential,buildings,2.5,38.3907,overture_buildings,875.6,3363.3
ghsl_9558_cell_00788,22,34,12.929827906972024,77.55477583314189,3028.049768447876,Residential,buildings,0.6,43.91,overture_buildings,898.6,3878.2
ghsl_9558_cell_00789,23,34,12.92982790697202,77.56491304977257,4319.796218395233,Civic,buildings,2.0,35.9241,overture_buildings,898.6,4603.2
ghsl_9558_cell_00790,24,34,12.929827906972024,77.57505026640327,1844.0541979037225,Residential,buildings,3.3,37.1697,overture_buildings,913.3,5374.5
ghsl_9558_cell_00791,25,34,12.929827906972024,77.58518748303398,1968.1142474710941,Utility,buildings,2.8,35.3547,overture_buildings,933.7,6150.6
ghsl_9558_cell_00792,26,34,12.929827906972024,77.59532469966466,1786.604438662529,Civic,buildings,7.0,33.7146,overture_buildings,898.7,7013.8
ghsl_9558_cell_00793,27,34,12.92982790697202,77.60546191629535,2268.1953115463257,Civic,buildings,7.8,41.2189,overture_buildings,903.2,6935.4
ghsl_9558_cell_00794,28,34,12.929827906972024,77.61559913292605,1384.891663260758,Civic,buildings,9.1,26.8288,overture_buildings,904.0,6786.9
ghsl_9558_cell_00795,29,34,12.929827906972024,77.62573634955675,1578.0411929413676,Civic,buildings,7.8,31.2091,overture_buildings,892.2,6776.5
ghsl_9558_cell_00796,30,34,12.929827906972022,77.63587356618743,13851.63556548208,Residential,buildings,3.7,26.4084,overture_buildings,883.4,6667.9
ghsl_9558_cell_00797,31,34,12.929827906972024,77.64601078281814,906.0984055548906,Residential,buildings,0.5,2.2351,overture_buildings,873.6,5834.7
ghsl_9558_cell_00798,32,34,12.92982790697202,77.65614799944883,344.04171708785,Residential,buildings,0.1,0.8474,overture_buildings,873.6,4864.7
ghsl_9558_cell_00799,33,34,12.929827906972022,77.66628521607953,676.797192200087,Residential,buildings,0.9,10.0098,overture_buildings,882.4,3783.7
ghsl_9558_cell_00800,34,34,12.929827906972024,77.67642243271024,1043.9257800970227,Residential,buildings,2.6,25.9728,overture_buildings,879.4,2702.7
ghsl_9558_cell_00801,35,34,12.929827906972024,77.68655964934092,734.7255675792694,Office,buildings,3.0,28.7509,overture_buildings,879.6,1621.7
ghsl_9558_cell_00802,36,34,12.92982790697202,77.6966968659716,429.5945042697713,Office,buildings,2.9,29.17,overture_buildings,889.2,540.7
ghsl_9558_cell_00803,15,35,12.92166039558441,77.48224940942677,1202.3678649179637,Residential,buildings,2.5,22.9907,overture_buildings,813.4,540.4
ghsl_9558_cell_00804,16,35,12.921660395584409,77.49238642118962,808.8272925019264,Residential,buildings,1.6,16.122,overture_buildings,790.8,1355.3
ghsl_9558_cell_00805,17,35,12.921660395584409,77.50252343295247,905.1256766954903,Civic,buildings,1.6,21.2073,overture_buildings,790.3,1355.3
ghsl_9558_cell_00806,18,35,12.92166039558441,77.51266044471535,1428.9556888341904,Civic,buildings,0.2,27.4752,overture_buildings,813.7,1576.3
ghsl_9558_cell_00807,19,35,12.92166039558441,77.52279745647822,1564.447894692421,Residential,buildings,2.3,26.7993,overture_buildings,838.3,2258.8
ghsl_9558_cell_00808,20,35,12.921660395584409,77.53293446824107,820.0753184444038,Residential,buildings,0.0,9.164,overture_buildings,843.6,2258.9
ghsl_9558_cell_00809,21,35,12.92166039558441,77.54307148000393,2195.6171230077744,Residential,buildings,0.5,36.082,overture_buildings,869.2,2460.2
ghsl_9558_cell_00810,22,35,12.921660395584407,77.5532084917668,2238.0608382225037,Commercial,buildings,1.1,38.99,overture_buildings,872.0,3067.1
ghsl_9558_cell_00811,23,35,12.92166039558441,77.56334550352966,2019.3755400180817,Civic,buildings,6.0,32.3128,overture_buildings,895.7,3878.0
ghsl_9558_cell_00812,24,35,12.921660395584407,77.57348251529251,2198.039776325226,Residential,buildings,0.5,34.6869,overture_buildings,924.7,4603.0
ghsl_9558_cell_00813,25,35,12.92166039558441,77.58361952705535,1717.9944359660149,Residential,buildings,10.4,36.4582,overture_buildings,916.3,5455.0
ghsl_9558_cell_00814,26,35,12.92166039558441,77.59375653881824,1970.2575578689575,Residential,buildings,4.1,34.5129,overture_buildings,916.3,6383.3
ghsl_9558_cell_00815,27,35,12.92166039558441,77.6038935505811,2516.2544164657593,Office,buildings,0.9,42.9961,overture_buildings,903.5,6099.4
ghsl_9558_cell_00816,28,35,12.92166039558441,77.61403056234396,2223.469542503357,Commercial,buildings,2.8,41.9302,overture_buildings,890.0,5898.3
ghsl_9558_cell_00817,29,35,12.92166039558441,77.62416757410682,1231.850266724825,Commercial,buildings,9.0,19.724,overture_buildings,899.9,5872.9
ghsl_9558_cell_00818,30,35,12.92166039558441,77.63430458586967,1708.0025531053543,Residential,buildings,4.2,34.5657,overture_buildings,892.7,5872.9
ghsl_9558_cell_00819,31,35,12.921660395584407,77.64444159763255,861.2855798519449,Residential,buildings,40.1,16.0372,overture_buildings,880.3,5382.1
ghsl_9558_cell_00820,32,35,12.921660395584412,77.65457860939541,9409.359660684422,Residential,buildings,3.1,12.9569,overture_buildings,889.8,4538.2
ghsl_9558_cell_00821,33,35,12.921660395584409,77.66471562115828,694.8252962324768,Residential,buildings,2.9,15.6704,overture_buildings,893.1,3783.7
ghsl_9558_cell_00822,34,35,12.92166039558441,77.67485263292114,1401.7474648337811,Residential,buildings,0.3,28.4521,overture_buildings,875.3,2702.7
ghsl_9558_cell_00823,35,35,12.921660395584407,77.68498964468397,493.559753715992,Office,buildings,34.3,29.4358,overture_buildings,871.0,1621.7
ghsl_9558_cell_00824,36,35,12.92166039558441,77.69512665644685,499.4531203873921,Residential,buildings,3.4,27.5762,overture_buildings,889.7,540.7
ghsl_9558_cell_00825,15,36,12.913492986305487,77.48068457996449,1353.836939980276,Utility,buildings,1.9,22.7475,overture_buildings,805.7,540.4
ghsl_9558_cell_00826,16,36,12.913492986305487,77.4908213870005,589.2823543237755,Residential,buildings,3.3,13.983,overture_buildings,784.1,451.8
ghsl_9558_cell_00827,17,36,12.913492986305487,77.50095819403656,760.1002410110086,Residential,buildings,1.4,14.0415,overture_buildings,808.7,451.8
ghsl_9558_cell_00828,18,36,12.913492986305489,77.51109500107259,1215.6933445334435,Residential,buildings,1.5,21.8986,overture_buildings,818.9,779.3
ghsl_9558_cell_00829,19,36,12.913492986305487,77.52123180810862,1522.0015729665756,Residential,buildings,3.5,24.4649,overture_buildings,832.2,1355.3
ghsl_9558_cell_00830,20,36,12.913492986305487,77.53136861514467,751.5043743469287,Residential,buildings,0.1,10.7311,overture_buildings,848.1,1355.3
ghsl_9558_cell_00831,21,36,12.913492986305487,77.5415054221807,1812.6847965717316,Residential,buildings,0.9,30.692,overture_buildings,868.5,1576.2
ghsl_9558_cell_00832,22,36,12.913492986305487,77.55164222921674,2240.930980205536,Civic,buildings,1.7,36.3054,overture_buildings,883.6,2337.8
ghsl_9558_cell_00833,23,36,12.913492986305487,77.56177903625277,1976.9318239688873,Residential,buildings,1.2,32.8879,overture_buildings,901.5,3067.0
ghsl_9558_cell_00834,24,36,12.913492986305487,77.57191584328882,1820.745761424303,Residential,buildings,4.5,28.4264,overture_buildings,915.3,3896.3
ghsl_9558_cell_00835,25,36,12.913492986305487,77.58205265032487,1711.1587308347225,Residential,buildings,3.2,30.609,overture_buildings,928.4,4834.9
ghsl_9558_cell_00836,26,36,12.913492986305487,77.59218945736092,1924.5988855361938,Commercial,buildings,1.3,37.9187,overture_buildings,906.7,5762.1
ghsl_9558_cell_00837,27,36,12.913492986305487,77.60232626439695,2019.4529144763947,Residential,buildings,5.3,39.3982,overture_buildings,913.4,5291.0
ghsl_9558_cell_00838,28,36,12.913492986305485,77.61246307143296,1721.467154081678,Residential,buildings,9.7,33.2676,overture_buildings,904.0,5020.7
ghsl_9558_cell_00839,29,36,12.913492986305487,77.62259987846902,1639.2084262520075,Residential,buildings,1.4,25.9327,overture_buildings,892.1,4969.4
ghsl_9558_cell_00840,30,36,12.913492986305487,77.63273668550505,1919.2692932486534,Commercial,buildings,5.8,31.6117,overture_buildings,879.6,4969.3
ghsl_9558_cell_00841,31,36,12.913492986305487,77.6428734925411,1597.4580578804016,Residential,buildings,9.2,29.7902,overture_buildings,883.5,4984.2
ghsl_9558_cell_00842,32,36,12.913492986305487,77.65301029957712,1152.3084134602686,Residential,buildings,3.0,20.7903,overture_buildings,900.8,4103.0
ghsl_9558_cell_00843,33,36,12.913492986305487,77.66314710661317,503.95797766256146,Residential,buildings,0.8,11.2464,overture_buildings,885.5,3241.7
ghsl_9558_cell_00844,34,36,12.913492986305487,77.67328391364921,961.3196004856145,Residential,buildings,23.1,19.7332,overture_buildings,878.6,2569.6
ghsl_9558_cell_00845,35,36,12.913492986305487,77.68342072068523,1014.4388726409525,Residential,buildings,3.1,19.7586,overture_buildings,877.5,1621.6
ghsl_9558_cell_00846,36,36,12.913492986305487,77.69355752772128,324.0840205954155,Residential,buildings,10.9,15.547,overture_buildings,886.4,540.6
ghsl_9558_cell_00847,15,37,12.905325679066225,77.4791208281519,456.8079542897176,Utility,buildings,0.0,15.7558,overture_buildings,777.4,451.8
ghsl_9558_cell_00848,18,37,12.905325679066223,77.5095306355025,1119.3573860526085,Residential,buildings,2.9,20.3686,overture_buildings,809.4,451.7
ghsl_9558_cell_00849,19,37,12.905325679066227,77.51966723795272,1206.7690210975707,Commercial,buildings,0.3,20.8629,overture_buildings,829.4,451.7
ghsl_9558_cell_00850,20,37,12.905325679066223,77.52980384040292,821.3035640455782,Residential,buildings,3.4,14.2694,overture_buildings,867.7,451.7
ghsl_9558_cell_00851,21,37,12.905325679066225,77.53994044285314,1331.7854080498219,Residential,buildings,0.6,23.2288,overture_buildings,845.2,779.3
ghsl_9558_cell_00852,22,37,12.905325679066225,77.55007704530334,1761.678303644061,Residential,buildings,13.7,27.6165,overture_buildings,860.9,1576.2
ghsl_9558_cell_00853,23,37,12.905325679066225,77.56021364775353,1884.2538232132792,Civic,buildings,5.4,34.9108,overture_buildings,879.7,2337.7
ghsl_9558_cell_00854,24,37,12.905325679066223,77.57035025020375,2368.020350456238,Residential,buildings,1.4,32.9588,overture_buildings,892.6,3296.4
ghsl_9558_cell_00855,25,37,12.905325679066225,77.58048685265395,2017.904023885727,Residential,buildings,4.1,35.9467,overture_buildings,914.5,4322.9
ghsl_9558_cell_00856,26,37,12.905325679066227,77.59062345510416,1967.034049987793,Residential,buildings,3.6,38.2326,overture_buildings,904.1,5104.8
ghsl_9558_cell_00857,27,37,12.905325679066225,77.60076005755438,2705.1333422660828,Residential,buildings,5.4,37.2895,overture_buildings,896.5,4525.2
ghsl_9558_cell_00858,28,37,12.905325679066225,77.61089666000456,1286.8145203713793,Residential,buildings,0.6,20.2218,overture_buildings,892.4,4161.3
ghsl_9558_cell_00859,29,37,12.905325679066227,77.62103326245477,1302.2907356051728,Industrial,buildings,0.7,26.3501,overture_buildings,900.3,4065.8
ghsl_9558_cell_00860,30,37,12.905325679066223,77.63116986490498,2639.9960527420044,Residential,buildings,0.7,35.8798,overture_buildings,886.0,4065.8
ghsl_9558_cell_00861,31,37,12.905325679066225,77.64130646735521,1882.128744840622,Residential,buildings,7.1,28.6008,overture_buildings,894.2,4071.4
ghsl_9558_cell_00862,32,37,12.905325679066225,77.6514430698054,1211.0708620245568,Residential,buildings,1.2,17.537,overture_buildings,904.3,3842.3
ghsl_9558_cell_00863,33,37,12.905325679066223,77.6615796722556,420.88254461833276,Residential,buildings,2.0,7.7623,overture_buildings,894.3,2839.5
ghsl_9558_cell_00864,34,37,12.905325679066225,77.6717162747058,583.904479312012,Residential,buildings,2.6,16.3077,overture_buildings,891.5,1945.0
ghsl_9558_cell_00865,35,37,12.905325679066227,77.681852877156,724.1434584287927,Residential,buildings,1.1,29.0453,overture_buildings,890.7,1387.0
ghsl_9558_cell_00866,36,37,12.905325679066225,77.6919894796062,441.8718200363219,Residential,buildings,1.4,18.5689,overture_buildings,882.0,648.3
ghsl_9558_cell_00867,37,37,12.905325679066223,77.70212608205642,268.93906438938575,Residential,buildings,3.0,17.9752,overture_buildings,901.3,451.8
ghsl_9558_cell_00868,21,38,12.897158473797598,77.53837654183296,818.11279758811,Residential,buildings,3.2,16.4468,overture_buildings,852.0,451.8
ghsl_9558_cell_00869,22,38,12.8971584737976,77.54851293983832,1169.1992371827364,Civic,buildings,1.4,18.6495,overture_buildings,866.7,779.2
ghsl_9558_cell_00870,23,38,12.8971584737976,77.55864933784365,1560.3554673790932,Civic,buildings,3.8,28.9262,overture_buildings,883.1,1792.9
ghsl_9558_cell_00871,24,38,12.897158473797601,77.56878573584899,1896.6925212144852,Utility,buildings,3.0,35.8799,overture_buildings,895.0,2870.9
ghsl_9558_cell_00872,25,38,12.8971584737976,77.57892213385432,1706.5968829969643,Residential,buildings,28.8,28.0377,overture_buildings,899.3,3877.3
ghsl_9558_cell_00873,26,38,12.8971584737976,77.58905853185966,1786.1803958790842,Residential,buildings,0.1,29.0086,overture_buildings,909.1,4272.5
ghsl_9558_cell_00874,27,38,12.897158473797598,77.59919492986499,1742.9864103064174,Civic,buildings,1.4,25.9876,overture_buildings,895.9,3827.6
ghsl_9558_cell_00875,28,38,12.8971584737976,77.60933132787034,2019.5392054838594,Residential,buildings,2.5,27.798,overture_buildings,892.2,3334.1
ghsl_9558_cell_00876,29,38,12.897158473797598,77.61946772587568,2095.911117076874,Industrial,buildings,0.4,26.8635,overture_buildings,909.5,3162.3
ghsl_9558_cell_00877,30,38,12.897158473797601,77.62960412388101,1986.830701828003,Office,buildings,0.3,28.7637,overture_buildings,889.2,3162.3
ghsl_9558_cell_00878,31,38,12.8971584737976,77.63974052188634,1584.5220360346138,Residential,buildings,2.9,24.8529,overture_buildings,894.9,3162.6
ghsl_9558_cell_00879,32,38,12.8971584737976,77.64987691989168,1432.0434231869876,Residential,buildings,8.0,22.9987,overture_buildings,910.3,3362.9
ghsl_9558_cell_00880,33,38,12.897158473797603,77.66001331789704,1053.0621617423603,Residential,buildings,3.2,19.228,overture_buildings,890.5,2702.9
ghsl_9558_cell_00881,34,38,12.897158473797596,77.67014971590235,781.4614098221064,Residential,buildings,2.6,18.1075,overture_buildings,894.3,1629.1
ghsl_9558_cell_00882,35,38,12.897158473797598,77.68028611390768,413.2296003312804,Residential,buildings,0.8,17.0999,overture_buildings,900.5,648.4
ghsl_9558_cell_00883,36,38,12.8971584737976,77.69042251191306,121.72301582974615,Residential,buildings,3.8,8.2217,overture_buildings,884.1,451.8
ghsl_9558_cell_00884,22,39,12.88899137043061,77.54694991263352,1888.0378715097904,Residential,buildings,5.7,19.9777,overture_buildings,872.4,540.6
ghsl_9558_cell_00885,23,39,12.888991370430608,77.55708610633494,1639.3244806677103,Commercial,buildings,1.5,29.104,overture_buildings,893.4,1621.8
ghsl_9558_cell_00886,24,39,12.888991370430608,77.56722230003635,1323.4190425816923,Residential,buildings,2.8,30.1928,overture_buildings,913.2,2459.7
ghsl_9558_cell_00887,25,39,12.888991370430608,77.57735849373776,2363.542948950082,Residential,buildings,3.6,31.6233,overture_buildings,913.9,3066.5
ghsl_9558_cell_00888,26,39,12.888991370430608,77.58749468743918,2426.773871641606,Residential,buildings,2.9,25.4946,overture_buildings,909.2,3362.5
ghsl_9558_cell_00889,27,39,12.888991370430608,77.59763088114059,2108.786889195442,Residential,buildings,1.4,34.6204,overture_buildings,912.9,3242.5
ghsl_9558_cell_00890,28,39,12.888991370430608,77.60776707484196,1910.25754737854,Residential,buildings,4.6,27.9129,overture_buildings,902.6,2570.1
ghsl_9558_cell_00891,29,39,12.88899137043061,77.61790326854339,1667.0898730549961,Residential,buildings,1.0,26.1775,overture_buildings,906.0,2262.3
ghsl_9558_cell_00892,30,39,12.888991370430608,77.6280394622448,1476.3127794265747,Residential,buildings,0.0,25.0822,overture_buildings,888.0,2258.7
ghsl_9558_cell_00893,31,39,12.888991370430611,77.63817565594621,7160.3744043945335,Residential,buildings,0.4,26.4219,overture_buildings,903.6,2258.8
ghsl_9558_cell_00894,32,39,12.888991370430608,77.64831184964763,15589.970012068748,Residential,buildings,0.6,25.5199,overture_buildings,911.6,2459.9
ghsl_9558_cell_00895,33,39,12.888991370430608,77.65844804334903,8366.104580437765,Residential,buildings,0.2,16.8315,overture_buildings,902.6,2703.0
ghsl_9558_cell_00896,34,39,12.888991370430611,77.66858423705044,2380.6417983293068,Residential,buildings,1.3,9.9268,overture_buildings,899.0,1621.8
ghsl_9558_cell_00897,35,39,12.888991370430608,77.67872043075184,3585.1984322306816,Residential,buildings,3.3,14.6264,overture_buildings,902.8,540.6
ghsl_9558_cell_00898,22,40,12.880824368896244,77.54538796350104,1118.71760266833,Residential,buildings,3.8,18.4089,overture_buildings,891.5,540.6
ghsl_9558_cell_00899,23,40,12.880824368896244,77.55552395303945,989.2189599126577,Utility,buildings,4.2,15.0646,overture_buildings,892.1,1355.2
ghsl_9558_cell_00900,24,40,12.880824368896244,77.56565994257784,1171.2290777908638,Residential,buildings,1.1,18.3471,overture_buildings,904.0,1575.9
ghsl_9558_cell_00901,25,40,12.880824368896244,77.57579593211625,1424.6932884454727,Residential,buildings,0.0,25.329,overture_buildings,927.6,2258.7
ghsl_9558_cell_00902,26,40,12.880824368896244,77.58593192165465,1438.0782744463068,Industrial,buildings,2.6,25.6388,overture_buildings,925.8,2459.6
ghsl_9558_cell_00903,27,40,12.880824368896244,77.59606791119303,1611.0632599070668,Industrial,buildings,24.3,22.8211,overture_buildings,904.0,2570.3
ghsl_9558_cell_00904,28,40,12.880824368896244,77.60620390073142,1685.6638486385345,Residential,buildings,2.7,26.8736,overture_buildings,896.5,1945.6
ghsl_9558_cell_00905,29,40,12.880824368896244,77.61633989026981,1516.0403686761856,Residential,buildings,1.0,23.7661,overture_buildings,909.1,1387.1
ghsl_9558_cell_00906,30,40,12.880824368896246,77.62647587980823,1169.4711449295282,Civic,buildings,1.2,21.7104,overture_buildings,894.3,1355.2
ghsl_9558_cell_00907,31,40,12.880824368896244,77.63661186934664,1806.7597580575384,Residential,buildings,0.9,16.752,overture_buildings,903.1,1355.2
ghsl_9558_cell_00908,32,40,12.880824368896244,77.64674785888502,7836.749168395996,Residential,buildings,0.3,20.3807,overture_buildings,903.8,1576.0
ghsl_9558_cell_00909,33,40,12.880824368896244,77.6568838484234,3048.2577860960737,Residential,buildings,0.8,14.5296,overture_buildings,919.3,2337.6
ghsl_9558_cell_00910,34,40,12.880824368896244,77.66701983796179,2899.2119714114815,Residential,buildings,2.8,11.7436,overture_buildings,909.0,1621.9
ghsl_9558_cell_00911,35,40,12.880824368896244,77.67715582750019,7576.127533573657,Residential,buildings,1.7,19.5903,overture_buildings,909.5,540.7
ghsl_9558_cell_00912,21,41,12.87265746912552,77.53369130673678,1012.0828852746636,Utility,buildings,3.2,14.8645,overture_buildings,874.8,451.7
ghsl_9558_cell_00913,22,41,12.87265746912552,77.54382709225305,855.8068283647299,Residential,buildings,0.8,12.7365,overture_buildings,886.9,451.7
ghsl_9558_cell_00914,23,41,12.87265746912552,77.55396287776932,279.08852364833,Residential,buildings,1.5,6.0837,overture_buildings,890.9,451.7
ghsl_9558_cell_00915,24,41,12.872657469125517,77.56409866328559,859.2635492507834,Industrial,buildings,0.5,15.8797,overture_buildings,921.8,779.1
ghsl_9558_cell_00916,25,41,12.87265746912552,77.57423444880187,1136.5759137002751,Residential,buildings,1.8,17.9439,overture_buildings,926.4,1355.2
ghsl_9558_cell_00917,26,41,12.872657469125521,77.58437023431816,1096.3710816302337,Residential,buildings,8.5,24.09,overture_buildings,937.9,1575.8
ghsl_9558_cell_00918,27,41,12.872657469125517,77.59450601983443,1530.4683627858758,Residential,buildings,4.8,17.536,overture_buildings,922.0,1945.7
ghsl_9558_cell_00919,28,41,12.87265746912552,77.60464180535072,714.6104549067095,Residential,buildings,0.3,10.0677,overture_buildings,897.5,1387.2
ghsl_9558_cell_00920,29,41,12.87265746912552,77.61477759086696,956.0168583057821,Residential,buildings,2.0,19.2143,overture_buildings,900.4,648.5
ghsl_9558_cell_00921,30,41,12.87265746912552,77.62491337638323,678.6606022268534,Residential,buildings,0.8,14.341,overture_buildings,912.0,451.7
ghsl_9558_cell_00922,31,41,12.87265746912552,77.63504916189953,688.768899879884,Residential,buildings,7.3,10.5145,overture_buildings,898.5,451.7
ghsl_9558_cell_00923,32,41,12.872657469125517,77.64518494741579,1156.3126788747031,Residential,buildings,1.6,15.3589,overture_buildings,916.6,779.2
ghsl_9558_cell_00924,33,41,12.87265746912552,77.65532073293207,1316.1373450290412,Residential,buildings,0.6,21.6084,overture_buildings,919.5,1576.0
ghsl_9558_cell_00925,34,41,12.87265746912552,77.66545651844834,1962.8037529826397,Industrial,buildings,0.2,19.5013,overture_buildings,924.5,1621.9
ghsl_9558_cell_00926,35,41,12.87265746912552,77.67559230396462,5208.015818178654,Residential,buildings,0.0,11.5324,overture_buildings,908.1,540.7
ghsl_9558_cell_00927,24,42,12.864490671049452,77.56253846197194,613.146510771825,Residential,buildings,2.2,12.5808,overture_buildings,901.0,451.7
ghsl_9558_cell_00928,25,42,12.864490671049452,77.57267404360694,663.8375638574362,Residential,buildings,0.0,13.3762,overture_buildings,924.5,451.7
ghsl_9558_cell_00929,26,42,12.864490671049452,77.58280962524198,865.4858706742525,Residential,buildings,1.5,15.0617,overture_buildings,933.3,779.1
ghsl_9558_cell_00930,27,42,12.864490671049452,77.592945206877,1866.2370553553337,Residential,buildings,1.8,20.8995,overture_buildings,916.6,1575.8
ghsl_9558_cell_00931,28,42,12.864490671049452,77.60308078851202,984.2829055758193,Residential,buildings,1.8,16.5149,overture_buildings,904.7,648.6
ghsl_9558_cell_00932,29,42,12.864490671049452,77.61321637014703,591.2962084747851,Residential,buildings,5.0,14.1445,overture_buildings,919.4,451.7
ghsl_9558_cell_00933,32,42,12.864490671049454,77.6436231150521,324.71854607760906,Residential,buildings,3.0,6.7276,overture_buildings,912.6,451.7
ghsl_9558_cell_00934,33,42,12.864490671049452,77.65375869668709,1636.473330674693,Residential,buildings,0.1,20.9837,overture_buildings,927.9,779.1
ghsl_9558_cell_00935,34,42,12.864490671049452,77.6638942783221,758.0272515993565,Residential,buildings,11.6,17.8378,overture_buildings,913.6,1792.8
ghsl_9558_cell_00936,35,42,12.864490671049452,77.6740298599571,551.4535037474707,Residential,land_use,1.2,10.7337,overture_buildings,907.5,779.2
ghsl_9558_cell_00937,36,42,12.864490671049452,77.68416544159214,1735.6691451594234,Residential,buildings,0.0,10.0446,overture_buildings,917.2,451.7
ghsl_9558_cell_00938,26,43,12.85632397459907,77.58125009423847,884.7811143547297,Civic,buildings,0.9,14.9968,overture_buildings,944.5,451.7
ghsl_9558_cell_00939,27,43,12.856323974599073,77.59138547213308,1457.7116305610398,Residential,buildings,1.3,16.3971,overture_buildings,914.1,779.0
ghsl_9558_cell_00940,28,43,12.85632397459907,77.60152085002767,449.208590208902,Residential,buildings,2.8,10.6828,overture_buildings,909.7,540.7
ghsl_9558_cell_00941,33,43,12.85632397459907,77.6521977395007,403.689045984298,Residential,buildings,22.6,8.6853,overture_buildings,920.2,540.6
ghsl_9558_cell_00942,34,43,12.85632397459907,77.6623331173953,764.1063677906059,Utility,buildings,10.3,13.2255,overture_buildings,910.3,1622.0
ghsl_9558_cell_00943,35,43,12.856323974599071,77.6724684952899,1012.7554088283796,Residential,buildings,0.5,17.5875,overture_buildings,909.8,1575.9
ghsl_9558_cell_00944,36,43,12.856323974599073,77.68260387318452,1461.919811568223,Residential,buildings,0.9,10.7429,overture_buildings,922.2,540.7
ghsl_9558_cell_00945,27,44,12.848157379705414,77.58982681541521,615.55874215113,Civic,buildings,1.6,12.4697,overture_buildings,919.2,451.7
ghsl_9558_cell_00946,28,44,12.848157379705414,77.5999619897102,546.0455966889858,Civic,buildings,0.6,12.1202,overture_buildings,928.0,451.7
ghsl_9558_cell_00947,33,44,12.848157379705412,77.65063786118522,1651.2145301550627,Residential,buildings,0.3,26.253,overture_buildings,930.8,540.5
ghsl_9558_cell_00948,34,44,12.848157379705414,77.66077303548026,1327.0907620191574,Office,buildings,0.6,26.6016,overture_buildings,934.1,1621.9
ghsl_9558_cell_00949,35,44,12.848157379705412,77.67090820977522,1118.5029684379697,Office,buildings,1.6,23.9963,overture_buildings,925.3,1792.8
ghsl_9558_cell_00950,36,44,12.84815737970541,77.68104338407024,8534.328519999981,Office,buildings,0.0,25.2147,overture_buildings,931.6,779.1
ghsl_9558_cell_00951,37,44,12.848157379705414,77.69117855836525,2765.969457782805,Residential,buildings,0.0,8.4058,overture_buildings,916.2,451.7
ghsl_9558_cell_00952,33,45,12.839990886299526,77.64907906155324,1465.674042955041,Residential,buildings,2.4,26.1494,overture_buildings,930.4,540.5
ghsl_9558_cell_00953,34,45,12.839990886299528,77.65921403238943,4669.936578840367,Office,buildings,3.2,26.6102,overture_buildings,944.6,1575.6
ghsl_9558_cell_00954,35,45,12.839990886299528,77.66934900322562,5052.192250289023,Commercial,buildings,1.8,18.619,overture_buildings,921.5,2337.0
ghsl_9558_cell_00955,36,45,12.83999088629953,77.67948397406184,5046.653067134321,Office,buildings,7.3,21.3651,overture_buildings,918.9,1575.8
ghsl_9558_cell_00956,37,45,12.839990886299525,77.68961894489803,5380.664673060179,Residential,buildings,0.3,12.5279,overture_buildings,920.7,779.1
ghsl_9558_cell_00957,38,45,12.839990886299528,77.69975391573422,2788.0022402256727,Residential,buildings,10.6,9.9511,overture_buildings,913.1,451.7
ghsl_9558_cell_00958,33,46,12.83182449431247,77.64752134041734,1869.6709884665906,Residential,land_use,0.0,7.761,overture_buildings,931.8,451.7
ghsl_9558_cell_00959,34,46,12.831824494312468,77.65765610793551,3449.7219963772222,Residential,buildings,2.0,15.0975,overture_buildings,922.8,779.0
ghsl_9558_cell_00960,35,46,12.831824494312468,77.66779087545368,6747.493301182985,Residential,buildings,2.0,17.4498,overture_buildings,921.1,1575.5
ghsl_9558_cell_00961,36,46,12.83182449431247,77.67792564297184,9322.447248350829,Industrial,buildings,6.4,18.5486,overture_buildings,916.3,2336.9
ghsl_9558_cell_00962,37,46,12.831824494312468,77.68806041049,13653.203583955765,Residential,buildings,0.0,22.4344,overture_buildings,908.8,1575.7
ghsl_9558_cell_00963,38,46,12.831824494312468,77.69819517800818,7886.838262438774,Residential,buildings,1.6,14.1826,overture_buildings,897.9,540.8
ghsl_9558_cell_00964,34,47,12.823658203675299,77.65609926193126,2993.4045261256397,Residential,buildings,6.9,17.0045,overture_buildings,929.0,451.7
ghsl_9558_cell_00965,35,47,12.8236582036753,77.66623382627215,7994.282584258355,Residential,buildings,3.5,20.3478,overture_buildings,912.3,778.9
ghsl_9558_cell_00966,36,47,12.823658203675299,77.67636839061299,10815.450016975403,Industrial,buildings,0.7,33.5531,overture_buildings,917.7,1792.7
ghsl_9558_cell_00967,37,47,12.8236582036753,77.6865029549539,9090.381101911888,Industrial,buildings,7.8,21.8375,overture_buildings,905.9,1622.2
ghsl_9558_cell_00968,38,47,12.823658203675302,77.69663751929477,2005.8762568179518,Industrial,buildings,16.4,7.957,overture_buildings,885.3,540.8
ghsl_9558_cell_00969,35,48,12.815492014319108,77.66467785549396,5759.923901841044,Industrial,buildings,0.6,24.3634,overture_buildings,915.8,540.7
ghsl_9558_cell_00970,36,48,12.815492014319107,77.67481221679826,8035.666076660156,Industrial,buildings,0.0,35.1865,overture_buildings,935.4,1622.2
ghsl_9558_cell_00971,37,48,12.815492014319108,77.68494657810254,7857.458698272705,Industrial,buildings,0.0,37.4598,overture_buildings,906.9,1792.6
ghsl_9558_cell_00972,38,48,12.815492014319105,77.69508093940686,6516.721527099609,Industrial,buildings,0.0,24.1636,overture_buildings,901.9,778.9
ghsl_9558_cell_00973,39,48,12.815492014319108,77.70521530071116,1856.9399530943483,Residential,buildings,18.2,8.6165,overture_buildings,886.5,451.7
ghsl_9558_cell_00974,35,49,12.807325926174968,77.66312296293219,6643.804642096162,Industrial,buildings,0.0,24.5178,overture_buildings,913.7,540.7
ghsl_9558_cell_00975,36,49,12.807325926174967,77.6732571213406,5595.501030296087,Residential,land_use,1.0,14.7888,overture_buildings,906.7,1387.3
ghsl_9558_cell_00976,37,49,12.807325926174968,77.68339127974903,6240.013847161084,Industrial,buildings,0.2,22.2501,overture_buildings,903.7,1355.1
ghsl_9558_cell_00977,38,49,12.807325926174967,77.69352543815745,3159.5368746053427,Industrial,buildings,5.4,15.5395,overture_buildings,882.8,1355.1
ghsl_9558_cell_00978,39,49,12.807325926174968,77.70365959656588,2221.0642223302275,Industrial,land_use,5.2,9.7669,overture_buildings,877.5,778.9
ghsl_9558_cell_00979,40,49,12.807325926174968,77.71379375497429,1511.9231941513717,Residential,buildings,0.2,5.1614,overture_buildings,874.1,451.7
ghsl_9558_cell_00980,34,50,12.799159939173983,77.65143519274685,1627.9001333229244,Residential,land_use,0.8,7.0658,overture_buildings,909.3,451.7
ghsl_9558_cell_00981,35,50,12.799159939173984,77.66156914840006,6655.984327994287,Industrial,buildings,0.6,29.7426,overture_buildings,914.0,648.8
ghsl_9558_cell_00982,36,50,12.799159939173983,77.67170310405325,1698.9174642683938,Residential,land_use,1.7,4.5308,overture_buildings,912.3,648.8
ghsl_9558_cell_00983,37,50,12.799159939173984,77.68183705970648,1834.7201309492812,Residential,buildings,15.2,8.5906,overture_buildings,892.0,451.7
ghsl_9558_cell_00984,38,50,12.799159939173983,77.6919710153597,3358.905371516943,Industrial,land_use,0.0,9.1456,overture_buildings,887.3,451.7
ghsl_9558_cell_00985,39,50,12.799159939173984,77.70210497101291,8876.977542117238,Residential,buildings,0.7,15.6714,overture_buildings,881.6,778.9
ghsl_9558_cell_00986,40,50,12.799159939173983,77.71223892666612,7469.438755258918,Residential,buildings,3.9,13.9607,overture_buildings,894.8,540.9
ghsl_9558_cell_00987,31,51,12.790994053247255,77.6194813995563,4951.620425106026,Residential,buildings,0.5,11.4953,overture_buildings,907.7,451.7
ghsl_9558_cell_00988,32,51,12.790994053247253,77.62961515259497,2134.5079925358295,Residential,heuristic,0.0,8.2317,overture_buildings,896.3,451.7
ghsl_9558_cell_00989,33,51,12.790994053247253,77.63974890563362,1406.4651626572013,Residential,heuristic,0.0,4.1461,overture_buildings,891.3,451.7
ghsl_9558_cell_00990,34,51,12.790994053247259,77.64988265867227,2432.6424247669056,Commercial,land_use,0.0,10.1544,overture_buildings,895.0,648.9
ghsl_9558_cell_00991,35,51,12.790994053247255,77.6600164117109,6167.30945898965,Industrial,buildings,1.9,24.7824,overture_buildings,907.5,648.9
ghsl_9558_cell_00992,36,51,12.790994053247253,77.67015016474957,2250.567197469063,Residential,land_use,24.6,8.7317,overture_buildings,905.5,451.7
ghsl_9558_cell_00993,39,51,12.790994053247255,77.70055142386553,8497.224521681666,Residential,buildings,3.9,14.9696,overture_buildings,907.6,451.7
ghsl_9558_cell_00994,40,51,12.790994053247257,77.71068517690416,3401.2838631905615,Residential,buildings,0.0,8.2855,overture_buildings,902.8,451.7
ghsl_9558_cell_00995,31,52,12.782828268325897,77.61793055041942,2303.872304050252,Commercial,buildings,0.0,6.8883,overture_buildings,910.8,451.7
ghsl_9558_cell_00996,32,52,12.782828268325897,77.62806410098413,3667.1023543402553,Industrial,land_use,0.0,19.2588,overture_buildings,915.2,778.7
ghsl_9558_cell_00997,33,52,12.782828268325899,77.63819765154885,7611.503394246101,Commercial,buildings,0.0,16.232,overture_buildings,900.8,1355.1
ghsl_9558_cell_00998,34,52,12.7828282683259,77.64833120211355,5402.282269969583,Industrial,land_use,0.0,26.3725,overture_buildings,890.3,1387.3
ghsl_9558_cell_00999,35,52,12.782828268325897,77.65846475267826,2657.129816904664,Residential,buildings,1.8,8.0489,overture_buildings,895.8,540.9
ghsl_9558_cell_01000,32,53,12.774662584341044,77.62651412642167,3745.1410092562437,Industrial,land_use,2.2,14.4418,overture_buildings,912.8,540.8
ghsl_9558_cell_01001,33,53,12.774662584341042,77.63664747465305,5655.617983818054,Industrial,land_use,0.0,29.0154,overture_buildings,918.1,1354.9
ghsl_9558_cell_01002,34,53,12.77466258434104,77.64678082288441,6604.097003638744,Industrial,land_use,0.0,23.3946,overture_buildings,904.2,1354.9
ghsl_9558_cell_01003,35,53,12.77466258434104,77.65691417111577,185.82342491671443,Residential,heuristic,0.0,0.9177,overture_buildings,885.0,540.9
ghsl_9558_cell_01004,32,54,12.766497001223815,77.62496522872149,1613.1580049097538,Civic,land_use,0.0,5.9347,overture_buildings,906.7,451.6
ghsl_9558_cell_01005,33,54,12.766497001223815,77.63509837476009,2993.243690157309,Industrial,land_use,0.0,11.6399,overture_buildings,903.2,451.6
ghsl_9558_cell_01006,34,54,12.766497001223815,77.64523152079869,4533.959140112624,Industrial,land_use,1.4,24.2769,overture_buildings,906.8,451.6
ghsl_9558_cell_01007,35,54,12.766497001223815,77.6553646668373,2806.481340520084,Residential,heuristic,0.0,7.9424,overture_buildings,895.2,451.6
