cell_id,x,y,centroid_lat,centroid_lon,population,type,type_source,green_cover_pct,elevation_m,dist_to_boundary_m
ghsl_5816_cell_00000,43,0,51.77920168226846,-0.006734004194715008,4032.4,Residential,buildings,31.1,37.1,464.8
ghsl_5816_cell_00001,42,1,51.769517534106235,-0.020199272541660027,2350.5,Utility,buildings,17.1,63.5,464.8
ghsl_5816_cell_00002,43,1,51.76951753410623,-0.006733090847220007,7123.0,Residential,buildings,10.9,37.4,711.5
ghsl_5816_cell_00003,44,1,51.76951753410623,0.006733090847220007,1438.7,Residential,buildings,22.0,29.9,464.8
ghsl_5816_cell_00004,42,2,51.75983415029584,-0.020196534065811882,2455.3,Residential,buildings,44.1,51.4,464.8
ghsl_5816_cell_00005,43,2,51.75983415029584,-0.006732178021937294,2686.3,Commercial,buildings,6.9,35.4,711.5
ghsl_5816_cell_00006,44,2,51.75983415029584,0.006732178021937294,522.0,Industrial,buildings,0.2,29.5,464.8
ghsl_5816_cell_00007,42,3,51.75015153046372,-0.020193797155293822,3202.9,Residential,buildings,8.6,47.4,464.9
ghsl_5816_cell_00008,43,3,51.75015153046371,-0.006731265718431274,1140.3,Residential,buildings,2.7,26.3,464.9
ghsl_5816_cell_00009,42,4,51.74046967423655,-0.020191061808800606,3407.6,Residential,buildings,19.7,33.4,464.9
ghsl_5816_cell_00010,41,5,51.730788581241384,-0.03364721337504755,157.3,Civic,buildings,100.0,36.4,464.9
ghsl_5816_cell_00011,42,5,51.73078858124138,-0.02018832802502853,4203.8,Residential,buildings,2.0,26.8,464.9
ghsl_5816_cell_00012,38,6,51.72110825110542,-0.07401385127647672,3260.8,Residential,buildings,9.3,87.9,465.0
ghsl_5816_cell_00013,39,6,51.72110825110542,-0.06055678740802642,3198.8,Residential,buildings,51.5,78.2,538.7
ghsl_5816_cell_00014,40,6,51.72110825110541,-0.0470997235395761,39.4,Green,land_use,100.0,44.3,538.6
ghsl_5816_cell_00015,41,6,51.72110825110542,-0.033642659671125785,3813.4,Commercial,buildings,8.8,32.5,711.6
ghsl_5816_cell_00016,42,6,51.721108251105406,-0.02018559580267547,2931.1,Residential,buildings,0.5,29.0,465.0
ghsl_5816_cell_00017,39,7,51.71142868345618,-0.0605485954213225,5065.6,Civic,buildings,20.1,45.0,465.0
ghsl_5816_cell_00018,40,7,51.711428683456184,-0.04709335199436195,4979.0,Residential,buildings,7.0,39.4,1395.0
ghsl_5816_cell_00019,41,7,51.71142868345618,-0.0336381085674014,7568.5,Residential,buildings,4.6,27.2,1395.0
ghsl_5816_cell_00020,42,7,51.711428683456184,-0.02018286514044084,635.5,Industrial,buildings,100.0,20.5,465.0
ghsl_5816_cell_00021,12,8,51.70174987792143,-0.42378285677753713,3592.5,Residential,buildings,13.6,117.5,465.0
ghsl_5816_cell_00022,13,8,51.70174987792143,-0.4103294327528534,4493.9,Residential,buildings,17.7,113.1,538.6
ghsl_5816_cell_00023,14,8,51.70174987792142,-0.39687600872816964,3236.0,Residential,buildings,22.4,94.1,465.0
ghsl_5816_cell_00024,39,8,51.701749877921415,-0.06054040811107673,1787.6,Residential,buildings,32.6,50.1,465.0
ghsl_5816_cell_00025,40,8,51.701749877921436,-0.04708698408639301,3540.4,Residential,buildings,23.7,35.0,711.3
ghsl_5816_cell_00026,41,8,51.70174987792142,-0.0336335600617093,6386.7,Residential,buildings,10.7,30.8,1495.3
ghsl_5816_cell_00027,42,8,51.70174987792143,-0.020180136037025575,819.6,Residential,buildings,5.2,27.2,711.4
ghsl_5816_cell_00028,43,8,51.70174987792143,-0.0067267120123418594,80.9,Civic,buildings,38.8,24.8,465.0
ghsl_5816_cell_00029,12,9,51.69207183412926,-0.42372557831377616,1378.2,Industrial,buildings,22.8,108.4,465.1
ghsl_5816_cell_00030,13,9,51.69207183412925,-0.41027397265302135,4129.2,Utility,buildings,9.5,95.6,1395.2
ghsl_5816_cell_00031,14,9,51.69207183412926,-0.39682236699226653,4956.5,Residential,buildings,14.1,96.8,710.2
ghsl_5816_cell_00032,15,9,51.69207183412926,-0.3833707613315117,4704.4,Residential,buildings,13.6,70.0,465.1
ghsl_5816_cell_00033,40,9,51.692071834129266,-0.04708061981264179,256.3,Office,buildings,18.7,28.9,465.1
ghsl_5816_cell_00034,41,9,51.692071834129266,-0.033629014151886995,6704.8,Residential,buildings,1.6,24.8,1395.2
ghsl_5816_cell_00035,42,9,51.69207183412927,-0.020177408491132198,997.7,Residential,buildings,18.3,19.5,1495.4
ghsl_5816_cell_00036,43,9,51.69207183412927,-0.006725802830377399,631.7,Civic,buildings,93.3,26.6,711.4
ghsl_5816_cell_00037,44,9,51.69207183412926,0.006725802830377399,2900.8,Residential,buildings,8.1,27.8,538.5
ghsl_5816_cell_00038,45,9,51.69207183412927,0.0201774084911322,2896.7,Residential,buildings,44.5,29.8,538.6
ghsl_5816_cell_00039,46,9,51.692071834129266,0.03362901415188699,1542.9,Residential,buildings,52.0,57.0,465.1
ghsl_5816_cell_00040,12,10,51.68239455170799,-0.4236683325307594,2939.5,Residential,buildings,5.6,102.4,465.1
ghsl_5816_cell_00041,13,10,51.68239455170799,-0.41021854419644954,4731.0,Residential,buildings,15.3,100.2,1395.3
ghsl_5816_cell_00042,14,10,51.68239455170799,-0.3967687558621398,4471.3,Residential,buildings,17.0,82.8,1395.3
ghsl_5816_cell_00043,15,10,51.68239455170799,-0.3833189675278299,5728.7,Residential,buildings,9.6,68.3,465.1
ghsl_5816_cell_00044,40,10,51.682394551708,-0.04707425917008438,3640.9,Residential,buildings,4.7,27.3,465.1
ghsl_5816_cell_00045,41,10,51.682394551708,-0.03362447083577456,5874.7,Residential,buildings,8.0,23.5,1395.3
ghsl_5816_cell_00046,42,10,51.68239455170799,-0.02017468250146473,2092.9,Industrial,buildings,2.8,20.5,1495.7
ghsl_5816_cell_00047,43,10,51.682394551707986,-0.00672489416715491,2244.8,Industrial,buildings,22.3,18.7,711.5
ghsl_5816_cell_00048,44,10,51.682394551707986,0.00672489416715491,3949.7,Residential,buildings,28.7,20.9,538.3
ghsl_5816_cell_00049,45,10,51.682394551707986,0.02017468250146473,3450.3,Residential,buildings,16.4,38.6,465.1
ghsl_5816_cell_00050,12,11,51.67271803028618,-0.4236111194013039,1573.1,Residential,buildings,42.7,67.3,465.1
ghsl_5816_cell_00051,13,11,51.672718030286184,-0.41016314735681814,4562.6,Residential,buildings,8.0,86.1,1395.4
ghsl_5816_cell_00052,14,11,51.672718030286184,-0.39671517531233225,9086.7,Residential,buildings,2.2,73.3,1395.4
ghsl_5816_cell_00053,15,11,51.672718030286184,-0.38326720326784636,3880.3,Residential,buildings,1.9,62.8,465.1
ghsl_5816_cell_00054,39,11,51.67271803028617,-0.06051587420018628,1028.7,Residential,buildings,50.8,26.5,465.2
ghsl_5816_cell_00055,40,11,51.67271803028619,-0.04706790215570044,6982.4,Residential,buildings,32.5,26.4,711.6
ghsl_5816_cell_00056,41,11,51.67271803028617,-0.0336199301112146,11986.5,Residential,buildings,0.6,18.7,1495.8
ghsl_5816_cell_00057,42,11,51.67271803028617,-0.020171958066728755,4883.2,Residential,buildings,23.2,19.6,711.5
ghsl_5816_cell_00058,43,11,51.67271803028617,-0.006723986022242919,867.3,Residential,buildings,86.9,23.1,465.2
ghsl_5816_cell_00059,11,12,51.663042269492735,-0.43700009568868015,74.6,Residential,buildings,81.2,72.5,465.2
ghsl_5816_cell_00060,12,12,51.66304226949272,-0.4235539388982591,1007.5,Residential,buildings,85.3,56.5,712.7
ghsl_5816_cell_00061,13,12,51.663042269492735,-0.4101077821078383,3817.4,Residential,buildings,5.8,75.4,1497.6
ghsl_5816_cell_00062,14,12,51.66304226949272,-0.39666162531741733,5274.1,Residential,buildings,2.4,65.8,1494.0
ghsl_5816_cell_00063,15,12,51.66304226949272,-0.38321546852699634,2353.4,Residential,buildings,80.3,55.3,710.2
ghsl_5816_cell_00064,16,12,51.663042269492735,-0.3697693117365755,1890.2,Civic,buildings,33.4,62.5,465.2
ghsl_5816_cell_00065,36,12,51.66304226949272,-0.10084617592815696,5040.4,Residential,buildings,16.2,64.2,465.2
ghsl_5816_cell_00066,37,12,51.66304226949273,-0.087400019137736,9955.5,Residential,buildings,7.5,39.0,538.4
ghsl_5816_cell_00067,38,12,51.66304226949273,-0.0739538623473151,8907.0,Residential,buildings,12.2,35.2,538.3
ghsl_5816_cell_00068,39,12,51.663042269492735,-0.060507705556894165,7973.8,Residential,buildings,6.8,29.1,711.6
ghsl_5816_cell_00069,40,12,51.66304226949273,-0.047061548766473234,11759.6,Residential,buildings,11.4,23.6,1496.0
ghsl_5816_cell_00070,41,12,51.66304226949273,-0.03361539197605232,7232.2,Residential,buildings,22.8,17.6,1395.6
ghsl_5816_cell_00071,42,12,51.66304226949273,-0.02016923518563139,1820.1,Industrial,buildings,12.9,15.8,465.2
ghsl_5816_cell_00072,49,12,51.66304226949273,0.07395386234731509,1714.1,Civic,buildings,17.5,84.4,465.2
ghsl_5816_cell_00073,10,13,51.65336726895675,-0.45038547613701496,3221.9,Residential,buildings,37.5,81.0,465.2
ghsl_5816_cell_00074,11,13,51.65336726895675,-0.4369411335657609,4686.0,Residential,buildings,13.7,69.2,712.7
ghsl_5816_cell_00075,12,13,51.65336726895675,-0.4234967909945067,4269.4,Residential,buildings,13.5,55.0,1497.7
ghsl_5816_cell_00076,13,13,51.65336726895675,-0.41005244842325256,9755.1,Residential,buildings,15.4,71.1,2138.1
ghsl_5816_cell_00077,14,13,51.65336726895675,-0.3966081058519984,6709.4,Residential,buildings,10.6,70.7,2130.7
ghsl_5816_cell_00078,15,13,51.65336726895675,-0.3831637632807441,3855.1,Residential,buildings,4.7,57.4,1494.2
ghsl_5816_cell_00079,16,13,51.65336726895675,-0.36971942070948993,1215.6,Residential,buildings,58.2,79.0,710.3
ghsl_5816_cell_00080,17,13,51.65336726895675,-0.35627507813823583,2467.9,Residential,buildings,44.9,82.9,465.2
ghsl_5816_cell_00081,27,13,51.65336726895674,-0.22183165242569397,2028.6,Residential,buildings,39.5,128.5,465.2
ghsl_5816_cell_00082,28,13,51.65336726895675,-0.20838730985443987,6481.9,Residential,buildings,8.3,137.2,538.8
ghsl_5816_cell_00083,29,13,51.653367268956735,-0.19494296728318558,4245.3,Residential,buildings,38.4,108.9,538.9
ghsl_5816_cell_00084,30,13,51.65336726895675,-0.1814986247119314,7183.1,Residential,buildings,13.7,70.3,538.9
ghsl_5816_cell_00085,31,13,51.65336726895675,-0.16805428214067727,4696.4,Civic,buildings,16.1,58.4,538.8
ghsl_5816_cell_00086,32,13,51.653367268956735,-0.15460993956942307,3394.0,Residential,buildings,33.9,101.0,465.2
ghsl_5816_cell_00087,35,13,51.653367268956735,-0.11427691185566051,2425.5,Residential,buildings,48.0,50.5,465.2
ghsl_5816_cell_00088,36,13,51.65336726895674,-0.10083256928440633,4719.5,Residential,buildings,51.0,50.9,711.7
ghsl_5816_cell_00089,37,13,51.65336726895675,-0.08738822671315218,4942.4,Residential,buildings,17.4,33.0,1496.2
ghsl_5816_cell_00090,38,13,51.653367268956735,-0.07394388414189798,7555.2,Residential,buildings,16.2,32.9,1614.8
ghsl_5816_cell_00091,39,13,51.65336726895674,-0.06049954157064382,1822.7,Commercial,buildings,60.9,25.8,1680.6
ghsl_5816_cell_00092,40,13,51.65336726895674,-0.04705519899938963,6392.8,Residential,buildings,30.1,19.9,2134.7
ghsl_5816_cell_00093,41,13,51.65336726895674,-0.033610856428135445,5158.0,Residential,buildings,7.0,17.3,1395.7
ghsl_5816_cell_00094,42,13,51.65336726895674,-0.020166513856881275,221.2,Industrial,buildings,0.0,14.7,465.2
ghsl_5816_cell_00095,48,13,51.65336726895674,0.06049954157064382,3408.6,Residential,buildings,7.6,59.8,465.2
ghsl_5816_cell_00096,49,13,51.65336726895674,0.07394388414189798,5634.2,Residential,buildings,7.7,45.8,711.2
ghsl_5816_cell_00097,50,13,51.653367268956735,0.08738822671315216,3080.4,Residential,buildings,40.3,30.2,465.2
ghsl_5816_cell_00098,10,14,51.643693028307595,-0.4503247344352115,2612.3,Residential,buildings,11.2,69.2,465.3
ghsl_5816_cell_00099,11,14,51.643693028307595,-0.4368822050490858,1754.0,Residential,buildings,0.6,48.8,710.1
ghsl_5816_cell_00100,12,14,51.6436930283076,-0.42343967566296015,2360.1,Residential,buildings,12.5,64.5,1494.1
ghsl_5816_cell_00101,13,14,51.643693028307595,-0.4099971462768345,3752.6,Residential,buildings,63.6,66.3,2385.8
ghsl_5816_cell_00102,14,14,51.643693028307595,-0.3965546168907086,3819.3,Residential,buildings,18.5,60.9,2827.2
ghsl_5816_cell_00103,15,14,51.643693028307595,-0.38311208750458287,4964.5,Residential,buildings,4.9,73.4,2130.8
ghsl_5816_cell_00104,16,14,51.6436930283076,-0.3696695581184572,1656.1,Residential,buildings,57.2,84.9,1494.3
ghsl_5816_cell_00105,17,14,51.643693028307595,-0.3562270287323315,4719.5,Residential,buildings,12.2,97.1,710.3
ghsl_5816_cell_00106,18,14,51.643693028307595,-0.34278449934620575,2958.2,Residential,buildings,31.0,110.9,465.3
ghsl_5816_cell_00107,27,14,51.64369302830761,-0.22180173487107438,3063.6,Civic,buildings,46.6,102.1,465.3
ghsl_5816_cell_00108,28,14,51.643693028307595,-0.20835920548494866,5074.3,Residential,buildings,30.1,83.4,1395.8
ghsl_5816_cell_00109,29,14,51.6436930283076,-0.1949166760988229,5187.2,Residential,buildings,42.6,79.7,1615.3
ghsl_5816_cell_00110,30,14,51.6436930283076,-0.18147414671269718,6483.5,Residential,buildings,12.0,85.9,1615.3
ghsl_5816_cell_00111,31,14,51.6436930283076,-0.16803161732657146,8299.1,Civic,buildings,2.6,58.1,1495.2
ghsl_5816_cell_00112,32,14,51.64369302830761,-0.15458908794044576,4880.4,Residential,buildings,19.2,81.3,710.9
ghsl_5816_cell_00113,33,14,51.6436930283076,-0.14114655855432004,5325.5,Residential,buildings,18.4,86.2,538.2
ghsl_5816_cell_00114,34,14,51.64369302830761,-0.12770402916819434,6461.7,Residential,buildings,4.1,81.9,538.2
ghsl_5816_cell_00115,35,14,51.64369302830761,-0.1142614997820686,5716.9,Residential,buildings,32.3,55.4,711.7
ghsl_5816_cell_00116,36,14,51.643693028307595,-0.10081897039594286,3816.4,Residential,buildings,7.5,42.6,1496.4
ghsl_5816_cell_00117,37,14,51.643693028307595,-0.08737644100981715,3473.5,Residential,buildings,42.7,45.0,2135.1
ghsl_5816_cell_00118,38,14,51.64369302830761,-0.07393391162369144,8807.8,Residential,buildings,2.3,23.6,2691.2
ghsl_5816_cell_00119,39,14,51.64369302830761,-0.06049138223756575,8791.2,Residential,buildings,0.8,24.0,2731.2
ghsl_5816_cell_00120,40,14,51.64369302830761,-0.047048852851440025,10549.7,Residential,buildings,13.4,16.8,2387.5
ghsl_5816_cell_00121,41,14,51.6436930283076,-0.033606323465314294,5589.8,Residential,buildings,0.7,17.6,1495.8
ghsl_5816_cell_00122,42,14,51.64369302830761,-0.020163794079188578,22.8,Residential,heuristic,0.0,18.0,711.3
ghsl_5816_cell_00123,43,14,51.64369302830761,-0.006721264693062861,2234.5,Civic,buildings,21.3,45.8,465.3
ghsl_5816_cell_00124,47,14,51.64369302830761,0.04704885285144002,3335.3,Residential,buildings,6.2,50.6,465.3
ghsl_5816_cell_00125,48,14,51.6436930283076,0.060491382237565734,3423.4,Residential,buildings,12.8,42.2,711.2
ghsl_5816_cell_00126,49,14,51.6436930283076,0.07393391162369145,4593.2,Residential,buildings,10.3,31.7,465.3
ghsl_5816_cell_00127,11,15,51.634019547175,-0.43682331011074216,352.5,Residential,buildings,20.2,54.0,465.3
ghsl_5816_cell_00128,12,15,51.634019547175,-0.42338259287656543,165.4,Civic,buildings,80.5,58.3,1395.9
ghsl_5816_cell_00129,13,15,51.634019547175,-0.40994187564238876,852.1,Residential,buildings,31.7,62.6,2326.5
ghsl_5816_cell_00130,14,15,51.634019547174994,-0.3965011584082121,3277.5,Residential,buildings,47.3,76.7,3257.0
ghsl_5816_cell_00131,15,15,51.634019547175,-0.38306044117403537,2366.0,Residential,buildings,5.7,87.5,2827.4
ghsl_5816_cell_00132,16,15,51.634019547175,-0.36961972393985865,339.2,Residential,buildings,77.9,96.0,2130.9
ghsl_5816_cell_00133,17,15,51.634019547174994,-0.356179006705682,1794.6,Residential,buildings,72.0,123.0,1494.5
ghsl_5816_cell_00134,18,15,51.63401954717501,-0.34273828947150536,3378.2,Residential,buildings,2.5,151.0,710.3
ghsl_5816_cell_00135,19,15,51.634019547175,-0.3292975722373287,472.3,Residential,buildings,16.9,147.4,465.3
ghsl_5816_cell_00136,26,15,51.634019547175,-0.2352125515980919,259.5,Residential,buildings,100.0,117.5,465.3
ghsl_5816_cell_00137,27,15,51.634019547175,-0.22177183436391523,138.3,Residential,buildings,50.2,115.8,712.1
ghsl_5816_cell_00138,28,15,51.634019547175,-0.20833111712973856,328.2,Residential,buildings,38.1,117.0,1496.9
ghsl_5816_cell_00139,29,15,51.634019547174994,-0.19489039989556187,1132.7,Residential,buildings,86.9,90.5,2388.8
ghsl_5816_cell_00140,30,15,51.634019547175,-0.18144968266138517,2823.9,Residential,buildings,52.4,70.9,2691.6
ghsl_5816_cell_00141,31,15,51.634019547175,-0.16800896542720847,4945.0,Residential,buildings,5.4,93.1,2132.7
ghsl_5816_cell_00142,32,15,51.634019547175,-0.1545682481930318,5506.5,Civic,buildings,50.0,48.9,1679.5
ghsl_5816_cell_00143,33,15,51.634019547175,-0.14112753095885514,7151.3,Residential,buildings,11.1,63.2,1614.5
ghsl_5816_cell_00144,34,15,51.634019547175,-0.12768681372467844,7718.8,Residential,buildings,7.1,66.0,1614.5
ghsl_5816_cell_00145,35,15,51.634019547174994,-0.11424609649050177,2975.6,Residential,buildings,52.7,53.7,1680.6
ghsl_5816_cell_00146,36,15,51.634019547175,-0.10080537925632511,6491.1,Residential,buildings,1.9,49.4,2135.2
ghsl_5816_cell_00147,37,15,51.634019547174994,-0.08736466202214842,6999.9,Residential,buildings,11.7,28.1,2832.8
ghsl_5816_cell_00148,38,15,51.634019547175,-0.07392394478797173,5804.6,Residential,buildings,22.1,22.6,3558.4
ghsl_5816_cell_00149,39,15,51.634019547174994,-0.060483227553795066,10019.1,Residential,buildings,26.7,20.1,3634.6
ghsl_5816_cell_00150,40,15,51.634019547174994,-0.047042510319618376,11184.7,Residential,buildings,10.9,12.7,2831.3
ghsl_5816_cell_00151,41,15,51.63401954717499,-0.0336017930854417,705.2,Industrial,buildings,45.3,18.0,2133.9
ghsl_5816_cell_00152,42,15,51.634019547174994,-0.02016107585126502,547.2,Commercial,buildings,14.0,19.5,1495.9
ghsl_5816_cell_00153,43,15,51.63401954717501,-0.0067203586170883406,5882.8,Civic,buildings,2.4,39.0,711.4
ghsl_5816_cell_00154,44,15,51.63401954717501,0.0067203586170883406,5025.7,Residential,buildings,27.4,58.1,538.2
ghsl_5816_cell_00155,45,15,51.63401954717501,0.02016107585126502,499.5,Residential,buildings,8.2,58.7,538.3
ghsl_5816_cell_00156,46,15,51.63401954717499,0.0336017930854417,1143.8,Residential,buildings,20.8,75.0,538.2
ghsl_5816_cell_00157,47,15,51.634019547174994,0.047042510319618376,2942.6,Residential,buildings,5.1,42.7,711.2
ghsl_5816_cell_00158,48,15,51.634019547174994,0.06048322755379505,3163.6,Residential,buildings,21.9,19.7,1395.9
ghsl_5816_cell_00159,49,15,51.634019547175,0.07392394478797173,57.4,Residential,buildings,81.6,27.8,465.3
ghsl_5816_cell_00160,11,16,51.62434682518884,-0.43676444872284953,1042.8,Residential,buildings,37.9,80.4,465.3
ghsl_5816_cell_00161,12,16,51.62434682518884,-0.42332554260830046,1556.8,Residential,buildings,76.6,74.5,1396.0
ghsl_5816_cell_00162,13,16,51.62434682518884,-0.40988663649375123,1726.6,Residential,buildings,100.0,121.4,2130.3
ghsl_5816_cell_00163,14,16,51.62434682518883,-0.3964477303792019,5130.4,Residential,buildings,1.7,86.1,2827.1
ghsl_5816_cell_00164,15,16,51.62434682518883,-0.3830088242646527,4581.0,Residential,buildings,1.8,83.5,3551.3
ghsl_5816_cell_00165,16,16,51.62434682518883,-0.3695699181501035,889.9,Residential,buildings,39.2,86.4,2827.7
ghsl_5816_cell_00166,17,16,51.62434682518883,-0.3561310120355543,46.8,Residential,buildings,41.7,119.3,2131.0
ghsl_5816_cell_00167,18,16,51.62434682518884,-0.3426921059210051,156.5,Residential,buildings,43.2,148.9,1494.6
ghsl_5816_cell_00168,19,16,51.62434682518883,-0.32925319980645584,455.6,Residential,buildings,22.6,137.9,710.4
ghsl_5816_cell_00169,20,16,51.62434682518883,-0.3158142936919066,1789.6,Residential,buildings,6.3,138.6,538.3
ghsl_5816_cell_00170,21,16,51.62434682518883,-0.30237538757735744,1633.4,Civic,buildings,13.8,112.0,538.6
ghsl_5816_cell_00171,22,16,51.62434682518883,-0.2889364814628082,3784.8,Civic,buildings,40.5,73.2,538.8
ghsl_5816_cell_00172,23,16,51.62434682518883,-0.27549757534825897,7151.9,Residential,buildings,2.6,69.9,538.8
ghsl_5816_cell_00173,24,16,51.62434682518884,-0.2620586692337098,6239.8,Civic,buildings,13.3,67.6,538.6
ghsl_5816_cell_00174,25,16,51.62434682518883,-0.2486197631191605,4410.5,Residential,buildings,11.0,106.5,538.3
ghsl_5816_cell_00175,26,16,51.62434682518883,-0.23518085700461133,860.4,Residential,buildings,62.3,126.9,712.1
ghsl_5816_cell_00176,27,16,51.62434682518883,-0.22174195089006213,102.7,Agricultural,buildings,91.1,85.8,1497.1
ghsl_5816_cell_00177,28,16,51.62434682518883,-0.20830304477551287,19.7,Residential,buildings,100.0,72.5,2136.1
ghsl_5816_cell_00178,29,16,51.62434682518884,-0.19486413866096372,2401.9,Residential,buildings,17.2,93.7,2834.2
ghsl_5816_cell_00179,30,16,51.62434682518883,-0.18142523254641446,6542.9,Residential,buildings,22.2,80.5,3554.4
ghsl_5816_cell_00180,31,16,51.62434682518883,-0.1679863264318652,4431.0,Residential,buildings,37.5,90.9,3029.4
ghsl_5816_cell_00181,32,16,51.62434682518883,-0.15454742031731603,7115.5,Residential,buildings,21.3,67.2,2729.9
ghsl_5816_cell_00182,33,16,51.62434682518883,-0.1411085142027668,4556.8,Residential,buildings,41.0,40.6,2690.7
ghsl_5816_cell_00183,34,16,51.62434682518883,-0.12766960808821756,5295.3,Residential,buildings,19.8,68.6,2690.7
ghsl_5816_cell_00184,35,16,51.62434682518883,-0.11423070197366837,8444.3,Residential,buildings,1.6,65.2,2731.0
ghsl_5816_cell_00185,36,16,51.62434682518883,-0.10079179585911914,8848.8,Residential,buildings,11.4,37.9,3032.3
ghsl_5816_cell_00186,37,16,51.62434682518883,-0.08735288974456991,6083.6,Residential,buildings,49.9,26.2,3558.5
ghsl_5816_cell_00187,38,16,51.624346825188844,-0.07391398363002072,9894.9,Civic,buildings,14.2,21.3,4226.4
ghsl_5816_cell_00188,39,16,51.624346825188844,-0.060475077515471494,14268.6,Commercial,buildings,5.8,14.3,4224.0
ghsl_5816_cell_00189,40,16,51.624346825188844,-0.04703617140092227,9925.3,Residential,buildings,21.3,11.7,3556.5
ghsl_5816_cell_00190,41,16,51.624346825188844,-0.03359726528637305,354.8,Industrial,buildings,0.3,12.4,2831.5
ghsl_5816_cell_00191,42,16,51.624346825188844,-0.020158359171823834,5201.8,Residential,buildings,11.4,32.4,2134.0
ghsl_5816_cell_00192,43,16,51.624346825188844,-0.006719453057274611,7164.7,Residential,buildings,25.7,46.9,1680.0
ghsl_5816_cell_00193,44,16,51.62434682518883,0.006719453057274611,7521.5,Civic,buildings,14.8,63.4,1614.4
ghsl_5816_cell_00194,45,16,51.624346825188844,0.020158359171823834,1981.8,Residential,buildings,16.2,41.8,1614.5
ghsl_5816_cell_00195,46,16,51.624346825188844,0.033597265286373044,3836.8,Residential,buildings,2.3,85.0,1614.4
ghsl_5816_cell_00196,47,16,51.624346825188844,0.04703617140092227,4709.4,Residential,buildings,6.1,35.7,1679.8
ghsl_5816_cell_00197,48,16,51.624346825188844,0.060475077515471494,77.0,Civic,buildings,54.6,25.1,1496.4
ghsl_5816_cell_00198,49,16,51.624346825188844,0.07391398363002072,874.4,Residential,buildings,40.4,53.5,711.6
ghsl_5816_cell_00199,50,16,51.624346825188844,0.08735288974456992,547.3,Residential,buildings,46.8,60.4,465.3
ghsl_5816_cell_00200,11,17,51.614674861979324,-0.4367056208575614,3324.6,Civic,buildings,7.0,78.2,465.4
ghsl_5816_cell_00201,12,17,51.61467486197933,-0.423268524831175,4171.9,Civic,buildings,6.9,81.2,710.1
ghsl_5816_cell_00202,13,17,51.614674861979324,-0.4098314288047885,2783.7,Utility,buildings,11.5,120.0,1494.4
ghsl_5816_cell_00203,14,17,51.61467486197933,-0.39639433277840186,1559.4,Residential,buildings,59.9,117.8,2386.4
ghsl_5816_cell_00204,15,17,51.61467486197933,-0.3829572367520153,2123.0,Residential,buildings,54.4,75.9,3299.9
ghsl_5816_cell_00205,16,17,51.614674861979324,-0.3695201407256289,2799.3,Residential,buildings,4.8,73.0,3551.5
ghsl_5816_cell_00206,17,17,51.61467486197933,-0.35608304469924235,1165.6,Residential,buildings,36.3,90.0,2827.9
ghsl_5816_cell_00207,18,17,51.614674861979324,-0.3426459486728558,1467.3,Civic,buildings,50.6,119.4,2131.1
ghsl_5816_cell_00208,19,17,51.61467486197933,-0.32920885264646943,4981.6,Civic,buildings,15.8,88.5,1678.6
ghsl_5816_cell_00209,20,17,51.61467486197933,-0.3157717566200829,5492.7,Civic,buildings,2.4,84.4,1614.4
ghsl_5816_cell_00210,21,17,51.61467486197933,-0.30233466059369635,6370.5,Residential,buildings,0.5,77.2,1614.7
ghsl_5816_cell_00211,22,17,51.61467486197934,-0.28889756456730986,5144.1,Residential,buildings,27.3,64.7,1614.9
ghsl_5816_cell_00212,23,17,51.614674861979324,-0.2754604685409234,7306.1,Residential,buildings,0.4,57.6,1614.9
ghsl_5816_cell_00213,24,17,51.61467486197933,-0.26202337251453683,8918.5,Civic,buildings,7.0,65.4,1614.7
ghsl_5816_cell_00214,25,17,51.61467486197933,-0.24858627648815035,5022.5,Civic,buildings,14.6,65.8,1614.4
ghsl_5816_cell_00215,26,17,51.61467486197934,-0.23514918046176386,1866.4,Residential,buildings,37.8,111.8,1680.8
ghsl_5816_cell_00216,27,17,51.61467486197933,-0.22171208443537735,2583.2,Residential,buildings,45.8,92.4,2136.2
ghsl_5816_cell_00217,28,17,51.61467486197934,-0.20827498840899086,1955.2,Residential,buildings,29.9,102.0,2834.4
ghsl_5816_cell_00218,29,17,51.61467486197933,-0.19483789238260435,4370.1,Residential,buildings,23.1,77.2,3560.1
ghsl_5816_cell_00219,30,17,51.61467486197933,-0.18140079635621778,10230.4,Residential,buildings,1.0,90.9,4228.4
ghsl_5816_cell_00220,31,17,51.61467486197934,-0.1679637003298313,8239.6,Residential,buildings,17.1,68.0,4015.3
ghsl_5816_cell_00221,32,17,51.61467486197934,-0.1545266043034448,8889.8,Residential,buildings,22.7,64.1,3794.7
ghsl_5816_cell_00222,33,17,51.61467486197933,-0.1410895082770583,7499.8,Residential,buildings,8.8,56.3,3766.8
ghsl_5816_cell_00223,34,17,51.61467486197933,-0.1276524122506718,7959.6,Residential,buildings,19.0,33.4,3766.8
ghsl_5816_cell_00224,35,17,51.61467486197933,-0.1142153162242853,8100.9,Residential,buildings,33.5,37.1,3795.8
ghsl_5816_cell_00225,36,17,51.61467486197933,-0.1007782201978988,9591.6,Residential,buildings,18.2,25.4,4018.3
ghsl_5816_cell_00226,37,17,51.61467486197933,-0.08734112417151227,7423.1,Residential,buildings,22.7,20.5,4429.1
ghsl_5816_cell_00227,38,17,51.614674861979324,-0.07390402814512577,11160.6,Residential,buildings,26.0,18.2,4981.7
ghsl_5816_cell_00228,39,17,51.61467486197933,-0.06046693211873928,13850.6,Residential,buildings,6.7,13.7,4977.0
ghsl_5816_cell_00229,40,17,51.61467486197932,-0.04702983609235276,2890.9,Industrial,buildings,5.1,18.0,4224.3
ghsl_5816_cell_00230,41,17,51.61467486197932,-0.033592740065966256,2617.4,Residential,buildings,2.9,10.8,3556.6
ghsl_5816_cell_00231,42,17,51.61467486197934,-0.02015564403957976,9664.1,Residential,buildings,10.7,17.6,3030.9
ghsl_5816_cell_00232,43,17,51.61467486197934,-0.006718548013193254,5922.0,Residential,buildings,14.1,45.5,2730.3
ghsl_5816_cell_00233,44,17,51.61467486197934,0.006718548013193254,6008.5,Residential,buildings,4.2,38.8,2690.5
ghsl_5816_cell_00234,45,17,51.61467486197934,0.02015564403957976,3202.9,Residential,buildings,44.8,68.2,2690.6
ghsl_5816_cell_00235,46,17,51.61467486197932,0.03359274006596626,4842.3,Residential,buildings,4.7,47.2,2690.5
ghsl_5816_cell_00236,47,17,51.61467486197932,0.04702983609235276,2979.5,Residential,buildings,32.6,18.9,2730.2
ghsl_5816_cell_00237,48,17,51.614674861979324,0.06046693211873928,726.3,Civic,buildings,10.8,27.7,2134.8
ghsl_5816_cell_00238,49,17,51.61467486197933,0.07390402814512578,1646.9,Residential,buildings,53.1,49.6,1496.5
ghsl_5816_cell_00239,50,17,51.61467486197934,0.0873411241715123,2531.9,Residential,buildings,57.5,69.2,711.6
ghsl_5816_cell_00240,51,17,51.61467486197933,0.1007782201978988,3998.4,Residential,buildings,18.7,76.3,538.1
ghsl_5816_cell_00241,52,17,51.61467486197933,0.11421531622428531,5168.3,Residential,buildings,23.7,63.0,465.4
ghsl_5816_cell_00242,60,17,51.61467486197933,0.22171208443537735,4022.4,Civic,buildings,34.0,53.1,465.4
ghsl_5816_cell_00243,12,18,51.60500365717691,-0.4232115395182308,2986.7,Residential,buildings,53.2,69.0,465.4
ghsl_5816_cell_00244,13,18,51.60500365717691,-0.40977625254939815,5185.5,Civic,buildings,19.0,86.7,1396.2
ghsl_5816_cell_00245,14,18,51.60500365717691,-0.39634096558056536,3855.9,Civic,buildings,12.3,80.8,2327.0
ghsl_5816_cell_00246,15,18,51.605003657176916,-0.38290567861173264,4828.9,Residential,buildings,1.4,65.9,3257.8
ghsl_5816_cell_00247,16,18,51.605003657176916,-0.3694703916428999,2978.1,Residential,buildings,72.2,59.0,4188.6
ghsl_5816_cell_00248,17,18,51.605003657176916,-0.35603510467406724,5271.7,Residential,buildings,19.1,65.4,3551.7
ghsl_5816_cell_00249,18,18,51.605003657176916,-0.3425998177052344,8885.1,Commercial,buildings,6.7,70.1,3027.3
ghsl_5816_cell_00250,19,18,51.60500365717691,-0.32916453073640173,8228.9,Residential,buildings,4.5,70.0,2728.9
ghsl_5816_cell_00251,20,18,51.60500365717691,-0.31572924376756895,6043.1,Civic,buildings,52.6,73.8,2690.4
ghsl_5816_cell_00252,21,18,51.60500365717691,-0.3022939567987363,6184.8,Residential,buildings,17.2,66.9,2690.8
ghsl_5816_cell_00253,22,18,51.60500365717691,-0.28885866982990355,6269.5,Residential,buildings,38.5,58.5,2690.9
ghsl_5816_cell_00254,23,18,51.60500365717691,-0.2754233828610708,9644.6,Civic,buildings,9.0,58.7,2690.9
ghsl_5816_cell_00255,24,18,51.60500365717691,-0.2619880958922381,10397.4,Civic,buildings,21.8,52.9,2690.8
ghsl_5816_cell_00256,25,18,51.60500365717692,-0.24855280892340545,11565.4,Residential,buildings,16.4,52.0,2690.4
ghsl_5816_cell_00257,26,18,51.60500365717691,-0.2351175219545727,4221.4,Civic,buildings,27.9,70.9,2731.1
ghsl_5816_cell_00258,27,18,51.60500365717691,-0.22168223498574,2227.4,Civic,buildings,94.5,71.7,3033.4
ghsl_5816_cell_00259,28,18,51.60500365717691,-0.20824694801690724,4197.5,Residential,buildings,28.4,57.0,3560.3
ghsl_5816_cell_00260,29,18,51.605003657176916,-0.19481166104807454,8331.7,Residential,buildings,51.8,76.5,4228.7
ghsl_5816_cell_00261,30,18,51.60500365717691,-0.18137637407924176,10208.5,Residential,buildings,15.3,87.0,4981.9
ghsl_5816_cell_00262,31,18,51.60500365717691,-0.16794108711040903,3424.7,Residential,buildings,86.9,71.9,5038.1
ghsl_5816_cell_00263,32,18,51.60500365717692,-0.15450580014157636,4949.0,Residential,buildings,26.5,52.6,4864.4
ghsl_5816_cell_00264,33,18,51.60500365717692,-0.14107051317274363,5031.7,Residential,buildings,66.0,56.5,4842.8
ghsl_5816_cell_00265,34,18,51.605003657176916,-0.12763522620391088,9307.4,Residential,buildings,11.6,55.0,4842.8
ghsl_5816_cell_00266,35,18,51.60500365717692,-0.11419993923507817,14716.6,Residential,buildings,35.5,34.4,4865.5
ghsl_5816_cell_00267,36,18,51.605003657176916,-0.10076465226624544,9747.0,Residential,buildings,48.1,20.5,5041.2
ghsl_5816_cell_00268,37,18,51.605003657176916,-0.08732936529741268,10470.5,Residential,buildings,15.8,16.0,5374.5
ghsl_5816_cell_00269,38,18,51.60500365717691,-0.07389407832857997,9450.7,Residential,buildings,32.9,15.5,5838.5
ghsl_5816_cell_00270,39,18,51.605003657176916,-0.060458791359747265,11813.2,Residential,buildings,4.1,12.1,5631.8
ghsl_5816_cell_00271,40,18,51.605003657176916,-0.047023504390914544,858.8,Industrial,buildings,46.2,10.8,4979.1
ghsl_5816_cell_00272,41,18,51.605003657176916,-0.03358821742208182,3191.8,Residential,buildings,8.4,13.0,4426.8
ghsl_5816_cell_00273,42,18,51.605003657176916,-0.02015293045324909,4231.8,Residential,buildings,29.5,12.8,4016.7
ghsl_5816_cell_00274,43,18,51.605003657176916,-0.0067176434844163635,7533.9,Residential,buildings,14.5,21.4,3795.0
ghsl_5816_cell_00275,44,18,51.605003657176916,0.0067176434844163635,5450.8,Residential,buildings,3.8,32.9,3766.5
ghsl_5816_cell_00276,45,18,51.605003657176916,0.020152930453249094,5696.0,Residential,buildings,16.0,64.3,3766.6
ghsl_5816_cell_00277,46,18,51.60500365717691,0.03358821742208181,9335.9,Residential,buildings,1.4,30.4,3766.5
ghsl_5816_cell_00278,47,18,51.605003657176916,0.047023504390914544,5529.8,Commercial,buildings,28.2,13.2,3557.8
ghsl_5816_cell_00279,48,18,51.60500365717691,0.060458791359747265,3920.8,Residential,buildings,84.3,46.8,2832.8
ghsl_5816_cell_00280,49,18,51.60500365717692,0.07389407832858,4529.8,Residential,buildings,1.1,73.6,2134.8
ghsl_5816_cell_00281,50,18,51.605003657176916,0.0873293652974127,7927.6,Residential,buildings,8.7,42.2,1680.1
ghsl_5816_cell_00282,51,18,51.605003657176916,0.10076465226624544,5840.0,Civic,buildings,39.4,37.5,1496.7
ghsl_5816_cell_00283,52,18,51.60500365717691,0.11419993923507817,2043.0,Civic,buildings,57.7,37.1,711.7
ghsl_5816_cell_00284,53,18,51.605003657176916,0.12763522620391088,210.9,Commercial,buildings,18.2,59.0,538.3
ghsl_5816_cell_00285,54,18,51.60500365717691,0.1410705131727436,126.6,Green,land_use,81.7,41.0,538.7
ghsl_5816_cell_00286,55,18,51.60500365717691,0.15450580014157633,4643.4,Residential,heuristic,24.3,35.5,538.9
ghsl_5816_cell_00287,56,18,51.60500365717691,0.16794108711040903,7136.8,Civic,buildings,3.3,51.9,539.0
ghsl_5816_cell_00288,57,18,51.60500365717692,0.18137637407924176,3417.5,Civic,buildings,7.6,55.0,538.9
ghsl_5816_cell_00289,58,18,51.60500365717691,0.1948116610480745,215.7,Green,land_use,84.0,65.0,538.7
ghsl_5816_cell_00290,59,18,51.60500365717692,0.20824694801690727,5636.6,Civic,buildings,67.6,50.5,538.3
ghsl_5816_cell_00291,60,18,51.60500365717692,0.22168223498574,7377.8,Residential,buildings,11.7,52.2,710.7
ghsl_5816_cell_00292,61,18,51.60500365717691,0.2351175219545727,5806.1,Civic,buildings,44.5,45.1,538.0
ghsl_5816_cell_00293,62,18,51.60500365717691,0.2485528089234054,2702.4,Residential,buildings,31.0,50.2,465.4
ghsl_5816_cell_00294,12,19,51.59533321041235,-0.42315458664254196,690.3,Green,land_use,100.0,82.0,465.4
ghsl_5816_cell_00295,13,19,51.59533321041235,-0.40972110770150894,4335.3,Civic,buildings,27.4,62.2,1396.3
ghsl_5816_cell_00296,14,19,51.59533321041236,-0.3962876287604758,5832.1,Residential,buildings,4.8,58.9,2327.2
ghsl_5816_cell_00297,15,19,51.59533321041234,-0.38285414981944266,3856.9,Commercial,buildings,8.3,54.8,3258.1
ghsl_5816_cell_00298,16,19,51.595333210412356,-0.36942067087840963,3192.5,Civic,buildings,29.6,67.1,4188.9
ghsl_5816_cell_00299,17,19,51.59533321041234,-0.35598719193737643,4239.9,Residential,buildings,36.7,53.9,4421.2
ghsl_5816_cell_00300,18,19,51.595333210412356,-0.34255371299634346,8679.9,Residential,buildings,1.5,56.0,4012.8
ghsl_5816_cell_00301,19,19,51.59533321041234,-0.3291202340553103,10092.0,Residential,buildings,12.6,55.4,3793.5
ghsl_5816_cell_00302,20,19,51.59533321041234,-0.3156867551142773,9413.5,Residential,buildings,1.7,52.5,3766.4
ghsl_5816_cell_00303,21,19,51.59533321041234,-0.3022532761732442,10202.2,Residential,buildings,13.9,50.7,3766.7
ghsl_5816_cell_00304,22,19,51.59533321041234,-0.2888197972322112,9921.4,Residential,buildings,8.9,52.9,3766.9
ghsl_5816_cell_00305,23,19,51.59533321041234,-0.2753863182911781,11421.0,Residential,buildings,8.8,53.8,3766.9
ghsl_5816_cell_00306,24,19,51.59533321041234,-0.26195283935014496,7183.0,Commercial,buildings,17.7,49.7,3766.7
ghsl_5816_cell_00307,25,19,51.59533321041234,-0.2485193604091119,9171.1,Residential,buildings,8.4,49.1,3766.3
ghsl_5816_cell_00308,26,19,51.59533321041234,-0.23508588146807882,4192.8,Residential,buildings,27.9,59.6,3795.7
ghsl_5816_cell_00309,27,19,51.59533321041234,-0.22165240252704577,6217.6,Residential,buildings,4.3,70.7,4019.2
ghsl_5816_cell_00310,28,19,51.59533321041234,-0.2082189235860127,6145.9,Residential,buildings,14.5,58.4,4430.8
ghsl_5816_cell_00311,29,19,51.595333210412356,-0.19478544464497966,7845.1,Residential,buildings,17.5,84.9,4984.2
ghsl_5816_cell_00312,30,19,51.59533321041234,-0.18135196570394652,7692.3,Residential,buildings,30.9,90.6,5637.7
ghsl_5816_cell_00313,31,19,51.59533321041235,-0.16791848676291346,8359.5,Residential,buildings,14.3,86.9,6079.2
ghsl_5816_cell_00314,32,19,51.59533321041235,-0.1544850078218804,6831.5,Residential,buildings,24.8,85.0,5936.3
ghsl_5816_cell_00315,33,19,51.59533321041236,-0.14105152888084735,11428.8,Residential,buildings,2.9,89.0,5918.7
ghsl_5816_cell_00316,34,19,51.59533321041235,-0.12761804993981424,4683.2,Commercial,buildings,94.6,86.5,5918.7
ghsl_5816_cell_00317,35,19,51.595333210412356,-0.11418457099878114,8301.0,Residential,buildings,11.7,28.2,5937.4
ghsl_5816_cell_00318,36,19,51.59533321041234,-0.10075109205774806,17834.1,Residential,buildings,13.6,19.2,6082.4
ghsl_5816_cell_00319,37,19,51.59533321041235,-0.087317613116715,12516.6,Residential,buildings,34.9,15.8,6361.5
ghsl_5816_cell_00320,38,19,51.59533321041235,-0.07388413417568192,16002.6,Residential,buildings,2.3,22.2,6758.2
ghsl_5816_cell_00321,39,19,51.59533321041234,-0.06045065523464885,11157.1,Residential,buildings,14.2,9.5,6401.5
ghsl_5816_cell_00322,40,19,51.59533321041234,-0.04701717629361577,1229.3,Industrial,buildings,8.1,12.5,5835.5
ghsl_5816_cell_00323,41,19,51.595333210412356,-0.033583697352582695,12608.2,Residential,buildings,11.4,23.9,5372.1
ghsl_5816_cell_00324,42,19,51.59533321041234,-0.02015021841154961,12692.2,Residential,buildings,31.5,12.3,5039.5
ghsl_5816_cell_00325,43,19,51.59533321041234,-0.006716739470516537,11078.7,Residential,buildings,12.4,19.2,4864.6
ghsl_5816_cell_00326,44,19,51.59533321041234,0.006716739470516537,3986.3,Residential,buildings,12.1,58.7,4842.5
ghsl_5816_cell_00327,45,19,51.59533321041234,0.02015021841154961,9247.9,Residential,buildings,3.9,49.5,4842.5
ghsl_5816_cell_00328,46,19,51.595333210412356,0.033583697352582695,6894.1,Residential,buildings,9.0,19.8,4842.5
ghsl_5816_cell_00329,47,19,51.59533321041234,0.04701717629361577,4154.4,Residential,buildings,16.8,21.0,4226.1
ghsl_5816_cell_00330,48,19,51.59533321041235,0.060450655234648834,5854.6,Residential,buildings,10.7,20.4,3558.0
ghsl_5816_cell_00331,49,19,51.59533321041234,0.0738841341756819,7428.5,Residential,buildings,15.1,39.9,3031.6
ghsl_5816_cell_00332,50,19,51.595333210412356,0.087317613116715,3645.6,Residential,buildings,43.3,29.2,2730.3
ghsl_5816_cell_00333,51,19,51.59533321041235,0.10075109205774807,184.1,Industrial,buildings,100.0,26.0,2135.1
ghsl_5816_cell_00334,52,19,51.59533321041234,0.11418457099878115,79.3,Green,land_use,65.0,28.8,1680.1
ghsl_5816_cell_00335,53,19,51.59533321041234,0.1276180499398142,0.0,Green,land_use,100.0,36.1,1614.2
ghsl_5816_cell_00336,54,19,51.59533321041234,0.1410515288808473,232.8,Residential,buildings,33.6,32.4,1614.6
ghsl_5816_cell_00337,55,19,51.59533321041234,0.15448500782188035,3428.2,Civic,buildings,26.3,24.8,1614.9
ghsl_5816_cell_00338,56,19,51.59533321041235,0.16791848676291346,7020.6,Residential,buildings,8.4,36.6,1615.0
ghsl_5816_cell_00339,57,19,51.595333210412356,0.1813519657039465,5082.9,Residential,buildings,27.3,31.9,1614.9
ghsl_5816_cell_00340,58,19,51.59533321041235,0.1947854446449796,756.3,Residential,buildings,100.0,34.0,1614.6
ghsl_5816_cell_00341,59,19,51.59533321041235,0.2082189235860127,5574.1,Residential,buildings,11.1,36.7,1614.2
ghsl_5816_cell_00342,60,19,51.59533321041235,0.22165240252704577,3819.0,Industrial,buildings,5.6,34.3,1678.8
ghsl_5816_cell_00343,61,19,51.59533321041236,0.23508588146807888,4450.7,Industrial,buildings,8.8,29.2,1396.3
ghsl_5816_cell_00344,62,19,51.59533321041234,0.2485193604091119,711.5,Industrial,buildings,96.0,41.8,465.4
ghsl_5816_cell_00345,11,20,51.585663521316604,-0.4365293381193476,3552.0,Commercial,buildings,17.2,47.8,465.5
ghsl_5816_cell_00346,12,20,51.5856635213166,-0.4230976661772137,899.7,Civic,buildings,23.6,60.8,712.6
ghsl_5816_cell_00347,13,20,51.585663521316604,-0.40966599423508,4188.2,Residential,buildings,21.0,46.0,1498.2
ghsl_5816_cell_00348,14,20,51.585663521316604,-0.3962343222929462,4525.8,Civic,buildings,10.3,60.4,2390.6
ghsl_5816_cell_00349,15,20,51.5856635213166,-0.38280265035081246,6236.0,Residential,buildings,13.3,54.6,3304.2
ghsl_5816_cell_00350,16,20,51.5856635213166,-0.3693709784086787,7025.0,Residential,buildings,7.5,51.3,4225.4
ghsl_5816_cell_00351,17,20,51.5856635213166,-0.3559393064665449,9241.6,Residential,buildings,3.6,52.9,5150.1
ghsl_5816_cell_00352,18,20,51.585663521316604,-0.34250763452441113,10231.0,Commercial,buildings,17.4,65.8,5035.4
ghsl_5816_cell_00353,19,20,51.5856635213166,-0.32907596258227745,8838.9,Residential,buildings,1.0,56.0,4863.0
ghsl_5816_cell_00354,20,20,51.585663521316604,-0.31564429064014365,6218.5,Residential,buildings,27.5,45.0,4842.2
ghsl_5816_cell_00355,21,20,51.585663521316604,-0.30221261869800986,7071.5,Residential,buildings,14.0,42.2,4842.5
ghsl_5816_cell_00356,22,20,51.585663521316604,-0.2887809467558761,9496.8,Residential,buildings,4.7,41.3,4842.7
ghsl_5816_cell_00357,23,20,51.585663521316604,-0.27534927481374233,6615.1,Civic,buildings,23.0,50.6,4842.7
ghsl_5816_cell_00358,24,20,51.585663521316604,-0.26191760287160853,8558.3,Residential,buildings,7.1,81.7,4842.5
ghsl_5816_cell_00359,25,20,51.585663521316604,-0.24848593092947477,9622.4,Commercial,buildings,7.2,49.9,4842.2
ghsl_5816_cell_00360,26,20,51.585663521316604,-0.23505425898734103,6412.7,Residential,buildings,8.6,74.0,4865.2
ghsl_5816_cell_00361,27,20,51.585663521316604,-0.22162258704520724,9678.2,Residential,buildings,21.1,74.9,5041.9
ghsl_5816_cell_00362,28,20,51.585663521316604,-0.20819091510307344,8090.0,Residential,buildings,15.3,60.0,5376.2
ghsl_5816_cell_00363,29,20,51.5856635213166,-0.19475924316093965,6389.2,Residential,buildings,17.4,72.1,5841.0
ghsl_5816_cell_00364,30,20,51.585663521316604,-0.18132757121880588,5567.2,Residential,buildings,16.4,65.9,6408.0
ghsl_5816_cell_00365,31,20,51.585663521316604,-0.16789589927667212,5454.2,Residential,buildings,3.8,76.8,7052.7
ghsl_5816_cell_00366,32,20,51.585663521316604,-0.15446422733453835,5819.6,Residential,buildings,44.8,85.8,7009.4
ghsl_5816_cell_00367,33,20,51.585663521316604,-0.14103255539240458,7316.1,Residential,buildings,13.7,63.6,6994.6
ghsl_5816_cell_00368,34,20,51.585663521316604,-0.12760088345027082,10646.6,Residential,buildings,17.4,37.7,6994.6
ghsl_5816_cell_00369,35,20,51.5856635213166,-0.11416921150813707,11687.9,Residential,buildings,11.8,46.7,7010.5
ghsl_5816_cell_00370,36,20,51.5856635213166,-0.10073753956600327,17543.1,Residential,buildings,27.4,22.4,7133.8
ghsl_5816_cell_00371,37,20,51.58566352131659,-0.08730586762386951,15177.4,Residential,buildings,22.8,17.6,7373.4
ghsl_5816_cell_00372,38,20,51.5856635213166,-0.07387419568173575,14607.1,Residential,buildings,3.6,15.8,7718.4
ghsl_5816_cell_00373,39,20,51.5856635213166,-0.06044252373960197,7606.9,Residential,buildings,13.4,13.0,7249.5
ghsl_5816_cell_00374,40,20,51.58566352131659,-0.047010851797468195,571.8,Residential,buildings,25.8,9.0,6754.9
ghsl_5816_cell_00375,41,20,51.5856635213166,-0.03357917985533443,17528.9,Residential,buildings,2.1,16.5,6358.9
ghsl_5816_cell_00376,42,20,51.5856635213166,-0.020147507913200656,14810.1,Residential,buildings,2.7,31.5,6080.5
ghsl_5816_cell_00377,43,20,51.5856635213166,-0.0067158359710668865,14462.8,Residential,buildings,5.7,28.3,5936.4
ghsl_5816_cell_00378,44,20,51.58566352131659,0.006715835971066886,3474.9,Residential,buildings,11.2,42.1,5918.3
ghsl_5816_cell_00379,45,20,51.58566352131659,0.020147507913200656,6714.6,Residential,buildings,10.5,33.7,5918.4
ghsl_5816_cell_00380,46,20,51.58566352131661,0.03357917985533443,6454.6,Residential,buildings,62.0,15.7,5634.2
ghsl_5816_cell_00381,47,20,51.58566352131659,0.0470108517974682,3938.1,Residential,buildings,22.1,26.6,4981.0
ghsl_5816_cell_00382,48,20,51.5856635213166,0.06044252373960197,8018.9,Residential,buildings,21.4,32.7,4428.1
ghsl_5816_cell_00383,49,20,51.58566352131659,0.07387419568173573,8316.5,Residential,buildings,23.2,30.6,4017.3
ghsl_5816_cell_00384,50,20,51.585663521316604,0.08730586762386952,4714.2,Residential,buildings,8.9,26.3,3558.3
ghsl_5816_cell_00385,51,20,51.58566352131659,0.10073753956600326,2352.6,Commercial,buildings,62.3,26.4,3031.8
ghsl_5816_cell_00386,52,20,51.5856635213166,0.11416921150813707,385.2,Civic,buildings,8.3,20.7,2730.2
ghsl_5816_cell_00387,53,20,51.585663521316604,0.12760088345027085,3445.6,Residential,land_use,21.4,25.8,2690.0
ghsl_5816_cell_00388,54,20,51.58566352131659,0.14103255539240458,3281.7,Civic,buildings,9.3,37.8,2690.5
ghsl_5816_cell_00389,55,20,51.585663521316604,0.15446422733453838,3013.6,Green,land_use,65.1,23.6,2690.7
ghsl_5816_cell_00390,56,20,51.58566352131659,0.1678958992766721,6119.3,Residential,buildings,12.1,19.7,2690.8
ghsl_5816_cell_00391,57,20,51.58566352131659,0.18132757121880586,5746.8,Civic,buildings,2.8,34.4,2690.7
ghsl_5816_cell_00392,58,20,51.5856635213166,0.19475924316093965,3614.7,Civic,buildings,29.9,34.4,2690.5
ghsl_5816_cell_00393,59,20,51.585663521316604,0.20819091510307344,5351.4,Residential,buildings,0.1,37.0,2690.0
ghsl_5816_cell_00394,60,20,51.585663521316604,0.22162258704520724,5619.2,Civic,buildings,0.6,35.0,2327.4
ghsl_5816_cell_00395,61,20,51.585663521316604,0.23505425898734097,2498.8,Civic,buildings,62.7,40.0,1396.4
ghsl_5816_cell_00396,62,20,51.585663521316604,0.24848593092947477,83.8,Residential,buildings,30.3,30.5,465.5
ghsl_5816_cell_00397,10,21,51.57599458952092,-0.449900510037948,489.6,Commercial,buildings,45.3,43.2,465.5
ghsl_5816_cell_00398,11,21,51.575994589520924,-0.43647064406666597,3659.0,Residential,buildings,35.8,54.3,712.7
ghsl_5816_cell_00399,12,21,51.57599458952092,-0.4230407780953839,4635.3,Commercial,buildings,5.8,49.9,1498.4
ghsl_5816_cell_00400,13,21,51.575994589520924,-0.40961091212410194,5808.7,Residential,buildings,10.9,58.2,2137.8
ghsl_5816_cell_00401,14,21,51.575994589520924,-0.39618104615281985,6217.1,Civic,buildings,10.7,51.9,2836.8
ghsl_5816_cell_00402,15,21,51.575994589520924,-0.38275118018153786,5837.8,Civic,buildings,41.4,52.5,3641.2
ghsl_5816_cell_00403,16,21,51.575994589520924,-0.36932131421025577,8169.5,Residential,buildings,5.5,53.5,4494.6
ghsl_5816_cell_00404,17,21,51.57599458952092,-0.3558914482389737,7070.2,Civic,buildings,22.1,61.8,5373.8
ghsl_5816_cell_00405,18,21,51.575994589520924,-0.3424615822676917,6788.7,Residential,buildings,25.0,74.4,6076.3
ghsl_5816_cell_00406,19,21,51.575994589520924,-0.32903171629640976,3301.5,Civic,buildings,33.5,63.3,5934.7
ghsl_5816_cell_00407,20,21,51.57599458952092,-0.31560185032512766,3495.1,Civic,buildings,64.9,47.2,5918.0
ghsl_5816_cell_00408,21,21,51.575994589520924,-0.3021719843538456,6316.1,Residential,buildings,12.0,43.2,5918.3
ghsl_5816_cell_00409,22,21,51.57599458952092,-0.2887421183825636,6831.7,Residential,buildings,11.7,37.6,5918.5
ghsl_5816_cell_00410,23,21,51.575994589520924,-0.27531225241128165,551.1,Residential,buildings,100.0,50.7,5918.5
ghsl_5816_cell_00411,24,21,51.575994589520924,-0.26188238643999956,8454.7,Residential,buildings,13.5,50.0,5918.3
ghsl_5816_cell_00412,25,21,51.575994589520924,-0.24845252046871755,2701.8,Residential,buildings,49.1,48.7,5917.9
ghsl_5816_cell_00413,26,21,51.575994589520924,-0.23502265449743553,8296.2,Residential,buildings,4.2,57.1,5937.0
ghsl_5816_cell_00414,27,21,51.575994589520924,-0.22159278852615352,3911.6,Residential,buildings,6.0,42.0,6082.9
ghsl_5816_cell_00415,28,21,51.575994589520924,-0.20816292255487145,11572.2,Residential,buildings,4.5,57.8,6363.1
ghsl_5816_cell_00416,29,21,51.575994589520924,-0.19473305658358944,7223.4,Residential,buildings,13.4,70.6,6760.6
ghsl_5816_cell_00417,30,21,51.575994589520924,-0.18130319061230737,1994.7,Residential,buildings,60.9,90.1,7256.4
ghsl_5816_cell_00418,31,21,51.575994589520924,-0.1678733246410254,1112.2,Residential,buildings,44.5,97.7,7831.8
ghsl_5816_cell_00419,32,21,51.575994589520924,-0.15444345866974335,5149.7,Residential,buildings,14.3,112.9,8083.1
ghsl_5816_cell_00420,33,21,51.575994589520924,-0.1410135926984613,10042.5,Residential,buildings,7.9,84.9,8070.3
ghsl_5816_cell_00421,34,21,51.57599458952092,-0.12758372672717927,13118.1,Residential,buildings,20.5,68.2,8070.3
ghsl_5816_cell_00422,35,21,51.575994589520924,-0.11415386075589727,13404.9,Residential,buildings,19.0,62.4,8084.2
ghsl_5816_cell_00423,36,21,51.57599458952092,-0.10072399478461519,11812.2,Residential,buildings,21.4,28.8,8191.5
ghsl_5816_cell_00424,37,21,51.57599458952092,-0.08729412881333318,13451.1,Residential,buildings,15.5,19.2,8401.0
ghsl_5816_cell_00425,38,21,51.57599458952092,-0.07386426284205114,17370.9,Residential,buildings,5.1,21.9,8666.0
ghsl_5816_cell_00426,39,21,51.575994589520924,-0.060434396870769146,7592.5,Residential,buildings,19.3,6.0,8151.3
ghsl_5816_cell_00427,40,21,51.575994589520924,-0.047004530899487106,863.1,Industrial,buildings,100.0,6.5,7714.9
ghsl_5816_cell_00428,41,21,51.57599458952094,-0.03357466492820508,11066.9,Residential,buildings,18.7,9.4,7370.6
ghsl_5816_cell_00429,42,21,51.575994589520924,-0.020144798956923046,16494.0,Residential,buildings,9.7,16.6,7131.8
ghsl_5816_cell_00430,43,21,51.575994589520924,-0.006714932985641015,14771.7,Residential,buildings,5.8,25.2,7009.4
ghsl_5816_cell_00431,44,21,51.575994589520924,0.006714932985641015,7115.3,Civic,buildings,0.7,28.2,6994.1
ghsl_5816_cell_00432,45,21,51.575994589520924,0.020144798956923046,5959.1,Residential,buildings,10.3,34.7,6994.1
ghsl_5816_cell_00433,46,21,51.57599458952094,0.03357466492820508,4909.9,Residential,buildings,31.6,20.8,6403.9
ghsl_5816_cell_00434,47,21,51.575994589520924,0.0470045308994871,6642.8,Residential,buildings,17.3,13.0,5837.4
ghsl_5816_cell_00435,48,21,51.57599458952092,0.06043439687076913,9110.9,Civic,buildings,10.7,23.3,5373.2
ghsl_5816_cell_00436,49,21,51.57599458952092,0.07386426284205114,10216.9,Civic,buildings,4.9,24.3,4981.5
ghsl_5816_cell_00437,50,21,51.575994589520924,0.08729412881333318,10565.9,Civic,buildings,5.1,23.6,4428.4
ghsl_5816_cell_00438,51,21,51.57599458952092,0.10072399478461522,5797.8,Civic,buildings,40.4,22.5,4017.3
ghsl_5816_cell_00439,52,21,51.575994589520924,0.11415386075589726,8101.7,Civic,buildings,11.6,22.9,3794.6
ghsl_5816_cell_00440,53,21,51.57599458952092,0.12758372672717927,9761.5,Civic,buildings,17.1,19.6,3765.8
ghsl_5816_cell_00441,54,21,51.575994589520924,0.1410135926984613,7414.2,Civic,buildings,5.0,24.4,3766.2
ghsl_5816_cell_00442,55,21,51.575994589520924,0.15444345866974335,1322.3,Civic,buildings,89.2,19.3,3766.5
ghsl_5816_cell_00443,56,21,51.575994589520924,0.1678733246410254,6692.5,Civic,buildings,16.3,16.8,3766.6
ghsl_5816_cell_00444,57,21,51.57599458952092,0.18130319061230737,5843.7,Residential,buildings,2.4,20.2,3766.5
ghsl_5816_cell_00445,58,21,51.575994589520924,0.19473305658358944,7220.5,Civic,buildings,9.0,27.0,3766.2
ghsl_5816_cell_00446,59,21,51.575994589520924,0.20816292255487145,6117.2,Residential,buildings,15.4,29.7,3303.7
ghsl_5816_cell_00447,60,21,51.575994589520924,0.22159278852615347,2756.9,Residential,buildings,4.6,33.7,2389.9
ghsl_5816_cell_00448,61,21,51.575994589520924,0.2350226544974355,3237.6,Residential,buildings,2.5,35.7,1497.6
ghsl_5816_cell_00449,62,21,51.575994589520924,0.2484525204687176,233.2,Green,land_use,100.0,19.9,712.1
ghsl_5816_cell_00450,63,21,51.575994589520924,0.26188238643999956,1514.8,Civic,buildings,43.8,57.1,465.5
ghsl_5816_cell_00451,9,22,51.56632641465686,-0.4632681054530997,2360.2,Residential,buildings,10.2,56.5,465.5
ghsl_5816_cell_00452,10,22,51.56632641465686,-0.44984004442547354,4329.2,Residential,buildings,17.3,40.4,712.7
ghsl_5816_cell_00453,11,22,51.56632641465685,-0.43641198339784754,3392.9,Residential,buildings,8.3,42.6,1498.5
ghsl_5816_cell_00454,12,22,51.56632641465685,-0.4229839223702214,3854.0,Residential,buildings,14.2,41.6,2137.9
ghsl_5816_cell_00455,13,22,51.56632641465686,-0.4095558613425955,7714.7,Residential,buildings,22.1,42.4,2837.1
ghsl_5816_cell_00456,14,22,51.56632641465687,-0.39612780031496936,7708.9,Residential,buildings,17.1,41.8,3563.0
ghsl_5816_cell_00457,15,22,51.56632641465685,-0.38269973928734313,8590.4,Residential,buildings,6.5,44.4,4232.3
ghsl_5816_cell_00458,16,22,51.56632641465686,-0.36927167825971713,9003.5,Residential,buildings,16.2,44.1,4986.3
ghsl_5816_cell_00459,17,22,51.56632641465687,-0.35584361723209107,11098.7,Residential,buildings,2.0,55.1,5791.9
ghsl_5816_cell_00460,18,22,51.56632641465686,-0.342415556204465,4504.6,Residential,buildings,6.9,112.8,6630.4
ghsl_5816_cell_00461,19,22,51.56632641465687,-0.32898749517683884,3180.9,Civic,buildings,30.2,67.5,7007.6
ghsl_5816_cell_00462,20,22,51.56632641465686,-0.31555943414921284,6601.8,Residential,buildings,4.3,56.2,6993.6
ghsl_5816_cell_00463,21,22,51.56632641465687,-0.3021313731215868,9153.0,Residential,buildings,11.7,41.4,6994.0
ghsl_5816_cell_00464,22,22,51.56632641465686,-0.2887033120939606,7168.2,Civic,buildings,6.9,33.9,6994.1
ghsl_5816_cell_00465,23,22,51.56632641465686,-0.2752752510663346,8466.6,Residential,buildings,3.4,63.3,6994.1
ghsl_5816_cell_00466,24,22,51.56632641465687,-0.2618471900387085,8284.4,Residential,buildings,5.0,41.8,6994.0
ghsl_5816_cell_00467,25,22,51.56632641465686,-0.24841912901108248,6621.9,Residential,buildings,6.3,46.6,6993.6
ghsl_5816_cell_00468,26,22,51.56632641465687,-0.23499106798345637,7108.8,Industrial,buildings,3.7,63.5,7009.8
ghsl_5816_cell_00469,27,22,51.56632641465686,-0.2215630069558303,4203.0,Residential,buildings,19.5,51.8,7134.2
ghsl_5816_cell_00470,28,22,51.56632641465686,-0.20813494592820422,8799.7,Residential,buildings,11.6,54.3,7374.7
ghsl_5816_cell_00471,29,22,51.56632641465687,-0.1947068849005781,6565.5,Residential,buildings,19.2,84.7,7720.7
ghsl_5816_cell_00472,30,22,51.56632641465686,-0.18127882387295202,1576.4,Residential,buildings,8.3,131.3,8158.5
ghsl_5816_cell_00473,31,22,51.56632641465685,-0.16785076284532593,53.2,Residential,buildings,100.0,114.2,8674.5
ghsl_5816_cell_00474,32,22,51.56632641465686,-0.1544227018176999,3089.4,Residential,buildings,30.2,97.6,9157.2
ghsl_5816_cell_00475,33,22,51.56632641465686,-0.14099464079007384,10666.4,Residential,buildings,24.2,78.9,9146.0
ghsl_5816_cell_00476,34,22,51.56632641465686,-0.12756657976244776,19157.2,Residential,buildings,14.6,47.3,9146.0
ghsl_5816_cell_00477,35,22,51.56632641465685,-0.11413851873482167,20675.4,Residential,buildings,13.4,37.4,9158.3
ghsl_5816_cell_00478,36,22,51.56632641465686,-0.10071045770719557,12638.2,Residential,buildings,62.1,37.3,9253.2
ghsl_5816_cell_00479,37,22,51.56632641465685,-0.0872823966795695,11068.7,Residential,buildings,6.5,29.2,9439.4
ghsl_5816_cell_00480,38,22,51.56632641465686,-0.07385433565194344,19039.2,Residential,buildings,16.9,32.5,9555.2
ghsl_5816_cell_00481,39,22,51.56632641465687,-0.06042627462431735,20197.8,Residential,buildings,15.9,32.6,9091.0
ghsl_5816_cell_00482,40,22,51.56632641465686,-0.04699821359669126,5086.3,Residential,buildings,51.0,6.8,8701.8
ghsl_5816_cell_00483,41,22,51.56632641465685,-0.03357015256906519,5352.5,Residential,buildings,25.1,9.5,8398.1
ghsl_5816_cell_00484,42,22,51.56632641465686,-0.020142091541439117,12883.6,Residential,buildings,27.9,13.6,8189.4
ghsl_5816_cell_00485,43,22,51.56632641465685,-0.006714030513813038,17031.1,Residential,buildings,6.8,15.8,8083.0
ghsl_5816_cell_00486,44,22,51.56632641465685,0.006714030513813038,14323.2,Residential,buildings,14.1,20.6,8069.7
ghsl_5816_cell_00487,45,22,51.56632641465685,0.020142091541439117,4640.6,Residential,buildings,83.5,28.5,7826.7
ghsl_5816_cell_00488,46,22,51.56632641465685,0.03357015256906519,3451.9,Residential,buildings,72.5,20.6,7251.8
ghsl_5816_cell_00489,47,22,51.56632641465686,0.04699821359669127,1820.7,Residential,buildings,95.4,26.5,6756.7
ghsl_5816_cell_00490,48,22,51.56632641465687,0.060426274624317364,11937.0,Residential,buildings,27.2,15.2,6359.9
ghsl_5816_cell_00491,49,22,51.56632641465686,0.07385433565194342,9174.4,Residential,buildings,57.6,14.9,5837.8
ghsl_5816_cell_00492,50,22,51.56632641465685,0.0872823966795695,10168.7,Civic,buildings,7.4,13.7,5373.4
ghsl_5816_cell_00493,51,22,51.56632641465686,0.10071045770719557,13708.8,Civic,buildings,4.0,14.7,5039.8
ghsl_5816_cell_00494,52,22,51.56632641465686,0.11413851873482167,9440.4,Commercial,buildings,4.8,14.5,4864.0
ghsl_5816_cell_00495,53,22,51.56632641465686,0.12756657976244776,10085.4,Industrial,buildings,5.0,17.7,4841.5
ghsl_5816_cell_00496,54,22,51.56632641465686,0.14099464079007384,6461.0,Industrial,buildings,6.1,27.8,4841.9
ghsl_5816_cell_00497,55,22,51.56632641465686,0.1544227018176999,3992.3,Civic,buildings,51.3,15.6,4842.2
ghsl_5816_cell_00498,56,22,51.56632641465686,0.16785076284532593,4384.7,Industrial,buildings,25.5,16.4,4842.2
ghsl_5816_cell_00499,57,22,51.566326414656864,0.18127882387295208,6060.6,Civic,buildings,9.9,13.5,4842.2
ghsl_5816_cell_00500,58,22,51.56632641465687,0.19470688490057814,6607.9,Civic,buildings,7.0,19.0,4221.2
ghsl_5816_cell_00501,59,22,51.566326414656864,0.20813494592820425,5607.8,Residential,buildings,7.4,27.2,3553.2
ghsl_5816_cell_00502,60,22,51.56632641465686,0.2215630069558303,4589.8,Commercial,buildings,8.0,32.1,2829.6
ghsl_5816_cell_00503,61,22,51.56632641465685,0.23499106798345637,3599.9,Residential,buildings,3.4,31.9,2131.7
ghsl_5816_cell_00504,62,22,51.56632641465686,0.24841912901108243,890.8,Civic,buildings,64.9,24.4,1495.5
ghsl_5816_cell_00505,63,22,51.56632641465685,0.2618471900387085,3616.0,Civic,buildings,16.3,33.8,710.5
ghsl_5816_cell_00506,64,22,51.56632641465686,0.2752752510663346,4273.2,Civic,buildings,7.3,26.1,465.5
ghsl_5816_cell_00507,8,23,51.556658996356184,-0.47663212741618793,2084.3,Utility,buildings,23.5,38.2,465.6
ghsl_5816_cell_00508,9,23,51.556658996356184,-0.46320587030587274,1126.1,Residential,buildings,30.6,57.1,712.7
ghsl_5816_cell_00509,10,23,51.556658996356184,-0.4497796131955576,2597.5,Civic,buildings,12.3,38.6,1498.7
ghsl_5816_cell_00510,11,23,51.556658996356184,-0.43635335608524245,1610.8,Commercial,buildings,74.7,35.4,2138.0
ghsl_5816_cell_00511,12,23,51.556658996356184,-0.4229270989749273,985.3,Utility,buildings,51.3,36.1,2837.3
ghsl_5816_cell_00512,13,23,51.556658996356184,-0.4095008418646121,3159.1,Industrial,buildings,39.7,41.9,3563.1
ghsl_5816_cell_00513,14,23,51.556658996356184,-0.3960745847542971,4185.9,Commercial,buildings,9.4,41.4,4232.6
ghsl_5816_cell_00514,15,23,51.55665899635618,-0.3826483276439818,5102.6,Commercial,buildings,5.4,34.9,4986.7
ghsl_5816_cell_00515,16,23,51.556658996356184,-0.3692220705336666,9498.5,Residential,buildings,15.5,46.3,5642.5
ghsl_5816_cell_00516,17,23,51.556658996356184,-0.3557958134233515,8193.7,Residential,buildings,14.4,60.7,6366.2
ghsl_5816_cell_00517,18,23,51.556658996356184,-0.34236955631303634,6599.5,Residential,buildings,21.4,59.7,7138.0
ghsl_5816_cell_00518,19,23,51.55665899635618,-0.32894329920272125,9710.9,Residential,buildings,9.6,62.9,7944.0
ghsl_5816_cell_00519,20,23,51.556658996356184,-0.315517042092406,8313.4,Residential,buildings,44.2,49.5,8069.2
ghsl_5816_cell_00520,21,23,51.556658996356184,-0.3020907849820909,10381.0,Residential,buildings,12.5,39.9,8069.6
ghsl_5816_cell_00521,22,23,51.556658996356184,-0.28866452787177577,9901.4,Residential,buildings,2.7,65.3,8069.7
ghsl_5816_cell_00522,23,23,51.556658996356184,-0.27523827076146057,3156.2,Civic,buildings,7.8,41.9,8069.7
ghsl_5816_cell_00523,24,23,51.556658996356184,-0.2618120136511454,4060.5,Industrial,buildings,2.9,33.9,8069.6
ghsl_5816_cell_00524,25,23,51.556658996356184,-0.24838575654083034,9212.7,Industrial,buildings,0.4,45.8,8069.2
ghsl_5816_cell_00525,26,23,51.55665899635617,-0.23495949943051514,6911.8,Residential,buildings,49.2,40.8,8083.4
ghsl_5816_cell_00526,27,23,51.55665899635617,-0.22153324232020002,14003.1,Residential,buildings,3.4,47.7,8191.7
ghsl_5816_cell_00527,28,23,51.556658996356184,-0.20810698520988485,9999.9,Residential,buildings,15.0,58.2,8402.3
ghsl_5816_cell_00528,29,23,51.556658996356184,-0.19468072809956968,10622.1,Residential,buildings,16.9,88.7,8707.7
ghsl_5816_cell_00529,30,23,51.556658996356184,-0.18125447098925454,9318.6,Residential,buildings,4.0,113.5,9098.4
ghsl_5816_cell_00530,31,23,51.556658996356184,-0.1678282138789394,9265.7,Residential,buildings,3.4,69.9,9563.9
ghsl_5816_cell_00531,32,23,51.556658996356184,-0.15440195676862428,8742.8,Residential,buildings,14.1,51.7,10094.0
ghsl_5816_cell_00532,33,23,51.556658996356184,-0.14097569965830908,16113.3,Residential,buildings,5.5,46.4,10221.6
ghsl_5816_cell_00533,34,23,51.55665899635618,-0.12754944254799394,15822.3,Residential,buildings,6.2,38.6,10221.6
ghsl_5816_cell_00534,35,23,51.556658996356184,-0.1141231854376788,15330.5,Residential,buildings,3.6,28.7,10232.6
ghsl_5816_cell_00535,36,23,51.556658996356184,-0.10069692832736363,17825.1,Residential,buildings,6.4,36.2,10317.8
ghsl_5816_cell_00536,37,23,51.55665899635617,-0.08727067121704847,17516.0,Residential,buildings,30.5,31.2,10485.1
ghsl_5816_cell_00537,38,23,51.55665899635617,-0.07384441410673333,21339.3,Residential,buildings,4.2,28.7,10479.3
ghsl_5816_cell_00538,39,23,51.556658996356184,-0.0604181569964182,16818.8,Residential,buildings,22.1,21.7,10057.9
ghsl_5816_cell_00539,40,23,51.556658996356184,-0.04699189988610303,15617.0,Residential,buildings,33.7,12.9,9707.6
ghsl_5816_cell_00540,41,23,51.55665899635618,-0.03356564277578788,5339.4,Residential,buildings,100.0,6.9,9436.3
ghsl_5816_cell_00541,42,23,51.55665899635617,-0.020139385665472728,923.6,Commercial,buildings,49.5,12.4,9251.1
ghsl_5816_cell_00542,43,23,51.55665899635617,-0.006713128555157575,13521.0,Residential,buildings,19.4,14.1,9157.0
ghsl_5816_cell_00543,44,23,51.556658996356184,0.006713128555157577,16397.4,Residential,buildings,39.8,16.3,9145.3
ghsl_5816_cell_00544,45,23,51.55665899635617,0.020139385665472728,9883.6,Residential,buildings,50.0,17.4,8669.0
ghsl_5816_cell_00545,46,23,51.55665899635617,0.03356564277578788,3614.8,Residential,buildings,100.0,13.3,8153.6
ghsl_5816_cell_00546,47,23,51.556658996356184,0.04699189988610304,3674.8,Residential,buildings,80.9,13.4,7716.5
ghsl_5816_cell_00547,48,23,51.55665899635618,0.060418156996418185,9826.9,Residential,buildings,2.5,10.6,7252.4
ghsl_5816_cell_00548,49,23,51.55665899635617,0.07384441410673333,13541.7,Residential,buildings,2.6,12.1,6757.1
ghsl_5816_cell_00549,50,23,51.55665899635617,0.08727067121704847,12137.1,Residential,buildings,20.7,10.5,6360.0
ghsl_5816_cell_00550,51,23,51.556658996356184,0.10069692832736366,10053.7,Residential,buildings,1.9,10.5,6080.6
ghsl_5816_cell_00551,52,23,51.55665899635617,0.11412318543767878,7213.5,Civic,buildings,37.9,11.2,5935.5
ghsl_5816_cell_00552,53,23,51.55665899635618,0.12754944254799394,11393.3,Civic,buildings,2.9,12.4,5917.1
ghsl_5816_cell_00553,54,23,51.556658996356184,0.14097569965830908,9407.1,Civic,buildings,14.3,15.5,5917.5
ghsl_5816_cell_00554,55,23,51.556658996356184,0.15440195676862425,8254.0,Civic,buildings,5.0,15.1,5628.5
ghsl_5816_cell_00555,56,23,51.556658996356184,0.1678282138789394,3245.6,Civic,buildings,97.5,13.2,4975.0
ghsl_5816_cell_00556,57,23,51.556658996356184,0.18125447098925454,3221.9,Residential,buildings,100.0,15.9,4221.5
ghsl_5816_cell_00557,58,23,51.556658996356184,0.19468072809956974,4869.2,Residential,buildings,12.1,15.2,3553.3
ghsl_5816_cell_00558,59,23,51.556658996356184,0.20810698520988488,5133.9,Residential,buildings,62.4,23.3,2829.8
ghsl_5816_cell_00559,60,23,51.556658996356184,0.22153324232020002,5526.4,Residential,buildings,7.4,27.8,2131.8
ghsl_5816_cell_00560,61,23,51.556658996356184,0.23495949943051514,5239.7,Residential,buildings,8.9,16.6,1495.7
ghsl_5816_cell_00561,62,23,51.556658996356184,0.24838575654083034,4304.1,Commercial,buildings,12.0,24.7,710.6
ghsl_5816_cell_00562,63,23,51.556658996356184,0.2618120136511454,2472.6,Civic,buildings,28.5,12.7,465.6
ghsl_5816_cell_00563,8,24,51.546992334250966,-0.4765681247567321,4768.0,Commercial,buildings,1.1,44.6,465.6
ghsl_5816_cell_00564,9,24,51.54699233425096,-0.4631436705382325,2538.4,Residential,buildings,21.5,36.7,1396.9
ghsl_5816_cell_00565,10,24,51.546992334250966,-0.44971921631973316,6042.1,Civic,buildings,27.4,38.5,2138.1
ghsl_5816_cell_00566,11,24,51.54699233425096,-0.4362947621012336,3428.4,Civic,buildings,26.7,34.6,2837.5
ghsl_5816_cell_00567,12,24,51.546992334250966,-0.4228703078827341,110.9,Utility,buildings,72.3,34.0,3563.3
ghsl_5816_cell_00568,13,24,51.546992334250966,-0.40944585366423475,206.0,Agricultural,buildings,100.0,31.2,4232.9
ghsl_5816_cell_00569,14,24,51.546992334250966,-0.39602139944573517,743.8,Civic,buildings,100.0,33.6,4987.1
ghsl_5816_cell_00570,15,24,51.54699233425096,-0.3825969452272357,4880.7,Civic,buildings,15.3,49.2,5642.8
ghsl_5816_cell_00571,16,24,51.54699233425096,-0.36917249100873606,5537.9,Industrial,buildings,21.2,40.4,6366.6
ghsl_5816_cell_00572,17,24,51.54699233425096,-0.3557480367902366,6882.2,Industrial,buildings,4.9,32.2,7058.5
ghsl_5816_cell_00573,18,24,51.54699233425096,-0.3423235825717371,3784.7,Industrial,buildings,13.0,33.0,7762.3
ghsl_5816_cell_00574,19,24,51.54699233425096,-0.32889912835323765,1972.9,Residential,buildings,83.2,60.3,8509.7
ghsl_5816_cell_00575,20,24,51.546992334250966,-0.31547467413473823,6020.0,Residential,buildings,48.6,41.9,9144.7
ghsl_5816_cell_00576,21,24,51.54699233425096,-0.3020502199162387,10762.3,Civic,buildings,15.5,39.4,9145.1
ghsl_5816_cell_00577,22,24,51.54699233425096,-0.2886257656977392,9628.0,Civic,buildings,7.6,38.1,9145.2
ghsl_5816_cell_00578,23,24,51.54699233425096,-0.2752013114792396,7939.5,Residential,buildings,19.1,31.8,9145.2
ghsl_5816_cell_00579,24,24,51.54699233425096,-0.2617768572607402,12902.9,Utility,buildings,8.0,32.5,9145.1
ghsl_5816_cell_00580,25,24,51.54699233425095,-0.24835240304224065,11341.7,Civic,buildings,20.0,35.9,9144.7
ghsl_5816_cell_00581,26,24,51.54699233425096,-0.23492794882374118,16487.9,Residential,buildings,11.4,48.0,9157.3
ghsl_5816_cell_00582,27,24,51.54699233425095,-0.22150349460524166,10589.6,Residential,buildings,3.4,53.2,9253.3
ghsl_5816_cell_00583,28,24,51.54699233425096,-0.20807904038674216,14399.8,Residential,buildings,0.9,55.0,9440.4
ghsl_5816_cell_00584,29,24,51.54699233425096,-0.19465458616824272,17733.2,Residential,buildings,7.7,51.4,9713.4
ghsl_5816_cell_00585,30,24,51.54699233425096,-0.1812301319497432,14150.8,Residential,buildings,5.2,47.3,10065.4
ghsl_5816_cell_00586,31,24,51.54699233425096,-0.1678056777312437,17429.7,Residential,buildings,3.8,61.6,10488.3
ghsl_5816_cell_00587,32,24,51.54699233425096,-0.15438122351274422,19926.7,Residential,buildings,9.6,39.8,10973.9
ghsl_5816_cell_00588,33,24,51.54699233425096,-0.14095676929424467,16727.0,Residential,buildings,13.8,33.3,11297.1
ghsl_5816_cell_00589,34,24,51.54699233425096,-0.12753231507574517,15780.6,Residential,buildings,13.5,55.9,11297.1
ghsl_5816_cell_00590,35,24,51.54699233425096,-0.11410786085724571,18304.2,Residential,buildings,8.6,39.3,11307.1
ghsl_5816_cell_00591,36,24,51.54699233425095,-0.10068340663874621,12522.0,Residential,buildings,18.7,31.6,11384.3
ghsl_5816_cell_00592,37,24,51.54699233425096,-0.08725895242024673,19864.7,Residential,buildings,7.9,25.6,11536.3
ghsl_5816_cell_00593,38,24,51.54699233425096,-0.07383449820174723,17954.5,Residential,buildings,3.3,18.2,11429.9
ghsl_5816_cell_00594,39,24,51.54699233425096,-0.06041004398324772,18147.0,Residential,buildings,4.7,16.5,11044.8
ghsl_5816_cell_00595,40,24,51.546992334250945,-0.04698558976474823,19740.3,Residential,buildings,7.4,15.4,10726.8
ghsl_5816_cell_00596,41,24,51.54699233425095,-0.03356113554624874,11967.5,Residential,buildings,25.0,13.7,10482.0
ghsl_5816_cell_00597,42,24,51.54699233425096,-0.02013668132774924,1183.9,Residential,buildings,100.0,10.4,10315.5
ghsl_5816_cell_00598,43,24,51.54699233425096,-0.0067122271092497484,2451.7,Residential,buildings,25.0,15.1,10231.3
ghsl_5816_cell_00599,44,24,51.546992334250945,0.006712227109249747,18853.5,Residential,buildings,24.1,11.0,10087.6
ghsl_5816_cell_00600,45,24,51.546992334250945,0.020136681327749244,17411.2,Residential,buildings,30.0,12.0,9558.1
ghsl_5816_cell_00601,46,24,51.54699233425095,0.03356113554624874,21067.9,Residential,buildings,27.5,10.7,9093.2
ghsl_5816_cell_00602,47,24,51.546992334250945,0.04698558976474823,19977.7,Residential,buildings,22.0,10.1,8669.7
ghsl_5816_cell_00603,48,24,51.54699233425096,0.06041004398324772,17767.5,Residential,buildings,18.0,7.9,8154.1
ghsl_5816_cell_00604,49,24,51.54699233425096,0.07383449820174723,15516.8,Residential,buildings,1.7,9.1,7716.8
ghsl_5816_cell_00605,50,24,51.54699233425096,0.08725895242024673,7532.8,Residential,buildings,45.1,13.8,7371.5
ghsl_5816_cell_00606,51,24,51.54699233425095,0.10068340663874621,10220.8,Civic,buildings,8.7,9.5,7131.7
ghsl_5816_cell_00607,52,24,51.54699233425096,0.11410786085724571,7836.2,Residential,buildings,52.7,6.8,7008.2
ghsl_5816_cell_00608,53,24,51.54699233425096,0.12753231507574522,6636.9,Civic,buildings,26.4,8.3,6352.2
ghsl_5816_cell_00609,54,24,51.54699233425096,0.1409567692942447,8480.3,Civic,buildings,28.2,7.6,5628.8
ghsl_5816_cell_00610,55,24,51.54699233425096,0.1543812235127442,9280.7,Industrial,buildings,7.2,11.4,4975.3
ghsl_5816_cell_00611,56,24,51.54699233425096,0.1678056777312437,4076.9,Civic,buildings,11.5,11.8,4221.8
ghsl_5816_cell_00612,57,24,51.54699233425096,0.1812301319497432,448.0,Residential,buildings,32.2,8.0,3553.5
ghsl_5816_cell_00613,58,24,51.54699233425096,0.19465458616824272,7012.8,Residential,buildings,5.4,11.2,2830.0
ghsl_5816_cell_00614,59,24,51.54699233425096,0.20807904038674216,7297.3,Residential,buildings,9.0,12.5,2131.9
ghsl_5816_cell_00615,60,24,51.54699233425095,0.22150349460524166,2152.0,Residential,buildings,18.4,8.5,1495.8
ghsl_5816_cell_00616,61,24,51.54699233425096,0.23492794882374118,1336.4,Residential,buildings,66.5,22.8,710.6
ghsl_5816_cell_00617,62,24,51.54699233425096,0.24835240304224068,4170.9,Civic,buildings,8.6,21.0,465.6
ghsl_5816_cell_00618,7,25,51.53732642797348,-0.4899268108235578,3097.8,Industrial,buildings,1.9,32.0,465.7
ghsl_5816_cell_00619,8,25,51.53732642797348,-0.4765041584722274,7336.1,Civic,buildings,11.5,37.8,709.9
ghsl_5816_cell_00620,9,25,51.53732642797349,-0.463081506120897,3035.8,Civic,buildings,30.4,49.8,1494.8
ghsl_5816_cell_00621,10,25,51.53732642797348,-0.4496588537695667,7240.8,Civic,buildings,0.0,57.1,2387.5
ghsl_5816_cell_00622,11,25,51.53732642797349,-0.4362362014182364,2384.9,Green,land_use,67.8,38.0,3301.6
ghsl_5816_cell_00623,12,25,51.53732642797348,-0.42281354906690605,4082.5,Residential,land_use,34.3,32.5,4223.3
ghsl_5816_cell_00624,13,25,51.53732642797348,-0.4093908967155757,2673.0,Civic,buildings,66.3,32.1,4987.5
ghsl_5816_cell_00625,14,25,51.53732642797348,-0.3959682443642453,6874.3,Residential,buildings,26.7,34.4,5643.2
ghsl_5816_cell_00626,15,25,51.53732642797348,-0.382545592012915,6904.3,Residential,buildings,64.3,33.4,6367.1
ghsl_5816_cell_00627,16,25,51.53732642797348,-0.3691229396615846,6180.8,Industrial,buildings,40.9,35.7,7058.9
ghsl_5816_cell_00628,17,25,51.53732642797349,-0.3557002873102542,6242.0,Residential,buildings,16.7,22.8,7762.8
ghsl_5816_cell_00629,18,25,51.53732642797349,-0.3422776349589239,6202.0,Industrial,buildings,14.4,21.7,8477.4
ghsl_5816_cell_00630,19,25,51.53732642797349,-0.3288549826075936,5452.9,Commercial,buildings,28.7,20.2,9167.1
ghsl_5816_cell_00631,20,25,51.53732642797348,-0.31543233025626327,5759.7,Industrial,buildings,2.2,27.7,9896.4
ghsl_5816_cell_00632,21,25,51.53732642797348,-0.3020096779049329,6092.5,Industrial,buildings,12.2,32.7,10220.5
ghsl_5816_cell_00633,22,25,51.53732642797348,-0.2885870255536025,7679.1,Industrial,buildings,6.6,25.8,10220.7
ghsl_5816_cell_00634,23,25,51.53732642797348,-0.2751643732022722,1138.4,Industrial,buildings,1.5,28.7,10220.6
ghsl_5816_cell_00635,24,25,51.53732642797348,-0.26174172085094183,5515.4,Industrial,buildings,3.8,34.6,10220.5
ghsl_5816_cell_00636,25,25,51.53732642797349,-0.2483190684996115,16901.3,Residential,buildings,1.2,47.0,10220.1
ghsl_5816_cell_00637,26,25,51.53732642797348,-0.23489641614828113,10549.5,Residential,buildings,27.5,57.0,10231.5
ghsl_5816_cell_00638,27,25,51.53732642797348,-0.2214737637969508,11459.5,Residential,buildings,9.4,55.5,10317.7
ghsl_5816_cell_00639,28,25,51.53732642797348,-0.2080511114456204,9435.6,Residential,buildings,31.1,39.3,10486.0
ghsl_5816_cell_00640,29,25,51.53732642797348,-0.19462845909429008,20652.4,Residential,buildings,4.6,36.6,10732.6
ghsl_5816_cell_00641,30,25,51.53732642797348,-0.1812058067429597,15987.8,Residential,buildings,4.3,43.3,11052.3
ghsl_5816_cell_00642,31,25,51.53732642797348,-0.16778315439162936,9260.4,Residential,buildings,30.4,43.1,11439.0
ghsl_5816_cell_00643,32,25,51.53732642797349,-0.154360502040299,6386.7,Residential,buildings,15.1,35.2,11886.0
ghsl_5816_cell_00644,33,25,51.5373264279735,-0.14093784968896866,15634.2,Residential,buildings,4.3,31.0,12372.5
ghsl_5816_cell_00645,34,25,51.5373264279735,-0.12751519733763836,7159.3,Residential,buildings,9.5,25.8,12372.5
ghsl_5816_cell_00646,35,25,51.537326427973504,-0.114092544986308,17759.7,Residential,buildings,13.6,32.4,12381.7
ghsl_5816_cell_00647,36,25,51.53732642797349,-0.10066989263497761,17594.9,Residential,buildings,4.7,32.3,12452.3
ghsl_5816_cell_00648,37,25,51.537326427973504,-0.08724724028364729,17997.2,Residential,buildings,16.0,17.7,12591.5
ghsl_5816_cell_00649,38,25,51.537326427973504,-0.07382458793231693,18027.5,Residential,buildings,15.9,18.1,12400.9
ghsl_5816_cell_00650,39,25,51.53732642797348,-0.06040193558098657,15980.2,Residential,buildings,17.8,19.3,12046.9
ghsl_5816_cell_00651,40,25,51.53732642797349,-0.04697928322965623,13387.1,Residential,buildings,23.6,17.4,11756.0
ghsl_5816_cell_00652,41,25,51.53732642797349,-0.033556630878325874,9742.2,Residential,buildings,100.0,13.2,11533.1
ghsl_5816_cell_00653,42,25,51.53732642797349,-0.020133978526995527,4447.4,Residential,buildings,9.5,7.1,11382.0
ghsl_5816_cell_00654,43,25,51.53732642797348,-0.006711326175665175,5517.5,Residential,buildings,12.3,3.8,11305.7
ghsl_5816_cell_00655,44,25,51.53732642797348,0.006711326175665175,15903.4,Residential,buildings,24.6,6.2,10967.1
ghsl_5816_cell_00656,45,25,51.53732642797348,0.020133978526995524,15386.4,Residential,buildings,57.7,11.3,10482.1
ghsl_5816_cell_00657,46,25,51.53732642797349,0.033556630878325874,23247.2,Residential,buildings,20.2,10.4,10060.0
ghsl_5816_cell_00658,47,25,51.53732642797349,0.04697928322965623,19190.8,Residential,buildings,13.3,10.2,9558.8
ghsl_5816_cell_00659,48,25,51.53732642797348,0.06040193558098657,18249.0,Residential,buildings,19.2,8.0,9093.6
ghsl_5816_cell_00660,49,25,51.537326427973504,0.07382458793231693,8624.6,Residential,buildings,16.6,4.7,8703.5
ghsl_5816_cell_00661,50,25,51.537326427973504,0.08724724028364729,15044.7,Residential,buildings,3.4,7.8,7931.0
ghsl_5816_cell_00662,51,25,51.53732642797349,0.10066989263497761,8350.4,Civic,buildings,14.0,7.6,7124.7
ghsl_5816_cell_00663,52,25,51.537326427973504,0.114092544986308,9333.8,Residential,buildings,11.6,6.9,6352.7
ghsl_5816_cell_00664,53,25,51.53732642797348,0.1275151973376383,9373.7,Residential,buildings,9.2,9.2,5629.2
ghsl_5816_cell_00665,54,25,51.53732642797348,0.14093784968896866,10168.1,Residential,buildings,16.9,6.9,4975.5
ghsl_5816_cell_00666,55,25,51.53732642797349,0.154360502040299,9795.6,Residential,buildings,23.5,8.3,4222.1
ghsl_5816_cell_00667,56,25,51.53732642797348,0.16778315439162936,6030.5,Civic,buildings,5.8,7.2,3553.6
ghsl_5816_cell_00668,57,25,51.53732642797348,0.18120580674295975,2555.9,Residential,buildings,81.6,7.8,2830.3
ghsl_5816_cell_00669,58,25,51.53732642797348,0.19462845909429008,6722.4,Residential,buildings,7.4,9.9,2132.0
ghsl_5816_cell_00670,59,25,51.53732642797348,0.20805111144562044,1428.8,Residential,buildings,100.0,10.6,1496.0
ghsl_5816_cell_00671,60,25,51.53732642797348,0.2214737637969508,5.0,Green,land_use,84.5,9.8,710.6
ghsl_5816_cell_00672,61,25,51.53732642797348,0.23489641614828113,25.6,Industrial,buildings,86.4,11.5,465.7
ghsl_5816_cell_00673,8,26,51.527661277156355,-0.47644022853257867,6639.9,Civic,buildings,11.7,36.1,465.7
ghsl_5816_cell_00674,9,26,51.52766127715634,-0.4630193770246187,4237.5,Civic,buildings,32.6,41.1,1397.1
ghsl_5816_cell_00675,10,26,51.52766127715634,-0.4495985255166588,7074.2,Civic,buildings,5.6,47.1,2328.4
ghsl_5816_cell_00676,11,26,51.52766127715634,-0.4361776740086989,4164.9,Civic,buildings,17.0,43.7,3259.8
ghsl_5816_cell_00677,12,26,51.527661277156355,-0.42275682250073887,8780.9,Civic,buildings,6.0,34.6,4191.2
ghsl_5816_cell_00678,13,26,51.52766127715634,-0.4093359709927789,5523.8,Civic,buildings,90.5,31.4,5122.6
ghsl_5816_cell_00679,14,26,51.52766127715634,-0.39591511948481894,8013.8,Residential,buildings,12.9,33.2,6054.0
ghsl_5816_cell_00680,15,26,51.52766127715634,-0.3824942679768589,9230.7,Residential,buildings,32.1,32.7,6985.4
ghsl_5816_cell_00681,16,26,51.52766127715634,-0.369073416468899,10648.0,Civic,buildings,12.5,44.3,7763.4
ghsl_5816_cell_00682,17,26,51.52766127715634,-0.3556525649609391,6651.6,Residential,buildings,20.7,34.6,8477.9
ghsl_5816_cell_00683,18,26,51.52766127715634,-0.34223171345297904,4531.7,Residential,buildings,54.6,16.3,9167.8
ghsl_5816_cell_00684,19,26,51.52766127715634,-0.32881086194501913,4606.2,Residential,buildings,36.4,20.3,9897.2
ghsl_5816_cell_00685,20,26,51.52766127715634,-0.31539001043705917,5828.9,Residential,buildings,60.1,24.5,10577.2
ghsl_5816_cell_00686,21,26,51.52766127715634,-0.3019691589290992,5674.1,Residential,buildings,27.0,33.7,11292.4
ghsl_5816_cell_00687,22,26,51.52766127715634,-0.2885483074211391,4461.2,Residential,buildings,6.4,47.0,11296.0
ghsl_5816_cell_00688,23,26,51.52766127715634,-0.2751274559131793,937.3,Industrial,buildings,0.1,34.5,11296.0
ghsl_5816_cell_00689,24,26,51.52766127715634,-0.2617066044052193,2264.5,Residential,buildings,7.3,38.0,11295.8
ghsl_5816_cell_00690,25,26,51.52766127715634,-0.24828575289725935,1541.3,Industrial,buildings,0.2,35.3,11295.5
ghsl_5816_cell_00691,26,26,51.52766127715634,-0.23486490138929933,3016.3,Industrial,buildings,23.1,33.6,11305.8
ghsl_5816_cell_00692,27,26,51.52766127715634,-0.22144404988133942,10387.9,Residential,buildings,30.3,37.3,11384.0
ghsl_5816_cell_00693,28,26,51.52766127715634,-0.20802319837337946,24941.1,Residential,buildings,6.1,32.1,11537.0
ghsl_5816_cell_00694,29,26,51.52766127715634,-0.19460234686541947,23758.8,Residential,buildings,22.2,29.5,11761.8
ghsl_5816_cell_00695,30,26,51.52766127715634,-0.18118149535745948,20741.2,Residential,buildings,10.1,26.3,12054.4
ghsl_5816_cell_00696,31,26,51.52766127715634,-0.16776064384949954,17030.7,Residential,buildings,14.3,33.8,12410.0
ghsl_5816_cell_00697,32,26,51.52766127715634,-0.15433979234153955,2725.6,Residential,buildings,100.0,39.5,12823.4
ghsl_5816_cell_00698,33,26,51.52766127715634,-0.14091894083357961,15812.0,Residential,buildings,8.7,29.9,13289.1
ghsl_5816_cell_00699,34,26,51.52766127715634,-0.12749808932561968,17199.1,Residential,buildings,7.7,28.2,13447.8
ghsl_5816_cell_00700,35,26,51.52766127715634,-0.11407723781765969,17575.2,Residential,buildings,14.3,21.1,13456.3
ghsl_5816_cell_00701,36,26,51.52766127715634,-0.10065638630969974,19242.5,Residential,buildings,9.9,25.7,13521.4
ghsl_5816_cell_00702,37,26,51.52766127715634,-0.08723553480173976,19933.2,Residential,buildings,7.2,24.5,13649.8
ghsl_5816_cell_00703,38,26,51.52766127715634,-0.0738146832937798,18647.3,Residential,buildings,9.3,19.2,13387.7
ghsl_5816_cell_00704,39,26,51.52766127715634,-0.06039383178581985,19872.7,Residential,buildings,21.3,16.8,13060.5
ghsl_5816_cell_00705,40,26,51.52766127715634,-0.046972980277859865,20958.6,Residential,buildings,53.3,13.9,12792.7
ghsl_5816_cell_00706,41,26,51.52766127715634,-0.0335521287698999,17142.3,Residential,buildings,19.1,17.3,12588.2
ghsl_5816_cell_00707,42,26,51.527661277156355,-0.020131277261939945,19313.0,Residential,buildings,7.3,12.9,12449.9
ghsl_5816_cell_00708,43,26,51.527661277156355,-0.0067104257539799825,4309.7,Residential,buildings,12.2,5.2,12379.2
ghsl_5816_cell_00709,44,26,51.527661277156355,0.0067104257539799825,7786.7,Residential,buildings,30.2,2.4,11878.9
ghsl_5816_cell_00710,45,26,51.527661277156355,0.020131277261939945,15509.1,Residential,buildings,39.3,5.8,11432.6
ghsl_5816_cell_00711,46,26,51.52766127715634,0.03355212876989991,18293.2,Residential,buildings,23.6,8.0,10967.9
ghsl_5816_cell_00712,47,26,51.527661277156355,0.04697298027785987,18597.1,Residential,buildings,26.9,6.5,10140.5
ghsl_5816_cell_00713,48,26,51.52766127715634,0.060393831785819835,15306.5,Residential,buildings,14.4,6.5,9245.5
ghsl_5816_cell_00714,49,26,51.52766127715634,0.0738146832937798,2671.1,Industrial,buildings,26.1,7.5,8358.5
ghsl_5816_cell_00715,50,26,51.52766127715634,0.08723553480173976,5570.3,Industrial,buildings,7.3,2.3,7482.4
ghsl_5816_cell_00716,51,26,51.52766127715635,0.10065638630969974,4172.9,Residential,buildings,8.3,3.0,6621.4
ghsl_5816_cell_00717,52,26,51.52766127715634,0.1140772378176597,4475.8,Residential,buildings,4.1,3.0,5782.4
ghsl_5816_cell_00718,53,26,51.52766127715635,0.12749808932561968,1027.1,Residential,buildings,7.8,2.1,4976.4
ghsl_5816_cell_00719,54,26,51.52766127715634,0.14091894083357961,1028.4,Industrial,buildings,4.8,2.0,4222.4
ghsl_5816_cell_00720,55,26,51.52766127715634,0.15433979234153955,3733.8,Residential,buildings,0.9,0.0,3553.8
ghsl_5816_cell_00721,56,26,51.52766127715634,0.16776064384949954,2549.1,Residential,buildings,58.0,4.4,2830.5
ghsl_5816_cell_00722,57,26,51.52766127715634,0.1811814953574595,5578.3,Residential,buildings,7.3,8.0,2132.1
ghsl_5816_cell_00723,58,26,51.527661277156355,0.1946023468654195,1900.0,Residential,buildings,84.9,7.7,1496.1
ghsl_5816_cell_00724,59,26,51.52766127715634,0.20802319837337946,2509.8,Residential,buildings,45.0,5.2,710.7
ghsl_5816_cell_00725,60,26,51.52766127715634,0.22144404988133942,1602.5,Residential,buildings,100.0,6.7,465.7
ghsl_5816_cell_00726,8,27,51.5179968814324,-0.47637633490772624,4783.6,Residential,buildings,9.1,33.5,465.7
ghsl_5816_cell_00727,9,27,51.5179968814324,-0.4629572832201847,7148.9,Civic,buildings,2.8,30.7,1397.2
ghsl_5816_cell_00728,10,27,51.51799688143239,-0.44953823153264316,2724.4,Agricultural,buildings,100.0,43.0,2328.6
ghsl_5816_cell_00729,11,27,51.51799688143239,-0.4361191798451016,7416.2,Residential,buildings,3.6,42.3,3260.1
ghsl_5816_cell_00730,12,27,51.51799688143239,-0.42270012815756,6861.7,Civic,buildings,29.3,39.5,4191.5
ghsl_5816_cell_00731,13,27,51.5179968814324,-0.4092810764700184,8724.6,Commercial,buildings,0.7,35.3,5123.0
ghsl_5816_cell_00732,14,27,51.5179968814324,-0.3958620247824769,6423.5,Industrial,buildings,16.1,30.8,6054.4
ghsl_5816_cell_00733,15,27,51.51799688143239,-0.3824429730949352,9199.9,Commercial,buildings,50.0,31.0,6985.9
ghsl_5816_cell_00734,16,27,51.5179968814324,-0.3690239214073936,11891.9,Residential,buildings,11.4,37.3,7917.4
ghsl_5816_cell_00735,17,27,51.5179968814324,-0.3556048697198521,5670.3,Residential,buildings,34.9,26.6,8848.8
ghsl_5816_cell_00736,18,27,51.5179968814324,-0.34218581803231046,7809.1,Residential,buildings,31.3,17.9,9780.3
ghsl_5816_cell_00737,19,27,51.51799688143239,-0.32876676634476887,10851.0,Residential,buildings,13.1,35.6,10577.9
ghsl_5816_cell_00738,20,27,51.5179968814324,-0.31534771465722733,9083.7,Residential,buildings,2.0,41.2,11293.3
ghsl_5816_cell_00739,21,27,51.5179968814324,-0.3019286629696857,7970.5,Residential,buildings,3.8,38.7,11990.7
ghsl_5816_cell_00740,22,27,51.5179968814324,-0.28850961128214414,6409.5,Residential,buildings,15.9,35.8,12371.2
ghsl_5816_cell_00741,23,27,51.5179968814324,-0.2750905595946025,6052.3,Residential,buildings,20.3,30.6,12371.2
ghsl_5816_cell_00742,24,27,51.5179968814324,-0.2616715079070609,9944.8,Residential,buildings,1.7,34.5,12371.0
ghsl_5816_cell_00743,25,27,51.5179968814324,-0.24825245621951933,7298.9,Residential,buildings,3.0,18.0,12370.7
ghsl_5816_cell_00744,26,27,51.5179968814324,-0.2348334045319778,6023.7,Residential,buildings,94.5,21.2,12380.2
ghsl_5816_cell_00745,27,27,51.5179968814324,-0.22141435284443622,12667.4,Residential,buildings,8.1,11.5,12451.9
ghsl_5816_cell_00746,28,27,51.5179968814324,-0.20799530115689463,21371.4,Residential,buildings,5.9,23.0,12592.0
ghsl_5816_cell_00747,29,27,51.5179968814324,-0.19457624946935304,23747.5,Residential,buildings,6.4,29.0,12798.5
ghsl_5816_cell_00748,30,27,51.5179968814324,-0.1811571977818114,18142.5,Residential,buildings,9.2,35.3,13068.0
ghsl_5816_cell_00749,31,27,51.5179968814324,-0.16773814609426982,19795.6,Residential,buildings,5.3,34.5,13396.9
ghsl_5816_cell_00750,32,27,51.5179968814324,-0.15431909440672822,14882.0,Residential,buildings,4.1,32.3,13780.8
ghsl_5816_cell_00751,33,27,51.5179968814324,-0.14090004271918663,10757.4,Commercial,buildings,1.9,37.7,14215.3
ghsl_5816_cell_00752,34,27,51.5179968814324,-0.1274809910316451,11425.5,Commercial,buildings,8.1,32.7,14523.1
ghsl_5816_cell_00753,35,27,51.5179968814324,-0.11406193934410348,8557.6,Commercial,buildings,8.3,28.1,14531.0
ghsl_5816_cell_00754,36,27,51.5179968814324,-0.10064288765656189,7089.7,Commercial,buildings,6.6,19.7,14591.3
ghsl_5816_cell_00755,37,27,51.51799688143239,-0.0872238359690203,3122.3,Commercial,buildings,6.1,16.7,14710.4
ghsl_5816_cell_00756,38,27,51.51799688143238,-0.07380478428147871,13786.0,Commercial,buildings,5.8,19.5,14387.1
ghsl_5816_cell_00757,39,27,51.5179968814324,-0.06038573259393715,20331.8,Residential,buildings,7.3,22.6,14083.2
ghsl_5816_cell_00758,40,27,51.51799688143238,-0.04696668090639555,20509.6,Residential,buildings,25.8,9.0,13835.2
ghsl_5816_cell_00759,41,27,51.51799688143239,-0.033547629218853965,18062.3,Residential,buildings,20.4,7.7,13646.3
ghsl_5816_cell_00760,42,27,51.51799688143239,-0.02012857753131238,18653.1,Residential,buildings,15.5,8.6,13518.9
ghsl_5816_cell_00761,43,27,51.51799688143239,-0.0067095258437707955,7636.6,Residential,buildings,9.3,4.2,13281.0
ghsl_5816_cell_00762,44,27,51.51799688143239,0.0067095258437707955,7469.3,Residential,buildings,13.5,2.1,12677.1
ghsl_5816_cell_00763,45,27,51.51799688143239,0.02012857753131238,16316.5,Residential,buildings,4.1,1.8,11753.6
ghsl_5816_cell_00764,46,27,51.51799688143239,0.033547629218853965,11758.9,Residential,buildings,25.8,2.5,10831.6
ghsl_5816_cell_00765,47,27,51.51799688143238,0.04696668090639555,9858.0,Residential,buildings,40.5,7.1,9911.3
ghsl_5816_cell_00766,48,27,51.5179968814324,0.06038573259393715,7073.9,Residential,buildings,13.5,4.6,8993.4
ghsl_5816_cell_00767,49,27,51.51799688143238,0.07380478428147871,701.7,Industrial,buildings,8.9,4.0,8078.6
ghsl_5816_cell_00768,50,27,51.5179968814324,0.08722383596902031,348.6,Industrial,buildings,10.4,6.7,7168.2
ghsl_5816_cell_00769,51,27,51.5179968814324,0.1006428876565619,356.0,Industrial,buildings,5.2,13.6,6264.0
ghsl_5816_cell_00770,52,27,51.5179968814324,0.11406193934410348,990.1,Residential,buildings,10.9,5.6,5369.1
ghsl_5816_cell_00771,53,27,51.5179968814324,0.12748099103164512,60.6,Residential,buildings,1.4,0.0,4489.3
ghsl_5816_cell_00772,54,27,51.51799688143239,0.14090004271918663,260.4,Industrial,buildings,0.0,6.1,3635.3
ghsl_5816_cell_00773,55,27,51.5179968814324,0.15431909440672822,271.5,Industrial,buildings,0.8,3.0,2830.7
ghsl_5816_cell_00774,56,27,51.5179968814324,0.16773814609426987,307.2,Industrial,buildings,0.7,7.9,2132.2
ghsl_5816_cell_00775,57,27,51.5179968814324,0.18115719778181147,307.4,Industrial,buildings,1.9,0.5,1496.2
ghsl_5816_cell_00776,58,27,51.5179968814324,0.19457624946935298,4586.3,Residential,buildings,38.7,5.6,710.7
ghsl_5816_cell_00777,59,27,51.51799688143239,0.20799530115689457,3771.8,Residential,buildings,73.5,9.1,465.7
ghsl_5816_cell_00778,8,28,51.50833324043472,-0.47631247756764605,5845.2,Residential,buildings,8.1,30.9,465.8
ghsl_5816_cell_00779,9,28,51.50833324043472,-0.46289522467841665,5334.4,Residential,buildings,6.7,28.2,1397.3
ghsl_5816_cell_00780,10,28,51.50833324043472,-0.4494779717891871,1529.2,Industrial,buildings,2.0,40.5,2328.8
ghsl_5816_cell_00781,11,28,51.50833324043472,-0.43606071889995773,1354.7,Industrial,buildings,31.2,35.1,3260.3
ghsl_5816_cell_00782,12,28,51.50833324043472,-0.4226434660107282,5482.5,Industrial,buildings,7.4,33.2,4191.9
ghsl_5816_cell_00783,13,28,51.50833324043472,-0.40922621312149876,5948.1,Industrial,buildings,1.9,32.7,5123.4
ghsl_5816_cell_00784,14,28,51.50833324043472,-0.3958089602322693,1739.7,Industrial,buildings,57.8,30.2,6054.9
ghsl_5816_cell_00785,15,28,51.50833324043472,-0.38239170734303973,12074.9,Residential,buildings,1.4,31.2,6986.4
ghsl_5816_cell_00786,16,28,51.50833324043472,-0.36897445445381033,5036.5,Industrial,buildings,12.7,30.3,7918.0
ghsl_5816_cell_00787,17,28,51.50833324043472,-0.3555572015645808,3935.2,Industrial,buildings,71.4,25.9,8849.5
ghsl_5816_cell_00788,18,28,51.50833324043472,-0.3421399486753514,7193.3,Residential,buildings,32.4,15.2,9781.0
ghsl_5816_cell_00789,19,28,51.50833324043472,-0.3287226957861219,13017.3,Residential,buildings,15.5,26.3,10712.6
ghsl_5816_cell_00790,20,28,51.50833324043472,-0.3153054428968925,10769.8,Residential,buildings,30.4,32.1,11644.1
ghsl_5816_cell_00791,21,28,51.50833324043472,-0.301888190007663,8963.9,Residential,buildings,7.9,31.1,12575.6
ghsl_5816_cell_00792,22,28,51.50833324043472,-0.2884709371184335,6286.3,Residential,buildings,22.3,31.6,13406.4
ghsl_5816_cell_00793,23,28,51.50833324043472,-0.27505368422920407,11760.3,Residential,buildings,10.3,25.7,13446.4
ghsl_5816_cell_00794,24,28,51.50833324043472,-0.2616364313399746,10293.0,Industrial,buildings,23.9,18.2,13446.2
ghsl_5816_cell_00795,25,28,51.50833324043472,-0.2482191784507451,15197.4,Residential,buildings,10.2,8.6,13445.9
ghsl_5816_cell_00796,26,28,51.50833324043472,-0.2348019255615157,19139.9,Residential,buildings,12.7,8.6,13454.7
ghsl_5816_cell_00797,27,28,51.50833324043471,-0.22138467267228618,9478.3,Commercial,buildings,9.0,26.7,13520.8
ghsl_5816_cell_00798,28,28,51.50833324043471,-0.20796741978305675,11932.5,Residential,buildings,17.1,16.4,13650.1
ghsl_5816_cell_00799,29,28,51.50833324043472,-0.19455016689382723,15616.9,Residential,buildings,8.7,31.3,13840.9
ghsl_5816_cell_00800,30,28,51.50833324043472,-0.18113291400459774,5929.6,Residential,buildings,100.0,33.7,14090.7
ghsl_5816_cell_00801,31,28,51.50833324043472,-0.16771566111536826,908.8,Residential,buildings,100.0,24.6,14396.3
ghsl_5816_cell_00802,32,28,51.50833324043472,-0.15429840822613883,3369.8,Residential,buildings,24.9,36.1,14754.4
ghsl_5816_cell_00803,33,28,51.50833324043472,-0.1408811553369094,3064.3,Commercial,buildings,27.7,33.8,15161.1
ghsl_5816_cell_00804,34,28,51.50833324043472,-0.12746390244767994,4100.4,Commercial,buildings,9.7,12.1,15598.2
ghsl_5816_cell_00805,35,28,51.50833324043473,-0.11404664955845047,3671.7,Commercial,buildings,9.2,1.0,15605.6
ghsl_5816_cell_00806,36,28,51.50833324043472,-0.10062939666922101,4499.4,Office,buildings,3.6,5.7,15661.9
ghsl_5816_cell_00807,37,28,51.50833324043472,-0.08721214377999152,1710.7,Commercial,buildings,1.5,0.5,15730.3
ghsl_5816_cell_00808,38,28,51.508333240434716,-0.07379489089076204,6102.3,Residential,buildings,6.5,9.4,15396.7
ghsl_5816_cell_00809,39,28,51.50833324043472,-0.060377638001532605,20033.4,Residential,buildings,14.1,11.6,15113.1
ghsl_5816_cell_00810,40,28,51.50833324043473,-0.04696038511230314,11606.3,Residential,buildings,10.3,0.5,14882.3
ghsl_5816_cell_00811,41,28,51.508333240434716,-0.03354313222307367,12161.2,Residential,buildings,8.4,0.5,14706.9
ghsl_5816_cell_00812,42,28,51.508333240434716,-0.0201258793338442,10985.7,Residential,buildings,9.4,7.1,14078.2
ghsl_5816_cell_00813,43,28,51.508333240434716,-0.006708626444614734,11987.2,Residential,buildings,5.5,3.4,13382.4
ghsl_5816_cell_00814,44,28,51.508333240434716,0.0067086264446147344,1531.9,Residential,buildings,9.5,7.3,12586.9
ghsl_5816_cell_00815,45,28,51.508333240434716,0.020125879333844195,10539.9,Residential,buildings,8.4,8.8,11656.3
ghsl_5816_cell_00816,46,28,51.508333240434716,0.03354313222307366,4006.9,Commercial,buildings,6.1,25.2,10725.8
ghsl_5816_cell_00817,47,28,51.50833324043473,0.04696038511230314,2753.0,Residential,buildings,22.5,5.6,9795.5
ghsl_5816_cell_00818,48,28,51.50833324043473,0.060377638001532605,4185.8,Residential,buildings,27.4,3.7,8865.5
ghsl_5816_cell_00819,49,28,51.508333240434716,0.07379489089076205,2565.0,Residential,buildings,5.0,5.4,7935.8
ghsl_5816_cell_00820,50,28,51.50833324043473,0.08721214377999154,384.2,Residential,buildings,2.4,0.0,7006.6
ghsl_5816_cell_00821,51,28,51.50833324043472,0.100629396669221,882.8,Commercial,buildings,0.4,6.8,6078.2
ghsl_5816_cell_00822,52,28,51.50833324043473,0.11404664955845047,8150.2,Civic,buildings,7.0,3.9,5150.9
ghsl_5816_cell_00823,53,28,51.50833324043472,0.12746390244767994,7010.5,Residential,buildings,32.2,1.1,4225.6
ghsl_5816_cell_00824,54,28,51.50833324043472,0.1408811553369094,407.5,Industrial,buildings,22.2,4.6,3303.7
ghsl_5816_cell_00825,55,28,51.50833324043472,0.15429840822613883,91.4,Commercial,buildings,5.4,0.0,2389.3
ghsl_5816_cell_00826,56,28,51.50833324043472,0.16771566111536831,115.0,Industrial,buildings,0.5,0.0,1496.4
ghsl_5816_cell_00827,57,28,51.50833324043472,0.18113291400459777,114.5,Industrial,buildings,0.1,0.6,710.7
ghsl_5816_cell_00828,58,28,51.50833324043472,0.1945501668938272,200.1,Residential,buildings,4.6,4.9,465.8
ghsl_5816_cell_00829,8,29,51.4986703537967,-0.47624865648234893,3821.5,Residential,buildings,29.6,26.2,465.8
ghsl_5816_cell_00830,9,29,51.49867035379671,-0.4628332013701701,6431.3,Residential,buildings,6.5,29.5,1397.4
ghsl_5816_cell_00831,10,29,51.49867035379671,-0.44941774625799125,772.1,Industrial,buildings,30.9,30.9,2329.0
ghsl_5816_cell_00832,11,29,51.4986703537967,-0.4360022911458124,6530.3,Civic,buildings,18.3,29.6,3260.6
ghsl_5816_cell_00833,12,29,51.4986703537967,-0.42258683603363356,9514.1,Residential,buildings,2.7,32.0,4192.2
ghsl_5816_cell_00834,13,29,51.49867035379671,-0.4091713809214548,2284.2,Commercial,buildings,1.8,28.0,5123.8
ghsl_5816_cell_00835,14,29,51.4986703537967,-0.3957559258092759,9134.0,Industrial,buildings,10.8,34.1,6055.4
ghsl_5816_cell_00836,15,29,51.4986703537967,-0.3823404706970971,12914.9,Civic,buildings,9.0,32.0,6987.0
ghsl_5816_cell_00837,16,29,51.498670353796705,-0.3689250155849182,6550.8,Civic,buildings,21.4,30.6,7918.6
ghsl_5816_cell_00838,17,29,51.49867035379671,-0.3555095604727394,430.4,Industrial,buildings,80.3,22.5,8850.2
ghsl_5816_cell_00839,18,29,51.4986703537967,-0.3420941053605605,962.6,Industrial,buildings,35.5,21.9,9781.8
ghsl_5816_cell_00840,19,29,51.4986703537967,-0.3286786502483816,5958.1,Residential,buildings,42.2,22.6,10713.4
ghsl_5816_cell_00841,20,29,51.498670353796705,-0.3152631951362029,10306.1,Residential,buildings,16.6,22.2,11645.0
ghsl_5816_cell_00842,21,29,51.4986703537967,-0.301847740024024,8857.4,Residential,buildings,12.7,22.5,12354.9
ghsl_5816_cell_00843,22,29,51.4986703537967,-0.28843228491184514,2668.2,Residential,buildings,93.8,17.7,12903.2
ghsl_5816_cell_00844,23,29,51.49867035379671,-0.27501682979966635,7453.7,Residential,buildings,10.4,13.5,13493.6
ghsl_5816_cell_00845,24,29,51.49867035379671,-0.26160137468748745,11986.1,Residential,buildings,10.1,10.2,14121.1
ghsl_5816_cell_00846,25,29,51.49867035379669,-0.2481859195753086,13050.0,Residential,buildings,7.2,6.5,14520.9
ghsl_5816_cell_00847,26,29,51.4986703537967,-0.23477046446312977,16794.6,Residential,buildings,21.1,6.8,14529.2
ghsl_5816_cell_00848,27,29,51.49867035379671,-0.22135500935095093,18085.6,Residential,buildings,7.3,7.7,14590.5
ghsl_5816_cell_00849,28,29,51.498670353796705,-0.20793955423877203,12495.3,Residential,buildings,31.6,10.1,14710.6
ghsl_5816_cell_00850,29,29,51.4986703537967,-0.19452409912659321,17011.4,Residential,buildings,4.8,13.3,14887.9
ghsl_5816_cell_00851,30,29,51.498670353796705,-0.18110864401441437,11883.1,Residential,buildings,6.6,17.2,15120.5
ghsl_5816_cell_00852,31,29,51.498670353796705,-0.16769318890223553,10084.2,Residential,buildings,15.4,11.7,15405.9
ghsl_5816_cell_00853,32,29,51.498670353796705,-0.1542777337900567,7638.3,Residential,buildings,11.1,17.9,15741.1
ghsl_5816_cell_00854,33,29,51.4986703537967,-0.14086227867787787,6265.3,Commercial,buildings,25.6,9.8,16123.1
ghsl_5816_cell_00855,34,29,51.4986703537967,-0.12744682356569906,6384.0,Residential,buildings,30.1,9.1,16548.7
ghsl_5816_cell_00856,35,29,51.49867035379671,-0.11403136845352019,9090.6,Civic,buildings,22.4,11.2,16680.2
ghsl_5816_cell_00857,36,29,51.4986703537967,-0.10061591334134132,16400.2,Residential,buildings,7.7,12.1,16530.4
ghsl_5816_cell_00858,37,29,51.498670353796705,-0.08720045822916248,20067.3,Residential,buildings,10.1,12.6,16103.8
ghsl_5816_cell_00859,38,29,51.4986703537967,-0.07378500311698363,18550.0,Residential,buildings,8.7,9.5,15721.0
ghsl_5816_cell_00860,39,29,51.498670353796705,-0.060369548004804804,9723.8,Residential,buildings,34.4,7.0,15385.4
ghsl_5816_cell_00861,40,29,51.4986703537967,-0.046954092892625955,9821.5,Residential,buildings,4.1,7.6,14801.0
ghsl_5816_cell_00862,41,29,51.498670353796705,-0.03353863778044711,7680.5,Residential,buildings,15.5,5.2,14079.1
ghsl_5816_cell_00863,42,29,51.498670353796705,-0.020123182668268267,14469.5,Residential,buildings,7.5,8.9,13383.3
ghsl_5816_cell_00864,43,29,51.498670353796705,-0.006707727556089423,7345.2,Residential,buildings,5.7,0.5,12673.7
ghsl_5816_cell_00865,44,29,51.4986703537967,0.006707727556089422,1301.5,Residential,buildings,8.8,3.3,11968.9
ghsl_5816_cell_00866,45,29,51.498670353796705,0.020123182668268267,1757.2,Residential,buildings,7.3,0.5,11297.1
ghsl_5816_cell_00867,46,29,51.498670353796705,0.03353863778044711,1565.9,Residential,buildings,17.7,0.0,10664.6
ghsl_5816_cell_00868,47,29,51.4986703537967,0.046954092892625955,2815.1,Industrial,buildings,1.1,0.0,9781.8
ghsl_5816_cell_00869,48,29,51.498670353796705,0.060369548004804804,4648.6,Residential,buildings,7.7,5.4,8850.2
ghsl_5816_cell_00870,49,29,51.4986703537967,0.07378500311698363,5498.4,Residential,buildings,3.3,0.0,7918.6
ghsl_5816_cell_00871,50,29,51.498670353796705,0.08720045822916246,7460.0,Residential,buildings,22.2,0.5,6987.0
ghsl_5816_cell_00872,51,29,51.4986703537967,0.10061591334134132,4879.9,Residential,buildings,4.7,11.7,6055.4
ghsl_5816_cell_00873,52,29,51.4986703537967,0.11403136845352017,8289.4,Residential,buildings,26.4,4.4,5123.8
ghsl_5816_cell_00874,53,29,51.4986703537967,0.12744682356569906,6101.3,Residential,buildings,28.9,2.2,4192.2
ghsl_5816_cell_00875,54,29,51.49867035379671,0.14086227867787787,540.1,Industrial,buildings,12.6,0.8,3260.6
ghsl_5816_cell_00876,55,29,51.498670353796705,0.15427773379005671,838.4,Commercial,buildings,33.7,0.7,2329.0
ghsl_5816_cell_00877,56,29,51.498670353796705,0.16769318890223553,393.0,Industrial,buildings,0.0,4.6,1397.4
ghsl_5816_cell_00878,57,29,51.498670353796705,0.18110864401441434,30.0,Industrial,buildings,0.0,0.0,465.8
ghsl_5816_cell_00879,8,30,51.48900822115197,-0.47618487162188167,951.4,Agricultural,buildings,94.4,25.7,465.8
ghsl_5816_cell_00880,9,30,51.48900822115196,-0.4627712132663357,680.2,Commercial,buildings,54.5,29.7,1397.5
ghsl_5816_cell_00881,10,30,51.48900822115196,-0.4493575549107897,786.5,Residential,buildings,56.0,27.4,2329.2
ghsl_5816_cell_00882,11,30,51.48900822115196,-0.4359438965552438,3207.4,Residential,buildings,56.3,26.9,3260.8
ghsl_5816_cell_00883,12,30,51.48900822115197,-0.4225302381996978,291.3,Residential,buildings,98.8,25.8,4192.5
ghsl_5816_cell_00884,13,30,51.48900822115197,-0.40911657984415184,1005.0,Industrial,buildings,37.4,25.8,5124.2
ghsl_5816_cell_00885,14,30,51.48900822115197,-0.3957029214886059,2253.7,Industrial,buildings,60.5,28.9,6055.9
ghsl_5816_cell_00886,15,30,51.48900822115197,-0.38228926313305994,7015.3,Residential,buildings,16.1,33.5,6987.5
ghsl_5816_cell_00887,16,30,51.48900822115196,-0.368875604777514,4945.2,Residential,buildings,15.7,30.4,7919.2
ghsl_5816_cell_00888,17,30,51.48900822115197,-0.35546194642196804,99.5,Residential,buildings,97.5,26.8,8850.9
ghsl_5816_cell_00889,18,30,51.48900822115196,-0.34204828806642207,770.7,Civic,buildings,82.6,27.3,9782.5
ghsl_5816_cell_00890,19,30,51.48900822115197,-0.3286346297108761,996.4,Office,buildings,21.9,18.4,10459.9
ghsl_5816_cell_00891,20,30,51.48900822115197,-0.3152209713553301,6243.8,Residential,buildings,22.6,12.9,10944.6
ghsl_5816_cell_00892,21,30,51.48900822115197,-0.3018073129997842,10328.8,Residential,buildings,9.3,12.0,11484.8
ghsl_5816_cell_00893,22,30,51.48900822115197,-0.2883936546442382,4539.0,Residential,buildings,9.5,8.0,12072.8
ghsl_5816_cell_00894,23,30,51.48900822115197,-0.2749799962886923,10126.3,Residential,buildings,3.1,13.0,12702.2
ghsl_5816_cell_00895,24,30,51.48900822115197,-0.26156633793314626,8761.3,Residential,buildings,39.1,10.8,13256.3
ghsl_5816_cell_00896,25,30,51.48900822115197,-0.24815267957760034,7902.7,Residential,buildings,13.6,5.4,13768.9
ghsl_5816_cell_00897,26,30,51.48900822115197,-0.2347390212220544,7405.1,Residential,buildings,14.3,4.4,14324.0
ghsl_5816_cell_00898,27,30,51.48900822115197,-0.22132536286650842,12681.6,Residential,buildings,13.4,6.7,14916.8
ghsl_5816_cell_00899,28,30,51.48900822115197,-0.20791170451096241,23229.4,Residential,buildings,7.5,12.1,15542.9
ghsl_5816_cell_00900,29,30,51.48900822115197,-0.1944980461554165,19874.8,Residential,buildings,21.4,12.8,15938.6
ghsl_5816_cell_00901,30,30,51.48900822115197,-0.1810843877998705,17624.9,Residential,buildings,9.7,17.1,16156.2
ghsl_5816_cell_00902,31,30,51.48900822115197,-0.16767072944432454,16102.1,Residential,buildings,9.7,10.5,16423.7
ghsl_5816_cell_00903,32,30,51.48900822115197,-0.1542570710887786,10453.2,Residential,buildings,22.6,5.3,16738.7
ghsl_5816_cell_00904,33,30,51.48900822115197,-0.14084341273323261,25408.4,Residential,buildings,14.5,10.1,17098.5
ghsl_5816_cell_00905,34,30,51.48900822115196,-0.12742975437768667,11954.3,Residential,buildings,6.1,1.0,16622.0
ghsl_5816_cell_00906,35,30,51.48900822115198,-0.1140160960221407,16192.5,Residential,buildings,11.7,5.7,16090.0
ghsl_5816_cell_00907,36,30,51.489008221151956,-0.1006024376665947,19032.7,Residential,buildings,9.4,5.4,15595.6
ghsl_5816_cell_00908,37,30,51.48900822115197,-0.08718877931104876,21434.4,Residential,buildings,10.2,10.5,15142.7
ghsl_5816_cell_00909,38,30,51.489008221151956,-0.07377512095550279,14286.5,Residential,buildings,6.6,4.6,14735.0
ghsl_5816_cell_00910,39,30,51.48900822115197,-0.06036146259995685,11936.9,Residential,buildings,4.6,4.6,14376.4
ghsl_5816_cell_00911,40,30,51.48900822115197,-0.04694780424441087,10577.8,Residential,buildings,4.9,4.1,14070.5
ghsl_5816_cell_00912,41,30,51.48900822115197,-0.03353414588886491,10634.9,Residential,buildings,15.6,5.1,13407.3
ghsl_5816_cell_00913,42,30,51.48900822115197,-0.020120487533318947,12874.8,Residential,buildings,2.3,10.0,12674.6
ghsl_5816_cell_00914,43,30,51.48900822115197,-0.006706829177772984,5726.8,Residential,buildings,31.0,0.8,11969.7
ghsl_5816_cell_00915,44,30,51.48900822115197,0.006706829177772982,7332.5,Residential,buildings,9.6,1.8,11273.8
ghsl_5816_cell_00916,45,30,51.48900822115197,0.02012048753331895,3819.3,Residential,buildings,12.6,6.4,10557.8
ghsl_5816_cell_00917,46,30,51.48900822115197,0.03353414588886491,5539.5,Commercial,buildings,2.6,3.3,9878.0
ghsl_5816_cell_00918,47,30,51.48900822115197,0.046947804244410876,9894.3,Residential,buildings,33.9,21.2,9242.4
ghsl_5816_cell_00919,48,30,51.48900822115197,0.06036146259995685,10257.7,Residential,buildings,5.7,34.1,8660.6
ghsl_5816_cell_00920,49,30,51.489008221151956,0.07377512095550279,12602.2,Residential,buildings,9.6,13.8,7919.2
ghsl_5816_cell_00921,50,30,51.48900822115197,0.08718877931104874,13482.9,Residential,buildings,3.3,7.6,6987.6
ghsl_5816_cell_00922,51,30,51.489008221151956,0.1006024376665947,10089.0,Residential,buildings,14.4,2.8,6055.9
ghsl_5816_cell_00923,52,30,51.48900822115197,0.1140160960221407,10950.0,Residential,buildings,11.3,6.6,5124.2
ghsl_5816_cell_00924,53,30,51.48900822115196,0.12742975437768667,4542.5,Residential,buildings,19.4,12.5,4192.5
ghsl_5816_cell_00925,54,30,51.48900822115197,0.14084341273323261,7214.0,Residential,buildings,5.2,22.7,3260.9
ghsl_5816_cell_00926,55,30,51.48900822115197,0.1542570710887786,5451.7,Residential,buildings,4.2,26.9,2329.2
ghsl_5816_cell_00927,56,30,51.48900822115197,0.1676707294443245,4040.6,Industrial,buildings,19.0,2.2,1397.5
ghsl_5816_cell_00928,57,30,51.48900822115197,0.18108438779987052,297.5,Commercial,buildings,0.8,0.0,465.8
ghsl_5816_cell_00929,8,31,51.47934684213441,-0.47612112295632614,113.4,Industrial,buildings,24.7,27.2,465.9
ghsl_5816_cell_00930,9,31,51.47934684213441,-0.46270926033783816,366.5,Industrial,buildings,38.3,24.5,1397.6
ghsl_5816_cell_00931,10,31,51.47934684213441,-0.4492973977193501,761.9,Commercial,buildings,23.7,24.2,2329.4
ghsl_5816_cell_00932,11,31,51.47934684213441,-0.435885535100862,1665.1,Commercial,buildings,36.5,23.9,3261.1
ghsl_5816_cell_00933,12,31,51.479346842134426,-0.422473672482374,1490.6,Utility,buildings,61.7,23.1,4192.8
ghsl_5816_cell_00934,13,31,51.47934684213442,-0.40906180986388596,7084.7,Residential,buildings,8.4,26.0,5124.6
ghsl_5816_cell_00935,14,31,51.47934684213441,-0.3956499472453978,7612.1,Residential,buildings,1.9,23.5,6056.3
ghsl_5816_cell_00936,15,31,51.479346842134426,-0.3822380846269098,9811.9,Residential,buildings,7.8,27.0,6988.1
ghsl_5816_cell_00937,16,31,51.47934684213442,-0.36882622200842174,7323.8,Residential,buildings,11.5,29.6,7919.8
ghsl_5816_cell_00938,17,31,51.479346842134426,-0.35541435938993376,7125.7,Civic,buildings,26.6,26.5,8684.4
ghsl_5816_cell_00939,18,31,51.47934684213442,-0.34200249677144556,7847.9,Residential,buildings,12.5,27.7,9073.1
ghsl_5816_cell_00940,19,31,51.47934684213441,-0.32859063415295753,7396.5,Residential,buildings,7.5,15.2,9537.6
ghsl_5816_cell_00941,20,31,51.47934684213441,-0.31517877153446944,3659.1,Residential,buildings,100.0,10.7,10067.1
ghsl_5816_cell_00942,21,31,51.47934684213441,-0.30176690891598146,2057.5,Agricultural,buildings,100.0,16.4,10652.1
ghsl_5816_cell_00943,22,31,51.47934684213441,-0.2883550462974933,5184.2,Residential,buildings,1.7,6.9,11284.0
ghsl_5816_cell_00944,23,31,51.47934684213441,-0.2749431836790053,6367.8,Residential,buildings,6.9,1.0,11855.6
ghsl_5816_cell_00945,24,31,51.47934684213441,-0.26153132106051724,2728.7,Civic,buildings,48.8,6.0,12356.2
ghsl_5816_cell_00946,25,31,51.47934684213441,-0.24811945844202915,4566.7,Residential,buildings,25.2,7.1,12904.8
ghsl_5816_cell_00947,26,31,51.479346842134426,-0.23470759582354114,3639.5,Residential,buildings,55.3,5.2,13495.6
ghsl_5816_cell_00948,27,31,51.47934684213442,-0.22129573320505308,10282.0,Residential,buildings,13.4,7.8,14123.4
ghsl_5816_cell_00949,28,31,51.479346842134426,-0.20788387058656502,23518.4,Residential,buildings,1.2,7.4,14783.4
ghsl_5816_cell_00950,29,31,51.479346842134426,-0.19447200796807693,14163.6,Residential,buildings,8.8,8.6,15471.5
ghsl_5816_cell_00951,30,31,51.479346842134426,-0.18106014534958884,12713.7,Residential,buildings,7.3,8.9,16070.6
ghsl_5816_cell_00952,31,31,51.47934684213441,-0.16764828273110077,10612.6,Residential,buildings,4.4,2.1,16601.4
ghsl_5816_cell_00953,32,31,51.479346842134426,-0.15423642011261277,6230.0,Residential,buildings,88.5,9.9,16988.1
ghsl_5816_cell_00954,33,31,51.479346842134426,-0.14082455749412467,5131.3,Residential,buildings,3.6,11.0,16361.9
ghsl_5816_cell_00955,34,31,51.479346842134426,-0.1274126948756366,14003.0,Residential,buildings,7.9,7.8,15766.1
ghsl_5816_cell_00956,35,31,51.479346842134426,-0.11400083225714856,18120.7,Residential,buildings,29.1,13.7,15204.2
ghsl_5816_cell_00957,36,31,51.479346842134426,-0.10058896963866049,17732.8,Residential,buildings,8.4,6.2,14680.1
ghsl_5816_cell_00958,37,31,51.479346842134426,-0.08717710702017241,16255.6,Residential,buildings,57.8,3.8,14198.0
ghsl_5816_cell_00959,38,31,51.479346842134426,-0.07376524440168437,17306.2,Residential,buildings,17.6,5.9,13762.4
ghsl_5816_cell_00960,39,31,51.47934684213441,-0.06035338178319629,14056.9,Residential,buildings,6.4,4.6,13377.7
ghsl_5816_cell_00961,40,31,51.47934684213441,-0.04694151916470821,11990.7,Residential,buildings,7.7,3.7,13048.5
ghsl_5816_cell_00962,41,31,51.479346842134426,-0.033529656546220164,13272.5,Residential,buildings,11.0,5.7,12779.0
ghsl_5816_cell_00963,42,31,51.479346842134426,-0.020117793927732098,12096.5,Residential,buildings,6.5,5.2,12020.4
ghsl_5816_cell_00964,43,31,51.479346842134426,-0.006705931309244033,6469.1,Residential,buildings,11.2,13.1,11274.6
ghsl_5816_cell_00965,44,31,51.479346842134426,0.006705931309244033,5570.1,Residential,buildings,99.3,45.0,10558.5
ghsl_5816_cell_00966,45,31,51.47934684213442,0.020117793927732098,9492.4,Residential,buildings,18.8,32.9,9878.6
ghsl_5816_cell_00967,46,31,51.479346842134426,0.033529656546220164,10502.3,Residential,buildings,11.0,49.8,9150.3
ghsl_5816_cell_00968,47,31,51.47934684213441,0.04694151916470821,3354.2,Residential,buildings,43.6,49.9,8460.1
ghsl_5816_cell_00969,48,31,51.47934684213441,0.06035338178319629,8350.7,Residential,buildings,72.0,57.9,7820.2
ghsl_5816_cell_00970,49,31,51.47934684213442,0.07376524440168436,12267.0,Residential,buildings,16.0,62.5,7244.1
ghsl_5816_cell_00971,50,31,51.479346842134426,0.08717710702017241,10378.0,Residential,buildings,23.9,50.1,6748.0
ghsl_5816_cell_00972,51,31,51.479346842134426,0.10058896963866049,5864.5,Residential,buildings,42.4,49.7,6080.7
ghsl_5816_cell_00973,52,31,51.479346842134426,0.11400083225714855,2057.8,Residential,buildings,21.7,63.2,5153.3
ghsl_5816_cell_00974,53,31,51.479346842134426,0.12741269487563664,5481.2,Residential,buildings,3.5,66.2,4227.8
ghsl_5816_cell_00975,54,31,51.479346842134426,0.14082455749412467,7436.9,Residential,buildings,8.6,49.6,3305.8
ghsl_5816_cell_00976,55,31,51.479346842134426,0.15423642011261274,5923.1,Residential,buildings,29.3,39.0,2391.3
ghsl_5816_cell_00977,56,31,51.47934684213441,0.16764828273110077,5607.6,Commercial,buildings,0.8,39.1,1498.1
ghsl_5816_cell_00978,57,31,51.479346842134426,0.18106014534958884,5845.1,Residential,buildings,11.5,19.0,711.8
ghsl_5816_cell_00979,58,31,51.479346842134426,0.1944720079680769,1426.4,Civic,buildings,0.5,1.3,465.9
ghsl_5816_cell_00980,7,32,51.469686216378214,-0.489467478355963,195.5,Utility,buildings,12.9,25.0,465.9
ghsl_5816_cell_00981,8,32,51.46968621637822,-0.4760574104557997,98.5,Utility,buildings,18.2,25.8,712.7
ghsl_5816_cell_00982,9,32,51.469686216378214,-0.4626473425556363,218.7,Utility,buildings,13.5,23.7,1499.5
ghsl_5816_cell_00983,10,32,51.469686216378214,-0.44923727465547303,160.1,Utility,buildings,17.5,22.4,2392.8
ghsl_5816_cell_00984,11,32,51.469686216378214,-0.43582720675530967,50.7,Utility,buildings,14.7,22.5,3307.4
ghsl_5816_cell_00985,12,32,51.46968621637822,-0.4224171388551463,449.7,Utility,buildings,8.5,21.2,4229.5
ghsl_5816_cell_00986,13,32,51.469686216378214,-0.40900707095498284,1231.6,Industrial,buildings,21.6,24.5,5155.1
ghsl_5816_cell_00987,14,32,51.469686216378214,-0.3955970030548196,8433.1,Residential,buildings,8.0,24.5,6082.5
ghsl_5816_cell_00988,15,32,51.46968621637822,-0.3821869351546561,10128.7,Residential,buildings,10.6,23.3,7011.1
ghsl_5816_cell_00989,16,32,51.469686216378214,-0.3687768672544927,8409.1,Residential,buildings,22.3,21.6,7355.4
ghsl_5816_cell_00990,17,32,51.46968621637822,-0.35536679935432935,10996.4,Residential,buildings,13.4,16.7,7698.9
ghsl_5816_cell_00991,18,32,51.469686216378214,-0.3419567314541659,7861.3,Industrial,buildings,9.5,12.5,8135.3
ghsl_5816_cell_00992,19,32,51.46968621637823,-0.3285466635540027,7608.7,Residential,buildings,15.1,9.8,8650.6
ghsl_5816_cell_00993,20,32,51.46968621637823,-0.3151365956538392,423.3,Residential,buildings,100.0,4.7,9231.5
ghsl_5816_cell_00994,21,32,51.469686216378214,-0.30172652775367587,1907.3,Residential,buildings,100.0,16.9,9866.5
ghsl_5816_cell_00995,22,32,51.469686216378214,-0.2883164598535125,8094.0,Residential,buildings,5.3,6.8,10460.6
ghsl_5816_cell_00996,23,32,51.469686216378214,-0.27490639195334915,6181.7,Residential,buildings,27.6,9.4,10945.7
ghsl_5816_cell_00997,24,32,51.469686216378214,-0.26149632405318574,7027.4,Residential,buildings,23.9,9.8,11486.2
ghsl_5816_cell_00998,25,32,51.46968621637823,-0.24808625615302235,7168.4,Residential,buildings,10.2,7.8,12074.6
ghsl_5816_cell_00999,26,32,51.469686216378214,-0.234676188252859,2924.1,Residential,buildings,100.0,5.3,12704.4
ghsl_5816_cell_01000,27,32,51.469686216378214,-0.2212661203526957,9043.8,Residential,buildings,29.1,8.1,13369.5
ghsl_5816_cell_01001,28,32,51.46968621637821,-0.20785605245253228,9599.2,Residential,buildings,20.2,6.9,14065.1
ghsl_5816_cell_01002,29,32,51.46968621637823,-0.1944459845523689,12312.6,Residential,buildings,21.3,4.3,14662.6
ghsl_5816_cell_01003,30,32,51.46968621637821,-0.18103591665220548,13835.6,Residential,buildings,9.0,1.0,15185.5
ghsl_5816_cell_01004,31,32,51.469686216378214,-0.16762584875204217,16258.7,Residential,buildings,9.4,5.8,15746.3
ghsl_5816_cell_01005,32,32,51.46968621637821,-0.15421578085187873,16887.7,Residential,buildings,3.6,3.0,16105.1
ghsl_5816_cell_01006,33,32,51.469686216378214,-0.1408057129517154,13372.9,Residential,buildings,5.1,6.3,15566.2
ghsl_5816_cell_01007,34,32,51.46968621637821,-0.12739564505155204,19494.4,Residential,buildings,9.8,9.8,14938.7
ghsl_5816_cell_01008,35,32,51.469686216378214,-0.11398557715138868,16800.6,Residential,buildings,10.5,12.7,14344.4
ghsl_5816_cell_01009,36,32,51.46968621637822,-0.10057550925122527,15329.6,Residential,buildings,14.2,12.3,13787.7
ghsl_5816_cell_01010,37,32,51.46968621637822,-0.08716544135106194,11866.2,Residential,buildings,6.9,22.0,13273.3
ghsl_5816_cell_01011,38,32,51.469686216378214,-0.07375537345089855,12305.1,Residential,buildings,3.2,12.9,12806.2
ghsl_5816_cell_01012,39,32,51.46968621637822,-0.06034530555073519,15742.7,Residential,buildings,5.6,13.5,12391.9
ghsl_5816_cell_01013,40,32,51.46968621637821,-0.046935237650571796,13125.6,Residential,buildings,6.1,21.7,12035.7
ghsl_5816_cell_01014,41,32,51.469686216378214,-0.03352516975040842,11543.6,Residential,buildings,14.3,19.2,11743.1
ghsl_5816_cell_01015,42,32,51.469686216378214,-0.020115101850245058,13827.7,Residential,buildings,11.4,8.9,11430.1
ghsl_5816_cell_01016,43,32,51.469686216378214,-0.006705033950081686,7591.3,Residential,buildings,33.4,47.6,10643.0
ghsl_5816_cell_01017,44,32,51.469686216378214,0.006705033950081686,3376.7,Residential,buildings,100.0,38.3,9881.1
ghsl_5816_cell_01018,45,32,51.469686216378214,0.020115101850245058,5242.8,Residential,buildings,18.9,35.7,9150.9
ghsl_5816_cell_01019,46,32,51.46968621637823,0.03352516975040843,5643.3,Residential,buildings,26.9,49.1,8460.6
ghsl_5816_cell_01020,47,32,51.46968621637822,0.0469352376505718,6820.9,Residential,buildings,29.1,52.9,7748.3
ghsl_5816_cell_01021,48,32,51.469686216378214,0.06034530555073519,3361.8,Residential,buildings,10.0,110.1,7043.9
ghsl_5816_cell_01022,49,32,51.469686216378214,0.07375537345089857,2120.7,Residential,buildings,46.0,97.4,6398.1
ghsl_5816_cell_01023,50,32,51.46968621637822,0.08716544135106194,2964.5,Commercial,buildings,48.0,51.9,5830.4
ghsl_5816_cell_01024,51,32,51.46968621637822,0.1005755092512253,5849.7,Residential,buildings,36.8,51.0,5365.6
ghsl_5816_cell_01025,52,32,51.469686216378214,0.11398557715138867,8396.6,Industrial,buildings,3.7,49.4,5032.2
ghsl_5816_cell_01026,53,32,51.46968621637822,0.12739564505155207,8157.4,Residential,buildings,3.9,49.9,4494.3
ghsl_5816_cell_01027,54,32,51.469686216378214,0.1408057129517154,6707.8,Residential,buildings,1.9,54.1,3640.0
ghsl_5816_cell_01028,55,32,51.469686216378214,0.15421578085187876,5857.8,Residential,buildings,12.7,50.2,2834.9
ghsl_5816_cell_01029,56,32,51.469686216378214,0.16762584875204212,6836.2,Residential,buildings,6.7,53.0,2135.3
ghsl_5816_cell_01030,57,32,51.46968621637821,0.1810359166522055,9084.3,Residential,buildings,4.8,17.3,1498.3
ghsl_5816_cell_01031,58,32,51.46968621637823,0.19444598455236886,4037.4,Civic,buildings,16.3,3.8,711.8
ghsl_5816_cell_01032,59,32,51.469686216378214,0.20785605245253228,6.3,Industrial,land_use,0.0,5.7,465.9
ghsl_5816_cell_01033,7,33,51.46002634351777,-0.4894020082901856,613.7,Industrial,buildings,23.8,19.5,465.9
ghsl_5816_cell_01034,8,33,51.46002634351776,-0.47599373409045437,2563.9,Utility,buildings,26.3,22.8,1397.8
ghsl_5816_cell_01035,9,33,51.460026343517775,-0.46258545989072347,330.8,Industrial,buildings,8.9,26.9,2138.0
ghsl_5816_cell_01036,10,33,51.46002634351777,-0.44917718569099224,51.8,Industrial,buildings,19.5,22.5,2838.3
ghsl_5816_cell_01037,11,33,51.46002634351777,-0.4357689114912611,2889.4,Residential,buildings,43.9,22.6,3643.9
ghsl_5816_cell_01038,12,33,51.46002634351776,-0.42236063729153,2301.6,Industrial,buildings,57.5,22.4,4498.4
ghsl_5816_cell_01039,13,33,51.46002634351776,-0.40895236309179883,3902.8,Industrial,buildings,2.5,26.6,5378.6
ghsl_5816_cell_01040,14,33,51.46002634351777,-0.3955440888920678,1233.6,Industrial,buildings,11.9,24.8,5926.3
ghsl_5816_cell_01041,15,33,51.46002634351776,-0.38213581469233665,7193.0,Residential,buildings,97.2,21.4,6068.1
ghsl_5816_cell_01042,16,33,51.46002634351776,-0.3687275404926055,11664.5,Residential,buildings,1.4,21.8,6345.2
ghsl_5816_cell_01043,17,33,51.46002634351776,-0.35531926629287436,9757.2,Residential,buildings,11.4,17.1,6740.9
ghsl_5816_cell_01044,18,33,51.46002634351777,-0.3419109920931434,3576.7,Civic,buildings,9.3,16.8,7235.8
ghsl_5816_cell_01045,19,33,51.46002634351776,-0.3285027178934122,10075.3,Residential,buildings,7.2,7.8,7811.0
ghsl_5816_cell_01046,20,33,51.46002634351777,-0.3150944436936811,3924.0,Residential,buildings,6.6,7.8,8450.3
ghsl_5816_cell_01047,21,33,51.46002634351776,-0.3016861694939499,8367.1,Residential,buildings,7.1,19.8,9073.6
ghsl_5816_cell_01048,22,33,51.46002634351776,-0.2882778952942189,5913.6,Residential,buildings,26.6,19.0,9538.4
ghsl_5816_cell_01049,23,33,51.46002634351777,-0.2748696210944878,4951.6,Residential,buildings,26.1,23.9,10068.4
ghsl_5816_cell_01050,24,33,51.46002634351776,-0.26146134689475664,4468.5,Residential,buildings,27.9,19.7,10653.7
ghsl_5816_cell_01051,25,33,51.460026343517775,-0.2480530726950256,5252.3,Residential,buildings,53.3,19.3,11285.9
ghsl_5816_cell_01052,26,33,51.460026343517775,-0.2346447984952945,9318.0,Residential,buildings,5.4,19.4,11957.5
ghsl_5816_cell_01053,27,33,51.46002634351776,-0.2212365242955633,11271.1,Residential,buildings,0.9,19.1,12662.1
ghsl_5816_cell_01054,28,33,51.460026343517775,-0.20782825009583228,11368.5,Residential,buildings,14.4,12.4,13257.7
ghsl_5816_cell_01055,29,33,51.46002634351777,-0.19441997589610113,8362.7,Residential,buildings,2.2,4.3,13770.8
ghsl_5816_cell_01056,30,33,51.46002634351777,-0.18101170169637,13429.9,Residential,buildings,6.4,20.3,14326.4
ghsl_5816_cell_01057,31,33,51.46002634351776,-0.16760342749663887,14605.0,Residential,buildings,8.7,11.2,14919.6
ghsl_5816_cell_01058,32,33,51.460026343517775,-0.15419515329690778,11061.6,Residential,buildings,81.8,22.4,15144.2
ghsl_5816_cell_01059,33,33,51.46002634351777,-0.14078687909717666,9563.0,Residential,buildings,4.7,33.9,14735.9
ghsl_5816_cell_01060,34,33,51.46002634351777,-0.12737860489744557,19240.3,Residential,buildings,2.4,24.0,14144.6
ghsl_5816_cell_01061,35,33,51.46002634351777,-0.11397033069771446,16070.5,Residential,buildings,8.2,18.2,13515.5
ghsl_5816_cell_01062,36,33,51.46002634351777,-0.10056205649798332,12627.6,Residential,buildings,20.2,24.4,12923.1
ghsl_5816_cell_01063,37,33,51.46002634351776,-0.08715378229825221,9906.3,Residential,buildings,25.0,27.5,12372.8
ghsl_5816_cell_01064,38,33,51.46002634351776,-0.0737455080985211,15773.2,Residential,buildings,3.5,20.9,11870.4
ghsl_5816_cell_01065,39,33,51.46002634351777,-0.06033723389879001,8141.6,Residential,buildings,52.7,29.5,11422.2
ghsl_5816_cell_01066,40,33,51.460026343517775,-0.04692895969905889,9441.4,Residential,buildings,42.4,34.0,11034.8
ghsl_5816_cell_01067,41,33,51.46002634351777,-0.033520685499327775,9690.4,Residential,buildings,20.3,32.0,10714.9
ghsl_5816_cell_01068,42,33,51.46002634351776,-0.020112411299596667,9912.7,Residential,buildings,23.4,27.1,10468.5
ghsl_5816_cell_01069,43,33,51.46002634351776,-0.006704137099865556,10270.3,Residential,buildings,4.8,15.3,10086.6
ghsl_5816_cell_01070,44,33,51.46002634351777,0.006704137099865557,8794.8,Residential,buildings,12.0,20.2,9279.2
ghsl_5816_cell_01071,45,33,51.46002634351776,0.020112411299596667,3536.2,Residential,buildings,27.8,26.0,8497.3
ghsl_5816_cell_01072,46,33,51.46002634351776,0.033520685499327775,5506.8,Residential,buildings,13.4,32.3,7748.8
ghsl_5816_cell_01073,47,33,51.460026343517775,0.04692895969905889,6983.4,Residential,buildings,19.9,43.0,7044.3
ghsl_5816_cell_01074,48,33,51.46002634351777,0.06033723389879001,7538.6,Residential,buildings,2.7,54.7,6355.2
ghsl_5816_cell_01075,49,33,51.46002634351777,0.07374550809852111,448.0,Residential,buildings,48.4,94.0,5630.8
ghsl_5816_cell_01076,50,33,51.46002634351776,0.08715378229825221,6494.6,Residential,buildings,2.4,64.8,4976.1
ghsl_5816_cell_01077,51,33,51.46002634351777,0.10056205649798332,7631.7,Residential,buildings,0.3,56.5,4422.2
ghsl_5816_cell_01078,52,33,51.46002634351777,0.11397033069771446,4874.4,Civic,buildings,5.7,45.3,4010.9
ghsl_5816_cell_01079,53,33,51.46002634351777,0.12737860489744554,5990.9,Commercial,buildings,2.7,48.3,3789.2
ghsl_5816_cell_01080,54,33,51.46002634351777,0.14078687909717666,5068.3,Commercial,buildings,8.2,55.1,3760.8
ghsl_5816_cell_01081,55,33,51.46002634351777,0.15419515329690775,5292.0,Residential,buildings,7.7,59.9,3558.8
ghsl_5816_cell_01082,56,33,51.46002634351776,0.16760342749663887,3628.4,Residential,buildings,35.6,46.3,2835.1
ghsl_5816_cell_01083,57,33,51.46002634351776,0.18101170169637,4122.0,Civic,buildings,14.0,31.6,2135.4
ghsl_5816_cell_01084,58,33,51.460026343517775,0.1944199758961011,2645.0,Industrial,buildings,0.4,9.6,1498.4
ghsl_5816_cell_01085,59,33,51.460026343517775,0.20782825009583228,190.7,Industrial,buildings,0.0,1.0,711.9
ghsl_5816_cell_01086,60,33,51.46002634351777,0.2212365242955634,1788.6,Residential,buildings,2.8,7.5,465.9
ghsl_5816_cell_01087,7,34,51.450367223187726,-0.48933657534682945,189.0,Residential,land_use,28.7,23.5,466.0
ghsl_5816_cell_01088,8,34,51.450367223187726,-0.475930093830478,6064.2,Residential,buildings,7.0,17.2,1397.9
ghsl_5816_cell_01089,9,34,51.450367223187726,-0.4625236123141265,1566.1,Industrial,buildings,23.8,16.2,2329.9
ghsl_5816_cell_01090,10,34,51.45036722318774,-0.44911713079777493,1210.6,Office,buildings,32.1,16.3,3261.8
ghsl_5816_cell_01091,11,34,51.450367223187726,-0.4357106492814235,6800.7,Residential,buildings,27.0,19.6,4193.8
ghsl_5816_cell_01092,12,34,51.450367223187726,-0.42230416776507196,8542.4,Residential,buildings,11.8,21.4,4834.6
ghsl_5816_cell_01093,13,34,51.450367223187726,-0.4088976862487206,8694.7,Residential,buildings,20.0,23.5,4834.7
ghsl_5816_cell_01094,14,34,51.450367223187726,-0.395491204732369,4098.9,Civic,buildings,27.6,24.5,4855.7
ghsl_5816_cell_01095,15,34,51.45036722318774,-0.3820847232160176,4846.2,Residential,buildings,9.7,19.7,5028.5
ghsl_5816_cell_01096,16,34,51.45036722318773,-0.36867824169966606,6393.6,Residential,buildings,29.9,19.2,5360.2
ghsl_5816_cell_01097,17,34,51.450367223187726,-0.3552717601833146,7445.6,Residential,buildings,6.4,17.9,5823.8
ghsl_5816_cell_01098,18,34,51.45036722318773,-0.34186527866696304,5947.9,Residential,buildings,21.3,12.2,6390.6
ghsl_5816_cell_01099,19,34,51.45036722318774,-0.3284587971506116,7817.1,Residential,buildings,10.3,9.1,7035.8
ghsl_5816_cell_01100,20,34,51.450367223187726,-0.31505231563426006,5144.0,Residential,buildings,43.8,8.1,7699.1
ghsl_5816_cell_01101,21,34,51.450367223187726,-0.3016458341179086,2795.5,Residential,buildings,23.8,3.7,8136.0
ghsl_5816_cell_01102,22,34,51.45036722318773,-0.2882393526015571,1014.9,Residential,buildings,0.1,46.1,8651.6
ghsl_5816_cell_01103,23,34,51.450367223187726,-0.2748328710852056,3.5,Civic,land_use,1.6,24.2,9232.9
ghsl_5816_cell_01104,24,34,51.450367223187726,-0.2614263895688541,191.6,Residential,buildings,4.6,9.7,9868.2
ghsl_5816_cell_01105,25,34,51.450367223187726,-0.24801990805250262,8207.8,Residential,buildings,15.3,26.6,10547.9
ghsl_5816_cell_01106,26,34,51.450367223187726,-0.2346134265361511,6841.4,Residential,buildings,10.3,54.9,11263.8
ghsl_5816_cell_01107,27,34,51.450367223187726,-0.22120694501979965,9018.2,Residential,buildings,5.3,56.3,11856.7
ghsl_5816_cell_01108,28,34,51.450367223187726,-0.20780046350344814,11142.1,Residential,buildings,2.7,19.1,12357.8
ghsl_5816_cell_01109,29,34,51.450367223187726,-0.19439398198709668,11064.8,Residential,buildings,27.7,7.5,12906.9
ghsl_5816_cell_01110,30,34,51.450367223187726,-0.1809875004707451,11825.2,Residential,buildings,2.4,31.3,13498.3
ghsl_5816_cell_01111,31,34,51.450367223187726,-0.16758101895439365,7160.1,Residential,buildings,80.5,24.4,14126.5
ghsl_5816_cell_01112,32,34,51.450367223187726,-0.15417453743804216,14264.3,Residential,buildings,4.6,33.1,14199.8
ghsl_5816_cell_01113,33,34,51.450367223187726,-0.14076805592169067,15925.2,Residential,buildings,3.5,30.1,13763.5
ghsl_5816_cell_01114,34,34,51.45036722318775,-0.1273615744053392,17182.9,Residential,buildings,14.1,36.9,13378.2
ghsl_5816_cell_01115,35,34,51.45036722318775,-0.1139550928889877,14188.9,Residential,buildings,8.6,41.6,12723.4
ghsl_5816_cell_01116,36,34,51.450367223187726,-0.1005486113726362,7490.9,Residential,buildings,55.9,24.5,12092.4
ghsl_5816_cell_01117,37,34,51.45036722318773,-0.08714212985628468,4381.0,Residential,buildings,16.7,29.0,11502.4
ghsl_5816_cell_01118,38,34,51.45036722318773,-0.07373564833993321,10902.5,Residential,buildings,10.8,47.2,10960.2
ghsl_5816_cell_01119,39,34,51.45036722318773,-0.06032916682358172,9228.4,Residential,buildings,16.1,49.1,10473.1
ghsl_5816_cell_01120,40,34,51.45036722318774,-0.046922685307230226,6659.3,Residential,buildings,26.8,50.8,10049.2
ghsl_5816_cell_01121,41,34,51.45036722318775,-0.03351620379087873,9597.4,Residential,buildings,37.5,29.5,9696.8
ghsl_5816_cell_01122,42,34,51.45036722318773,-0.020109722274527238,9903.9,Residential,buildings,8.7,17.0,9423.9
ghsl_5816_cell_01123,43,34,51.45036722318773,-0.006703240758175747,12272.2,Residential,buildings,16.0,32.7,9237.5
ghsl_5816_cell_01124,44,34,51.45036722318773,0.006703240758175745,9448.1,Residential,buildings,2.6,23.3,8768.1
ghsl_5816_cell_01125,45,34,51.45036722318773,0.02010972227452724,7396.7,Residential,buildings,15.5,26.0,7936.0
ghsl_5816_cell_01126,46,34,51.45036722318775,0.03351620379087874,4868.1,Residential,buildings,58.0,23.9,7128.7
ghsl_5816_cell_01127,47,34,51.45036722318774,0.046922685307230226,5234.7,Residential,buildings,23.3,49.5,6355.7
ghsl_5816_cell_01128,48,34,51.450367223187726,0.06032916682358171,4874.8,Residential,buildings,6.5,69.3,5631.2
ghsl_5816_cell_01129,49,34,51.45036722318773,0.07373564833993322,1454.1,Residential,buildings,56.2,53.6,4976.4
ghsl_5816_cell_01130,50,34,51.45036722318773,0.08714212985628468,7407.4,Residential,buildings,7.0,43.2,4223.9
ghsl_5816_cell_01131,51,34,51.450367223187726,0.1005486113726362,7351.2,Residential,buildings,0.9,41.7,3554.3
ghsl_5816_cell_01132,52,34,51.45036722318775,0.1139550928889877,4337.6,Residential,buildings,77.6,39.7,3027.0
ghsl_5816_cell_01133,53,34,51.45036722318775,0.12736157440533918,5197.0,Residential,buildings,15.4,33.1,2725.9
ghsl_5816_cell_01134,54,34,51.450367223187726,0.14076805592169067,4623.4,Residential,buildings,16.8,42.3,2686.2
ghsl_5816_cell_01135,55,34,51.450367223187726,0.15417453743804216,2910.8,Civic,buildings,35.2,42.8,2686.2
ghsl_5816_cell_01136,56,34,51.450367223187726,0.16758101895439365,2686.4,Residential,buildings,42.1,9.0,2725.7
ghsl_5816_cell_01137,57,34,51.450367223187726,0.18098750047074513,4937.3,Industrial,buildings,0.7,5.7,2686.1
ghsl_5816_cell_01138,58,34,51.450367223187726,0.19439398198709668,4673.3,Residential,buildings,7.8,4.9,2135.5
ghsl_5816_cell_01139,59,34,51.450367223187726,0.20780046350344814,6323.0,Residential,buildings,3.8,16.4,1498.6
ghsl_5816_cell_01140,60,34,51.450367223187726,0.22120694501979965,2954.9,Residential,buildings,4.0,8.6,711.9
ghsl_5816_cell_01141,61,34,51.450367223187726,0.2346134265361511,6142.9,Residential,buildings,9.6,29.4,466.0
ghsl_5816_cell_01142,64,34,51.450367223187726,0.2748328710852056,3217.5,Industrial,buildings,25.6,6.0,466.0
ghsl_5816_cell_01143,65,34,51.45036722318773,0.2882393526015571,4948.2,Residential,buildings,14.3,30.5,537.5
ghsl_5816_cell_01144,66,34,51.450367223187726,0.3016458341179085,1810.5,Residential,buildings,34.2,12.9,466.0
ghsl_5816_cell_01145,6,35,51.4407088550231,-0.5026758693444645,1354.6,Residential,buildings,17.3,26.0,466.0
ghsl_5816_cell_01146,7,35,51.44070885502309,-0.4892711794952786,349.1,Residential,buildings,4.4,21.0,712.7
ghsl_5816_cell_01147,8,35,51.440708855023104,-0.47586648964609307,4336.4,Residential,buildings,7.0,15.8,1499.8
ghsl_5816_cell_01148,9,35,51.44070885502309,-0.46246179979690727,1417.6,Residential,buildings,25.9,13.0,2393.4
ghsl_5816_cell_01149,10,35,51.4407088550231,-0.4490571099477216,524.0,Office,buildings,89.9,22.8,3308.2
ghsl_5816_cell_01150,11,35,51.44070885502309,-0.43565242009853594,649.6,Industrial,buildings,37.8,16.3,3760.0
ghsl_5816_cell_01151,12,35,51.4407088550231,-0.42224773024935014,8244.1,Civic,buildings,32.5,15.3,3760.0
ghsl_5816_cell_01152,13,35,51.4407088550231,-0.4088430404001644,6060.3,Commercial,buildings,3.7,17.1,3760.2
ghsl_5816_cell_01153,14,35,51.440708855023104,-0.39543835055097876,3348.0,Civic,buildings,69.9,21.5,3787.5
ghsl_5816_cell_01154,15,35,51.4407088550231,-0.38203366070179295,6215.8,Industrial,buildings,5.3,20.1,4007.4
ghsl_5816_cell_01155,16,35,51.4407088550231,-0.36862897085260726,4419.1,Residential,buildings,55.4,17.3,4417.3
ghsl_5816_cell_01156,17,35,51.4407088550231,-0.3552242810034215,7241.3,Residential,buildings,16.1,20.9,4970.3
ghsl_5816_cell_01157,18,35,51.44070885502308,-0.3418195911542359,6873.9,Residential,buildings,18.1,12.9,5624.4
ghsl_5816_cell_01158,19,35,51.44070885502309,-0.3284149013050501,2968.2,Residential,buildings,7.8,5.5,6345.2
ghsl_5816_cell_01159,20,35,51.4407088550231,-0.31501021145586433,3410.6,Residential,buildings,56.1,9.3,6741.3
ghsl_5816_cell_01160,21,35,51.44070885502308,-0.3016055216066786,1930.3,Residential,buildings,82.9,9.3,7236.6
ghsl_5816_cell_01161,22,35,51.44070885502308,-0.2882008317574929,53.3,Commercial,buildings,0.3,39.0,7812.2
ghsl_5816_cell_01162,23,35,51.44070885502308,-0.2747961419083072,1.0,Commercial,buildings,100.0,36.3,8451.8
ghsl_5816_cell_01163,24,35,51.44070885502308,-0.2613914520591215,51.1,Civic,buildings,0.1,20.1,9141.9
ghsl_5816_cell_01164,25,35,51.44070885502308,-0.24798676220993582,1991.8,Residential,buildings,100.0,12.5,9868.8
ghsl_5816_cell_01165,26,35,51.4407088550231,-0.2345820723607501,1131.5,Residential,buildings,100.0,58.9,10461.3
ghsl_5816_cell_01166,27,35,51.4407088550231,-0.22117738251156435,7200.9,Residential,buildings,3.0,56.6,10947.0
ghsl_5816_cell_01167,28,35,51.44070885502308,-0.20777269266237866,9122.1,Residential,buildings,22.7,30.6,11488.0
ghsl_5816_cell_01168,29,35,51.4407088550231,-0.1943680028131929,11863.1,Residential,buildings,10.1,9.6,12077.0
ghsl_5816_cell_01169,30,35,51.44070885502309,-0.1809633129640072,8996.4,Residential,buildings,32.2,15.2,12707.2
ghsl_5816_cell_01170,31,35,51.44070885502308,-0.1675586231148215,9109.6,Residential,buildings,14.1,37.8,13372.8
ghsl_5816_cell_01171,32,35,51.4407088550231,-0.15415393326563578,15773.1,Residential,buildings,0.6,29.8,13275.3
ghsl_5816_cell_01172,33,35,51.44070885502309,-0.14074924341645004,10006.9,Residential,buildings,3.2,35.8,12807.6
ghsl_5816_cell_01173,34,35,51.44070885502308,-0.12734455356726435,13925.7,Residential,buildings,3.2,50.0,12392.6
ghsl_5816_cell_01174,35,35,51.4407088550231,-0.1139398637180786,12757.7,Residential,buildings,11.1,68.3,11975.6
ghsl_5816_cell_01175,36,35,51.44070885502309,-0.10053517386889285,10001.0,Residential,buildings,16.7,56.6,11302.9
ghsl_5816_cell_01176,37,35,51.44070885502308,-0.08713048401970716,2729.4,Residential,buildings,49.7,38.9,10669.4
ghsl_5816_cell_01177,38,35,51.4407088550231,-0.07372579417052144,1670.9,Residential,buildings,100.0,49.8,10082.5
ghsl_5816_cell_01178,39,35,51.4407088550231,-0.06032110432133574,8353.8,Residential,buildings,23.7,79.8,9550.8
ghsl_5816_cell_01179,40,35,51.44070885502309,-0.04691641447215002,11371.3,Residential,buildings,3.1,37.4,9083.9
ghsl_5816_cell_01180,41,35,51.440708855023104,-0.033511724622964305,11005.3,Residential,buildings,10.6,22.2,8692.5
ghsl_5816_cell_01181,42,35,51.44070885502309,-0.020107034773778582,7665.5,Residential,buildings,3.5,22.2,8386.9
ghsl_5816_cell_01182,43,35,51.44070885502309,-0.0067023449245928604,11504.9,Residential,buildings,2.1,25.6,8176.9
ghsl_5816_cell_01183,44,35,51.44070885502309,0.0067023449245928604,6989.1,Residential,buildings,25.7,35.1,8069.9
ghsl_5816_cell_01184,45,35,51.44070885502309,0.020107034773778582,6763.2,Residential,buildings,28.1,52.7,7487.7
ghsl_5816_cell_01185,46,35,51.440708855023104,0.033511724622964305,2045.0,Residential,buildings,62.1,44.8,6625.9
ghsl_5816_cell_01186,47,35,51.44070885502309,0.04691641447215002,4647.4,Residential,buildings,23.3,40.8,5786.0
ghsl_5816_cell_01187,48,35,51.4407088550231,0.06032110432133574,2079.2,Residential,buildings,82.9,46.0,4979.1
ghsl_5816_cell_01188,49,35,51.4407088550231,0.07372579417052146,4876.0,Residential,buildings,35.2,39.4,4224.2
ghsl_5816_cell_01189,50,35,51.44070885502309,0.08713048401970716,7289.7,Residential,buildings,12.5,36.8,3554.4
ghsl_5816_cell_01190,51,35,51.44070885502309,0.10053517386889288,4817.0,Residential,buildings,26.5,35.3,2831.9
ghsl_5816_cell_01191,52,35,51.4407088550231,0.11393986371807863,4158.0,Residential,buildings,29.5,29.2,2132.5
ghsl_5816_cell_01192,53,35,51.44070885502308,0.12734455356726432,5486.6,Residential,buildings,8.0,29.6,1677.2
ghsl_5816_cell_01193,54,35,51.4407088550231,0.14074924341645006,3271.7,Residential,buildings,18.9,23.9,1611.6
ghsl_5816_cell_01194,55,35,51.4407088550231,0.15415393326563576,1977.9,Residential,buildings,18.6,16.0,1611.6
ghsl_5816_cell_01195,56,35,51.44070885502308,0.16755862311482148,1490.5,Residential,buildings,32.5,32.9,1677.1
ghsl_5816_cell_01196,57,35,51.44070885502308,0.1809633129640071,1721.4,Residential,buildings,10.1,44.2,1611.6
ghsl_5816_cell_01197,58,35,51.4407088550231,0.1943680028131929,4240.6,Civic,buildings,11.2,31.5,1611.4
ghsl_5816_cell_01198,59,35,51.44070885502308,0.20777269266237863,6192.9,Residential,buildings,9.7,28.9,1496.8
ghsl_5816_cell_01199,60,35,51.4407088550231,0.22117738251156435,3138.3,Commercial,buildings,45.9,13.8,710.5
ghsl_5816_cell_01200,61,35,51.4407088550231,0.2345820723607501,5586.6,Civic,buildings,18.3,41.0,537.0
ghsl_5816_cell_01201,62,35,51.44070885502308,0.24798676220993582,5955.9,Residential,buildings,6.3,39.4,536.6
ghsl_5816_cell_01202,63,35,51.44070885502308,0.26139145205912145,1910.8,Civic,buildings,12.3,46.8,536.3
ghsl_5816_cell_01203,64,35,51.44070885502308,0.27479614190830726,1109.4,Commercial,buildings,8.3,8.7,536.2
ghsl_5816_cell_01204,65,35,51.44070885502308,0.28820083175749295,803.9,Residential,buildings,1.1,4.0,536.3
ghsl_5816_cell_01205,66,35,51.44070885502309,0.30160552160667864,3280.5,Residential,buildings,12.0,48.9,536.6
ghsl_5816_cell_01206,67,35,51.4407088550231,0.31501021145586433,1779.8,Residential,buildings,34.4,24.4,466.0
ghsl_5816_cell_01207,0,36,51.43105123865903,-0.5830261150867249,2380.8,Residential,buildings,34.6,70.5,466.0
ghsl_5816_cell_01208,1,36,51.431051238659045,-0.5696232158893288,4045.6,Residential,buildings,26.3,68.6,537.8
ghsl_5816_cell_01209,2,36,51.43105123865903,-0.556220316691933,2919.6,Residential,buildings,15.9,29.4,537.2
ghsl_5816_cell_01210,3,36,51.431051238659045,-0.5428174174945369,3458.6,Residential,buildings,12.6,17.5,537.2
ghsl_5816_cell_01211,4,36,51.431051238659045,-0.5294145182971409,4156.5,Residential,buildings,13.4,15.0,537.8
ghsl_5816_cell_01212,5,36,51.43105123865903,-0.516011619099745,2484.4,Residential,buildings,12.9,16.4,537.4
ghsl_5816_cell_01213,6,36,51.43105123865904,-0.5026087199023491,4348.3,Residential,buildings,12.7,15.8,712.7
ghsl_5816_cell_01214,7,36,51.43105123865903,-0.48920582070495294,3244.0,Residential,buildings,30.9,14.0,1500.0
ghsl_5816_cell_01215,8,36,51.43105123865903,-0.47580292150755715,4925.4,Residential,buildings,13.3,15.6,1675.8
ghsl_5816_cell_01216,9,36,51.43105123865903,-0.4624000223101612,4830.0,Residential,buildings,47.2,15.0,2129.3
ghsl_5816_cell_01217,10,36,51.43105123865904,-0.4489971231127652,5383.5,Residential,buildings,12.7,14.7,2685.7
ghsl_5816_cell_01218,11,36,51.43105123865903,-0.43559422391536917,2220.1,Residential,buildings,8.9,14.9,2685.5
ghsl_5816_cell_01219,12,36,51.431051238659045,-0.4221913247179732,3992.9,Civic,buildings,26.1,12.1,2685.5
ghsl_5816_cell_01220,13,36,51.43105123865903,-0.40878842552057726,1887.1,Civic,buildings,24.7,12.0,2685.7
ghsl_5816_cell_01221,14,36,51.431051238659045,-0.3953855263231813,4299.4,Residential,buildings,23.6,17.5,2724.4
ghsl_5816_cell_01222,15,36,51.431051238659045,-0.38198262712578535,7900.0,Residential,buildings,18.1,17.2,3023.8
ghsl_5816_cell_01223,16,36,51.43105123865903,-0.36857972792838944,3208.6,Civic,buildings,19.9,17.0,3550.1
ghsl_5816_cell_01224,17,36,51.431051238659045,-0.3551768287309934,5396.8,Residential,buildings,60.4,18.8,4219.2
ghsl_5816_cell_01225,18,36,51.43105123865903,-0.34177392953359736,8582.6,Residential,buildings,18.4,12.3,4970.5
ghsl_5816_cell_01226,19,36,51.43105123865903,-0.32837103033620135,5390.1,Residential,buildings,37.1,10.7,5360.4
ghsl_5816_cell_01227,20,36,51.43105123865903,-0.3149681311388054,4806.8,Residential,buildings,23.9,9.2,5824.4
ghsl_5816_cell_01228,21,36,51.43105123865903,-0.3015652319414094,3673.6,Residential,buildings,57.9,9.8,6391.6
ghsl_5816_cell_01229,22,36,51.43105123865903,-0.2881623327440134,1078.8,Residential,buildings,2.9,31.5,7037.1
ghsl_5816_cell_01230,23,36,51.43105123865903,-0.27475943354661747,315.4,Civic,buildings,22.5,42.5,7741.3
ghsl_5816_cell_01231,24,36,51.43105123865903,-0.2613565343492215,2982.7,Civic,buildings,5.3,25.0,8452.3
ghsl_5816_cell_01232,25,36,51.43105123865903,-0.24795363515182559,15.5,Green,land_use,100.0,32.4,9074.1
ghsl_5816_cell_01233,26,36,51.43105123865903,-0.2345507359544296,92.4,Residential,buildings,13.8,59.3,9539.4
ghsl_5816_cell_01234,27,36,51.431051238659045,-0.22114783675703362,2166.0,Residential,buildings,7.8,54.9,10069.9
ghsl_5816_cell_01235,28,36,51.43105123865903,-0.20774493755963763,2946.9,Civic,buildings,39.4,35.1,10655.8
ghsl_5816_cell_01236,29,36,51.43105123865903,-0.19434203836224162,6419.8,Residential,buildings,16.9,16.0,11288.4
ghsl_5816_cell_01237,30,36,51.43105123865903,-0.18093913916484566,9164.8,Residential,buildings,43.8,12.3,11960.5
ghsl_5816_cell_01238,31,36,51.43105123865903,-0.1675362399674497,15538.6,Residential,buildings,3.2,16.5,12358.5
ghsl_5816_cell_01239,32,36,51.43105123865903,-0.15413334077005372,13602.7,Residential,buildings,2.1,34.4,12375.1
ghsl_5816_cell_01240,33,36,51.43105123865903,-0.1407304415726577,6593.8,Residential,buildings,90.2,41.8,11872.0
ghsl_5816_cell_01241,34,36,51.43105123865905,-0.1273275423752618,13887.8,Residential,buildings,4.5,57.8,11423.2
ghsl_5816_cell_01242,35,36,51.43105123865904,-0.11392464317786578,11930.8,Residential,buildings,5.3,84.4,11035.2
ghsl_5816_cell_01243,36,36,51.43105123865903,-0.10052174398046981,8965.7,Residential,buildings,20.6,50.5,10563.8
ghsl_5816_cell_01244,37,36,51.43105123865905,-0.08711884478307383,8969.4,Residential,buildings,12.6,54.2,9883.1
ghsl_5816_cell_01245,38,36,51.43105123865904,-0.07371594558567784,4995.3,Residential,buildings,8.7,112.2,9246.5
ghsl_5816_cell_01246,39,36,51.43105123865903,-0.06031304638828188,10574.5,Residential,buildings,4.8,64.9,8663.6
ghsl_5816_cell_01247,40,36,51.43105123865903,-0.04691014719088591,10597.0,Residential,buildings,11.0,51.0,8146.1
ghsl_5816_cell_01248,41,36,51.43105123865904,-0.03350724799348994,6725.3,Commercial,buildings,25.6,25.6,7707.2
ghsl_5816_cell_01249,42,36,51.43105123865904,-0.020104348796093963,8552.9,Commercial,buildings,6.5,23.4,7360.9
ghsl_5816_cell_01250,43,36,51.43105123865904,-0.006701449598697987,6800.3,Residential,buildings,29.0,55.5,7120.7
ghsl_5816_cell_01251,44,36,51.43105123865904,0.006701449598697988,8581.7,Residential,buildings,23.8,54.6,6997.5
ghsl_5816_cell_01252,45,36,51.43105123865904,0.020104348796093963,8357.7,Residential,buildings,4.8,52.5,6981.9
ghsl_5816_cell_01253,46,36,51.43105123865904,0.03350724799348995,6025.6,Residential,buildings,49.9,42.2,6268.7
ghsl_5816_cell_01254,47,36,51.43105123865904,0.04691014719088591,7375.4,Residential,buildings,12.5,58.3,5373.1
ghsl_5816_cell_01255,48,36,51.43105123865903,0.06031304638828188,6717.2,Residential,buildings,31.6,71.0,4492.5
ghsl_5816_cell_01256,49,36,51.43105123865904,0.07371594558567786,5441.7,Residential,buildings,15.9,54.6,3637.7
ghsl_5816_cell_01257,50,36,51.43105123865905,0.08711884478307383,5808.5,Residential,buildings,27.6,48.2,2832.2
ghsl_5816_cell_01258,51,36,51.43105123865903,0.10052174398046979,6189.4,Residential,buildings,4.8,45.2,2132.6
ghsl_5816_cell_01259,52,36,51.43105123865904,0.1139246431778658,4687.4,Residential,buildings,13.0,40.4,1497.3
ghsl_5816_cell_01260,53,36,51.43105123865903,0.12732754237526175,3775.8,Residential,buildings,4.2,26.6,710.8
ghsl_5816_cell_01261,54,36,51.43105123865903,0.1407304415726577,177.3,Agricultural,buildings,90.4,26.2,537.2
ghsl_5816_cell_01262,55,36,51.431051238659045,0.15413334077005372,93.0,Agricultural,buildings,2.2,39.6,537.2
ghsl_5816_cell_01263,56,36,51.431051238659045,0.1675362399674497,3432.2,Residential,buildings,9.9,40.9,710.7
ghsl_5816_cell_01264,57,36,51.43105123865903,0.18093913916484558,1768.0,Civic,buildings,30.4,35.2,537.1
ghsl_5816_cell_01265,58,36,51.431051238659045,0.19434203836224165,1163.5,Civic,buildings,41.0,36.0,536.9
ghsl_5816_cell_01266,59,36,51.43105123865903,0.2077449375596376,2800.4,Residential,buildings,24.9,15.7,536.9
ghsl_5816_cell_01267,60,36,51.431051238659045,0.22114783675703362,1699.5,Industrial,buildings,20.7,8.8,466.1
ghsl_5816_cell_01268,1,37,51.421394373731,-0.569547156306181,2215.4,Residential,buildings,21.8,57.5,466.1
ghsl_5816_cell_01269,4,37,51.42139437373101,-0.529343827625745,2647.6,Residential,buildings,11.0,17.3,466.1
ghsl_5816_cell_01270,5,37,51.421394373731005,-0.5159427180655994,1211.3,Residential,buildings,46.8,13.3,536.9
ghsl_5816_cell_01271,6,37,51.421394373731005,-0.5025416085054539,4898.9,Residential,buildings,15.5,14.8,536.9
ghsl_5816_cell_01272,7,37,51.421394373731005,-0.48914049894530853,3335.9,Residential,buildings,43.6,13.6,537.0
ghsl_5816_cell_01273,8,37,51.42139437373101,-0.4757393893851631,1684.4,Residential,buildings,0.6,9.2,709.8
ghsl_5816_cell_01274,9,37,51.421394373731,-0.46233827982501763,15.4,Utility,land_use,4.4,21.0,1495.9
ghsl_5816_cell_01275,10,37,51.421394373731005,-0.4489371702648722,3047.3,Residential,buildings,1.7,21.0,1611.3
ghsl_5816_cell_01276,11,37,51.42139437373101,-0.4355360607047267,3985.7,Industrial,buildings,12.1,13.4,1611.1
ghsl_5816_cell_01277,12,37,51.42139437373101,-0.42213495114458127,6282.2,Commercial,buildings,5.0,13.2,1611.1
ghsl_5816_cell_01278,13,37,51.42139437373101,-0.408733841584436,1423.9,Commercial,buildings,27.3,14.3,1611.3
ghsl_5816_cell_01279,14,37,51.421394373731,-0.3953327320242905,29.4,Green,land_use,100.0,13.8,1676.0
ghsl_5816_cell_01280,15,37,51.421394373731,-0.38193162246414497,5457.3,Residential,buildings,24.4,18.8,2130.0
ghsl_5816_cell_01281,16,37,51.421394373731005,-0.3685305129039996,5728.2,Residential,buildings,7.1,16.4,2829.0
ghsl_5816_cell_01282,17,37,51.42139437373101,-0.3551294033438542,1480.8,Residential,buildings,12.5,17.4,3550.3
ghsl_5816_cell_01283,18,37,51.421394373731,-0.34172829378370867,1684.9,Residential,buildings,100.0,12.8,4007.4
ghsl_5816_cell_01284,19,37,51.421394373731,-0.3283271842235633,4480.3,Residential,buildings,16.3,11.3,4417.7
ghsl_5816_cell_01285,20,37,51.42139437373101,-0.31492607466341777,6907.4,Civic,buildings,16.9,9.6,4971.1
ghsl_5816_cell_01286,21,37,51.42139437373101,-0.30152496510327237,7794.7,Residential,buildings,17.5,9.5,5625.5
ghsl_5816_cell_01287,22,37,51.42139437373101,-0.28812385554312697,6668.1,Residential,buildings,3.7,18.4,6349.8
ghsl_5816_cell_01288,23,37,51.421394373731,-0.27472274598298146,3500.0,Residential,buildings,31.6,56.5,7037.5
ghsl_5816_cell_01289,24,37,51.42139437373101,-0.26132163642283607,1049.8,Residential,buildings,81.7,34.9,7699.3
ghsl_5816_cell_01290,25,37,51.42139437373101,-0.24792052686269062,801.2,Residential,buildings,37.4,26.1,8136.7
ghsl_5816_cell_01291,26,37,51.421394373731005,-0.2345194173025452,1926.8,Residential,buildings,84.2,30.5,8652.9
ghsl_5816_cell_01292,27,37,51.42139437373101,-0.22111830774239982,5696.8,Residential,buildings,7.1,57.4,9234.7
ghsl_5816_cell_01293,28,37,51.421394373731,-0.20771719818225431,8003.4,Residential,buildings,0.8,31.0,9870.5
ghsl_5816_cell_01294,29,37,51.42139437373101,-0.1943160886221089,11730.3,Residential,buildings,6.5,16.2,10550.6
ghsl_5816_cell_01295,30,37,51.42139437373101,-0.1809149790619634,10545.2,Residential,buildings,15.2,9.6,11266.9
ghsl_5816_cell_01296,31,37,51.421394373731,-0.167513869501818,16118.6,Residential,buildings,2.4,17.7,11284.9
ghsl_5816_cell_01297,32,37,51.421394373731,-0.1541127599416725,15458.6,Residential,buildings,4.3,22.2,11360.4
ghsl_5816_cell_01298,33,37,51.42139437373101,-0.14071165038152714,14641.4,Residential,buildings,2.7,33.7,10962.1
ghsl_5816_cell_01299,34,37,51.42139437373101,-0.12731054082138168,10105.0,Residential,buildings,38.8,46.2,10474.4
ghsl_5816_cell_01300,35,37,51.42139437373101,-0.11390943126123625,4899.8,Residential,buildings,42.5,82.4,10049.9
ghsl_5816_cell_01301,36,37,51.421394373731,-0.10050832170109078,7873.9,Residential,buildings,22.1,73.6,9696.8
ghsl_5816_cell_01302,37,37,51.421394373731,-0.08710721214094534,10645.7,Residential,buildings,14.7,83.5,9155.7
ghsl_5816_cell_01303,38,37,51.421394373731,-0.07370610258079992,5009.5,Residential,buildings,76.6,92.9,8464.5
ghsl_5816_cell_01304,39,37,51.42139437373101,-0.060304993020654486,7454.4,Residential,buildings,2.5,65.8,7823.7
ghsl_5816_cell_01305,40,37,51.42139437373102,-0.04690388346050904,8205.4,Residential,buildings,19.9,37.7,7246.5
ghsl_5816_cell_01306,41,37,51.421394373731005,-0.033502773900363596,2228.7,Residential,buildings,28.4,25.2,6749.3
ghsl_5816_cell_01307,42,37,51.42139437373102,-0.02010166434021816,4859.5,Civic,buildings,100.0,56.2,6350.9
ghsl_5816_cell_01308,43,37,51.42139437373102,-0.006700554780072721,4933.7,Residential,buildings,10.7,34.2,6070.9
ghsl_5816_cell_01309,44,37,51.42139437373102,0.006700554780072721,7432.6,Residential,buildings,18.6,39.2,5926.0
ghsl_5816_cell_01310,45,37,51.42139437373102,0.02010166434021816,5268.7,Residential,buildings,20.8,53.4,5907.5
ghsl_5816_cell_01311,46,37,51.42139437373102,0.033502773900363596,1028.6,Residential,buildings,100.0,69.7,5907.4
ghsl_5816_cell_01312,47,37,51.42139437373102,0.04690388346050904,3507.2,Civic,buildings,6.7,81.9,5154.8
ghsl_5816_cell_01313,48,37,51.42139437373102,0.06030499302065447,5617.0,Residential,buildings,7.5,91.6,4228.7
ghsl_5816_cell_01314,49,37,51.42139437373101,0.07370610258079993,3488.7,Residential,buildings,15.7,71.8,3306.2
ghsl_5816_cell_01315,50,37,51.421394373731,0.08710721214094536,857.0,Residential,buildings,47.1,81.0,2391.1
ghsl_5816_cell_01316,51,37,51.42139437373101,0.10050832170109078,2952.2,Residential,buildings,35.0,71.0,1497.5
ghsl_5816_cell_01317,52,37,51.42139437373101,0.11390943126123622,3955.6,Residential,buildings,21.0,41.9,710.9
ghsl_5816_cell_01318,53,37,51.421394373731,0.12731054082138166,2992.0,Residential,buildings,0.7,21.4,466.1
ghsl_5816_cell_01319,56,37,51.421394373731,0.16751386950181796,2320.7,Commercial,land_use,25.4,69.1,466.1
ghsl_5816_cell_01320,8,38,51.41173825987475,-0.4756758932492386,124.4,Residential,land_use,32.3,13.0,466.1
ghsl_5816_cell_01321,9,38,51.41173825987474,-0.46227657231264024,379.8,Residential,buildings,0.8,21.0,709.8
ghsl_5816_cell_01322,10,38,51.41173825987474,-0.448877251376042,811.7,Residential,buildings,41.3,21.0,537.0
ghsl_5816_cell_01323,11,38,51.41173825987474,-0.4354779304394437,979.4,Industrial,buildings,14.3,11.8,536.8
ghsl_5816_cell_01324,12,38,51.41173825987474,-0.4220786095028454,3076.1,Civic,buildings,17.6,12.0,536.8
ghsl_5816_cell_01325,13,38,51.41173825987475,-0.40867928856624725,3766.4,Residential,buildings,19.9,13.1,537.0
ghsl_5816_cell_01326,14,38,51.411738259874745,-0.395279967629649,1428.7,Residential,buildings,21.9,12.9,710.0
ghsl_5816_cell_01327,15,38,51.41173825987474,-0.38188064669305066,907.8,Industrial,buildings,4.9,10.9,1496.3
ghsl_5816_cell_01328,16,38,51.41173825987474,-0.36848132575645237,4436.5,Civic,buildings,8.1,5.3,2130.1
ghsl_5816_cell_01329,17,38,51.41173825987474,-0.3550820048198541,1088.4,Residential,buildings,36.9,13.8,2724.2
ghsl_5816_cell_01330,18,38,51.41173825987474,-0.3416826838832559,318.5,Residential,buildings,10.1,10.7,3024.0
ghsl_5816_cell_01331,19,38,51.41173825987474,-0.3282833629466576,80.1,Residential,buildings,26.3,9.5,3550.6
ghsl_5816_cell_01332,20,38,51.41173825987474,-0.3148840420100593,2822.8,Residential,buildings,22.1,8.9,4220.0
ghsl_5816_cell_01333,21,38,51.411738259874745,-0.301484721073461,7899.7,Residential,buildings,9.9,11.3,4971.3
ghsl_5816_cell_01334,22,38,51.41173825987474,-0.28808540013686273,11963.0,Residential,buildings,0.8,11.6,5625.9
ghsl_5816_cell_01335,23,38,51.41173825987474,-0.2746860792002645,6325.3,Residential,buildings,4.2,18.9,6345.0
ghsl_5816_cell_01336,24,38,51.41173825987474,-0.2612867582636662,4116.5,Residential,buildings,8.4,15.4,6741.7
ghsl_5816_cell_01337,25,38,51.41173825987475,-0.24788743732706803,2488.9,Residential,buildings,72.6,13.1,7237.6
ghsl_5816_cell_01338,26,38,51.41173825987474,-0.2344881163904697,7007.9,Residential,buildings,19.7,18.3,7813.7
ghsl_5816_cell_01339,27,38,51.41173825987475,-0.2210887954538715,9583.9,Residential,buildings,5.9,19.0,8453.8
ghsl_5816_cell_01340,28,38,51.41173825987474,-0.20768947451727315,7813.1,Residential,buildings,18.7,18.2,9144.3
ghsl_5816_cell_01341,29,38,51.411738259874745,-0.19429015358067495,7209.7,Industrial,buildings,17.2,12.3,9871.1
ghsl_5816_cell_01342,30,38,51.41173825987475,-0.18089083264407665,8381.7,Residential,buildings,5.1,14.9,10201.6
ghsl_5816_cell_01343,31,38,51.41173825987474,-0.16749151170747836,10440.0,Residential,buildings,16.5,18.5,10211.6
ghsl_5816_cell_01344,32,38,51.41173825987474,-0.1540921907708801,10192.7,Residential,buildings,18.6,25.8,10295.2
ghsl_5816_cell_01345,33,38,51.411738259874745,-0.14069286983428184,10892.7,Residential,buildings,11.5,28.1,10084.6
ghsl_5816_cell_01346,34,38,51.411738259874745,-0.12729354889768354,10949.3,Residential,buildings,11.5,35.5,9552.3
ghsl_5816_cell_01347,35,38,51.41173825987475,-0.1138942279610853,6137.6,Residential,buildings,34.3,41.1,9084.8
ghsl_5816_cell_01348,36,38,51.411738259874745,-0.100494907024487,7440.7,Residential,buildings,11.3,61.3,8692.7
ghsl_5816_cell_01349,37,38,51.411738259874745,-0.08709558608788874,7612.0,Residential,buildings,14.7,114.5,8386.5
ghsl_5816_cell_01350,38,38,51.41173825987474,-0.07369626515129046,6827.9,Residential,buildings,33.1,68.5,7753.0
ghsl_5816_cell_01351,39,38,51.41173825987475,-0.06029694421469221,10513.2,Residential,buildings,11.0,44.4,7047.7
ghsl_5816_cell_01352,40,38,51.41173825987474,-0.04689762327809394,7963.7,Commercial,buildings,12.3,32.0,6401.0
ghsl_5816_cell_01353,41,38,51.41173825987474,-0.033498302341495666,5818.1,Residential,buildings,8.3,32.8,5832.1
ghsl_5816_cell_01354,42,38,51.41173825987474,-0.0200989814048974,5589.0,Residential,buildings,15.0,50.9,5366.1
ghsl_5816_cell_01355,43,38,51.41173825987474,-0.006699660468299134,3293.1,Residential,buildings,14.0,67.4,5031.6
ghsl_5816_cell_01356,44,38,51.41173825987475,0.006699660468299134,7023.3,Residential,buildings,19.4,70.9,4855.7
ghsl_5816_cell_01357,45,38,51.41173825987475,0.02009898140489741,7413.3,Residential,buildings,1.6,68.8,4833.2
ghsl_5816_cell_01358,46,38,51.41173825987474,0.033498302341495666,2465.9,Residential,buildings,12.8,87.9,4833.1
ghsl_5816_cell_01359,47,38,51.41173825987474,0.04689762327809394,2245.2,Residential,buildings,1.1,64.4,4833.2
ghsl_5816_cell_01360,48,38,51.41173825987474,0.06029694421469221,2187.6,Residential,buildings,37.7,93.4,4195.1
ghsl_5816_cell_01361,49,38,51.411738259874745,0.07369626515129048,1761.2,Civic,buildings,5.9,101.6,3262.9
ghsl_5816_cell_01362,50,38,51.411738259874745,0.08709558608788874,709.0,Residential,buildings,100.0,85.9,2330.6
ghsl_5816_cell_01363,51,38,51.411738259874745,0.100494907024487,2216.3,Residential,buildings,12.2,72.0,1398.4
ghsl_5816_cell_01364,52,38,51.411738259874745,0.11389422796108528,1616.7,Residential,buildings,40.9,34.5,466.1
ghsl_5816_cell_01365,9,39,51.402082896726235,-0.4622148997442264,3354.6,Residential,buildings,15.2,12.8,466.2
ghsl_5816_cell_01366,14,39,51.402082896726235,-0.3952272331146284,106.3,Residential,buildings,24.1,17.1,466.2
ghsl_5816_cell_01367,15,39,51.402082896726235,-0.38182969978870873,3228.3,Industrial,buildings,15.2,9.5,710.0
ghsl_5816_cell_01368,16,39,51.402082896726235,-0.36843216646278915,5758.4,Civic,buildings,17.2,9.7,1496.5
ghsl_5816_cell_01369,17,39,51.402082896726235,-0.35503463313686945,4388.1,Residential,buildings,4.1,11.9,1675.9
ghsl_5816_cell_01370,18,39,51.402082896726235,-0.34163709981095003,1948.2,Residential,buildings,21.9,7.8,2130.3
ghsl_5816_cell_01371,19,39,51.402082896726235,-0.3282395664850302,31.0,Residential,buildings,100.0,9.6,2829.6
ghsl_5816_cell_01372,20,39,51.402082896726235,-0.31484203315911075,575.1,Residential,buildings,29.1,5.9,3550.8
ghsl_5816_cell_01373,21,39,51.402082896726235,-0.3014444998331911,10194.0,Residential,buildings,0.3,11.2,4220.3
ghsl_5816_cell_01374,22,39,51.402082896726235,-0.28804696650727146,4634.2,Residential,buildings,23.7,12.0,4975.3
ghsl_5816_cell_01375,23,39,51.402082896726235,-0.2746494331813519,6331.7,Residential,buildings,20.8,15.7,5360.5
ghsl_5816_cell_01376,24,39,51.402082896726235,-0.2612518998554323,8554.1,Residential,buildings,0.8,17.7,5825.1
ghsl_5816_cell_01377,25,39,51.402082896726235,-0.2478543665295127,6083.1,Residential,buildings,16.1,21.4,6392.8
ghsl_5816_cell_01378,26,39,51.402082896726235,-0.23445683320359306,6643.4,Residential,buildings,6.8,17.0,7038.8
ghsl_5816_cell_01379,27,39,51.402082896726235,-0.2210592998776735,4073.0,Residential,buildings,59.1,22.4,7743.5
ghsl_5816_cell_01380,28,39,51.40208289672625,-0.20766176655175392,6620.5,Residential,buildings,7.1,17.8,8454.3
ghsl_5816_cell_01381,29,39,51.402082896726235,-0.19426423322583425,6758.2,Residential,buildings,4.5,19.3,9127.4
ghsl_5816_cell_01382,30,39,51.402082896726235,-0.1808666998999147,6421.2,Residential,buildings,41.4,23.0,9127.4
ghsl_5816_cell_01383,31,39,51.402082896726235,-0.16746916657399502,7905.4,Commercial,buildings,26.5,21.8,9138.7
ghsl_5816_cell_01384,32,39,51.402082896726235,-0.15407163324807546,5486.5,Residential,buildings,10.7,24.4,9232.1
ghsl_5816_cell_01385,33,39,51.402082896726235,-0.14067409992215585,7437.8,Residential,buildings,31.9,27.8,9248.8
ghsl_5816_cell_01386,34,39,51.402082896726235,-0.12727656659623626,9875.5,Residential,buildings,17.2,46.5,8665.4
ghsl_5816_cell_01387,35,39,51.402082896726235,-0.11387903327031665,12243.5,Residential,buildings,8.8,43.2,8147.3
ghsl_5816_cell_01388,36,39,51.40208289672624,-0.10048149994439701,12786.1,Residential,buildings,1.0,53.8,7707.7
ghsl_5816_cell_01389,37,39,51.402082896726235,-0.08708396661847743,10260.1,Residential,buildings,16.2,84.1,7360.7
ghsl_5816_cell_01390,38,39,51.402082896726235,-0.07368643329255783,10217.6,Residential,buildings,2.0,62.5,7048.2
ghsl_5816_cell_01391,39,39,51.40208289672624,-0.060288899966638235,8183.7,Residential,buildings,19.1,51.0,6359.2
ghsl_5816_cell_01392,40,39,51.402082896726256,-0.04689136664071862,6195.7,Residential,buildings,16.9,31.9,5634.0
ghsl_5816_cell_01393,41,39,51.402082896726235,-0.03349383331479901,5931.4,Residential,buildings,35.2,36.5,4978.4
ghsl_5816_cell_01394,42,39,51.402082896726235,-0.02009629998887941,4271.1,Residential,buildings,19.9,49.5,4423.3
ghsl_5816_cell_01395,43,39,51.402082896726235,-0.006698766662959804,4868.2,Residential,buildings,0.2,64.7,4010.9
ghsl_5816_cell_01396,44,39,51.402082896726235,0.006698766662959803,5792.2,Residential,buildings,10.7,41.9,3787.9
ghsl_5816_cell_01397,45,39,51.402082896726235,0.02009629998887941,4702.5,Commercial,buildings,2.6,50.0,3759.0
ghsl_5816_cell_01398,46,39,51.40208289672624,0.033493833314799014,6328.7,Residential,buildings,11.3,58.7,3758.9
ghsl_5816_cell_01399,47,39,51.402082896726235,0.04689136664071862,2902.5,Residential,buildings,5.1,76.8,3759.0
ghsl_5816_cell_01400,48,39,51.40208289672624,0.060288899966638235,2242.5,Residential,buildings,2.7,69.4,3788.1
ghsl_5816_cell_01401,49,39,51.402082896726235,0.07368643329255782,253.5,Civic,buildings,82.2,72.7,3263.1
ghsl_5816_cell_01402,50,39,51.402082896726235,0.08708396661847743,1006.1,Residential,buildings,1.6,101.8,2330.8
ghsl_5816_cell_01403,51,39,51.40208289672624,0.10048149994439701,5531.2,Residential,buildings,15.5,68.6,1398.5
ghsl_5816_cell_01404,52,39,51.402082896726235,0.11387903327031665,4968.9,Residential,buildings,17.1,38.8,466.2
ghsl_5816_cell_01405,15,40,51.39242828392172,-0.3817787817273538,1681.3,Residential,buildings,31.7,10.3,466.2
ghsl_5816_cell_01406,16,40,51.39242828392171,-0.36838303500007824,746.9,Residential,buildings,44.1,16.0,537.0
ghsl_5816_cell_01407,17,40,51.39242828392172,-0.35498728827280274,1232.6,Residential,buildings,58.4,9.6,710.1
ghsl_5816_cell_01408,18,40,51.39242828392172,-0.3415915415455271,3105.6,Civic,buildings,31.3,9.4,1496.7
ghsl_5816_cell_01409,19,40,51.39242828392172,-0.3281957948182515,2499.9,Residential,buildings,72.5,3.5,2130.4
ghsl_5816_cell_01410,20,40,51.39242828392171,-0.31480004809097595,6569.6,Residential,buildings,11.1,10.6,2829.9
ghsl_5816_cell_01411,21,40,51.39242828392171,-0.30140430136370033,10228.4,Residential,buildings,3.1,33.5,3635.5
ghsl_5816_cell_01412,22,40,51.39242828392171,-0.2880085546364248,7129.4,Residential,buildings,2.3,30.3,4007.3
ghsl_5816_cell_01413,23,40,51.39242828392171,-0.2746128079091492,3458.5,Residential,buildings,27.0,18.0,4418.1
ghsl_5816_cell_01414,24,40,51.39242828392172,-0.2612170611818737,6316.7,Residential,buildings,2.1,24.1,4972.0
ghsl_5816_cell_01415,25,40,51.39242828392172,-0.24782131445459815,5337.4,Residential,buildings,9.0,19.4,5626.9
ghsl_5816_cell_01416,26,40,51.39242828392172,-0.23442556772732256,2501.0,Residential,buildings,78.7,17.0,6351.7
ghsl_5816_cell_01417,27,40,51.39242828392171,-0.22102982100004692,6710.4,Residential,buildings,14.0,22.7,7039.2
ghsl_5816_cell_01418,28,40,51.39242828392171,-0.20763407427277142,2869.5,Residential,buildings,78.1,32.1,7744.0
ghsl_5816_cell_01419,29,40,51.3924282839217,-0.19423832754549578,7684.8,Residential,buildings,27.8,33.8,8053.2
ghsl_5816_cell_01420,30,40,51.39242828392171,-0.18084258081822022,7855.1,Residential,buildings,24.0,30.6,8053.2
ghsl_5816_cell_01421,31,40,51.39242828392171,-0.16744683409094466,3123.0,Industrial,buildings,38.2,22.2,8066.1
ghsl_5816_cell_01422,32,40,51.39242828392171,-0.15405108736366904,128.4,Residential,buildings,70.6,31.7,8172.0
ghsl_5816_cell_01423,33,40,51.39242828392172,-0.1406553406363935,1043.4,Industrial,buildings,100.0,37.5,8381.0
ghsl_5816_cell_01424,34,40,51.39242828392171,-0.12725959390911792,6469.9,Residential,buildings,53.9,35.7,7825.6
ghsl_5816_cell_01425,35,40,51.39242828392171,-0.11386384718184235,13334.8,Residential,buildings,4.0,46.2,7247.9
ghsl_5816_cell_01426,36,40,51.39242828392171,-0.1004681004545668,11091.2,Residential,buildings,17.9,45.1,6750.1
ghsl_5816_cell_01427,37,40,51.39242828392171,-0.0870723537272912,8790.2,Residential,buildings,9.6,49.5,6351.1
ghsl_5816_cell_01428,38,40,51.39242828392171,-0.07367660700001565,10116.6,Residential,buildings,14.4,46.5,6070.4
ghsl_5816_cell_01429,39,40,51.39242828392171,-0.060280860272740065,7763.5,Residential,buildings,66.0,43.2,5634.4
ghsl_5816_cell_01430,40,40,51.392428283921724,-0.0468851135454645,6458.3,Industrial,buildings,6.9,38.3,4978.6
ghsl_5816_cell_01431,41,40,51.392428283921724,-0.033489366818188926,5194.8,Residential,buildings,21.4,46.2,4226.4
ghsl_5816_cell_01432,42,40,51.392428283921724,-0.02009362009091336,1859.2,Civic,buildings,30.6,50.5,3555.8
ghsl_5816_cell_01433,43,40,51.392428283921724,-0.0066978733636377874,3596.6,Residential,buildings,5.2,62.0,3027.4
ghsl_5816_cell_01434,44,40,51.392428283921724,0.0066978733636377874,4986.4,Residential,buildings,2.8,63.1,2725.1
ghsl_5816_cell_01435,45,40,51.392428283921724,0.02009362009091336,2870.5,Residential,buildings,51.5,47.7,2684.9
ghsl_5816_cell_01436,46,40,51.392428283921724,0.033489366818188926,5439.3,Residential,buildings,22.0,63.6,2684.8
ghsl_5816_cell_01437,47,40,51.392428283921724,0.0468851135454645,6025.4,Residential,buildings,0.9,67.6,2684.9
ghsl_5816_cell_01438,48,40,51.39242828392171,0.06028086027274008,1511.0,Civic,buildings,50.1,76.1,2725.4
ghsl_5816_cell_01439,49,40,51.39242828392172,0.07367660700001563,3253.9,Residential,buildings,3.7,79.9,3028.2
ghsl_5816_cell_01440,50,40,51.39242828392171,0.0870723537272912,3259.0,Residential,buildings,0.1,83.9,2392.5
ghsl_5816_cell_01441,51,40,51.39242828392171,0.10046810045456678,5779.1,Residential,buildings,8.8,68.4,1498.6
ghsl_5816_cell_01442,52,40,51.39242828392171,0.11386384718184235,5321.8,Residential,buildings,18.0,46.1,711.5
ghsl_5816_cell_01443,53,40,51.39242828392171,0.12725959390911792,2397.8,Residential,buildings,45.9,80.0,466.2
ghsl_5816_cell_01444,17,41,51.38277442109769,-0.3549399702055817,2642.2,Civic,buildings,27.7,12.5,466.2
ghsl_5816_cell_01445,18,41,51.382774421097686,-0.3415460090657484,2944.8,Civic,buildings,24.3,10.8,710.1
ghsl_5816_cell_01446,19,41,51.38277442109769,-0.3281520479259152,3628.5,Civic,buildings,14.9,12.2,1496.8
ghsl_5816_cell_01447,20,41,51.382774421097686,-0.31475808678608186,3341.1,Residential,buildings,0.9,21.4,2390.8
ghsl_5816_cell_01448,21,41,51.382774421097686,-0.3013641256462486,6033.9,Residential,buildings,1.9,28.8,2723.8
ghsl_5816_cell_01449,22,41,51.382774421097686,-0.2879701645064153,6667.6,Residential,buildings,23.8,27.8,3024.1
ghsl_5816_cell_01450,23,41,51.382774421097686,-0.27457620336658206,6451.2,Residential,buildings,23.2,30.1,3551.3
ghsl_5816_cell_01451,24,41,51.38277442109769,-0.2611822422267488,4524.0,Residential,buildings,16.8,29.8,4221.2
ghsl_5816_cell_01452,25,41,51.382774421097686,-0.24778828108691547,5643.6,Residential,buildings,17.3,24.2,4972.2
ghsl_5816_cell_01453,26,41,51.382774421097686,-0.23439431994708226,6829.5,Residential,buildings,28.8,23.9,5627.3
ghsl_5816_cell_01454,27,41,51.38277442109769,-0.221000358807249,7678.8,Residential,buildings,9.7,26.1,6352.2
ghsl_5816_cell_01455,28,41,51.382774421097686,-0.20760639766741573,6348.3,Residential,buildings,18.0,40.6,6995.6
ghsl_5816_cell_01456,29,41,51.38277442109769,-0.1942124365275824,6575.5,Residential,buildings,50.5,38.4,6979.2
ghsl_5816_cell_01457,30,41,51.38277442109769,-0.18081847538774917,8183.3,Residential,buildings,31.3,48.5,6979.2
ghsl_5816_cell_01458,31,41,51.38277442109769,-0.16742451424791588,9902.3,Residential,buildings,8.2,32.0,6994.1
ghsl_5816_cell_01459,32,41,51.38277442109769,-0.15403055310808264,3481.3,Residential,buildings,6.1,27.7,7116.2
ghsl_5816_cell_01460,33,41,51.382774421097686,-0.14063659196824935,330.0,Industrial,buildings,0.0,30.7,7355.5
ghsl_5816_cell_01461,34,41,51.38277442109769,-0.1272426308284161,4447.6,Commercial,buildings,0.5,47.0,7049.8
ghsl_5816_cell_01462,35,41,51.38277442109769,-0.11384866968858282,14075.1,Residential,buildings,2.9,41.8,6402.6
ghsl_5816_cell_01463,36,41,51.38277442109769,-0.10045470854874954,12514.4,Residential,buildings,2.6,55.7,5833.2
ghsl_5816_cell_01464,37,41,51.38277442109769,-0.08706074740891626,10432.5,Residential,buildings,3.2,56.4,5366.6
ghsl_5816_cell_01465,38,41,51.382774421097686,-0.073666786269083,11435.7,Residential,buildings,2.4,55.0,5031.3
ghsl_5816_cell_01466,39,41,51.38277442109769,-0.06027282512924972,5022.3,Civic,buildings,46.4,55.0,4854.9
ghsl_5816_cell_01467,40,41,51.38277442109769,-0.04687886398941645,4901.1,Residential,buildings,3.7,59.6,4226.7
ghsl_5816_cell_01468,41,41,51.38277442109769,-0.03348490284958318,1654.1,Civic,buildings,27.0,65.5,3556.0
ghsl_5816_cell_01469,42,41,51.38277442109769,-0.02009094170974991,2625.3,Residential,buildings,25.1,69.1,2833.8
ghsl_5816_cell_01470,43,41,51.38277442109769,-0.006696980569916635,3823.3,Residential,buildings,71.7,62.7,2133.4
ghsl_5816_cell_01471,44,41,51.38277442109769,0.006696980569916635,4992.8,Civic,buildings,10.9,71.6,1677.0
ghsl_5816_cell_01472,45,41,51.38277442109769,0.02009094170974991,2493.0,Civic,buildings,34.3,62.0,1610.8
ghsl_5816_cell_01473,46,41,51.38277442109769,0.03348490284958318,526.1,Residential,buildings,44.3,71.6,1610.7
ghsl_5816_cell_01474,47,41,51.382774421097686,0.04687886398941645,1988.9,Residential,buildings,53.0,66.4,1610.8
ghsl_5816_cell_01475,48,41,51.382774421097686,0.06027282512924973,3072.6,Residential,buildings,22.3,76.3,1677.3
ghsl_5816_cell_01476,49,41,51.3827744210977,0.073666786269083,4018.6,Residential,buildings,6.3,84.1,2134.1
ghsl_5816_cell_01477,50,41,51.38277442109769,0.08706074740891628,4671.4,Residential,buildings,2.6,76.9,2725.3
ghsl_5816_cell_01478,51,41,51.382774421097686,0.10045470854874954,4724.5,Residential,buildings,24.3,60.6,2132.5
ghsl_5816_cell_01479,52,41,51.382774421097686,0.11384866968858279,4751.0,Residential,buildings,15.3,62.3,1398.7
ghsl_5816_cell_01480,53,41,51.382774421097686,0.1272426308284161,1116.2,Residential,buildings,70.6,67.0,466.2
ghsl_5816_cell_01481,18,42,51.373121307890926,-0.3415005023504,2510.1,Residential,buildings,30.5,17.4,466.3
ghsl_5816_cell_01482,19,42,51.373121307890926,-0.3281083257876392,1123.2,Commercial,buildings,72.1,27.6,1398.8
ghsl_5816_cell_01483,20,42,51.37312130789092,-0.31471614922487845,1016.8,Residential,buildings,46.8,35.5,1610.7
ghsl_5816_cell_01484,21,42,51.373121307890926,-0.30132397266211763,6879.7,Residential,buildings,12.4,35.9,1675.8
ghsl_5816_cell_01485,22,42,51.37312130789092,-0.2879317960993569,3223.4,Industrial,buildings,29.8,29.6,2130.7
ghsl_5816_cell_01486,23,42,51.37312130789092,-0.27453961953659617,1446.1,Residential,buildings,47.0,27.9,2830.5
ghsl_5816_cell_01487,24,42,51.37312130789093,-0.2611474429738354,3174.8,Residential,buildings,16.6,23.1,3551.5
ghsl_5816_cell_01488,25,42,51.373121307890926,-0.24775526641107457,6313.3,Residential,buildings,6.2,34.4,4221.5
ghsl_5816_cell_01489,26,42,51.37312130789091,-0.23436308984831375,6356.2,Residential,buildings,11.6,32.0,4976.8
ghsl_5816_cell_01490,27,42,51.373121307890926,-0.220970913285553,7958.5,Residential,buildings,5.0,33.3,5784.2
ghsl_5816_cell_01491,28,42,51.37312130789091,-0.20757873672279215,5585.2,Residential,buildings,16.8,29.8,5924.5
ghsl_5816_cell_01492,29,42,51.373121307890926,-0.1941865601600314,8595.2,Residential,buildings,8.8,45.8,5905.2
ghsl_5816_cell_01493,30,42,51.373121307890926,-0.18079438359727062,7937.9,Residential,buildings,11.0,40.6,5905.2
ghsl_5816_cell_01494,31,42,51.373121307890926,-0.1674022070345098,7196.6,Civic,buildings,16.6,31.5,5923.0
ghsl_5816_cell_01495,32,42,51.373121307890926,-0.15401003047174902,5169.5,Residential,buildings,11.3,27.3,6066.8
ghsl_5816_cell_01496,33,42,51.37312130789092,-0.14061785390898823,1933.5,Residential,buildings,71.3,38.1,6346.1
ghsl_5816_cell_01497,34,42,51.373121307890926,-0.1272256773462275,3301.2,Commercial,buildings,1.9,37.3,6361.4
ghsl_5816_cell_01498,35,42,51.373121307890926,-0.1138335007834667,6576.8,Commercial,buildings,12.7,42.9,5635.8
ghsl_5816_cell_01499,36,42,51.373121307890926,-0.10044132422070592,7075.8,Commercial,buildings,3.5,61.0,4979.6
ghsl_5816_cell_01500,37,42,51.373121307890926,-0.08704914765794512,8889.3,Residential,buildings,8.0,73.5,4424.0
ghsl_5816_cell_01501,38,42,51.373121307890905,-0.07365697109518432,4914.3,Residential,buildings,11.0,81.0,4010.9
ghsl_5816_cell_01502,39,42,51.373121307890926,-0.06026479453242354,2602.1,Civic,buildings,46.4,75.3,3787.3
ghsl_5816_cell_01503,40,42,51.373121307890926,-0.04687261796966275,4637.8,Civic,buildings,14.8,81.5,3640.2
ghsl_5816_cell_01504,41,42,51.37312130789092,-0.033480441406901956,5430.8,Residential,buildings,4.4,77.0,2834.0
ghsl_5816_cell_01505,42,42,51.37312130789092,-0.020088264844141175,6210.6,Residential,buildings,0.5,83.6,2133.5
ghsl_5816_cell_01506,43,42,51.37312130789092,-0.006696088281380394,4025.5,Residential,buildings,10.3,86.7,1498.3
ghsl_5816_cell_01507,44,42,51.37312130789092,0.006696088281380393,3608.1,Residential,buildings,15.5,80.8,711.1
ghsl_5816_cell_01508,45,42,51.37312130789092,0.020088264844141182,1280.6,Civic,buildings,35.3,84.0,536.9
ghsl_5816_cell_01509,46,42,51.37312130789092,0.033480441406901956,325.2,Civic,buildings,55.2,82.0,536.8
ghsl_5816_cell_01510,47,42,51.373121307890926,0.046872617969662765,3324.4,Residential,buildings,6.9,100.2,536.9
ghsl_5816_cell_01511,48,42,51.373121307890926,0.06026479453242354,1914.2,Residential,buildings,4.5,91.3,711.3
ghsl_5816_cell_01512,49,42,51.373121307890926,0.07365697109518433,4559.8,Residential,buildings,0.7,100.6,1498.6
ghsl_5816_cell_01513,50,42,51.373121307890926,0.08704914765794512,4652.1,Residential,buildings,1.6,92.8,1677.3
ghsl_5816_cell_01514,51,42,51.373121307890926,0.1004413242207059,4887.7,Residential,buildings,1.2,67.7,1497.9
ghsl_5816_cell_01515,52,42,51.373121307890926,0.1138335007834667,4503.8,Residential,buildings,7.3,74.7,710.8
ghsl_5816_cell_01516,53,42,51.373121307890926,0.12722567734622747,2304.8,Residential,buildings,54.8,76.9,466.3
ghsl_5816_cell_01517,18,43,51.36346894393842,-0.341455021378293,3006.6,Residential,buildings,18.6,25.0,466.3
ghsl_5816_cell_01518,19,43,51.363468943938415,-0.3280646283830657,1261.9,Residential,buildings,43.3,50.1,536.9
ghsl_5816_cell_01519,20,43,51.363468943938415,-0.3146742353878385,5342.7,Residential,buildings,22.7,43.1,536.9
ghsl_5816_cell_01520,21,43,51.36346894393842,-0.3012838423926114,6744.9,Residential,buildings,12.0,40.1,710.2
ghsl_5816_cell_01521,22,43,51.363468943938415,-0.28789344939738415,5216.2,Residential,buildings,24.1,31.1,1497.2
ghsl_5816_cell_01522,23,43,51.363468943938415,-0.27450305640215705,5377.4,Residential,buildings,5.9,28.0,2130.8
ghsl_5816_cell_01523,24,43,51.36346894393842,-0.2611126634069299,4360.1,Residential,buildings,86.5,31.9,2830.7
ghsl_5816_cell_01524,25,43,51.363468943938415,-0.2477222704117027,5523.1,Residential,buildings,1.5,37.2,3636.7
ghsl_5816_cell_01525,26,43,51.36346894393842,-0.23433187741647557,2908.3,Residential,buildings,3.2,52.0,4492.0
ghsl_5816_cell_01526,27,43,51.36346894393842,-0.22094148442124836,5507.3,Residential,buildings,29.1,46.1,5032.4
ghsl_5816_cell_01527,28,43,51.36346894393842,-0.20755109142602116,7205.0,Residential,buildings,16.1,45.9,4854.7
ghsl_5816_cell_01528,29,43,51.363468943938415,-0.19416069843079395,8261.0,Residential,buildings,6.0,52.6,4831.4
ghsl_5816_cell_01529,30,43,51.36346894393842,-0.18077030543556685,9115.5,Residential,buildings,5.6,56.5,4831.4
ghsl_5816_cell_01530,31,43,51.36346894393842,-0.16737991244033965,5166.0,Residential,buildings,29.2,44.7,4853.2
ghsl_5816_cell_01531,32,43,51.36346894393843,-0.15398951944511252,7874.6,Residential,buildings,4.4,48.7,5028.0
ghsl_5816_cell_01532,33,43,51.363468943938415,-0.14059912644988531,7758.1,Residential,buildings,14.0,47.9,5361.9
ghsl_5816_cell_01533,34,43,51.36346894393842,-0.12720873345465816,5508.0,Industrial,buildings,22.3,50.6,5636.1
ghsl_5816_cell_01534,35,43,51.36346894393842,-0.113818340459431,6068.6,Commercial,buildings,21.8,55.5,4979.8
ghsl_5816_cell_01535,36,43,51.36346894393842,-0.10042794746420378,9674.0,Residential,buildings,1.6,52.8,4227.8
ghsl_5816_cell_01536,37,43,51.36346894393843,-0.08703755446897662,6265.8,Residential,buildings,6.6,75.9,3556.7
ghsl_5816_cell_01537,38,43,51.36346894393842,-0.07364716147374945,444.7,Commercial,buildings,63.9,90.5,3027.7
ghsl_5816_cell_01538,39,43,51.36346894393843,-0.06025676847852229,270.0,Residential,buildings,64.0,129.1,2724.8
ghsl_5816_cell_01539,40,43,51.363468943938415,-0.04686637548329511,551.2,Residential,buildings,100.0,124.8,2684.2
ghsl_5816_cell_01540,41,43,51.36346894393842,-0.033475982488067935,2017.7,Residential,buildings,24.8,126.4,2392.7
ghsl_5816_cell_01541,42,43,51.36346894393842,-0.020085589492840762,1640.2,Commercial,buildings,47.5,73.0,1498.5
ghsl_5816_cell_01542,43,43,51.36346894393842,-0.006695196497613588,492.4,Civic,buildings,81.6,92.6,711.2
ghsl_5816_cell_01543,44,43,51.36346894393842,0.006695196497613587,3508.5,Civic,buildings,21.8,79.3,466.3
ghsl_5816_cell_01544,48,43,51.36346894393843,0.06025676847852229,3040.9,Civic,buildings,26.1,113.0,466.3
ghsl_5816_cell_01545,49,43,51.36346894393842,0.07364716147374945,3258.3,Residential,buildings,40.0,116.9,536.9
ghsl_5816_cell_01546,50,43,51.36346894393843,0.08703755446897665,6041.0,Residential,buildings,3.3,87.6,711.4
ghsl_5816_cell_01547,51,43,51.36346894393842,0.10042794746420378,4614.4,Residential,buildings,5.9,89.8,710.8
ghsl_5816_cell_01548,52,43,51.36346894393842,0.113818340459431,2177.2,Residential,buildings,56.3,107.2,466.3
ghsl_5816_cell_01549,18,44,51.353817328877476,-0.34140956612826295,2058.4,Residential,buildings,45.0,29.2,466.3
ghsl_5816_cell_01550,21,44,51.35381732887747,-0.3012437348190556,2073.5,Residential,buildings,45.4,41.4,466.3
ghsl_5816_cell_01551,22,44,51.35381732887747,-0.28785512438265315,584.2,Residential,buildings,100.0,37.6,710.3
ghsl_5816_cell_01552,23,44,51.353817328877476,-0.2744665139462507,1523.3,Residential,buildings,44.4,33.7,1497.3
ghsl_5816_cell_01553,24,44,51.353817328877476,-0.26107790350984816,5210.3,Residential,buildings,12.4,31.5,2391.5
ghsl_5816_cell_01554,25,44,51.353817328877476,-0.2476892930734458,3293.1,Residential,buildings,15.7,38.3,3307.1
ghsl_5816_cell_01555,26,44,51.35381732887747,-0.23430068263704326,874.9,Residential,buildings,100.0,63.2,4006.9
ghsl_5816_cell_01556,27,44,51.353817328877476,-0.2209120722006408,2662.6,Residential,buildings,11.2,57.2,4012.1
ghsl_5816_cell_01557,28,44,51.35381732887747,-0.20752346176423836,5038.1,Residential,buildings,0.1,62.5,3787.3
ghsl_5816_cell_01558,29,44,51.353817328877476,-0.19413485132783587,9472.5,Residential,buildings,9.5,69.4,3757.6
ghsl_5816_cell_01559,30,44,51.35381732887747,-0.18074624089143337,5982.8,Residential,buildings,0.8,90.4,3757.6
ghsl_5816_cell_01560,31,44,51.35381732887746,-0.16735763045503088,5745.8,Residential,buildings,10.2,76.7,3785.8
ghsl_5816_cell_01561,32,44,51.35381732887747,-0.15396902001862842,6115.4,Residential,buildings,0.1,73.8,4007.8
ghsl_5816_cell_01562,33,44,51.35381732887746,-0.14058040958222592,6369.0,Residential,buildings,14.0,71.6,4419.8
ghsl_5816_cell_01563,34,44,51.353817328877476,-0.12719179914582346,4911.4,Civic,buildings,81.6,70.9,4853.0
ghsl_5816_cell_01564,35,44,51.35381732887746,-0.113803188709421,1013.6,Commercial,buildings,59.2,72.1,4228.1
ghsl_5816_cell_01565,36,44,51.353817328877476,-0.10041457827301854,7844.3,Residential,buildings,8.4,62.8,3556.9
ghsl_5816_cell_01566,37,44,51.353817328877476,-0.08702596783661604,3906.2,Industrial,buildings,37.7,95.8,2834.8
ghsl_5816_cell_01567,38,44,51.353817328877476,-0.0736373574002136,1172.1,Industrial,buildings,48.2,108.3,2134.0
ghsl_5816_cell_01568,39,44,51.353817328877476,-0.06024874696381112,2700.9,Civic,buildings,35.8,120.0,1676.9
ghsl_5816_cell_01569,40,44,51.35381732887747,-0.04686013652740865,2088.1,Residential,buildings,22.3,105.6,1610.4
ghsl_5816_cell_01570,41,44,51.353817328877476,-0.033471526091006176,1421.2,Civic,buildings,39.0,87.0,1610.4
ghsl_5816_cell_01571,42,44,51.353817328877476,-0.02008291565460371,9873.4,Civic,buildings,34.8,105.4,1399.0
ghsl_5816_cell_01572,43,44,51.353817328877476,-0.006694305218201236,1905.6,Residential,buildings,68.7,110.9,466.3
ghsl_5816_cell_01573,50,44,51.35381732887746,0.08702596783661602,2669.3,Residential,buildings,28.0,103.8,466.3
ghsl_5816_cell_01574,51,44,51.353817328877476,0.10041457827301856,3905.9,Residential,buildings,11.5,110.9,466.3
ghsl_5816_cell_01575,22,45,51.344166462345626,-0.28781682103734024,1754.8,Commercial,buildings,49.8,55.7,466.4
ghsl_5816_cell_01576,23,45,51.344166462345626,-0.2744299921518825,4943.8,Residential,buildings,29.2,44.9,1399.1
ghsl_5816_cell_01577,24,45,51.34416646234563,-0.2610431632664249,3720.1,Residential,buildings,14.6,37.5,2331.9
ghsl_5816_cell_01578,25,45,51.344166462345626,-0.2476563343809672,2815.2,Residential,buildings,2.9,47.8,2723.2
ghsl_5816_cell_01579,26,45,51.344166462345626,-0.2342695054955095,1647.9,Residential,buildings,43.6,65.2,3024.2
ghsl_5816_cell_01580,27,45,51.344166462345626,-0.22088267661005184,1517.7,Residential,buildings,14.4,71.2,3029.0
ghsl_5816_cell_01581,28,45,51.344166462345626,-0.20749584772459415,3139.0,Residential,buildings,0.8,85.9,2725.0
ghsl_5816_cell_01582,29,45,51.344166462345626,-0.19410901883913645,3421.7,Civic,buildings,8.0,102.9,2683.9
ghsl_5816_cell_01583,30,45,51.34416646234563,-0.18072218995367878,2234.5,Civic,buildings,70.7,110.8,2683.9
ghsl_5816_cell_01584,31,45,51.344166462345626,-0.16733536106822106,741.5,Civic,buildings,21.6,95.1,2723.5
ghsl_5816_cell_01585,32,45,51.344166462345626,-0.15394853218276336,743.5,Agricultural,buildings,100.0,97.5,3025.0
ghsl_5816_cell_01586,33,45,51.344166462345626,-0.1405617032973057,2645.0,Civic,buildings,9.2,104.1,3553.2
ghsl_5816_cell_01587,34,45,51.344166462345626,-0.12717487441184802,2725.4,Residential,buildings,13.5,99.8,3785.6
ghsl_5816_cell_01588,35,45,51.344166462345626,-0.11378804552639034,4257.6,Residential,buildings,5.9,92.8,3557.1
ghsl_5816_cell_01589,36,45,51.344166462345626,-0.10040121664093264,5901.4,Residential,buildings,0.4,71.4,2835.0
ghsl_5816_cell_01590,37,45,51.344166462345626,-0.08701438775547493,3549.3,Residential,buildings,5.5,123.0,2134.1
ghsl_5816_cell_01591,38,45,51.344166462345626,-0.07362755887001726,3077.7,Residential,heuristic,1.2,131.6,1498.9
ghsl_5816_cell_01592,39,45,51.344166462345626,-0.06024072998455959,4584.7,Civic,buildings,31.5,142.5,711.3
ghsl_5816_cell_01593,40,45,51.34416646234562,-0.0468539010991019,6371.5,Residential,buildings,27.0,112.2,536.7
ghsl_5816_cell_01594,41,45,51.344166462345626,-0.03346707221364422,2834.2,Residential,buildings,100.0,119.8,536.7
ghsl_5816_cell_01595,42,45,51.34416646234564,-0.020080243328186524,5442.6,Residential,buildings,23.9,151.6,536.7
ghsl_5816_cell_01596,43,45,51.34416646234564,-0.006693414442728844,3940.6,Residential,buildings,41.0,153.1,466.4
ghsl_5816_cell_01597,22,46,51.33451634398067,-0.28777853934364306,1223.9,Residential,buildings,20.2,77.5,466.4
ghsl_5816_cell_01598,23,46,51.334516343980674,-0.2743934910020783,4057.4,Residential,buildings,13.7,52.0,1399.2
ghsl_5816_cell_01599,24,46,51.33451634398067,-0.26100844266051354,6550.1,Residential,buildings,4.9,50.4,1610.2
ghsl_5816_cell_01600,25,46,51.33451634398067,-0.2476233943189487,2402.9,Residential,buildings,37.8,65.7,1675.5
ghsl_5816_cell_01601,26,46,51.33451634398067,-0.23423834597738394,128.8,Residential,buildings,89.8,77.9,2131.1
ghsl_5816_cell_01602,27,46,51.334516343980674,-0.22085329763581912,867.2,Residential,buildings,69.4,103.6,2135.3
ghsl_5816_cell_01603,28,46,51.334516343980674,-0.20746824929425436,401.5,Residential,buildings,100.0,112.3,1677.3
ghsl_5816_cell_01604,29,46,51.33451634398068,-0.19408320095268958,1286.5,Residential,buildings,25.9,138.7,1610.2
ghsl_5816_cell_01605,30,46,51.33451634398067,-0.18069815261112468,341.9,Residential,buildings,40.2,122.8,1610.2
ghsl_5816_cell_01606,31,46,51.33451634398067,-0.16731310426955995,93.0,Residential,buildings,89.2,109.1,1675.8
ghsl_5816_cell_01607,32,46,51.33451634398067,-0.15392805592799516,147.1,Commercial,buildings,79.5,111.1,2131.8
ghsl_5816_cell_01608,33,46,51.33451634398067,-0.14054300758643035,1711.0,Civic,buildings,9.1,123.2,2683.6
ghsl_5816_cell_01609,34,46,51.33451634398068,-0.1271579592448656,4100.9,Residential,buildings,0.5,102.9,2723.4
ghsl_5816_cell_01610,35,46,51.33451634398067,-0.11377291090330076,5362.6,Residential,buildings,0.3,70.9,2724.4
ghsl_5816_cell_01611,36,46,51.33451634398067,-0.10038786256173599,2544.0,Residential,buildings,54.8,91.9,2134.2
ghsl_5816_cell_01612,37,46,51.334516343980674,-0.08700281422017116,3016.5,Residential,buildings,11.0,150.6,1499.0
ghsl_5816_cell_01613,38,46,51.33451634398067,-0.07361776587860637,2059.0,Residential,buildings,23.8,161.6,711.3
ghsl_5816_cell_01614,39,46,51.33451634398068,-0.06023271753704158,836.1,Green,land_use,67.9,126.7,466.4
ghsl_5816_cell_01615,43,46,51.33451634398068,-0.006692524170782399,3835.8,Residential,buildings,53.1,163.0,466.4
ghsl_5816_cell_01616,22,47,51.324866973420654,-0.28774027928378026,1615.7,Residential,buildings,100.0,63.9,466.4
ghsl_5816_cell_01617,23,47,51.32486697342067,-0.2743570104798836,3201.1,Residential,buildings,11.9,62.2,536.6
ghsl_5816_cell_01618,24,47,51.32486697342067,-0.2609737416759868,2750.1,Residential,buildings,19.1,68.2,536.7
ghsl_5816_cell_01619,25,47,51.32486697342067,-0.24759047287209004,1584.2,Residential,buildings,17.4,79.9,710.4
ghsl_5816_cell_01620,26,47,51.324866973420654,-0.23420720406819323,2268.8,Residential,buildings,21.0,105.2,1497.7
ghsl_5816_cell_01621,27,47,51.32486697342066,-0.22082393526429653,3510.8,Residential,buildings,9.7,122.0,1499.7
ghsl_5816_cell_01622,28,47,51.324866973420654,-0.20744066646039971,3105.9,Residential,buildings,6.3,145.5,711.7
ghsl_5816_cell_01623,29,47,51.324866973420654,-0.19405739765650298,2845.0,Residential,buildings,28.6,162.2,536.7
ghsl_5816_cell_01624,30,47,51.32486697342067,-0.18067412885260623,712.1,Residential,buildings,52.3,151.7,536.7
ghsl_5816_cell_01625,31,47,51.32486697342066,-0.16729086004870947,985.3,Civic,buildings,55.1,142.9,710.6
ghsl_5816_cell_01626,32,47,51.32486697342067,-0.1539075912448127,3013.8,Commercial,buildings,12.5,142.6,1498.1
ghsl_5816_cell_01627,33,47,51.324866973420654,-0.14052432244091595,3846.0,Residential,buildings,11.3,124.6,1610.1
ghsl_5816_cell_01628,34,47,51.32486697342067,-0.12714105363701922,3650.4,Residential,buildings,5.6,94.9,1675.9
ghsl_5816_cell_01629,35,47,51.32486697342066,-0.11375778483312243,3938.6,Residential,buildings,5.5,139.0,1676.8
ghsl_5816_cell_01630,36,47,51.32486697342067,-0.10037451602922569,3460.9,Residential,buildings,3.2,82.2,1499.2
ghsl_5816_cell_01631,37,47,51.32486697342066,-0.08699124722532892,1009.2,Civic,buildings,100.0,152.2,711.4
ghsl_5816_cell_01632,38,47,51.32486697342067,-0.07360797842143217,3242.6,Civic,buildings,0.5,163.4,466.5
ghsl_5816_cell_01633,25,48,51.31521835030392,-0.2475575700251086,305.3,Residential,buildings,100.0,136.8,466.5
ghsl_5816_cell_01634,26,48,51.315218350303915,-0.2341760797534811,2461.8,Residential,buildings,12.1,132.5,710.4
ghsl_5816_cell_01635,27,48,51.315218350303915,-0.22079458948185365,1793.0,Residential,buildings,31.4,175.7,711.8
ghsl_5816_cell_01636,28,48,51.31521835030392,-0.2074130992102261,2614.2,Residential,buildings,20.7,166.3,466.5
ghsl_5816_cell_01637,31,48,51.31521835030391,-0.16726862839534362,2240.9,Residential,buildings,30.5,100.3,466.5
ghsl_5816_cell_01638,32,48,51.31521835030392,-0.15388713812371613,4050.5,Residential,buildings,17.2,125.4,536.5
ghsl_5816_cell_01639,33,48,51.31521835030392,-0.1405056478520887,2061.6,Residential,buildings,27.9,98.5,536.6
ghsl_5816_cell_01640,34,48,51.31521835030392,-0.12712415758046117,3143.3,Residential,buildings,52.1,137.7,710.7
ghsl_5816_cell_01641,35,48,51.31521835030391,-0.11374266730883367,1867.8,Civic,buildings,14.0,110.5,711.4
ghsl_5816_cell_01642,36,48,51.31521835030392,-0.10036117703720616,1842.3,Residential,buildings,13.7,129.4,536.7
ghsl_5816_cell_01643,37,48,51.31521835030391,-0.08697968676557867,2622.4,Residential,buildings,30.3,102.1,466.5
ghsl_5816_cell_01644,26,49,51.305570474269,-0.23414497301880804,5099.9,Residential,buildings,11.0,171.7,466.5
ghsl_5816_cell_01645,27,49,51.30557047426898,-0.22076526027487617,1861.0,Residential,buildings,16.4,169.4,466.5
ghsl_5816_cell_01646,34,49,51.305570474269,-0.12710727106735292,2311.1,Residential,buildings,52.4,161.1,466.5
ghsl_5816_cell_01647,35,49,51.30557047426899,-0.11372755832342105,3678.9,Civic,buildings,4.4,145.9,466.5
ghsl_5816_cell_01648,26,50,51.29592334495472,-0.23411388384975154,4110.4,Residential,buildings,2.3,162.5,466.6
