cell_id,x,y,centroid_lat,centroid_lon,population,type,type_source,green_cover_pct,building_density_pct,building_density_source,elevation_m,dist_to_boundary_m
ghsl_7599_cell_00000,2,0,19.320700701201197,72.85140219057631,1696.0146004259586,Residential,buildings,1.0,1.1911,overture_buildings,0.0,457.7
ghsl_7599_cell_00001,3,0,19.320700701201194,72.86174379071691,434.1208120882511,Residential,heuristic,0.5,0.2222,overture_buildings,0.0,457.7
ghsl_7599_cell_00002,22,0,19.320700701201194,73.05823419338866,2209.05017516762,Industrial,land_use,0.0,12.4881,overture_buildings,19.3,457.7
ghsl_7599_cell_00003,23,0,19.320700701201197,73.06857579352929,3537.4939170591533,Residential,heuristic,0.0,9.2593,overture_buildings,15.5,457.7
ghsl_7599_cell_00004,24,0,19.320700701201197,73.07891739366988,1981.1654075235128,Industrial,land_use,0.0,12.2083,overture_buildings,12.7,457.7
ghsl_7599_cell_00005,1,1,19.312431944369294,72.83878036444486,108.26029849052429,Agricultural,buildings,1.9,0.1122,overture_buildings,2.7,457.7
ghsl_7599_cell_00006,2,1,19.312431944369294,72.84912164085068,21570.083315115422,Residential,buildings,4.5,11.7761,overture_buildings,3.1,623.6
ghsl_7599_cell_00007,3,1,19.312431944369294,72.85946291725651,52445.42924168706,Residential,buildings,1.7,33.4949,overture_buildings,8.5,805.8
ghsl_7599_cell_00008,4,1,19.31243194436929,72.86980419366233,3255.9463762044907,Residential,land_use,2.6,3.6502,overture_buildings,0.0,457.7
ghsl_7599_cell_00009,21,1,19.312431944369294,73.0456058925614,3351.604036759585,Industrial,land_use,0.0,24.7105,overture_buildings,7.4,457.7
ghsl_7599_cell_00010,22,1,19.312431944369294,73.05594716896722,7626.48932415247,Industrial,land_use,0.7,23.4702,overture_buildings,6.1,623.4
ghsl_7599_cell_00011,23,1,19.31243194436929,73.06628844537305,15477.090136051178,Residential,land_use,0.0,20.5424,overture_buildings,13.6,1373.0
ghsl_7599_cell_00012,24,1,19.312431944369294,73.07662972177889,4697.553831567988,Residential,heuristic,0.0,17.1431,overture_buildings,11.7,525.6
ghsl_7599_cell_00013,0,2,19.304163346930515,72.82616036132357,724.2098474577069,Residential,buildings,0.0,1.0411,overture_buildings,2.7,457.7
ghsl_7599_cell_00014,1,2,19.304163346930515,72.83650131416152,691.152786180377,Agricultural,buildings,0.0,1.384,overture_buildings,1.5,623.7
ghsl_7599_cell_00015,2,2,19.304163346930515,72.84684226699947,45575.79342773557,Residential,buildings,3.5,26.7109,overture_buildings,6.4,1372.9
ghsl_7599_cell_00016,3,2,19.304163346930515,72.85718321983742,85427.60708618164,Residential,buildings,2.0,42.2597,overture_buildings,7.1,1643.0
ghsl_7599_cell_00017,4,2,19.304163346930515,72.8675241726754,71612.86356382072,Residential,buildings,4.8,18.4731,overture_buildings,3.4,805.8
ghsl_7599_cell_00018,5,2,19.304163346930515,72.87786512551335,4436.134336661547,Residential,buildings,0.0,2.9455,overture_buildings,3.0,457.7
ghsl_7599_cell_00019,21,2,19.304163346930515,73.04332037092067,3081.2956155184656,Industrial,land_use,0.0,12.1829,overture_buildings,5.0,525.4
ghsl_7599_cell_00020,22,2,19.304163346930515,73.05366132375865,20585.36220932007,Residential,buildings,0.0,24.7517,overture_buildings,5.9,1385.1
ghsl_7599_cell_00021,23,2,19.304163346930515,73.0640022765966,30558.162921905518,Utility,buildings,0.0,29.0375,overture_buildings,19.6,1809.2
ghsl_7599_cell_00022,24,2,19.304163346930515,73.07434322943456,20328.106632232666,Residential,heuristic,0.0,27.6039,overture_buildings,17.8,806.1
ghsl_7599_cell_00023,25,2,19.304163346930512,73.0846841822725,8952.078734964132,Residential,heuristic,0.0,15.7473,overture_buildings,34.2,457.7
ghsl_7599_cell_00024,0,3,19.295894908805735,72.82388280984446,5349.835380092263,Residential,buildings,4.6,9.6788,overture_buildings,2.8,457.6
ghsl_7599_cell_00025,1,3,19.295894908805735,72.83422343928142,2260.4116004519165,Residential,land_use,0.2,5.8768,overture_buildings,2.2,457.6
ghsl_7599_cell_00026,2,3,19.295894908805735,72.84456406871838,57437.04582923651,Residential,buildings,15.3,19.383,overture_buildings,5.2,457.6
ghsl_7599_cell_00027,3,3,19.295894908805728,72.85490469815535,96625.86206054688,Residential,buildings,0.9,26.6063,overture_buildings,5.1,805.7
ghsl_7599_cell_00028,4,3,19.295894908805735,72.86524532759232,122938.08053588867,Residential,buildings,7.1,26.6669,overture_buildings,4.6,1643.0
ghsl_7599_cell_00029,5,3,19.295894908805728,72.8755859570293,66602.60875967145,Residential,buildings,10.0,17.364,overture_buildings,4.4,805.7
ghsl_7599_cell_00030,6,3,19.295894908805735,72.88592658646625,1464.9799439534545,Civic,buildings,2.2,3.1551,overture_buildings,2.0,457.7
ghsl_7599_cell_00031,7,3,19.295894908805735,72.89626721590321,315.69179156050086,Residential,land_use,0.0,0.8328,overture_buildings,0.0,457.7
ghsl_7599_cell_00032,8,3,19.295894908805728,72.9066078453402,1595.709724061191,Industrial,land_use,0.0,4.8181,overture_buildings,4.0,457.7
ghsl_7599_cell_00033,21,3,19.295894908805735,73.04103602802076,9835.760102674365,Industrial,land_use,0.0,26.5653,overture_buildings,10.6,525.3
ghsl_7599_cell_00034,22,3,19.295894908805728,73.05137665745775,26236.241686813533,Civic,buildings,1.5,27.2747,overture_buildings,17.2,1576.6
ghsl_7599_cell_00035,23,3,19.295894908805735,73.06171728689472,27409.140159606934,Office,buildings,0.1,25.0103,overture_buildings,15.0,2418.1
ghsl_7599_cell_00036,24,3,19.295894908805735,73.07205791633169,27664.98074913025,Residential,heuristic,0.0,30.0359,overture_buildings,20.1,1643.7
ghsl_7599_cell_00037,25,3,19.295894908805735,73.08239854576864,21468.326894760132,Industrial,land_use,0.0,29.4183,overture_buildings,30.0,806.0
ghsl_7599_cell_00038,26,3,19.295894908805728,73.09273917520561,84.6084358394146,Residential,heuristic,0.0,0.4415,overture_buildings,138.1,457.6
ghsl_7599_cell_00039,3,4,19.287626629915852,72.85262735190612,23926.398516356945,Residential,buildings,37.8,10.3177,overture_buildings,2.6,457.6
ghsl_7599_cell_00040,4,4,19.28762662991585,72.86296765810894,120149.78645324707,Residential,buildings,9.1,28.0146,overture_buildings,5.8,805.7
ghsl_7599_cell_00041,5,4,19.287626629915856,72.87330796431178,96641.70891490579,Residential,buildings,13.4,20.1159,overture_buildings,6.2,1643.0
ghsl_7599_cell_00042,6,4,19.287626629915852,72.88364827051457,40906.911336869,Residential,buildings,7.6,12.0525,overture_buildings,4.9,1372.9
ghsl_7599_cell_00043,7,4,19.287626629915856,72.89398857671738,4582.051775917411,Residential,buildings,2.0,6.7589,overture_buildings,44.5,1373.0
ghsl_7599_cell_00044,8,4,19.287626629915856,72.90432888292018,5529.095396190882,Industrial,buildings,2.7,3.6855,overture_buildings,0.0,805.7
ghsl_7599_cell_00045,9,4,19.28762662991585,72.914669189123,0.0,Unbuilt,heuristic,0.0,0.0,overture_buildings,26.0,457.6
ghsl_7599_cell_00046,12,4,19.287626629915852,72.94569010773144,3356.1327532231808,Residential,buildings,29.0,5.8035,overture_buildings,2.0,457.6
ghsl_7599_cell_00047,13,4,19.28762662991585,72.95603041393426,19774.929449900985,Residential,buildings,100.0,4.017,overture_buildings,1.6,457.7
ghsl_7599_cell_00048,21,4,19.28762662991585,73.03875286355671,7682.462145224214,Industrial,land_use,0.0,23.0646,overture_buildings,9.7,525.3
ghsl_7599_cell_00049,22,4,19.287626629915852,73.04909316975956,24808.26837158203,Residential,heuristic,0.0,29.5702,overture_buildings,11.5,1576.6
ghsl_7599_cell_00050,23,4,19.287626629915852,73.05943347596236,26838.932138442993,Civic,land_use,0.0,27.2535,overture_buildings,19.8,1870.5
ghsl_7599_cell_00051,24,4,19.287626629915856,73.06977378216519,28366.06144428253,Residential,heuristic,0.0,28.136,overture_buildings,33.7,1385.1
ghsl_7599_cell_00052,25,4,19.287626629915856,73.08011408836796,9060.790078938007,Residential,heuristic,0.0,14.2069,overture_buildings,12.4,1372.8
ghsl_7599_cell_00053,26,4,19.287626629915852,73.0904543945708,3477.0803437121212,Residential,heuristic,0.0,16.4567,overture_buildings,18.4,806.0
ghsl_7599_cell_00054,27,4,19.28762662991585,73.10079470077359,2866.2187841162086,Industrial,land_use,0.0,17.8626,overture_buildings,27.7,457.6
ghsl_7599_cell_00055,28,4,19.287626629915856,73.11113500697641,1986.8129152804613,Industrial,land_use,0.0,16.5578,overture_buildings,16.7,457.6
ghsl_7599_cell_00056,4,5,19.27935851018178,72.86069116392126,87120.68719434738,Residential,buildings,5.3,30.6206,overture_buildings,8.2,525.8
ghsl_7599_cell_00057,5,5,19.279358510181783,72.87103114705673,122940.04727172852,Residential,buildings,2.9,27.4169,overture_buildings,9.3,1577.3
ghsl_7599_cell_00058,6,5,19.27935851018178,72.88137113019216,83599.53924751282,Residential,buildings,1.6,25.0421,overture_buildings,4.7,2288.8
ghsl_7599_cell_00059,7,5,19.279358510181783,72.89171111332759,11983.518946256489,Residential,buildings,2.1,12.3351,overture_buildings,23.0,1871.1
ghsl_7599_cell_00060,8,5,19.27935851018178,72.90205109646305,1723.2343213558197,Industrial,land_use,1.4,2.1476,overture_buildings,5.0,1385.2
ghsl_7599_cell_00061,9,5,19.279358510181783,72.91239107959849,67.55759827792645,Residential,heuristic,0.0,0.1498,overture_buildings,3.7,805.7
ghsl_7599_cell_00062,10,5,19.279358510181783,72.92273106273394,2706.8406042568386,Residential,land_use,18.4,5.3265,overture_buildings,13.3,457.6
ghsl_7599_cell_00063,13,5,19.27935851018178,72.95375101214029,10224.895744562149,Residential,buildings,7.2,7.7258,overture_buildings,20.1,525.7
ghsl_7599_cell_00064,14,5,19.27935851018178,72.96409099527573,6926.072954919189,Residential,buildings,1.4,6.3283,overture_buildings,1.8,457.6
ghsl_7599_cell_00065,21,5,19.27935851018178,73.03647087722385,4549.126153446734,Residential,heuristic,0.0,11.4096,overture_buildings,17.7,525.4
ghsl_7599_cell_00066,22,5,19.279358510181783,73.04681086035929,19395.000552892685,Civic,buildings,0.0,21.167,overture_buildings,21.8,1576.7
ghsl_7599_cell_00067,23,5,19.27935851018178,73.05715084349472,7229.013974741101,Residential,heuristic,0.0,9.9984,overture_buildings,23.0,1385.1
ghsl_7599_cell_00068,24,5,19.279358510181783,73.06749082663019,5519.277930626646,Industrial,land_use,0.0,10.6884,overture_buildings,33.8,623.5
ghsl_7599_cell_00069,25,5,19.279358510181783,73.07783080976563,6003.756707433611,Residential,buildings,0.0,12.4377,overture_buildings,15.2,457.6
ghsl_7599_cell_00070,26,5,19.27935851018178,73.08817079290108,903.1352056115866,Industrial,land_use,0.0,8.5911,overture_buildings,9.2,457.5
ghsl_7599_cell_00071,27,5,19.27935851018178,73.09851077603653,1528.0481246188283,Industrial,land_use,0.0,11.1258,overture_buildings,11.0,457.6
ghsl_7599_cell_00072,4,6,19.271090549524462,72.8584158447255,25715.255185570568,Residential,buildings,6.4,6.8105,overture_buildings,8.0,525.7
ghsl_7599_cell_00073,5,6,19.27109054952446,72.8687555049603,62009.50074504316,Residential,buildings,7.3,14.8127,overture_buildings,7.9,1577.3
ghsl_7599_cell_00074,6,6,19.271090549524462,72.87909516519515,81637.08510684967,Residential,buildings,0.2,26.5686,overture_buildings,4.2,1871.3
ghsl_7599_cell_00075,7,6,19.271090549524455,72.88943482542997,51738.556894779205,Residential,buildings,3.4,23.5676,overture_buildings,8.2,1385.2
ghsl_7599_cell_00076,8,6,19.27109054952446,72.89977448566479,2812.784987077117,Residential,land_use,2.4,4.638,overture_buildings,55.2,623.7
ghsl_7599_cell_00077,9,6,19.27109054952446,72.91011414589961,2277.2256650924683,Industrial,buildings,0.0,2.6449,overture_buildings,15.4,457.6
ghsl_7599_cell_00078,10,6,19.271090549524462,72.92045380613446,1520.149101883173,Residential,land_use,0.0,2.7448,overture_buildings,32.6,457.6
ghsl_7599_cell_00079,13,6,19.271090549524455,72.95147278683895,2438.9578326679766,Residential,buildings,100.0,6.8223,overture_buildings,41.1,457.6
ghsl_7599_cell_00080,14,6,19.27109054952446,72.96181244707378,37786.08028359711,Residential,buildings,1.8,13.1582,overture_buildings,13.3,805.7
ghsl_7599_cell_00081,15,6,19.271090549524462,72.97215210730862,35768.52078431845,Residential,buildings,2.0,12.5368,overture_buildings,3.5,457.6
ghsl_7599_cell_00082,21,6,19.271090549524462,73.0341900687176,7347.966895498335,Residential,land_use,1.7,20.3529,overture_buildings,17.3,525.6
ghsl_7599_cell_00083,22,6,19.27109054952446,73.0445297289524,11966.18613175489,Residential,buildings,0.0,14.4658,overture_buildings,20.1,1576.9
ghsl_7599_cell_00084,23,6,19.271090549524462,73.05486938918726,10970.638961225748,Residential,buildings,0.0,17.9201,overture_buildings,23.6,623.6
ghsl_7599_cell_00085,24,6,19.27109054952446,73.06520904942208,560.2728675827384,Industrial,land_use,0.0,3.542,overture_buildings,14.9,457.6
ghsl_7599_cell_00086,4,7,19.262822747864828,72.85614170021806,18566.363641008735,Residential,buildings,4.4,7.5528,overture_buildings,6.2,525.8
ghsl_7599_cell_00087,5,7,19.262822747864824,72.866481037719,38072.90297040343,Residential,buildings,14.3,16.7257,overture_buildings,12.5,1577.4
ghsl_7599_cell_00088,6,7,19.262822747864824,72.87682037521992,56048.7122990489,Residential,buildings,1.1,19.5892,overture_buildings,20.3,1385.2
ghsl_7599_cell_00089,7,7,19.262822747864824,72.88715971272083,4486.544725179672,Industrial,land_use,0.0,4.6314,overture_buildings,53.1,623.8
ghsl_7599_cell_00090,8,7,19.262822747864828,72.89749905022174,2542.253213457763,Residential,land_use,0.0,3.7901,overture_buildings,45.5,457.6
ghsl_7599_cell_00091,14,7,19.262822747864828,72.95953507522725,29257.13561231643,Residential,buildings,10.4,8.6913,overture_buildings,18.0,525.8
ghsl_7599_cell_00092,15,7,19.262822747864828,72.96987441272817,72687.15473556519,Residential,buildings,7.2,16.9227,overture_buildings,10.0,805.7
ghsl_7599_cell_00093,16,7,19.262822747864824,72.9802137502291,24907.57790569961,Residential,buildings,7.2,12.1108,overture_buildings,3.6,457.6
ghsl_7599_cell_00094,17,7,19.262822747864824,72.99055308773002,6712.996883153915,Residential,buildings,5.4,5.657,overture_buildings,0.0,457.6
ghsl_7599_cell_00095,20,7,19.262822747864824,73.02157110023275,2988.871322259307,Industrial,land_use,9.1,13.0465,overture_buildings,2.0,457.6
ghsl_7599_cell_00096,21,7,19.262822747864824,73.03191043773367,7364.498992562294,Residential,heuristic,0.0,32.3268,overture_buildings,14.7,623.6
ghsl_7599_cell_00097,22,7,19.262822747864824,73.04224977523458,6466.270133189857,Industrial,land_use,0.0,31.4052,overture_buildings,18.7,1577.4
ghsl_7599_cell_00098,23,7,19.262822747864828,73.05258911273552,2013.3292150665075,Residential,heuristic,0.0,14.8156,overture_buildings,13.2,525.8
ghsl_7599_cell_00099,3,8,19.254555105123856,72.84352971516196,12801.887434668839,Residential,buildings,0.9,16.2927,overture_buildings,4.1,457.6
ghsl_7599_cell_00100,4,8,19.254555105123856,72.85386873009564,86278.41413879395,Residential,buildings,3.7,25.2008,overture_buildings,14.6,623.8
ghsl_7599_cell_00101,5,8,19.254555105123856,72.8642077450293,88544.66303491592,Residential,buildings,5.0,24.3384,overture_buildings,8.0,1578.7
ghsl_7599_cell_00102,6,8,19.254555105123856,72.87454675996298,42478.45470267534,Residential,buildings,0.0,18.5019,overture_buildings,29.7,623.8
ghsl_7599_cell_00103,7,8,19.254555105123853,72.88488577489665,132.8944730423391,Residential,heuristic,0.0,0.0,overture_buildings,151.5,457.6
ghsl_7599_cell_00104,14,8,19.254555105123856,72.9572588794323,2084.4985244721174,Residential,buildings,0.0,1.7502,overture_buildings,31.5,457.6
ghsl_7599_cell_00105,15,8,19.254555105123853,72.96759789436598,24312.328726276755,Residential,buildings,2.2,6.5311,overture_buildings,58.9,805.7
ghsl_7599_cell_00106,16,8,19.254555105123856,72.97793690929966,83301.6603717804,Residential,buildings,11.9,20.4474,overture_buildings,30.4,1372.8
ghsl_7599_cell_00107,17,8,19.254555105123856,72.98827592423335,22963.476502142847,Residential,buildings,6.5,10.7231,overture_buildings,2.5,805.7
ghsl_7599_cell_00108,18,8,19.254555105123856,72.99861493916701,550.2478361129761,Residential,heuristic,0.0,0.9052,overture_buildings,0.0,457.6
ghsl_7599_cell_00109,19,8,19.25455510512385,73.00895395410066,893.9962870180607,Green,land_use,100.0,9.8573,overture_buildings,1.8,457.6
ghsl_7599_cell_00110,20,8,19.254555105123856,73.01929296903434,7661.997584685683,Residential,buildings,0.0,25.0765,overture_buildings,2.7,623.7
ghsl_7599_cell_00111,21,8,19.254555105123856,73.029631983968,8661.844745099545,Industrial,land_use,0.0,36.4557,overture_buildings,5.0,1385.1
ghsl_7599_cell_00112,22,8,19.254555105123856,73.03997099890167,8391.903819561005,Industrial,land_use,0.0,27.6048,overture_buildings,15.2,1577.5
ghsl_7599_cell_00113,23,8,19.254555105123856,73.05031001383534,5035.67519775033,Industrial,buildings,0.0,36.4929,overture_buildings,20.1,525.9
ghsl_7599_cell_00114,3,9,19.246287621222514,72.841258241522,6474.430729821324,Residential,buildings,6.6,5.4652,overture_buildings,2.6,525.8
ghsl_7599_cell_00115,4,9,19.246287621222514,72.85159693405501,58705.69375896454,Residential,buildings,9.1,20.1237,overture_buildings,23.0,1385.2
ghsl_7599_cell_00116,5,9,19.246287621222514,72.86193562658805,78653.97016906738,Residential,buildings,0.6,25.926,overture_buildings,18.1,1577.7
ghsl_7599_cell_00117,6,9,19.246287621222514,72.8722743191211,62081.203468203545,Residential,buildings,0.0,29.6365,overture_buildings,17.5,525.9
ghsl_7599_cell_00118,15,9,19.246287621222514,72.96532255191845,2573.137121055275,Residential,buildings,6.6,1.7232,overture_buildings,82.3,525.8
ghsl_7599_cell_00119,16,9,19.246287621222514,72.97566124445149,43618.08270701021,Residential,buildings,8.5,11.5711,overture_buildings,20.7,1577.5
ghsl_7599_cell_00120,17,9,19.246287621222514,72.98599993698451,28047.602488745004,Residential,buildings,3.3,10.2272,overture_buildings,11.0,1642.8
ghsl_7599_cell_00121,18,9,19.246287621222514,72.99633862951757,2005.0283202677965,Residential,buildings,5.7,4.085,overture_buildings,3.8,1372.8
ghsl_7599_cell_00122,19,9,19.246287621222514,73.0066773220506,2266.542032048106,Residential,buildings,1.4,10.4366,overture_buildings,3.6,1372.8
ghsl_7599_cell_00123,20,9,19.246287621222514,73.01701601458365,18010.443125516176,Industrial,buildings,0.0,26.3539,overture_buildings,10.5,1385.1
ghsl_7599_cell_00124,21,9,19.246287621222518,73.02735470711667,2906.0330848246813,Industrial,buildings,1.4,17.5166,overture_buildings,2.6,1871.0
ghsl_7599_cell_00125,22,9,19.246287621222514,73.03769339964973,11388.339861690998,Industrial,buildings,0.0,38.9421,overture_buildings,5.6,1385.1
ghsl_7599_cell_00126,23,9,19.246287621222514,73.04803209218275,2864.466959312558,Industrial,land_use,2.3,13.6835,overture_buildings,14.2,525.9
ghsl_7599_cell_00127,3,10,19.238020296081814,72.8389879414943,27063.126625306904,Residential,buildings,4.7,11.7975,overture_buildings,7.8,525.9
ghsl_7599_cell_00128,4,10,19.238020296081814,72.84932631179328,66766.14208221436,Residential,buildings,4.9,21.2954,overture_buildings,15.3,1577.6
ghsl_7599_cell_00129,5,10,19.238020296081817,72.85966468209226,74630.90402030945,Residential,buildings,0.5,24.2192,overture_buildings,17.6,1577.8
ghsl_7599_cell_00130,6,10,19.238020296081814,72.87000305239123,60504.06699554622,Residential,buildings,0.1,26.9144,overture_buildings,29.0,526.0
ghsl_7599_cell_00131,15,10,19.238020296081814,72.9630483850821,4731.823695242405,Residential,buildings,4.2,5.2113,overture_buildings,98.3,525.8
ghsl_7599_cell_00132,16,10,19.238020296081814,72.97338675538109,43363.682634830475,Industrial,buildings,1.7,25.8868,overture_buildings,33.0,1577.5
ghsl_7599_cell_00133,17,10,19.238020296081814,72.98372512568008,30365.435744401067,Residential,buildings,0.4,22.8081,overture_buildings,19.7,2556.9
ghsl_7599_cell_00134,18,10,19.238020296081814,72.99406349597905,6178.5461767837405,Residential,buildings,6.9,11.6062,overture_buildings,2.8,2288.6
ghsl_7599_cell_00135,19,10,19.23802029608181,73.00440186627803,372.94745836406946,Residential,heuristic,0.0,0.7323,overture_buildings,1.5,2287.9
ghsl_7599_cell_00136,20,10,19.238020296081817,73.01474023657701,9198.683331288397,Industrial,buildings,0.0,21.0428,overture_buildings,7.2,1871.3
ghsl_7599_cell_00137,21,10,19.238020296081814,73.02507860687601,315.86823346465826,Industrial,buildings,0.0,9.968,overture_buildings,2.1,1385.1
ghsl_7599_cell_00138,22,10,19.238020296081817,73.03541697717499,2854.7584107629955,Industrial,buildings,0.0,45.644,overture_buildings,12.9,623.7
ghsl_7599_cell_00139,23,10,19.238020296081814,73.04575534747397,4562.479232992977,Residential,buildings,0.5,9.1415,overture_buildings,8.2,457.6
ghsl_7599_cell_00140,2,11,19.22975312962277,72.82638076654473,36098.323372244835,Residential,buildings,1.2,21.7476,overture_buildings,8.6,457.6
ghsl_7599_cell_00141,3,11,19.22975312962277,72.83671881477619,29932.629806682467,Residential,buildings,2.1,12.5813,overture_buildings,8.8,624.0
ghsl_7599_cell_00142,4,11,19.229753129622768,72.84705686300765,94058.46910095215,Residential,buildings,3.8,22.4252,overture_buildings,21.2,1579.0
ghsl_7599_cell_00143,5,11,19.229753129622768,72.8573949112391,92425.94471740723,Residential,buildings,0.3,26.9096,overture_buildings,15.5,1577.8
ghsl_7599_cell_00144,6,11,19.229753129622768,72.86773295947057,29021.48920187354,Residential,buildings,0.9,12.9155,overture_buildings,31.6,525.9
ghsl_7599_cell_00145,14,11,19.22975312962277,72.95043734532226,1806.8445652239025,Utility,land_use,0.6,3.6606,overture_buildings,139.9,457.6
ghsl_7599_cell_00146,15,11,19.22975312962277,72.96077539355375,5675.203135550022,Residential,buildings,0.1,5.416,overture_buildings,89.3,623.8
ghsl_7599_cell_00147,16,11,19.229753129622768,72.97111344178522,90165.03027155995,Residential,buildings,4.3,20.9741,overture_buildings,36.5,1578.8
ghsl_7599_cell_00148,17,11,19.229753129622768,72.98145149001668,84872.72741814703,Residential,buildings,8.2,22.1168,overture_buildings,23.0,2629.3
ghsl_7599_cell_00149,18,11,19.229753129622768,72.99178953824813,8948.725024707615,Residential,buildings,16.2,12.4669,overture_buildings,4.7,3216.5
ghsl_7599_cell_00150,19,11,19.22975312962277,73.00212758647962,869.0645108707249,Residential,buildings,13.1,5.0078,overture_buildings,0.0,2629.3
ghsl_7599_cell_00151,20,11,19.22975312962277,73.01246563471105,329.7707659006119,Residential,heuristic,0.0,1.2604,overture_buildings,4.0,1578.7
ghsl_7599_cell_00152,21,11,19.229753129622768,73.02280368294251,34.57624512165785,Residential,heuristic,0.0,0.422,overture_buildings,3.0,623.8
ghsl_7599_cell_00153,22,11,19.229753129622768,73.03314173117398,1172.5493388213217,Residential,land_use,0.0,5.8373,overture_buildings,8.1,457.6
ghsl_7599_cell_00154,1,12,19.221486121766407,72.81377540840427,334.90744848549366,Residential,heuristic,0.0,0.787,overture_buildings,26.0,457.6
ghsl_7599_cell_00155,2,12,19.22148612176641,72.8241131347347,19579.753333695233,Residential,buildings,0.4,10.8435,overture_buildings,3.6,624.0
ghsl_7599_cell_00156,3,12,19.221486121766407,72.83445086106515,58897.96001750231,Residential,buildings,14.5,20.5431,overture_buildings,7.3,1385.2
ghsl_7599_cell_00157,4,12,19.221486121766407,72.84478858739558,71471.97536849976,Residential,buildings,8.0,20.9168,overture_buildings,13.1,1871.9
ghsl_7599_cell_00158,5,12,19.22148612176641,72.85512631372602,74542.32527732849,Residential,buildings,1.7,22.7612,overture_buildings,15.9,1808.6
ghsl_7599_cell_00159,6,12,19.221486121766407,72.86546404005644,67510.4255490303,Residential,buildings,1.6,25.9331,overture_buildings,26.7,805.4
ghsl_7599_cell_00160,7,12,19.221486121766407,72.8758017663869,9263.094237551093,Residential,buildings,0.0,5.1151,overture_buildings,30.6,457.6
ghsl_7599_cell_00161,14,12,19.22148612176641,72.94816585069991,2917.7300734445453,Residential,buildings,7.0,3.5873,overture_buildings,148.6,525.6
ghsl_7599_cell_00162,15,12,19.22148612176641,72.95850357703036,55642.55783390999,Residential,buildings,7.6,15.9349,overture_buildings,45.8,1385.1
ghsl_7599_cell_00163,16,12,19.221486121766407,72.96884130336078,91337.01745992899,Residential,buildings,7.4,21.9319,overture_buildings,28.3,1871.5
ghsl_7599_cell_00164,17,12,19.22148612176641,72.97917902969121,71060.87093731016,Residential,buildings,4.9,19.292,overture_buildings,29.2,2729.4
ghsl_7599_cell_00165,18,12,19.22148612176641,72.98951675602164,48543.426820755005,Residential,buildings,2.5,18.5154,overture_buildings,14.0,3681.3
ghsl_7599_cell_00166,19,12,19.221486121766407,72.99985448235208,2389.9908322170377,Residential,buildings,0.0,2.3967,overture_buildings,3.3,2629.5
ghsl_7599_cell_00167,20,12,19.221486121766407,73.0101922086825,154.68929135799408,Residential,heuristic,0.0,0.1551,overture_buildings,0.0,1577.7
ghsl_7599_cell_00168,21,12,19.221486121766407,73.02052993501293,316.11634850874543,Industrial,land_use,0.0,1.0298,overture_buildings,2.7,525.9
ghsl_7599_cell_00169,1,13,19.213219272433772,72.8115092708672,4180.816028401256,Residential,buildings,0.0,3.6889,overture_buildings,2.8,525.9
ghsl_7599_cell_00170,2,13,19.213219272433772,72.82184667546305,53651.332534730434,Residential,buildings,3.7,23.737,overture_buildings,9.8,1385.2
ghsl_7599_cell_00171,3,13,19.213219272433772,72.83218408005891,83257.17498016357,Residential,buildings,2.6,28.7947,overture_buildings,7.4,1872.1
ghsl_7599_cell_00172,4,13,19.213219272433772,72.84252148465475,92381.37560388446,Residential,buildings,18.6,21.4871,overture_buildings,12.9,2510.8
ghsl_7599_cell_00173,5,13,19.213219272433772,72.85285888925061,44087.503393650055,Industrial,buildings,0.0,24.8201,overture_buildings,8.9,2416.1
ghsl_7599_cell_00174,6,13,19.213219272433772,72.86319629384644,79719.23275375366,Residential,buildings,1.9,28.9059,overture_buildings,21.5,1642.1
ghsl_7599_cell_00175,7,13,19.213219272433772,72.87353369844232,76788.31151354313,Residential,buildings,9.5,17.3182,overture_buildings,22.9,805.3
ghsl_7599_cell_00176,8,13,19.213219272433772,72.88387110303815,7622.303419623524,Residential,buildings,0.2,4.4385,overture_buildings,77.9,457.5
ghsl_7599_cell_00177,14,13,19.213219272433772,72.94589553061326,14406.868274256587,Residential,buildings,0.0,8.0122,overture_buildings,113.3,525.4
ghsl_7599_cell_00178,15,13,19.213219272433776,72.9562329352091,82366.44999092817,Residential,buildings,0.9,23.7516,overture_buildings,34.4,1577.3
ghsl_7599_cell_00179,16,13,19.213219272433772,72.96657033980495,33197.12847417593,Industrial,buildings,3.2,23.4426,overture_buildings,18.7,2510.3
ghsl_7599_cell_00180,17,13,19.213219272433772,72.97690774440079,60936.55783843994,Residential,buildings,1.1,21.7743,overture_buildings,14.0,3119.3
ghsl_7599_cell_00181,18,13,19.213219272433772,72.98724514899665,54323.67019997537,Residential,buildings,3.2,14.1454,overture_buildings,7.2,3713.6
ghsl_7599_cell_00182,19,13,19.213219272433772,72.99758255359251,837.3557264246047,Civic,buildings,81.3,0.8895,overture_buildings,6.7,2638.2
ghsl_7599_cell_00183,20,13,19.213219272433772,73.00791995818834,3372.9308725371957,Residential,buildings,0.0,2.4305,overture_buildings,3.7,1577.7
ghsl_7599_cell_00184,21,13,19.213219272433772,73.01825736278418,2188.476776599884,Residential,buildings,10.3,1.6544,overture_buildings,0.0,525.9
ghsl_7599_cell_00185,1,14,19.20495258154593,72.80924430540001,1017.2859045192599,Residential,buildings,0.0,2.249,overture_buildings,2.1,526.0
ghsl_7599_cell_00186,2,14,19.204952581545932,72.81958138842768,35034.16738382727,Residential,buildings,2.4,15.2616,overture_buildings,3.6,1578.0
ghsl_7599_cell_00187,3,14,19.204952581545925,72.82991847145534,75543.2253112793,Residential,buildings,1.5,27.8308,overture_buildings,9.8,2510.9
ghsl_7599_cell_00188,4,14,19.204952581545932,72.84025555448304,89780.27330136299,Residential,buildings,0.9,24.074,overture_buildings,11.4,3120.2
ghsl_7599_cell_00189,5,14,19.20495258154593,72.8505926375107,63070.19332373142,Residential,buildings,0.2,25.1385,overture_buildings,15.1,3192.4
ghsl_7599_cell_00190,6,14,19.204952581545932,72.86092972053838,33812.69873948023,Residential,buildings,1.5,17.1422,overture_buildings,19.0,2416.0
ghsl_7599_cell_00191,7,14,19.20495258154593,72.87126680356603,49550.87713050842,Residential,buildings,3.4,33.8491,overture_buildings,22.9,1578.1
ghsl_7599_cell_00192,8,14,19.20495258154593,72.88160388659372,26526.434737671167,Residential,buildings,1.4,9.7982,overture_buildings,41.3,526.1
ghsl_7599_cell_00193,14,14,19.20495258154593,72.94362638475974,21323.123112618923,Civic,buildings,0.5,12.4344,overture_buildings,91.0,525.4
ghsl_7599_cell_00194,15,14,19.204952581545925,72.9539634677874,77015.9966583252,Residential,buildings,1.1,32.2504,overture_buildings,33.3,1577.3
ghsl_7599_cell_00195,16,14,19.204952581545932,72.96430055081508,65243.367124557495,Residential,buildings,8.5,21.7196,overture_buildings,23.2,2629.2
ghsl_7599_cell_00196,17,14,19.20495258154593,72.97463763384276,91913.73960590363,Residential,buildings,0.9,25.9724,overture_buildings,15.7,3681.1
ghsl_7599_cell_00197,18,14,19.20495258154593,72.98497471687044,56268.913096413016,Residential,buildings,10.6,21.7647,overture_buildings,8.8,3950.7
ghsl_7599_cell_00198,19,14,19.20495258154593,72.9953117998981,16246.468513347208,Residential,buildings,1.7,15.1856,overture_buildings,3.5,2873.7
ghsl_7599_cell_00199,20,14,19.20495258154593,73.00564888292577,56832.12063104659,Residential,buildings,1.1,21.1176,overture_buildings,7.8,1808.8
ghsl_7599_cell_00200,21,14,19.20495258154593,73.01598596595342,12472.54445552826,Residential,buildings,0.9,10.9966,overture_buildings,57.4,805.5
ghsl_7599_cell_00201,22,14,19.20495258154593,73.02632304898111,78.83916954696178,Residential,heuristic,0.0,0.3637,overture_buildings,2.1,457.5
ghsl_7599_cell_00202,0,15,19.196686049023963,72.79664375007506,1076.281250167638,Utility,land_use,0.0,3.8202,overture_buildings,0.0,457.5
ghsl_7599_cell_00203,1,15,19.196686049023963,72.80698051170093,16399.313288200647,Civic,buildings,0.5,14.5514,overture_buildings,15.5,624.2
ghsl_7599_cell_00204,2,15,19.196686049023963,72.81731727332676,35017.574210584164,Residential,buildings,3.1,22.067,overture_buildings,12.0,1579.3
ghsl_7599_cell_00205,3,15,19.196686049023963,72.82765403495263,32099.034029245377,Residential,buildings,14.6,16.2541,overture_buildings,5.3,2630.1
ghsl_7599_cell_00206,4,15,19.196686049023963,72.83799079657848,86149.36981201172,Residential,buildings,3.1,24.2001,overture_buildings,10.3,3682.1
ghsl_7599_cell_00207,5,15,19.196686049023963,72.84832755820433,69124.82294273376,Residential,buildings,3.4,22.7745,overture_buildings,20.8,3682.3
ghsl_7599_cell_00208,6,15,19.196686049023963,72.8586643198302,38864.541911661625,Residential,buildings,4.3,20.0244,overture_buildings,24.5,2630.2
ghsl_7599_cell_00209,7,15,19.196686049023963,72.86900108145605,68372.54171466827,Residential,buildings,2.6,23.6074,overture_buildings,26.8,1578.2
ghsl_7599_cell_00210,8,15,19.196686049023963,72.87933784308188,32903.15271959081,Residential,buildings,7.3,13.9136,overture_buildings,65.2,526.2
ghsl_7599_cell_00211,14,15,19.196686049023963,72.94135841283702,17081.254472494125,Residential,buildings,0.1,18.1243,overture_buildings,69.3,525.5
ghsl_7599_cell_00212,15,15,19.196686049023963,72.95169517446288,39595.55816268921,Residential,buildings,0.6,25.4007,overture_buildings,35.0,1577.4
ghsl_7599_cell_00213,16,15,19.196686049023963,72.96203193608872,101124.98580169678,Residential,buildings,0.8,25.3518,overture_buildings,24.7,2629.3
ghsl_7599_cell_00214,17,15,19.196686049023963,72.97236869771457,94151.24624913931,Residential,buildings,1.6,24.7028,overture_buildings,21.1,3681.2
ghsl_7599_cell_00215,18,15,19.196686049023963,72.98270545934045,35234.769993305206,Residential,buildings,6.6,16.5541,overture_buildings,8.2,4383.3
ghsl_7599_cell_00216,19,15,19.196686049023963,72.99304222096629,55021.960746854544,Civic,buildings,1.8,26.6616,overture_buildings,11.6,3368.2
ghsl_7599_cell_00217,20,15,19.196686049023963,73.00337898259214,13139.548576336354,Residential,land_use,8.2,10.3831,overture_buildings,9.4,2416.4
ghsl_7599_cell_00218,21,15,19.196686049023963,73.01371574421799,4604.57543656975,Residential,land_use,0.0,6.2051,overture_buildings,240.0,1578.0
ghsl_7599_cell_00219,22,15,19.196686049023963,73.02405250584385,274.3682870827615,Residential,heuristic,0.0,2.9971,overture_buildings,7.5,526.1
ghsl_7599_cell_00220,0,16,19.18841967478896,72.79438144907795,814.6979690790176,Residential,heuristic,0.0,2.3256,overture_buildings,0.0,525.6
ghsl_7599_cell_00221,1,16,19.188419674788964,72.80471788946831,4111.44844282046,Industrial,land_use,0.0,8.6468,overture_buildings,8.4,1385.2
ghsl_7599_cell_00222,2,16,19.188419674788964,72.81505432985864,26818.2218195796,Industrial,buildings,0.0,25.9047,overture_buildings,11.4,1872.5
ghsl_7599_cell_00223,3,16,19.188419674788964,72.82539077024902,24736.840795565397,Residential,buildings,2.4,20.7867,overture_buildings,2.4,2730.8
ghsl_7599_cell_00224,4,16,19.18841967478896,72.83572721063936,84770.7956161499,Residential,buildings,8.4,22.9096,overture_buildings,6.3,3711.0
ghsl_7599_cell_00225,5,16,19.188419674788967,72.84606365102971,74212.72604370117,Residential,buildings,1.2,25.1733,overture_buildings,17.3,3714.2
ghsl_7599_cell_00226,6,16,19.188419674788964,72.85640009142007,86635.17464447021,Residential,buildings,1.8,29.2581,overture_buildings,18.0,2638.7
ghsl_7599_cell_00227,7,16,19.188419674788967,72.86673653181043,37809.55299200863,Residential,buildings,0.3,28.032,overture_buildings,24.1,1578.1
ghsl_7599_cell_00228,8,16,19.188419674788964,72.87707297220078,5894.663123190403,Residential,land_use,0.0,8.6151,overture_buildings,73.4,526.1
ghsl_7599_cell_00229,14,16,19.188419674788967,72.93909161454292,20743.16169800237,Residential,buildings,0.2,9.2841,overture_buildings,79.5,525.6
ghsl_7599_cell_00230,15,16,19.188419674788964,72.94942805493328,84349.00297927856,Residential,buildings,1.2,27.9656,overture_buildings,25.8,1577.6
ghsl_7599_cell_00231,16,16,19.18841967478896,72.95976449532364,66552.75343202055,Residential,buildings,5.4,20.6026,overture_buildings,18.3,2629.5
ghsl_7599_cell_00232,17,16,19.188419674788964,72.97010093571399,85930.66491056979,Residential,buildings,1.3,27.7977,overture_buildings,20.5,3681.4
ghsl_7599_cell_00233,18,16,19.188419674788967,72.98043737610436,35679.61263345182,Civic,buildings,3.8,17.24,overture_buildings,8.6,4733.3
ghsl_7599_cell_00234,19,16,19.188419674788967,72.9907738164947,34205.41654702276,Residential,buildings,1.7,19.9245,overture_buildings,16.2,3682.0
ghsl_7599_cell_00235,20,16,19.188419674788964,73.00111025688504,37538.11907586455,Residential,buildings,2.2,30.9239,overture_buildings,17.8,2630.0
ghsl_7599_cell_00236,21,16,19.188419674788964,73.01144669727539,2712.8950689863414,Residential,buildings,0.0,8.7354,overture_buildings,162.6,1578.1
ghsl_7599_cell_00237,22,16,19.188419674788967,73.02178313766576,5203.152542285621,Residential,buildings,0.0,17.0476,overture_buildings,19.9,526.1
ghsl_7599_cell_00238,0,17,19.18015345876205,72.79212031907964,9.08182342350483,Residential,heuristic,0.0,0.3696,overture_buildings,0.0,525.4
ghsl_7599_cell_00239,1,17,19.18015345876205,72.80245643840078,638.8076389469206,Civic,buildings,0.0,1.8895,overture_buildings,4.9,1577.6
ghsl_7599_cell_00240,2,17,19.18015345876205,72.81279255772189,24004.82877832651,Residential,buildings,0.0,19.0343,overture_buildings,10.3,2511.2
ghsl_7599_cell_00241,3,17,19.18015345876205,72.82312867704304,6579.099084451795,Residential,buildings,1.2,6.4832,overture_buildings,4.7,3120.9
ghsl_7599_cell_00242,4,17,19.18015345876205,72.83346479636418,42949.59712259844,Residential,buildings,17.3,17.7442,overture_buildings,12.4,3941.7
ghsl_7599_cell_00243,5,17,19.180153458762046,72.8438009156853,88418.08480834961,Residential,buildings,3.3,27.9413,overture_buildings,16.4,3950.5
ghsl_7599_cell_00244,6,17,19.18015345876205,72.85413703500645,85315.6322631836,Residential,buildings,0.9,26.4619,overture_buildings,46.9,2873.5
ghsl_7599_cell_00245,7,17,19.18015345876205,72.86447315432757,75081.63491249084,Residential,buildings,0.5,25.9532,overture_buildings,38.5,1808.5
ghsl_7599_cell_00246,8,17,19.18015345876205,72.87480927364871,55032.17114159465,Residential,buildings,4.9,14.9805,overture_buildings,58.4,805.2
ghsl_7599_cell_00247,9,17,19.18015345876205,72.88514539296983,4405.998933557421,Residential,buildings,0.0,3.8201,overture_buildings,153.9,457.5
ghsl_7599_cell_00248,14,17,19.180153458762046,72.9368259895755,32736.186190761626,Residential,buildings,2.9,10.9676,overture_buildings,76.8,525.9
ghsl_7599_cell_00249,15,17,19.180153458762046,72.94716210889663,75985.56173324585,Industrial,buildings,2.9,24.5289,overture_buildings,26.5,1577.8
ghsl_7599_cell_00250,16,17,19.18015345876205,72.95749822821776,90649.52900695801,Residential,buildings,3.0,19.9757,overture_buildings,10.9,2629.8
ghsl_7599_cell_00251,17,17,19.180153458762053,72.96783434753891,69428.41674804688,Civic,buildings,4.2,18.306,overture_buildings,9.0,3681.7
ghsl_7599_cell_00252,18,17,19.180153458762046,72.97817046686005,42018.84411540255,Residential,buildings,0.8,14.9367,overture_buildings,2.4,4117.4
ghsl_7599_cell_00253,19,17,19.18015345876205,72.98850658618117,11889.677506521344,Residential,land_use,13.2,12.2344,overture_buildings,4.0,3714.0
ghsl_7599_cell_00254,20,17,19.180153458762053,72.99884270550231,22191.526722431183,Utility,buildings,0.0,23.9015,overture_buildings,12.7,2638.6
ghsl_7599_cell_00255,21,17,19.18015345876205,73.00917882482345,1005.9007267355919,Residential,heuristic,0.0,3.4477,overture_buildings,210.7,1578.0
ghsl_7599_cell_00256,22,17,19.180153458762053,73.01951494414459,4041.175508821383,Industrial,buildings,1.7,11.2474,overture_buildings,72.7,526.0
ghsl_7599_cell_00257,0,18,19.17188740086436,72.78986035977906,258.8076127767563,Residential,buildings,0.2,1.0978,overture_buildings,0.0,525.3
ghsl_7599_cell_00258,1,18,19.171887400864353,72.80019615819717,704.6447683311999,Civic,buildings,0.1,1.9663,overture_buildings,1.5,1577.5
ghsl_7599_cell_00259,2,18,19.17188740086436,72.81053195661532,6150.1473410613835,Residential,buildings,0.0,6.56,overture_buildings,2.2,2629.8
ghsl_7599_cell_00260,3,18,19.171887400864357,72.82086775503346,8.753124356269836,Residential,heuristic,0.0,0.0,overture_buildings,5.7,3682.0
ghsl_7599_cell_00261,4,18,19.17188740086436,72.83120355345162,15064.857421055436,Residential,buildings,14.0,9.0789,overture_buildings,5.6,4369.3
ghsl_7599_cell_00262,5,18,19.17188740086436,72.84153935186974,84112.40026855469,Residential,buildings,0.3,24.8866,overture_buildings,6.7,4382.4
ghsl_7599_cell_00263,6,18,19.17188740086436,72.85187515028791,72634.93579101562,Residential,buildings,2.0,27.0163,overture_buildings,18.5,3367.2
ghsl_7599_cell_00264,7,18,19.171887400864353,72.86221094870604,48569.492549836636,Residential,buildings,2.5,20.0601,overture_buildings,55.5,2415.5
ghsl_7599_cell_00265,8,18,19.17188740086436,72.87254674712419,75638.09722661972,Residential,buildings,2.3,24.9586,overture_buildings,40.7,1578.2
ghsl_7599_cell_00266,9,18,19.17188740086436,72.88288254554233,43742.19931447506,Residential,buildings,0.0,16.0674,overture_buildings,98.2,526.1
ghsl_7599_cell_00267,13,18,19.171887400864353,72.92422573921489,792.7725314050913,Residential,heuristic,0.0,0.2583,overture_buildings,94.0,457.5
ghsl_7599_cell_00268,14,18,19.17188740086436,72.93456153763303,40682.28209748864,Residential,buildings,1.8,16.4996,overture_buildings,38.5,624.1
ghsl_7599_cell_00269,15,18,19.17188740086436,72.94489733605117,51883.65173983574,Industrial,buildings,9.7,22.0971,overture_buildings,22.3,1579.4
ghsl_7599_cell_00270,16,18,19.17188740086436,72.95523313446934,84471.08958816528,Civic,buildings,4.3,25.7806,overture_buildings,10.7,2630.2
ghsl_7599_cell_00271,17,18,19.171887400864357,72.96556893288749,70086.57602924109,Residential,buildings,4.6,17.8091,overture_buildings,10.1,3300.2
ghsl_7599_cell_00272,18,18,19.17188740086436,72.97590473130565,8906.182212673128,Commercial,buildings,7.9,2.1758,overture_buildings,30.3,3202.4
ghsl_7599_cell_00273,19,18,19.171887400864357,72.98624052972377,4072.1417239904404,Commercial,buildings,0.3,4.4654,overture_buildings,3.0,3215.5
ghsl_7599_cell_00274,20,18,19.171887400864357,72.99657632814191,18399.92386317253,Commercial,buildings,0.6,16.8229,overture_buildings,5.0,2873.7
ghsl_7599_cell_00275,21,18,19.17188740086436,73.00691212656008,4648.738993518986,Residential,buildings,0.1,18.9654,overture_buildings,23.5,1808.7
ghsl_7599_cell_00276,22,18,19.171887400864353,73.01724792497821,4402.044220209122,Residential,buildings,0.0,9.9657,overture_buildings,93.4,805.3
ghsl_7599_cell_00277,23,18,19.171887400864357,73.02758372339635,12226.16711896658,Residential,buildings,9.5,25.3119,overture_buildings,5.5,457.5
ghsl_7599_cell_00278,0,19,19.16362150101702,72.78760157087518,1448.8794717304409,Residential,buildings,0.0,4.6848,overture_buildings,2.4,525.2
ghsl_7599_cell_00279,1,19,19.163621501017023,72.79793704855652,42.1464777700603,Residential,heuristic,0.0,0.767,overture_buildings,3.7,1577.5
ghsl_7599_cell_00280,2,19,19.16362150101702,72.80827252623786,645.004216760397,Residential,heuristic,0.0,1.4811,overture_buildings,4.6,2629.8
ghsl_7599_cell_00281,3,19,19.16362150101702,72.81860800391922,0.0,Unbuilt,heuristic,0.0,0.0,overture_buildings,0.0,3682.0
ghsl_7599_cell_00282,4,19,19.16362150101702,72.82894348160053,16447.084382340312,Residential,buildings,5.5,8.2864,overture_buildings,5.0,4421.5
ghsl_7599_cell_00283,5,19,19.16362150101702,72.83927895928188,73557.53244018555,Residential,buildings,2.4,32.1412,overture_buildings,16.3,4923.2
ghsl_7599_cell_00284,6,19,19.16362150101702,72.84961443696324,73940.4418182373,Residential,buildings,0.9,27.3845,overture_buildings,12.7,3950.6
ghsl_7599_cell_00285,7,19,19.163621501017023,72.8599499146446,16631.191925223917,Residential,buildings,0.0,9.8798,overture_buildings,14.2,2873.5
ghsl_7599_cell_00286,8,19,19.16362150101702,72.87028539232593,1022.4111903756857,Commercial,buildings,1.3,4.255,overture_buildings,28.2,1808.5
ghsl_7599_cell_00287,9,19,19.16362150101702,72.88062087000726,5995.671121060848,Residential,buildings,1.1,11.1452,overture_buildings,41.4,805.1
ghsl_7599_cell_00288,10,19,19.16362150101702,72.89095634768861,3780.7897407859564,Industrial,buildings,5.1,7.8464,overture_buildings,73.6,457.5
ghsl_7599_cell_00289,13,19,19.163621501017023,72.92196278073267,3436.8126500844955,Utility,buildings,1.7,10.3507,overture_buildings,68.3,525.9
ghsl_7599_cell_00290,14,19,19.16362150101702,72.93229825841401,43952.225346297026,Residential,buildings,1.1,21.3819,overture_buildings,33.6,1385.1
ghsl_7599_cell_00291,15,19,19.16362150101702,72.94263373609533,75718.37338256836,Residential,buildings,4.2,22.7797,overture_buildings,15.2,1872.4
ghsl_7599_cell_00292,16,19,19.16362150101702,72.95296921377668,70283.28766096383,Industrial,buildings,1.7,20.014,overture_buildings,7.4,2730.7
ghsl_7599_cell_00293,17,19,19.163621501017023,72.96330469145805,27485.727575443685,Residential,buildings,4.3,9.7584,overture_buildings,4.6,2511.0
ghsl_7599_cell_00294,18,19,19.16362150101702,72.9736401691394,3728.0881623625755,Residential,heuristic,0.0,0.6691,overture_buildings,3.7,2287.4
ghsl_7599_cell_00295,19,19,19.16362150101702,72.98397564682072,77.78879034519196,Residential,heuristic,0.0,0.0832,overture_buildings,8.0,2288.0
ghsl_7599_cell_00296,20,19,19.16362150101702,72.99431112450206,43516.8111858964,Residential,buildings,2.1,24.6138,overture_buildings,12.1,2555.2
ghsl_7599_cell_00297,21,19,19.16362150101702,73.00464660218343,6367.359774567187,Office,buildings,2.1,20.5311,overture_buildings,13.6,2416.0
ghsl_7599_cell_00298,22,19,19.16362150101702,73.01498207986477,32.58597004413605,Residential,heuristic,0.0,0.1404,overture_buildings,170.1,1641.9
ghsl_7599_cell_00299,23,19,19.163621501017023,73.02531755754613,13659.879931339994,Civic,buildings,0.1,26.5758,overture_buildings,9.3,805.3
ghsl_7599_cell_00300,24,19,19.16362150101702,73.03565303522745,2410.9862273037434,Residential,land_use,29.2,5.0388,overture_buildings,2.0,457.5
ghsl_7599_cell_00301,0,20,19.155355759141205,72.78534395206731,1136.810495171696,Industrial,buildings,2.9,4.1295,overture_buildings,16.0,525.3
ghsl_7599_cell_00302,1,20,19.155355759141205,72.79567910917801,247.27881092205644,Residential,heuristic,0.0,0.9488,overture_buildings,2.4,1577.6
ghsl_7599_cell_00303,2,20,19.155355759141205,72.8060142662887,30.59332664310932,Residential,heuristic,0.0,0.3339,overture_buildings,1.5,2629.9
ghsl_7599_cell_00304,3,20,19.155355759141205,72.81634942339937,0.0,Unbuilt,heuristic,0.0,0.0061,overture_buildings,3.7,3215.1
ghsl_7599_cell_00305,4,20,19.155355759141205,72.82668458051008,15042.992967128754,Residential,buildings,2.3,5.0016,overture_buildings,2.6,3484.7
ghsl_7599_cell_00306,5,20,19.155355759141205,72.83701973762079,53221.40658950806,Residential,buildings,8.8,31.8659,overture_buildings,7.7,4039.1
ghsl_7599_cell_00307,6,20,19.155355759141205,72.84735489473148,55954.767890930176,Residential,buildings,1.9,25.168,overture_buildings,12.1,4382.2
ghsl_7599_cell_00308,7,20,19.15535575914121,72.85769005184217,35833.68435667455,Residential,buildings,0.3,13.6488,overture_buildings,17.7,3367.0
ghsl_7599_cell_00309,8,20,19.155355759141212,72.86802520895286,855.4079016260803,Industrial,buildings,0.2,4.3819,overture_buildings,30.7,2415.3
ghsl_7599_cell_00310,9,20,19.155355759141205,72.87836036606355,2006.3159142173827,Industrial,buildings,0.0,6.1907,overture_buildings,70.0,1641.4
ghsl_7599_cell_00311,10,20,19.155355759141205,72.88869552317425,17162.442096799612,Residential,buildings,0.0,13.8515,overture_buildings,91.1,805.1
ghsl_7599_cell_00312,11,20,19.155355759141212,72.89903068028495,34.35510013997555,Residential,heuristic,0.0,0.17,overture_buildings,87.0,457.5
ghsl_7599_cell_00313,13,20,19.155355759141205,72.91970099450634,1118.2816241569817,Utility,buildings,0.0,3.0289,overture_buildings,52.5,525.9
ghsl_7599_cell_00314,14,20,19.155355759141212,72.93003615161702,42641.47235916555,Industrial,buildings,0.5,24.805,overture_buildings,55.3,1578.1
ghsl_7599_cell_00315,15,20,19.155355759141205,72.94037130872772,63678.49316215515,Residential,buildings,0.8,28.9549,overture_buildings,9.5,2511.0
ghsl_7599_cell_00316,16,20,19.155355759141205,72.95070646583842,13352.797902427614,Industrial,buildings,0.5,8.4068,overture_buildings,2.0,2731.0
ghsl_7599_cell_00317,17,20,19.155355759141212,72.96104162294914,378.96657172217965,Industrial,land_use,0.0,0.4134,overture_buildings,2.5,1872.5
ghsl_7599_cell_00318,18,20,19.155355759141205,72.97137678005983,146.02847257256508,Residential,heuristic,0.0,0.0834,overture_buildings,1.5,1385.1
ghsl_7599_cell_00319,19,20,19.155355759141205,72.9817119371705,267.24828942120075,Civic,land_use,0.1,0.3202,overture_buildings,0.0,1372.4
ghsl_7599_cell_00320,20,20,19.155355759141212,72.99204709428119,8658.24578591995,Civic,buildings,5.5,15.614,overture_buildings,5.6,1641.5
ghsl_7599_cell_00321,21,20,19.155355759141205,73.0023822513919,5582.830295357853,Industrial,buildings,0.1,24.1839,overture_buildings,12.5,2415.6
ghsl_7599_cell_00322,22,20,19.155355759141205,73.0127174085026,685.6980253458023,Residential,heuristic,0.0,0.9451,overture_buildings,71.3,2415.9
ghsl_7599_cell_00323,23,20,19.155355759141205,73.02305256561328,842.4889193270355,Civic,buildings,0.1,4.8311,overture_buildings,50.7,1641.8
ghsl_7599_cell_00324,24,20,19.15535575914121,73.033387722724,5405.322505936027,Residential,buildings,0.8,17.824,overture_buildings,10.6,805.3
ghsl_7599_cell_00325,25,20,19.15535575914121,73.04372287983468,1490.7616120055318,Residential,heuristic,0.0,9.2898,overture_buildings,6.7,457.5
ghsl_7599_cell_00326,0,21,19.14709017515811,72.78308750305493,15.144487455487251,Residential,heuristic,0.0,0.084,overture_buildings,0.0,525.4
ghsl_7599_cell_00327,1,21,19.14709017515811,72.79342233976108,7328.67821867764,Residential,buildings,4.3,9.6143,overture_buildings,18.2,1577.8
ghsl_7599_cell_00328,2,21,19.147090175158105,72.80375717646722,7064.781832456589,Industrial,buildings,0.0,8.2312,overture_buildings,0.0,2287.2
ghsl_7599_cell_00329,3,21,19.147090175158105,72.81409201317335,3124.585383757949,Residential,land_use,1.5,2.467,overture_buildings,3.5,2287.8
ghsl_7599_cell_00330,4,21,19.147090175158105,72.82442684987952,65487.73593237996,Residential,buildings,4.6,15.938,overture_buildings,10.5,2554.3
ghsl_7599_cell_00331,5,21,19.147090175158105,72.83476168658567,90961.04447174072,Residential,buildings,4.7,28.482,overture_buildings,9.9,3190.4
ghsl_7599_cell_00332,6,21,19.147090175158105,72.84509652329182,74725.11881446838,Residential,buildings,4.3,25.5041,overture_buildings,7.0,4024.6
ghsl_7599_cell_00333,7,21,19.14709017515811,72.85543135999797,20869.481578558683,Commercial,buildings,0.9,21.9067,overture_buildings,19.6,4025.4
ghsl_7599_cell_00334,8,21,19.147090175158105,72.8657661967041,1943.3031495027244,Industrial,buildings,6.3,6.1461,overture_buildings,43.7,3191.2
ghsl_7599_cell_00335,9,21,19.147090175158105,72.87610103341025,667.2339893877506,Industrial,buildings,100.0,2.3909,overture_buildings,63.8,2415.2
ghsl_7599_cell_00336,10,21,19.147090175158105,72.8864358701164,4115.2102297768,Industrial,buildings,0.8,6.9103,overture_buildings,59.2,1578.4
ghsl_7599_cell_00337,11,21,19.147090175158105,72.89677070682255,343.70926413685083,Residential,land_use,1.0,3.2707,overture_buildings,41.9,526.2
ghsl_7599_cell_00338,13,21,19.147090175158105,72.91744038023486,59.16576290130615,Industrial,land_use,0.0,0.3521,overture_buildings,52.5,526.0
ghsl_7599_cell_00339,14,21,19.147090175158105,72.927775216941,66420.24172019958,Residential,buildings,0.9,27.801,overture_buildings,34.8,1578.3
ghsl_7599_cell_00340,15,21,19.147090175158112,72.93811005364715,74433.68422043324,Residential,buildings,1.6,21.9648,overture_buildings,7.6,2630.5
ghsl_7599_cell_00341,16,21,19.147090175158105,72.94844489035331,20398.433116167784,Residential,buildings,0.0,9.7174,overture_buildings,5.9,2630.6
ghsl_7599_cell_00342,17,21,19.147090175158105,72.95877972705946,339.59630171209574,Industrial,land_use,0.0,0.462,overture_buildings,6.4,1579.6
ghsl_7599_cell_00343,18,21,19.147090175158105,72.96911456376561,502.64504120498896,Residential,heuristic,0.0,0.0485,overture_buildings,2.0,624.2
ghsl_7599_cell_00344,19,21,19.14709017515811,72.97944940047176,0.0,Unbuilt,heuristic,0.0,0.0155,overture_buildings,0.0,457.5
ghsl_7599_cell_00345,20,21,19.147090175158105,72.98978423717789,13406.536582678556,Residential,buildings,11.5,20.3586,overture_buildings,7.4,805.2
ghsl_7599_cell_00346,21,21,19.14709017515811,73.00011907388405,16170.44554233551,Civic,buildings,4.7,23.4247,overture_buildings,11.6,1808.6
ghsl_7599_cell_00347,22,21,19.147090175158112,73.0104539105902,8161.808412015438,Residential,land_use,0.0,31.2991,overture_buildings,23.7,2630.5
ghsl_7599_cell_00348,23,21,19.147090175158105,73.02078874729634,416.61781050637364,Industrial,land_use,0.0,3.8496,overture_buildings,104.4,1579.5
ghsl_7599_cell_00349,24,21,19.147090175158105,73.0311235840025,704.9690859615803,Residential,heuristic,0.0,3.4304,overture_buildings,93.4,624.1
ghsl_7599_cell_00350,25,21,19.147090175158105,73.04145842070865,4985.257981849834,Residential,buildings,0.6,16.349,overture_buildings,14.2,457.5
ghsl_7599_cell_00351,0,22,19.138824748988906,72.78083222353769,16.81233024597168,Civic,buildings,0.1,0.0436,overture_buildings,0.0,525.7
ghsl_7599_cell_00352,1,22,19.13882474898891,72.79116674000535,9525.505456998944,Residential,land_use,0.0,13.8529,overture_buildings,22.7,1372.2
ghsl_7599_cell_00353,2,22,19.13882474898891,72.80150125647302,9664.593804821372,Residential,buildings,0.0,6.7994,overture_buildings,0.0,1372.3
ghsl_7599_cell_00354,3,22,19.138824748988906,72.8118357729407,47953.0852073282,Residential,buildings,11.9,17.3614,overture_buildings,15.9,1372.3
ghsl_7599_cell_00355,4,22,19.13882474898891,72.82217028940835,70151.08172979951,Residential,buildings,4.8,19.6513,overture_buildings,6.1,1640.9
ghsl_7599_cell_00356,5,22,19.138824748988906,72.83250480587601,135212.0446243286,Residential,buildings,5.7,28.3559,overture_buildings,11.8,2414.7
ghsl_7599_cell_00357,6,22,19.138824748988906,72.84283932234368,86387.29918289185,Residential,buildings,6.5,23.6687,overture_buildings,21.9,3366.5
ghsl_7599_cell_00358,7,22,19.13882474898891,72.85317383881136,51136.458755493164,Residential,buildings,0.5,20.9855,overture_buildings,11.5,4381.8
ghsl_7599_cell_00359,8,22,19.13882474898891,72.86350835527901,68847.43868593872,Residential,buildings,7.1,21.3304,overture_buildings,23.7,3950.6
ghsl_7599_cell_00360,9,22,19.13882474898891,72.87384287174667,18079.487240899354,Residential,buildings,7.8,11.4254,overture_buildings,45.0,2873.5
ghsl_7599_cell_00361,10,22,19.13882474898891,72.88417738821434,548.1354977674782,Residential,land_use,29.3,2.9205,overture_buildings,35.9,1808.4
ghsl_7599_cell_00362,11,22,19.13882474898891,72.89451190468202,2793.6345198489726,Residential,land_use,0.0,9.5254,overture_buildings,60.5,805.0
ghsl_7599_cell_00363,12,22,19.13882474898891,72.90484642114968,4027.0459210164845,Residential,buildings,2.4,7.4077,overture_buildings,47.3,457.5
ghsl_7599_cell_00364,13,22,19.138824748988913,72.91518093761735,8695.930777460337,Residential,buildings,12.1,13.1151,overture_buildings,58.7,624.3
ghsl_7599_cell_00365,14,22,19.13882474898891,72.92551545408502,33729.136061906815,Commercial,buildings,5.1,23.3561,overture_buildings,22.8,1579.7
ghsl_7599_cell_00366,15,22,19.138824748988906,72.93584997055268,27098.370483860373,Residential,buildings,1.0,20.5152,overture_buildings,11.9,2511.3
ghsl_7599_cell_00367,16,22,19.13882474898891,72.94618448702033,316.34205812215805,Residential,land_use,0.0,0.6476,overture_buildings,2.6,2287.3
ghsl_7599_cell_00368,17,22,19.13882474898891,72.95651900348801,3.4945067912340164,Residential,heuristic,0.0,0.0067,overture_buildings,5.9,1578.5
ghsl_7599_cell_00369,18,22,19.13882474898891,72.96685351995566,0.07931157201528549,Residential,heuristic,0.0,0.0,overture_buildings,3.7,526.2
ghsl_7599_cell_00370,20,22,19.13882474898891,72.98752255289101,363.8467569369823,Residential,buildings,0.0,1.1037,overture_buildings,3.0,526.1
ghsl_7599_cell_00371,21,22,19.138824748988913,72.99785706935867,5956.7645830363035,Residential,buildings,0.4,17.5723,overture_buildings,12.9,1578.4
ghsl_7599_cell_00372,22,22,19.138824748988906,73.00819158582634,8888.654422283173,Utility,buildings,1.0,33.4035,overture_buildings,14.6,2630.7
ghsl_7599_cell_00373,23,22,19.13882474898891,73.01852610229399,3158.0139461047947,Residential,heuristic,0.0,16.6214,overture_buildings,53.8,1578.4
ghsl_7599_cell_00374,24,22,19.13882474898891,73.02886061876167,26.02822709083557,Residential,heuristic,0.0,0.0634,overture_buildings,178.9,526.2
ghsl_7599_cell_00375,0,23,19.13055948055482,72.77857811321549,10.89575270190835,Civic,buildings,0.1,0.0773,overture_buildings,0.0,457.4
ghsl_7599_cell_00376,1,23,19.13055948055482,72.78891230961068,994.1796233057976,Residential,heuristic,0.0,2.636,overture_buildings,6.4,457.3
ghsl_7599_cell_00377,2,23,19.13055948055482,72.79924650600587,44.17953872680664,Residential,heuristic,0.0,0.3786,overture_buildings,0.0,457.3
ghsl_7599_cell_00378,3,23,19.13055948055482,72.80958070240109,7379.541261970997,Residential,buildings,1.6,4.8983,overture_buildings,0.0,457.4
ghsl_7599_cell_00379,4,23,19.13055948055482,72.8199148987963,55072.613626003265,Residential,buildings,13.1,20.7681,overture_buildings,13.4,804.9
ghsl_7599_cell_00380,5,23,19.13055948055482,72.8302490951915,72057.86260986328,Residential,buildings,4.1,28.2951,overture_buildings,5.5,1808.3
ghsl_7599_cell_00381,6,23,19.130559480554822,72.8405832915867,80240.40235900879,Residential,buildings,4.1,24.3673,overture_buildings,10.7,2873.4
ghsl_7599_cell_00382,7,23,19.13055948055482,72.85091748798189,54092.99355301261,Residential,buildings,1.8,23.2947,overture_buildings,23.2,3950.6
ghsl_7599_cell_00383,8,23,19.13055948055482,72.86125168437711,71941.35726928711,Residential,buildings,3.4,29.3307,overture_buildings,27.1,4382.0
ghsl_7599_cell_00384,9,23,19.13055948055482,72.8715858807723,32298.10375480354,Residential,buildings,0.8,19.9091,overture_buildings,72.9,3366.8
ghsl_7599_cell_00385,10,23,19.13055948055482,72.88192007716749,6006.676353484392,Utility,buildings,0.0,13.3687,overture_buildings,27.9,2415.0
ghsl_7599_cell_00386,11,23,19.13055948055482,72.89225427356271,10455.954039432108,Industrial,land_use,25.7,10.9662,overture_buildings,31.9,1641.1
ghsl_7599_cell_00387,12,23,19.13055948055482,72.9025884699579,2827.064429216087,Residential,buildings,13.9,3.8346,overture_buildings,33.5,1372.4
ghsl_7599_cell_00388,13,23,19.13055948055482,72.91292266635311,6226.965383052826,Civic,buildings,7.3,11.1097,overture_buildings,34.6,1385.1
ghsl_7599_cell_00389,14,23,19.13055948055482,72.92325686274832,21881.325694829226,Civic,buildings,3.5,13.6869,overture_buildings,20.1,1872.9
ghsl_7599_cell_00390,15,23,19.13055948055482,72.93359105914352,54784.24722421169,Residential,buildings,2.4,23.9397,overture_buildings,8.5,1872.9
ghsl_7599_cell_00391,16,23,19.13055948055482,72.94392525553872,4848.159605287015,Industrial,buildings,20.6,8.252,overture_buildings,2.0,1385.1
ghsl_7599_cell_00392,17,23,19.13055948055482,72.95425945193392,0.0,Unbuilt,heuristic,0.0,0.3002,overture_buildings,7.9,1372.3
ghsl_7599_cell_00393,18,23,19.13055948055482,72.96459364832913,0.0,Unbuilt,heuristic,0.0,0.0,overture_buildings,7.0,526.2
ghsl_7599_cell_00394,20,23,19.13055948055482,72.98526204111953,0.14292092248797417,Residential,heuristic,0.0,0.0123,overture_buildings,4.0,526.0
ghsl_7599_cell_00395,21,23,19.13055948055482,72.99559623751475,3883.463931545615,Residential,heuristic,2.5,16.8095,overture_buildings,6.5,1578.3
ghsl_7599_cell_00396,22,23,19.13055948055482,73.00593043390994,3742.8264273814857,Residential,land_use,5.1,16.4697,overture_buildings,8.9,2630.6
ghsl_7599_cell_00397,23,23,19.13055948055482,73.01626463030513,1309.6708429884166,Commercial,buildings,5.5,7.1385,overture_buildings,21.8,1578.5
ghsl_7599_cell_00398,24,23,19.13055948055482,73.02659882670034,0.0,Civic,buildings,0.0,0.1604,overture_buildings,205.6,526.2
ghsl_7599_cell_00399,4,24,19.122294369777077,72.81766067774325,5243.07280953601,Residential,buildings,0.0,2.2489,overture_buildings,0.0,526.2
ghsl_7599_cell_00400,5,24,19.122294369777077,72.82799455423198,47353.051727402955,Residential,buildings,8.8,16.5824,overture_buildings,7.1,1578.7
ghsl_7599_cell_00401,6,24,19.122294369777073,72.83832843072068,59685.425142645836,Civic,buildings,9.8,23.1145,overture_buildings,13.5,2414.5
ghsl_7599_cell_00402,7,24,19.122294369777073,72.8486623072094,73386.1704864502,Residential,buildings,0.0,25.065,overture_buildings,20.0,3366.3
ghsl_7599_cell_00403,8,24,19.12229436977707,72.8589961836981,53766.77877807617,Residential,buildings,0.6,29.1551,overture_buildings,31.5,4381.6
ghsl_7599_cell_00404,9,24,19.12229436977707,72.86933006018683,54467.92951965332,Residential,buildings,0.3,28.5699,overture_buildings,32.2,4024.9
ghsl_7599_cell_00405,10,24,19.122294369777077,72.87966393667556,41691.50884604454,Residential,buildings,16.4,20.6624,overture_buildings,33.9,3190.7
ghsl_7599_cell_00406,11,24,19.122294369777073,72.88999781316426,85296.43326568604,Residential,buildings,5.1,24.4041,overture_buildings,17.5,2554.4
ghsl_7599_cell_00407,12,24,19.122294369777073,72.90033168965299,20920.198704376817,Residential,buildings,1.4,6.2984,overture_buildings,33.5,2287.8
ghsl_7599_cell_00408,13,24,19.122294369777077,72.9106655661417,35705.552684664726,Residential,buildings,4.7,14.1221,overture_buildings,46.3,2287.3
ghsl_7599_cell_00409,14,24,19.122294369777077,72.9209994426304,59847.59478855133,Residential,buildings,1.6,24.8708,overture_buildings,62.5,1873.1
ghsl_7599_cell_00410,15,24,19.122294369777073,72.93133331911912,32184.72700332105,Residential,buildings,22.5,23.3868,overture_buildings,5.9,1385.1
ghsl_7599_cell_00411,16,24,19.122294369777077,72.94166719560785,16439.49991710484,Residential,buildings,0.6,9.9428,overture_buildings,5.5,624.3
ghsl_7599_cell_00412,17,24,19.122294369777077,72.95200107209656,63.99885241687298,Green,land_use,100.0,2.5217,overture_buildings,2.5,457.4
ghsl_7599_cell_00413,18,24,19.122294369777073,72.96233494858527,0.0,Unbuilt,heuristic,0.0,0.0,overture_buildings,8.4,457.4
ghsl_7599_cell_00414,20,24,19.122294369777073,72.98300270156271,23.449003219604492,Residential,heuristic,0.0,0.0496,overture_buildings,4.8,526.0
ghsl_7599_cell_00415,21,24,19.122294369777077,72.99333657805144,6169.803219228983,Residential,buildings,2.5,17.7562,overture_buildings,10.0,1578.3
ghsl_7599_cell_00416,22,24,19.122294369777073,73.00367045454014,9485.997371520847,Residential,buildings,3.7,20.1499,overture_buildings,8.1,2415.1
ghsl_7599_cell_00417,23,24,19.122294369777073,73.01400433102886,2467.449959050864,Industrial,buildings,2.1,11.0389,overture_buildings,19.7,1578.5
ghsl_7599_cell_00418,24,24,19.12229436977707,73.02433820751757,1791.304377740249,Residential,heuristic,0.0,5.7158,overture_buildings,61.6,526.2
ghsl_7599_cell_00419,4,25,19.11402941657692,72.81540762594933,373.4990997314453,Residential,heuristic,0.0,0.2685,overture_buildings,0.0,457.4
ghsl_7599_cell_00420,5,25,19.114029416576916,72.82574118269751,41067.85796637833,Residential,buildings,10.5,17.2292,overture_buildings,9.9,804.8
ghsl_7599_cell_00421,6,25,19.11402941657692,72.83607473944566,76694.5227098465,Residential,buildings,6.5,22.365,overture_buildings,11.4,1808.3
ghsl_7599_cell_00422,7,25,19.11402941657692,72.84640829619383,72195.84284973145,Residential,buildings,0.9,22.0621,overture_buildings,11.6,2873.4
ghsl_7599_cell_00423,8,25,19.114029416576923,72.85674185294198,63913.317794799805,Residential,buildings,0.5,25.0735,overture_buildings,24.4,3950.7
ghsl_7599_cell_00424,9,25,19.11402941657692,72.86707540969016,56010.23239135742,Residential,buildings,0.3,28.0675,overture_buildings,20.6,4780.1
ghsl_7599_cell_00425,10,25,19.11402941657692,72.87740896643832,72982.5408706665,Civic,buildings,1.6,27.9197,overture_buildings,17.9,4039.1
ghsl_7599_cell_00426,11,25,19.114029416576916,72.88774252318649,80568.27317047119,Residential,buildings,3.8,25.3591,overture_buildings,21.5,3484.7
ghsl_7599_cell_00427,12,25,19.11402941657692,72.89807607993467,74559.64937496185,Residential,buildings,1.4,19.8096,overture_buildings,29.0,3215.0
ghsl_7599_cell_00428,13,25,19.11402941657692,72.90840963668282,73370.06457936764,Residential,buildings,7.1,18.5085,overture_buildings,55.8,2631.2
ghsl_7599_cell_00429,14,25,19.11402941657692,72.91874319343098,15105.384851545095,Office,buildings,1.1,11.6483,overture_buildings,57.7,1579.9
ghsl_7599_cell_00430,15,25,19.11402941657692,72.92907675017915,51902.630729198456,Residential,buildings,2.3,26.9965,overture_buildings,9.1,624.4
ghsl_7599_cell_00431,16,25,19.11402941657692,72.93941030692733,22120.216828092933,Residential,buildings,3.2,11.845,overture_buildings,13.2,457.4
ghsl_7599_cell_00432,20,25,19.11402941657692,72.98074453391999,0.0,Unbuilt,heuristic,0.0,0.0,overture_buildings,7.1,457.4
ghsl_7599_cell_00433,21,25,19.11402941657692,72.99107809066815,325.4608588460833,Residential,land_use,0.1,1.8361,overture_buildings,3.0,805.0
ghsl_7599_cell_00434,22,25,19.11402941657692,73.00141164741632,11215.466806814075,Utility,buildings,5.2,19.1571,overture_buildings,4.8,1808.6
ghsl_7599_cell_00435,23,25,19.11402941657692,73.01174520416448,6896.708981946111,Civic,buildings,0.1,11.2251,overture_buildings,14.4,1808.6
ghsl_7599_cell_00436,24,25,19.114029416576923,73.02207876091266,11240.687414050102,Industrial,land_use,0.0,19.5829,overture_buildings,26.5,805.1
ghsl_7599_cell_00437,25,25,19.11402941657692,73.03241231766081,2396.5345847010612,Industrial,land_use,0.0,10.2512,overture_buildings,39.2,457.4
ghsl_7599_cell_00438,5,26,19.105764620875608,72.82348898028836,23163.591583013535,Residential,buildings,1.0,9.9794,overture_buildings,0.0,526.3
ghsl_7599_cell_00439,6,26,19.105764620875608,72.83382221746189,69777.27815167606,Residential,buildings,3.5,27.3643,overture_buildings,12.4,1578.9
ghsl_7599_cell_00440,7,26,19.105764620875608,72.84415545463538,68936.95372772217,Residential,buildings,0.5,28.0356,overture_buildings,17.1,2414.3
ghsl_7599_cell_00441,8,26,19.10576462087561,72.8544886918089,46919.07178878784,Residential,buildings,1.7,27.1132,overture_buildings,15.2,3366.1
ghsl_7599_cell_00442,9,26,19.10576462087561,72.86482192898241,50852.877084732056,Residential,buildings,10.3,22.9447,overture_buildings,19.1,4381.5
ghsl_7599_cell_00443,10,26,19.105764620875608,72.8751551661559,45696.82396507263,Commercial,buildings,0.1,23.0925,overture_buildings,11.2,4922.9
ghsl_7599_cell_00444,11,26,19.105764620875608,72.88548840332942,73320.68661499023,Residential,buildings,0.2,30.4362,overture_buildings,14.5,4421.3
ghsl_7599_cell_00445,12,26,19.10576462087561,72.89582164050293,53896.675510406494,Residential,buildings,12.1,24.1126,overture_buildings,21.4,3684.0
ghsl_7599_cell_00446,13,26,19.105764620875608,72.90615487767643,23575.061571151018,Residential,buildings,0.0,18.6762,overture_buildings,137.2,2631.4
ghsl_7599_cell_00447,14,26,19.105764620875608,72.91648811484991,38632.18838186562,Residential,buildings,13.5,19.3048,overture_buildings,25.2,1578.9
ghsl_7599_cell_00448,15,26,19.10576462087561,72.92682135202344,27824.940674722195,Residential,buildings,0.3,21.4901,overture_buildings,9.0,526.3
ghsl_7599_cell_00449,21,26,19.105764620875608,72.98882077506447,0.0,Unbuilt,heuristic,0.0,0.0073,overture_buildings,4.2,526.2
ghsl_7599_cell_00450,22,26,19.10576462087561,72.99915401223798,13530.440140202641,Commercial,buildings,3.2,23.8535,overture_buildings,13.3,1578.7
ghsl_7599_cell_00451,23,26,19.10576462087561,73.00948724941149,12705.696645736694,Utility,buildings,2.5,24.7994,overture_buildings,13.8,2414.9
ghsl_7599_cell_00452,24,26,19.10576462087561,73.019820486585,10011.627320766449,Commercial,land_use,0.0,27.6106,overture_buildings,34.0,1578.8
ghsl_7599_cell_00453,25,26,19.10576462087561,73.03015372375852,3491.159309791401,Green,land_use,63.8,12.5985,overture_buildings,28.3,526.4
ghsl_7599_cell_00454,5,27,19.09749998259443,72.82123794670508,1349.6246450729668,Residential,buildings,0.0,1.356,overture_buildings,0.0,457.4
ghsl_7599_cell_00455,6,27,19.09749998259443,72.83157086446977,5907.23898685351,Residential,buildings,28.6,5.7857,overture_buildings,2.4,804.7
ghsl_7599_cell_00456,7,27,19.097499982594428,72.84190378223447,52423.399181842804,Residential,buildings,13.3,23.9931,overture_buildings,19.3,1808.3
ghsl_7599_cell_00457,8,27,19.097499982594428,72.85223669999915,55096.19430541992,Residential,buildings,3.0,24.9649,overture_buildings,14.1,2873.4
ghsl_7599_cell_00458,9,27,19.09749998259443,72.86256961776387,19613.97428430617,Industrial,buildings,16.5,22.4769,overture_buildings,11.0,3950.7
ghsl_7599_cell_00459,10,27,19.09749998259443,72.87290253552857,27711.076973557472,Utility,buildings,0.0,26.0529,overture_buildings,8.9,5032.3
ghsl_7599_cell_00460,11,27,19.09749998259443,72.88323545329328,54938.553261876106,Commercial,buildings,1.5,27.6547,overture_buildings,13.3,4736.8
ghsl_7599_cell_00461,12,27,19.09749998259443,72.89356837105795,64314.70732116699,Residential,buildings,0.9,36.5592,overture_buildings,17.8,3684.2
ghsl_7599_cell_00462,13,27,19.097499982594428,72.90390128882267,44148.79946029186,Residential,buildings,0.0,26.9757,overture_buildings,36.6,2631.6
ghsl_7599_cell_00463,14,27,19.097499982594428,72.91423420658735,71619.17195987701,Residential,buildings,5.5,27.2368,overture_buildings,17.6,1579.0
ghsl_7599_cell_00464,15,27,19.09749998259443,72.92456712435205,18070.563464954495,Industrial,buildings,1.2,22.805,overture_buildings,18.0,526.4
ghsl_7599_cell_00465,21,27,19.097499982594428,72.98656463094024,0.0,Unbuilt,heuristic,0.0,0.0,overture_buildings,4.2,457.4
ghsl_7599_cell_00466,22,27,19.09749998259443,72.99689754870494,7994.757107164711,Residential,buildings,10.7,11.6668,overture_buildings,7.4,805.0
ghsl_7599_cell_00467,23,27,19.097499982594428,73.00723046646962,17879.839699804783,Civic,buildings,2.8,24.9553,overture_buildings,6.4,1808.5
ghsl_7599_cell_00468,24,27,19.09749998259443,73.01756338423434,7741.976529121399,Industrial,land_use,0.6,26.4861,overture_buildings,14.1,1578.8
ghsl_7599_cell_00469,25,27,19.09749998259443,73.02789630199902,3486.256768791005,Industrial,buildings,0.3,19.1807,overture_buildings,16.1,526.4
ghsl_7599_cell_00470,6,28,19.089235501654674,72.82932068016999,26180.38804718852,Residential,buildings,0.7,16.5882,overture_buildings,7.1,526.2
ghsl_7599_cell_00471,7,28,19.08923550165467,72.83965327869167,43599.117618083954,Residential,buildings,3.0,26.3289,overture_buildings,11.8,1579.0
ghsl_7599_cell_00472,8,28,19.089235501654674,72.84998587721336,18751.94369137287,Office,buildings,25.7,16.3816,overture_buildings,4.2,2639.9
ghsl_7599_cell_00473,9,28,19.089235501654674,72.86031847573506,8725.221482723951,Utility,buildings,20.4,9.2385,overture_buildings,6.5,3715.6
ghsl_7599_cell_00474,10,28,19.089235501654674,72.87065107425676,3528.507347572595,Civic,buildings,30.4,1.5578,overture_buildings,6.5,4796.6
ghsl_7599_cell_00475,11,28,19.089235501654674,72.88098367277846,32687.806680224836,Residential,buildings,10.2,22.3283,overture_buildings,10.3,4736.9
ghsl_7599_cell_00476,12,28,19.089235501654674,72.89131627130014,48260.22357368469,Commercial,buildings,2.6,35.4694,overture_buildings,31.2,3684.3
ghsl_7599_cell_00477,13,28,19.089235501654674,72.90164886982186,64143.321674346924,Residential,buildings,0.8,29.4216,overture_buildings,22.5,2631.7
ghsl_7599_cell_00478,14,28,19.08923550165467,72.91198146834354,71709.88032531738,Residential,buildings,2.1,27.1562,overture_buildings,9.0,1579.0
ghsl_7599_cell_00479,15,28,19.089235501654674,72.92231406686523,9991.867915272713,Commercial,buildings,0.0,3.7879,overture_buildings,3.8,526.4
ghsl_7599_cell_00480,22,28,19.089235501654674,72.99464225651711,34.247841427102685,Residential,heuristic,0.0,0.1341,overture_buildings,4.6,526.3
ghsl_7599_cell_00481,23,28,19.089235501654677,73.00497485503881,15958.161347679794,Residential,buildings,4.4,23.4595,overture_buildings,5.2,1578.8
ghsl_7599_cell_00482,24,28,19.089235501654674,73.01530745356048,8404.903655853122,Civic,land_use,3.7,19.5551,overture_buildings,4.3,1578.8
ghsl_7599_cell_00483,25,28,19.089235501654674,73.02564005208217,10630.567949295044,Industrial,buildings,0.0,29.8365,overture_buildings,12.5,526.3
ghsl_7599_cell_00484,6,29,19.080971177977652,72.82707166426334,23592.981702387333,Residential,buildings,6.3,19.1289,overture_buildings,4.6,525.8
ghsl_7599_cell_00485,7,29,19.08097117797765,72.8374039437078,71695.6974029541,Residential,buildings,1.5,28.5605,overture_buildings,13.6,1578.7
ghsl_7599_cell_00486,8,29,19.08097117797765,72.84773622315225,67442.1538848877,Residential,buildings,0.5,28.4722,overture_buildings,8.1,2631.5
ghsl_7599_cell_00487,9,29,19.080971177977652,72.85806850259672,58085.855083465576,Residential,buildings,6.9,26.3527,overture_buildings,10.9,3684.2
ghsl_7599_cell_00488,10,29,19.080971177977652,72.86840078204116,38668.613165438175,Residential,buildings,7.6,22.6283,overture_buildings,6.7,4737.0
ghsl_7599_cell_00489,11,29,19.08097117797765,72.87873306148563,41960.72500312328,Residential,buildings,10.7,19.6723,overture_buildings,1.5,4796.7
ghsl_7599_cell_00490,12,29,19.080971177977652,72.88906534093009,62970.609760284424,Residential,buildings,2.6,28.4078,overture_buildings,7.8,3715.7
ghsl_7599_cell_00491,13,29,19.08097117797765,72.89939762037456,69394.51463699341,Industrial,buildings,5.1,23.0461,overture_buildings,6.5,2639.9
ghsl_7599_cell_00492,14,29,19.080971177977652,72.909729899819,100832.31657242775,Residential,buildings,3.9,27.5409,overture_buildings,18.0,1579.0
ghsl_7599_cell_00493,15,29,19.08097117797765,72.92006217926347,15549.602766711265,Residential,buildings,0.0,7.7785,overture_buildings,5.8,526.4
ghsl_7599_cell_00494,22,29,19.08097117797765,72.99238813537468,4128.257599063218,Civic,buildings,10.1,8.6137,overture_buildings,1.0,526.3
ghsl_7599_cell_00495,23,29,19.080971177977652,73.00272041481912,18009.684851646423,Residential,buildings,2.5,28.8976,overture_buildings,8.0,1578.8
ghsl_7599_cell_00496,24,29,19.08097117797765,73.01305269426359,7875.368350982666,Industrial,land_use,4.3,28.4713,overture_buildings,4.4,1808.5
ghsl_7599_cell_00497,25,29,19.080971177977652,73.02338497370805,8022.4438789486885,Industrial,land_use,0.7,28.0098,overture_buildings,13.2,804.9
ghsl_7599_cell_00498,26,29,19.08097117797765,73.03371725315249,1938.3301128819585,Industrial,land_use,0.0,6.6782,overture_buildings,42.7,457.4
ghsl_7599_cell_00499,6,30,19.072707011484695,72.82482381645092,60035.73230174184,Residential,buildings,2.9,21.2685,overture_buildings,11.3,525.6
ghsl_7599_cell_00500,7,30,19.072707011484688,72.83515577698384,93263.10398864746,Residential,buildings,2.2,28.8822,overture_buildings,18.4,1578.4
ghsl_7599_cell_00501,8,30,19.072707011484695,72.84548773751676,45767.214495658875,Residential,buildings,0.0,23.9118,overture_buildings,8.3,2631.2
ghsl_7599_cell_00502,9,30,19.072707011484695,72.85581969804973,20370.82141634077,Civic,buildings,6.7,12.2175,overture_buildings,4.1,3684.0
ghsl_7599_cell_00503,10,30,19.072707011484695,72.86615165858268,67987.70844841003,Residential,buildings,0.4,23.2501,overture_buildings,14.1,4736.8
ghsl_7599_cell_00504,11,30,19.07270701148469,72.8764836191156,73325.25154685974,Commercial,buildings,0.5,26.2149,overture_buildings,17.7,5032.5
ghsl_7599_cell_00505,12,30,19.072707011484695,72.88681557964857,34922.06908977032,Residential,buildings,1.3,22.3456,overture_buildings,4.5,3950.8
ghsl_7599_cell_00506,13,30,19.072707011484688,72.8971475401815,50045.094062924385,Residential,buildings,6.6,16.8888,overture_buildings,8.8,2873.5
ghsl_7599_cell_00507,14,30,19.072707011484695,72.90747950071444,60782.766662597656,Residential,buildings,5.0,22.8604,overture_buildings,13.2,1808.3
ghsl_7599_cell_00508,15,30,19.072707011484695,72.91781146124738,27935.01836757362,Residential,buildings,0.0,25.7018,overture_buildings,3.2,804.7
ghsl_7599_cell_00509,16,30,19.072707011484695,72.92814342178033,271.17642772197723,Civic,land_use,0.0,0.4021,overture_buildings,29.4,457.4
ghsl_7599_cell_00510,21,30,19.072707011484695,72.97980322444506,121.83842327445745,Residential,heuristic,0.0,1.0456,overture_buildings,0.0,457.4
ghsl_7599_cell_00511,22,30,19.07270701148469,72.99013518497799,9017.941304214299,Civic,buildings,12.5,18.9228,overture_buildings,6.4,624.5
ghsl_7599_cell_00512,23,30,19.072707011484695,73.00046714551092,17004.787897109985,Residential,buildings,2.2,22.8384,overture_buildings,6.5,1580.2
ghsl_7599_cell_00513,24,30,19.07270701148469,73.01079910604388,12210.841312170029,Residential,buildings,1.5,31.2872,overture_buildings,9.6,2414.5
ghsl_7599_cell_00514,25,30,19.07270701148469,73.02113106657681,8391.156666710973,Utility,buildings,0.5,22.9515,overture_buildings,17.9,1579.2
ghsl_7599_cell_00515,26,30,19.072707011484695,73.03146302710975,4923.383160132915,Industrial,buildings,1.9,15.7526,overture_buildings,32.9,526.5
ghsl_7599_cell_00516,6,31,19.064443002097136,72.82257713643394,37995.73057170957,Residential,buildings,8.6,12.0276,overture_buildings,0.0,525.4
ghsl_7599_cell_00517,7,31,19.064443002097136,72.83290877822104,90758.67558288574,Residential,buildings,2.8,30.6453,overture_buildings,17.2,1578.3
ghsl_7599_cell_00518,8,31,19.06444300209714,72.84324042000813,45751.43688964844,Residential,buildings,3.2,24.8111,overture_buildings,11.9,2631.1
ghsl_7599_cell_00519,9,31,19.064443002097136,72.85357206179523,41751.59991553426,Residential,buildings,2.3,21.6068,overture_buildings,8.8,3683.9
ghsl_7599_cell_00520,10,31,19.064443002097136,72.86390370358237,42554.026366233826,Commercial,buildings,13.4,25.1853,overture_buildings,3.9,4736.7
ghsl_7599_cell_00521,11,31,19.064443002097132,72.87423534536946,40275.03683257103,Residential,buildings,2.2,22.1549,overture_buildings,4.2,5424.8
ghsl_7599_cell_00522,12,31,19.064443002097136,72.8845669871566,53202.69529724121,Residential,buildings,1.5,21.7667,overture_buildings,9.0,4381.4
ghsl_7599_cell_00523,13,31,19.064443002097136,72.89489862894368,59872.5758562088,Residential,buildings,3.6,22.1622,overture_buildings,5.0,3366.0
ghsl_7599_cell_00524,14,31,19.064443002097136,72.9052302707308,33558.359137654305,Residential,buildings,1.2,21.2501,overture_buildings,7.1,2414.1
ghsl_7599_cell_00525,15,31,19.064443002097136,72.91556191251789,34835.803720891476,Residential,buildings,3.1,19.3436,overture_buildings,6.8,1640.4
ghsl_7599_cell_00526,16,31,19.064443002097136,72.925893554305,35630.18335103989,Civic,buildings,1.9,26.1866,overture_buildings,10.9,804.7
ghsl_7599_cell_00527,17,31,19.064443002097136,72.93622519609212,2946.308936044574,Residential,land_use,0.0,1.6932,overture_buildings,0.0,457.4
ghsl_7599_cell_00528,21,31,19.064443002097132,72.97755176324054,11.407084221020341,Utility,buildings,0.0,0.4538,overture_buildings,0.0,457.4
ghsl_7599_cell_00529,22,31,19.064443002097136,72.98788340502767,1569.351514654234,Commercial,land_use,1.0,4.3904,overture_buildings,5.7,457.4
ghsl_7599_cell_00530,23,31,19.064443002097136,72.99821504681476,8147.117494363338,Utility,buildings,2.0,13.4638,overture_buildings,4.3,804.8
ghsl_7599_cell_00531,24,31,19.064443002097136,73.00854668860187,16494.148131370544,Commercial,buildings,8.6,22.8792,overture_buildings,7.3,1640.5
ghsl_7599_cell_00532,25,31,19.064443002097136,73.01887833038899,9003.100807064213,Civic,buildings,1.3,19.6595,overture_buildings,8.4,1579.2
ghsl_7599_cell_00533,26,31,19.064443002097136,73.02920997217608,5382.40193772316,Commercial,buildings,0.0,22.4888,overture_buildings,21.7,526.6
ghsl_7599_cell_00534,6,32,19.056179149736348,72.82033162391384,15981.939019680023,Residential,buildings,2.3,7.5128,overture_buildings,0.0,525.3
ghsl_7599_cell_00535,7,32,19.056179149736348,72.83066294712077,81414.61177062988,Residential,buildings,4.9,30.5413,overture_buildings,12.7,1578.2
ghsl_7599_cell_00536,8,32,19.056179149736348,72.84099427032767,60458.816208601,Residential,buildings,1.7,24.2979,overture_buildings,6.6,2552.7
ghsl_7599_cell_00537,9,32,19.056179149736348,72.85132559353457,38239.63713720441,Residential,buildings,5.2,14.8489,overture_buildings,12.2,3188.4
ghsl_7599_cell_00538,10,32,19.056179149736348,72.86165691674148,6350.081268697977,Commercial,buildings,20.5,5.5966,overture_buildings,1.0,4022.5
ghsl_7599_cell_00539,11,32,19.056179149736344,72.8719882399484,35360.93021720648,Residential,buildings,4.7,20.6752,overture_buildings,11.5,4955.9
ghsl_7599_cell_00540,12,32,19.056179149736348,72.88231956315532,37293.94644165039,Residential,buildings,5.3,19.9867,overture_buildings,14.3,4956.8
ghsl_7599_cell_00541,13,32,19.056179149736344,72.89265088636222,57462.009422302246,Residential,buildings,0.2,28.015,overture_buildings,12.1,4023.4
ghsl_7599_cell_00542,14,32,19.056179149736348,72.90298220956915,82983.1619720459,Residential,buildings,5.4,24.9575,overture_buildings,12.9,3189.2
ghsl_7599_cell_00543,15,32,19.056179149736348,72.91331353277604,40201.04299879074,Industrial,buildings,0.8,29.197,overture_buildings,9.3,2414.0
ghsl_7599_cell_00544,16,32,19.056179149736348,72.92364485598297,36326.415853500366,Residential,buildings,3.1,25.0249,overture_buildings,8.7,1640.3
ghsl_7599_cell_00545,17,32,19.056179149736348,72.93397617918988,36021.018183112144,Residential,buildings,0.0,19.2012,overture_buildings,4.5,804.7
ghsl_7599_cell_00546,18,32,19.056179149736348,72.9443075023968,2097.1219825148582,Residential,heuristic,0.0,2.7167,overture_buildings,3.5,457.4
ghsl_7599_cell_00547,23,32,19.056179149736348,72.99596411843136,56.93238327652216,Residential,buildings,0.7,0.1209,overture_buildings,6.1,457.4
ghsl_7599_cell_00548,24,32,19.056179149736348,73.00629544163826,7077.417562557384,Utility,buildings,2.4,12.1376,overture_buildings,4.6,804.8
ghsl_7599_cell_00549,25,32,19.056179149736348,73.01662676484517,6411.917880892754,Commercial,buildings,5.5,16.8944,overture_buildings,5.0,1579.2
ghsl_7599_cell_00550,26,32,19.056179149736344,73.02695808805207,4188.699854888953,Industrial,buildings,0.0,15.5553,overture_buildings,13.0,526.6
ghsl_7599_cell_00551,6,33,19.047915454323697,72.81808727859234,17607.585355341434,Residential,buildings,0.9,7.6238,overture_buildings,0.0,525.3
ghsl_7599_cell_00552,7,33,19.047915454323704,72.82841828338465,36093.66044305265,Residential,buildings,7.5,15.8107,overture_buildings,5.7,1372.1
ghsl_7599_cell_00553,8,33,19.0479154543237,72.83874928817696,12136.724430650473,Residential,buildings,2.3,11.2235,overture_buildings,2.4,1639.8
ghsl_7599_cell_00554,9,33,19.047915454323697,72.84908029296926,14872.483528029174,Residential,buildings,0.6,10.384,overture_buildings,3.9,2413.5
ghsl_7599_cell_00555,10,33,19.0479154543237,72.85941129776157,48497.12996387482,Residential,buildings,1.7,30.1172,overture_buildings,8.2,3365.4
ghsl_7599_cell_00556,11,33,19.0479154543237,72.86974230255389,26062.62870311737,Residential,buildings,10.3,16.6964,overture_buildings,6.8,4155.2
ghsl_7599_cell_00557,12,33,19.0479154543237,72.88007330734618,14468.829404368997,Residential,buildings,8.8,14.8362,overture_buildings,5.6,4116.1
ghsl_7599_cell_00558,13,33,19.047915454323704,72.89040431213849,45349.17053310573,Residential,buildings,4.2,21.1036,overture_buildings,8.1,4148.7
ghsl_7599_cell_00559,14,33,19.047915454323704,72.90073531693082,43042.655264407396,Residential,buildings,31.6,19.0875,overture_buildings,15.1,4023.3
ghsl_7599_cell_00560,15,33,19.047915454323697,72.91106632172311,67252.40953063965,Residential,buildings,2.1,21.8235,overture_buildings,27.4,3189.1
ghsl_7599_cell_00561,16,33,19.047915454323704,72.92139732651543,49821.5786871016,Residential,buildings,2.2,19.451,overture_buildings,15.1,2414.0
ghsl_7599_cell_00562,17,33,19.0479154543237,72.93172833130774,19287.807926092297,Utility,buildings,2.1,15.2071,overture_buildings,4.4,1640.2
ghsl_7599_cell_00563,18,33,19.047915454323697,72.94205933610004,10052.738103855401,Residential,buildings,4.7,16.8081,overture_buildings,3.3,804.6
ghsl_7599_cell_00564,19,33,19.0479154543237,72.95239034089235,806.1761559285223,Residential,heuristic,0.0,2.8278,overture_buildings,2.0,457.4
ghsl_7599_cell_00565,24,33,19.0479154543237,73.00404536485392,98.10690439119935,Residential,heuristic,0.0,0.159,overture_buildings,3.9,526.4
ghsl_7599_cell_00566,25,33,19.0479154543237,73.01437636964621,10300.736348561943,Residential,buildings,5.7,17.3252,overture_buildings,2.9,1579.1
ghsl_7599_cell_00567,26,33,19.0479154543237,73.02470737443852,9704.540092974901,Civic,buildings,1.5,25.3846,overture_buildings,11.6,526.4
ghsl_7599_cell_00568,6,34,19.039651915780592,72.81584410017126,928.97555725649,Commercial,buildings,1.2,1.2918,overture_buildings,0.0,525.4
ghsl_7599_cell_00569,7,34,19.039651915780592,72.82617478671452,234.98303985595703,Residential,heuristic,0.0,0.1929,overture_buildings,0.0,457.3
ghsl_7599_cell_00570,8,34,19.03965191578059,72.83650547325776,17366.539610505104,Residential,buildings,0.2,10.5556,overture_buildings,0.0,804.5
ghsl_7599_cell_00571,9,34,19.03965191578059,72.84683615980103,65706.1745223999,Residential,buildings,4.3,28.8886,overture_buildings,6.6,1808.1
ghsl_7599_cell_00572,10,34,19.03965191578059,72.85716684634428,60106.51222991943,Residential,buildings,3.5,38.1916,overture_buildings,9.0,2873.4
ghsl_7599_cell_00573,11,34,19.039651915780592,72.86749753288755,60175.11305618286,Residential,buildings,2.2,26.2905,overture_buildings,7.4,3301.0
ghsl_7599_cell_00574,12,34,19.039651915780592,72.87782821943081,31691.94688788429,Residential,buildings,2.7,12.6387,overture_buildings,5.4,3201.3
ghsl_7599_cell_00575,13,34,19.039651915780592,72.88815890597408,21277.42093321681,Industrial,buildings,1.4,20.2661,overture_buildings,6.1,3213.8
ghsl_7599_cell_00576,14,34,19.039651915780592,72.89848959251734,31135.09482872486,Residential,buildings,1.7,14.7484,overture_buildings,15.4,3482.3
ghsl_7599_cell_00577,15,34,19.03965191578059,72.90882027906058,24480.553208500147,Civic,buildings,0.3,17.5741,overture_buildings,47.9,3718.7
ghsl_7599_cell_00578,16,34,19.03965191578059,72.91915096560386,19026.52889662981,Residential,buildings,0.8,12.6222,overture_buildings,31.8,3123.7
ghsl_7599_cell_00579,17,34,19.03965191578059,72.9294816521471,20447.262033462524,Residential,buildings,6.3,14.1611,overture_buildings,13.1,2413.9
ghsl_7599_cell_00580,18,34,19.039651915780592,72.93981233869039,4228.806035581976,Residential,buildings,1.2,6.7398,overture_buildings,15.0,1640.1
ghsl_7599_cell_00581,19,34,19.039651915780592,72.95014302523366,12968.405141323805,Civic,buildings,2.9,19.336,overture_buildings,3.9,804.6
ghsl_7599_cell_00582,20,34,19.03965191578059,72.96047371177688,0.0,Unbuilt,heuristic,0.0,0.0,overture_buildings,4.9,457.4
ghsl_7599_cell_00583,24,34,19.039651915780592,73.00179645794995,21.25200843811035,Residential,heuristic,0.0,0.0,overture_buildings,3.9,457.3
ghsl_7599_cell_00584,25,34,19.03965191578059,73.0121271444932,14703.767705619335,Residential,land_use,6.8,23.8819,overture_buildings,10.7,804.7
ghsl_7599_cell_00585,26,34,19.039651915780592,73.02245783103645,11906.861813545227,Civic,buildings,14.3,22.767,overture_buildings,23.7,804.7
ghsl_7599_cell_00586,27,34,19.03965191578059,73.03278851757972,2735.0511100292206,Green,land_use,69.9,6.0343,overture_buildings,101.7,457.4
ghsl_7599_cell_00587,6,35,19.03138853402842,72.81360208835264,36.007679253816605,Residential,heuristic,0.0,0.0,overture_buildings,0.0,525.6
ghsl_7599_cell_00588,8,35,19.03138853402842,72.83426282527209,8944.544700413942,Residential,buildings,1.0,5.2753,overture_buildings,0.0,526.5
ghsl_7599_cell_00589,9,35,19.03138853402842,72.84459319373181,51980.36077392101,Residential,buildings,13.2,28.6634,overture_buildings,15.5,1579.5
ghsl_7599_cell_00590,10,35,19.03138853402842,72.85492356219154,46014.20649909973,Residential,buildings,1.8,28.1815,overture_buildings,10.0,2640.6
ghsl_7599_cell_00591,11,35,19.03138853402842,72.86525393065128,51477.02864074707,Residential,buildings,2.1,24.6033,overture_buildings,10.2,2512.6
ghsl_7599_cell_00592,12,35,19.03138853402842,72.87558429911098,19531.81037414074,Residential,buildings,6.0,17.8239,overture_buildings,5.7,2286.7
ghsl_7599_cell_00593,13,35,19.03138853402842,72.88591466757072,9578.025168836117,Residential,buildings,7.1,9.81,overture_buildings,3.7,2287.1
ghsl_7599_cell_00594,14,35,19.03138853402842,72.89624503603042,27685.548337459564,Residential,buildings,3.6,18.6289,overture_buildings,13.0,2552.4
ghsl_7599_cell_00595,15,35,19.031388534028423,72.90657540449016,19972.14627236128,Residential,buildings,0.0,13.5127,overture_buildings,54.8,3123.9
ghsl_7599_cell_00596,16,35,19.03138853402842,72.91690577294986,929.4259941019118,Commercial,buildings,0.0,2.1716,overture_buildings,297.7,2512.4
ghsl_7599_cell_00597,17,35,19.03138853402842,72.9272361414096,6919.886598691344,Civic,buildings,9.6,7.558,overture_buildings,24.9,1874.2
ghsl_7599_cell_00598,18,35,19.03138853402842,72.93756650986931,709.660471547395,Residential,heuristic,0.0,1.5003,overture_buildings,36.5,1385.0
ghsl_7599_cell_00599,19,35,19.03138853402842,72.94789687832905,4207.379757747054,Residential,land_use,0.0,6.9751,overture_buildings,6.5,624.7
ghsl_7599_cell_00600,20,35,19.03138853402842,72.95822724678877,2.5321974009275436,Utility,land_use,0.0,0.0334,overture_buildings,0.0,457.3
ghsl_7599_cell_00601,25,35,19.03138853402842,73.00987908908738,8786.642092298716,Residential,buildings,6.1,12.4368,overture_buildings,5.5,526.4
ghsl_7599_cell_00602,26,35,19.03138853402842,73.0202094575471,14294.70814204216,Utility,buildings,11.3,22.6167,overture_buildings,24.8,1579.3
ghsl_7599_cell_00603,27,35,19.03138853402842,73.03053982600682,5564.3104034252465,Civic,buildings,5.2,8.0886,overture_buildings,34.8,804.7
ghsl_7599_cell_00604,28,35,19.031388534028423,73.04087019446654,6804.046149452217,Civic,buildings,6.1,13.9068,overture_buildings,16.6,457.3
ghsl_7599_cell_00605,6,36,19.02312530898862,72.8113612428388,274.3601203672588,Residential,heuristic,0.1,0.361,overture_buildings,0.0,525.9
ghsl_7599_cell_00606,7,36,19.023125308988625,72.82169129338045,6452.021381035447,Residential,buildings,0.7,6.4731,overture_buildings,0.0,457.3
ghsl_7599_cell_00607,8,36,19.02312530898862,72.83202134392208,32841.692301273346,Civic,buildings,1.2,12.9277,overture_buildings,2.6,624.9
ghsl_7599_cell_00608,9,36,19.023125308988625,72.84235139446373,52970.862003326416,Residential,buildings,3.5,25.3931,overture_buildings,16.4,1580.9
ghsl_7599_cell_00609,10,36,19.023125308988625,72.85268144500539,52788.858140945435,Civic,buildings,12.1,25.274,overture_buildings,14.3,2632.6
ghsl_7599_cell_00610,11,36,19.023125308988625,72.86301149554704,38189.75574684143,Residential,buildings,3.4,21.1518,overture_buildings,7.1,1874.6
ghsl_7599_cell_00611,12,36,19.023125308988625,72.87334154608872,40870.04475367069,Residential,buildings,0.3,23.882,overture_buildings,7.1,1385.0
ghsl_7599_cell_00612,13,36,19.023125308988625,72.88367159663036,5328.208903610706,Industrial,buildings,0.0,5.8976,overture_buildings,3.5,1372.0
ghsl_7599_cell_00613,14,36,19.02312530898862,72.89400164717202,40618.124384880066,Utility,buildings,1.8,12.9176,overture_buildings,8.8,1639.6
ghsl_7599_cell_00614,15,36,19.02312530898862,72.90433169771367,37783.59845940769,Residential,buildings,0.0,19.0942,overture_buildings,24.0,2413.3
ghsl_7599_cell_00615,16,36,19.023125308988625,72.91466174825531,1605.1817926205695,Residential,land_use,0.0,2.342,overture_buildings,170.4,1874.4
ghsl_7599_cell_00616,17,36,19.02312530898862,72.92499179879697,1647.5108726024628,Industrial,land_use,0.0,3.7483,overture_buildings,28.9,1385.0
ghsl_7599_cell_00617,18,36,19.023125308988625,72.93532184933862,421.6473811864853,Residential,heuristic,0.0,0.9675,overture_buildings,3.4,624.8
ghsl_7599_cell_00618,19,36,19.02312530898862,72.94565189988026,0.0,Unbuilt,heuristic,0.0,0.0,overture_buildings,5.5,457.3
ghsl_7599_cell_00619,25,36,19.02312530898862,73.00763220313019,1393.7615191992372,Civic,buildings,21.9,2.912,overture_buildings,4.4,526.3
ghsl_7599_cell_00620,26,36,19.023125308988625,73.01796225367184,10123.25516789034,Utility,buildings,13.2,21.3949,overture_buildings,8.0,1579.2
ghsl_7599_cell_00621,27,36,19.023125308988625,73.02829230421348,5095.499833436683,Civic,buildings,29.7,10.3776,overture_buildings,11.7,1640.2
ghsl_7599_cell_00622,28,36,19.02312530898862,73.03862235475513,7707.940849475563,Utility,buildings,7.6,12.2652,overture_buildings,4.1,804.7
ghsl_7599_cell_00623,29,36,19.02312530898862,73.0489524052968,3251.5846572509035,Utility,buildings,3.0,5.974,overture_buildings,8.9,457.3
ghsl_7599_cell_00624,6,37,19.01486224058264,72.80912156333214,9.419415142387152,Residential,heuristic,0.0,0.0,overture_buildings,0.0,457.3
ghsl_7599_cell_00625,7,37,19.014862240582637,72.81945129612114,39813.92152995989,Residential,buildings,3.3,17.6851,overture_buildings,10.7,804.3
ghsl_7599_cell_00626,8,37,19.01486224058264,72.82978102891016,106276.6266784668,Residential,buildings,1.7,28.4569,overture_buildings,12.9,1385.1
ghsl_7599_cell_00627,9,37,19.01486224058264,72.84011076169917,66607.06755447388,Industrial,buildings,2.9,26.1386,overture_buildings,13.2,1874.6
ghsl_7599_cell_00628,10,37,19.01486224058264,72.85044049448817,56983.968364715576,Residential,buildings,3.5,27.7515,overture_buildings,9.5,2632.8
ghsl_7599_cell_00629,11,37,19.014862240582637,72.86077022727717,24241.536512851715,Residential,buildings,1.9,17.066,overture_buildings,8.9,1580.9
ghsl_7599_cell_00630,12,37,19.01486224058264,72.87109996006619,3782.0100941732526,Residential,land_use,0.0,5.6647,overture_buildings,1.5,624.9
ghsl_7599_cell_00631,13,37,19.01486224058264,72.88142969285519,1807.064654674381,Residential,buildings,0.0,2.3093,overture_buildings,3.9,457.3
ghsl_7599_cell_00632,14,37,19.014862240582637,72.89175942564421,68374.99169795215,Residential,buildings,1.5,22.1649,overture_buildings,7.0,804.4
ghsl_7599_cell_00633,15,37,19.01486224058264,72.90208915843324,55720.75316262245,Utility,buildings,0.0,12.1161,overture_buildings,27.7,1808.1
ghsl_7599_cell_00634,16,37,19.014862240582637,72.91241889122223,5059.906036376953,Utility,buildings,0.3,1.4007,overture_buildings,163.0,1580.9
ghsl_7599_cell_00635,17,37,19.01486224058264,72.92274862401125,2844.534117780626,Residential,heuristic,0.2,10.0815,overture_buildings,15.1,624.8
ghsl_7599_cell_00636,18,37,19.014862240582637,72.93307835680027,131.0046844482422,Residential,heuristic,0.0,0.0,overture_buildings,6.1,457.3
ghsl_7599_cell_00637,25,37,19.014862240582637,73.00538648632332,2522.1454978734255,Residential,land_use,1.9,5.825,overture_buildings,1.5,526.3
ghsl_7599_cell_00638,26,37,19.01486224058264,73.01571621911232,17379.087870473042,Civic,buildings,3.1,19.7433,overture_buildings,8.3,1579.2
ghsl_7599_cell_00639,27,37,19.014862240582637,73.02604595190134,6341.831435937434,Civic,buildings,3.4,10.1444,overture_buildings,2.6,1384.9
ghsl_7599_cell_00640,28,37,19.014862240582637,73.03637568469034,22133.314516305923,Civic,buildings,0.8,23.3506,overture_buildings,12.8,1371.9
ghsl_7599_cell_00641,29,37,19.014862240582637,73.04670541747936,2704.4217875674367,Commercial,land_use,3.0,3.1367,overture_buildings,0.0,526.5
ghsl_7599_cell_00642,7,38,19.00659932873192,72.81721246473711,54114.15404891968,Residential,buildings,3.5,19.744,overture_buildings,22.0,526.5
ghsl_7599_cell_00643,8,38,19.006599328731923,72.82754187993886,71583.05856704712,Residential,buildings,1.5,28.6678,overture_buildings,6.5,1579.7
ghsl_7599_cell_00644,9,38,19.00659932873192,72.83787129514064,48190.28476142883,Industrial,buildings,1.7,33.0322,overture_buildings,8.1,2512.7
ghsl_7599_cell_00645,10,38,19.00659932873192,72.84820071034237,50830.236295223236,Residential,buildings,21.2,22.6864,overture_buildings,18.5,2633.4
ghsl_7599_cell_00646,11,38,19.00659932873192,72.85853012554412,18744.842072993517,Utility,buildings,0.1,14.303,overture_buildings,4.2,1580.2
ghsl_7599_cell_00647,12,38,19.006599328731923,72.86885954074589,891.0113811269403,Industrial,land_use,0.0,3.2746,overture_buildings,6.8,526.9
ghsl_7599_cell_00648,14,38,19.006599328731923,72.88951837114936,7639.375454816967,Utility,buildings,0.0,3.6673,overture_buildings,3.9,526.5
ghsl_7599_cell_00649,15,38,19.006599328731927,72.89984778635113,37732.327810287476,Utility,buildings,0.0,13.4312,overture_buildings,4.6,1371.9
ghsl_7599_cell_00650,16,38,19.00659932873192,72.91017720155288,8454.318183019757,Utility,buildings,0.0,4.061,overture_buildings,81.6,1385.0
ghsl_7599_cell_00651,17,38,19.006599328731923,72.92050661675464,1622.8433080799878,Industrial,land_use,1.5,3.1605,overture_buildings,5.6,526.6
ghsl_7599_cell_00652,25,38,19.006599328731923,73.00314193836863,74.85400390625,Residential,heuristic,0.0,0.0586,overture_buildings,2.6,457.3
ghsl_7599_cell_00653,26,38,19.00659932873192,73.01347135357037,5903.268966645002,Civic,buildings,7.2,7.963,overture_buildings,4.3,804.5
ghsl_7599_cell_00654,27,38,19.00659932873192,73.02380076877213,875.41053003259,Civic,buildings,4.6,2.248,overture_buildings,4.5,624.7
ghsl_7599_cell_00655,28,38,19.00659932873192,73.03413018397387,15347.324866860174,Civic,buildings,4.5,8.8664,overture_buildings,4.1,457.3
ghsl_7599_cell_00656,29,38,19.006599328731923,73.04445959917564,680.7410861924291,Civic,land_use,0.0,0.9155,overture_buildings,0.0,457.3
ghsl_7599_cell_00657,7,39,18.99833657335796,72.81497479893122,52258.287218011916,Residential,buildings,1.5,22.3773,overture_buildings,21.0,526.5
ghsl_7599_cell_00658,8,39,18.998336573357957,72.82530389671103,80194.67712402344,Residential,buildings,1.9,33.4446,overture_buildings,7.1,1579.7
ghsl_7599_cell_00659,9,39,18.998336573357953,72.83563299449087,43664.53990364075,Industrial,buildings,3.6,27.8418,overture_buildings,7.5,2632.9
ghsl_7599_cell_00660,10,39,18.998336573357957,72.84596209227071,80358.39834976196,Residential,buildings,3.3,26.0366,overture_buildings,26.6,2634.0
ghsl_7599_cell_00661,11,39,18.998336573357957,72.85629119005054,21309.027082659304,Utility,buildings,0.2,17.2867,overture_buildings,9.1,1580.6
ghsl_7599_cell_00662,12,39,18.998336573357953,72.86662028783039,29.20139706134796,Residential,heuristic,0.0,0.0029,overture_buildings,0.0,527.3
ghsl_7599_cell_00663,14,39,18.998336573357957,72.88727848339003,241.16847133636475,Utility,buildings,0.0,0.037,overture_buildings,0.0,457.3
ghsl_7599_cell_00664,15,39,18.998336573357953,72.89760758116986,13318.896105401218,Industrial,buildings,0.0,5.2232,overture_buildings,5.7,457.3
ghsl_7599_cell_00665,16,39,18.998336573357957,72.90793667894971,2070.602724649012,Industrial,land_use,0.0,3.5202,overture_buildings,1.2,624.9
ghsl_7599_cell_00666,17,39,18.998336573357957,72.91826577672954,0.8464173078536987,Residential,heuristic,0.0,0.014,overture_buildings,0.0,457.3
ghsl_7599_cell_00667,26,39,18.998336573357957,73.01122765674803,360.43659949302673,Residential,heuristic,0.9,0.4164,overture_buildings,0.0,457.3
ghsl_7599_cell_00668,27,39,18.998336573357957,73.02155675452786,8.704540967941284,Residential,heuristic,0.0,0.1119,overture_buildings,0.0,457.3
ghsl_7599_cell_00669,7,40,18.99007397438223,72.81273829840643,20353.11950209737,Residential,buildings,1.5,14.0578,overture_buildings,11.6,526.5
ghsl_7599_cell_00670,8,40,18.990073974382227,72.82306707892961,23939.474272191525,Industrial,buildings,8.7,20.3184,overture_buildings,7.9,1579.7
ghsl_7599_cell_00671,9,40,18.99007397438223,72.83339585945285,74333.80551147461,Industrial,buildings,3.3,28.2156,overture_buildings,8.4,2632.9
ghsl_7599_cell_00672,10,40,18.990073974382227,72.84372463997607,62378.100551605225,Industrial,buildings,2.0,30.2882,overture_buildings,14.1,2634.4
ghsl_7599_cell_00673,11,40,18.99007397438223,72.85405342049928,13957.409064151347,Industrial,buildings,0.0,18.314,overture_buildings,8.7,1581.0
ghsl_7599_cell_00674,12,40,18.99007397438223,72.86438220102252,23.63922530412674,Residential,heuristic,0.0,0.0329,overture_buildings,0.0,527.7
ghsl_7599_cell_00675,16,40,18.990073974382227,72.90569732311536,153.09270187467337,Residential,heuristic,0.0,0.0306,overture_buildings,0.0,457.3
ghsl_7599_cell_00676,7,41,18.981811531726233,72.81050296286597,3956.372092574835,Residential,buildings,0.5,5.177,overture_buildings,0.0,526.6
ghsl_7599_cell_00677,8,41,18.981811531726233,72.82083142629784,13998.641659758985,Residential,buildings,4.0,8.1039,overture_buildings,2.6,1579.8
ghsl_7599_cell_00678,9,41,18.981811531726237,72.8311598897297,66857.76437568665,Residential,buildings,4.0,23.3793,overture_buildings,7.1,2633.1
ghsl_7599_cell_00679,10,41,18.981811531726237,72.84148835316154,40597.06348609924,Residential,buildings,1.1,23.5971,overture_buildings,9.8,2634.7
ghsl_7599_cell_00680,11,41,18.981811531726237,72.85181681659341,10541.38978266716,Industrial,buildings,0.0,23.4513,overture_buildings,8.7,1581.4
ghsl_7599_cell_00681,12,41,18.981811531726237,72.86214528002526,2183.18830627203,Industrial,buildings,0.0,4.2053,overture_buildings,0.0,528.0
ghsl_7599_cell_00682,6,42,18.973549245311503,72.79794064550762,1.7049262523651123,Residential,heuristic,0.0,0.0244,overture_buildings,0.0,457.3
ghsl_7599_cell_00683,7,42,18.973549245311503,72.80826879201334,84774.58072757721,Residential,buildings,2.4,23.7171,overture_buildings,27.7,625.1
ghsl_7599_cell_00684,8,42,18.973549245311503,72.81859693851904,68803.35167109966,Residential,buildings,29.2,25.1741,overture_buildings,6.4,1581.4
ghsl_7599_cell_00685,9,42,18.973549245311503,72.82892508502476,70063.26753616333,Civic,buildings,2.3,31.8479,overture_buildings,10.2,2633.3
ghsl_7599_cell_00686,10,42,18.973549245311506,72.83925323153046,71770.8654127121,Residential,buildings,7.4,25.1171,overture_buildings,15.4,2635.0
ghsl_7599_cell_00687,11,42,18.973549245311503,72.84958137803619,16658.49586635828,Industrial,buildings,2.4,21.582,overture_buildings,6.8,1581.6
ghsl_7599_cell_00688,12,42,18.973549245311503,72.85990952454189,46.85524380207062,Residential,heuristic,0.0,0.1417,overture_buildings,0.0,528.2
ghsl_7599_cell_00689,6,43,18.965287115059585,72.79570795580739,0.3022918999195099,Residential,heuristic,0.0,0.2198,overture_buildings,0.0,526.5
ghsl_7599_cell_00690,7,43,18.965287115059585,72.80603578555214,87067.22333317995,Residential,buildings,3.2,24.5479,overture_buildings,26.5,1385.1
ghsl_7599_cell_00691,8,43,18.96528711505958,72.81636361529686,98831.43182373047,Residential,buildings,1.9,28.8807,overture_buildings,14.9,1875.4
ghsl_7599_cell_00692,9,43,18.96528711505958,72.8266914450416,101231.4478149414,Residential,buildings,0.9,37.4391,overture_buildings,8.4,2550.9
ghsl_7599_cell_00693,10,43,18.96528711505958,72.83701927478636,83798.2259979248,Residential,buildings,1.1,27.0285,overture_buildings,17.2,2635.1
ghsl_7599_cell_00694,11,43,18.96528711505958,72.84734710453108,25318.989265173674,Utility,buildings,3.5,20.5842,overture_buildings,18.4,1581.7
ghsl_7599_cell_00695,12,43,18.96528711505958,72.85767493427583,7.303372025489807,Residential,heuristic,0.0,0.0,overture_buildings,0.0,528.3
ghsl_7599_cell_00696,6,44,18.95702514089202,72.7934764300373,10645.003438949585,Residential,buildings,2.3,3.0555,overture_buildings,0.0,526.5
ghsl_7599_cell_00697,7,44,18.957025140892018,72.8038039431862,43173.59362137318,Residential,buildings,13.6,16.5477,overture_buildings,62.3,1385.1
ghsl_7599_cell_00698,8,44,18.95702514089202,72.8141314563351,65547.47419857979,Residential,buildings,1.1,25.0823,overture_buildings,21.0,1371.8
ghsl_7599_cell_00699,9,44,18.95702514089202,72.824458969484,106834.80275726318,Residential,buildings,0.0,36.2886,overture_buildings,13.1,1638.6
ghsl_7599_cell_00700,10,44,18.957025140892018,72.83478648263288,79302.26327514648,Residential,buildings,1.0,35.1864,overture_buildings,15.6,2412.1
ghsl_7599_cell_00701,11,44,18.957025140892018,72.8451139957818,12145.120832167566,Industrial,buildings,0.0,12.326,overture_buildings,2.3,1581.7
ghsl_7599_cell_00702,12,44,18.957025140892018,72.85544150893071,90.55456013977528,Residential,heuristic,0.0,0.1349,overture_buildings,0.0,528.3
ghsl_7599_cell_00703,6,45,18.948763322730393,72.79124606790143,29636.3221437037,Residential,buildings,1.0,8.9138,overture_buildings,0.0,526.5
ghsl_7599_cell_00704,7,45,18.948763322730393,72.80157326461956,27726.696139335632,Residential,buildings,0.0,10.156,overture_buildings,3.8,625.2
ghsl_7599_cell_00705,8,45,18.948763322730393,72.81190046133771,469.3263056278229,Utility,buildings,0.7,0.5043,overture_buildings,0.0,457.2
ghsl_7599_cell_00706,9,45,18.94876332273039,72.82222765805585,38782.707280784845,Civic,buildings,12.3,20.271,overture_buildings,9.6,804.0
ghsl_7599_cell_00707,10,45,18.948763322730393,72.83255485477403,67913.1985244751,Commercial,buildings,0.0,39.7483,overture_buildings,9.4,1807.8
ghsl_7599_cell_00708,11,45,18.948763322730393,72.84288205149218,16013.961244165897,Industrial,buildings,0.0,13.3205,overture_buildings,6.3,1581.7
ghsl_7599_cell_00709,12,45,18.948763322730393,72.85320924821033,36.63777744397521,Residential,heuristic,0.0,0.0663,overture_buildings,0.0,528.2
ghsl_7599_cell_00710,6,46,18.940501660496285,72.78901686910405,622.7454770803452,Residential,buildings,0.5,2.008,overture_buildings,0.0,457.2
ghsl_7599_cell_00711,7,46,18.94050166049628,72.79934374955648,79.4785835146904,Residential,buildings,0.0,0.1803,overture_buildings,0.0,457.2
ghsl_7599_cell_00712,9,46,18.940501660496285,72.81999751046139,4398.891146361828,Residential,buildings,0.4,3.4814,overture_buildings,0.0,526.7
ghsl_7599_cell_00713,10,46,18.940501660496285,72.83032439091383,31521.57171100378,Residential,buildings,22.0,25.7922,overture_buildings,8.1,1580.3
ghsl_7599_cell_00714,11,46,18.940501660496285,72.84065127136631,24920.193607091904,Utility,buildings,0.4,18.9698,overture_buildings,5.5,1581.5
ghsl_7599_cell_00715,12,46,18.94050166049628,72.85097815181875,11.438725292682648,Residential,heuristic,0.0,0.0,overture_buildings,0.0,528.1
ghsl_7599_cell_00716,9,47,18.9322401541113,72.8177685264049,174.84562826156616,Residential,heuristic,0.1,0.2444,overture_buildings,0.0,526.7
ghsl_7599_cell_00717,10,47,18.9322401541113,72.82809509075666,27747.856221795082,Residential,buildings,24.0,30.0891,overture_buildings,10.4,1580.3
ghsl_7599_cell_00718,11,47,18.932240154111305,72.83842165510839,29614.073516741395,Commercial,buildings,1.3,28.5489,overture_buildings,13.7,1581.3
ghsl_7599_cell_00719,12,47,18.9322401541113,72.84874821946019,829.8758850097656,Residential,heuristic,0.0,0.8868,overture_buildings,0.0,527.8
ghsl_7599_cell_00720,9,48,18.923978803497068,72.81554070559099,5010.826643645763,Commercial,buildings,0.1,2.8332,overture_buildings,0.0,526.8
ghsl_7599_cell_00721,10,48,18.923978803497068,72.82586695400701,35134.92701160908,Residential,buildings,8.0,18.1055,overture_buildings,12.6,1580.4
ghsl_7599_cell_00722,11,48,18.923978803497068,72.83619320242303,27216.25780811906,Commercial,buildings,1.0,19.8674,overture_buildings,10.1,1385.0
ghsl_7599_cell_00723,12,48,18.923978803497068,72.84651945083908,472.1436549052596,Residential,heuristic,0.0,0.003,overture_buildings,0.0,527.5
ghsl_7599_cell_00724,8,49,18.915717608575214,72.80298811507919,536.4834568500519,Residential,land_use,0.0,0.5694,overture_buildings,0.0,457.2
ghsl_7599_cell_00725,9,49,18.915717608575214,72.81331404772442,10809.280760601163,Residential,buildings,1.3,5.9477,overture_buildings,0.0,625.4
ghsl_7599_cell_00726,10,49,18.915717608575214,72.82363998036963,48881.71113014221,Residential,buildings,6.8,24.1354,overture_buildings,6.7,1385.0
ghsl_7599_cell_00727,11,49,18.915717608575214,72.83396591301484,7339.538300924003,Residential,buildings,0.3,5.8801,overture_buildings,0.0,625.3
ghsl_7599_cell_00728,12,49,18.915717608575214,72.84429184566005,189.00498728454113,Residential,heuristic,0.0,0.8442,overture_buildings,0.0,457.2
ghsl_7599_cell_00729,8,50,18.907456569267396,72.80076293547081,4377.88783223927,Residential,buildings,2.7,2.6899,overture_buildings,0.0,526.8
ghsl_7599_cell_00730,9,50,18.907456569267392,72.81108855251011,32661.41760635376,Residential,buildings,2.4,18.0981,overture_buildings,14.1,1385.0
ghsl_7599_cell_00731,10,50,18.907456569267392,72.8214141695494,9174.437899690121,Residential,buildings,5.6,7.0378,overture_buildings,0.0,625.4
ghsl_7599_cell_00732,11,50,18.907456569267392,72.83173978658868,1.0519757270812988,Residential,heuristic,0.0,0.0,overture_buildings,0.0,457.2
ghsl_7599_cell_00733,8,51,18.89919568549528,72.79853891805507,215.256010171026,Residential,heuristic,0.0,0.036,overture_buildings,0.0,457.2
ghsl_7599_cell_00734,9,51,18.89919568549528,72.80886421965326,11152.660201724619,Residential,buildings,28.6,9.725,overture_buildings,5.2,803.8
ghsl_7599_cell_00735,10,51,18.89919568549528,72.81918952125145,3241.222009025514,Civic,land_use,1.0,3.8161,overture_buildings,0.0,526.9
ghsl_7599_cell_00736,9,52,18.89093495718056,72.80664104885925,184.70034371316433,Civic,buildings,0.0,0.347,overture_buildings,0.0,457.2
ghsl_7599_cell_00737,10,52,18.890934957180562,72.81696603518112,0.29020020365715027,Residential,heuristic,0.0,0.0,overture_buildings,0.0,457.2
