cell_id,x,y,centroid_lat,centroid_lon,population,type,type_source,green_cover_pct,elevation_m,dist_to_boundary_m
ghsl_8099_cell_00000,69,0,41.01470552782573,-74.14372197894693,1764.9,Residential,land_use,0.6,101.8,441.0
ghsl_8099_cell_00001,70,0,41.014705527825726,-74.1318352098922,1622.9,Civic,land_use,12.2,79.1,499.9
ghsl_8099_cell_00002,71,0,41.01470552782573,-74.11994844083745,2303.8,Residential,land_use,0.3,88.0,499.8
ghsl_8099_cell_00003,72,0,41.014705527825726,-74.1080616717827,1767.4,Residential,land_use,4.6,75.0,441.1
ghsl_8099_cell_00004,91,0,41.014705527825726,-73.88221305974261,1058.9,Residential,heuristic,3.7,0.0,441.4
ghsl_8099_cell_00005,92,0,41.01470552782573,-73.87032629068788,2979.0,Civic,land_use,4.8,53.5,499.9
ghsl_8099_cell_00006,93,0,41.01470552782574,-73.85843952163314,2631.6,Civic,land_use,11.9,68.0,499.8
ghsl_8099_cell_00007,94,0,41.014705527825726,-73.84655275257838,1604.7,Civic,land_use,10.6,38.9,441.4
ghsl_8099_cell_00008,69,1,41.005708486211645,-74.13738277635869,1850.6,Residential,heuristic,0.0,96.2,441.1
ghsl_8099_cell_00009,70,1,41.00570848621164,-74.12549702360897,1514.6,Residential,land_use,4.4,68.2,1330.7
ghsl_8099_cell_00010,71,1,41.005708486211645,-74.11361127085924,1528.4,Residential,land_use,2.3,68.4,914.9
ghsl_8099_cell_00011,72,1,41.005708486211645,-74.10172551810955,1532.5,Residential,land_use,0.1,41.9,441.1
ghsl_8099_cell_00012,90,1,41.005708486211645,-73.88778196861463,411.4,Residential,land_use,0.0,0.0,441.4
ghsl_8099_cell_00013,91,1,41.005708486211645,-73.87589621586491,1584.8,Residential,land_use,0.1,107.4,914.2
ghsl_8099_cell_00014,92,1,41.005708486211645,-73.86401046311519,784.5,Residential,heuristic,4.4,120.8,1499.0
ghsl_8099_cell_00015,93,1,41.00570848621164,-73.85212471036549,1133.8,Residential,heuristic,5.7,56.1,1324.4
ghsl_8099_cell_00016,94,1,41.00570848621164,-73.84023895761575,1791.9,Residential,heuristic,6.2,98.2,441.5
ghsl_8099_cell_00017,68,2,40.99671190379375,-74.14293122907819,1879.9,Civic,land_use,0.2,95.0,441.1
ghsl_8099_cell_00018,69,2,40.996711903793745,-74.13104649216561,1969.7,Residential,land_use,7.8,112.5,914.9
ghsl_8099_cell_00019,70,2,40.99671190379375,-74.11916175525305,1820.4,Civic,land_use,0.5,92.1,1330.8
ghsl_8099_cell_00020,71,2,40.99671190379375,-74.10727701834048,1693.0,Residential,land_use,7.4,44.7,441.2
ghsl_8099_cell_00021,90,2,40.99671190379375,-73.88146701700161,2311.0,Residential,land_use,6.8,32.8,441.5
ghsl_8099_cell_00022,91,2,40.996711903793745,-73.86958228008905,974.7,Residential,land_use,39.1,102.4,1331.6
ghsl_8099_cell_00023,92,2,40.99671190379375,-73.85769754317647,128.1,Residential,heuristic,7.0,47.0,2207.5
ghsl_8099_cell_00024,93,2,40.996711903793745,-73.8458128062639,624.8,Green,land_use,49.4,106.1,1324.5
ghsl_8099_cell_00025,94,2,40.99671190379375,-73.83392806935132,465.7,Residential,heuristic,0.8,75.9,551.9
ghsl_8099_cell_00026,95,2,40.99671190379375,-73.82204333243875,1400.0,Residential,heuristic,1.7,123.7,441.6
ghsl_8099_cell_00027,67,3,40.98771578038483,-74.14848056776495,1836.4,Residential,land_use,0.0,90.4,441.2
ghsl_8099_cell_00028,68,3,40.98771578038483,-74.13659684622192,1825.0,Civic,land_use,1.2,86.1,914.9
ghsl_8099_cell_00029,69,3,40.98771578038484,-74.12471312467888,1747.9,Residential,heuristic,0.0,66.8,1835.7
ghsl_8099_cell_00030,70,3,40.98771578038483,-74.11282940313585,1650.9,Residential,land_use,4.1,36.1,1323.6
ghsl_8099_cell_00031,71,3,40.987715780384846,-74.1009456815928,2103.6,Residential,land_use,13.2,40.0,441.2
ghsl_8099_cell_00032,89,3,40.98771578038484,-73.88703869381818,611.5,Residential,land_use,0.3,0.0,441.5
ghsl_8099_cell_00033,90,3,40.987715780384846,-73.87515497227515,2046.4,Residential,land_use,9.0,102.6,914.1
ghsl_8099_cell_00034,91,3,40.98771578038484,-73.8632712507321,986.2,Residential,land_use,7.0,49.8,1834.8
ghsl_8099_cell_00035,92,3,40.98771578038484,-73.85138752918908,19.9,Green,land_use,43.3,52.0,2269.0
ghsl_8099_cell_00036,93,3,40.98771578038484,-73.83950380764604,803.3,Utility,land_use,1.7,45.7,1655.6
ghsl_8099_cell_00037,94,3,40.98771578038484,-73.82762008610301,2042.2,Commercial,land_use,0.0,95.9,1324.7
ghsl_8099_cell_00038,95,3,40.987715780384846,-73.81573636455998,3114.1,Residential,heuristic,0.3,101.6,551.9
ghsl_8099_cell_00039,96,3,40.98771578038484,-73.80385264301695,1914.0,Commercial,land_use,2.1,70.7,441.6
ghsl_8099_cell_00040,67,4,40.97872011579779,-74.14214808549279,1374.7,Commercial,land_use,0.0,66.2,441.2
ghsl_8099_cell_00041,68,4,40.978720115797785,-74.13026537885195,2101.3,Civic,land_use,2.9,44.3,1331.0
ghsl_8099_cell_00042,69,4,40.97872011579779,-74.11838267221111,2302.7,Commercial,land_use,0.6,45.3,2206.1
ghsl_8099_cell_00043,70,4,40.97872011579779,-74.10649996557028,1839.8,Civic,land_use,16.8,28.9,1323.7
ghsl_8099_cell_00044,71,4,40.9787201157978,-74.09461725892946,1843.7,Residential,land_use,9.6,32.3,441.3
ghsl_8099_cell_00045,88,4,40.9787201157978,-73.89261124603523,490.7,Residential,heuristic,0.7,0.0,441.5
ghsl_8099_cell_00046,89,4,40.9787201157978,-73.88072853939441,480.4,Residential,land_use,17.4,83.1,914.0
ghsl_8099_cell_00047,90,4,40.9787201157978,-73.86884583275356,1946.9,Commercial,land_use,11.0,41.4,1834.8
ghsl_8099_cell_00048,91,4,40.97872011579779,-73.85696312611272,406.5,Green,land_use,100.0,54.9,2742.2
ghsl_8099_cell_00049,92,4,40.978720115797785,-73.84508041947188,325.5,Green,land_use,64.0,58.8,2759.3
ghsl_8099_cell_00050,93,4,40.9787201157978,-73.83319771283105,3134.2,Civic,land_use,2.2,95.4,2269.3
ghsl_8099_cell_00051,94,4,40.9787201157978,-73.82131500619023,1536.2,Civic,land_use,0.1,84.9,1655.7
ghsl_8099_cell_00052,95,4,40.9787201157978,-73.8094322995494,3283.3,Residential,land_use,5.2,63.8,1324.9
ghsl_8099_cell_00053,96,4,40.9787201157978,-73.79754959290857,3363.8,Civic,land_use,4.0,87.4,551.9
ghsl_8099_cell_00054,97,4,40.97872011579779,-73.78566688626772,1864.2,Residential,land_use,6.1,96.6,499.5
ghsl_8099_cell_00055,98,4,40.97872011579779,-73.77378417962686,1692.4,Residential,land_use,0.5,81.2,441.7
ghsl_8099_cell_00056,66,5,40.96972490984562,-74.14770020969355,2080.7,Industrial,land_use,0.0,63.5,441.2
ghsl_8099_cell_00057,67,5,40.96972490984561,-74.13581851748785,1482.1,Residential,land_use,0.1,34.3,914.8
ghsl_8099_cell_00058,68,5,40.96972490984562,-74.12393682528213,2033.4,Civic,land_use,12.6,52.4,1835.7
ghsl_8099_cell_00059,69,5,40.96972490984562,-74.11205513307642,1718.2,Residential,land_use,0.0,35.7,2206.4
ghsl_8099_cell_00060,70,5,40.96972490984562,-74.10017344087073,2150.8,Residential,land_use,4.1,29.9,1323.9
ghsl_8099_cell_00061,71,5,40.96972490984562,-74.08829174866503,1764.5,Residential,land_use,1.1,31.3,551.5
ghsl_8099_cell_00062,72,5,40.969724909845624,-74.07641005645931,1166.1,Residential,land_use,0.4,25.7,441.3
ghsl_8099_cell_00063,87,5,40.96972490984562,-73.89818467337378,0.5,Residential,heuristic,0.0,0.0,441.5
ghsl_8099_cell_00064,88,5,40.969724909845624,-73.88630298116804,1844.1,Civic,land_use,16.9,78.4,914.0
ghsl_8099_cell_00065,89,5,40.96972490984562,-73.87442128896234,1568.1,Civic,land_use,0.8,50.7,1834.9
ghsl_8099_cell_00066,90,5,40.96972490984562,-73.86253959675666,1551.6,Residential,heuristic,0.0,47.6,2742.1
ghsl_8099_cell_00067,91,5,40.96972490984562,-73.85065790455094,800.4,Utility,land_use,26.9,38.5,3621.0
ghsl_8099_cell_00068,92,5,40.96972490984562,-73.83877621234524,2596.5,Residential,heuristic,0.4,97.7,3311.0
ghsl_8099_cell_00069,93,5,40.96972490984562,-73.82689452013955,3616.7,Civic,land_use,0.7,67.2,2759.6
ghsl_8099_cell_00070,94,5,40.96972490984562,-73.81501282793386,1118.2,Green,land_use,41.4,49.3,2269.6
ghsl_8099_cell_00071,95,5,40.96972490984562,-73.80313113572814,836.7,Green,land_use,50.9,80.7,1655.8
ghsl_8099_cell_00072,96,5,40.96972490984562,-73.79124944352243,1944.0,Residential,heuristic,0.9,72.2,1498.5
ghsl_8099_cell_00073,97,5,40.96972490984562,-73.77936775131674,1404.0,Residential,land_use,2.2,74.6,1325.2
ghsl_8099_cell_00074,98,5,40.96972490984562,-73.76748605911101,705.2,Green,land_use,62.4,65.2,552.0
ghsl_8099_cell_00075,99,5,40.969724909845624,-73.75560436690532,379.3,Residential,land_use,8.3,57.9,441.8
ghsl_8099_cell_00076,102,5,40.96972490984562,-73.71995929028822,3715.0,Civic,land_use,7.3,29.0,441.8
ghsl_8099_cell_00077,103,5,40.96972490984562,-73.7080775980825,2488.3,Civic,land_use,9.7,11.5,441.8
ghsl_8099_cell_00078,64,6,40.96073016234138,-74.16513389677725,1979.6,Civic,land_use,0.6,100.9,441.2
ghsl_8099_cell_00079,65,6,40.960730162341385,-74.15325321853987,3227.6,Industrial,land_use,0.0,37.0,499.5
ghsl_8099_cell_00080,66,6,40.960730162341385,-74.14137254030251,2223.4,Civic,land_use,0.6,50.0,914.7
ghsl_8099_cell_00081,67,6,40.96073016234138,-74.12949186206514,1852.3,Residential,heuristic,5.8,34.0,1835.8
ghsl_8099_cell_00082,68,6,40.960730162341385,-74.11761118382778,2239.4,Residential,land_use,1.4,43.8,2744.2
ghsl_8099_cell_00083,69,6,40.960730162341385,-74.10573050559039,1253.3,Civic,land_use,2.1,24.2,2267.5
ghsl_8099_cell_00084,70,6,40.960730162341385,-74.09384982735303,1585.2,Residential,land_use,14.6,22.4,1654.6
ghsl_8099_cell_00085,71,6,40.960730162341385,-74.08196914911566,986.2,Residential,land_use,7.1,21.0,1324.1
ghsl_8099_cell_00086,72,6,40.96073016234138,-74.07008847087829,314.7,Commercial,land_use,2.8,17.9,551.6
ghsl_8099_cell_00087,73,6,40.96073016234138,-74.05820779264093,1235.8,Residential,land_use,2.1,32.2,499.5
ghsl_8099_cell_00088,74,6,40.960730162341385,-74.04632711440357,1736.6,Residential,land_use,2.5,31.8,441.4
ghsl_8099_cell_00089,80,6,40.960730162341385,-73.97504304497934,1636.0,Civic,land_use,10.9,40.4,441.5
ghsl_8099_cell_00090,86,6,40.960730162341385,-73.90375897555514,79.2,Residential,heuristic,0.0,0.0,441.6
ghsl_8099_cell_00091,87,6,40.960730162341385,-73.89187829731776,2855.5,Civic,land_use,0.0,41.0,914.0
ghsl_8099_cell_00092,88,6,40.960730162341385,-73.87999761908037,4649.3,Civic,land_use,1.5,111.9,1834.9
ghsl_8099_cell_00093,89,6,40.960730162341385,-73.86811694084302,2675.3,Residential,heuristic,1.6,49.5,2742.0
ghsl_8099_cell_00094,90,6,40.960730162341385,-73.85623626260565,564.6,Commercial,land_use,7.5,91.4,3621.0
ghsl_8099_cell_00095,91,6,40.96073016234138,-73.84435558436829,3727.5,Commercial,land_use,0.2,82.0,4383.2
ghsl_8099_cell_00096,92,6,40.960730162341385,-73.83247490613091,2298.7,Residential,heuristic,0.2,90.5,3863.4
ghsl_8099_cell_00097,93,6,40.960730162341385,-73.82059422789354,3265.5,Residential,heuristic,0.3,38.2,3311.4
ghsl_8099_cell_00098,94,6,40.960730162341385,-73.80871354965616,2790.9,Utility,land_use,2.0,83.5,2759.8
ghsl_8099_cell_00099,95,6,40.960730162341385,-73.7968328714188,901.5,Residential,heuristic,2.5,75.8,2503.4
ghsl_8099_cell_00100,96,6,40.960730162341385,-73.78495219318144,984.3,Residential,heuristic,30.3,64.2,2270.1
ghsl_8099_cell_00101,97,6,40.96073016234138,-73.77307151494406,1118.6,Residential,land_use,0.5,67.8,1656.0
ghsl_8099_cell_00102,98,6,40.960730162341385,-73.76119083670669,558.9,Utility,land_use,3.7,55.3,1325.4
ghsl_8099_cell_00103,99,6,40.960730162341385,-73.74931015846933,291.6,Green,land_use,100.0,45.0,552.1
ghsl_8099_cell_00104,100,6,40.960730162341385,-73.73742948023194,2758.4,Residential,land_use,38.9,13.7,499.5
ghsl_8099_cell_00105,101,6,40.960730162341385,-73.72554880199459,3425.3,Residential,heuristic,9.0,32.6,499.5
ghsl_8099_cell_00106,102,6,40.960730162341385,-73.71366812375722,2349.9,Residential,heuristic,8.0,14.6,441.9
ghsl_8099_cell_00107,63,7,40.95173587309823,-74.17068677648344,971.5,Residential,land_use,0.4,118.2,441.3
ghsl_8099_cell_00108,64,7,40.95173587309822,-74.15880711174788,2636.9,Residential,land_use,7.2,25.8,914.7
ghsl_8099_cell_00109,65,7,40.95173587309822,-74.14692744701232,2755.4,Industrial,land_use,8.4,31.6,1527.8
ghsl_8099_cell_00110,66,7,40.95173587309822,-74.13504778227676,976.4,Residential,land_use,6.0,36.0,1982.9
ghsl_8099_cell_00111,67,7,40.95173587309822,-74.1231681175412,1778.9,Civic,land_use,3.6,35.5,2744.1
ghsl_8099_cell_00112,68,7,40.95173587309822,-74.11128845280564,2397.4,Commercial,land_use,0.3,26.9,3308.2
ghsl_8099_cell_00113,69,7,40.95173587309822,-74.09940878807008,498.5,Residential,land_use,6.9,46.1,2757.6
ghsl_8099_cell_00114,70,7,40.95173587309822,-74.0875291233345,363.6,Residential,land_use,36.4,35.1,2267.8
ghsl_8099_cell_00115,71,7,40.95173587309822,-74.07564945859896,1071.8,Residential,land_use,0.3,30.9,1654.7
ghsl_8099_cell_00116,72,7,40.95173587309822,-74.06376979386337,1133.7,Civic,land_use,11.2,35.7,1498.3
ghsl_8099_cell_00117,73,7,40.95173587309823,-74.05189012912781,1836.1,Residential,land_use,0.5,27.4,1324.3
ghsl_8099_cell_00118,74,7,40.95173587309822,-74.04001046439225,1886.2,Residential,land_use,11.6,31.8,551.6
ghsl_8099_cell_00119,75,7,40.95173587309822,-74.0281307996567,1847.7,Residential,land_use,1.3,24.2,499.6
ghsl_8099_cell_00120,76,7,40.95173587309823,-74.01625113492113,2309.7,Residential,land_use,2.1,15.6,499.8
ghsl_8099_cell_00121,77,7,40.95173587309822,-74.00437147018559,1808.9,Green,land_use,42.1,25.1,499.8
ghsl_8099_cell_00122,78,7,40.95173587309822,-73.99249180545002,2736.1,Civic,land_use,1.0,32.2,499.7
ghsl_8099_cell_00123,79,7,40.95173587309822,-73.98061214071444,2957.3,Residential,heuristic,0.1,40.2,499.5
ghsl_8099_cell_00124,80,7,40.95173587309822,-73.96873247597888,1797.4,Civic,land_use,4.6,26.3,441.5
ghsl_8099_cell_00125,86,7,40.95173587309822,-73.89745448756551,5843.5,Civic,land_use,9.9,20.3,441.6
ghsl_8099_cell_00126,87,7,40.95173587309823,-73.88557482282994,4949.7,Civic,land_use,4.4,120.2,1332.2
ghsl_8099_cell_00127,88,7,40.95173587309823,-73.87369515809438,4447.1,Civic,land_use,0.1,49.4,2290.4
ghsl_8099_cell_00128,89,7,40.95173587309822,-73.86181549335882,2024.0,Residential,heuristic,4.5,78.3,3273.9
ghsl_8099_cell_00129,90,7,40.95173587309822,-73.84993582862326,2065.1,Residential,heuristic,1.8,34.7,4265.1
ghsl_8099_cell_00130,91,7,40.95173587309823,-73.83805616388769,4383.1,Civic,land_use,2.7,69.5,4967.2
ghsl_8099_cell_00131,92,7,40.95173587309822,-73.82617649915211,4394.8,Civic,land_use,5.4,41.6,4383.8
ghsl_8099_cell_00132,93,7,40.95173587309822,-73.81429683441657,3264.5,Civic,land_use,0.2,66.0,3863.7
ghsl_8099_cell_00133,94,7,40.95173587309822,-73.80241716968102,1347.3,Green,land_use,60.3,52.7,3555.1
ghsl_8099_cell_00134,95,7,40.95173587309822,-73.79053750494545,1012.1,Green,land_use,92.4,52.2,3312.0
ghsl_8099_cell_00135,96,7,40.95173587309822,-73.7786578402099,968.4,Residential,land_use,30.6,59.3,2760.1
ghsl_8099_cell_00136,97,7,40.95173587309822,-73.76677817547431,670.0,Green,land_use,70.9,28.9,2270.4
ghsl_8099_cell_00137,98,7,40.95173587309822,-73.75489851073877,950.4,Residential,land_use,1.5,36.2,1656.2
ghsl_8099_cell_00138,99,7,40.95173587309822,-73.7430188460032,3392.8,Residential,land_use,8.7,9.4,1498.3
ghsl_8099_cell_00139,100,7,40.95173587309823,-73.73113918126762,3192.7,Residential,land_use,2.5,17.8,1332.7
ghsl_8099_cell_00140,101,7,40.95173587309823,-73.71925951653208,1554.7,Residential,land_use,15.5,17.4,441.9
ghsl_8099_cell_00141,60,8,40.942742041929435,-74.19999784413403,2058.7,Civic,land_use,0.1,149.4,441.3
ghsl_8099_cell_00142,61,8,40.94274204192943,-74.18811919243403,2275.6,Industrial,land_use,7.1,88.6,499.5
ghsl_8099_cell_00143,62,8,40.94274204192944,-74.17624054073401,1714.7,Civic,land_use,13.5,41.4,499.4
ghsl_8099_cell_00144,63,8,40.942742041929435,-74.16436188903398,1662.8,Green,land_use,50.3,22.4,914.7
ghsl_8099_cell_00145,64,8,40.942742041929435,-74.15248323733397,2720.6,Industrial,land_use,5.9,19.4,1835.8
ghsl_8099_cell_00146,65,8,40.942742041929435,-74.14060458563397,2074.0,Residential,land_use,2.2,20.1,2631.7
ghsl_8099_cell_00147,66,8,40.942742041929435,-74.12872593393396,2551.1,Residential,land_use,13.7,27.9,3096.6
ghsl_8099_cell_00148,67,8,40.942742041929435,-74.11684728223393,3243.0,Residential,land_use,13.2,33.0,3775.2
ghsl_8099_cell_00149,68,8,40.942742041929435,-74.10496863053392,2930.2,Residential,heuristic,0.4,29.3,3860.7
ghsl_8099_cell_00150,69,8,40.94274204192944,-74.09308997883393,514.8,Green,land_use,48.9,21.8,3308.7
ghsl_8099_cell_00151,70,8,40.94274204192943,-74.0812113271339,29.0,Green,land_use,100.0,33.4,2757.8
ghsl_8099_cell_00152,71,8,40.942742041929435,-74.06933267543388,973.2,Residential,land_use,3.8,19.8,2502.9
ghsl_8099_cell_00153,72,8,40.94274204192943,-74.05745402373387,1974.7,Residential,land_use,0.3,53.2,2268.2
ghsl_8099_cell_00154,73,8,40.94274204192944,-74.04557537203387,2220.3,Residential,land_use,1.4,24.4,1654.9
ghsl_8099_cell_00155,74,8,40.942742041929435,-74.03369672033385,2217.3,Residential,land_use,11.0,33.9,1498.3
ghsl_8099_cell_00156,75,8,40.942742041929435,-74.02181806863383,2111.5,Residential,land_use,14.3,10.4,1498.5
ghsl_8099_cell_00157,76,8,40.942742041929435,-74.00993941693383,3243.4,Civic,land_use,3.3,13.8,1498.6
ghsl_8099_cell_00158,77,8,40.942742041929435,-73.99806076523382,3868.7,Civic,land_use,3.8,25.2,1498.6
ghsl_8099_cell_00159,78,8,40.94274204192943,-73.9861821135338,3680.3,Residential,heuristic,8.1,45.2,1498.4
ghsl_8099_cell_00160,79,8,40.942742041929435,-73.97430346183377,3306.7,Residential,heuristic,2.5,50.7,1324.7
ghsl_8099_cell_00161,80,8,40.942742041929435,-73.96242481013377,1778.2,Residential,land_use,7.7,15.3,441.6
ghsl_8099_cell_00162,85,8,40.942742041929435,-73.9030315516337,3028.7,Industrial,land_use,0.1,0.0,441.7
ghsl_8099_cell_00163,86,8,40.942742041929435,-73.89115289993367,10308.0,Civic,land_use,2.0,93.7,913.9
ghsl_8099_cell_00164,87,8,40.942742041929435,-73.87927424823367,3213.9,Green,land_use,71.5,65.4,1834.9
ghsl_8099_cell_00165,88,8,40.942742041929435,-73.86739559653365,3237.4,Civic,land_use,6.7,96.5,2810.6
ghsl_8099_cell_00166,89,8,40.942742041929435,-73.85551694483364,2120.8,Residential,heuristic,0.2,79.8,3799.1
ghsl_8099_cell_00167,90,8,40.942742041929435,-73.84363829313364,3602.4,Residential,land_use,2.8,36.8,4792.5
ghsl_8099_cell_00168,91,8,40.942742041929435,-73.83175964143364,3057.0,Civic,land_use,10.2,62.8,5468.7
ghsl_8099_cell_00169,92,8,40.942742041929435,-73.81988098973362,2179.5,Civic,land_use,5.1,70.6,4967.6
ghsl_8099_cell_00170,93,8,40.942742041929435,-73.80800233803359,978.7,Green,land_use,65.1,52.2,4631.2
ghsl_8099_cell_00171,94,8,40.94274204192943,-73.79612368633356,1784.8,Utility,land_use,4.5,53.9,4384.5
ghsl_8099_cell_00172,95,8,40.94274204192944,-73.78424503463357,987.8,Utility,land_use,24.3,61.6,3864.1
ghsl_8099_cell_00173,96,8,40.942742041929435,-73.77236638293355,1841.2,Residential,land_use,0.5,52.9,3312.4
ghsl_8099_cell_00174,97,8,40.942742041929435,-73.76048773123355,2398.1,Residential,land_use,0.3,34.0,2760.3
ghsl_8099_cell_00175,98,8,40.942742041929435,-73.74860907953354,3141.7,Civic,land_use,5.9,19.8,2503.3
ghsl_8099_cell_00176,99,8,40.942742041929435,-73.7367304278335,1957.6,Residential,land_use,21.3,5.0,1834.4
ghsl_8099_cell_00177,100,8,40.94274204192943,-73.72485177613349,442.7,Residential,heuristic,6.9,0.0,913.4
ghsl_8099_cell_00178,101,8,40.942742041929435,-73.71297312443349,100.4,Residential,land_use,1.1,0.0,441.9
ghsl_8099_cell_00179,60,9,40.93374866864837,-74.19367282837597,2021.2,Civic,land_use,1.0,118.2,441.3
ghsl_8099_cell_00180,61,9,40.93374866864836,-74.18179518924552,6930.3,Residential,land_use,2.9,46.3,1331.4
ghsl_8099_cell_00181,62,9,40.93374866864836,-74.16991755011507,6523.7,Industrial,land_use,0.0,42.8,1527.6
ghsl_8099_cell_00182,63,9,40.93374866864837,-74.15803991098463,5647.2,Industrial,land_use,1.1,18.9,1982.7
ghsl_8099_cell_00183,64,9,40.93374866864837,-74.14616227185417,7863.1,Industrial,land_use,17.1,49.0,2744.1
ghsl_8099_cell_00184,65,9,40.93374866864837,-74.1342846327237,2973.6,Residential,land_use,1.4,22.7,3623.5
ghsl_8099_cell_00185,66,9,40.93374866864837,-74.12240699359327,2151.6,Residential,land_use,10.7,25.9,4219.8
ghsl_8099_cell_00186,67,9,40.93374866864837,-74.1105293544628,3020.7,Residential,heuristic,9.4,26.3,4851.2
ghsl_8099_cell_00187,68,9,40.93374866864837,-74.09865171533237,1918.9,Residential,land_use,12.4,19.9,4380.2
ghsl_8099_cell_00188,69,9,40.93374866864837,-74.0867740762019,746.5,Residential,land_use,5.6,54.0,3861.0
ghsl_8099_cell_00189,70,9,40.93374866864836,-74.07489643707144,424.4,Commercial,land_use,0.9,15.1,3553.7
ghsl_8099_cell_00190,71,9,40.93374866864837,-74.063018797941,1730.3,Residential,land_use,2.0,50.8,3309.2
ghsl_8099_cell_00191,72,9,40.93374866864836,-74.05114115881057,1335.8,Residential,land_use,2.6,19.5,2758.1
ghsl_8099_cell_00192,73,9,40.93374866864837,-74.03926351968009,2414.6,Residential,land_use,8.3,21.1,2502.8
ghsl_8099_cell_00193,74,9,40.93374866864837,-74.02738588054963,2486.2,Residential,land_use,0.0,3.5,2497.2
ghsl_8099_cell_00194,75,9,40.93374866864836,-74.01550824141918,2959.5,Residential,land_use,3.2,23.4,2497.3
ghsl_8099_cell_00195,76,9,40.93374866864836,-74.00363060228872,3305.0,Residential,heuristic,13.0,24.2,2497.3
ghsl_8099_cell_00196,77,9,40.93374866864836,-73.99175296315826,4150.1,Civic,land_use,3.6,32.4,2497.2
ghsl_8099_cell_00197,78,9,40.93374866864837,-73.97987532402783,3338.5,Civic,land_use,5.7,41.8,2208.1
ghsl_8099_cell_00198,79,9,40.93374866864837,-73.96799768489737,2602.7,Industrial,land_use,33.8,16.1,1324.9
ghsl_8099_cell_00199,80,9,40.93374866864837,-73.95612004576692,1605.9,Industrial,land_use,0.5,31.9,551.8
ghsl_8099_cell_00200,81,9,40.93374866864837,-73.94424240663646,643.7,Residential,land_use,2.1,97.2,441.7
ghsl_8099_cell_00201,84,9,40.93374866864837,-73.90860948924511,3051.8,Residential,land_use,0.1,0.0,441.7
ghsl_8099_cell_00202,85,9,40.93374866864836,-73.89673185011465,14483.0,Civic,land_use,5.8,19.4,913.9
ghsl_8099_cell_00203,86,9,40.93374866864837,-73.8848542109842,9664.2,Green,land_use,50.4,84.2,1834.9
ghsl_8099_cell_00204,87,9,40.93374866864836,-73.87297657185373,949.3,Industrial,land_use,9.6,48.3,2741.6
ghsl_8099_cell_00205,88,9,40.93374866864837,-73.86109893272328,3021.0,Commercial,land_use,2.5,83.6,3620.8
ghsl_8099_cell_00206,89,9,40.93374866864837,-73.84922129359285,3412.1,Civic,land_use,0.6,64.8,4550.2
ghsl_8099_cell_00207,90,9,40.93374866864837,-73.83734365446237,3339.9,Residential,land_use,14.7,43.7,5504.6
ghsl_8099_cell_00208,91,9,40.93374866864837,-73.82546601533193,1791.9,Residential,land_use,13.1,55.8,5670.7
ghsl_8099_cell_00209,92,9,40.93374866864837,-73.81358837620147,1737.7,Residential,land_use,7.1,62.3,5432.7
ghsl_8099_cell_00210,93,9,40.93374866864837,-73.80171073707103,1469.6,Green,land_use,100.0,28.6,4567.4
ghsl_8099_cell_00211,94,9,40.93374866864836,-73.78983309794056,1485.4,Residential,heuristic,12.0,31.0,3769.4
ghsl_8099_cell_00212,95,9,40.93374866864837,-73.77795545881011,1416.7,Civic,land_use,20.2,29.2,3091.7
ghsl_8099_cell_00213,96,9,40.93374866864836,-73.76607781967967,3074.7,Commercial,land_use,3.4,19.6,2628.8
ghsl_8099_cell_00214,97,9,40.93374866864837,-73.75420018054922,2869.1,Residential,land_use,7.3,27.5,1979.6
ghsl_8099_cell_00215,98,9,40.93374866864836,-73.74232254141876,666.7,Green,land_use,62.3,14.1,1526.5
ghsl_8099_cell_00216,99,9,40.93374866864837,-73.73044490228831,652.9,Residential,land_use,4.4,18.3,913.4
ghsl_8099_cell_00217,100,9,40.93374866864836,-73.71856726315785,48.3,Residential,land_use,13.3,0.0,442.0
ghsl_8099_cell_00218,59,10,40.92475575306845,-74.19922734876155,3298.5,Civic,land_use,0.1,73.7,441.4
ghsl_8099_cell_00219,60,10,40.92475575306845,-74.18735072173494,9265.2,Residential,heuristic,2.9,44.6,914.7
ghsl_8099_cell_00220,61,10,40.92475575306845,-74.17547409470833,8991.8,Residential,land_use,3.2,22.9,1835.9
ghsl_8099_cell_00221,62,10,40.92475575306845,-74.16359746768174,7396.4,Residential,heuristic,2.5,15.5,2631.4
ghsl_8099_cell_00222,63,10,40.92475575306846,-74.15172084065512,10213.4,Industrial,land_use,0.5,29.4,3096.3
ghsl_8099_cell_00223,64,10,40.924755753068446,-74.1398442136285,4418.3,Civic,land_use,0.4,13.8,3774.9
ghsl_8099_cell_00224,65,10,40.924755753068446,-74.1279675866019,3194.5,Civic,land_use,2.9,18.0,4573.2
ghsl_8099_cell_00225,66,10,40.924755753068446,-74.11609095957529,2683.1,Residential,land_use,0.1,22.7,5346.4
ghsl_8099_cell_00226,67,10,40.924755753068446,-74.10421433254868,3339.8,Residential,land_use,2.1,22.4,5464.3
ghsl_8099_cell_00227,68,10,40.92475575306846,-74.09233770552207,1849.8,Residential,land_use,7.8,16.7,4964.1
ghsl_8099_cell_00228,69,10,40.92475575306846,-74.08046107849545,87.9,Green,land_use,76.9,26.5,4628.9
ghsl_8099_cell_00229,70,10,40.924755753068446,-74.06858445146885,1246.2,Residential,land_use,0.3,29.4,4380.9
ghsl_8099_cell_00230,71,10,40.92475575306846,-74.05670782444223,1386.7,Residential,land_use,19.8,16.9,3861.4
ghsl_8099_cell_00231,72,10,40.92475575306846,-74.04483119741562,2049.6,Residential,land_use,53.9,30.1,3553.8
ghsl_8099_cell_00232,73,10,40.924755753068446,-74.032954570389,1823.3,Residential,land_use,15.9,12.3,3495.7
ghsl_8099_cell_00233,74,10,40.924755753068446,-74.02107794336239,4759.3,Residential,land_use,0.0,12.0,3496.0
ghsl_8099_cell_00234,75,10,40.924755753068446,-74.00920131633578,4192.5,Civic,land_use,5.9,27.9,3496.0
ghsl_8099_cell_00235,76,10,40.924755753068446,-73.99732468930917,4342.2,Civic,land_use,0.0,26.1,3496.0
ghsl_8099_cell_00236,77,10,40.92475575306845,-73.98544806228254,4002.9,Residential,heuristic,0.0,38.6,3092.0
ghsl_8099_cell_00237,78,10,40.92475575306845,-73.97357143525595,2501.0,Residential,heuristic,0.8,30.2,2269.3
ghsl_8099_cell_00238,79,10,40.924755753068446,-73.96169480822931,1619.3,Civic,land_use,0.7,33.0,1655.3
ghsl_8099_cell_00239,80,10,40.92475575306845,-73.9498181812027,883.7,Residential,heuristic,0.0,80.1,1325.1
ghsl_8099_cell_00240,81,10,40.92475575306845,-73.9379415541761,82.4,Green,land_use,60.5,135.9,551.8
ghsl_8099_cell_00241,82,10,40.92475575306846,-73.9260649271495,2.2,Utility,land_use,3.4,0.0,499.4
ghsl_8099_cell_00242,83,10,40.92475575306845,-73.91418830012286,323.0,Residential,heuristic,0.0,0.0,499.4
ghsl_8099_cell_00243,84,10,40.92475575306845,-73.90231167309625,12580.4,Civic,land_use,3.0,15.6,913.8
ghsl_8099_cell_00244,85,10,40.92475575306845,-73.89043504606965,5390.0,Civic,land_use,7.6,94.0,1834.9
ghsl_8099_cell_00245,86,10,40.924755753068446,-73.87855841904302,1285.6,Green,land_use,85.0,35.1,2741.5
ghsl_8099_cell_00246,87,10,40.924755753068446,-73.86668179201641,4379.8,Civic,land_use,0.2,82.8,3620.7
ghsl_8099_cell_00247,88,10,40.924755753068446,-73.85480516498981,4214.6,Commercial,land_use,2.9,55.4,4550.3
ghsl_8099_cell_00248,89,10,40.92475575306846,-73.84292853796319,8357.2,Residential,land_use,3.8,28.2,5338.9
ghsl_8099_cell_00249,90,10,40.924755753068446,-73.8310519109366,4866.8,Residential,land_use,1.4,46.6,4871.8
ghsl_8099_cell_00250,91,10,40.92475575306846,-73.81917528390997,1931.5,Civic,land_use,3.4,46.1,4579.1
ghsl_8099_cell_00251,92,10,40.92475575306846,-73.80729865688338,2983.7,Civic,land_use,11.9,30.3,4493.4
ghsl_8099_cell_00252,93,10,40.924755753068446,-73.79542202985674,4584.5,Residential,land_use,0.7,46.5,3619.6
ghsl_8099_cell_00253,94,10,40.92475575306846,-73.78354540283014,3402.1,Civic,land_use,1.7,15.6,2740.3
ghsl_8099_cell_00254,95,10,40.924755753068446,-73.77166877580352,2876.9,Residential,land_use,6.2,14.6,1979.6
ghsl_8099_cell_00255,96,10,40.92475575306846,-73.75979214877691,2405.5,Commercial,land_use,11.4,8.4,1526.5
ghsl_8099_cell_00256,97,10,40.924755753068446,-73.74791552175029,1390.3,Residential,land_use,7.1,15.5,913.4
ghsl_8099_cell_00257,98,10,40.924755753068446,-73.73603889472366,72.6,Residential,heuristic,0.1,0.0,499.3
ghsl_8099_cell_00258,99,10,40.924755753068446,-73.72416226769707,43.7,Residential,heuristic,0.1,0.0,442.0
ghsl_8099_cell_00259,58,11,40.91576329500324,-74.20478275330787,2684.3,Industrial,land_use,5.1,54.5,441.4
ghsl_8099_cell_00260,59,11,40.915763295003224,-74.19290713791963,5340.7,Civic,land_use,14.8,41.9,914.7
ghsl_8099_cell_00261,60,11,40.91576329500324,-74.18103152253143,9686.3,Civic,land_use,5.2,37.2,1836.0
ghsl_8099_cell_00262,61,11,40.915763295003224,-74.16915590714319,5908.7,Civic,land_use,6.4,29.2,2744.0
ghsl_8099_cell_00263,62,11,40.91576329500323,-74.15728029175499,12397.8,Civic,land_use,1.6,36.0,3623.5
ghsl_8099_cell_00264,63,11,40.915763295003224,-74.14540467636675,10213.2,Residential,heuristic,0.3,24.5,4219.3
ghsl_8099_cell_00265,64,11,40.91576329500323,-74.13352906097855,2583.9,Residential,heuristic,27.6,15.7,4850.8
ghsl_8099_cell_00266,65,11,40.915763295003224,-74.1216534455903,4220.5,Residential,land_use,0.9,20.9,5590.9
ghsl_8099_cell_00267,66,11,40.91576329500323,-74.10977783020209,3053.0,Industrial,land_use,1.5,18.7,6402.2
ghsl_8099_cell_00268,67,11,40.91576329500324,-74.09790221481387,3108.0,Residential,land_use,3.6,16.9,6067.3
ghsl_8099_cell_00269,68,11,40.91576329500323,-74.08602659942564,1883.0,Residential,land_use,19.5,17.4,5714.8
ghsl_8099_cell_00270,69,11,40.91576329500323,-74.07415098403742,900.4,Commercial,land_use,4.8,13.9,5465.1
ghsl_8099_cell_00271,70,11,40.91576329500324,-74.0622753686492,1383.3,Commercial,land_use,9.3,20.0,4964.7
ghsl_8099_cell_00272,71,11,40.91576329500323,-74.05039975326096,894.4,Commercial,land_use,2.4,23.5,4629.1
ghsl_8099_cell_00273,72,11,40.91576329500323,-74.03852413787276,3325.8,Residential,land_use,0.0,34.9,4495.6
ghsl_8099_cell_00274,73,11,40.91576329500323,-74.02664852248454,1664.9,Residential,land_use,12.2,15.0,4494.5
ghsl_8099_cell_00275,74,11,40.91576329500323,-74.01477290709629,3509.7,Residential,land_use,1.5,35.3,4494.7
ghsl_8099_cell_00276,75,11,40.91576329500324,-74.00289729170808,2898.4,Industrial,land_use,6.9,26.8,4494.7
ghsl_8099_cell_00277,76,11,40.915763295003224,-73.99102167631986,3154.7,Residential,land_use,0.9,36.7,4038.6
ghsl_8099_cell_00278,77,11,40.91576329500323,-73.97914606093164,1542.5,Residential,land_use,66.5,45.8,3310.7
ghsl_8099_cell_00279,78,11,40.915763295003224,-73.96727044554342,2521.5,Residential,heuristic,7.9,27.5,2758.9
ghsl_8099_cell_00280,79,11,40.915763295003224,-73.9553948301552,1363.0,Residential,land_use,3.1,56.2,2269.6
ghsl_8099_cell_00281,80,11,40.91576329500323,-73.94351921476697,373.9,Residential,heuristic,2.2,145.2,1655.5
ghsl_8099_cell_00282,81,11,40.91576329500323,-73.93164359937875,0.0,Green,land_use,49.5,130.3,1498.0
ghsl_8099_cell_00283,82,11,40.91576329500323,-73.91976798399051,0.0,Unbuilt,heuristic,0.0,0.0,1498.0
ghsl_8099_cell_00284,83,11,40.91576329500323,-73.9078923686023,4405.7,Civic,land_use,4.5,35.1,1526.8
ghsl_8099_cell_00285,84,11,40.91576329500324,-73.89601675321408,15990.7,Civic,land_use,2.5,36.7,1980.6
ghsl_8099_cell_00286,85,11,40.91576329500323,-73.88414113782586,3194.2,Residential,heuristic,5.2,36.3,2741.4
ghsl_8099_cell_00287,86,11,40.91576329500324,-73.87226552243763,1833.6,Residential,land_use,27.5,89.0,3620.7
ghsl_8099_cell_00288,87,11,40.915763295003224,-73.86038990704942,4292.7,Residential,land_use,4.0,61.0,4550.3
ghsl_8099_cell_00289,88,11,40.91576329500323,-73.8485142916612,7844.3,Civic,land_use,0.6,30.2,4843.8
ghsl_8099_cell_00290,89,11,40.915763295003224,-73.83663867627297,10818.9,Civic,land_use,2.6,33.7,4213.3
ghsl_8099_cell_00291,90,11,40.915763295003224,-73.82476306088473,6910.3,Residential,land_use,0.0,41.2,3747.5
ghsl_8099_cell_00292,91,11,40.91576329500323,-73.81288744549653,5202.7,Civic,land_use,20.2,14.4,3512.5
ghsl_8099_cell_00293,92,11,40.915763295003224,-73.80101183010831,4424.5,Residential,heuristic,6.1,36.0,3494.7
ghsl_8099_cell_00294,93,11,40.91576329500323,-73.78913621472007,7972.8,Civic,land_use,4.0,21.6,2740.2
ghsl_8099_cell_00295,94,11,40.915763295003224,-73.77726059933187,3334.8,Commercial,land_use,9.7,12.2,1834.6
ghsl_8099_cell_00296,95,11,40.915763295003224,-73.76538498394362,1230.0,Residential,land_use,9.8,0.0,913.4
ghsl_8099_cell_00297,96,11,40.915763295003224,-73.75350936855543,401.4,Residential,land_use,4.8,9.8,499.3
ghsl_8099_cell_00298,97,11,40.91576329500324,-73.74163375316718,147.7,Civic,land_use,5.8,0.0,442.0
ghsl_8099_cell_00299,57,12,40.90677129426634,-74.21033904173231,3041.7,Residential,land_use,6.0,78.0,441.4
ghsl_8099_cell_00300,58,12,40.90677129426634,-74.19846443751729,2930.5,Residential,heuristic,16.9,38.7,914.6
ghsl_8099_cell_00301,59,12,40.90677129426633,-74.18658983330226,4600.5,Residential,land_use,9.5,56.9,1836.0
ghsl_8099_cell_00302,60,12,40.906771294266335,-74.17471522908727,2980.5,Civic,land_use,11.3,114.2,2743.9
ghsl_8099_cell_00303,61,12,40.906771294266335,-74.16284062487226,6969.6,Civic,land_use,3.6,36.8,3623.5
ghsl_8099_cell_00304,62,12,40.906771294266335,-74.15096602065725,10134.6,Industrial,land_use,0.3,29.1,4553.2
ghsl_8099_cell_00305,63,12,40.906771294266335,-74.13909141644224,4737.1,Industrial,land_use,1.3,22.7,5345.8
ghsl_8099_cell_00306,64,12,40.906771294266335,-74.12721681222719,3388.5,Industrial,land_use,9.8,17.1,5947.2
ghsl_8099_cell_00307,65,12,40.90677129426633,-74.1153422080122,3215.5,Residential,land_use,0.5,15.7,6645.4
ghsl_8099_cell_00308,66,12,40.90677129426634,-74.10346760379718,791.9,Industrial,land_use,1.6,14.5,7170.5
ghsl_8099_cell_00309,67,12,40.90677129426633,-74.09159299958216,1948.1,Residential,land_use,7.7,15.5,6806.3
ghsl_8099_cell_00310,68,12,40.906771294266335,-74.07971839536715,2274.0,Green,land_use,100.0,20.0,6555.8
ghsl_8099_cell_00311,69,12,40.906771294266335,-74.06784379115214,2803.9,Residential,land_use,1.1,30.4,6068.0
ghsl_8099_cell_00312,70,12,40.906771294266335,-74.05596918693713,2811.5,Residential,land_use,11.4,23.3,5715.1
ghsl_8099_cell_00313,71,12,40.906771294266335,-74.0440945827221,3800.7,Residential,land_use,0.1,14.0,5523.2
ghsl_8099_cell_00314,72,12,40.90677129426633,-74.0322199785071,502.1,Commercial,land_use,32.0,7.5,5493.0
ghsl_8099_cell_00315,73,12,40.906771294266335,-74.02034537429208,2285.4,Residential,land_use,9.3,30.1,5493.2
ghsl_8099_cell_00316,74,12,40.90677129426633,-74.00847077007705,3014.2,Residential,land_use,0.0,41.2,5493.3
ghsl_8099_cell_00317,75,12,40.90677129426633,-73.99659616586204,2993.1,Residential,land_use,2.5,35.6,5049.5
ghsl_8099_cell_00318,76,12,40.906771294266335,-73.98472156164704,2738.0,Residential,land_use,12.5,19.3,4382.6
ghsl_8099_cell_00319,77,12,40.906771294266335,-73.97284695743203,3041.6,Civic,land_use,5.5,22.4,3862.5
ghsl_8099_cell_00320,78,12,40.906771294266335,-73.960972353217,1086.0,Residential,heuristic,0.2,39.0,3311.1
ghsl_8099_cell_00321,79,12,40.906771294266335,-73.94909774900201,794.0,Residential,heuristic,0.5,131.9,2759.1
ghsl_8099_cell_00322,80,12,40.90677129426633,-73.93722314478698,50.2,Residential,heuristic,0.0,135.6,2502.6
ghsl_8099_cell_00323,81,12,40.906771294266335,-73.92534854057197,0.0,Unbuilt,heuristic,0.0,0.0,2496.6
ghsl_8099_cell_00324,82,12,40.906771294266335,-73.91347393635694,2030.6,Civic,land_use,5.5,0.0,2496.6
ghsl_8099_cell_00325,83,12,40.906771294266335,-73.90159933214193,9997.4,Residential,land_use,2.1,36.0,2629.5
ghsl_8099_cell_00326,84,12,40.906771294266335,-73.8897247279269,2894.1,Utility,land_use,17.3,67.5,3092.9
ghsl_8099_cell_00327,85,12,40.906771294266335,-73.8778501237119,3992.5,Commercial,land_use,5.1,67.1,3770.9
ghsl_8099_cell_00328,86,12,40.906771294266335,-73.86597551949687,4716.3,Residential,land_use,1.0,70.7,4568.8
ghsl_8099_cell_00329,87,12,40.906771294266335,-73.85410091528189,8215.4,Residential,heuristic,0.3,31.3,4567.4
ghsl_8099_cell_00330,88,12,40.906771294266335,-73.84222631106687,10669.2,Residential,land_use,0.5,43.6,3769.3
ghsl_8099_cell_00331,89,12,40.90677129426633,-73.83035170685184,9052.6,Residential,land_use,0.1,43.0,3091.4
ghsl_8099_cell_00332,90,12,40.90677129426633,-73.81847710263683,5911.3,Residential,heuristic,1.8,32.8,2628.4
ghsl_8099_cell_00333,91,12,40.90677129426634,-73.80660249842181,2482.6,Residential,land_use,2.5,23.9,2496.2
ghsl_8099_cell_00334,92,12,40.906771294266335,-73.7947278942068,6267.1,Commercial,land_use,23.5,26.9,2496.0
ghsl_8099_cell_00335,93,12,40.90677129426634,-73.78285328999179,10476.7,Residential,land_use,2.9,30.9,1834.6
ghsl_8099_cell_00336,94,12,40.90677129426633,-73.77097868577677,4422.2,Residential,land_use,6.5,15.1,913.4
ghsl_8099_cell_00337,95,12,40.906771294266335,-73.75910408156174,0.3,Residential,heuristic,0.6,0.0,442.0
ghsl_8099_cell_00338,56,13,40.89777975067149,-74.21589621375276,2384.3,Civic,land_use,1.3,61.7,441.5
ghsl_8099_cell_00339,57,13,40.89777975067148,-74.20402262024604,1184.7,Residential,heuristic,2.1,51.6,914.6
ghsl_8099_cell_00340,58,13,40.89777975067149,-74.1921490267393,2533.0,Civic,land_use,2.3,94.1,1836.0
ghsl_8099_cell_00341,59,13,40.89777975067148,-74.18027543323258,566.2,Green,land_use,100.0,139.6,2743.8
ghsl_8099_cell_00342,60,13,40.89777975067149,-74.16840183972587,5432.3,Industrial,land_use,1.6,54.3,3623.4
ghsl_8099_cell_00343,61,13,40.89777975067149,-74.15652824621915,4606.2,Industrial,land_use,0.9,36.5,4553.2
ghsl_8099_cell_00344,62,13,40.89777975067149,-74.14465465271242,4449.2,Industrial,land_use,0.0,30.1,5438.6
ghsl_8099_cell_00345,63,13,40.89777975067148,-74.13278105920571,137.1,Industrial,land_use,12.7,4.0,6344.0
ghsl_8099_cell_00346,64,13,40.89777975067148,-74.12090746569896,2389.9,Residential,land_use,9.0,15.9,7054.5
ghsl_8099_cell_00347,65,13,40.89777975067148,-74.10903387219227,2094.5,Industrial,land_use,1.4,37.7,7721.5
ghsl_8099_cell_00348,66,13,40.89777975067148,-74.09716027868555,2159.4,Residential,land_use,5.3,16.3,7901.0
ghsl_8099_cell_00349,67,13,40.89777975067148,-74.08528668517881,2167.3,Residential,land_use,0.0,26.6,7641.8
ghsl_8099_cell_00350,68,13,40.89777975067149,-74.07341309167211,1780.2,Industrial,land_use,1.2,20.0,7171.3
ghsl_8099_cell_00351,69,13,40.89777975067148,-74.06153949816539,3476.8,Residential,land_use,3.5,25.5,6806.7
ghsl_8099_cell_00352,70,13,40.89777975067148,-74.04966590465867,6253.9,Residential,land_use,0.0,15.7,6575.4
ghsl_8099_cell_00353,71,13,40.89777975067148,-74.03779231115193,2372.4,Residential,land_use,15.1,4.0,6491.5
ghsl_8099_cell_00354,72,13,40.89777975067148,-74.02591871764523,2535.2,Civic,land_use,15.8,11.1,6491.6
ghsl_8099_cell_00355,73,13,40.89777975067148,-74.0140451241385,2484.7,Residential,land_use,5.0,45.9,6491.8
ghsl_8099_cell_00356,74,13,40.89777975067148,-74.00217153063178,3730.3,Residential,land_use,26.5,44.8,6092.7
ghsl_8099_cell_00357,75,13,40.89777975067149,-73.99029793712506,3440.9,Residential,land_use,2.6,19.2,5467.2
ghsl_8099_cell_00358,76,13,40.89777975067148,-73.97842434361834,4591.3,Residential,land_use,4.6,13.8,4966.1
ghsl_8099_cell_00359,77,13,40.89777975067149,-73.96655075011164,2294.2,Residential,heuristic,0.2,55.0,4383.2
ghsl_8099_cell_00360,78,13,40.89777975067148,-73.95467715660492,969.4,Residential,heuristic,0.2,120.1,3862.8
ghsl_8099_cell_00361,79,13,40.89777975067148,-73.9428035630982,704.7,Residential,heuristic,3.5,132.9,3554.0
ghsl_8099_cell_00362,80,13,40.89777975067148,-73.93092996959146,4.5,Residential,heuristic,0.0,0.0,3495.1
ghsl_8099_cell_00363,81,13,40.89777975067148,-73.91905637608475,146.8,Civic,land_use,13.1,0.0,3495.1
ghsl_8099_cell_00364,82,13,40.897779750671475,-73.90718278257802,1785.9,Civic,land_use,12.4,62.9,3513.1
ghsl_8099_cell_00365,83,13,40.89777975067149,-73.8953091890713,2342.7,Green,land_use,82.7,8.5,3748.7
ghsl_8099_cell_00366,84,13,40.89777975067148,-73.88343559556459,0.0,Green,land_use,100.0,62.6,4214.9
ghsl_8099_cell_00367,85,13,40.89777975067148,-73.87156200205787,4368.8,Residential,heuristic,1.7,61.0,4845.5
ghsl_8099_cell_00368,86,13,40.89777975067148,-73.85968840855115,12751.7,Civic,land_use,0.0,32.9,4549.7
ghsl_8099_cell_00369,87,13,40.89777975067148,-73.84781481504442,12136.2,Utility,land_use,0.5,38.0,3619.8
ghsl_8099_cell_00370,88,13,40.89777975067148,-73.8359412215377,7455.6,Civic,land_use,2.6,42.8,2740.3
ghsl_8099_cell_00371,89,13,40.89777975067149,-73.82406762803099,1331.4,Residential,heuristic,6.9,12.5,1979.4
ghsl_8099_cell_00372,90,13,40.89777975067148,-73.81219403452427,2010.1,Civic,land_use,5.2,25.8,1526.2
ghsl_8099_cell_00373,91,13,40.89777975067148,-73.80032044101755,1958.9,Civic,land_use,17.3,22.8,1497.6
ghsl_8099_cell_00374,92,13,40.89777975067149,-73.78844684751084,5613.0,Residential,land_use,12.2,25.5,1497.4
ghsl_8099_cell_00375,93,13,40.89777975067148,-73.7765732540041,3282.4,Residential,land_use,13.0,1.2,913.3
ghsl_8099_cell_00376,94,13,40.89777975067148,-73.76469966049737,378.8,Residential,land_use,2.2,3.6,442.1
ghsl_8099_cell_00377,52,14,40.88878866403248,-74.25707201887658,157.8,Commercial,land_use,0.5,51.2,441.5
ghsl_8099_cell_00378,53,14,40.88878866403248,-74.2451994356135,1683.0,Industrial,land_use,5.3,43.0,499.5
ghsl_8099_cell_00379,54,14,40.88878866403249,-74.23332685235044,799.5,Residential,land_use,2.4,61.3,499.5
ghsl_8099_cell_00380,55,14,40.88878866403249,-74.22145426908737,486.3,Commercial,land_use,4.2,39.2,499.3
ghsl_8099_cell_00381,56,14,40.88878866403248,-74.20958168582429,722.1,Industrial,land_use,4.0,41.0,914.6
ghsl_8099_cell_00382,57,14,40.88878866403249,-74.19770910256125,3411.5,Utility,land_use,1.3,101.9,1836.0
ghsl_8099_cell_00383,58,14,40.88878866403248,-74.18583651929818,1336.3,Commercial,land_use,4.8,155.8,2743.7
ghsl_8099_cell_00384,59,14,40.88878866403249,-74.17396393603508,3296.6,Residential,land_use,6.4,79.8,3623.4
ghsl_8099_cell_00385,60,14,40.88878866403249,-74.16209135277201,4179.5,Industrial,land_use,0.0,41.4,4553.2
ghsl_8099_cell_00386,61,14,40.88878866403249,-74.15021876950895,4396.3,Industrial,land_use,1.8,30.9,5438.5
ghsl_8099_cell_00387,62,14,40.88878866403249,-74.13834618624588,5770.7,Residential,heuristic,0.2,27.4,6343.9
ghsl_8099_cell_00388,63,14,40.88878866403248,-74.12647360298278,2791.4,Industrial,land_use,0.4,18.5,7260.5
ghsl_8099_cell_00389,64,14,40.88878866403248,-74.11460101971973,5681.0,Industrial,land_use,0.0,18.1,8151.5
ghsl_8099_cell_00390,65,14,40.88878866403249,-74.10272843645666,4416.2,Industrial,land_use,0.0,18.9,8811.3
ghsl_8099_cell_00391,66,14,40.88878866403249,-74.09085585319359,2425.9,Residential,land_use,11.2,37.5,8717.3
ghsl_8099_cell_00392,67,14,40.88878866403248,-74.07898326993055,2836.1,Residential,land_use,37.8,23.0,8274.6
ghsl_8099_cell_00393,68,14,40.88878866403248,-74.06711068666746,3362.4,Residential,land_use,0.1,24.8,7901.5
ghsl_8099_cell_00394,69,14,40.88878866403248,-74.05523810340439,9361.6,Residential,land_use,9.7,39.7,7641.9
ghsl_8099_cell_00395,70,14,40.88878866403248,-74.04336552014131,4037.9,Commercial,land_use,15.4,8.0,7507.7
ghsl_8099_cell_00396,71,14,40.88878866403249,-74.03149293687825,2751.7,Residential,land_use,8.3,14.5,7490.0
ghsl_8099_cell_00397,72,14,40.88878866403248,-74.01962035361517,3400.2,Residential,land_use,2.6,32.3,7490.2
ghsl_8099_cell_00398,73,14,40.88878866403248,-74.0077477703521,3296.4,Residential,land_use,4.3,47.5,7154.0
ghsl_8099_cell_00399,74,14,40.88878866403248,-73.99587518708904,2622.7,Residential,land_use,4.5,23.4,6558.2
ghsl_8099_cell_00400,75,14,40.88878866403248,-73.98400260382597,2431.9,Industrial,land_use,13.4,7.0,6069.7
ghsl_8099_cell_00401,76,14,40.88878866403249,-73.97213002056289,2430.0,Residential,land_use,0.0,43.0,5467.9
ghsl_8099_cell_00402,77,14,40.88878866403249,-73.9602574372998,889.0,Civic,land_use,0.0,91.4,4966.4
ghsl_8099_cell_00403,78,14,40.88878866403249,-73.94838485403676,818.4,Civic,land_use,0.0,127.5,4629.8
ghsl_8099_cell_00404,79,14,40.88878866403249,-73.93651227077369,1.7,Green,land_use,100.0,0.0,4495.0
ghsl_8099_cell_00405,80,14,40.88878866403248,-73.9246396875106,202.8,Residential,heuristic,0.2,0.0,4493.6
ghsl_8099_cell_00406,81,14,40.88878866403248,-73.91276710424754,13872.2,Residential,land_use,23.4,72.0,4493.6
ghsl_8099_cell_00407,82,14,40.88878866403249,-73.90089452098447,8910.2,Civic,land_use,6.5,17.3,4579.9
ghsl_8099_cell_00408,83,14,40.88878866403248,-73.8890219377214,597.9,Green,land_use,67.6,25.9,4873.0
ghsl_8099_cell_00409,84,14,40.88878866403249,-73.87714935445833,1112.5,Green,land_use,100.0,55.3,5340.2
ghsl_8099_cell_00410,85,14,40.88878866403249,-73.86527677119525,11533.4,Green,land_use,44.9,19.9,4549.7
ghsl_8099_cell_00411,86,14,40.88878866403248,-73.85340418793218,18315.0,Civic,land_use,0.0,53.8,3619.8
ghsl_8099_cell_00412,87,14,40.88878866403248,-73.8415316046691,11401.0,Residential,land_use,17.1,28.8,2740.2
ghsl_8099_cell_00413,88,14,40.88878866403248,-73.82965902140603,4724.0,Residential,heuristic,4.7,14.1,1834.8
ghsl_8099_cell_00414,89,14,40.88878866403249,-73.81778643814297,980.2,Commercial,land_use,7.9,6.5,913.4
ghsl_8099_cell_00415,90,14,40.88878866403248,-73.80591385487989,1602.3,Residential,land_use,7.1,19.8,499.2
ghsl_8099_cell_00416,91,14,40.88878866403249,-73.79404127161683,1096.5,Green,land_use,66.3,26.8,499.0
ghsl_8099_cell_00417,92,14,40.88878866403248,-73.78216868835376,1552.9,Residential,land_use,19.6,0.0,499.0
ghsl_8099_cell_00418,93,14,40.88878866403249,-73.77029610509068,90.1,Commercial,land_use,0.0,0.0,442.1
ghsl_8099_cell_00419,52,15,40.87979803416323,-74.25075635442242,1450.8,Residential,heuristic,0.1,84.6,441.5
ghsl_8099_cell_00420,53,15,40.87979803416323,-74.2388847809386,2016.1,Residential,land_use,2.3,61.4,551.4
ghsl_8099_cell_00421,54,15,40.87979803416323,-74.22701320745482,2303.4,Industrial,land_use,10.3,62.1,1324.6
ghsl_8099_cell_00422,55,15,40.87979803416323,-74.21514163397102,1501.7,Civic,land_use,7.0,42.1,1527.0
ghsl_8099_cell_00423,56,15,40.87979803416323,-74.20327006048721,1496.1,Commercial,land_use,0.6,77.0,1982.0
ghsl_8099_cell_00424,57,15,40.87979803416323,-74.19139848700343,621.4,Residential,heuristic,0.1,129.0,2743.6
ghsl_8099_cell_00425,58,15,40.87979803416323,-74.17952691351961,2330.6,Green,land_use,100.0,87.4,3623.3
ghsl_8099_cell_00426,59,15,40.87979803416323,-74.16765534003581,1670.7,Residential,land_use,7.7,53.7,4553.2
ghsl_8099_cell_00427,60,15,40.87979803416323,-74.15578376655202,5015.5,Residential,land_use,0.2,38.1,5438.4
ghsl_8099_cell_00428,61,15,40.87979803416323,-74.14391219306823,3425.1,Industrial,land_use,15.9,24.3,6343.9
ghsl_8099_cell_00429,62,15,40.87979803416323,-74.13204061958442,9370.3,Residential,heuristic,8.7,18.5,7260.3
ghsl_8099_cell_00430,63,15,40.87979803416323,-74.12016904610061,3291.4,Residential,land_use,8.5,1.5,8151.4
ghsl_8099_cell_00431,64,15,40.87979803416323,-74.10829747261683,5211.3,Residential,land_use,19.6,30.8,9065.4
ghsl_8099_cell_00432,65,15,40.87979803416324,-74.09642589913302,5149.4,Residential,land_use,18.8,29.7,9799.1
ghsl_8099_cell_00433,66,15,40.87979803416323,-74.08455432564922,4260.9,Industrial,land_use,2.4,9.2,9377.9
ghsl_8099_cell_00434,67,15,40.87979803416323,-74.07268275216542,3169.3,Industrial,land_use,1.8,14.6,8998.4
ghsl_8099_cell_00435,68,15,40.87979803416323,-74.06081117868163,3385.3,Residential,land_use,4.7,37.7,8717.7
ghsl_8099_cell_00436,69,15,40.87979803416323,-74.04893960519782,5400.6,Residential,land_use,0.9,5.2,8545.4
ghsl_8099_cell_00437,70,15,40.87979803416323,-74.03706803171401,1394.0,Residential,land_use,9.3,2.3,8488.3
ghsl_8099_cell_00438,71,15,40.87979803416323,-74.02519645823024,4506.1,Residential,land_use,1.0,33.2,8488.5
ghsl_8099_cell_00439,72,15,40.87979803416323,-74.01332488474644,2653.8,Residential,land_use,0.8,33.9,8226.5
ghsl_8099_cell_00440,73,15,40.87979803416323,-74.00145331126264,2635.9,Residential,land_use,10.1,15.4,7652.8
ghsl_8099_cell_00441,74,15,40.87979803416323,-73.98958173777883,1397.2,Green,land_use,53.0,1.9,7154.9
ghsl_8099_cell_00442,75,15,40.87979803416323,-73.97771016429505,2510.4,Residential,heuristic,2.9,28.6,6558.9
ghsl_8099_cell_00443,76,15,40.87979803416323,-73.96583859081123,568.2,Residential,heuristic,0.1,63.2,6070.1
ghsl_8099_cell_00444,77,15,40.87979803416323,-73.95396701732743,981.3,Civic,land_use,0.2,105.6,5716.2
ghsl_8099_cell_00445,78,15,40.87979803416323,-73.94209544384363,40.5,Residential,heuristic,4.2,0.0,5523.0
ghsl_8099_cell_00446,79,15,40.87979803416323,-73.93022387035984,13.8,Residential,heuristic,0.2,0.0,5492.0
ghsl_8099_cell_00447,80,15,40.87979803416323,-73.91835229687604,10642.9,Civic,land_use,9.2,61.3,5492.0
ghsl_8099_cell_00448,81,15,40.87979803416323,-73.90648072339224,21657.3,Civic,land_use,5.2,19.9,5507.6
ghsl_8099_cell_00449,82,15,40.87979803416323,-73.89460914990845,11466.5,Residential,land_use,20.0,35.2,5671.2
ghsl_8099_cell_00450,83,15,40.87979803416323,-73.88273757642463,23522.4,Green,land_use,41.0,57.2,5504.5
ghsl_8099_cell_00451,84,15,40.87979803416323,-73.87086600294084,16553.6,Residential,land_use,3.6,35.3,4549.7
ghsl_8099_cell_00452,85,15,40.87979803416323,-73.85899442945703,18466.1,Residential,heuristic,0.9,45.5,3619.8
ghsl_8099_cell_00453,86,15,40.87979803416323,-73.84712285597324,15726.4,Residential,land_use,0.5,45.1,2740.2
ghsl_8099_cell_00454,87,15,40.87979803416323,-73.83525128248941,17368.1,Residential,land_use,3.3,16.3,1834.8
ghsl_8099_cell_00455,88,15,40.87979803416323,-73.82337970900564,5804.5,Industrial,land_use,2.0,4.9,913.4
ghsl_8099_cell_00456,89,15,40.87979803416323,-73.81150813552185,0.0,Green,land_use,100.0,31.5,442.1
ghsl_8099_cell_00457,53,16,40.87080786087772,-74.23257302857402,1739.8,Industrial,land_use,7.6,80.5,441.6
ghsl_8099_cell_00458,54,16,40.87080786087773,-74.22070246440539,1057.6,Residential,land_use,4.3,57.2,551.5
ghsl_8099_cell_00459,55,16,40.87080786087772,-74.20883190023676,1639.8,Residential,land_use,1.7,117.2,1324.8
ghsl_8099_cell_00460,56,16,40.87080786087773,-74.19696133606813,4107.7,Residential,land_use,4.7,112.8,2208.1
ghsl_8099_cell_00461,57,16,40.87080786087772,-74.1850907718995,1973.9,Residential,land_use,1.4,91.1,3091.5
ghsl_8099_cell_00462,58,16,40.870807860877726,-74.17322020773085,2135.2,Residential,land_use,9.3,66.6,3974.9
ghsl_8099_cell_00463,59,16,40.87080786087773,-74.1613496435622,2493.8,Residential,land_use,23.6,43.1,4858.4
ghsl_8099_cell_00464,60,16,40.87080786087773,-74.14947907939359,4599.3,Residential,land_use,16.1,25.8,5746.5
ghsl_8099_cell_00465,61,16,40.870807860877726,-74.13760851522494,8895.8,Industrial,land_use,0.4,18.1,6662.2
ghsl_8099_cell_00466,62,16,40.870807860877726,-74.12573795105628,16107.3,Civic,land_use,0.8,17.0,7599.4
ghsl_8099_cell_00467,63,16,40.87080786087773,-74.11386738688768,7306.2,Residential,land_use,0.0,1.0,8551.1
ghsl_8099_cell_00468,64,16,40.870807860877726,-74.10199682271902,6454.5,Industrial,land_use,2.7,20.9,9512.9
ghsl_8099_cell_00469,65,16,40.870807860877726,-74.09012625855038,5425.1,Residential,land_use,15.4,8.1,10481.2
ghsl_8099_cell_00470,66,16,40.87080786087773,-74.07825569438174,5082.9,Civic,land_use,3.0,22.6,10096.7
ghsl_8099_cell_00471,67,16,40.87080786087773,-74.06638513021312,3064.6,Residential,land_use,2.2,30.4,9799.5
ghsl_8099_cell_00472,68,16,40.87080786087772,-74.05451456604447,888.6,Industrial,land_use,0.0,6.4,9597.8
ghsl_8099_cell_00473,69,16,40.87080786087772,-74.04264400187584,4443.8,Residential,land_use,3.2,3.1,9497.6
ghsl_8099_cell_00474,70,16,40.870807860877726,-74.0307734377072,3912.9,Industrial,land_use,0.0,14.5,9486.8
ghsl_8099_cell_00475,71,16,40.87080786087773,-74.01890287353856,4598.1,Residential,land_use,2.7,38.2,9306.4
ghsl_8099_cell_00476,72,16,40.87080786087773,-74.00703230936992,880.9,Residential,land_use,4.8,16.1,8749.7
ghsl_8099_cell_00477,73,16,40.87080786087773,-73.99516174520129,976.8,Residential,land_use,27.9,0.0,8227.6
ghsl_8099_cell_00478,74,16,40.87080786087772,-73.98329118103264,2276.5,Residential,land_use,0.9,25.3,7653.6
ghsl_8099_cell_00479,75,16,40.87080786087773,-73.97142061686402,2757.5,Residential,land_use,0.1,81.1,7173.8
ghsl_8099_cell_00480,76,16,40.870807860877726,-73.95955005269536,1441.1,Commercial,land_use,0.0,105.0,6808.1
ghsl_8099_cell_00481,77,16,40.87080786087772,-73.94767948852673,86.1,Civic,land_use,2.1,0.0,6575.6
ghsl_8099_cell_00482,78,16,40.87080786087773,-73.93580892435811,1275.7,Residential,heuristic,2.4,0.0,6490.6
ghsl_8099_cell_00483,79,16,40.87080786087772,-73.92393836018947,12967.7,Green,land_use,98.0,63.5,6490.4
ghsl_8099_cell_00484,80,16,40.870807860877726,-73.91206779602084,8794.5,Utility,land_use,13.6,4.6,6490.3
ghsl_8099_cell_00485,81,16,40.87080786087772,-73.90019723185219,36688.6,Residential,land_use,4.4,56.5,6558.6
ghsl_8099_cell_00486,82,16,40.870807860877726,-73.88832666768354,31168.2,Civic,land_use,1.0,55.6,5790.0
ghsl_8099_cell_00487,83,16,40.870807860877726,-73.8764561035149,16053.2,Civic,land_use,21.6,36.9,4793.8
ghsl_8099_cell_00488,84,16,40.870807860877726,-73.86458553934627,18673.2,Residential,land_use,10.8,43.5,3800.0
ghsl_8099_cell_00489,85,16,40.87080786087773,-73.85271497517765,12868.7,Residential,land_use,1.0,35.1,2811.0
ghsl_8099_cell_00490,86,16,40.870807860877726,-73.840844411009,10672.3,Civic,land_use,6.1,30.3,1834.8
ghsl_8099_cell_00491,87,16,40.87080786087773,-73.82897384684034,14376.2,Residential,land_use,7.0,5.9,913.4
ghsl_8099_cell_00492,88,16,40.870807860877726,-73.81710328267172,769.1,Residential,heuristic,6.6,21.7,442.1
ghsl_8099_cell_00493,54,17,40.86181814399006,-74.21439462152975,623.8,Residential,land_use,0.0,119.3,441.6
ghsl_8099_cell_00494,55,17,40.86181814399005,-74.20252506621244,922.3,Residential,heuristic,3.6,129.8,1325.0
ghsl_8099_cell_00495,56,17,40.86181814399005,-74.19065551089511,1217.3,Civic,land_use,6.0,88.5,2208.3
ghsl_8099_cell_00496,57,17,40.86181814399005,-74.17878595557781,2304.9,Residential,land_use,11.8,72.9,3091.8
ghsl_8099_cell_00497,58,17,40.86181814399005,-74.16691640026048,2774.8,Residential,land_use,13.6,53.6,3997.4
ghsl_8099_cell_00498,59,17,40.86181814399005,-74.15504684494317,3984.6,Industrial,land_use,6.9,36.2,4939.6
ghsl_8099_cell_00499,60,17,40.86181814399005,-74.14317728962585,5973.2,Industrial,land_use,0.0,43.5,5901.1
ghsl_8099_cell_00500,61,17,40.86181814399005,-74.13130773430854,14689.1,Industrial,land_use,5.8,25.0,6873.9
ghsl_8099_cell_00501,62,17,40.86181814399005,-74.11943817899122,8965.3,Industrial,land_use,1.6,11.5,7853.7
ghsl_8099_cell_00502,63,17,40.86181814399005,-74.1075686236739,6549.4,Industrial,land_use,8.4,1.0,8838.2
ghsl_8099_cell_00503,64,17,40.86181814399005,-74.09569906835658,1321.2,Industrial,land_use,14.4,17.5,9826.1
ghsl_8099_cell_00504,65,17,40.86181814399006,-74.08382951303925,4845.8,Civic,land_use,0.6,43.8,10816.3
ghsl_8099_cell_00505,66,17,40.86181814399006,-74.07195995772194,3221.2,Commercial,land_use,7.0,33.8,10885.6
ghsl_8099_cell_00506,67,17,40.86181814399005,-74.06009040240461,438.6,Commercial,land_use,6.7,1.7,10660.4
ghsl_8099_cell_00507,68,17,40.86181814399005,-74.04822084708731,1648.5,Industrial,land_use,1.3,7.5,10525.8
ghsl_8099_cell_00508,69,17,40.86181814399005,-74.03635129177,2928.1,Industrial,land_use,9.4,5.9,10485.0
ghsl_8099_cell_00509,70,17,40.86181814399005,-74.02448173645267,5631.9,Commercial,land_use,0.4,35.3,10391.2
ghsl_8099_cell_00510,71,17,40.86181814399006,-74.01261218113535,1055.5,Green,land_use,62.8,3.5,9848.1
ghsl_8099_cell_00511,72,17,40.86181814399006,-74.00074262581805,539.5,Residential,land_use,17.1,13.4,9307.5
ghsl_8099_cell_00512,73,17,40.86181814399005,-73.9888730705007,3739.6,Residential,land_use,7.4,34.3,8750.6
ghsl_8099_cell_00513,74,17,40.86181814399005,-73.97700351518341,2552.2,Residential,land_use,10.3,98.6,8277.5
ghsl_8099_cell_00514,75,17,40.86181814399005,-73.96513395986608,7017.4,Residential,land_use,6.6,107.1,7903.4
ghsl_8099_cell_00515,76,17,40.86181814399005,-73.95326440454878,1167.1,Residential,land_use,5.1,0.0,7642.6
ghsl_8099_cell_00516,77,17,40.86181814399005,-73.94139484923146,372.8,Civic,land_use,0.9,0.0,7507.1
ghsl_8099_cell_00517,78,17,40.86181814399005,-73.92952529391412,24266.3,Residential,land_use,33.8,23.0,7488.7
ghsl_8099_cell_00518,79,17,40.86181814399005,-73.9176557385968,19749.1,Civic,land_use,5.1,5.0,7488.7
ghsl_8099_cell_00519,80,17,40.86181814399005,-73.9057861832795,38610.0,Residential,land_use,6.2,50.5,7258.0
ghsl_8099_cell_00520,81,17,40.86181814399005,-73.89391662796217,29395.6,Civic,land_use,14.6,34.4,6260.0
ghsl_8099_cell_00521,82,17,40.86181814399005,-73.88204707264485,6744.0,Green,land_use,100.0,35.2,5263.1
ghsl_8099_cell_00522,83,17,40.86181814399005,-73.87017751732753,16976.0,Residential,land_use,8.9,45.2,4268.0
ghsl_8099_cell_00523,84,17,40.86181814399005,-73.85830796201022,11398.4,Residential,land_use,34.2,48.9,3276.3
ghsl_8099_cell_00524,85,17,40.86181814399005,-73.84643840669288,8645.4,Civic,land_use,9.2,17.5,2292.3
ghsl_8099_cell_00525,86,17,40.86181814399005,-73.83456885137558,5130.8,Commercial,land_use,23.1,7.0,1333.6
ghsl_8099_cell_00526,87,17,40.86181814399005,-73.82269929605826,7454.2,Commercial,land_use,26.6,8.3,442.2
ghsl_8099_cell_00527,48,18,40.852828883314395,-74.27930095873434,1606.0,Residential,heuristic,5.2,90.9,441.6
ghsl_8099_cell_00528,54,18,40.8528288833144,-74.20808967715689,873.9,Green,land_use,65.1,187.6,441.7
ghsl_8099_cell_00529,55,18,40.8528288833144,-74.19622113022734,1497.8,Civic,land_use,25.0,99.9,1332.4
ghsl_8099_cell_00530,56,18,40.85282888331441,-74.18435258329772,1632.8,Residential,heuristic,0.0,73.3,2291.3
ghsl_8099_cell_00531,57,18,40.8528288833144,-74.17248403636816,2680.4,Residential,land_use,6.4,54.3,3275.3
ghsl_8099_cell_00532,58,18,40.8528288833144,-74.16061548943861,2265.8,Residential,land_use,8.0,58.5,4267.2
ghsl_8099_cell_00533,59,18,40.8528288833144,-74.14874694250904,4515.2,Residential,heuristic,0.0,36.7,5262.4
ghsl_8099_cell_00534,60,18,40.8528288833144,-74.13687839557946,5603.2,Industrial,land_use,11.1,38.8,6259.4
ghsl_8099_cell_00535,61,18,40.852828883314395,-74.12500984864987,6279.0,Industrial,land_use,7.8,30.7,7257.5
ghsl_8099_cell_00536,62,18,40.8528288833144,-74.11314130172032,5212.2,Residential,land_use,9.0,6.7,8256.2
ghsl_8099_cell_00537,63,18,40.85282888331441,-74.10127275479073,3935.4,Residential,land_use,5.8,30.2,9255.4
ghsl_8099_cell_00538,64,18,40.85282888331441,-74.08940420786116,3221.7,Utility,land_use,0.9,48.2,10254.9
ghsl_8099_cell_00539,65,18,40.8528288833144,-74.07753566093159,3180.3,Residential,land_use,0.4,45.6,11254.6
ghsl_8099_cell_00540,66,18,40.85282888331441,-74.06566711400203,303.2,Residential,land_use,21.7,0.5,11730.6
ghsl_8099_cell_00541,67,18,40.8528288833144,-74.05379856707243,980.8,Industrial,land_use,16.4,15.8,11567.8
ghsl_8099_cell_00542,68,18,40.8528288833144,-74.04193002014287,3833.2,Commercial,land_use,3.8,5.1,11490.1
ghsl_8099_cell_00543,69,18,40.8528288833144,-74.03006147321331,3118.7,Industrial,land_use,4.1,2.4,11479.7
ghsl_8099_cell_00544,70,18,40.8528288833144,-74.01819292628372,3383.8,Residential,land_use,12.6,16.7,10947.6
ghsl_8099_cell_00545,71,18,40.8528288833144,-74.00632437935414,1820.3,Industrial,land_use,30.9,5.4,10392.4
ghsl_8099_cell_00546,72,18,40.8528288833144,-73.99445583242458,6243.6,Residential,land_use,2.1,28.3,9849.1
ghsl_8099_cell_00547,73,18,40.85282888331441,-73.982587285495,5960.9,Residential,land_use,5.7,90.5,9381.3
ghsl_8099_cell_00548,74,18,40.8528288833144,-73.97071873856542,6009.8,Residential,land_use,27.7,85.1,9000.6
ghsl_8099_cell_00549,75,18,40.8528288833144,-73.95885019163588,461.1,Residential,heuristic,0.6,0.0,8718.7
ghsl_8099_cell_00550,76,18,40.85282888331441,-73.94698164470627,4319.4,Green,land_use,60.9,0.0,8545.3
ghsl_8099_cell_00551,77,18,40.852828883314395,-73.9351130977767,37491.2,Civic,land_use,1.7,53.6,8486.9
ghsl_8099_cell_00552,78,18,40.85282888331441,-73.92324455084714,28531.0,Civic,land_use,12.0,0.0,8487.0
ghsl_8099_cell_00553,79,18,40.8528288833144,-73.91137600391757,35241.5,Residential,heuristic,10.2,35.8,7856.6
ghsl_8099_cell_00554,80,18,40.8528288833144,-73.89950745698799,35029.9,Utility,land_use,3.8,27.4,6876.9
ghsl_8099_cell_00555,81,18,40.852828883314395,-73.8876389100584,30487.4,Civic,land_use,5.1,30.1,5904.3
ghsl_8099_cell_00556,82,18,40.8528288833144,-73.87577036312885,3863.8,Residential,heuristic,10.3,32.8,4942.8
ghsl_8099_cell_00557,83,18,40.85282888331441,-73.86390181619926,25232.4,Civic,land_use,6.2,36.4,4000.7
ghsl_8099_cell_00558,84,18,40.852828883314395,-73.85203326926971,9119.2,Civic,land_use,3.5,27.5,3095.0
ghsl_8099_cell_00559,85,18,40.85282888331441,-73.84016472234013,4398.2,Civic,land_use,20.8,9.6,2210.8
ghsl_8099_cell_00560,86,18,40.852828883314395,-73.82829617541056,5473.0,Industrial,land_use,14.2,14.9,1326.5
ghsl_8099_cell_00561,87,18,40.85282888331441,-73.81642762848097,0.0,Unbuilt,heuristic,37.9,0.0,442.2
ghsl_8099_cell_00562,47,19,40.843840078665025,-74.28486040265325,3510.5,Civic,land_use,11.6,116.9,441.7
ghsl_8099_cell_00563,48,19,40.84384007866502,-74.2729928636481,2633.1,Residential,land_use,0.0,131.6,551.4
ghsl_8099_cell_00564,49,19,40.843840078665025,-74.26112532464296,1366.6,Residential,land_use,4.8,171.4,441.7
ghsl_8099_cell_00565,53,19,40.84384007866502,-74.21365516862241,1251.0,Residential,land_use,10.0,147.2,441.7
ghsl_8099_cell_00566,54,19,40.843840078665025,-74.20178762961727,2126.3,Residential,land_use,1.1,111.5,914.3
ghsl_8099_cell_00567,55,19,40.843840078665025,-74.18992009061215,1987.1,Residential,land_use,9.0,75.0,1836.0
ghsl_8099_cell_00568,56,19,40.843840078665025,-74.17805255160701,740.7,Green,land_use,94.9,54.9,2812.3
ghsl_8099_cell_00569,57,19,40.843840078665025,-74.16618501260187,2055.2,Residential,land_use,14.0,71.1,3801.4
ghsl_8099_cell_00570,58,19,40.84384007866502,-74.15431747359672,1199.4,Industrial,land_use,27.6,36.9,4795.3
ghsl_8099_cell_00571,59,19,40.843840078665025,-74.1424499345916,3969.5,Residential,heuristic,6.0,56.1,5791.6
ghsl_8099_cell_00572,60,19,40.84384007866502,-74.13058239558646,6336.6,Industrial,land_use,4.8,26.3,6789.2
ghsl_8099_cell_00573,61,19,40.843840078665025,-74.11871485658133,3967.7,Residential,land_use,18.0,3.3,7787.7
ghsl_8099_cell_00574,62,19,40.843840078665025,-74.1068473175762,3435.6,Industrial,land_use,3.2,26.6,8786.6
ghsl_8099_cell_00575,63,19,40.843840078665025,-74.09497977857106,4057.8,Industrial,land_use,4.9,44.6,9786.0
ghsl_8099_cell_00576,64,19,40.843840078665025,-74.08311223956592,3347.5,Commercial,land_use,0.0,30.8,10785.6
ghsl_8099_cell_00577,65,19,40.843840078665025,-74.07124470056077,305.5,Industrial,land_use,5.1,13.2,11785.4
ghsl_8099_cell_00578,66,19,40.843840078665025,-74.05937716155566,166.2,Residential,heuristic,37.8,0.9,12620.2
ghsl_8099_cell_00579,67,19,40.843840078665025,-74.0475096225505,2367.9,Industrial,land_use,1.3,8.3,12511.5
ghsl_8099_cell_00580,68,19,40.84384007866502,-74.03564208354535,2217.9,Industrial,land_use,5.5,6.5,12481.5
ghsl_8099_cell_00581,69,19,40.843840078665025,-74.02377454454025,1912.6,Industrial,land_use,0.7,4.8,12047.9
ghsl_8099_cell_00582,70,19,40.843840078665025,-74.0119070055351,140.3,Residential,heuristic,11.9,4.7,11481.0
ghsl_8099_cell_00583,71,19,40.84384007866502,-74.00003946652994,7088.2,Residential,land_use,2.2,0.0,10948.7
ghsl_8099_cell_00584,72,19,40.843840078665025,-73.98817192752483,7286.7,Residential,land_use,0.3,75.6,10485.0
ghsl_8099_cell_00585,73,19,40.84384007866502,-73.97630438851968,6989.0,Residential,land_use,3.5,93.6,10099.3
ghsl_8099_cell_00586,74,19,40.843840078665025,-73.96443684951456,3942.9,Residential,land_use,0.2,0.0,9801.0
ghsl_8099_cell_00587,75,19,40.843840078665025,-73.9525693105094,205.6,Residential,heuristic,1.6,0.0,9598.1
ghsl_8099_cell_00588,76,19,40.843840078665025,-73.94070177150427,28171.2,Civic,land_use,4.4,68.0,9496.7
ghsl_8099_cell_00589,77,19,40.843840078665025,-73.92883423249914,23797.6,Green,land_use,59.1,2.6,9485.2
ghsl_8099_cell_00590,78,19,40.84384007866502,-73.916966693494,36814.4,Residential,land_use,4.5,20.7,8556.6
ghsl_8099_cell_00591,79,19,40.843840078665025,-73.90509915448887,22197.2,Civic,land_use,17.6,27.4,7605.0
ghsl_8099_cell_00592,80,19,40.84384007866502,-73.89323161548373,15715.1,Residential,land_use,14.9,35.3,6667.8
ghsl_8099_cell_00593,81,19,40.843840078665025,-73.88136407647859,24662.4,Civic,land_use,4.1,21.6,5752.1
ghsl_8099_cell_00594,82,19,40.843840078665025,-73.86949653747345,13592.3,Utility,land_use,1.1,11.2,4794.2
ghsl_8099_cell_00595,83,19,40.843840078665025,-73.85762899846831,18660.5,Civic,land_use,1.1,20.4,3800.3
ghsl_8099_cell_00596,84,19,40.843840078665025,-73.84576145946319,9735.5,Utility,land_use,0.6,14.5,2811.1
ghsl_8099_cell_00597,85,19,40.843840078665025,-73.83389392045805,10424.1,Civic,land_use,5.1,17.9,1834.8
ghsl_8099_cell_00598,86,19,40.843840078665025,-73.82202638145291,7977.4,Residential,land_use,3.1,8.2,913.2
ghsl_8099_cell_00599,87,19,40.843840078665025,-73.81015884244779,946.1,Residential,heuristic,0.3,0.0,442.2
ghsl_8099_cell_00600,47,20,40.83485172985626,-74.278554198049,2241.6,Residential,land_use,15.3,134.4,441.8
ghsl_8099_cell_00601,48,20,40.83485172985627,-74.26668766650526,1828.3,Civic,land_use,5.2,142.1,1325.1
ghsl_8099_cell_00602,49,20,40.83485172985626,-74.25482113496152,1699.1,Residential,land_use,25.8,138.9,551.5
ghsl_8099_cell_00603,50,20,40.83485172985627,-74.24295460341779,2788.8,Residential,land_use,4.5,113.9,499.2
ghsl_8099_cell_00604,51,20,40.83485172985627,-74.23108807187404,2617.1,Commercial,land_use,0.5,157.1,499.2
ghsl_8099_cell_00605,52,20,40.834851729856275,-74.2192215403303,1233.1,Residential,land_use,20.0,194.6,499.1
ghsl_8099_cell_00606,53,20,40.83485172985626,-74.20735500878655,2879.0,Residential,heuristic,0.6,100.4,914.3
ghsl_8099_cell_00607,54,20,40.83485172985627,-74.19548847724282,1677.6,Residential,land_use,9.0,87.0,1836.0
ghsl_8099_cell_00608,55,20,40.83485172985627,-74.18362194569907,2113.3,Commercial,land_use,35.3,54.6,2742.9
ghsl_8099_cell_00609,56,20,40.83485172985627,-74.17175541415533,3227.9,Residential,heuristic,6.9,61.3,3622.8
ghsl_8099_cell_00610,57,20,40.83485172985627,-74.15988888261158,1923.5,Civic,land_use,2.6,46.3,4552.9
ghsl_8099_cell_00611,58,20,40.83485172985627,-74.14802235106785,1060.9,Commercial,land_use,10.2,48.7,5507.9
ghsl_8099_cell_00612,59,20,40.83485172985627,-74.1361558195241,2245.6,Commercial,land_use,33.3,13.8,6476.7
ghsl_8099_cell_00613,60,20,40.83485172985627,-74.12428928798037,2486.3,Industrial,land_use,1.7,10.4,7454.0
ghsl_8099_cell_00614,61,20,40.83485172985627,-74.11242275643663,4521.1,Residential,land_use,0.4,26.5,8436.8
ghsl_8099_cell_00615,62,20,40.83485172985627,-74.10055622489288,5830.8,Commercial,land_use,0.9,25.9,9423.3
ghsl_8099_cell_00616,63,20,40.83485172985627,-74.08868969334915,3036.4,Commercial,land_use,2.2,7.5,10412.6
ghsl_8099_cell_00617,64,20,40.834851729856275,-74.07682316180541,112.1,Commercial,land_use,0.8,2.6,11403.9
ghsl_8099_cell_00618,65,20,40.834851729856275,-74.06495663026166,668.3,Industrial,land_use,0.0,5.5,12396.7
ghsl_8099_cell_00619,66,20,40.83485172985627,-74.0530900987179,640.5,Industrial,land_use,0.4,2.6,13390.7
ghsl_8099_cell_00620,67,20,40.83485172985627,-74.04122356717419,296.2,Residential,heuristic,0.0,0.3,13483.8
ghsl_8099_cell_00621,68,20,40.83485172985627,-74.02935703563044,176.4,Utility,land_use,4.5,0.0,13148.8
ghsl_8099_cell_00622,69,20,40.83485172985627,-74.01749050408671,189.7,Industrial,land_use,3.7,2.8,12572.2
ghsl_8099_cell_00623,70,20,40.83485172985627,-74.00562397254296,3480.8,Residential,land_use,6.7,36.3,12049.0
ghsl_8099_cell_00624,71,20,40.834851729856275,-73.99375744099922,5247.7,Residential,land_use,0.5,45.8,11588.7
ghsl_8099_cell_00625,72,20,40.83485172985627,-73.98189090945549,4251.6,Residential,land_use,2.6,86.1,11199.0
ghsl_8099_cell_00626,73,20,40.83485172985627,-73.97002437791173,2386.1,Residential,land_use,11.1,7.5,10887.5
ghsl_8099_cell_00627,74,20,40.834851729856275,-73.95815784636798,0.0,Unbuilt,heuristic,0.0,0.0,10661.1
ghsl_8099_cell_00628,75,20,40.834851729856275,-73.94629131482425,32296.0,Residential,land_use,9.3,47.7,10525.3
ghsl_8099_cell_00629,76,20,40.83485172985627,-73.93442478328052,24885.9,Residential,land_use,3.7,0.0,10256.8
ghsl_8099_cell_00630,77,20,40.83485172985627,-73.92255825173677,39990.9,Residential,land_use,10.0,18.4,9257.3
ghsl_8099_cell_00631,78,20,40.83485172985627,-73.91069172019303,46397.3,Residential,land_use,4.5,27.8,8258.1
ghsl_8099_cell_00632,79,20,40.83485172985627,-73.8988251886493,18972.3,Civic,land_use,4.6,29.3,7259.3
ghsl_8099_cell_00633,80,20,40.83485172985627,-73.88695865710555,15573.7,Green,land_use,65.7,31.1,6261.2
ghsl_8099_cell_00634,81,20,40.83485172985627,-73.87509212556182,17567.2,Residential,land_use,13.9,14.3,5264.2
ghsl_8099_cell_00635,82,20,40.83485172985627,-73.86322559401806,27534.6,Residential,heuristic,3.7,8.2,4268.9
ghsl_8099_cell_00636,83,20,40.83485172985627,-73.85135906247432,20547.4,Residential,land_use,2.5,14.6,3277.0
ghsl_8099_cell_00637,84,20,40.834851729856275,-73.83949253093058,3313.0,Residential,heuristic,10.6,0.6,2292.9
ghsl_8099_cell_00638,85,20,40.83485172985627,-73.82762599938684,6961.5,Civic,land_use,7.1,14.4,1333.9
ghsl_8099_cell_00639,86,20,40.83485172985627,-73.81575946784311,4493.7,Residential,heuristic,0.0,0.0,442.3
ghsl_8099_cell_00640,47,21,40.8258638367026,-74.27225089018269,464.3,Residential,heuristic,1.2,167.9,441.8
ghsl_8099_cell_00641,48,21,40.8258638367026,-74.26038536563757,1402.8,Civic,land_use,1.8,183.7,1325.3
ghsl_8099_cell_00642,49,21,40.82586383670261,-74.24851984109246,1922.3,Residential,land_use,22.0,106.5,1497.2
ghsl_8099_cell_00643,50,21,40.8258638367026,-74.23665431654733,1920.2,Residential,land_use,5.8,134.6,1497.3
ghsl_8099_cell_00644,51,21,40.8258638367026,-74.22478879200222,2491.6,Residential,land_use,10.3,153.0,1497.3
ghsl_8099_cell_00645,52,21,40.8258638367026,-74.2129232674571,1900.9,Civic,land_use,17.4,98.5,1526.2
ghsl_8099_cell_00646,53,21,40.8258638367026,-74.201057742912,2517.9,Civic,land_use,2.6,97.1,1981.0
ghsl_8099_cell_00647,54,21,40.8258638367026,-74.18919221836687,2673.4,Civic,land_use,3.9,55.8,2742.8
ghsl_8099_cell_00648,55,21,40.82586383670261,-74.17732669382173,2722.5,Civic,land_use,8.0,58.9,3622.8
ghsl_8099_cell_00649,56,21,40.825863836702595,-74.1654611692766,3314.1,Civic,land_use,3.0,50.0,4553.0
ghsl_8099_cell_00650,57,21,40.8258638367026,-74.15359564473151,2838.6,Civic,land_use,0.6,27.8,5437.2
ghsl_8099_cell_00651,58,21,40.8258638367026,-74.14173012018637,2644.7,Commercial,land_use,0.1,30.3,6343.0
ghsl_8099_cell_00652,59,21,40.8258638367026,-74.12986459564125,860.2,Industrial,land_use,1.4,18.8,7273.7
ghsl_8099_cell_00653,60,21,40.82586383670261,-74.11799907109614,3156.6,Industrial,land_use,1.9,22.0,8220.9
ghsl_8099_cell_00654,61,21,40.825863836702595,-74.106133546551,3950.6,Commercial,land_use,1.8,37.7,9179.5
ghsl_8099_cell_00655,62,21,40.8258638367026,-74.09426802200589,734.7,Industrial,land_use,2.9,5.8,10146.2
ghsl_8099_cell_00656,63,21,40.82586383670261,-74.08240249746078,21.8,Residential,heuristic,4.0,1.9,11119.0
ghsl_8099_cell_00657,64,21,40.8258638367026,-74.07053697291563,19.5,Industrial,land_use,0.0,3.4,12096.3
ghsl_8099_cell_00658,65,21,40.8258638367026,-74.05867144837052,0.0,Unbuilt,heuristic,0.0,10.1,13077.2
ghsl_8099_cell_00659,66,21,40.825863836702595,-74.04680592382542,0.0,Green,land_use,100.0,0.3,13469.4
ghsl_8099_cell_00660,67,21,40.82586383670261,-74.03494039928027,0.5,Residential,heuristic,4.2,0.0,13469.4
ghsl_8099_cell_00661,68,21,40.8258638367026,-74.02307487473517,0.0,Unbuilt,heuristic,4.4,1.6,13474.5
ghsl_8099_cell_00662,69,21,40.8258638367026,-74.01120935019004,2039.2,Industrial,land_use,1.5,5.5,13150.0
ghsl_8099_cell_00663,70,21,40.8258638367026,-73.99934382564491,4852.5,Residential,land_use,0.2,55.0,12692.5
ghsl_8099_cell_00664,71,21,40.82586383670261,-73.98747830109981,8315.2,Residential,land_use,3.1,88.9,12299.4
ghsl_8099_cell_00665,72,21,40.8258638367026,-73.9756127765547,8426.4,Residential,land_use,0.4,13.6,11977.2
ghsl_8099_cell_00666,73,21,40.82586383670261,-73.96374725200957,1713.3,Residential,heuristic,1.1,0.0,11731.7
ghsl_8099_cell_00667,74,21,40.8258638367026,-73.95188172746445,31250.8,Residential,heuristic,37.8,45.5,11567.7
ghsl_8099_cell_00668,75,21,40.8258638367026,-73.94001620291934,36932.4,Residential,land_use,9.3,19.3,10821.1
ghsl_8099_cell_00669,76,21,40.82586383670261,-73.92815067837421,10858.2,Commercial,land_use,31.2,15.7,9830.9
ghsl_8099_cell_00670,77,21,40.82586383670261,-73.91628515382908,30415.4,Residential,land_use,5.5,19.3,8843.0
ghsl_8099_cell_00671,78,21,40.825863836702595,-73.90441962928396,25909.4,Residential,land_use,5.1,28.6,7858.5
ghsl_8099_cell_00672,79,21,40.8258638367026,-73.89255410473885,25773.2,Civic,land_use,3.5,23.6,6878.6
ghsl_8099_cell_00673,80,21,40.82586383670261,-73.88068858019373,22107.7,Commercial,land_use,5.6,9.5,5905.8
ghsl_8099_cell_00674,81,21,40.8258638367026,-73.86882305564862,20191.0,Residential,land_use,27.6,12.6,4944.2
ghsl_8099_cell_00675,82,21,40.8258638367026,-73.85695753110349,14455.5,Residential,land_use,3.3,11.5,4001.8
ghsl_8099_cell_00676,83,21,40.8258638367026,-73.84509200655835,5491.2,Residential,land_use,4.8,9.1,3095.9
ghsl_8099_cell_00677,84,21,40.8258638367026,-73.83322648201325,2136.3,Green,land_use,90.8,6.8,2211.4
ghsl_8099_cell_00678,85,21,40.82586383670261,-73.8213609574681,7893.8,Residential,land_use,10.8,14.9,1326.9
ghsl_8099_cell_00679,86,21,40.8258638367026,-73.80949543292299,3249.1,Residential,heuristic,4.3,0.0,442.2
ghsl_8099_cell_00680,112,21,40.82586383670261,-73.50099179474986,2076.6,Residential,land_use,0.8,67.0,442.7
ghsl_8099_cell_00681,47,22,40.81687639901856,-74.26595047738726,1715.1,Residential,land_use,2.4,175.7,441.9
ghsl_8099_cell_00682,48,22,40.81687639901856,-74.25408595937823,1418.5,Utility,land_use,3.9,114.6,1325.4
ghsl_8099_cell_00683,49,22,40.81687639901856,-74.24222144136922,107.5,Green,land_use,100.0,172.0,2209.0
ghsl_8099_cell_00684,50,22,40.81687639901857,-74.23035692336023,1165.2,Residential,land_use,2.0,199.7,2495.4
ghsl_8099_cell_00685,51,22,40.81687639901856,-74.21849240535123,4514.0,Civic,land_use,3.5,95.6,2495.3
ghsl_8099_cell_00686,52,22,40.81687639901857,-74.20662788734221,3122.9,Civic,land_use,4.2,90.0,2628.9
ghsl_8099_cell_00687,53,22,40.81687639901857,-74.19476336933319,3191.5,Civic,land_use,3.5,66.7,3093.4
ghsl_8099_cell_00688,54,22,40.81687639901857,-74.18289885132421,3415.5,Green,land_use,50.6,49.4,3772.3
ghsl_8099_cell_00689,55,22,40.81687639901856,-74.17103433331519,4034.0,Residential,heuristic,2.5,32.5,4571.1
ghsl_8099_cell_00690,56,22,40.81687639901857,-74.15916981530619,3296.6,Residential,heuristic,15.9,35.4,5437.1
ghsl_8099_cell_00691,57,22,40.81687639901856,-74.14730529729718,2823.9,Industrial,land_use,23.5,47.6,6343.0
ghsl_8099_cell_00692,58,22,40.81687639901857,-74.13544077928816,2882.0,Residential,land_use,20.6,8.5,7258.4
ghsl_8099_cell_00693,59,22,40.81687639901856,-74.12357626127917,4035.3,Residential,land_use,2.3,7.7,8149.9
ghsl_8099_cell_00694,60,22,40.81687639901857,-74.11171174327015,3597.0,Residential,land_use,3.1,39.1,9064.2
ghsl_8099_cell_00695,61,22,40.81687639901856,-74.09984722526113,1254.4,Industrial,land_use,0.3,2.5,9995.1
ghsl_8099_cell_00696,62,22,40.81687639901857,-74.08798270725214,0.0,Unbuilt,heuristic,12.6,4.0,10938.3
ghsl_8099_cell_00697,63,22,40.81687639901856,-74.07611818924312,3.7,Residential,heuristic,9.7,0.6,11890.9
ghsl_8099_cell_00698,64,22,40.81687639901857,-74.06425367123411,24.1,Industrial,land_use,1.9,2.3,12520.4
ghsl_8099_cell_00699,65,22,40.81687639901857,-74.0523891532251,0.0,Industrial,land_use,0.2,0.2,12471.8
ghsl_8099_cell_00700,66,22,40.81687639901856,-74.0405246352161,0.0,Green,land_use,100.0,0.7,12471.3
ghsl_8099_cell_00701,67,22,40.81687639901856,-74.02866011720708,0.0,Green,land_use,41.2,1.7,12471.4
ghsl_8099_cell_00702,68,22,40.81687639901856,-74.01679559919808,527.1,Residential,heuristic,0.1,3.0,12503.7
ghsl_8099_cell_00703,69,22,40.81687639901857,-74.00493108118906,4347.0,Industrial,land_use,0.5,38.3,12615.3
ghsl_8099_cell_00704,70,22,40.81687639901857,-73.99306656318005,12072.5,Residential,land_use,0.7,81.1,12804.6
ghsl_8099_cell_00705,71,22,40.81687639901856,-73.98120204517105,2639.8,Residential,land_use,3.8,5.7,13068.1
ghsl_8099_cell_00706,72,22,40.81687639901856,-73.96933752716204,762.0,Civic,land_use,1.0,0.0,12807.9
ghsl_8099_cell_00707,73,22,40.81687639901857,-73.95747300915305,29191.1,Residential,land_use,3.4,14.2,12443.0
ghsl_8099_cell_00708,74,22,40.81687639901856,-73.94560849114403,23370.1,Civic,land_use,16.2,16.3,11464.3
ghsl_8099_cell_00709,75,22,40.81687639901856,-73.93374397313502,16462.8,Residential,land_use,8.4,0.0,10489.7
ghsl_8099_cell_00710,76,22,40.81687639901856,-73.92187945512602,21241.8,Residential,land_use,5.6,13.7,9520.6
ghsl_8099_cell_00711,77,22,40.81687639901856,-73.91001493711701,24539.6,Residential,land_use,3.8,21.7,8558.8
ghsl_8099_cell_00712,78,22,40.81687639901857,-73.898150419108,19248.6,Residential,heuristic,7.1,21.3,7607.1
ghsl_8099_cell_00713,79,22,40.81687639901857,-73.88628590109897,13164.3,Utility,land_use,6.7,27.6,6669.7
ghsl_8099_cell_00714,80,22,40.81687639901857,-73.87442138308997,4721.9,Green,land_use,100.0,11.0,5753.8
ghsl_8099_cell_00715,81,22,40.81687639901857,-73.86255686508098,17079.1,Residential,land_use,2.8,11.9,4865.1
ghsl_8099_cell_00716,82,22,40.81687639901857,-73.85069234707196,12822.0,Residential,land_use,30.8,7.2,3980.7
ghsl_8099_cell_00717,83,22,40.81687639901856,-73.83882782906295,1320.7,Green,land_use,89.2,5.5,3096.2
ghsl_8099_cell_00718,84,22,40.81687639901856,-73.82696331105393,4740.7,Utility,land_use,17.9,10.2,2211.6
ghsl_8099_cell_00719,85,22,40.81687639901857,-73.81509879304494,7403.3,Civic,land_use,5.1,11.6,1327.0
ghsl_8099_cell_00720,86,22,40.81687639901857,-73.80323427503593,2469.3,Residential,land_use,6.8,5.5,442.3
ghsl_8099_cell_00721,111,22,40.81687639901856,-73.50662132481071,1906.8,Residential,land_use,8.3,64.8,442.7
ghsl_8099_cell_00722,112,22,40.81687639901856,-73.49475680680172,2264.5,Residential,land_use,2.7,82.7,442.7
ghsl_8099_cell_00723,131,22,40.81687639901857,-73.26933096463056,100.3,Industrial,land_use,25.7,60.6,443.1
ghsl_8099_cell_00724,132,22,40.81687639901856,-73.25746644662154,0.0,Industrial,land_use,0.0,51.5,499.3
ghsl_8099_cell_00725,133,22,40.81687639901857,-73.24560192861253,391.5,Industrial,land_use,0.0,38.0,499.2
ghsl_8099_cell_00726,134,22,40.81687639901857,-73.23373741060352,1207.4,Residential,land_use,1.0,37.5,443.1
ghsl_8099_cell_00727,47,23,40.8078894166188,-74.25965295799702,2235.0,Residential,heuristic,17.6,132.2,441.8
ghsl_8099_cell_00728,48,23,40.8078894166188,-74.24778944606184,757.6,Residential,land_use,3.1,153.4,1332.9
ghsl_8099_cell_00729,49,23,40.807889416618785,-74.23592593412671,317.8,Green,land_use,100.0,202.2,2292.0
ghsl_8099_cell_00730,50,23,40.807889416618785,-74.2240624221916,2276.1,Residential,land_use,1.0,95.7,3276.3
ghsl_8099_cell_00731,51,23,40.80788941661879,-74.21219891025648,4819.4,Residential,land_use,10.1,78.4,3511.5
ghsl_8099_cell_00732,52,23,40.80788941661879,-74.20033539832133,2684.5,Civic,land_use,1.3,69.8,3748.1
ghsl_8099_cell_00733,53,23,40.80788941661879,-74.18847188638617,4377.2,Residential,heuristic,11.2,54.5,4215.3
ghsl_8099_cell_00734,54,23,40.80788941661879,-74.17660837445105,2368.7,Residential,heuristic,29.4,41.8,4846.9
ghsl_8099_cell_00735,55,23,40.8078894166188,-74.16474486251589,3975.9,Residential,heuristic,8.3,33.7,5587.4
ghsl_8099_cell_00736,56,23,40.8078894166188,-74.15288135058076,5155.2,Residential,land_use,8.1,50.4,6399.1
ghsl_8099_cell_00737,57,23,40.80788941661879,-74.14101783864562,2674.7,Residential,land_use,31.8,5.2,7258.3
ghsl_8099_cell_00738,58,23,40.8078894166188,-74.12915432671049,5064.6,Residential,land_use,1.8,9.7,8149.8
ghsl_8099_cell_00739,59,23,40.8078894166188,-74.11729081477534,4009.8,Residential,land_use,4.7,16.5,9064.1
ghsl_8099_cell_00740,60,23,40.807889416618785,-74.10542730284021,1250.1,Commercial,land_use,16.3,1.1,9964.3
ghsl_8099_cell_00741,61,23,40.807889416618785,-74.09356379090507,0.0,Residential,land_use,0.0,1.1,10866.9
ghsl_8099_cell_00742,62,23,40.80788941661879,-74.08170027896993,2.9,Commercial,land_use,0.6,1.6,11760.0
ghsl_8099_cell_00743,63,23,40.80788941661879,-74.06983676703479,0.0,Commercial,land_use,23.7,3.3,11581.5
ghsl_8099_cell_00744,64,23,40.80788941661879,-74.05797325509965,438.1,Civic,land_use,8.9,2.1,11487.9
ghsl_8099_cell_00745,65,23,40.80788941661879,-74.04610974316454,11.6,Residential,heuristic,2.5,0.0,11473.3
ghsl_8099_cell_00746,66,23,40.8078894166188,-74.03424623122939,0.0,Industrial,land_use,0.0,2.5,11473.3
ghsl_8099_cell_00747,67,23,40.8078894166188,-74.02238271929424,1458.6,Industrial,land_use,0.0,1.8,11481.3
ghsl_8099_cell_00748,68,23,40.80788941661879,-74.0105192073591,9951.3,Industrial,land_use,1.2,53.8,11562.0
ghsl_8099_cell_00749,69,23,40.8078894166188,-73.99865569542396,9108.6,Green,land_use,78.2,66.9,11727.9
ghsl_8099_cell_00750,70,23,40.807889416618785,-73.98679218348883,4598.6,Residential,land_use,0.4,7.5,11975.7
ghsl_8099_cell_00751,71,23,40.80788941661879,-73.9749286715537,3165.4,Green,land_use,43.4,0.0,12300.3
ghsl_8099_cell_00752,72,23,40.8078894166188,-73.96306515961858,28263.6,Civic,land_use,15.5,53.8,12695.9
ghsl_8099_cell_00753,73,23,40.8078894166188,-73.95120164768343,25662.9,Residential,land_use,12.2,15.7,12174.0
ghsl_8099_cell_00754,74,23,40.80788941661879,-73.93933813574829,21727.1,Residential,land_use,7.0,17.3,11219.0
ghsl_8099_cell_00755,75,23,40.8078894166188,-73.92747462381313,11566.5,Residential,land_use,5.3,6.0,10272.6
ghsl_8099_cell_00756,76,23,40.8078894166188,-73.915611111878,25333.3,Residential,land_use,20.3,15.1,9337.7
ghsl_8099_cell_00757,77,23,40.807889416618785,-73.90374759994288,4902.4,Residential,heuristic,0.4,7.6,8417.9
ghsl_8099_cell_00758,78,23,40.807889416618785,-73.89188408800773,572.0,Utility,land_use,3.0,9.4,7518.8
ghsl_8099_cell_00759,79,23,40.807889416618785,-73.8800205760726,676.1,Industrial,land_use,3.5,10.6,6634.4
ghsl_8099_cell_00760,80,23,40.80788941661879,-73.86815706413746,0.0,Residential,heuristic,4.3,0.0,5750.0
ghsl_8099_cell_00761,81,23,40.80788941661879,-73.8562935522023,5316.4,Residential,heuristic,18.5,7.3,4865.6
ghsl_8099_cell_00762,82,23,40.80788941661879,-73.84443004026717,324.4,Residential,heuristic,10.1,0.0,3981.0
ghsl_8099_cell_00763,83,23,40.807889416618785,-73.83256652833205,0.0,Green,land_use,95.3,3.7,3096.5
ghsl_8099_cell_00764,84,23,40.80788941661879,-73.8207030163969,30.2,Residential,heuristic,0.6,0.0,2211.8
ghsl_8099_cell_00765,85,23,40.80788941661879,-73.80883950446176,307.0,Residential,heuristic,0.0,0.0,1327.1
ghsl_8099_cell_00766,86,23,40.80788941661879,-73.79697599252661,1738.2,Civic,land_use,12.8,10.6,442.3
ghsl_8099_cell_00767,91,23,40.80788941661879,-73.73765843285094,3271.3,Residential,land_use,14.6,28.2,442.5
ghsl_8099_cell_00768,92,23,40.80788941661879,-73.7257949209158,1645.2,Residential,land_use,0.8,40.7,442.5
ghsl_8099_cell_00769,110,23,40.807889416618785,-73.5122517060833,1412.0,Industrial,land_use,2.2,66.8,442.8
ghsl_8099_cell_00770,111,23,40.80788941661879,-73.50038819414819,2370.2,Residential,land_use,1.4,60.9,912.0
ghsl_8099_cell_00771,112,23,40.8078894166188,-73.48852468221303,572.5,Commercial,land_use,17.4,64.3,442.8
ghsl_8099_cell_00772,131,23,40.807889416618785,-73.26311795544541,724.7,Residential,land_use,0.8,43.5,443.1
ghsl_8099_cell_00773,132,23,40.80788941661879,-73.25125444351028,816.2,Industrial,land_use,3.9,48.0,1336.2
ghsl_8099_cell_00774,133,23,40.8078894166188,-73.23939093157513,696.3,Industrial,land_use,3.1,40.9,1329.5
ghsl_8099_cell_00775,134,23,40.80788941661879,-73.22752741964,156.6,Industrial,land_use,3.3,41.7,553.1
ghsl_8099_cell_00776,135,23,40.807889416618785,-73.21566390770485,1006.1,Residential,land_use,1.8,37.5,443.2
ghsl_8099_cell_00777,46,24,40.798902889318,-74.26522083667103,1493.1,Residential,heuristic,6.6,122.1,441.9
ghsl_8099_cell_00778,47,24,40.79890288931801,-74.25335833034781,1943.0,Residential,land_use,1.9,165.7,914.2
ghsl_8099_cell_00779,48,24,40.798902889318,-74.24149582402455,1573.3,Residential,heuristic,1.4,175.5,1836.2
ghsl_8099_cell_00780,49,24,40.79890288931799,-74.2296333177013,3243.5,Residential,heuristic,0.1,100.5,2812.8
ghsl_8099_cell_00781,50,24,40.79890288931801,-74.21777081137807,2453.3,Civic,land_use,21.8,78.3,3802.1
ghsl_8099_cell_00782,51,24,40.79890288931799,-74.20590830505483,2380.0,Residential,heuristic,6.0,61.9,4578.2
ghsl_8099_cell_00783,52,24,40.79890288931801,-74.1940457987316,3909.7,Civic,land_use,16.6,45.6,4872.3
ghsl_8099_cell_00784,53,24,40.79890288931801,-74.18218329240835,3609.8,Green,land_use,44.0,43.4,5340.6
ghsl_8099_cell_00785,54,24,40.79890288931799,-74.17032078608509,3147.3,Residential,land_use,3.2,35.2,5942.1
ghsl_8099_cell_00786,55,24,40.79890288931801,-74.15845827976183,5065.9,Civic,land_use,3.5,51.4,6640.6
ghsl_8099_cell_00787,56,24,40.79890288931801,-74.14659577343859,4727.7,Industrial,land_use,0.7,23.0,7408.7
ghsl_8099_cell_00788,57,24,40.798902889318,-74.13473326711535,3409.1,Residential,land_use,6.4,13.6,8227.0
ghsl_8099_cell_00789,58,24,40.79890288931801,-74.12287076079211,4422.0,Residential,land_use,2.2,34.1,9082.0
ghsl_8099_cell_00790,59,24,40.79890288931801,-74.11100825446887,255.0,Industrial,land_use,8.6,3.5,9964.1
ghsl_8099_cell_00791,60,24,40.798902889318,-74.09914574814562,0.0,Industrial,land_use,0.0,1.6,10866.8
ghsl_8099_cell_00792,61,24,40.798902889318,-74.08728324182238,0.0,Green,land_use,100.0,1.4,10911.0
ghsl_8099_cell_00793,62,24,40.798902889318,-74.07542073549914,237.5,Residential,heuristic,12.3,0.0,10674.2
ghsl_8099_cell_00794,63,24,40.79890288931801,-74.0635582291759,3079.1,Residential,land_use,9.2,8.5,10527.8
ghsl_8099_cell_00795,64,24,40.798902889318,-74.05169572285263,2768.4,Residential,land_use,9.5,5.3,10475.5
ghsl_8099_cell_00796,65,24,40.798902889318,-74.0398332165294,34.2,Industrial,land_use,4.9,0.0,10475.3
ghsl_8099_cell_00797,66,24,40.79890288931801,-74.02797071020616,2909.5,Industrial,land_use,4.2,1.8,10475.4
ghsl_8099_cell_00798,67,24,40.798902889318,-74.01610820388291,13821.3,Civic,land_use,2.7,70.4,10519.0
ghsl_8099_cell_00799,68,24,40.79890288931799,-74.00424569755965,11906.9,Residential,land_use,1.5,59.8,10656.9
ghsl_8099_cell_00800,69,24,40.79890288931799,-73.99238319123641,2798.1,Residential,land_use,0.4,0.0,10885.6
ghsl_8099_cell_00801,70,24,40.79890288931799,-73.98052068491317,4492.0,Residential,heuristic,13.1,0.0,11199.6
ghsl_8099_cell_00802,71,24,40.79890288931799,-73.96865817858995,40184.6,Residential,land_use,6.1,37.0,11592.0
ghsl_8099_cell_00803,72,24,40.79890288931801,-73.95679567226671,24184.6,Residential,land_use,8.0,39.0,12055.0
ghsl_8099_cell_00804,73,24,40.79890288931801,-73.94493316594345,40248.0,Residential,land_use,7.8,18.6,12005.7
ghsl_8099_cell_00805,74,24,40.798902889318,-73.93307065962021,22799.2,Residential,land_use,9.8,4.3,11083.9
ghsl_8099_cell_00806,75,24,40.79890288931801,-73.92120815329697,174.2,Industrial,land_use,9.2,3.4,10177.1
ghsl_8099_cell_00807,76,24,40.79890288931801,-73.90934564697373,799.3,Industrial,land_use,1.5,5.5,9288.1
ghsl_8099_cell_00808,77,24,40.79890288931799,-73.89748314065046,0.0,Utility,land_use,0.0,0.0,8403.8
ghsl_8099_cell_00809,78,24,40.798902889318,-73.88562063432724,3683.6,Residential,heuristic,0.1,0.0,7519.5
ghsl_8099_cell_00810,79,24,40.79890288931801,-73.873758128004,68.3,Industrial,land_use,0.5,0.0,6635.1
ghsl_8099_cell_00811,80,24,40.798902889318,-73.86189562168073,0.0,Unbuilt,heuristic,0.0,0.0,5750.6
ghsl_8099_cell_00812,81,24,40.79890288931801,-73.85003311535749,110.1,Residential,heuristic,2.2,0.0,4866.1
ghsl_8099_cell_00813,82,24,40.79890288931801,-73.83817060903425,27.9,Residential,heuristic,0.8,0.0,3981.5
ghsl_8099_cell_00814,83,24,40.798902889318,-73.826308102711,971.9,Residential,heuristic,3.8,0.0,3096.8
ghsl_8099_cell_00815,84,24,40.798902889318,-73.81444559638776,1231.7,Residential,land_use,0.0,0.0,2212.1
ghsl_8099_cell_00816,85,24,40.79890288931801,-73.80258309006453,1236.3,Residential,heuristic,0.0,0.0,1327.3
ghsl_8099_cell_00817,86,24,40.798902889318,-73.79072058374128,3.8,Residential,heuristic,0.0,0.0,442.4
ghsl_8099_cell_00818,89,24,40.79890288931801,-73.75513306477154,451.0,Residential,land_use,3.3,0.0,442.5
ghsl_8099_cell_00819,90,24,40.798902889318,-73.74327055844829,1397.0,Residential,land_use,6.5,20.7,499.0
ghsl_8099_cell_00820,91,24,40.79890288931799,-73.73140805212505,3333.9,Residential,land_use,7.8,26.3,912.7
ghsl_8099_cell_00821,92,24,40.798902889318,-73.71954554580181,2208.8,Residential,land_use,9.0,38.4,552.4
ghsl_8099_cell_00822,93,24,40.798902889318,-73.70768303947857,1779.0,Residential,land_use,2.6,15.0,499.2
ghsl_8099_cell_00823,94,24,40.79890288931801,-73.69582053315531,2655.5,Residential,land_use,3.0,25.9,499.3
ghsl_8099_cell_00824,95,24,40.79890288931799,-73.68395802683207,1967.6,Residential,land_use,5.9,59.5,499.4
ghsl_8099_cell_00825,96,24,40.79890288931801,-73.67209552050883,1594.2,Residential,land_use,3.0,61.0,499.3
ghsl_8099_cell_00826,97,24,40.798902889318,-73.66023301418558,1633.1,Residential,land_use,1.8,63.5,442.7
ghsl_8099_cell_00827,108,24,40.798902889318,-73.5297454446299,1779.2,Residential,land_use,5.1,65.8,442.8
ghsl_8099_cell_00828,109,24,40.79890288931799,-73.51788293830663,959.1,Industrial,land_use,7.0,58.2,499.0
ghsl_8099_cell_00829,110,24,40.798902889318,-73.5060204319834,1444.5,Residential,land_use,5.3,62.8,912.0
ghsl_8099_cell_00830,111,24,40.798902889318,-73.49415792566016,1693.5,Residential,land_use,18.4,60.3,1328.5
ghsl_8099_cell_00831,112,24,40.79890288931801,-73.48229541933691,860.4,Residential,land_use,15.9,58.2,442.8
ghsl_8099_cell_00832,130,24,40.798902889318,-73.26877030551853,1727.9,Civic,land_use,16.9,38.4,443.1
ghsl_8099_cell_00833,131,24,40.798902889318,-73.25690779919529,4267.7,Civic,land_use,0.0,39.9,911.3
ghsl_8099_cell_00834,132,24,40.79890288931799,-73.24504529287204,3480.7,Civic,land_use,2.8,37.1,1832.8
ghsl_8099_cell_00835,133,24,40.798902889318,-73.23318278654878,2501.1,Residential,heuristic,0.0,35.2,1659.3
ghsl_8099_cell_00836,134,24,40.79890288931799,-73.22132028022554,2153.3,Residential,heuristic,0.0,39.3,1329.7
ghsl_8099_cell_00837,135,24,40.79890288931801,-73.2094577739023,2080.2,Civic,land_use,13.7,34.2,553.1
ghsl_8099_cell_00838,136,24,40.798902889318,-73.19759526757906,3523.4,Civic,land_use,0.3,31.7,499.0
ghsl_8099_cell_00839,137,24,40.79890288931801,-73.18573276125582,2357.1,Industrial,land_use,0.0,21.6,443.3
ghsl_8099_cell_00840,46,25,40.78991681693099,-74.25892809394992,899.7,Green,land_use,46.3,184.9,441.9
ghsl_8099_cell_00841,47,25,40.789916816931,-74.24706659277686,672.5,Residential,land_use,22.5,154.3,1325.8
ghsl_8099_cell_00842,48,25,40.789916816931,-74.2352050916038,3489.7,Residential,heuristic,2.7,100.6,2209.7
ghsl_8099_cell_00843,49,25,40.78991681693099,-74.22334359043076,5142.5,Green,land_use,40.0,70.3,3093.6
ghsl_8099_cell_00844,50,25,40.78991681693099,-74.21148208925769,3629.7,Residential,land_use,4.8,53.3,3999.8
ghsl_8099_cell_00845,51,25,40.78991681693099,-74.19962058808463,3945.0,Residential,heuristic,29.3,40.3,4942.5
ghsl_8099_cell_00846,52,25,40.789916816931,-74.18775908691158,5784.7,Residential,heuristic,1.2,42.7,5904.5
ghsl_8099_cell_00847,53,25,40.78991681693099,-74.17589758573851,3375.3,Civic,land_use,11.3,36.3,6467.6
ghsl_8099_cell_00848,54,25,40.789916816931,-74.16403608456544,4521.0,Green,land_use,51.2,45.2,7048.2
ghsl_8099_cell_00849,55,25,40.78991681693099,-74.15217458339238,4800.0,Industrial,land_use,1.1,17.7,7715.4
ghsl_8099_cell_00850,56,25,40.78991681693099,-74.14031308221932,4668.6,Residential,land_use,4.3,23.8,8448.7
ghsl_8099_cell_00851,57,25,40.78991681693099,-74.12845158104625,1932.6,Green,land_use,84.8,46.8,9232.4
ghsl_8099_cell_00852,58,25,40.78991681693099,-74.1165900798732,465.8,Residential,land_use,0.0,16.9,10054.7
ghsl_8099_cell_00853,59,25,40.78991681693099,-74.10472857870013,0.0,Green,land_use,44.7,18.1,10502.7
ghsl_8099_cell_00854,60,25,40.789916816931,-74.09286707752707,0.0,Industrial,land_use,37.2,1.5,10111.5
ghsl_8099_cell_00855,61,25,40.78991681693099,-74.08100557635402,1118.7,Residential,land_use,14.1,0.0,9807.4
ghsl_8099_cell_00856,62,25,40.78991681693099,-74.06914407518094,1641.6,Civic,land_use,1.4,8.9,9598.7
ghsl_8099_cell_00857,63,25,40.789916816931,-74.05728257400789,4391.7,Residential,heuristic,7.2,4.0,9491.7
ghsl_8099_cell_00858,64,25,40.78991681693099,-74.04542107283483,130.6,Commercial,land_use,1.7,6.3,9477.4
ghsl_8099_cell_00859,65,25,40.789916816931,-74.03355957166175,1336.5,Industrial,land_use,0.0,7.7,9477.4
ghsl_8099_cell_00860,66,25,40.789916816931,-74.02169807048872,12783.6,Industrial,land_use,26.3,55.4,9489.9
ghsl_8099_cell_00861,67,25,40.789916816931,-74.00983656931564,24933.1,Civic,land_use,3.9,54.3,9593.4
ghsl_8099_cell_00862,68,25,40.78991681693099,-73.9979750681426,8114.4,Residential,land_use,1.3,4.7,9798.7
ghsl_8099_cell_00863,69,25,40.789916816931,-73.98611356696954,5735.3,Residential,heuristic,32.0,0.0,10099.7
ghsl_8099_cell_00864,70,25,40.78991681693099,-73.97425206579646,47502.1,Civic,land_use,2.8,73.8,10488.0
ghsl_8099_cell_00865,71,25,40.789916816931,-73.9623905646234,15804.4,Residential,land_use,4.5,36.7,10954.5
ghsl_8099_cell_00866,72,25,40.789916816931,-73.95052906345033,30895.5,Residential,land_use,26.8,13.2,11489.6
ghsl_8099_cell_00867,73,25,40.78991681693099,-73.93866756227729,24374.5,Green,land_use,49.5,18.6,11942.4
ghsl_8099_cell_00868,74,25,40.789916816931,-73.92680606110422,1130.3,Civic,land_use,8.8,9.0,11057.6
ghsl_8099_cell_00869,75,25,40.78991681693099,-73.91494455993116,195.6,Green,land_use,94.4,0.0,10173.4
ghsl_8099_cell_00870,76,25,40.789916816931,-73.9030830587581,0.0,Industrial,land_use,0.0,0.0,9289.1
ghsl_8099_cell_00871,77,25,40.78991681693099,-73.89122155758504,1607.8,Residential,heuristic,0.2,0.0,8404.7
ghsl_8099_cell_00872,78,25,40.789916816931,-73.87936005641197,6321.7,Residential,heuristic,9.6,9.5,7520.3
ghsl_8099_cell_00873,79,25,40.789916816931,-73.86749855523891,82.5,Residential,heuristic,0.0,0.0,6635.8
ghsl_8099_cell_00874,80,25,40.789916816931,-73.85563705406585,3091.8,Residential,heuristic,1.0,0.0,5751.2
ghsl_8099_cell_00875,81,25,40.789916816931,-73.8437755528928,9591.3,Civic,land_use,9.9,6.2,4866.6
ghsl_8099_cell_00876,82,25,40.78991681693099,-73.83191405171974,1804.1,Residential,heuristic,12.8,3.0,3981.9
ghsl_8099_cell_00877,83,25,40.789916816931,-73.82005255054668,4213.1,Civic,land_use,5.9,21.1,3097.2
ghsl_8099_cell_00878,84,25,40.789916816931,-73.80819104937362,4092.4,Residential,land_use,3.8,12.4,2212.4
ghsl_8099_cell_00879,85,25,40.78991681693099,-73.79632954820055,4556.6,Utility,land_use,22.4,11.4,1327.5
ghsl_8099_cell_00880,86,25,40.78991681693099,-73.78446804702749,3397.7,Residential,land_use,10.9,3.6,552.3
ghsl_8099_cell_00881,87,25,40.789916816931,-73.77260654585442,5.6,Utility,land_use,15.3,10.8,442.6
ghsl_8099_cell_00882,89,25,40.789916816931,-73.74888354350831,1374.6,Residential,land_use,3.5,34.6,442.6
ghsl_8099_cell_00883,90,25,40.78991681693099,-73.73702204233524,2478.7,Residential,land_use,2.5,43.8,1334.8
ghsl_8099_cell_00884,91,25,40.78991681693099,-73.72516054116218,5041.6,Residential,land_use,3.8,42.9,1657.1
ghsl_8099_cell_00885,92,25,40.78991681693099,-73.71329903998911,2100.8,Residential,land_use,4.7,46.3,1497.0
ghsl_8099_cell_00886,93,25,40.78991681693099,-73.70143753881604,630.2,Residential,land_use,29.9,28.9,1497.2
ghsl_8099_cell_00887,94,25,40.789916816931,-73.689576037643,683.1,Commercial,land_use,7.6,54.5,1497.3
ghsl_8099_cell_00888,95,25,40.789916816931,-73.67771453646992,1957.6,Residential,land_use,5.1,66.6,1497.2
ghsl_8099_cell_00889,96,25,40.78991681693099,-73.66585303529686,1168.7,Residential,land_use,4.8,88.0,1328.0
ghsl_8099_cell_00890,97,25,40.78991681693099,-73.6539915341238,2324.5,Residential,land_use,2.7,62.8,552.5
ghsl_8099_cell_00891,98,25,40.78991681693099,-73.64213003295073,3047.2,Residential,land_use,4.5,45.6,499.0
ghsl_8099_cell_00892,99,25,40.78991681693099,-73.6302685317777,2030.7,Residential,land_use,1.3,56.4,442.7
ghsl_8099_cell_00893,107,25,40.789916816931,-73.5353765223932,979.9,Commercial,land_use,26.3,56.9,442.8
ghsl_8099_cell_00894,108,25,40.789916816931,-73.52351502122013,1600.2,Residential,land_use,14.6,60.4,912.0
ghsl_8099_cell_00895,109,25,40.78991681693099,-73.51165352004708,2086.4,Residential,land_use,10.0,58.9,1524.3
ghsl_8099_cell_00896,110,25,40.78991681693099,-73.49979201887402,2285.1,Residential,land_use,8.4,56.9,1975.4
ghsl_8099_cell_00897,111,25,40.789916816931,-73.48793051770096,2402.5,Residential,land_use,5.8,51.6,1328.7
ghsl_8099_cell_00898,112,25,40.789916816931,-73.4760690165279,2934.1,Residential,land_use,3.1,54.5,552.7
ghsl_8099_cell_00899,113,25,40.78991681693099,-73.46420751535483,547.8,Industrial,land_use,8.1,69.8,443.0
ghsl_8099_cell_00900,129,25,40.78991681693099,-73.27442349658585,786.6,Civic,land_use,8.4,39.4,443.2
ghsl_8099_cell_00901,130,25,40.789916816931,-73.26256199541278,3199.5,Civic,land_use,0.5,34.9,911.2
ghsl_8099_cell_00902,131,25,40.78991681693099,-73.25070049423972,4078.4,Utility,land_use,6.1,32.3,1832.8
ghsl_8099_cell_00903,132,25,40.78991681693099,-73.23883899306666,1502.5,Residential,land_use,70.5,26.6,2733.7
ghsl_8099_cell_00904,133,25,40.789916816931,-73.22697749189359,2375.8,Residential,heuristic,0.0,28.8,2278.1
ghsl_8099_cell_00905,134,25,40.78991681693099,-73.21511599072055,2434.5,Industrial,land_use,0.0,26.4,1659.4
ghsl_8099_cell_00906,135,25,40.789916816931,-73.20325448954749,2423.3,Residential,land_use,0.0,28.5,1496.9
ghsl_8099_cell_00907,136,25,40.789916816931,-73.19139298837442,2278.9,Civic,land_use,7.9,18.2,911.0
ghsl_8099_cell_00908,137,25,40.78991681693099,-73.17953148720137,1342.8,Industrial,land_use,0.0,28.1,443.3
ghsl_8099_cell_00909,46,26,40.78093119927269,-74.25263824010725,1682.1,Civic,land_use,1.3,133.1,441.9
ghsl_8099_cell_00910,47,26,40.78093119927269,-74.24077774362291,2976.9,Industrial,land_use,0.0,69.9,1333.2
ghsl_8099_cell_00911,48,26,40.780931199272686,-74.22891724713858,6739.4,Industrial,land_use,1.9,49.6,2292.5
ghsl_8099_cell_00912,49,26,40.78093119927269,-74.21705675065427,4043.5,Industrial,land_use,4.7,52.6,3277.0
ghsl_8099_cell_00913,50,26,40.78093119927269,-74.20519625416995,4214.1,Residential,heuristic,2.8,42.5,4269.3
ghsl_8099_cell_00914,51,26,40.78093119927269,-74.19333575768562,3552.5,Industrial,land_use,5.6,45.0,5264.9
ghsl_8099_cell_00915,52,26,40.78093119927269,-74.1814752612013,6460.9,Utility,land_use,2.5,34.0,6262.4
ghsl_8099_cell_00916,53,26,40.78093119927269,-74.16961476471698,8414.0,Residential,land_use,2.6,46.3,7260.8
ghsl_8099_cell_00917,54,26,40.78093119927269,-74.15775426823267,6410.1,Industrial,land_use,1.4,19.3,8160.7
ghsl_8099_cell_00918,55,26,40.7809311992727,-74.14589377174832,3386.1,Residential,land_use,2.2,12.6,8804.0
ghsl_8099_cell_00919,56,26,40.78093119927269,-74.134033275264,6116.9,Residential,land_use,0.2,32.0,9509.2
ghsl_8099_cell_00920,57,26,40.7809311992727,-74.12217277877969,451.2,Industrial,land_use,1.1,2.8,10263.6
ghsl_8099_cell_00921,58,26,40.78093119927269,-74.11031228229535,0.0,Green,land_use,100.0,0.0,9842.8
ghsl_8099_cell_00922,59,26,40.78093119927269,-74.09845178581104,0.0,Unbuilt,heuristic,1.1,0.5,9374.0
ghsl_8099_cell_00923,60,26,40.78093119927269,-74.08659128932669,1.2,Residential,heuristic,0.0,0.0,8992.8
ghsl_8099_cell_00924,61,26,40.78093119927269,-74.07473079284239,998.3,Commercial,land_use,0.1,6.2,8710.6
ghsl_8099_cell_00925,62,26,40.78093119927269,-74.06287029635806,773.2,Residential,heuristic,2.4,16.0,8537.3
ghsl_8099_cell_00926,63,26,40.78093119927269,-74.05100979987373,234.9,Commercial,land_use,11.7,1.3,8479.6
ghsl_8099_cell_00927,64,26,40.780931199272686,-74.03914930338941,3178.6,Commercial,land_use,4.9,2.1,8479.6
ghsl_8099_cell_00928,65,26,40.78093119927269,-74.02728880690508,15318.1,Civic,land_use,13.9,40.1,8479.7
ghsl_8099_cell_00929,66,26,40.780931199272686,-74.01542831042076,21308.4,Civic,land_use,3.6,45.7,8540.1
ghsl_8099_cell_00930,67,26,40.78093119927269,-74.00356781393643,4245.2,Residential,land_use,3.2,0.0,8716.0
ghsl_8099_cell_00931,68,26,40.78093119927269,-73.99170731745211,11668.4,Residential,land_use,12.1,0.0,9000.6
ghsl_8099_cell_00932,69,26,40.780931199272686,-73.9798468209678,38436.0,Civic,land_use,8.3,36.8,9384.1
ghsl_8099_cell_00933,70,26,40.78093119927269,-73.96798632448348,10150.6,Green,land_use,100.0,42.5,9854.8
ghsl_8099_cell_00934,71,26,40.780931199272686,-73.95612582799914,44049.5,Civic,land_use,0.4,39.8,10401.0
ghsl_8099_cell_00935,72,26,40.78093119927269,-73.94426533151484,32188.7,Civic,land_use,5.3,1.9,10955.6
ghsl_8099_cell_00936,73,26,40.780931199272686,-73.9324048350305,111.0,Residential,heuristic,8.2,0.0,11490.9
ghsl_8099_cell_00937,74,26,40.78093119927269,-73.9205443385462,7184.0,Civic,land_use,30.1,22.9,11058.7
ghsl_8099_cell_00938,75,26,40.78093119927269,-73.90868384206186,11498.8,Civic,land_use,6.4,13.3,10174.4
ghsl_8099_cell_00939,76,26,40.780931199272686,-73.89682334557753,47.9,Industrial,land_use,0.0,12.0,9290.0
ghsl_8099_cell_00940,77,26,40.78093119927269,-73.88496284909321,0.0,Unbuilt,heuristic,3.0,0.0,8405.6
ghsl_8099_cell_00941,78,26,40.780931199272686,-73.87310235260888,0.0,Unbuilt,heuristic,4.8,1.5,7521.1
ghsl_8099_cell_00942,79,26,40.78093119927269,-73.86124185612456,0.0,Unbuilt,heuristic,0.0,0.0,6636.5
ghsl_8099_cell_00943,80,26,40.7809311992727,-73.84938135964025,7309.0,Civic,land_use,0.7,8.4,5751.9
ghsl_8099_cell_00944,81,26,40.78093119927269,-73.83752086315592,3320.3,Civic,land_use,15.7,5.9,4867.2
ghsl_8099_cell_00945,82,26,40.780931199272686,-73.82566036667158,4295.4,Industrial,land_use,9.0,3.8,3982.4
ghsl_8099_cell_00946,83,26,40.78093119927269,-73.81379987018728,8069.9,Residential,heuristic,0.1,22.3,3098.1
ghsl_8099_cell_00947,84,26,40.78093119927269,-73.80193937370295,6883.3,Civic,land_use,2.3,24.2,2273.6
ghsl_8099_cell_00948,85,26,40.780931199272686,-73.79007887721862,3519.5,Green,land_use,54.6,23.7,1656.8
ghsl_8099_cell_00949,86,26,40.78093119927269,-73.77821838073429,10290.2,Civic,land_use,3.5,6.0,1327.7
ghsl_8099_cell_00950,87,26,40.780931199272686,-73.76635788424997,165.8,Civic,land_use,2.5,0.0,552.3
ghsl_8099_cell_00951,88,26,40.78093119927269,-73.75449738776564,807.0,Residential,heuristic,5.6,0.0,498.9
ghsl_8099_cell_00952,89,26,40.78093119927269,-73.74263689128132,976.8,Residential,land_use,23.0,3.0,912.6
ghsl_8099_cell_00953,90,26,40.780931199272686,-73.730776394797,3084.7,Residential,land_use,3.2,31.3,1834.5
ghsl_8099_cell_00954,91,26,40.78093119927269,-73.71891589831267,2713.8,Residential,land_use,8.6,51.4,2501.5
ghsl_8099_cell_00955,92,26,40.780931199272686,-73.70705540182834,1782.5,Residential,land_use,10.0,49.4,2494.9
ghsl_8099_cell_00956,93,26,40.78093119927269,-73.69519490534402,13.5,Green,land_use,100.0,84.9,2495.1
ghsl_8099_cell_00957,94,26,40.78093119927269,-73.68333440885971,409.3,Residential,land_use,6.5,96.5,2495.1
ghsl_8099_cell_00958,95,26,40.78093119927269,-73.67147391237536,874.7,Residential,land_use,22.6,70.0,2274.7
ghsl_8099_cell_00959,96,26,40.78093119927269,-73.65961341589106,1175.4,Residential,land_use,64.6,50.5,1657.4
ghsl_8099_cell_00960,97,26,40.780931199272686,-73.64775291940673,1594.2,Residential,land_use,13.4,42.4,1496.8
ghsl_8099_cell_00961,98,26,40.78093119927269,-73.63589242292242,875.0,Residential,land_use,12.4,42.7,1328.3
ghsl_8099_cell_00962,99,26,40.78093119927269,-73.6240319264381,300.4,Residential,land_use,23.0,46.0,442.8
ghsl_8099_cell_00963,105,26,40.78093119927269,-73.55286894753215,1309.9,Industrial,land_use,11.8,53.7,442.8
ghsl_8099_cell_00964,106,26,40.78093119927269,-73.54100845104783,2210.2,Commercial,land_use,13.9,48.8,498.9
ghsl_8099_cell_00965,107,26,40.78093119927269,-73.5291479545635,2319.9,Residential,land_use,9.8,46.8,912.0
ghsl_8099_cell_00966,108,26,40.78093119927269,-73.51728745807918,2984.8,Civic,land_use,9.5,52.5,1833.7
ghsl_8099_cell_00967,109,26,40.78093119927269,-73.50542696159484,3004.1,Residential,land_use,2.0,53.2,2624.0
ghsl_8099_cell_00968,110,26,40.780931199272686,-73.49356646511052,2651.2,Residential,land_use,5.8,52.2,2276.1
ghsl_8099_cell_00969,111,26,40.78093119927269,-73.48170596862622,2138.5,Residential,land_use,10.1,48.3,1335.8
ghsl_8099_cell_00970,112,26,40.78093119927269,-73.46984547214188,2054.1,Residential,land_use,3.2,50.9,443.0
ghsl_8099_cell_00971,123,26,40.78093119927269,-73.33938001081432,1497.5,Residential,land_use,2.3,26.9,443.1
ghsl_8099_cell_00972,124,26,40.780931199272686,-73.32751951433,1526.2,Residential,land_use,2.6,28.6,499.4
ghsl_8099_cell_00973,125,26,40.78093119927269,-73.31565901784569,1657.9,Residential,heuristic,3.0,34.2,499.5
ghsl_8099_cell_00974,126,26,40.78093119927269,-73.30379852136136,9.8,Residential,heuristic,12.7,37.1,499.5
ghsl_8099_cell_00975,127,26,40.78093119927269,-73.29193802487704,0.0,Industrial,land_use,0.3,24.1,499.3
ghsl_8099_cell_00976,128,26,40.78093119927269,-73.2800775283927,560.2,Industrial,land_use,6.1,26.2,499.0
ghsl_8099_cell_00977,129,26,40.780931199272686,-73.26821703190836,4528.8,Residential,heuristic,0.0,31.5,911.2
ghsl_8099_cell_00978,130,26,40.78093119927269,-73.25635653542406,2487.7,Residential,heuristic,9.0,31.3,1832.8
ghsl_8099_cell_00979,131,26,40.780931199272686,-73.24449603893974,2526.6,Commercial,land_use,1.5,22.9,2733.6
ghsl_8099_cell_00980,132,26,40.78093119927269,-73.23263554245543,3063.0,Civic,land_use,0.0,23.9,3322.9
ghsl_8099_cell_00981,133,26,40.78093119927269,-73.2207750459711,3265.5,Residential,heuristic,0.0,30.0,2765.7
ghsl_8099_cell_00982,134,26,40.780931199272686,-73.20891454948676,3913.6,Residential,heuristic,0.0,21.1,2296.2
ghsl_8099_cell_00983,135,26,40.78093119927269,-73.19705405300245,2896.3,Civic,land_use,1.2,23.3,1336.8
ghsl_8099_cell_00984,136,26,40.78093119927269,-73.18519355651812,3083.1,Residential,land_use,16.9,19.8,443.4
ghsl_8099_cell_00985,45,27,40.77194603615808,-74.25821076573958,2350.7,Civic,land_use,1.1,130.6,442.0
ghsl_8099_cell_00986,46,27,40.77194603615808,-74.2463512734828,5282.3,Industrial,land_use,1.7,60.7,914.1
ghsl_8099_cell_00987,47,27,40.771946036158084,-74.23449178122604,4452.3,Industrial,land_use,2.3,58.8,1836.2
ghsl_8099_cell_00988,48,27,40.77194603615808,-74.22263228896927,8224.4,Industrial,land_use,1.3,63.5,2812.9
ghsl_8099_cell_00989,49,27,40.77194603615808,-74.21077279671252,7501.7,Residential,land_use,4.2,58.6,3802.4
ghsl_8099_cell_00990,50,27,40.77194603615808,-74.19891330445574,4775.4,Civic,land_use,8.6,44.0,4796.7
ghsl_8099_cell_00991,51,27,40.771946036158084,-74.18705381219898,11326.7,Civic,land_use,1.6,35.1,5793.4
ghsl_8099_cell_00992,52,27,40.77194603615808,-74.17519431994222,4744.6,Green,land_use,100.0,31.6,6791.5
ghsl_8099_cell_00993,53,27,40.77194603615808,-74.16333482768545,9133.2,Civic,land_use,1.0,23.5,7790.3
ghsl_8099_cell_00994,54,27,40.77194603615808,-74.15147533542869,3814.4,Industrial,land_use,16.2,14.8,8789.7
ghsl_8099_cell_00995,55,27,40.771946036158084,-74.13961584317191,6406.2,Industrial,land_use,1.4,25.5,9789.4
ghsl_8099_cell_00996,56,27,40.77194603615808,-74.12775635091513,1192.2,Civic,land_use,20.5,1.4,9842.5
ghsl_8099_cell_00997,57,27,40.771946036158084,-74.11589685865839,0.0,Green,land_use,100.0,35.4,9268.0
ghsl_8099_cell_00998,58,27,40.77194603615808,-74.10403736640163,0.0,Green,land_use,100.0,0.2,8714.4
ghsl_8099_cell_00999,59,27,40.77194603615808,-74.09217787414484,3.9,Residential,heuristic,0.0,0.0,8245.8
ghsl_8099_cell_01000,60,27,40.77194603615808,-74.08031838188809,277.9,Commercial,land_use,0.0,7.7,7877.3
ghsl_8099_cell_01001,61,27,40.771946036158084,-74.06845888963133,552.3,Industrial,land_use,2.0,2.0,7623.5
ghsl_8099_cell_01002,62,27,40.77194603615808,-74.05659939737455,176.1,Industrial,land_use,0.0,2.8,7496.0
ghsl_8099_cell_01003,63,27,40.771946036158084,-74.04473990511781,2263.2,Industrial,land_use,0.3,1.1,7481.8
ghsl_8099_cell_01004,64,27,40.77194603615808,-74.03288041286102,15118.7,Commercial,land_use,2.3,57.5,7481.8
ghsl_8099_cell_01005,65,27,40.77194603615808,-74.02102092060426,12941.4,Residential,land_use,1.5,51.5,7501.4
ghsl_8099_cell_01006,66,27,40.77194603615808,-74.00916142834748,1142.5,Residential,heuristic,0.6,0.0,7639.4
ghsl_8099_cell_01007,67,27,40.771946036158084,-73.99730193609072,4106.5,Green,land_use,100.0,0.0,7903.0
ghsl_8099_cell_01008,68,27,40.771946036158084,-73.98544244383396,33331.6,Civic,land_use,5.3,26.9,8280.1
ghsl_8099_cell_01009,69,27,40.77194603615808,-73.97358295157719,9535.5,Residential,land_use,16.5,25.5,8756.2
ghsl_8099_cell_01010,70,27,40.77194603615808,-73.96172345932044,38215.8,Civic,land_use,1.8,34.5,9316.0
ghsl_8099_cell_01011,71,27,40.771946036158084,-73.94986396706366,50469.0,Residential,land_use,2.2,32.9,9855.8
ghsl_8099_cell_01012,72,27,40.771946036158084,-73.9380044748069,9836.9,Residential,land_use,13.1,0.0,10402.2
ghsl_8099_cell_01013,73,27,40.77194603615808,-73.92614498255013,19447.0,Civic,land_use,4.4,10.4,11012.9
ghsl_8099_cell_01014,74,27,40.77194603615808,-73.91428549029337,16709.6,Residential,land_use,3.8,21.3,11059.9
ghsl_8099_cell_01015,75,27,40.771946036158084,-73.90242599803659,13495.9,Residential,land_use,2.5,19.9,10175.5
ghsl_8099_cell_01016,76,27,40.771946036158084,-73.89056650577982,4402.6,Residential,land_use,12.9,10.2,9291.1
ghsl_8099_cell_01017,77,27,40.77194603615808,-73.87870701352307,2345.3,Civic,land_use,13.1,3.1,8406.5
ghsl_8099_cell_01018,78,27,40.77194603615808,-73.8668475212663,1099.4,Residential,heuristic,5.1,1.9,7522.0
ghsl_8099_cell_01019,79,27,40.77194603615808,-73.85498802900953,0.0,Unbuilt,heuristic,10.3,0.0,6637.3
ghsl_8099_cell_01020,80,27,40.77194603615808,-73.84312853675279,2957.9,Industrial,land_use,3.9,6.1,5752.6
ghsl_8099_cell_01021,81,27,40.771946036158084,-73.83126904449601,7696.4,Industrial,land_use,13.0,3.3,4874.1
ghsl_8099_cell_01022,82,27,40.771946036158084,-73.81940955223924,8932.2,Civic,land_use,8.3,21.4,4046.6
ghsl_8099_cell_01023,83,27,40.771946036158084,-73.80755005998249,5105.5,Civic,land_use,8.7,27.2,3316.3
ghsl_8099_cell_01024,84,27,40.771946036158084,-73.79569056772571,6774.9,Civic,land_use,1.0,25.8,2761.3
ghsl_8099_cell_01025,85,27,40.771946036158084,-73.78383107546894,5021.1,Residential,land_use,13.1,29.7,2274.0
ghsl_8099_cell_01026,86,27,40.771946036158084,-73.77197158321219,3836.3,Civic,land_use,37.8,25.1,1656.9
ghsl_8099_cell_01027,87,27,40.77194603615808,-73.7601120909554,515.9,Residential,heuristic,2.9,0.0,1496.7
ghsl_8099_cell_01028,88,27,40.771946036158084,-73.74825259869863,2599.6,Residential,land_use,10.2,32.6,1524.6
ghsl_8099_cell_01029,89,27,40.771946036158084,-73.73639310644188,5194.9,Residential,land_use,4.3,29.7,1976.8
ghsl_8099_cell_01030,90,27,40.771946036158084,-73.72453361418512,2490.1,Residential,land_use,6.1,52.5,2737.8
ghsl_8099_cell_01031,91,27,40.77194603615808,-73.71267412192833,921.2,Residential,land_use,9.4,67.7,3492.6
ghsl_8099_cell_01032,92,27,40.77194603615808,-73.70081462967157,273.4,Green,land_use,84.1,64.2,3492.8
ghsl_8099_cell_01033,93,27,40.77194603615808,-73.68895513741481,475.9,Green,land_use,80.9,80.7,3492.9
ghsl_8099_cell_01034,94,27,40.771946036158084,-73.67709564515803,1149.2,Green,land_use,87.4,61.3,3317.8
ghsl_8099_cell_01035,95,27,40.771946036158084,-73.66523615290127,1417.8,Residential,land_use,18.4,46.6,2762.4
ghsl_8099_cell_01036,96,27,40.77194603615808,-73.65337666064453,3086.1,Residential,land_use,2.5,43.0,2501.5
ghsl_8099_cell_01037,97,27,40.77194603615808,-73.64151716838776,2257.7,Residential,land_use,5.5,43.0,2213.9
ghsl_8099_cell_01038,98,27,40.77194603615808,-73.62965767613099,1083.8,Residential,land_use,4.3,44.3,1328.4
ghsl_8099_cell_01039,99,27,40.77194603615808,-73.61779818387421,267.1,Residential,land_use,6.1,64.0,552.6
ghsl_8099_cell_01040,100,27,40.771946036158084,-73.60593869161745,201.6,Residential,heuristic,4.8,50.9,442.9
ghsl_8099_cell_01041,103,27,40.771946036158084,-73.57036021484716,1644.2,Residential,land_use,19.7,43.7,442.9
ghsl_8099_cell_01042,104,27,40.77194603615808,-73.55850072259038,2059.6,Residential,land_use,10.4,50.7,498.9
ghsl_8099_cell_01043,105,27,40.77194603615808,-73.54664123033362,1020.8,Green,land_use,82.9,45.6,912.0
ghsl_8099_cell_01044,106,27,40.771946036158084,-73.53478173807686,2490.9,Residential,land_use,2.3,43.8,1524.1
ghsl_8099_cell_01045,107,27,40.771946036158084,-73.52292224582008,2491.7,Residential,land_use,1.5,48.5,1975.3
ghsl_8099_cell_01046,108,27,40.77194603615808,-73.51106275356332,3456.0,Residential,land_use,3.4,48.4,2735.9
ghsl_8099_cell_01047,109,27,40.771946036158084,-73.49920326130655,3171.9,Residential,land_use,3.6,46.6,3100.8
ghsl_8099_cell_01048,110,27,40.77194603615808,-73.48734376904979,2705.0,Residential,land_use,5.0,46.8,2214.9
ghsl_8099_cell_01049,111,27,40.771946036158084,-73.47548427679301,2483.6,Commercial,land_use,4.1,43.6,1329.0
ghsl_8099_cell_01050,112,27,40.771946036158084,-73.46362478453625,2400.3,Commercial,land_use,5.7,52.0,443.0
ghsl_8099_cell_01051,122,27,40.771946036158084,-73.34502986196861,2037.9,Civic,land_use,0.0,22.5,443.2
ghsl_8099_cell_01052,123,27,40.771946036158084,-73.33317036971184,2464.0,Commercial,land_use,0.0,29.6,911.3
ghsl_8099_cell_01053,124,27,40.77194603615808,-73.32131087745506,2750.4,Residential,land_use,3.7,29.0,1497.3
ghsl_8099_cell_01054,125,27,40.771946036158084,-73.30945138519832,871.9,Residential,heuristic,1.4,33.1,1497.3
ghsl_8099_cell_01055,126,27,40.77194603615808,-73.29759189294153,23.9,Residential,heuristic,0.0,22.7,1497.2
ghsl_8099_cell_01056,127,27,40.77194603615808,-73.28573240068478,392.0,Utility,land_use,15.8,22.8,1497.0
ghsl_8099_cell_01057,128,27,40.771946036158084,-73.27387290842802,1708.0,Utility,land_use,1.8,29.8,1523.6
ghsl_8099_cell_01058,129,27,40.771946036158084,-73.26201341617126,3103.9,Residential,heuristic,0.1,26.3,1973.5
ghsl_8099_cell_01059,130,27,40.77194603615808,-73.25015392391447,2260.9,Civic,land_use,2.5,28.8,2733.5
ghsl_8099_cell_01060,131,27,40.771946036158084,-73.2382944316577,1244.2,Residential,land_use,5.3,22.4,3613.1
ghsl_8099_cell_01061,132,27,40.77194603615808,-73.22643493940095,3835.0,Residential,heuristic,12.7,21.9,3612.5
ghsl_8099_cell_01062,133,27,40.771946036158084,-73.21457544714417,3180.5,Residential,land_use,0.9,27.5,2732.8
ghsl_8099_cell_01063,134,27,40.77194603615808,-73.20271595488741,1011.3,Commercial,land_use,0.6,17.4,1832.7
ghsl_8099_cell_01064,135,27,40.77194603615808,-73.19085646263065,805.1,Residential,land_use,29.0,15.5,910.9
ghsl_8099_cell_01065,136,27,40.77194603615808,-73.17899697037389,2059.7,Residential,heuristic,0.0,16.4,443.4
ghsl_8099_cell_01066,44,28,40.76296132740226,-74.26378416939819,1808.9,Residential,heuristic,14.9,132.4,442.0
ghsl_8099_cell_01067,45,28,40.76296132740225,-74.25192568090806,5090.0,Civic,land_use,3.1,48.1,914.0
ghsl_8099_cell_01068,46,28,40.76296132740225,-74.24006719241795,5278.5,Civic,land_use,22.2,76.6,1836.2
ghsl_8099_cell_01069,47,28,40.76296132740225,-74.22820870392782,7987.7,Residential,heuristic,2.3,64.6,2742.2
ghsl_8099_cell_01070,48,28,40.76296132740225,-74.21635021543769,5628.2,Civic,land_use,1.8,53.9,3622.5
ghsl_8099_cell_01071,49,28,40.76296132740225,-74.20449172694757,9081.6,Civic,land_use,5.8,52.2,4553.1
ghsl_8099_cell_01072,50,28,40.762961327402245,-74.19263323845743,10212.8,Industrial,land_use,0.0,38.9,5508.5
ghsl_8099_cell_01073,51,28,40.76296132740226,-74.18077474996734,9362.4,Civic,land_use,7.7,33.9,6477.7
ghsl_8099_cell_01074,52,28,40.76296132740226,-74.1689162614772,10228.0,Industrial,land_use,14.8,20.9,7455.4
ghsl_8099_cell_01075,53,28,40.76296132740225,-74.15705777298707,6168.2,Commercial,land_use,7.4,14.5,8438.6
ghsl_8099_cell_01076,54,28,40.76296132740225,-74.14519928449697,8076.1,Civic,land_use,0.9,19.6,9425.6
ghsl_8099_cell_01077,55,28,40.762961327402245,-74.13334079600682,1008.6,Residential,heuristic,33.5,1.6,9267.7
ghsl_8099_cell_01078,56,28,40.762961327402245,-74.1214823075167,0.0,Industrial,land_use,39.4,-0.3,8714.1
ghsl_8099_cell_01079,57,28,40.76296132740225,-74.1096238190266,0.0,Unbuilt,heuristic,0.0,0.0,8151.7
ghsl_8099_cell_01080,58,28,40.76296132740226,-74.09776533053648,0.0,Unbuilt,heuristic,0.0,0.0,7586.5
ghsl_8099_cell_01081,59,28,40.76296132740225,-74.08590684204634,293.1,Residential,land_use,38.9,2.0,7118.2
ghsl_8099_cell_01082,60,28,40.76296132740225,-74.07404835355622,186.5,Industrial,land_use,4.7,10.8,6766.7
ghsl_8099_cell_01083,61,28,40.76296132740225,-74.0621898650661,25.2,Industrial,land_use,0.0,3.8,6550.9
ghsl_8099_cell_01084,62,28,40.76296132740225,-74.05033137657597,5164.3,Industrial,land_use,0.4,1.0,6484.1
ghsl_8099_cell_01085,63,28,40.76296132740225,-74.03847288808585,19058.1,Industrial,land_use,3.3,76.2,6484.0
ghsl_8099_cell_01086,64,28,40.76296132740225,-74.02661439959572,8742.7,Industrial,land_use,7.1,51.7,6484.5
ghsl_8099_cell_01087,65,28,40.76296132740225,-74.0147559111056,43.4,Residential,heuristic,12.7,0.0,6572.0
ghsl_8099_cell_01088,66,28,40.76296132740225,-74.00289742261548,6752.8,Utility,land_use,5.3,1.8,6807.4
ghsl_8099_cell_01089,67,28,40.762961327402245,-73.99103893412534,30494.6,Civic,land_use,1.2,25.3,7176.1
ghsl_8099_cell_01090,68,28,40.76296132740225,-73.97918044563524,17418.5,Commercial,land_use,1.1,186.3,7659.0
ghsl_8099_cell_01091,69,28,40.76296132740225,-73.96732195714512,25705.7,Civic,land_use,3.0,28.7,8235.9
ghsl_8099_cell_01092,70,28,40.76296132740225,-73.95546346865498,35304.8,Civic,land_use,4.7,22.7,8757.0
ghsl_8099_cell_01093,71,28,40.76296132740225,-73.94360498016485,4415.0,Industrial,land_use,10.5,8.3,9317.1
ghsl_8099_cell_01094,72,28,40.762961327402245,-73.93174649167472,19244.1,Residential,land_use,4.0,15.0,9946.7
ghsl_8099_cell_01095,73,28,40.76296132740225,-73.91988800318461,26829.2,Residential,land_use,0.5,19.8,10633.6
ghsl_8099_cell_01096,74,28,40.76296132740225,-73.90802951469448,15614.4,Residential,land_use,9.5,21.7,11061.1
ghsl_8099_cell_01097,75,28,40.76296132740226,-73.89617102620436,6464.6,Commercial,land_use,33.8,7.9,10176.7
ghsl_8099_cell_01098,76,28,40.76296132740225,-73.88431253771424,14782.1,Civic,land_use,6.7,12.9,9292.1
ghsl_8099_cell_01099,77,28,40.76296132740225,-73.87245404922412,15269.6,Civic,land_use,3.1,21.4,8407.5
ghsl_8099_cell_01100,78,28,40.76296132740225,-73.860595560734,5322.0,Civic,land_use,8.7,4.0,7522.9
ghsl_8099_cell_01101,79,28,40.76296132740225,-73.84873707224386,1.0,Residential,heuristic,4.0,0.0,6652.5
ghsl_8099_cell_01102,80,28,40.76296132740226,-73.83687858375374,1779.3,Industrial,land_use,3.3,0.0,5824.3
ghsl_8099_cell_01103,81,28,40.762961327402245,-73.82502009526362,32455.6,Civic,land_use,3.2,30.7,5058.9
ghsl_8099_cell_01104,82,28,40.762961327402245,-73.8131616067735,18364.9,Civic,land_use,0.8,28.9,4389.4
ghsl_8099_cell_01105,83,28,40.76296132740225,-73.80130311828336,7688.5,Residential,heuristic,0.2,25.9,3865.9
ghsl_8099_cell_01106,84,28,40.762961327402245,-73.78944462979325,8775.7,Civic,land_use,1.8,20.7,3316.7
ghsl_8099_cell_01107,85,28,40.76296132740225,-73.77758614130312,7174.6,Utility,land_use,1.7,30.3,2761.6
ghsl_8099_cell_01108,86,28,40.76296132740225,-73.76572765281301,6403.9,Utility,land_use,0.1,23.5,2501.2
ghsl_8099_cell_01109,87,28,40.762961327402245,-73.75386916432288,632.1,Residential,heuristic,14.9,3.8,2494.5
ghsl_8099_cell_01110,88,28,40.76296132740225,-73.74201067583274,3149.5,Residential,land_use,14.9,28.4,2624.9
ghsl_8099_cell_01111,89,28,40.76296132740225,-73.73015218734264,4668.6,Residential,land_use,2.6,66.4,3086.8
ghsl_8099_cell_01112,90,28,40.76296132740225,-73.7182936988525,2337.0,Residential,land_use,12.8,58.3,3764.5
ghsl_8099_cell_01113,91,28,40.76296132740225,-73.70643521036239,209.3,Green,land_use,67.5,69.9,4490.5
ghsl_8099_cell_01114,92,28,40.76296132740225,-73.69457672187225,352.6,Civic,land_use,34.0,54.4,4490.7
ghsl_8099_cell_01115,93,28,40.76296132740225,-73.68271823338213,1821.6,Residential,land_use,9.2,46.3,4391.4
ghsl_8099_cell_01116,94,28,40.762961327402245,-73.670859744892,1866.8,Residential,land_use,9.6,54.7,3867.3
ghsl_8099_cell_01117,95,28,40.76296132740225,-73.6590012564019,2426.3,Residential,land_use,7.8,36.3,3554.2
ghsl_8099_cell_01118,96,28,40.76296132740226,-73.64714276791177,4850.9,Residential,land_use,8.0,37.9,3100.2
ghsl_8099_cell_01119,97,28,40.76296132740225,-73.63528427942164,1976.4,Residential,land_use,4.0,37.7,2275.4
ghsl_8099_cell_01120,98,28,40.76296132740225,-73.6234257909315,374.2,Green,land_use,77.0,35.6,1657.7
ghsl_8099_cell_01121,99,28,40.76296132740225,-73.6115673024414,733.3,Residential,land_use,6.1,41.4,1328.6
ghsl_8099_cell_01122,100,28,40.76296132740226,-73.59970881395128,1242.2,Residential,land_use,21.3,40.7,552.6
ghsl_8099_cell_01123,101,28,40.76296132740225,-73.58785032546115,2142.1,Residential,land_use,14.8,32.6,498.9
ghsl_8099_cell_01124,102,28,40.76296132740225,-73.57599183697103,4371.7,Residential,land_use,6.3,39.7,498.9
ghsl_8099_cell_01125,103,28,40.76296132740226,-73.56413334848091,5312.3,Civic,land_use,4.4,41.4,912.0
ghsl_8099_cell_01126,104,28,40.76296132740225,-73.55227485999076,1275.1,Industrial,land_use,5.0,47.9,1524.1
ghsl_8099_cell_01127,105,28,40.76296132740225,-73.54041637150067,1607.0,Residential,land_use,4.1,41.5,1975.2
ghsl_8099_cell_01128,106,28,40.76296132740225,-73.52855788301054,1953.2,Commercial,land_use,2.5,43.9,2623.7
ghsl_8099_cell_01129,107,28,40.76296132740225,-73.5166993945204,1482.6,Residential,land_use,4.2,42.7,3084.6
ghsl_8099_cell_01130,108,28,40.76296132740225,-73.50484090603028,1027.9,Residential,land_use,10.2,43.4,3761.6
ghsl_8099_cell_01131,109,28,40.762961327402245,-73.49298241754016,2197.2,Residential,land_use,5.0,42.2,3101.1
ghsl_8099_cell_01132,110,28,40.76296132740225,-73.48112392905006,2329.0,Civic,land_use,3.8,43.9,2215.1
ghsl_8099_cell_01133,111,28,40.76296132740225,-73.46926544055992,1988.9,Residential,land_use,7.7,44.0,1329.1
ghsl_8099_cell_01134,112,28,40.762961327402245,-73.45740695206979,1915.6,Residential,land_use,21.8,49.2,443.1
ghsl_8099_cell_01135,120,28,40.76296132740225,-73.3625390441488,2330.1,Civic,land_use,2.5,23.5,443.2
ghsl_8099_cell_01136,121,28,40.76296132740225,-73.3506805556587,1600.7,Industrial,land_use,0.0,24.2,498.9
ghsl_8099_cell_01137,122,28,40.76296132740225,-73.33882206716856,2036.2,Civic,land_use,3.6,22.4,911.3
ghsl_8099_cell_01138,123,28,40.76296132740225,-73.32696357867843,1868.2,Civic,land_use,1.7,25.9,1833.1
ghsl_8099_cell_01139,124,28,40.76296132740225,-73.31510509018831,710.1,Industrial,land_use,0.3,21.7,2495.1
ghsl_8099_cell_01140,125,28,40.76296132740225,-73.30324660169818,185.1,Industrial,land_use,0.3,22.4,2495.0
ghsl_8099_cell_01141,126,28,40.76296132740226,-73.29138811320807,259.4,Residential,heuristic,19.1,20.9,2494.9
ghsl_8099_cell_01142,127,28,40.76296132740225,-73.27952962471795,1671.5,Residential,land_use,12.3,27.9,2494.6
ghsl_8099_cell_01143,128,28,40.76296132740225,-73.26767113622782,1416.0,Industrial,land_use,0.0,24.9,2622.3
ghsl_8099_cell_01144,129,28,40.76296132740225,-73.25581264773771,2302.3,Civic,land_use,1.8,21.1,3081.8
ghsl_8099_cell_01145,130,28,40.76296132740225,-73.24395415924758,3985.9,Civic,land_use,0.0,21.5,3758.1
ghsl_8099_cell_01146,131,28,40.76296132740225,-73.23209567075746,3001.3,Civic,land_use,1.1,13.3,3799.0
ghsl_8099_cell_01147,132,28,40.76296132740226,-73.22023718226733,3353.1,Residential,heuristic,0.0,14.6,2809.4
ghsl_8099_cell_01148,133,28,40.76296132740225,-73.2083786937772,2232.1,Residential,land_use,0.0,16.9,1832.7
ghsl_8099_cell_01149,134,28,40.76296132740226,-73.19652020528709,280.3,Industrial,land_use,12.7,12.2,910.9
ghsl_8099_cell_01150,135,28,40.76296132740225,-73.18466171679694,854.8,Residential,land_use,13.0,15.2,443.4
ghsl_8099_cell_01151,43,29,40.75397707282038,-74.26935845080777,1515.0,Residential,land_use,1.8,134.1,442.0
ghsl_8099_cell_01152,44,29,40.753977072820376,-74.25750096562362,1436.8,Civic,land_use,28.0,49.4,914.0
ghsl_8099_cell_01153,45,29,40.753977072820376,-74.2456434804395,2736.4,Civic,land_use,0.0,96.8,1836.2
ghsl_8099_cell_01154,46,29,40.753977072820376,-74.23378599525536,4659.8,Civic,land_use,1.1,71.4,2742.1
ghsl_8099_cell_01155,47,29,40.753977072820376,-74.22192851007124,7471.4,Residential,heuristic,5.0,54.2,3622.5
ghsl_8099_cell_01156,48,29,40.75397707282038,-74.21007102488713,7053.8,Civic,land_use,2.0,54.2,4553.1
ghsl_8099_cell_01157,49,29,40.753977072820376,-74.19821353970298,5787.1,Industrial,land_use,1.5,49.0,5436.4
ghsl_8099_cell_01158,50,29,40.753977072820376,-74.18635605451884,7826.4,Civic,land_use,7.7,41.2,6342.7
ghsl_8099_cell_01159,51,29,40.75397707282038,-74.17449856933472,10250.4,Residential,land_use,1.4,23.1,7273.8
ghsl_8099_cell_01160,52,29,40.753977072820376,-74.16264108415058,6763.2,Industrial,land_use,3.8,2.4,8221.5
ghsl_8099_cell_01161,53,29,40.753977072820376,-74.15078359896646,9095.2,Civic,land_use,22.0,15.9,9180.5
ghsl_8099_cell_01162,54,29,40.753977072820376,-74.13892611378233,823.9,Industrial,land_use,12.3,1.2,8794.7
ghsl_8099_cell_01163,55,29,40.75397707282038,-74.12706862859818,0.0,Unbuilt,heuristic,5.8,5.5,8151.4
ghsl_8099_cell_01164,56,29,40.75397707282038,-74.11521114341407,0.0,Unbuilt,heuristic,22.3,-1.0,7586.2
ghsl_8099_cell_01165,57,29,40.753977072820376,-74.10335365822992,0.0,Green,land_use,77.8,-1.0,7039.6
ghsl_8099_cell_01166,58,29,40.753977072820376,-74.0914961730458,0.0,Green,land_use,57.6,0.2,6459.3
ghsl_8099_cell_01167,59,29,40.753977072820376,-74.07963868786165,0.0,Unbuilt,heuristic,0.0,1.2,5991.4
ghsl_8099_cell_01168,60,29,40.753977072820376,-74.06778120267752,80.6,Utility,land_use,0.0,2.4,5663.6
ghsl_8099_cell_01169,61,29,40.75397707282038,-74.0559237174934,8432.1,Industrial,land_use,0.4,18.3,5501.3
ghsl_8099_cell_01170,62,29,40.753977072820376,-74.04406623230928,16640.0,Civic,land_use,13.5,56.2,5486.4
ghsl_8099_cell_01171,63,29,40.753977072820376,-74.03220874712515,15878.9,Industrial,land_use,7.8,6.5,5486.4
ghsl_8099_cell_01172,64,29,40.75397707282038,-74.020351261941,2209.1,Residential,heuristic,1.8,0.0,5519.0
ghsl_8099_cell_01173,65,29,40.753977072820376,-74.00849377675688,812.2,Utility,land_use,8.8,0.0,5715.0
ghsl_8099_cell_01174,66,29,40.753977072820376,-73.99663629157276,9123.3,Commercial,land_use,4.0,17.2,6072.1
ghsl_8099_cell_01175,67,29,40.75397707282038,-73.98477880638862,8141.2,Commercial,land_use,4.3,46.4,6564.1
ghsl_8099_cell_01176,68,29,40.753977072820376,-73.97292132120448,14878.8,Commercial,land_use,7.4,63.3,7163.1
ghsl_8099_cell_01177,69,29,40.75397707282038,-73.96106383602036,20137.0,Civic,land_use,9.2,0.0,7659.8
ghsl_8099_cell_01178,70,29,40.753977072820376,-73.9492063508362,6797.3,Residential,land_use,11.8,13.1,8236.9
ghsl_8099_cell_01179,71,29,40.753977072820376,-73.9373488656521,7360.2,Residential,land_use,2.3,14.5,8889.8
ghsl_8099_cell_01180,72,29,40.753977072820376,-73.92549138046796,9261.0,Civic,land_use,1.9,12.8,9603.0
ghsl_8099_cell_01181,73,29,40.753977072820376,-73.91363389528382,12858.4,Residential,land_use,2.6,14.2,10364.1
ghsl_8099_cell_01182,74,29,40.753977072820376,-73.9017764100997,15178.8,Civic,land_use,4.6,11.3,11062.4
ghsl_8099_cell_01183,75,29,40.753977072820376,-73.88991892491556,30297.6,Residential,land_use,5.5,23.3,10177.9
ghsl_8099_cell_01184,76,29,40.753977072820376,-73.87806143973143,37911.6,Residential,land_use,2.0,25.6,9294.6
ghsl_8099_cell_01185,77,29,40.75397707282038,-73.86620395454729,31830.7,Civic,land_use,1.4,23.3,8432.0
ghsl_8099_cell_01186,78,29,40.75397707282038,-73.85434646936318,17819.0,Residential,land_use,16.4,10.6,7603.4
ghsl_8099_cell_01187,79,29,40.75397707282037,-73.84248898417903,5.6,Utility,land_use,19.7,14.4,6821.2
ghsl_8099_cell_01188,80,29,40.753977072820376,-73.8306314989949,21354.5,Residential,land_use,25.9,16.8,6103.3
ghsl_8099_cell_01189,81,29,40.753977072820376,-73.81877401381078,28286.5,Civic,land_use,1.3,18.9,5475.0
ghsl_8099_cell_01190,82,29,40.753977072820376,-73.80691652862663,9327.1,Residential,heuristic,1.3,12.9,4970.5
ghsl_8099_cell_01191,83,29,40.75397707282038,-73.7950590434425,6474.5,Civic,land_use,29.8,23.7,4389.9
ghsl_8099_cell_01192,84,29,40.75397707282037,-73.78320155825837,7356.3,Residential,land_use,0.4,21.0,3866.2
ghsl_8099_cell_01193,85,29,40.753977072820376,-73.77134407307423,6578.7,Residential,land_use,2.6,20.5,3553.6
ghsl_8099_cell_01194,86,29,40.753977072820376,-73.75948658789012,5993.7,Civic,land_use,4.3,26.6,3492.2
ghsl_8099_cell_01195,87,29,40.75397707282038,-73.74762910270599,3418.4,Green,land_use,100.0,40.0,3508.9
ghsl_8099_cell_01196,88,29,40.75397707282038,-73.73577161752185,4065.2,Green,land_use,51.5,54.7,3741.8
ghsl_8099_cell_01197,89,29,40.75397707282038,-73.72391413233771,4935.6,Residential,land_use,9.1,72.6,4206.5
ghsl_8099_cell_01198,90,29,40.75397707282038,-73.7120566471536,5123.1,Green,land_use,53.2,45.6,4836.5
ghsl_8099_cell_01199,91,29,40.753977072820376,-73.70019916196945,2054.4,Commercial,land_use,2.7,39.3,5488.3
ghsl_8099_cell_01200,92,29,40.753977072820376,-73.68834167678534,1890.6,Commercial,land_use,11.6,41.3,5477.4
ghsl_8099_cell_01201,93,29,40.75397707282038,-73.6764841916012,2880.3,Residential,land_use,3.4,36.6,4972.3
ghsl_8099_cell_01202,94,29,40.75397707282038,-73.66462670641705,3765.3,Residential,land_use,3.4,37.7,4631.3
ghsl_8099_cell_01203,95,29,40.753977072820376,-73.65276922123292,3692.3,Residential,land_use,0.6,36.3,4049.6
ghsl_8099_cell_01204,96,29,40.753977072820376,-73.64091173604879,3029.0,Residential,land_use,4.8,36.1,3318.7
ghsl_8099_cell_01205,97,29,40.753977072820376,-73.62905425086466,3569.7,Residential,land_use,1.4,36.8,2762.8
ghsl_8099_cell_01206,98,29,40.753977072820376,-73.61719676568053,2526.3,Residential,land_use,19.5,31.2,2275.7
ghsl_8099_cell_01207,99,29,40.753977072820376,-73.60533928049638,2385.0,Residential,land_use,15.0,32.1,1657.8
ghsl_8099_cell_01208,100,29,40.753977072820376,-73.59348179531227,3336.7,Civic,land_use,0.1,35.7,1496.6
ghsl_8099_cell_01209,101,29,40.753977072820376,-73.58162431012815,3307.4,Industrial,land_use,30.6,33.9,1496.6
ghsl_8099_cell_01210,102,29,40.753977072820376,-73.56976682494401,4133.5,Residential,land_use,0.7,35.8,1524.0
ghsl_8099_cell_01211,103,29,40.753977072820376,-73.55790933975986,1494.7,Industrial,land_use,14.1,35.8,1975.2
ghsl_8099_cell_01212,104,29,40.753977072820376,-73.54605185457574,2128.7,Residential,land_use,22.6,37.9,2623.6
ghsl_8099_cell_01213,105,29,40.75397707282037,-73.53419436939161,3271.2,Residential,land_use,0.6,39.0,3084.5
ghsl_8099_cell_01214,106,29,40.753977072820376,-73.52233688420748,3040.9,Residential,land_use,5.9,35.7,3739.9
ghsl_8099_cell_01215,107,29,40.75397707282038,-73.51047939902335,2725.7,Residential,land_use,4.4,39.8,4203.5
ghsl_8099_cell_01216,108,29,40.753977072820376,-73.49862191383922,535.0,Industrial,land_use,10.1,37.7,3987.4
ghsl_8099_cell_01217,109,29,40.753977072820376,-73.48676442865509,2050.1,Commercial,land_use,14.5,38.1,3101.4
ghsl_8099_cell_01218,110,29,40.753977072820376,-73.47490694347097,1007.6,Residential,land_use,4.7,32.8,2215.4
ghsl_8099_cell_01219,111,29,40.753977072820376,-73.46304945828683,9.3,Utility,land_use,9.4,49.1,1329.3
ghsl_8099_cell_01220,112,29,40.753977072820376,-73.4511919731027,558.7,Industrial,land_use,28.9,37.4,552.8
ghsl_8099_cell_01221,113,29,40.753977072820376,-73.43933448791856,96.7,Civic,land_use,20.6,51.5,443.2
ghsl_8099_cell_01222,119,29,40.753977072820376,-73.36818957681376,2568.8,Residential,land_use,2.5,18.7,443.2
ghsl_8099_cell_01223,120,29,40.753977072820376,-73.35633209162965,2305.9,Industrial,land_use,4.0,17.3,911.3
ghsl_8099_cell_01224,121,29,40.753977072820376,-73.34447460644552,2626.1,Civic,land_use,11.3,18.3,1523.5
ghsl_8099_cell_01225,122,29,40.75397707282038,-73.33261712126138,2892.6,Civic,land_use,0.0,19.5,1973.6
ghsl_8099_cell_01226,123,29,40.75397707282037,-73.32075963607724,2701.1,Residential,heuristic,0.0,21.1,2733.9
ghsl_8099_cell_01227,124,29,40.753977072820376,-73.30890215089312,2557.9,Residential,heuristic,0.0,19.4,3492.8
ghsl_8099_cell_01228,125,29,40.753977072820376,-73.29704466570898,1595.8,Civic,land_use,5.5,22.5,3492.7
ghsl_8099_cell_01229,126,29,40.75397707282038,-73.28518718052486,1462.3,Residential,land_use,1.1,22.9,3492.4
ghsl_8099_cell_01230,127,29,40.753977072820376,-73.27332969534073,2093.9,Civic,land_use,5.2,20.5,3507.8
ghsl_8099_cell_01231,128,29,40.753977072820376,-73.26147221015658,1765.6,Residential,heuristic,0.9,19.7,3737.6
ghsl_8099_cell_01232,129,29,40.753977072820376,-73.24961472497245,2448.8,Residential,heuristic,14.5,16.4,4199.9
ghsl_8099_cell_01233,130,29,40.75397707282038,-73.23775723978834,2563.0,Residential,heuristic,7.7,17.9,4273.7
ghsl_8099_cell_01234,131,29,40.753977072820376,-73.2258997546042,1891.9,Residential,heuristic,2.3,16.5,3281.3
ghsl_8099_cell_01235,132,29,40.753977072820376,-73.21404226942006,1181.2,Civic,land_use,8.1,11.8,2296.7
ghsl_8099_cell_01236,133,29,40.753977072820376,-73.20218478423594,1180.1,Residential,heuristic,11.5,13.9,1337.1
ghsl_8099_cell_01237,134,29,40.753977072820376,-73.1903272990518,1214.4,Civic,land_use,15.9,13.0,443.5
ghsl_8099_cell_01238,32,30,40.744993272227724,-74.3934984330786,2144.4,Residential,land_use,2.2,73.4,441.9
ghsl_8099_cell_01239,33,30,40.744993272227724,-74.3816419507401,2205.7,Residential,land_use,3.8,76.5,441.9
ghsl_8099_cell_01240,42,30,40.744993272227724,-74.27493360969338,2266.2,Residential,heuristic,12.4,102.3,442.1
ghsl_8099_cell_01241,43,30,40.744993272227724,-74.26307712735485,2888.1,Residential,land_use,7.1,43.1,914.0
ghsl_8099_cell_01242,44,30,40.744993272227724,-74.25122064501632,3384.3,Civic,land_use,9.1,76.9,1836.3
ghsl_8099_cell_01243,45,30,40.744993272227724,-74.2393641626778,4815.3,Civic,land_use,0.0,75.2,2742.0
ghsl_8099_cell_01244,46,30,40.744993272227724,-74.22750768033929,9629.5,Civic,land_use,1.5,53.2,3622.4
ghsl_8099_cell_01245,47,30,40.744993272227724,-74.21565119800076,5660.9,Civic,land_use,24.7,60.1,4553.1
ghsl_8099_cell_01246,48,30,40.74499327222772,-74.20379471566223,3503.2,Green,land_use,69.4,65.6,5436.3
ghsl_8099_cell_01247,49,30,40.744993272227724,-74.1919382333237,7534.3,Residential,land_use,2.3,56.4,6342.6
ghsl_8099_cell_01248,50,30,40.74499327222773,-74.18008175098517,6883.3,Civic,land_use,6.6,32.5,7257.2
ghsl_8099_cell_01249,51,30,40.744993272227724,-74.16822526864665,2107.7,Residential,land_use,5.1,18.2,8149.0
ghsl_8099_cell_01250,52,30,40.744993272227724,-74.15636878630812,8531.3,Commercial,land_use,1.2,14.7,9063.8
ghsl_8099_cell_01251,53,30,40.744993272227724,-74.14451230396959,3381.1,Industrial,land_use,0.4,3.8,8440.5
ghsl_8099_cell_01252,54,30,40.744993272227724,-74.13265582163108,16.5,Industrial,land_use,28.9,14.5,7706.8
ghsl_8099_cell_01253,55,30,40.744993272227724,-74.12079933929253,0.0,Unbuilt,heuristic,6.6,7.3,7039.4
ghsl_8099_cell_01254,56,30,40.744993272227724,-74.10894285695402,0.0,Utility,land_use,6.5,0.5,6459.1
ghsl_8099_cell_01255,57,30,40.74499327222772,-74.09708637461549,0.0,Utility,land_use,0.0,4.4,5934.3
ghsl_8099_cell_01256,58,30,40.744993272227724,-74.08522989227696,0.0,Industrial,land_use,0.0,7.7,5333.2
ghsl_8099_cell_01257,59,30,40.74499327222773,-74.07337340993843,48.6,Industrial,land_use,2.1,1.2,4865.9
ghsl_8099_cell_01258,60,30,40.744993272227724,-74.06151692759992,5941.2,Industrial,land_use,5.5,20.4,4573.6
ghsl_8099_cell_01259,61,30,40.744993272227724,-74.04966044526138,17961.6,Residential,land_use,7.6,41.0,4488.7
ghsl_8099_cell_01260,62,30,40.744993272227724,-74.03780396292287,17964.0,Civic,land_use,9.4,2.6,4488.7
ghsl_8099_cell_01261,63,30,40.744993272227724,-74.02594748058434,11817.9,Civic,land_use,18.4,20.7,4490.5
ghsl_8099_cell_01262,64,30,40.744993272227724,-74.0140909982458,9.4,Green,land_use,100.0,0.0,4628.2
ghsl_8099_cell_01263,65,30,40.744993272227724,-74.00223451590729,32192.3,Residential,land_use,8.8,9.1,4968.1
ghsl_8099_cell_01264,66,30,40.744993272227724,-73.99037803356876,21500.0,Commercial,land_use,8.2,47.0,5472.8
ghsl_8099_cell_01265,67,30,40.74499327222773,-73.97852155123024,40545.7,Civic,land_use,4.1,13.4,6072.6
ghsl_8099_cell_01266,68,30,40.744993272227724,-73.96666506889173,12206.2,Residential,land_use,8.3,0.0,6564.8
ghsl_8099_cell_01267,69,30,40.744993272227724,-73.9548085865532,7972.5,Utility,land_use,8.3,9.0,7164.0
ghsl_8099_cell_01268,70,30,40.744993272227724,-73.94295210421467,2727.4,Civic,land_use,3.2,6.5,7845.9
ghsl_8099_cell_01269,71,30,40.744993272227724,-73.93109562187614,5973.6,Utility,land_use,1.1,19.3,8590.6
ghsl_8099_cell_01270,72,30,40.744993272227724,-73.91923913953761,24414.7,Civic,land_use,5.2,24.0,9383.3
ghsl_8099_cell_01271,73,30,40.744993272227724,-73.90738265719908,23361.4,Civic,land_use,3.0,26.1,10212.8
ghsl_8099_cell_01272,74,30,40.744993272227724,-73.89552617486055,27641.5,Utility,land_use,5.5,22.1,10983.4
ghsl_8099_cell_01273,75,30,40.744993272227724,-73.88366969252203,40112.4,Commercial,land_use,3.5,25.7,10212.0
ghsl_8099_cell_01274,76,30,40.74499327222773,-73.87181321018349,37697.2,Civic,land_use,0.8,21.3,9383.2
ghsl_8099_cell_01275,77,30,40.744993272227724,-73.85995672784496,28062.1,Civic,land_use,3.2,16.5,8591.2
ghsl_8099_cell_01276,78,30,40.744993272227724,-73.84810024550646,4054.0,Green,land_use,100.0,13.0,7847.1
ghsl_8099_cell_01277,79,30,40.744993272227724,-73.83624376316793,3881.1,Residential,heuristic,30.7,4.0,7165.9
ghsl_8099_cell_01278,80,30,40.74499327222773,-73.8243872808294,9435.9,Civic,land_use,34.0,22.2,6567.0
ghsl_8099_cell_01279,81,30,40.744993272227724,-73.81253079849088,5333.1,Green,land_use,67.9,8.0,6075.1
ghsl_8099_cell_01280,82,30,40.744993272227724,-73.80067431615235,1515.0,Civic,land_use,39.8,12.0,5475.7
ghsl_8099_cell_01281,83,30,40.74499327222772,-73.78881783381382,4971.1,Residential,land_use,18.4,16.4,4970.9
ghsl_8099_cell_01282,84,30,40.744993272227724,-73.77696135147531,3663.7,Civic,land_use,10.9,19.1,4630.4
ghsl_8099_cell_01283,85,30,40.74499327222773,-73.76510486913676,5107.2,Residential,land_use,3.6,33.4,4491.7
ghsl_8099_cell_01284,86,30,40.744993272227724,-73.75324838679825,8452.6,Residential,land_use,2.8,38.8,4489.8
ghsl_8099_cell_01285,87,30,40.744993272227724,-73.74139190445972,1237.3,Civic,land_use,3.4,86.9,4573.2
ghsl_8099_cell_01286,88,30,40.744993272227724,-73.72953542212119,3334.4,Civic,land_use,13.2,43.3,4863.9
ghsl_8099_cell_01287,89,30,40.744993272227724,-73.71767893978267,4835.9,Commercial,land_use,23.3,34.6,5329.6
ghsl_8099_cell_01288,90,30,40.744993272227724,-73.70582245744414,5454.4,Residential,land_use,0.7,37.6,5929.3
ghsl_8099_cell_01289,91,30,40.744993272227724,-73.69396597510563,3854.7,Residential,land_use,0.3,38.6,6486.0
ghsl_8099_cell_01290,92,30,40.744993272227724,-73.6821094927671,3425.7,Residential,land_use,2.6,41.3,6077.3
ghsl_8099_cell_01291,93,30,40.744993272227724,-73.67025301042855,2399.4,Residential,land_use,24.6,30.8,5719.0
ghsl_8099_cell_01292,94,30,40.744993272227724,-73.65839652809004,2821.2,Residential,land_use,4.6,30.9,5062.7
ghsl_8099_cell_01293,95,30,40.744993272227724,-73.64654004575152,4344.3,Residential,land_use,8.3,30.8,4392.4
ghsl_8099_cell_01294,96,30,40.744993272227724,-73.63468356341299,5247.6,Commercial,land_use,3.4,35.8,3867.9
ghsl_8099_cell_01295,97,30,40.744993272227724,-73.62282708107446,1905.1,Residential,land_use,8.8,33.3,3319.2
ghsl_8099_cell_01296,98,30,40.74499327222773,-73.61097059873592,868.2,Commercial,land_use,13.8,30.0,2763.0
ghsl_8099_cell_01297,99,30,40.744993272227724,-73.59911411639742,1645.9,Residential,land_use,7.4,31.6,2501.2
ghsl_8099_cell_01298,100,30,40.744993272227724,-73.58725763405889,801.3,Commercial,land_use,7.2,28.9,2494.3
ghsl_8099_cell_01299,101,30,40.744993272227724,-73.57540115172037,1633.5,Residential,land_use,9.8,33.8,2494.2
ghsl_8099_cell_01300,102,30,40.74499327222772,-73.56354466938183,2784.4,Residential,land_use,5.5,30.6,2623.4
ghsl_8099_cell_01301,103,30,40.744993272227724,-73.55168818704333,3052.6,Residential,land_use,15.1,34.5,3084.4
ghsl_8099_cell_01302,104,30,40.744993272227724,-73.5398317047048,2625.4,Residential,land_use,7.1,34.4,3739.7
ghsl_8099_cell_01303,105,30,40.744993272227724,-73.52797522236627,3175.2,Residential,land_use,6.2,37.7,4203.4
ghsl_8099_cell_01304,106,30,40.744993272227724,-73.51611874002774,3530.4,Residential,land_use,5.6,36.6,4832.7
ghsl_8099_cell_01305,107,30,40.744993272227724,-73.50426225768919,1932.6,Industrial,land_use,7.4,31.6,4873.8
ghsl_8099_cell_01306,108,30,40.744993272227724,-73.49240577535069,1000.9,Commercial,land_use,5.7,33.9,3987.8
ghsl_8099_cell_01307,109,30,40.744993272227724,-73.48054929301217,2929.7,Residential,land_use,5.2,34.4,3102.4
ghsl_8099_cell_01308,110,30,40.744993272227724,-73.46869281067363,172.7,Utility,land_use,19.3,32.3,2277.1
ghsl_8099_cell_01309,111,30,40.744993272227724,-73.4568363283351,5.0,Green,land_use,100.0,36.7,1658.5
ghsl_8099_cell_01310,112,30,40.74499327222773,-73.44497984599658,64.0,Utility,land_use,19.9,30.6,1329.5
ghsl_8099_cell_01311,113,30,40.744993272227724,-73.43312336365805,1245.1,Residential,land_use,15.1,27.6,552.9
ghsl_8099_cell_01312,114,30,40.744993272227724,-73.42126688131954,178.0,Industrial,land_use,4.0,26.1,443.2
ghsl_8099_cell_01313,118,30,40.744993272227724,-73.37384095196543,2132.1,Civic,land_use,1.6,20.6,443.2
ghsl_8099_cell_01314,119,30,40.744993272227724,-73.3619844696269,2301.8,Industrial,land_use,4.1,16.5,911.3
ghsl_8099_cell_01315,120,30,40.74499327222772,-73.35012798728837,1766.8,Residential,land_use,0.0,18.1,1833.2
ghsl_8099_cell_01316,121,30,40.744993272227724,-73.33827150494986,3153.1,Residential,heuristic,0.0,17.6,2622.2
ghsl_8099_cell_01317,122,30,40.744993272227724,-73.32641502261133,2702.8,Residential,land_use,0.1,17.6,3082.0
ghsl_8099_cell_01318,123,30,40.744993272227724,-73.3145585402728,3042.4,Residential,heuristic,0.1,15.4,3758.5
ghsl_8099_cell_01319,124,30,40.744993272227724,-73.30270205793427,1508.4,Industrial,land_use,0.2,17.4,4490.4
ghsl_8099_cell_01320,125,30,40.744993272227724,-73.29084557559574,1900.6,Residential,heuristic,0.0,22.7,4490.2
ghsl_8099_cell_01321,126,30,40.744993272227724,-73.27898909325722,1651.3,Residential,heuristic,11.7,17.8,4489.9
ghsl_8099_cell_01322,127,30,40.744993272227724,-73.2671326109187,2035.4,Residential,heuristic,3.4,17.5,4570.4
ghsl_8099_cell_01323,128,30,40.744993272227724,-73.25527612858018,1909.5,Residential,land_use,6.2,17.0,4568.7
ghsl_8099_cell_01324,129,30,40.744993272227724,-73.24341964624163,2762.4,Residential,land_use,1.7,12.4,4488.8
ghsl_8099_cell_01325,130,30,40.744993272227724,-73.23156316390312,2074.8,Residential,heuristic,0.0,12.2,3756.4
ghsl_8099_cell_01326,131,30,40.744993272227724,-73.2197066815646,2019.5,Residential,land_use,0.0,10.6,3080.1
ghsl_8099_cell_01327,132,30,40.744993272227724,-73.20785019922606,1831.0,Commercial,land_use,0.2,10.7,2217.3
ghsl_8099_cell_01328,133,30,40.744993272227724,-73.19599371688756,2044.8,Residential,land_use,0.0,7.8,1330.4
ghsl_8099_cell_01329,134,30,40.744993272227724,-73.18413723454901,2050.1,Residential,land_use,6.0,12.1,443.4
ghsl_8099_cell_01330,32,31,40.73600992543965,-74.38720896535779,2162.6,Residential,land_use,5.0,99.9,442.0
ghsl_8099_cell_01331,33,31,40.73600992543965,-74.37535348540474,1529.9,Residential,land_use,8.8,62.6,442.0
ghsl_8099_cell_01332,41,31,40.736009925439646,-74.28050964578041,1888.2,Residential,heuristic,0.2,81.9,442.1
ghsl_8099_cell_01333,42,31,40.73600992543965,-74.26865416582737,2521.5,Residential,heuristic,3.2,44.3,914.0
ghsl_8099_cell_01334,43,31,40.73600992543965,-74.25679868587433,4186.5,Residential,heuristic,7.2,85.4,1836.3
ghsl_8099_cell_01335,44,31,40.73600992543965,-74.24494320592127,11229.9,Residential,land_use,12.7,78.6,2741.9
ghsl_8099_cell_01336,45,31,40.73600992543965,-74.23308772596823,9098.5,Civic,land_use,0.0,50.5,3622.4
ghsl_8099_cell_01337,46,31,40.73600992543965,-74.22123224601519,9087.3,Residential,land_use,1.4,47.5,4553.1
ghsl_8099_cell_01338,47,31,40.73600992543965,-74.20937676606215,7318.0,Civic,land_use,15.4,68.3,5436.2
ghsl_8099_cell_01339,48,31,40.736009925439646,-74.19752128610911,7383.5,Commercial,land_use,0.0,61.9,6342.6
ghsl_8099_cell_01340,49,31,40.73600992543965,-74.18566580615608,5907.3,Civic,land_use,5.2,34.4,7257.0
ghsl_8099_cell_01341,50,31,40.73600992543965,-74.17381032620303,2243.6,Civic,land_use,4.9,17.0,8148.9
ghsl_8099_cell_01342,51,31,40.736009925439646,-74.16195484625,1448.5,Industrial,land_use,4.4,0.0,9063.7
ghsl_8099_cell_01343,52,31,40.73600992543965,-74.15009936629697,1969.1,Residential,land_use,17.2,8.1,8220.5
ghsl_8099_cell_01344,53,31,40.73600992543965,-74.13824388634393,1829.8,Industrial,land_use,2.5,4.3,7401.5
ghsl_8099_cell_01345,54,31,40.73600992543965,-74.12638840639087,0.0,Industrial,land_use,11.3,4.2,6632.9
ghsl_8099_cell_01346,55,31,40.73600992543965,-74.11453292643783,0.0,Industrial,land_use,0.0,3.7,5934.2
ghsl_8099_cell_01347,56,31,40.73600992543965,-74.10267744648479,0.0,Industrial,land_use,0.0,1.4,5333.0
ghsl_8099_cell_01348,57,31,40.73600992543965,-74.09082196653173,6.5,Industrial,land_use,5.4,4.0,4840.3
ghsl_8099_cell_01349,58,31,40.73600992543965,-74.0789664865787,4954.3,Industrial,land_use,1.8,7.3,4209.0
ghsl_8099_cell_01350,59,31,40.736009925439646,-74.06711100662567,9895.2,Industrial,land_use,2.7,21.0,3742.9
ghsl_8099_cell_01351,60,31,40.736009925439646,-74.05525552667264,13094.2,Residential,land_use,0.7,35.7,3508.4
ghsl_8099_cell_01352,61,31,40.73600992543965,-74.0434000467196,7188.2,Industrial,land_use,4.5,5.2,3491.1
ghsl_8099_cell_01353,62,31,40.73600992543965,-74.03154456676656,10186.5,Utility,land_use,5.8,15.2,3491.1
ghsl_8099_cell_01354,63,31,40.73600992543965,-74.0196890868135,1032.8,Residential,heuristic,5.4,0.0,3552.0
ghsl_8099_cell_01355,64,31,40.73600992543965,-74.00783360686046,23143.6,Residential,land_use,7.1,10.6,3864.1
ghsl_8099_cell_01356,65,31,40.73600992543965,-73.9959781269074,41344.5,Civic,land_use,4.9,26.3,4387.8
ghsl_8099_cell_01357,66,31,40.73600992543965,-73.98412264695438,42605.7,Residential,land_use,12.1,30.4,4968.5
ghsl_8099_cell_01358,67,31,40.736009925439646,-73.97226716700133,13542.8,Residential,land_use,7.0,0.0,5473.4
ghsl_8099_cell_01359,68,31,40.73600992543965,-73.9604116870483,7541.6,Industrial,land_use,4.1,3.6,6102.2
ghsl_8099_cell_01360,69,31,40.73600992543965,-73.94855620709527,1783.3,Industrial,land_use,1.2,3.8,6820.8
ghsl_8099_cell_01361,70,31,40.73600992543965,-73.93670072714222,700.1,Green,land_use,100.0,5.4,7603.7
ghsl_8099_cell_01362,71,31,40.73600992543965,-73.92484524718917,9766.5,Residential,land_use,6.0,21.0,8433.0
ghsl_8099_cell_01363,72,31,40.73600992543965,-73.91298976723613,7373.8,Green,land_use,100.0,31.7,9296.4
ghsl_8099_cell_01364,73,31,40.73600992543965,-73.90113428728309,12740.9,Residential,land_use,2.6,13.5,10180.6
ghsl_8099_cell_01365,74,31,40.73600992543965,-73.88927880733004,10174.5,Utility,land_use,8.2,13.1,9880.7
ghsl_8099_cell_01366,75,31,40.73600992543965,-73.87742332737702,17833.0,Civic,land_use,4.9,14.2,9257.2
ghsl_8099_cell_01367,76,31,40.73600992543965,-73.86556784742395,32162.5,Residential,land_use,5.8,8.6,8704.7
ghsl_8099_cell_01368,77,31,40.736009925439646,-73.85371236747092,26890.5,Residential,land_use,3.3,8.4,8237.4
ghsl_8099_cell_01369,78,31,40.73600992543965,-73.84185688751789,3201.2,Residential,land_use,30.0,-1.0,7870.6
ghsl_8099_cell_01370,79,31,40.73600992543965,-73.83000140756485,2216.6,Green,land_use,100.0,19.6,7618.7
ghsl_8099_cell_01371,80,31,40.73600992543965,-73.8181459276118,7930.0,Civic,land_use,10.1,36.1,7166.8
ghsl_8099_cell_01372,81,31,40.73600992543965,-73.80629044765877,12008.6,Residential,land_use,2.1,33.3,6567.7
ghsl_8099_cell_01373,82,31,40.73600992543965,-73.79443496770573,5822.5,Civic,land_use,24.4,12.3,6075.5
ghsl_8099_cell_01374,83,31,40.73600992543965,-73.78257948775268,9161.1,Commercial,land_use,4.6,22.7,5717.8
ghsl_8099_cell_01375,84,31,40.73600992543965,-73.77072400779964,2875.0,Green,land_use,100.0,26.1,5520.7
ghsl_8099_cell_01376,85,31,40.73600992543965,-73.75886852784659,5622.0,Residential,land_use,3.6,54.8,5487.4
ghsl_8099_cell_01377,86,31,40.73600992543965,-73.74701304789355,5007.9,Residential,land_use,13.1,58.0,5501.6
ghsl_8099_cell_01378,87,31,40.73600992543965,-73.7351575679405,3108.1,Civic,land_use,7.9,36.6,5662.2
ghsl_8099_cell_01379,88,31,40.73600992543965,-73.72330208798746,4647.8,Residential,land_use,5.9,32.7,5988.1
ghsl_8099_cell_01380,89,31,40.73600992543965,-73.71144660803442,6252.1,Civic,land_use,0.0,30.2,6454.3
ghsl_8099_cell_01381,90,31,40.73600992543965,-73.69959112808138,5319.3,Commercial,land_use,0.2,36.4,7033.1
ghsl_8099_cell_01382,91,31,40.73600992543965,-73.68773564812834,5186.0,Commercial,land_use,3.6,33.7,7182.3
ghsl_8099_cell_01383,92,31,40.73600992543965,-73.67588016817531,2821.0,Residential,land_use,8.4,32.8,6812.3
ghsl_8099_cell_01384,93,31,40.73600992543965,-73.66402468822226,3174.9,Residential,land_use,1.1,30.8,6107.8
ghsl_8099_cell_01385,94,31,40.73600992543965,-73.65216920826923,1178.4,Industrial,land_use,33.6,23.5,5478.7
ghsl_8099_cell_01386,95,31,40.73600992543965,-73.64031372831616,870.3,Commercial,land_use,12.4,30.2,4973.0
ghsl_8099_cell_01387,96,31,40.73600992543965,-73.62845824836316,2142.0,Residential,land_use,12.4,39.4,4393.0
ghsl_8099_cell_01388,97,31,40.73600992543965,-73.61660276841009,988.0,Commercial,land_use,9.7,26.8,3868.2
ghsl_8099_cell_01389,98,31,40.736009925439646,-73.60474728845705,149.4,Commercial,land_use,23.8,32.1,3554.2
ghsl_8099_cell_01390,99,31,40.73600992543965,-73.592891808504,1223.8,Residential,land_use,13.3,29.3,3491.8
ghsl_8099_cell_01391,100,31,40.73600992543965,-73.58103632855098,189.9,Green,land_use,100.0,26.3,3491.9
ghsl_8099_cell_01392,101,31,40.73600992543965,-73.56918084859791,512.3,Green,land_use,100.0,28.5,3508.1
ghsl_8099_cell_01393,102,31,40.736009925439646,-73.55732536864487,1974.4,Residential,land_use,13.0,32.6,3739.6
ghsl_8099_cell_01394,103,31,40.73600992543965,-73.54546988869185,2518.0,Residential,land_use,14.8,33.6,4203.2
ghsl_8099_cell_01395,104,31,40.736009925439646,-73.5336144087388,3651.9,Residential,land_use,8.8,29.5,4832.7
ghsl_8099_cell_01396,105,31,40.73600992543965,-73.52175892878577,3388.8,Residential,land_use,7.0,33.2,5325.7
ghsl_8099_cell_01397,106,31,40.73600992543965,-73.50990344883272,3373.7,Residential,land_use,12.0,31.1,5760.4
ghsl_8099_cell_01398,107,31,40.73600992543965,-73.49804796887967,3368.0,Residential,land_use,2.4,33.5,4880.9
ghsl_8099_cell_01399,108,31,40.73600992543965,-73.48619248892663,3125.6,Residential,land_use,6.7,34.4,4052.7
ghsl_8099_cell_01400,109,31,40.73600992543965,-73.47433700897359,1406.9,Residential,land_use,24.8,27.1,3321.2
ghsl_8099_cell_01401,110,31,40.73600992543965,-73.46248152902054,957.9,Utility,land_use,8.5,37.8,2764.2
ghsl_8099_cell_01402,111,31,40.736009925439646,-73.45062604906751,1954.9,Residential,land_use,2.6,30.9,2277.4
ghsl_8099_cell_01403,112,31,40.73600992543965,-73.43877056911447,3188.9,Residential,land_use,3.5,23.5,1658.6
ghsl_8099_cell_01404,113,31,40.73600992543965,-73.42691508916145,993.8,Commercial,land_use,16.1,24.6,1329.7
ghsl_8099_cell_01405,114,31,40.73600992543965,-73.4150596092084,0.9,Commercial,land_use,22.2,22.5,552.9
ghsl_8099_cell_01406,115,31,40.736009925439646,-73.40320412925534,0.3,Green,land_use,100.0,21.2,498.9
ghsl_8099_cell_01407,116,31,40.73600992543965,-73.39134864930233,19.7,Industrial,land_use,83.1,19.2,498.9
ghsl_8099_cell_01408,117,31,40.73600992543965,-73.37949316934929,35.4,Residential,heuristic,0.0,19.7,498.8
ghsl_8099_cell_01409,118,31,40.736009925439646,-73.36763768939625,2370.6,Residential,heuristic,1.6,18.4,911.3
ghsl_8099_cell_01410,119,31,40.73600992543965,-73.35578220944319,2488.7,Civic,land_use,3.3,17.4,1833.2
ghsl_8099_cell_01411,120,31,40.73600992543965,-73.34392672949015,759.5,Residential,heuristic,5.3,9.5,2733.8
ghsl_8099_cell_01412,121,31,40.73600992543965,-73.33207124953711,1933.9,Green,land_use,73.7,11.8,3613.6
ghsl_8099_cell_01413,122,31,40.73600992543965,-73.32021576958407,2006.8,Commercial,land_use,4.4,13.3,4200.1
ghsl_8099_cell_01414,123,31,40.73600992543965,-73.30836028963103,2139.0,Civic,land_use,3.5,9.0,4828.8
ghsl_8099_cell_01415,124,31,40.73600992543965,-73.29650480967797,1950.4,Residential,heuristic,3.0,16.6,4855.9
ghsl_8099_cell_01416,125,31,40.73600992543965,-73.28464932972496,1055.6,Residential,heuristic,13.5,17.0,4568.6
ghsl_8099_cell_01417,126,31,40.73600992543965,-73.27279384977189,2244.2,Residential,land_use,1.0,14.0,4197.8
ghsl_8099_cell_01418,127,31,40.736009925439646,-73.26093836981886,2257.2,Residential,land_use,9.7,13.3,3735.7
ghsl_8099_cell_01419,128,31,40.73600992543965,-73.2490828898658,1576.0,Civic,land_use,1.9,10.3,3506.5
ghsl_8099_cell_01420,129,31,40.73600992543965,-73.23722740991278,1017.9,Commercial,land_use,18.1,10.7,3491.1
ghsl_8099_cell_01421,130,31,40.73600992543965,-73.22537192995973,2095.7,Residential,land_use,0.5,4.9,2732.4
ghsl_8099_cell_01422,131,31,40.73600992543965,-73.2135164500067,2086.8,Industrial,land_use,0.0,7.6,1972.2
ghsl_8099_cell_01423,132,31,40.73600992543965,-73.20166097005365,2055.0,Residential,land_use,13.6,2.6,1522.9
ghsl_8099_cell_01424,133,31,40.73600992543965,-73.18980549010061,1578.5,Commercial,land_use,0.0,6.7,1330.5
ghsl_8099_cell_01425,134,31,40.73600992543965,-73.17795001014758,2171.8,Commercial,land_use,0.7,7.6,443.5
ghsl_8099_cell_01426,31,32,40.7270270322716,-74.39277686104143,820.1,Civic,land_use,18.1,117.4,442.0
ghsl_8099_cell_01427,32,32,40.72702703227161,-74.38092238301402,1078.1,Industrial,land_use,0.0,71.3,914.2
ghsl_8099_cell_01428,33,32,40.7270270322716,-74.3690679049866,1883.6,Industrial,land_use,11.7,79.1,551.5
ghsl_8099_cell_01429,34,32,40.7270270322716,-74.35721342695919,1083.0,Utility,land_use,9.8,121.8,442.1
ghsl_8099_cell_01430,37,32,40.72702703227161,-74.32164999287696,1586.2,Residential,land_use,3.5,69.3,442.1
ghsl_8099_cell_01431,40,32,40.7270270322716,-74.28608655879471,2073.0,Utility,land_use,7.9,49.2,442.1
ghsl_8099_cell_01432,41,32,40.72702703227159,-74.27423208076728,1964.4,Green,land_use,54.0,40.7,913.9
ghsl_8099_cell_01433,42,32,40.727027032271614,-74.26237760273987,3041.6,Residential,heuristic,4.6,83.4,1836.3
ghsl_8099_cell_01434,43,32,40.727027032271614,-74.25052312471247,6237.3,Industrial,land_use,4.9,65.4,2741.8
ghsl_8099_cell_01435,44,32,40.7270270322716,-74.23866864668501,9084.2,Residential,heuristic,1.1,51.8,3622.4
ghsl_8099_cell_01436,45,32,40.727027032271614,-74.22681416865763,6896.8,Civic,land_use,5.9,44.9,4553.1
ghsl_8099_cell_01437,46,32,40.72702703227159,-74.21495969063022,8778.9,Residential,land_use,0.3,66.1,5436.2
ghsl_8099_cell_01438,47,32,40.7270270322716,-74.20310521260278,6685.6,Industrial,land_use,0.6,59.0,6342.5
ghsl_8099_cell_01439,48,32,40.72702703227161,-74.19125073457538,6534.3,Civic,land_use,12.7,33.3,7256.8
ghsl_8099_cell_01440,49,32,40.7270270322716,-74.17939625654796,9769.2,Industrial,land_use,4.2,13.2,8148.8
ghsl_8099_cell_01441,50,32,40.7270270322716,-74.16754177852056,12531.3,Civic,land_use,7.5,3.3,9060.8
ghsl_8099_cell_01442,51,32,40.7270270322716,-74.15568730049313,16060.3,Civic,land_use,0.2,4.1,8145.6
ghsl_8099_cell_01443,52,32,40.72702703227159,-74.14383282246571,6237.6,Residential,land_use,7.1,2.1,7253.3
ghsl_8099_cell_01444,53,32,40.7270270322716,-74.13197834443831,1832.5,Industrial,land_use,1.4,3.1,6393.4
ghsl_8099_cell_01445,54,32,40.7270270322716,-74.12012386641088,0.0,Industrial,land_use,3.7,0.0,5581.1
ghsl_8099_cell_01446,55,32,40.72702703227161,-74.10826938838348,2226.2,Commercial,land_use,0.0,4.6,4840.2
ghsl_8099_cell_01447,56,32,40.7270270322716,-74.09641491035607,434.5,Commercial,land_use,6.3,2.1,4208.8
ghsl_8099_cell_01448,57,32,40.7270270322716,-74.08456043232864,2875.3,Green,land_use,100.0,2.3,3742.7
ghsl_8099_cell_01449,58,32,40.7270270322716,-74.07270595430123,16704.1,Civic,land_use,0.7,25.9,3088.4
ghsl_8099_cell_01450,59,32,40.7270270322716,-74.06085147627381,10679.5,Industrial,land_use,2.7,26.2,2625.2
ghsl_8099_cell_01451,60,32,40.7270270322716,-74.0489969982464,10707.9,Industrial,land_use,10.2,5.2,2493.6
ghsl_8099_cell_01452,61,32,40.7270270322716,-74.03714252021899,9614.3,Commercial,land_use,2.7,19.9,2493.6
ghsl_8099_cell_01453,62,32,40.7270270322716,-74.02528804219159,2833.3,Residential,land_use,1.7,0.0,2500.2
ghsl_8099_cell_01454,63,32,40.72702703227161,-74.01343356416416,2245.8,Industrial,land_use,4.3,0.0,2760.1
ghsl_8099_cell_01455,64,32,40.7270270322716,-74.00157908613674,24710.1,Residential,land_use,4.2,20.8,3315.4
ghsl_8099_cell_01456,65,32,40.7270270322716,-73.98972460810931,37404.2,Civic,land_use,9.0,25.2,3864.4
ghsl_8099_cell_01457,66,32,40.72702703227159,-73.9778701300819,35941.2,Residential,land_use,16.9,15.0,4388.4
ghsl_8099_cell_01458,67,32,40.7270270322716,-73.96601565205448,309.3,Residential,land_use,2.8,0.0,5058.5
ghsl_8099_cell_01459,68,32,40.7270270322716,-73.95416117402709,13834.0,Industrial,land_use,2.3,6.8,5824.6
ghsl_8099_cell_01460,69,32,40.7270270322716,-73.94230669599966,10164.7,Industrial,land_use,7.1,9.9,6653.6
ghsl_8099_cell_01461,70,32,40.7270270322716,-73.93045221797225,11.4,Industrial,land_use,3.3,11.7,7524.7
ghsl_8099_cell_01462,71,32,40.7270270322716,-73.91859773994483,308.7,Industrial,land_use,11.7,9.4,8410.3
ghsl_8099_cell_01463,72,32,40.7270270322716,-73.90674326191741,4324.2,Civic,land_use,6.1,7.5,9295.9
ghsl_8099_cell_01464,73,32,40.72702703227159,-73.89488878389,10426.3,Civic,land_use,2.1,34.3,9489.5
ghsl_8099_cell_01465,74,32,40.7270270322716,-73.88303430586258,9033.2,Utility,land_use,6.7,42.2,8784.6
ghsl_8099_cell_01466,75,32,40.72702703227161,-73.87117982783518,13669.0,Utility,land_use,1.3,29.1,8142.1
ghsl_8099_cell_01467,76,32,40.7270270322716,-73.85932534980776,23011.7,Utility,land_use,1.9,40.4,7578.0
ghsl_8099_cell_01468,77,32,40.7270270322716,-73.84747087178035,23601.6,Civic,land_use,2.8,30.5,7111.0
ghsl_8099_cell_01469,78,32,40.72702703227159,-73.83561639375293,1326.9,Residential,land_use,25.3,1.1,6761.2
ghsl_8099_cell_01470,79,32,40.72702703227159,-73.82376191572551,11751.3,Residential,land_use,0.4,23.4,6547.5
ghsl_8099_cell_01471,80,32,40.727027032271614,-73.81190743769811,14148.3,Civic,land_use,2.0,22.0,6482.7
ghsl_8099_cell_01472,81,32,40.72702703227161,-73.80005295967068,8143.6,Civic,land_use,2.1,23.5,6482.7
ghsl_8099_cell_01473,82,32,40.7270270322716,-73.78819848164328,4747.8,Residential,heuristic,3.3,18.9,6483.3
ghsl_8099_cell_01474,83,32,40.7270270322716,-73.77634400361585,2336.7,Green,land_use,63.1,31.3,6573.2
ghsl_8099_cell_01475,84,32,40.7270270322716,-73.76448952558844,3349.8,Residential,land_use,4.1,62.1,6485.4
ghsl_8099_cell_01476,85,32,40.7270270322716,-73.75263504756103,6750.9,Residential,land_use,6.1,65.2,6484.9
ghsl_8099_cell_01477,86,32,40.7270270322716,-73.74078056953361,8444.8,Residential,land_use,0.4,27.5,6550.0
ghsl_8099_cell_01478,87,32,40.7270270322716,-73.7289260915062,8268.8,Residential,land_use,5.3,30.7,6763.8
ghsl_8099_cell_01479,88,32,40.7270270322716,-73.71707161347877,5291.4,Residential,land_use,1.9,30.2,7113.4
ghsl_8099_cell_01480,89,32,40.7270270322716,-73.70521713545136,4885.4,Commercial,land_use,1.1,31.3,7579.9
ghsl_8099_cell_01481,90,32,40.7270270322716,-73.69336265742395,3992.0,Residential,land_use,11.1,28.4,8143.3
ghsl_8099_cell_01482,91,32,40.7270270322716,-73.68150817939653,3274.3,Residential,land_use,4.1,28.5,7853.0
ghsl_8099_cell_01483,92,32,40.7270270322716,-73.66965370136911,2200.6,Residential,land_use,6.9,28.8,7171.0
ghsl_8099_cell_01484,93,32,40.7270270322716,-73.65779922334171,2175.4,Residential,land_use,3.8,31.5,6571.3
ghsl_8099_cell_01485,94,32,40.7270270322716,-73.6459447453143,786.6,Green,land_use,99.6,26.7,6078.2
ghsl_8099_cell_01486,95,32,40.7270270322716,-73.63409026728688,1303.3,Commercial,land_use,4.2,27.4,5479.3
ghsl_8099_cell_01487,96,32,40.72702703227159,-73.62223578925946,1557.0,Residential,land_use,11.3,34.5,4973.4
ghsl_8099_cell_01488,97,32,40.72702703227161,-73.61038131123206,701.7,Industrial,land_use,13.8,26.9,4631.6
ghsl_8099_cell_01489,98,32,40.7270270322716,-73.59852683320464,5.5,Green,land_use,51.2,26.4,4491.5
ghsl_8099_cell_01490,99,32,40.727027032271614,-73.58667235517724,5.7,Civic,land_use,97.0,25.7,4489.4
ghsl_8099_cell_01491,100,32,40.7270270322716,-73.57481787714981,250.8,Green,land_use,74.1,26.5,4489.4
ghsl_8099_cell_01492,101,32,40.7270270322716,-73.5629633991224,1419.0,Residential,land_use,12.1,27.2,4571.4
ghsl_8099_cell_01493,102,32,40.72702703227161,-73.55110892109498,3294.2,Civic,land_use,2.9,28.7,4860.8
ghsl_8099_cell_01494,103,32,40.7270270322716,-73.53925444306756,2257.5,Residential,land_use,8.4,27.8,5325.5
ghsl_8099_cell_01495,104,32,40.7270270322716,-73.52739996504015,2199.4,Commercial,land_use,12.2,25.5,5924.5
ghsl_8099_cell_01496,105,32,40.7270270322716,-73.51554548701274,2716.6,Residential,land_use,3.2,26.7,6449.7
ghsl_8099_cell_01497,106,32,40.7270270322716,-73.50369100898531,2257.4,Residential,land_use,1.5,26.5,5833.0
ghsl_8099_cell_01498,107,32,40.7270270322716,-73.49183653095791,2093.9,Residential,land_use,6.9,26.4,5066.5
ghsl_8099_cell_01499,108,32,40.7270270322716,-73.47998205293048,2448.1,Residential,land_use,7.0,23.4,4395.5
ghsl_8099_cell_01500,109,32,40.72702703227161,-73.46812757490306,2355.7,Residential,land_use,23.3,18.6,3869.9
ghsl_8099_cell_01501,110,32,40.7270270322716,-73.45627309687566,2435.4,Commercial,land_use,20.0,22.5,3321.6
ghsl_8099_cell_01502,111,32,40.7270270322716,-73.44441861884825,2963.1,Commercial,land_use,4.2,23.6,2764.4
ghsl_8099_cell_01503,112,32,40.72702703227159,-73.43256414082083,2223.1,Residential,land_use,5.3,19.2,2277.7
ghsl_8099_cell_01504,113,32,40.7270270322716,-73.42070966279343,132.5,Commercial,land_use,19.5,23.8,1658.8
ghsl_8099_cell_01505,114,32,40.7270270322716,-73.40885518476601,0.0,Green,land_use,42.1,18.3,1496.4
ghsl_8099_cell_01506,115,32,40.7270270322716,-73.3970007067386,0.0,Unbuilt,heuristic,29.5,18.7,1496.5
ghsl_8099_cell_01507,116,32,40.7270270322716,-73.38514622871118,539.7,Green,land_use,100.0,17.6,1496.4
ghsl_8099_cell_01508,117,32,40.72702703227159,-73.37329175068375,1744.0,Residential,heuristic,10.3,20.0,1523.2
ghsl_8099_cell_01509,118,32,40.7270270322716,-73.36143727265633,2767.1,Civic,land_use,3.6,15.0,1973.3
ghsl_8099_cell_01510,119,32,40.7270270322716,-73.34958279462893,3201.1,Residential,heuristic,0.0,13.8,2733.7
ghsl_8099_cell_01511,120,32,40.72702703227161,-73.33772831660151,1493.0,Civic,land_use,0.1,8.4,3613.6
ghsl_8099_cell_01512,121,32,40.7270270322716,-73.32587383857408,1650.5,Residential,land_use,23.9,8.2,4544.0
ghsl_8099_cell_01513,122,32,40.7270270322716,-73.31401936054668,2523.4,Residential,heuristic,1.3,10.4,4488.3
ghsl_8099_cell_01514,123,32,40.72702703227161,-73.30216488251928,2357.0,Residential,land_use,0.0,13.0,4197.8
ghsl_8099_cell_01515,124,32,40.727027032271614,-73.29031040449186,1683.8,Residential,heuristic,5.7,9.3,3735.6
ghsl_8099_cell_01516,125,32,40.72702703227161,-73.27845592646445,1311.6,Commercial,land_use,17.9,9.5,3506.4
ghsl_8099_cell_01517,126,32,40.7270270322716,-73.26660144843703,1616.2,Residential,land_use,4.9,9.9,3080.0
ghsl_8099_cell_01518,127,32,40.72702703227161,-73.2547469704096,3049.8,Civic,land_use,6.5,7.6,2620.7
ghsl_8099_cell_01519,128,32,40.72702703227159,-73.2428924923822,2379.8,Civic,land_use,1.0,4.2,2493.6
ghsl_8099_cell_01520,129,32,40.7270270322716,-73.23103801435477,2080.9,Residential,land_use,0.4,1.9,2493.4
ghsl_8099_cell_01521,130,32,40.72702703227161,-73.21918353632736,1579.3,Residential,land_use,8.3,5.9,1832.7
ghsl_8099_cell_01522,131,32,40.72702703227159,-73.20732905829993,1521.8,Residential,land_use,0.4,4.7,910.8
ghsl_8099_cell_01523,132,32,40.7270270322716,-73.19547458027255,1348.8,Civic,land_use,0.6,4.9,498.7
ghsl_8099_cell_01524,133,32,40.7270270322716,-73.18362010224511,1850.0,Residential,land_use,0.0,6.1,498.6
ghsl_8099_cell_01525,134,32,40.727027032271614,-73.17176562421771,2240.6,Civic,land_use,8.2,8.7,443.6
ghsl_8099_cell_01526,30,33,40.718044592539115,-74.39834563751484,1474.9,Residential,land_use,1.4,68.8,442.0
ghsl_8099_cell_01527,31,33,40.718044592539115,-74.38649216095344,1146.2,Residential,land_use,1.4,84.1,914.2
ghsl_8099_cell_01528,32,33,40.71804459253912,-74.37463868439205,1635.0,Civic,land_use,5.5,111.1,1496.1
ghsl_8099_cell_01529,33,33,40.718044592539115,-74.36278520783068,2201.9,Civic,land_use,10.3,118.5,1326.3
ghsl_8099_cell_01530,34,33,40.718044592539115,-74.35093173126927,2383.7,Residential,land_use,0.1,129.5,551.5
ghsl_8099_cell_01531,35,33,40.71804459253912,-74.33907825470791,1989.2,Residential,land_use,7.5,78.0,498.8
ghsl_8099_cell_01532,36,33,40.71804459253911,-74.32722477814652,2065.6,Commercial,land_use,0.4,56.3,498.8
ghsl_8099_cell_01533,37,33,40.71804459253911,-74.31537130158515,2194.4,Civic,land_use,21.8,32.5,551.6
ghsl_8099_cell_01534,38,33,40.718044592539115,-74.30351782502375,2288.8,Residential,land_use,4.3,33.1,498.8
ghsl_8099_cell_01535,39,33,40.71804459253912,-74.29166434846239,2014.0,Industrial,land_use,0.6,28.2,498.8
ghsl_8099_cell_01536,40,33,40.71804459253911,-74.27981087190099,4310.4,Residential,heuristic,0.0,48.1,913.9
ghsl_8099_cell_01537,41,33,40.718044592539115,-74.26795739533962,4245.7,Industrial,land_use,0.6,65.6,1836.3
ghsl_8099_cell_01538,42,33,40.718044592539115,-74.25610391877824,5725.0,Industrial,land_use,2.8,56.3,2741.7
ghsl_8099_cell_01539,43,33,40.718044592539115,-74.24425044221685,7946.4,Industrial,land_use,5.9,60.2,3622.3
ghsl_8099_cell_01540,44,33,40.718044592539115,-74.23239696565545,5582.4,Industrial,land_use,15.9,48.7,4553.2
ghsl_8099_cell_01541,45,33,40.718044592539115,-74.22054348909407,4594.2,Industrial,land_use,0.6,56.8,5436.1
ghsl_8099_cell_01542,46,33,40.718044592539115,-74.20869001253271,7551.6,Civic,land_use,3.1,50.1,6342.5
ghsl_8099_cell_01543,47,33,40.71804459253912,-74.19683653597133,6469.6,Industrial,land_use,10.4,22.6,7256.7
ghsl_8099_cell_01544,48,33,40.71804459253911,-74.18498305940993,3196.9,Industrial,land_use,0.7,3.9,8148.7
ghsl_8099_cell_01545,49,33,40.718044592539115,-74.17312958284856,2496.9,Industrial,land_use,1.0,2.4,9063.6
ghsl_8099_cell_01546,50,33,40.718044592539115,-74.16127610628716,3305.9,Industrial,land_use,0.8,4.2,8219.7
ghsl_8099_cell_01547,51,33,40.71804459253912,-74.14942262972579,2614.4,Industrial,land_use,0.7,5.0,7271.6
ghsl_8099_cell_01548,52,33,40.718044592539115,-74.13756915316442,602.1,Industrial,land_use,0.5,5.6,6339.9
ghsl_8099_cell_01549,53,33,40.718044592539115,-74.12571567660302,1706.7,Industrial,land_use,0.1,0.7,5433.3
ghsl_8099_cell_01550,54,33,40.71804459253912,-74.11386220004167,4.1,Industrial,land_use,0.0,6.2,4566.5
ghsl_8099_cell_01551,55,33,40.718044592539115,-74.10200872348027,39.4,Residential,heuristic,0.0,0.0,3767.2
ghsl_8099_cell_01552,56,33,40.718044592539115,-74.09015524691887,8574.4,Industrial,land_use,0.0,6.9,3088.4
ghsl_8099_cell_01553,57,33,40.718044592539115,-74.0783017703575,14925.1,Residential,heuristic,2.2,25.9,2625.0
ghsl_8099_cell_01554,58,33,40.71804459253911,-74.06644829379611,9291.2,Industrial,land_use,2.8,24.7,1977.8
ghsl_8099_cell_01555,59,33,40.718044592539115,-74.05459481723474,5179.5,Civic,land_use,6.7,3.2,1524.4
ghsl_8099_cell_01556,60,33,40.718044592539115,-74.04274134067336,14681.8,Civic,land_use,3.4,5.2,1496.1
ghsl_8099_cell_01557,61,33,40.71804459253911,-74.03088786411196,4068.0,Industrial,land_use,1.2,0.0,1496.1
ghsl_8099_cell_01558,62,33,40.718044592539115,-74.01903438755059,6947.1,Civic,land_use,10.3,0.0,1656.1
ghsl_8099_cell_01559,63,33,40.718044592539115,-74.00718091098922,18275.8,Residential,land_use,10.4,15.1,2273.4
ghsl_8099_cell_01560,64,33,40.71804459253911,-73.99532743442784,37510.5,Civic,land_use,9.1,22.7,2760.3
ghsl_8099_cell_01561,65,33,40.71804459253911,-73.98347395786644,35674.9,Residential,land_use,6.6,18.7,3315.8
ghsl_8099_cell_01562,66,33,40.718044592539115,-73.97162048130505,10726.7,Residential,land_use,22.7,0.0,4046.8
ghsl_8099_cell_01563,67,33,40.71804459253911,-73.95976700474367,11768.5,Civic,land_use,9.1,10.0,4875.0
ghsl_8099_cell_01564,68,33,40.718044592539115,-73.9479135281823,12281.8,Civic,land_use,26.2,5.0,5754.3
ghsl_8099_cell_01565,69,33,40.71804459253912,-73.93606005162093,6667.5,Industrial,land_use,8.4,13.8,6639.9
ghsl_8099_cell_01566,70,33,40.718044592539115,-73.92420657505954,1.5,Industrial,land_use,0.0,0.0,7525.6
ghsl_8099_cell_01567,71,33,40.71804459253912,-73.91235309849814,4741.1,Industrial,land_use,0.6,12.7,8425.9
ghsl_8099_cell_01568,72,33,40.71804459253912,-73.90049962193677,8698.2,Civic,land_use,30.3,31.1,8703.3
ghsl_8099_cell_01569,73,33,40.718044592539115,-73.88864614537539,6768.2,Green,land_use,42.4,33.6,8431.2
ghsl_8099_cell_01570,74,33,40.718044592539115,-73.87679266881399,6999.3,Utility,land_use,25.5,36.1,7697.9
ghsl_8099_cell_01571,75,33,40.718044592539115,-73.86493919225263,5094.4,Green,land_use,75.2,22.9,7031.3
ghsl_8099_cell_01572,76,33,40.718044592539115,-73.85308571569125,9270.1,Civic,land_use,3.5,19.0,6452.0
ghsl_8099_cell_01573,77,33,40.718044592539115,-73.84123223912985,16665.9,Residential,land_use,4.2,26.2,5985.4
ghsl_8099_cell_01574,78,33,40.718044592539115,-73.82937876256848,6319.9,Utility,land_use,13.4,5.4,5659.5
ghsl_8099_cell_01575,79,33,40.718044592539115,-73.81752528600708,10029.8,Residential,land_use,3.4,38.2,5499.2
ghsl_8099_cell_01576,80,33,40.718044592539115,-73.8056718094457,9894.8,Civic,land_use,3.2,35.8,5485.2
ghsl_8099_cell_01577,81,33,40.718044592539115,-73.79381833288433,7395.7,Civic,land_use,7.3,37.8,5485.2
ghsl_8099_cell_01578,82,33,40.718044592539115,-73.78196485632294,6315.3,Residential,heuristic,4.8,39.6,5519.2
ghsl_8099_cell_01579,83,33,40.718044592539115,-73.77011137976156,5785.8,Residential,heuristic,0.8,50.9,5717.6
ghsl_8099_cell_01580,84,33,40.718044592539115,-73.75825790320019,10839.4,Residential,land_use,0.4,20.0,6076.8
ghsl_8099_cell_01581,85,33,40.71804459253912,-73.7464044266388,8575.1,Commercial,land_use,0.1,23.8,6570.5
ghsl_8099_cell_01582,86,33,40.71804459253911,-73.73455095007742,6525.1,Residential,land_use,3.2,29.8,7171.0
ghsl_8099_cell_01583,87,33,40.718044592539115,-73.72269747351604,2546.4,Residential,land_use,24.4,23.8,7667.1
ghsl_8099_cell_01584,88,33,40.71804459253912,-73.71084399695464,3528.9,Civic,land_use,1.9,29.1,8239.2
ghsl_8099_cell_01585,89,33,40.71804459253912,-73.69899052039327,5004.4,Civic,land_use,6.3,25.9,8705.9
ghsl_8099_cell_01586,90,33,40.71804459253911,-73.6871370438319,3628.9,Residential,land_use,1.2,28.0,8898.5
ghsl_8099_cell_01587,91,33,40.71804459253912,-73.67528356727051,3271.6,Residential,land_use,9.9,26.6,8245.3
ghsl_8099_cell_01588,92,33,40.718044592539115,-73.66343009070914,2336.6,Green,land_use,61.4,26.5,7667.5
ghsl_8099_cell_01589,93,33,40.71804459253911,-73.65157661414773,2126.8,Green,land_use,73.1,24.2,7171.9
ghsl_8099_cell_01590,94,33,40.718044592539115,-73.63972313758636,1378.3,Residential,land_use,15.2,28.3,6572.0
ghsl_8099_cell_01591,95,33,40.71804459253912,-73.62786966102499,4663.8,Residential,land_use,4.5,23.8,6078.7
ghsl_8099_cell_01592,96,33,40.718044592539115,-73.61601618446359,5602.8,Residential,land_use,5.5,20.3,5719.6
ghsl_8099_cell_01593,97,33,40.71804459253912,-73.60416270790223,5264.7,Civic,land_use,23.4,24.1,5521.1
ghsl_8099_cell_01594,98,33,40.71804459253911,-73.59230923134082,2010.5,Residential,land_use,25.4,25.0,5486.9
ghsl_8099_cell_01595,99,33,40.718044592539115,-73.58045575477945,1799.2,Commercial,land_use,19.8,17.2,5486.9
ghsl_8099_cell_01596,100,33,40.71804459253912,-73.56860227821807,3479.8,Commercial,land_use,2.3,26.2,5500.4
ghsl_8099_cell_01597,101,33,40.71804459253912,-73.5567488016567,3265.4,Commercial,land_use,0.3,23.0,5659.5
ghsl_8099_cell_01598,102,33,40.71804459253911,-73.5448953250953,3872.3,Residential,heuristic,0.5,27.4,5984.2
ghsl_8099_cell_01599,103,33,40.718044592539115,-73.53304184853393,2870.8,Residential,land_use,17.3,20.1,6449.5
ghsl_8099_cell_01600,104,33,40.71804459253911,-73.52118837197254,3435.2,Residential,land_use,2.2,25.8,7027.5
ghsl_8099_cell_01601,105,33,40.71804459253911,-73.50933489541116,3230.2,Residential,land_use,8.4,20.1,6831.5
ghsl_8099_cell_01602,106,33,40.718044592539115,-73.49748141884976,3697.0,Commercial,land_use,3.3,22.4,6112.3
ghsl_8099_cell_01603,107,33,40.71804459253912,-73.4856279422884,2998.7,Residential,land_use,2.4,22.9,5482.4
ghsl_8099_cell_01604,108,33,40.71804459253911,-73.47377446572702,3219.3,Residential,land_use,10.7,24.2,4975.6
ghsl_8099_cell_01605,109,33,40.718044592539115,-73.46192098916562,2309.1,Residential,land_use,5.1,20.7,4396.0
ghsl_8099_cell_01606,110,33,40.71804459253912,-73.45006751260425,2910.7,Civic,land_use,0.7,16.8,3870.2
ghsl_8099_cell_01607,111,33,40.71804459253911,-73.43821403604285,3085.5,Residential,land_use,4.3,19.2,3322.0
ghsl_8099_cell_01608,112,33,40.718044592539115,-73.42636055948148,851.1,Civic,land_use,5.4,19.6,2764.6
ghsl_8099_cell_01609,113,33,40.718044592539115,-73.4145070829201,340.1,Industrial,land_use,5.4,17.9,2501.2
ghsl_8099_cell_01610,114,33,40.718044592539115,-73.40265360635871,297.3,Industrial,land_use,41.5,17.7,2493.9
ghsl_8099_cell_01611,115,33,40.71804459253911,-73.39080012979733,2083.1,Commercial,land_use,1.3,16.2,2494.0
ghsl_8099_cell_01612,116,33,40.71804459253912,-73.37894665323597,3363.7,Residential,heuristic,0.2,16.9,2493.9
ghsl_8099_cell_01613,117,33,40.718044592539115,-73.36709317667459,2728.7,Residential,land_use,0.0,14.8,2621.7
ghsl_8099_cell_01614,118,33,40.718044592539115,-73.35523970011319,3081.4,Residential,heuristic,0.0,12.6,3081.5
ghsl_8099_cell_01615,119,33,40.71804459253912,-73.34338622355182,3288.9,Residential,heuristic,0.0,10.6,3758.1
ghsl_8099_cell_01616,120,33,40.718044592539115,-73.33153274699043,877.7,Industrial,land_use,0.0,11.9,3735.6
ghsl_8099_cell_01617,121,33,40.71804459253911,-73.31967927042903,2459.9,Residential,land_use,0.1,8.8,3506.2
ghsl_8099_cell_01618,122,33,40.71804459253912,-73.30782579386768,1706.8,Residential,land_use,0.0,9.2,3490.8
ghsl_8099_cell_01619,123,33,40.718044592539115,-73.29597231730628,2150.2,Civic,land_use,0.0,8.2,3080.0
ghsl_8099_cell_01620,124,33,40.718044592539115,-73.28411884074491,2395.6,Residential,land_use,1.7,12.9,2620.7
ghsl_8099_cell_01621,125,33,40.718044592539115,-73.27226536418353,1327.0,Residential,land_use,18.6,7.3,2493.5
ghsl_8099_cell_01622,126,33,40.718044592539115,-73.26041188762213,1423.9,Residential,land_use,0.2,7.2,1972.2
ghsl_8099_cell_01623,127,33,40.718044592539115,-73.24855841106074,2040.4,Residential,land_use,0.6,6.6,1522.7
ghsl_8099_cell_01624,128,33,40.718044592539115,-73.23670493449937,726.2,Residential,land_use,0.1,0.6,1496.0
ghsl_8099_cell_01625,129,33,40.718044592539115,-73.22485145793799,460.2,Residential,land_use,0.0,0.0,1495.9
ghsl_8099_cell_01626,130,33,40.718044592539115,-73.2129979813766,768.5,Civic,land_use,20.8,8.2,910.7
ghsl_8099_cell_01627,131,33,40.718044592539115,-73.20114450481523,347.0,Residential,heuristic,4.2,7.6,443.6
ghsl_8099_cell_01628,29,34,40.70906260605782,-74.40391529450214,1785.3,Residential,land_use,5.9,87.8,442.1
ghsl_8099_cell_01629,30,34,40.70906260605783,-74.39206281894745,1533.6,Residential,land_use,1.7,88.1,914.2
ghsl_8099_cell_01630,31,34,40.70906260605782,-74.38021034339279,1719.7,Residential,land_use,0.7,113.8,498.7
ghsl_8099_cell_01631,32,34,40.70906260605782,-74.3683578678381,1804.1,Residential,heuristic,9.7,130.0,498.7
ghsl_8099_cell_01632,33,34,40.70906260605782,-74.35650539228341,2269.1,Civic,land_use,5.0,144.2,551.5
ghsl_8099_cell_01633,34,34,40.70906260605782,-74.34465291672875,1347.3,Green,land_use,100.0,96.3,1326.4
ghsl_8099_cell_01634,35,34,40.70906260605782,-74.33280044117407,1047.6,Residential,land_use,0.8,98.3,1496.2
ghsl_8099_cell_01635,36,34,40.70906260605782,-74.32094796561937,1761.4,Residential,land_use,3.1,36.4,1524.9
ghsl_8099_cell_01636,37,34,40.70906260605782,-74.30909549006469,2314.9,Residential,land_use,6.5,31.9,1496.2
ghsl_8099_cell_01637,38,34,40.70906260605782,-74.29724301451003,2055.6,Residential,land_use,3.3,38.6,1496.2
ghsl_8099_cell_01638,39,34,40.70906260605782,-74.28539053895535,3637.9,Industrial,land_use,6.5,36.1,1524.9
ghsl_8099_cell_01639,40,34,40.70906260605782,-74.27353806340066,2542.2,Industrial,land_use,7.8,45.3,1979.4
ghsl_8099_cell_01640,41,34,40.70906260605782,-74.26168558784599,2943.8,Residential,heuristic,37.3,35.2,2741.6
ghsl_8099_cell_01641,42,34,40.70906260605782,-74.24983311229131,3879.5,Residential,land_use,0.6,29.3,3622.3
ghsl_8099_cell_01642,43,34,40.70906260605782,-74.23798063673662,3598.7,Industrial,land_use,0.8,33.5,4553.2
ghsl_8099_cell_01643,44,34,40.70906260605782,-74.22612816118193,6036.5,Industrial,land_use,1.3,54.0,5436.0
ghsl_8099_cell_01644,45,34,40.70906260605783,-74.21427568562727,7829.9,Civic,land_use,5.4,45.1,6342.4
ghsl_8099_cell_01645,46,34,40.70906260605782,-74.2024232100726,6671.8,Industrial,land_use,27.2,34.4,7256.5
ghsl_8099_cell_01646,47,34,40.70906260605782,-74.19057073451792,1169.6,Industrial,land_use,1.4,6.0,8148.6
ghsl_8099_cell_01647,48,34,40.70906260605782,-74.17871825896323,1533.8,Residential,heuristic,4.6,5.4,9063.6
ghsl_8099_cell_01648,49,34,40.70906260605782,-74.16686578340853,2202.0,Residential,heuristic,8.1,6.4,8438.9
ghsl_8099_cell_01649,50,34,40.70906260605782,-74.15501330785388,0.0,Unbuilt,heuristic,6.2,0.9,7455.3
ghsl_8099_cell_01650,51,34,40.70906260605782,-74.14316083229919,0.0,Industrial,land_use,0.0,8.8,6477.1
ghsl_8099_cell_01651,52,34,40.70906260605782,-74.13130835674451,0.0,Industrial,land_use,0.0,3.2,5507.4
ghsl_8099_cell_01652,53,34,40.70906260605782,-74.11945588118982,0.0,Unbuilt,heuristic,0.0,0.0,4551.5
ghsl_8099_cell_01653,54,34,40.70906260605782,-74.10760340563515,3100.1,Commercial,land_use,8.9,0.0,3620.5
ghsl_8099_cell_01654,55,34,40.70906260605782,-74.09575093008047,6772.6,Commercial,land_use,1.8,12.7,2739.7
ghsl_8099_cell_01655,56,34,40.70906260605782,-74.08389845452578,12822.1,Civic,land_use,1.6,33.3,1977.7
ghsl_8099_cell_01656,57,34,40.70906260605782,-74.0720459789711,6110.5,Industrial,land_use,6.9,3.9,1524.3
ghsl_8099_cell_01657,58,34,40.70906260605782,-74.06019350341643,4723.5,Utility,land_use,1.8,8.4,913.2
ghsl_8099_cell_01658,59,34,40.70906260605782,-74.04834102786175,295.5,Industrial,land_use,4.4,3.0,498.7
ghsl_8099_cell_01659,60,34,40.70906260605782,-74.03648855230706,4048.2,Residential,heuristic,6.6,1.3,498.6
ghsl_8099_cell_01660,61,34,40.70906260605782,-74.0246360767524,1778.6,Residential,heuristic,4.0,0.0,552.0
ghsl_8099_cell_01661,62,34,40.70906260605782,-74.01278360119771,25295.9,Commercial,land_use,12.9,47.2,1327.7
ghsl_8099_cell_01662,63,34,40.70906260605782,-74.00093112564302,15574.9,Residential,land_use,15.9,13.0,1656.2
ghsl_8099_cell_01663,64,34,40.70906260605782,-73.98907865008835,21299.5,Residential,land_use,9.0,0.0,2273.7
ghsl_8099_cell_01664,65,34,40.70906260605782,-73.97722617453368,6873.9,Residential,land_use,6.4,0.0,3098.9
ghsl_8099_cell_01665,66,34,40.70906260605782,-73.965373698979,25846.7,Residential,land_use,4.7,19.5,3983.9
ghsl_8099_cell_01666,67,34,40.70906260605782,-73.95352122342432,28554.9,Civic,land_use,8.6,17.1,4869.4
ghsl_8099_cell_01667,68,34,40.70906260605782,-73.94166874786964,19835.4,Residential,land_use,5.9,19.6,5759.2
ghsl_8099_cell_01668,69,34,40.70906260605782,-73.92981627231495,4855.5,Utility,land_use,0.0,1.8,6676.4
ghsl_8099_cell_01669,70,34,40.70906260605783,-73.91796379676028,14373.4,Utility,land_use,10.3,22.6,7614.8
ghsl_8099_cell_01670,71,34,40.70906260605782,-73.9061113212056,19372.2,Civic,land_use,8.8,37.2,7869.6
ghsl_8099_cell_01671,72,34,40.70906260605782,-73.89425884565092,10019.5,Industrial,land_use,4.6,31.3,7617.6
ghsl_8099_cell_01672,73,34,40.70906260605782,-73.88240637009623,4158.3,Green,land_use,100.0,36.0,7393.6
ghsl_8099_cell_01673,74,34,40.70906260605782,-73.87055389454154,7865.3,Commercial,land_use,0.2,30.9,6625.4
ghsl_8099_cell_01674,75,34,40.70906260605782,-73.85870141898688,4779.9,Civic,land_use,1.7,19.7,5927.3
ghsl_8099_cell_01675,76,34,40.70906260605782,-73.8468489434322,4494.7,Residential,heuristic,2.8,23.3,5327.1
ghsl_8099_cell_01676,77,34,40.70906260605782,-73.83499646787752,11730.9,Residential,heuristic,4.6,51.3,4861.2
ghsl_8099_cell_01677,78,34,40.70906260605782,-73.82314399232284,10999.0,Civic,land_use,31.5,37.1,4570.7
ghsl_8099_cell_01678,79,34,40.70906260605782,-73.81129151676815,22171.6,Civic,land_use,1.0,46.2,4487.8
ghsl_8099_cell_01679,80,34,40.70906260605782,-73.79943904121346,18433.6,Civic,land_use,5.7,21.8,4487.8
ghsl_8099_cell_01680,81,34,40.70906260605782,-73.7875865656588,20666.7,Industrial,land_use,0.6,21.1,4489.9
ghsl_8099_cell_01681,82,34,40.70906260605782,-73.77573409010412,9265.8,Utility,land_use,2.3,17.1,4629.9
ghsl_8099_cell_01682,83,34,40.70906260605782,-73.76388161454943,10401.0,Civic,land_use,0.3,22.3,4972.0
ghsl_8099_cell_01683,84,34,40.70906260605782,-73.75202913899474,8068.9,Commercial,land_use,2.8,23.3,5478.3
ghsl_8099_cell_01684,85,34,40.70906260605782,-73.74017666344007,8357.5,Civic,land_use,1.2,24.1,6077.3
ghsl_8099_cell_01685,86,34,40.70906260605782,-73.72832418788539,5574.5,Commercial,land_use,8.7,22.7,6571.2
ghsl_8099_cell_01686,87,34,40.70906260605782,-73.71647171233072,3202.0,Commercial,land_use,0.1,24.4,7172.0
ghsl_8099_cell_01687,88,34,40.70906260605782,-73.70461923677603,4482.5,Residential,land_use,6.7,19.9,7667.9
ghsl_8099_cell_01688,89,34,40.70906260605783,-73.69276676122136,5751.1,Civic,land_use,1.5,24.4,8246.8
ghsl_8099_cell_01689,90,34,40.70906260605782,-73.68091428566669,3920.8,Residential,heuristic,12.6,27.7,8901.2
ghsl_8099_cell_01690,91,34,40.70906260605782,-73.669061810112,4156.1,Civic,land_use,1.5,18.1,8766.0
ghsl_8099_cell_01691,92,34,40.70906260605782,-73.65720933455732,3143.3,Commercial,land_use,18.4,19.6,8246.3
ghsl_8099_cell_01692,93,34,40.70906260605782,-73.64535685900265,2859.3,Residential,land_use,0.8,23.0,7668.3
ghsl_8099_cell_01693,94,34,40.70906260605782,-73.63350438344796,5743.9,Commercial,land_use,3.5,23.4,7183.9
ghsl_8099_cell_01694,95,34,40.70906260605782,-73.6216519078933,8078.2,Commercial,land_use,4.0,20.1,6813.2
ghsl_8099_cell_01695,96,34,40.70906260605782,-73.6097994323386,7972.8,Residential,land_use,1.4,21.7,6575.3
ghsl_8099_cell_01696,97,34,40.70906260605782,-73.59794695678391,4246.8,Residential,land_use,2.6,20.4,6484.9
ghsl_8099_cell_01697,98,34,40.70906260605782,-73.58609448122925,4106.5,Residential,land_use,3.4,20.4,6484.3
ghsl_8099_cell_01698,99,34,40.70906260605782,-73.57424200567455,2755.5,Residential,land_use,5.6,20.9,6484.3
ghsl_8099_cell_01699,100,34,40.70906260605782,-73.56238953011989,3540.4,Residential,land_use,10.7,23.6,6548.0
ghsl_8099_cell_01700,101,34,40.70906260605782,-73.55053705456521,2743.9,Residential,land_use,18.2,21.7,6760.3
ghsl_8099_cell_01701,102,34,40.70906260605782,-73.53868457901052,3362.1,Residential,heuristic,0.1,20.6,7108.7
ghsl_8099_cell_01702,103,34,40.70906260605782,-73.52683210345583,2700.8,Civic,land_use,0.3,19.1,7574.2
ghsl_8099_cell_01703,104,34,40.70906260605782,-73.51497962790117,3306.9,Residential,land_use,9.8,21.7,7613.8
ghsl_8099_cell_01704,105,34,40.70906260605782,-73.50312715234648,2842.7,Residential,land_use,11.6,16.3,7176.2
ghsl_8099_cell_01705,106,34,40.70906260605782,-73.4912746767918,2901.2,Residential,land_use,4.8,19.8,6575.6
ghsl_8099_cell_01706,107,34,40.70906260605782,-73.47942220123713,2816.2,Commercial,land_use,5.0,19.6,6081.4
ghsl_8099_cell_01707,108,34,40.70906260605782,-73.46756972568244,2638.4,Residential,land_use,4.8,17.7,5483.0
ghsl_8099_cell_01708,109,34,40.70906260605782,-73.45571725012776,1382.1,Residential,land_use,13.5,28.0,4976.0
ghsl_8099_cell_01709,110,34,40.70906260605782,-73.44386477457309,2327.1,Civic,land_use,7.3,14.4,4396.6
ghsl_8099_cell_01710,111,34,40.70906260605782,-73.43201229901838,2379.9,Residential,land_use,7.2,15.1,3870.5
ghsl_8099_cell_01711,112,34,40.70906260605782,-73.42015982346372,2272.2,Residential,land_use,2.2,15.5,3554.9
ghsl_8099_cell_01712,113,34,40.70906260605782,-73.40830734790904,2478.6,Residential,land_use,10.1,15.0,3491.3
ghsl_8099_cell_01713,114,34,40.70906260605782,-73.39645487235437,1546.0,Industrial,land_use,0.0,17.7,3491.4
ghsl_8099_cell_01714,115,34,40.70906260605782,-73.38460239679968,3101.1,Residential,heuristic,4.8,14.1,3491.4
ghsl_8099_cell_01715,116,34,40.70906260605782,-73.37274992124502,2625.7,Industrial,land_use,5.5,13.3,3506.9
ghsl_8099_cell_01716,117,34,40.70906260605782,-73.36089744569033,2629.4,Residential,heuristic,1.9,9.5,3736.8
ghsl_8099_cell_01717,118,34,40.70906260605782,-73.34904497013564,2532.2,Residential,land_use,9.4,8.0,3756.9
ghsl_8099_cell_01718,119,34,40.70906260605782,-73.33719249458098,2188.4,Civic,land_use,5.6,8.1,3080.2
ghsl_8099_cell_01719,120,34,40.70906260605782,-73.32534001902629,1715.1,Residential,land_use,0.0,6.6,2620.7
ghsl_8099_cell_01720,121,34,40.70906260605782,-73.31348754347161,1878.1,Utility,land_use,6.2,6.1,2493.4
ghsl_8099_cell_01721,122,34,40.70906260605782,-73.30163506791692,2187.5,Civic,land_use,0.0,7.9,2501.0
ghsl_8099_cell_01722,123,34,40.70906260605782,-73.28978259236224,1963.3,Residential,heuristic,0.8,6.3,1972.2
ghsl_8099_cell_01723,124,34,40.70906260605782,-73.27793011680755,1465.9,Residential,land_use,1.7,6.7,1522.7
ghsl_8099_cell_01724,125,34,40.70906260605782,-73.26607764125289,591.4,Green,land_use,99.9,10.2,1496.0
ghsl_8099_cell_01725,126,34,40.70906260605782,-73.2542251656982,1026.3,Residential,land_use,3.1,3.3,910.8
ghsl_8099_cell_01726,127,34,40.70906260605783,-73.24237269014354,253.6,Residential,land_use,1.7,0.0,498.7
ghsl_8099_cell_01727,128,34,40.70906260605782,-73.23052021458885,0.1,Residential,heuristic,5.7,0.0,498.5
ghsl_8099_cell_01728,129,34,40.70906260605782,-73.21866773903416,367.7,Residential,heuristic,1.6,0.0,498.5
ghsl_8099_cell_01729,130,34,40.70906260605782,-73.20681526347948,16.1,Residential,heuristic,1.1,0.0,443.7
ghsl_8099_cell_01730,28,35,40.700081072643435,-74.40948583172796,830.2,Industrial,land_use,14.8,65.5,442.1
ghsl_8099_cell_01731,29,35,40.700081072643435,-74.3976343567209,2169.5,Residential,heuristic,6.7,74.4,498.5
ghsl_8099_cell_01732,30,35,40.70008107264343,-74.38578288171387,1540.4,Residential,heuristic,0.5,119.1,442.2
ghsl_8099_cell_01733,33,35,40.700081072643435,-74.35022845669273,709.7,Residential,heuristic,10.0,122.8,442.2
ghsl_8099_cell_01734,34,35,40.700081072643435,-74.33837698168568,139.8,Green,land_use,100.0,139.8,551.6
ghsl_8099_cell_01735,35,35,40.700081072643435,-74.32652550667865,1156.4,Utility,land_use,9.8,53.0,1326.6
ghsl_8099_cell_01736,36,35,40.700081072643435,-74.3146740316716,1307.2,Civic,land_use,15.7,40.8,2211.2
ghsl_8099_cell_01737,37,35,40.700081072643435,-74.30282255666457,1911.6,Industrial,land_use,4.7,31.6,2493.6
ghsl_8099_cell_01738,38,35,40.700081072643435,-74.29097108165753,3171.1,Residential,heuristic,2.4,33.2,2493.6
ghsl_8099_cell_01739,39,35,40.700081072643435,-74.27911960665047,2652.1,Industrial,land_use,12.8,31.0,2626.3
ghsl_8099_cell_01740,40,35,40.700081072643435,-74.26726813164343,4075.8,Residential,heuristic,0.0,36.8,3090.5
ghsl_8099_cell_01741,41,35,40.70008107264344,-74.25541665663637,3075.6,Residential,heuristic,0.0,29.0,3769.8
ghsl_8099_cell_01742,42,35,40.70008107264343,-74.24356518162934,2812.6,Residential,land_use,20.6,30.1,4569.1
ghsl_8099_cell_01743,43,35,40.70008107264344,-74.23171370662229,3132.7,Industrial,land_use,1.4,28.9,5435.9
ghsl_8099_cell_01744,44,35,40.700081072643435,-74.21986223161524,3933.0,Industrial,land_use,0.1,22.6,6342.4
ghsl_8099_cell_01745,45,35,40.70008107264343,-74.2080107566082,2005.7,Green,land_use,58.3,2.0,7256.4
ghsl_8099_cell_01746,46,35,40.70008107264343,-74.19615928160115,652.2,Green,land_use,79.6,12.9,8148.5
ghsl_8099_cell_01747,47,35,40.700081072643435,-74.1843078065941,50.9,Industrial,land_use,10.2,4.6,9063.5
ghsl_8099_cell_01748,48,35,40.700081072643435,-74.17245633158707,0.0,Unbuilt,heuristic,10.3,1.5,8219.5
ghsl_8099_cell_01749,49,35,40.700081072643435,-74.16060485658004,0.0,Unbuilt,heuristic,18.2,1.5,7400.3
ghsl_8099_cell_01750,50,35,40.70008107264343,-74.14875338157297,0.0,Industrial,land_use,1.7,1.4,6631.5
ghsl_8099_cell_01751,51,35,40.70008107264343,-74.13690190656592,0.0,Industrial,land_use,0.0,2.6,5794.9
ghsl_8099_cell_01752,52,35,40.700081072643435,-74.12505043155889,0.0,Industrial,land_use,0.0,2.5,4797.7
ghsl_8099_cell_01753,53,35,40.700081072643435,-74.11319895655184,149.2,Residential,heuristic,2.8,0.0,3802.9
ghsl_8099_cell_01754,54,35,40.700081072643435,-74.10134748154479,7694.7,Residential,heuristic,12.6,3.6,2812.9
ghsl_8099_cell_01755,55,35,40.700081072643435,-74.08949600653776,11973.6,Residential,heuristic,0.6,25.7,1835.7
ghsl_8099_cell_01756,56,35,40.70008107264343,-74.07764453153071,5470.8,Industrial,land_use,18.0,11.6,913.2
ghsl_8099_cell_01757,57,35,40.700081072643435,-74.06579305652366,7.5,Industrial,land_use,3.3,8.3,498.7
ghsl_8099_cell_01758,58,35,40.700081072643435,-74.05394158151663,0.0,Industrial,land_use,22.0,3.4,442.6
ghsl_8099_cell_01759,61,35,40.70008107264343,-74.01838715649549,7.4,Utility,land_use,14.1,0.0,442.6
ghsl_8099_cell_01760,62,35,40.70008107264343,-74.00653568148846,678.8,Industrial,land_use,33.5,0.0,552.1
ghsl_8099_cell_01761,63,35,40.70008107264344,-73.99468420648141,14044.2,Residential,land_use,19.3,31.5,1327.9
ghsl_8099_cell_01762,64,35,40.700081072643435,-73.98283273147436,10109.0,Residential,land_use,20.3,10.4,2213.3
ghsl_8099_cell_01763,65,35,40.700081072643435,-73.97098125646733,999.6,Industrial,land_use,1.0,1.2,3098.8
ghsl_8099_cell_01764,66,35,40.700081072643435,-73.95912978146028,23655.3,Residential,land_use,5.6,16.2,4005.8
ghsl_8099_cell_01765,67,35,40.700081072643435,-73.94727830645321,25603.9,Residential,land_use,3.6,8.2,4949.2
ghsl_8099_cell_01766,68,35,40.700081072643435,-73.9354268314462,18433.4,Residential,land_use,6.9,20.0,5911.9
ghsl_8099_cell_01767,69,35,40.700081072643435,-73.92357535643913,28105.0,Residential,land_use,5.4,14.6,6885.7
ghsl_8099_cell_01768,70,35,40.70008107264343,-73.9117238814321,29779.2,Civic,land_use,1.8,23.0,7110.2
ghsl_8099_cell_01769,71,35,40.70008107264343,-73.89987240642505,21307.2,Utility,land_use,1.6,29.1,6760.3
ghsl_8099_cell_01770,72,35,40.70008107264343,-73.888020931418,12511.2,Utility,land_use,37.5,34.4,6546.5
ghsl_8099_cell_01771,73,35,40.700081072643435,-73.87616945641096,4647.6,Green,land_use,100.0,37.2,6387.1
ghsl_8099_cell_01772,74,35,40.700081072643435,-73.8643179814039,3638.4,Green,land_use,47.9,57.9,5575.0
ghsl_8099_cell_01773,75,35,40.70008107264343,-73.85246650639687,7884.5,Utility,land_use,2.2,42.5,4834.6
ghsl_8099_cell_01774,76,35,40.70008107264343,-73.84061503138983,8221.1,Green,land_use,100.0,20.7,4204.1
ghsl_8099_cell_01775,77,35,40.70008107264343,-73.82876355638278,13210.7,Utility,land_use,0.3,23.7,3739.4
ghsl_8099_cell_01776,78,35,40.700081072643435,-73.81691208137573,8271.0,Utility,land_use,1.9,29.9,3506.9
ghsl_8099_cell_01777,79,35,40.700081072643435,-73.80506060636868,9814.7,Civic,land_use,5.8,17.3,3490.4
ghsl_8099_cell_01778,80,35,40.700081072643435,-73.79320913136164,6504.6,Civic,land_use,6.3,15.0,3490.4
ghsl_8099_cell_01779,81,35,40.700081072643435,-73.7813576563546,8873.2,Industrial,land_use,4.2,16.0,3552.8
ghsl_8099_cell_01780,82,35,40.700081072643435,-73.76950618134757,5540.1,Utility,land_use,0.3,14.9,3867.1
ghsl_8099_cell_01781,83,35,40.700081072643435,-73.75765470634052,9319.0,Residential,land_use,1.3,19.4,4392.5
ghsl_8099_cell_01782,84,35,40.700081072643435,-73.74580323133348,8927.4,Civic,land_use,1.2,20.5,4972.3
ghsl_8099_cell_01783,85,35,40.70008107264344,-73.73395175632642,7099.2,Residential,land_use,0.1,21.6,5479.0
ghsl_8099_cell_01784,86,35,40.700081072643435,-73.72210028131937,4729.3,Civic,land_use,5.0,15.9,6077.7
ghsl_8099_cell_01785,87,35,40.70008107264344,-73.71024880631235,2617.3,Green,land_use,95.8,19.2,6572.0
ghsl_8099_cell_01786,88,35,40.70008107264343,-73.69839733130529,5091.3,Civic,land_use,0.7,19.1,7172.9
ghsl_8099_cell_01787,89,35,40.700081072643435,-73.68654585629827,5571.6,Industrial,land_use,1.6,18.5,7856.1
ghsl_8099_cell_01788,90,35,40.700081072643435,-73.6746943812912,4122.6,Residential,land_use,9.2,17.2,8475.5
ghsl_8099_cell_01789,91,35,40.70008107264343,-73.66284290628417,4071.4,Residential,land_use,4.8,20.8,8475.4
ghsl_8099_cell_01790,92,35,40.700081072643435,-73.6509914312771,4075.7,Commercial,land_use,1.2,20.8,8475.5
ghsl_8099_cell_01791,93,35,40.700081072643435,-73.63913995627007,1449.2,Green,land_use,60.6,25.0,8289.2
ghsl_8099_cell_01792,94,35,40.700081072643435,-73.62728848126302,4602.8,Residential,land_use,8.5,17.4,7910.0
ghsl_8099_cell_01793,95,35,40.700081072643435,-73.615437006256,5670.4,Commercial,land_use,12.0,18.0,7570.1
ghsl_8099_cell_01794,96,35,40.70008107264343,-73.60358553124892,6041.4,Residential,land_use,5.1,18.6,7104.4
ghsl_8099_cell_01795,97,35,40.70008107264343,-73.59173405624188,4761.0,Residential,land_use,0.5,17.1,6756.3
ghsl_8099_cell_01796,98,35,40.700081072643435,-73.57988258123484,2203.7,Residential,land_use,7.0,22.5,6544.6
ghsl_8099_cell_01797,99,35,40.700081072643435,-73.56803110622782,3270.3,Residential,land_use,2.5,19.5,6481.8
ghsl_8099_cell_01798,100,35,40.70008107264343,-73.55617963122076,3085.4,Commercial,land_use,3.9,20.6,6482.5
ghsl_8099_cell_01799,101,35,40.70008107264343,-73.54432815621372,3125.2,Civic,land_use,2.8,19.4,6574.5
ghsl_8099_cell_01800,102,35,40.700081072643435,-73.53247668120669,2920.1,Residential,heuristic,1.7,16.6,6814.2
ghsl_8099_cell_01801,103,35,40.700081072643435,-73.52062520619964,2090.8,Residential,land_use,16.3,14.8,6755.4
ghsl_8099_cell_01802,104,35,40.70008107264342,-73.50877373119258,2242.9,Residential,land_use,19.8,16.0,6544.1
ghsl_8099_cell_01803,105,35,40.70008107264344,-73.49692225618556,2517.1,Civic,land_use,14.7,17.9,6481.7
ghsl_8099_cell_01804,106,35,40.700081072643435,-73.48507078117849,2492.2,Residential,land_use,17.0,16.4,6443.3
ghsl_8099_cell_01805,107,35,40.700081072643435,-73.47321930617144,3029.7,Residential,land_use,5.9,14.6,5978.6
ghsl_8099_cell_01806,108,35,40.700081072643435,-73.46136783116441,3024.1,Residential,land_use,0.0,15.6,5655.0
ghsl_8099_cell_01807,109,35,40.70008107264344,-73.44951635615736,2373.5,Residential,heuristic,4.9,27.4,5483.6
ghsl_8099_cell_01808,110,35,40.70008107264342,-73.43766488115031,2992.5,Residential,land_use,3.7,12.9,4976.4
ghsl_8099_cell_01809,111,35,40.70008107264344,-73.42581340614329,3703.5,Residential,land_use,3.3,13.7,4633.0
ghsl_8099_cell_01810,112,35,40.700081072643435,-73.41396193113623,3537.1,Residential,land_use,1.0,13.6,4491.0
ghsl_8099_cell_01811,113,35,40.700081072643435,-73.4021104561292,3208.8,Civic,land_use,3.3,14.9,4488.8
ghsl_8099_cell_01812,114,35,40.700081072643435,-73.39025898112214,3177.0,Residential,land_use,2.4,13.2,4488.8
ghsl_8099_cell_01813,115,35,40.700081072643435,-73.3784075061151,2726.2,Residential,land_use,0.5,9.6,4197.7
ghsl_8099_cell_01814,116,35,40.70008107264343,-73.36655603110805,2875.2,Residential,land_use,7.4,9.1,3735.3
ghsl_8099_cell_01815,117,35,40.700081072643435,-73.354704556101,1693.7,Industrial,land_use,10.0,6.1,3505.9
ghsl_8099_cell_01816,118,35,40.700081072643435,-73.34285308109396,2495.3,Civic,land_use,3.1,6.4,2732.9
ghsl_8099_cell_01817,119,35,40.70008107264343,-73.33100160608691,1817.1,Civic,land_use,18.2,3.5,1972.3
ghsl_8099_cell_01818,120,35,40.70008107264343,-73.31915013107988,1824.9,Commercial,land_use,16.4,5.4,1522.6
ghsl_8099_cell_01819,121,35,40.70008107264343,-73.30729865607282,1318.7,Residential,land_use,1.9,6.2,1496.0
ghsl_8099_cell_01820,122,35,40.70008107264343,-73.29544718106578,2187.7,Residential,land_use,3.4,3.4,1659.5
ghsl_8099_cell_01821,123,35,40.700081072643435,-73.28359570605873,1524.1,Residential,heuristic,2.3,3.0,910.9
ghsl_8099_cell_01822,124,35,40.700081072643435,-73.2717442310517,217.1,Green,land_use,77.6,0.2,498.6
ghsl_8099_cell_01823,125,35,40.70008107264343,-73.25989275604465,122.1,Residential,land_use,1.0,-0.5,498.5
ghsl_8099_cell_01824,126,35,40.700081072643435,-73.24804128103762,136.0,Residential,heuristic,1.6,0.0,443.6
ghsl_8099_cell_01825,34,36,40.69109999211176,-74.33210392448966,1675.5,Residential,land_use,4.6,46.0,442.2
ghsl_8099_cell_01826,35,36,40.69109999211176,-74.32025344957145,1605.2,Industrial,land_use,3.2,38.4,1326.8
ghsl_8099_cell_01827,36,36,40.69109999211176,-74.30840297465323,814.8,Residential,heuristic,10.1,48.0,2211.4
ghsl_8099_cell_01828,37,36,40.69109999211175,-74.29655249973503,971.8,Industrial,land_use,0.4,28.4,3096.1
ghsl_8099_cell_01829,38,36,40.69109999211176,-74.2847020248168,1552.0,Utility,land_use,3.1,44.1,3508.7
ghsl_8099_cell_01830,39,36,40.69109999211176,-74.2728515498986,2296.7,Civic,land_use,1.2,27.7,3744.3
ghsl_8099_cell_01831,40,36,40.69109999211175,-74.2610010749804,1141.9,Green,land_use,54.3,15.6,4211.3
ghsl_8099_cell_01832,41,36,40.69109999211176,-74.24915060006218,2839.4,Commercial,land_use,0.1,26.2,4843.1
ghsl_8099_cell_01833,42,36,40.69109999211176,-74.23730012514397,2915.2,Commercial,land_use,37.6,11.4,5584.1
ghsl_8099_cell_01834,43,36,40.69109999211176,-74.22544965022574,4452.7,Industrial,land_use,9.4,16.4,6396.4
ghsl_8099_cell_01835,44,36,40.69109999211176,-74.21359917530754,5557.0,Green,land_use,52.1,20.5,7256.2
ghsl_8099_cell_01836,45,36,40.69109999211176,-74.20174870038932,2376.2,Industrial,land_use,10.4,4.4,8148.4
ghsl_8099_cell_01837,46,36,40.69109999211176,-74.18989822547111,1.0,Industrial,land_use,18.7,2.6,9060.6
ghsl_8099_cell_01838,47,36,40.69109999211176,-74.1780477505529,19.1,Residential,heuristic,5.4,1.3,8145.2
ghsl_8099_cell_01839,48,36,40.69109999211176,-74.16619727563469,0.0,Residential,heuristic,9.9,1.5,7252.6
ghsl_8099_cell_01840,49,36,40.69109999211176,-74.15434680071648,0.0,Industrial,land_use,0.0,5.1,6392.6
ghsl_8099_cell_01841,50,36,40.69109999211176,-74.14249632579825,0.0,Industrial,land_use,0.6,2.8,5580.0
ghsl_8099_cell_01842,51,36,40.69109999211176,-74.13064585088006,0.0,Unbuilt,heuristic,0.0,3.9,4839.1
ghsl_8099_cell_01843,52,36,40.69109999211176,-74.11879537596184,28.0,Residential,heuristic,0.0,0.0,4207.6
ghsl_8099_cell_01844,53,36,40.69109999211176,-74.10694490104362,3171.3,Residential,heuristic,6.1,7.6,3279.8
ghsl_8099_cell_01845,54,36,40.69109999211175,-74.09509442612541,8724.9,Industrial,land_use,2.2,13.8,2294.9
ghsl_8099_cell_01846,55,36,40.69109999211176,-74.08324395120721,1739.6,Utility,land_use,16.9,1.9,1335.0
ghsl_8099_cell_01847,56,36,40.69109999211176,-74.07139347628899,1190.9,Green,land_use,89.4,3.6,442.6
ghsl_8099_cell_01848,58,36,40.69109999211176,-74.04769252645255,2.0,Residential,heuristic,2.6,0.0,442.6
ghsl_8099_cell_01849,62,36,40.69109999211176,-74.00029062677972,10235.7,Civic,land_use,6.3,1.4,442.7
ghsl_8099_cell_01850,63,36,40.69109999211176,-73.9884401518615,14748.6,Civic,land_use,6.2,26.3,1335.3
ghsl_8099_cell_01851,64,36,40.69109999211176,-73.97658967694328,19105.5,Residential,land_use,16.2,32.3,2295.2
ghsl_8099_cell_01852,65,36,40.69109999211176,-73.96473920202507,22420.2,Civic,land_use,6.8,29.1,3280.2
ghsl_8099_cell_01853,66,36,40.69109999211176,-73.95288872710687,21804.7,Civic,land_use,7.0,14.3,4273.0
ghsl_8099_cell_01854,67,36,40.69109999211176,-73.94103825218866,26065.8,Civic,land_use,2.2,16.8,5269.2
ghsl_8099_cell_01855,68,36,40.69109999211176,-73.92918777727043,20454.8,Residential,land_use,3.8,12.7,6267.1
ghsl_8099_cell_01856,69,36,40.69109999211176,-73.91733730235222,24177.3,Civic,land_use,1.7,15.5,6451.6
ghsl_8099_cell_01857,70,36,40.69109999211176,-73.905486827434,18151.6,Utility,land_use,20.0,24.3,5984.8
ghsl_8099_cell_01858,71,36,40.69109999211175,-73.89363635251578,2261.7,Green,land_use,81.6,39.7,5658.7
ghsl_8099_cell_01859,72,36,40.69109999211176,-73.88178587759758,1688.5,Green,land_use,53.5,53.1,5498.4
ghsl_8099_cell_01860,73,36,40.69109999211176,-73.86993540267936,11706.7,Civic,land_use,7.7,21.3,5428.6
ghsl_8099_cell_01861,74,36,40.69109999211176,-73.85808492776115,18538.3,Civic,land_use,0.6,18.3,4562.0
ghsl_8099_cell_01862,75,36,40.69109999211176,-73.84623445284295,13555.5,Utility,land_use,0.1,14.8,3763.0
ghsl_8099_cell_01863,76,36,40.69109999211176,-73.83438397792474,17111.4,Civic,land_use,0.5,16.7,3084.8
ghsl_8099_cell_01864,77,36,40.69109999211176,-73.82253350300651,15377.9,Civic,land_use,2.9,15.5,2622.9
ghsl_8099_cell_01865,78,36,40.69109999211176,-73.81068302808829,12737.2,Civic,land_use,2.1,14.8,2493.1
ghsl_8099_cell_01866,79,36,40.69109999211176,-73.79883255317007,12157.5,Civic,land_use,3.3,12.4,2493.1
ghsl_8099_cell_01867,80,36,40.69109999211176,-73.7869820782519,10032.5,Civic,land_use,1.5,10.0,2500.1
ghsl_8099_cell_01868,81,36,40.69109999211175,-73.77513160333366,4910.7,Civic,land_use,31.4,12.5,2762.2
ghsl_8099_cell_01869,82,36,40.69109999211176,-73.76328112841547,6479.1,Residential,land_use,0.0,11.2,3319.1
ghsl_8099_cell_01870,83,36,40.69109999211176,-73.75143065349724,7267.1,Commercial,land_use,3.5,17.1,3867.4
ghsl_8099_cell_01871,84,36,40.69109999211176,-73.73958017857903,6470.8,Residential,land_use,3.3,15.9,4393.0
ghsl_8099_cell_01872,85,36,40.69109999211176,-73.72772970366083,4599.3,Commercial,land_use,10.2,18.7,4972.7
ghsl_8099_cell_01873,86,36,40.69109999211175,-73.71587922874261,3265.8,Commercial,land_use,17.6,18.4,5479.6
ghsl_8099_cell_01874,87,36,40.69109999211176,-73.7040287538244,4380.4,Commercial,land_use,0.4,19.3,6110.0
ghsl_8099_cell_01875,88,36,40.69109999211176,-73.69217827890617,4287.0,Residential,heuristic,1.7,18.3,6829.8
ghsl_8099_cell_01876,89,36,40.69109999211176,-73.68032780398796,3863.1,Residential,land_use,4.0,14.1,7478.2
ghsl_8099_cell_01877,90,36,40.69109999211176,-73.66847732906974,3364.2,Residential,land_use,0.7,16.7,7478.1
ghsl_8099_cell_01878,91,36,40.69109999211176,-73.65662685415154,2612.4,Civic,land_use,8.9,20.4,7478.1
ghsl_8099_cell_01879,92,36,40.69109999211176,-73.64477637923332,2134.6,Residential,land_use,0.1,21.9,7478.3
ghsl_8099_cell_01880,93,36,40.69109999211176,-73.63292590431513,1151.3,Civic,land_use,11.8,14.3,7500.3
ghsl_8099_cell_01881,94,36,40.69109999211176,-73.62107542939691,4379.0,Commercial,land_use,3.5,16.3,7023.5
ghsl_8099_cell_01882,95,36,40.69109999211175,-73.60922495447869,2618.6,Residential,land_use,59.7,18.0,6445.2
ghsl_8099_cell_01883,96,36,40.69109999211176,-73.59737447956049,4598.6,Residential,land_use,6.3,14.5,5980.0
ghsl_8099_cell_01884,97,36,40.69109999211176,-73.58552400464225,3735.8,Residential,land_use,2.6,20.5,5655.7
ghsl_8099_cell_01885,98,36,40.69109999211176,-73.57367352972405,1289.0,Civic,land_use,20.6,12.7,5497.5
ghsl_8099_cell_01886,99,36,40.69109999211176,-73.56182305480583,2841.3,Residential,land_use,9.9,15.4,5484.4
ghsl_8099_cell_01887,100,36,40.69109999211176,-73.54997257988761,2764.3,Civic,land_use,6.6,14.7,5519.7
ghsl_8099_cell_01888,101,36,40.69109999211175,-73.5381221049694,2554.4,Commercial,land_use,2.8,16.0,5720.2
ghsl_8099_cell_01889,102,36,40.69109999211176,-73.52627163005121,3111.9,Residential,land_use,0.8,16.8,5978.9
ghsl_8099_cell_01890,103,36,40.69109999211176,-73.51442115513298,1988.6,Residential,land_use,21.3,9.6,5655.1
ghsl_8099_cell_01891,104,36,40.69109999211175,-73.50257068021477,2710.3,Residential,land_use,1.5,13.5,5497.4
ghsl_8099_cell_01892,105,36,40.69109999211176,-73.49072020529655,3103.0,Residential,heuristic,5.3,15.1,5484.3
ghsl_8099_cell_01893,106,36,40.69109999211176,-73.47886973037834,2386.7,Commercial,land_use,1.7,15.9,5319.8
ghsl_8099_cell_01894,107,36,40.69109999211176,-73.46701925546012,3182.3,Commercial,land_use,2.2,11.4,4855.8
ghsl_8099_cell_01895,108,36,40.69109999211175,-73.45516878054191,1873.3,Residential,land_use,0.2,5.8,4567.8
ghsl_8099_cell_01896,109,36,40.69109999211176,-73.44331830562369,3754.4,Residential,land_use,1.1,11.0,4487.3
ghsl_8099_cell_01897,110,36,40.69109999211176,-73.43146783070547,2922.1,Residential,land_use,3.3,10.2,4486.9
ghsl_8099_cell_01898,111,36,40.69109999211176,-73.4196173557873,2470.2,Residential,land_use,13.9,12.3,4486.7
ghsl_8099_cell_01899,112,36,40.69109999211176,-73.40776688086908,2869.3,Residential,land_use,0.5,10.8,4486.6
ghsl_8099_cell_01900,113,36,40.69109999211176,-73.39591640595086,2447.1,Industrial,land_use,1.8,10.9,4197.6
ghsl_8099_cell_01901,114,36,40.69109999211176,-73.38406593103265,3674.5,Residential,land_use,0.0,8.8,3735.1
ghsl_8099_cell_01902,115,36,40.69109999211176,-73.37221545611442,2535.2,Industrial,land_use,5.7,5.1,3080.0
ghsl_8099_cell_01903,116,36,40.69109999211175,-73.36036498119621,2911.9,Residential,heuristic,0.0,5.3,2620.4
ghsl_8099_cell_01904,117,36,40.69109999211176,-73.348514506278,1923.8,Residential,land_use,0.0,6.6,2493.1
ghsl_8099_cell_01905,118,36,40.69109999211176,-73.33666403135979,2133.6,Residential,land_use,0.6,2.6,1833.2
ghsl_8099_cell_01906,119,36,40.69109999211176,-73.32481355644158,1472.6,Residential,land_use,0.0,0.8,910.9
ghsl_8099_cell_01907,120,36,40.69109999211175,-73.31296308152336,1315.6,Commercial,land_use,0.0,3.2,498.7
ghsl_8099_cell_01908,121,36,40.69109999211175,-73.30111260660516,1419.1,Residential,land_use,0.0,0.0,553.2
ghsl_8099_cell_01909,122,36,40.69109999211176,-73.28926213168694,1452.2,Residential,land_use,15.0,1.5,1330.8
ghsl_8099_cell_01910,123,36,40.69109999211176,-73.27741165676872,743.2,Residential,land_use,0.2,1.4,443.6
ghsl_8099_cell_01911,34,37,40.68211936427869,-74.32583374349167,1208.6,Residential,land_use,0.9,30.3,442.3
ghsl_8099_cell_01912,35,37,40.68211936427869,-74.31398426820374,156.4,Industrial,land_use,0.0,26.3,1334.3
ghsl_8099_cell_01913,36,37,40.68211936427869,-74.30213479291582,1399.0,Industrial,land_use,3.7,24.1,2294.2
ghsl_8099_cell_01914,37,37,40.6821193642787,-74.2902853176279,1248.4,Industrial,land_use,6.9,37.9,3279.3
ghsl_8099_cell_01915,38,37,40.68211936427869,-74.27843584233999,219.7,Green,land_use,100.0,21.4,4272.1
ghsl_8099_cell_01916,39,37,40.68211936427869,-74.26658636705206,3648.4,Residential,heuristic,0.0,31.4,4867.4
ghsl_8099_cell_01917,40,37,40.68211936427869,-74.25473689176413,2835.0,Utility,land_use,5.6,35.5,5335.5
ghsl_8099_cell_01918,41,37,40.68211936427869,-74.24288741647622,2272.6,Civic,land_use,9.0,20.6,5937.1
ghsl_8099_cell_01919,42,37,40.68211936427869,-74.23103794118829,666.6,Green,land_use,46.4,20.2,6635.9
ghsl_8099_cell_01920,43,37,40.68211936427869,-74.21918846590037,5194.3,Residential,land_use,0.0,17.7,7404.6
ghsl_8099_cell_01921,44,37,40.68211936427869,-74.20733899061244,6393.7,Residential,land_use,6.5,12.0,8223.6
ghsl_8099_cell_01922,45,37,40.68211936427869,-74.19548951532451,3999.6,Residential,heuristic,10.2,4.7,9079.2
ghsl_8099_cell_01923,46,37,40.68211936427869,-74.18364004003661,0.0,Unbuilt,heuristic,2.1,3.3,8220.0
ghsl_8099_cell_01924,47,37,40.6821193642787,-74.17179056474868,0.0,Green,land_use,40.2,1.5,7271.6
ghsl_8099_cell_01925,48,37,40.682119364278684,-74.15994108946074,0.7,Industrial,land_use,0.0,8.1,6339.7
ghsl_8099_cell_01926,49,37,40.68211936427869,-74.14809161417283,0.4,Residential,heuristic,0.0,0.0,5432.9
ghsl_8099_cell_01927,50,37,40.68211936427869,-74.13624213888491,0.0,Unbuilt,heuristic,0.0,0.0,4565.9
ghsl_8099_cell_01928,51,37,40.6821193642787,-74.12439266359699,59.4,Residential,heuristic,0.3,0.0,3766.4
ghsl_8099_cell_01929,52,37,40.68211936427869,-74.11254318830908,4405.8,Green,land_use,54.4,24.4,3087.5
ghsl_8099_cell_01930,53,37,40.6821193642787,-74.10069371302116,6073.1,Industrial,land_use,0.8,10.1,2624.2
ghsl_8099_cell_01931,54,37,40.68211936427869,-74.08884423773323,0.0,Industrial,land_use,0.0,4.3,1835.7
ghsl_8099_cell_01932,55,37,40.6821193642787,-74.07699476244531,295.8,Commercial,land_use,0.0,3.6,913.1
ghsl_8099_cell_01933,56,37,40.68211936427869,-74.06514528715739,72.2,Utility,land_use,0.0,0.0,442.6
ghsl_8099_cell_01934,60,37,40.6821193642787,-74.0177473860057,1047.0,Civic,land_use,19.5,0.0,442.7
ghsl_8099_cell_01935,61,37,40.68211936427869,-74.00589791071778,6574.8,Industrial,land_use,2.6,4.1,498.6
ghsl_8099_cell_01936,62,37,40.6821193642787,-73.99404843542983,18149.9,Civic,land_use,2.0,16.2,912.9
ghsl_8099_cell_01937,63,37,40.68211936427869,-73.98219896014191,19187.8,Residential,land_use,2.8,15.7,1835.4
ghsl_8099_cell_01938,64,37,40.6821193642787,-73.97034948485401,15005.5,Commercial,land_use,5.4,17.2,2812.6
ghsl_8099_cell_01939,65,37,40.682119364278684,-73.95850000956608,16222.4,Civic,land_use,2.0,22.6,3802.6
ghsl_8099_cell_01940,66,37,40.68211936427869,-73.94665053427816,20729.7,Commercial,land_use,3.9,15.8,4797.4
ghsl_8099_cell_01941,67,37,40.68211936427869,-73.93480105899023,18305.3,Civic,land_use,5.2,19.9,5794.6
ghsl_8099_cell_01942,68,37,40.6821193642787,-73.92295158370231,20376.0,Residential,land_use,2.6,20.4,5927.2
ghsl_8099_cell_01943,69,37,40.68211936427869,-73.91110210841438,20112.0,Civic,land_use,7.0,28.2,5326.8
ghsl_8099_cell_01944,70,37,40.6821193642787,-73.89925263312648,5758.9,Green,land_use,92.4,58.4,4860.6
ghsl_8099_cell_01945,71,37,40.68211936427869,-73.88740315783855,13777.3,Civic,land_use,3.3,20.9,4570.0
ghsl_8099_cell_01946,72,37,40.68211936427869,-73.87555368255063,18714.2,Residential,heuristic,2.9,16.3,4487.1
ghsl_8099_cell_01947,73,37,40.68211936427869,-73.86370420726271,21384.9,Civic,land_use,9.4,9.4,4486.8
ghsl_8099_cell_01948,74,37,40.6821193642787,-73.8518547319748,13252.3,Civic,land_use,1.4,11.1,3617.7
ghsl_8099_cell_01949,75,37,40.68211936427869,-73.84000525668687,12549.8,Civic,land_use,2.1,16.2,2737.0
ghsl_8099_cell_01950,76,37,40.68211936427869,-73.82815578139893,16799.7,Civic,land_use,0.1,13.1,1975.4
ghsl_8099_cell_01951,77,37,40.68211936427869,-73.81630630611102,15193.5,Civic,land_use,0.0,14.1,1523.4
ghsl_8099_cell_01952,78,37,40.6821193642787,-73.8044568308231,8278.7,Civic,land_use,8.1,13.3,1495.8
ghsl_8099_cell_01953,79,37,40.68211936427869,-73.79260735553518,10731.4,Civic,land_use,1.1,8.6,1495.8
ghsl_8099_cell_01954,80,37,40.68211936427869,-73.78075788024725,10080.0,Commercial,land_use,5.5,7.3,1657.3
ghsl_8099_cell_01955,81,37,40.68211936427869,-73.76890840495933,7375.8,Residential,heuristic,1.3,8.5,2276.0
ghsl_8099_cell_01956,82,37,40.682119364278684,-73.7570589296714,5356.3,Commercial,land_use,1.0,13.1,2762.4
ghsl_8099_cell_01957,83,37,40.6821193642787,-73.74520945438348,6119.4,Residential,land_use,46.4,13.7,3319.5
ghsl_8099_cell_01958,84,37,40.6821193642787,-73.73335997909557,4132.9,Civic,land_use,4.4,13.4,3867.7
ghsl_8099_cell_01959,85,37,40.68211936427869,-73.72151050380765,4878.0,Industrial,land_use,4.1,15.7,4393.5
ghsl_8099_cell_01960,86,37,40.68211936427869,-73.70966102851972,4063.7,Residential,land_use,7.4,15.4,5065.1
ghsl_8099_cell_01961,87,37,40.6821193642787,-73.6978115532318,2474.8,Residential,land_use,9.9,14.0,5832.3
ghsl_8099_cell_01962,88,37,40.68211936427869,-73.68596207794388,2886.6,Civic,land_use,8.2,13.5,6481.1
ghsl_8099_cell_01963,89,37,40.6821193642787,-73.67411260265594,2934.4,Residential,land_use,2.8,16.5,6480.9
ghsl_8099_cell_01964,90,37,40.682119364278684,-73.662263127368,2535.1,Civic,land_use,6.0,9.1,6480.8
ghsl_8099_cell_01965,91,37,40.68211936427869,-73.6504136520801,2556.4,Residential,land_use,1.1,15.2,6480.9
ghsl_8099_cell_01966,92,37,40.68211936427869,-73.63856417679219,1055.0,Residential,land_use,9.8,12.9,6481.8
ghsl_8099_cell_01967,93,37,40.68211936427869,-73.62671470150427,2011.3,Residential,land_use,5.7,19.6,6543.9
ghsl_8099_cell_01968,94,37,40.68211936427869,-73.61486522621635,3543.3,Commercial,land_use,7.1,15.4,5920.7
ghsl_8099_cell_01969,95,37,40.6821193642787,-73.60301575092842,2288.7,Industrial,land_use,7.6,11.4,5321.5
ghsl_8099_cell_01970,96,37,40.68211936427869,-73.5911662756405,4525.0,Commercial,land_use,8.5,12.6,4856.9
ghsl_8099_cell_01971,97,37,40.6821193642787,-73.57931680035257,3875.9,Industrial,land_use,4.2,14.1,4568.2
ghsl_8099_cell_01972,98,37,40.68211936427869,-73.56746732506465,2830.6,Civic,land_use,19.1,11.6,4487.1
ghsl_8099_cell_01973,99,37,40.68211936427869,-73.55561784977672,3227.7,Residential,heuristic,0.1,13.9,4489.5
ghsl_8099_cell_01974,100,37,40.68211936427869,-73.5437683744888,3167.0,Civic,land_use,0.2,11.6,4631.6
ghsl_8099_cell_01975,101,37,40.68211936427869,-73.53191889920089,3772.8,Residential,heuristic,0.3,12.2,4975.6
ghsl_8099_cell_01976,102,37,40.68211936427869,-73.52006942391297,2629.0,Civic,land_use,2.3,12.1,4856.0
ghsl_8099_cell_01977,103,37,40.68211936427869,-73.50821994862504,1999.9,Residential,land_use,9.1,9.2,4567.8
ghsl_8099_cell_01978,104,37,40.6821193642787,-73.49637047333712,2860.6,Residential,heuristic,1.7,24.1,4487.1
ghsl_8099_cell_01979,105,37,40.6821193642787,-73.48452099804919,2272.2,Residential,land_use,38.6,12.4,4486.9
ghsl_8099_cell_01980,106,37,40.6821193642787,-73.47267152276127,2652.3,Residential,land_use,1.4,8.7,4198.3
ghsl_8099_cell_01981,107,37,40.68211936427869,-73.46082204747334,1448.4,Civic,land_use,1.8,11.7,3735.4
ghsl_8099_cell_01982,108,37,40.68211936427869,-73.44897257218543,3164.4,Residential,heuristic,1.7,12.1,3505.6
ghsl_8099_cell_01983,109,37,40.68211936427869,-73.43712309689751,1708.8,Commercial,land_use,1.9,7.9,3489.8
ghsl_8099_cell_01984,110,37,40.6821193642787,-73.42527362160959,2009.3,Residential,land_use,12.4,9.4,3489.5
ghsl_8099_cell_01985,111,37,40.68211936427869,-73.41342414632167,2065.7,Commercial,land_use,3.8,7.3,3489.3
ghsl_8099_cell_01986,112,37,40.68211936427869,-73.40157467103374,3447.8,Residential,land_use,0.2,9.4,3489.3
ghsl_8099_cell_01987,113,37,40.68211936427869,-73.38972519574583,3296.8,Industrial,land_use,0.1,10.3,3079.9
ghsl_8099_cell_01988,114,37,40.68211936427869,-73.37787572045791,3042.4,Residential,land_use,0.8,6.6,2620.3
ghsl_8099_cell_01989,115,37,40.6821193642787,-73.36602624516998,2464.7,Commercial,land_use,2.4,5.4,1972.2
ghsl_8099_cell_01990,116,37,40.68211936427869,-73.35417676988205,2568.3,Utility,land_use,2.3,3.2,1522.5
ghsl_8099_cell_01991,117,37,40.6821193642787,-73.34232729459414,1239.0,Green,land_use,69.7,1.0,1495.7
ghsl_8099_cell_01992,118,37,40.68211936427869,-73.33047781930621,1291.2,Residential,land_use,2.8,0.2,910.9
ghsl_8099_cell_01993,119,37,40.68211936427869,-73.3186283440183,1275.4,Residential,heuristic,3.1,-0.2,443.6
ghsl_8099_cell_01994,121,37,40.68211936427869,-73.29492939344243,107.4,Residential,heuristic,0.0,0.0,443.6
ghsl_8099_cell_01995,122,37,40.68211936427869,-73.28307991815451,144.2,Residential,heuristic,1.6,0.0,498.5
ghsl_8099_cell_01996,123,37,40.68211936427869,-73.2712304428666,18.2,Residential,heuristic,0.0,0.0,443.7
ghsl_8099_cell_01997,33,38,40.673139188960235,-74.33141491316002,1282.6,Residential,land_use,29.7,41.8,442.3
ghsl_8099_cell_01998,34,38,40.67313918896023,-74.3195664370441,561.1,Green,land_use,72.8,29.3,913.8
ghsl_8099_cell_01999,35,38,40.673139188960235,-74.30771796092819,1915.4,Residential,heuristic,2.3,30.2,1836.5
ghsl_8099_cell_02000,36,38,40.673139188960235,-74.2958694848123,2233.8,Residential,heuristic,10.1,27.4,2813.8
ghsl_8099_cell_02001,37,38,40.67313918896022,-74.28402100869637,2510.2,Industrial,land_use,1.9,27.3,3803.8
ghsl_8099_cell_02002,38,38,40.673139188960235,-74.27217253258047,2535.2,Industrial,land_use,6.2,34.3,4798.7
ghsl_8099_cell_02003,39,38,40.673139188960235,-74.26032405646457,2948.5,Residential,heuristic,1.6,39.7,5796.0
ghsl_8099_cell_02004,40,38,40.673139188960235,-74.24847558034867,2908.9,Residential,land_use,0.0,28.3,6461.3
ghsl_8099_cell_02005,41,38,40.673139188960235,-74.23662710423275,4388.5,Civic,land_use,0.5,15.6,7042.0
ghsl_8099_cell_02006,42,38,40.673139188960235,-74.22477862811682,7058.5,Residential,heuristic,10.3,12.3,7709.5
ghsl_8099_cell_02007,43,38,40.673139188960235,-74.21293015200092,7883.1,Residential,land_use,1.9,9.5,8443.3
ghsl_8099_cell_02008,44,38,40.673139188960235,-74.201081675885,6966.8,Commercial,land_use,0.7,8.1,9227.6
ghsl_8099_cell_02009,45,38,40.673139188960235,-74.1892331997691,14.0,Industrial,land_use,3.4,5.6,8439.9
ghsl_8099_cell_02010,46,38,40.673139188960235,-74.17738472365319,0.0,Industrial,land_use,8.3,2.0,7456.0
ghsl_8099_cell_02011,47,38,40.67313918896022,-74.16553624753728,0.0,Industrial,land_use,2.0,12.3,6477.6
ghsl_8099_cell_02012,48,38,40.673139188960235,-74.15368777142137,0.4,Residential,heuristic,0.0,4.3,5507.6
ghsl_8099_cell_02013,49,38,40.673139188960235,-74.14183929530546,1.8,Residential,heuristic,0.0,3.4,4551.5
ghsl_8099_cell_02014,50,38,40.673139188960235,-74.12999081918956,1134.1,Residential,heuristic,2.5,0.0,3620.3
ghsl_8099_cell_02015,51,38,40.673139188960235,-74.11814234307364,8215.2,Civic,land_use,0.3,15.7,2739.4
ghsl_8099_cell_02016,52,38,40.673139188960235,-74.10629386695774,5000.3,Residential,heuristic,1.2,3.9,1977.2
ghsl_8099_cell_02017,53,38,40.673139188960235,-74.09444539084183,221.7,Commercial,land_use,3.0,1.7,1523.8
ghsl_8099_cell_02018,54,38,40.673139188960235,-74.08259691472591,0.0,Industrial,land_use,0.0,4.8,1335.2
ghsl_8099_cell_02019,55,38,40.673139188960235,-74.07074843861001,0.0,Industrial,land_use,0.0,0.0,442.7
ghsl_8099_cell_02020,60,38,40.673139188960235,-74.01150605803045,3550.2,Industrial,land_use,26.9,2.7,442.8
ghsl_8099_cell_02021,61,38,40.673139188960235,-73.99965758191455,8283.6,Residential,land_use,7.6,1.9,1328.3
ghsl_8099_cell_02022,62,38,40.673139188960235,-73.98780910579863,11511.1,Industrial,land_use,3.1,14.1,1976.7
ghsl_8099_cell_02023,63,38,40.67313918896023,-73.97596062968273,21497.2,Civic,land_use,1.0,39.2,2738.5
ghsl_8099_cell_02024,64,38,40.673139188960235,-73.9641121535668,20350.7,Civic,land_use,6.2,56.2,3619.1
ghsl_8099_cell_02025,65,38,40.673139188960235,-73.95226367745092,25257.0,Residential,land_use,0.3,34.9,4550.1
ghsl_8099_cell_02026,66,38,40.67313918896023,-73.94041520133499,26526.7,Residential,land_use,3.1,31.5,5506.0
ghsl_8099_cell_02027,67,38,40.673139188960235,-73.9285667252191,22107.5,Residential,land_use,5.8,30.4,5575.2
ghsl_8099_cell_02028,68,38,40.673139188960235,-73.91671824910317,17346.1,Residential,land_use,4.1,30.5,4834.6
ghsl_8099_cell_02029,69,38,40.673139188960235,-73.90486977298725,11875.5,Residential,land_use,2.3,20.3,4203.9
ghsl_8099_cell_02030,70,38,40.673139188960235,-73.89302129687137,14426.8,Residential,land_use,3.4,14.8,3738.9
ghsl_8099_cell_02031,71,38,40.673139188960235,-73.88117282075545,16691.2,Civic,land_use,3.0,11.5,3506.4
ghsl_8099_cell_02032,72,38,40.67313918896023,-73.86932434463954,20292.3,Residential,land_use,6.7,7.3,3489.7
ghsl_8099_cell_02033,73,38,40.673139188960235,-73.85747586852364,7187.4,Commercial,land_use,21.0,8.1,3489.4
ghsl_8099_cell_02034,74,38,40.673139188960235,-73.84562739240774,9569.4,Civic,land_use,17.9,11.0,2736.9
ghsl_8099_cell_02035,75,38,40.67313918896023,-73.8337789162918,3784.7,Residential,heuristic,14.6,8.4,1834.9
ghsl_8099_cell_02036,76,38,40.673139188960235,-73.82193044017589,9483.5,Residential,heuristic,0.1,11.9,912.3
ghsl_8099_cell_02037,77,38,40.673139188960235,-73.81008196405999,10653.6,Civic,land_use,0.1,8.5,498.6
ghsl_8099_cell_02038,78,38,40.673139188960235,-73.79823348794409,9384.5,Residential,heuristic,2.7,9.5,498.5
ghsl_8099_cell_02039,79,38,40.673139188960235,-73.78638501182816,5377.9,Green,land_use,51.7,7.1,552.4
ghsl_8099_cell_02040,80,38,40.673139188960235,-73.77453653571224,10644.2,Residential,land_use,5.0,12.2,1329.2
ghsl_8099_cell_02041,81,38,40.673139188960235,-73.76268805959636,10051.1,Civic,land_use,9.8,8.8,1657.5
ghsl_8099_cell_02042,82,38,40.67313918896023,-73.75083958348044,6347.5,Residential,land_use,2.4,12.8,2276.4
ghsl_8099_cell_02043,83,38,40.673139188960235,-73.73899110736455,6450.0,Residential,land_use,6.2,11.3,2762.7
ghsl_8099_cell_02044,84,38,40.673139188960235,-73.72714263124864,5083.9,Residential,land_use,4.7,8.5,3320.0
ghsl_8099_cell_02045,85,38,40.67313918896022,-73.71529415513271,5261.9,Residential,land_use,0.1,8.3,4052.2
ghsl_8099_cell_02046,86,38,40.673139188960235,-73.70344567901681,4080.9,Civic,land_use,20.7,12.3,4881.2
ghsl_8099_cell_02047,87,38,40.673139188960235,-73.69159720290088,3901.8,Residential,land_use,7.4,9.2,5497.2
ghsl_8099_cell_02048,88,38,40.67313918896023,-73.679748726785,3650.2,Residential,land_use,5.6,11.5,5483.7
ghsl_8099_cell_02049,89,38,40.673139188960235,-73.66790025066908,2844.9,Commercial,land_use,1.4,12.6,5483.6
ghsl_8099_cell_02050,90,38,40.673139188960235,-73.65605177455315,3029.3,Residential,land_use,15.3,12.1,5483.6
ghsl_8099_cell_02051,91,38,40.673139188960235,-73.64420329843725,1651.3,Residential,heuristic,4.2,27.6,5483.8
ghsl_8099_cell_02052,92,38,40.673139188960235,-73.63235482232135,2324.2,Residential,land_use,7.0,13.5,5519.0
ghsl_8099_cell_02053,93,38,40.673139188960235,-73.62050634620545,3373.1,Green,land_use,46.9,16.2,5497.0
ghsl_8099_cell_02054,94,38,40.673139188960235,-73.60865787008953,4048.0,Residential,land_use,0.4,12.0,4829.3
ghsl_8099_cell_02055,95,38,40.673139188960235,-73.5968093939736,3143.5,Residential,land_use,2.2,13.7,4199.6
ghsl_8099_cell_02056,96,38,40.67313918896023,-73.58496091785771,4425.1,Commercial,land_use,2.6,13.8,3736.2
ghsl_8099_cell_02057,97,38,40.673139188960235,-73.57311244174178,2649.8,Green,land_use,43.9,20.1,3505.7
ghsl_8099_cell_02058,98,38,40.673139188960235,-73.56126396562588,3151.9,Civic,land_use,1.7,13.7,3489.9
ghsl_8099_cell_02059,99,38,40.67313918896023,-73.54941548950998,3060.0,Residential,land_use,0.2,9.9,3553.7
ghsl_8099_cell_02060,100,38,40.673139188960235,-73.53756701339405,3264.2,Residential,land_use,3.1,7.6,3869.9
ghsl_8099_cell_02061,101,38,40.673139188960235,-73.52571853727815,2678.6,Commercial,land_use,0.4,6.7,4198.6
ghsl_8099_cell_02062,102,38,40.673139188960235,-73.51387006116225,1747.4,Green,land_use,92.3,9.4,3735.6
ghsl_8099_cell_02063,103,38,40.673139188960235,-73.50202158504632,2864.2,Residential,land_use,0.0,6.4,3505.5
ghsl_8099_cell_02064,104,38,40.673139188960235,-73.49017310893042,2106.3,Residential,land_use,6.1,5.2,3489.7
ghsl_8099_cell_02065,105,38,40.673139188960235,-73.4783246328145,2069.7,Residential,land_use,0.8,7.2,3489.5
ghsl_8099_cell_02066,106,38,40.673139188960235,-73.46647615669859,1224.5,Green,land_use,100.0,8.6,3080.4
ghsl_8099_cell_02067,107,38,40.673139188960235,-73.4546276805827,2936.7,Residential,land_use,1.6,5.7,2620.4
ghsl_8099_cell_02068,108,38,40.673139188960235,-73.44277920446679,2518.8,Residential,land_use,23.2,4.4,2492.8
ghsl_8099_cell_02069,109,38,40.673139188960235,-73.43093072835087,2365.3,Residential,land_use,1.4,4.6,2492.4
ghsl_8099_cell_02070,110,38,40.673139188960235,-73.41908225223497,1987.5,Residential,land_use,0.6,8.3,2492.2
ghsl_8099_cell_02071,111,38,40.67313918896023,-73.40723377611904,2208.3,Civic,land_use,8.7,4.7,2492.1
ghsl_8099_cell_02072,112,38,40.673139188960235,-73.39538530000313,3762.9,Residential,heuristic,0.0,5.3,2492.1
ghsl_8099_cell_02073,113,38,40.673139188960235,-73.38353682388724,3573.5,Residential,land_use,0.4,3.6,1972.2
ghsl_8099_cell_02074,114,38,40.673139188960235,-73.37168834777131,3159.0,Commercial,land_use,0.4,2.5,1522.4
ghsl_8099_cell_02075,115,38,40.673139188960235,-73.35983987165541,2482.6,Residential,land_use,1.1,2.2,910.9
ghsl_8099_cell_02076,116,38,40.673139188960235,-73.34799139553951,1374.0,Residential,land_use,13.4,0.7,498.6
ghsl_8099_cell_02077,117,38,40.673139188960235,-73.33614291942361,329.3,Commercial,land_use,2.0,0.0,498.5
ghsl_8099_cell_02078,118,38,40.673139188960235,-73.32429444330768,10.1,Residential,heuristic,0.0,0.0,443.7
ghsl_8099_cell_02079,31,39,40.664159465972446,-74.34884443570655,2417.3,Residential,land_use,0.4,50.4,442.3
ghsl_8099_cell_02080,32,39,40.66415946597244,-74.33699695830465,1737.0,Utility,land_use,3.4,56.6,498.6
ghsl_8099_cell_02081,33,39,40.664159465972446,-74.32514948090274,1574.3,Green,land_use,40.8,57.3,913.8
ghsl_8099_cell_02082,34,39,40.66415946597244,-74.31330200350082,1672.2,Civic,land_use,7.2,26.7,1836.5
ghsl_8099_cell_02083,35,39,40.664159465972446,-74.30145452609891,3247.4,Residential,land_use,1.1,26.1,2741.3
ghsl_8099_cell_02084,36,39,40.664159465972446,-74.289607048697,1994.0,Residential,land_use,4.1,31.2,3622.2
ghsl_8099_cell_02085,37,39,40.66415946597244,-74.27775957129509,3716.2,Residential,land_use,2.3,29.7,4553.4
ghsl_8099_cell_02086,38,39,40.66415946597244,-74.26591209389315,4054.5,Industrial,land_use,9.5,29.1,5509.4
ghsl_8099_cell_02087,39,39,40.66415946597244,-74.25406461649125,5035.6,Civic,land_use,0.8,27.6,6479.2
ghsl_8099_cell_02088,40,39,40.664159465972446,-74.24221713908933,6474.2,Industrial,land_use,1.1,20.4,7457.4
ghsl_8099_cell_02089,41,39,40.66415946597244,-74.23036966168743,9197.4,Industrial,land_use,0.1,10.2,8153.4
ghsl_8099_cell_02090,42,39,40.664159465972446,-74.21852218428552,7481.4,Civic,land_use,0.8,3.6,8796.9
ghsl_8099_cell_02091,43,39,40.66415946597244,-74.20667470688359,7624.0,Industrial,land_use,0.8,10.5,9502.5
ghsl_8099_cell_02092,44,39,40.66415946597244,-74.19482722948169,2138.3,Industrial,land_use,0.9,7.9,8794.0
ghsl_8099_cell_02093,45,39,40.664159465972446,-74.18297975207979,259.7,Commercial,land_use,1.8,2.9,7794.0
ghsl_8099_cell_02094,46,39,40.66415946597244,-74.17113227467786,1.1,Industrial,land_use,2.1,3.5,6794.5
ghsl_8099_cell_02095,47,39,40.664159465972446,-74.15928479727594,0.0,Industrial,land_use,0.5,2.2,5795.8
ghsl_8099_cell_02096,48,39,40.66415946597244,-74.14743731987403,1.0,Industrial,land_use,0.0,5.4,4798.4
ghsl_8099_cell_02097,49,39,40.66415946597244,-74.13558984247211,1455.6,Residential,heuristic,13.4,0.0,3803.4
ghsl_8099_cell_02098,50,39,40.66415946597244,-74.1237423650702,11527.1,Residential,heuristic,0.7,13.5,2813.2
ghsl_8099_cell_02099,51,39,40.66415946597244,-74.11189488766827,5526.7,Industrial,land_use,1.0,6.6,1835.8
ghsl_8099_cell_02100,52,39,40.664159465972446,-74.10004741026637,0.0,Green,land_use,80.1,5.5,913.1
ghsl_8099_cell_02101,53,39,40.664159465972446,-74.08819993286447,3.9,Utility,land_use,4.6,0.0,498.6
ghsl_8099_cell_02102,54,39,40.66415946597244,-74.07635245546254,0.0,Unbuilt,heuristic,3.6,7.7,498.5
ghsl_8099_cell_02103,55,39,40.664159465972446,-74.06450497806064,0.0,Unbuilt,heuristic,0.6,0.0,442.7
ghsl_8099_cell_02104,60,39,40.66415946597244,-74.00526759105107,3097.5,Industrial,land_use,0.0,0.0,442.8
ghsl_8099_cell_02105,61,39,40.664159465972446,-73.99342011364917,13869.0,Industrial,land_use,2.0,20.8,1335.6
ghsl_8099_cell_02106,62,39,40.664159465972446,-73.98157263624724,19882.0,Civic,land_use,5.3,48.8,2295.7
ghsl_8099_cell_02107,63,39,40.664159465972446,-73.96972515884534,3134.5,Green,land_use,100.0,50.9,3280.9
ghsl_8099_cell_02108,64,39,40.664159465972446,-73.9578776814434,21200.2,Residential,land_use,21.5,22.0,4273.8
ghsl_8099_cell_02109,65,39,40.66415946597244,-73.94603020404152,25808.0,Residential,land_use,2.1,23.9,5270.2
ghsl_8099_cell_02110,66,39,40.664159465972446,-73.9341827266396,27546.8,Residential,land_use,1.1,20.3,5326.2
ghsl_8099_cell_02111,67,39,40.664159465972446,-73.92233524923768,22137.6,Civic,land_use,11.5,18.4,4562.2
ghsl_8099_cell_02112,68,39,40.66415946597244,-73.91048777183578,21155.1,Residential,land_use,10.3,13.0,3763.0
ghsl_8099_cell_02113,69,39,40.664159465972446,-73.89864029443385,20048.2,Residential,land_use,3.3,11.5,3084.7
ghsl_8099_cell_02114,70,39,40.664159465972446,-73.88679281703195,19869.0,Residential,land_use,2.4,10.5,2622.6
ghsl_8099_cell_02115,71,39,40.664159465972446,-73.87494533963003,8779.5,Utility,land_use,1.2,9.1,2492.7
ghsl_8099_cell_02116,72,39,40.66415946597244,-73.86309786222812,9355.7,Residential,land_use,22.6,16.2,2492.3
ghsl_8099_cell_02117,73,39,40.664159465972446,-73.8512503848262,9184.1,Civic,land_use,0.7,4.9,2492.2
ghsl_8099_cell_02118,74,39,40.66415946597244,-73.83940290742429,4828.8,Civic,land_use,3.7,4.1,1834.9
ghsl_8099_cell_02119,75,39,40.66415946597244,-73.82755543002237,1175.9,Residential,heuristic,22.6,5.9,912.3
ghsl_8099_cell_02120,76,39,40.664159465972446,-73.81570795262046,3349.3,Utility,land_use,10.4,5.7,443.1
ghsl_8099_cell_02121,79,39,40.664159465972446,-73.78016552041471,2837.8,Commercial,land_use,12.0,4.2,443.1
ghsl_8099_cell_02122,80,39,40.66415946597244,-73.76831804301281,6730.8,Residential,land_use,14.0,5.5,552.5
ghsl_8099_cell_02123,81,39,40.664159465972446,-73.7564705656109,7256.7,Residential,land_use,5.7,8.4,1329.3
ghsl_8099_cell_02124,82,39,40.664159465972446,-73.74462308820898,5305.7,Commercial,land_use,5.7,10.1,1657.6
ghsl_8099_cell_02125,83,39,40.66415946597244,-73.73277561080705,5550.7,Commercial,land_use,4.6,10.8,2276.7
ghsl_8099_cell_02126,84,39,40.664159465972446,-73.72092813340517,2375.5,Residential,land_use,0.8,4.5,3102.7
ghsl_8099_cell_02127,85,39,40.664159465972446,-73.70908065600325,2917.9,Commercial,land_use,19.6,7.2,3988.7
ghsl_8099_cell_02128,86,39,40.66415946597244,-73.69723317860134,4212.6,Commercial,land_use,0.1,8.2,4568.2
ghsl_8099_cell_02129,87,39,40.664159465972446,-73.68538570119942,3452.0,Commercial,land_use,2.6,8.0,4486.6
ghsl_8099_cell_02130,88,39,40.664159465972446,-73.6735382237975,4408.8,Residential,land_use,2.0,7.0,4486.5
ghsl_8099_cell_02131,89,39,40.66415946597244,-73.66169074639558,3197.0,Residential,land_use,32.8,9.5,4486.4
ghsl_8099_cell_02132,90,39,40.664159465972446,-73.64984326899368,3336.8,Residential,land_use,5.1,10.9,4486.5
ghsl_8099_cell_02133,91,39,40.66415946597244,-73.63799579159175,3588.5,Commercial,land_use,0.7,14.5,4489.0
ghsl_8099_cell_02134,92,39,40.66415946597245,-73.62614831418985,3415.8,Residential,heuristic,0.0,11.0,4567.8
ghsl_8099_cell_02135,93,39,40.66415946597244,-73.61430083678793,3594.7,Residential,land_use,3.5,8.1,4486.7
ghsl_8099_cell_02136,94,39,40.664159465972446,-73.60245335938602,2823.8,Residential,land_use,8.1,8.0,3758.9
ghsl_8099_cell_02137,95,39,40.664159465972446,-73.5906058819841,4775.9,Civic,land_use,0.0,11.3,3081.5
ghsl_8099_cell_02138,96,39,40.66415946597244,-73.5787584045822,5942.4,Civic,land_use,4.2,8.8,2620.9
ghsl_8099_cell_02139,97,39,40.664159465972446,-73.56691092718029,1757.8,Commercial,land_use,7.6,11.5,2492.7
ghsl_8099_cell_02140,98,39,40.664159465972446,-73.55506344977837,2458.6,Commercial,land_use,0.4,7.0,2500.2
ghsl_8099_cell_02141,99,39,40.66415946597244,-73.54321597237646,2070.4,Residential,land_use,12.0,8.0,2764.2
ghsl_8099_cell_02142,100,39,40.664159465972446,-73.53136849497454,2505.4,Residential,land_use,0.5,4.6,3322.5
ghsl_8099_cell_02143,101,39,40.66415946597245,-73.51952101757263,2133.7,Residential,land_use,29.6,1.9,3080.7
ghsl_8099_cell_02144,102,39,40.664159465972446,-73.50767354017073,2780.2,Residential,land_use,36.8,4.4,2620.5
ghsl_8099_cell_02145,103,39,40.66415946597244,-73.4958260627688,2901.2,Residential,land_use,1.8,4.2,2492.7
ghsl_8099_cell_02146,104,39,40.664159465972446,-73.48397858536687,2785.0,Residential,land_use,0.6,3.0,2492.4
ghsl_8099_cell_02147,105,39,40.66415946597244,-73.47213110796497,2598.2,Residential,land_use,0.1,3.6,2492.3
ghsl_8099_cell_02148,106,39,40.664159465972446,-73.46028363056305,2229.5,Civic,land_use,0.8,6.8,1972.6
ghsl_8099_cell_02149,107,39,40.66415946597244,-73.44843615316114,1557.1,Green,land_use,49.6,2.4,1522.4
ghsl_8099_cell_02150,108,39,40.664159465972446,-73.43658867575924,2242.4,Residential,land_use,1.4,7.4,1495.4
ghsl_8099_cell_02151,109,39,40.664159465972446,-73.42474119835732,2165.1,Residential,land_use,0.0,0.1,1495.1
ghsl_8099_cell_02152,110,39,40.664159465972446,-73.41289372095542,1581.2,Residential,land_use,0.0,0.7,1494.9
ghsl_8099_cell_02153,111,39,40.66415946597244,-73.4010462435535,2212.4,Residential,land_use,2.5,1.6,1494.9
ghsl_8099_cell_02154,112,39,40.66415946597244,-73.38919876615158,2224.0,Residential,land_use,0.1,1.4,1495.0
ghsl_8099_cell_02155,113,39,40.66415946597244,-73.37735128874967,2289.5,Residential,land_use,0.0,1.8,910.9
ghsl_8099_cell_02156,114,39,40.664159465972446,-73.36550381134775,500.6,Green,land_use,41.7,0.0,498.6
ghsl_8099_cell_02157,115,39,40.664159465972446,-73.35365633394584,305.6,Residential,heuristic,0.0,0.0,443.7
ghsl_8099_cell_02158,27,40,40.65518019513149,-74.38996579523673,2614.1,Civic,land_use,1.8,49.7,442.3
ghsl_8099_cell_02159,28,40,40.65518019513149,-74.37811931609106,1388.9,Civic,land_use,21.9,68.2,498.8
ghsl_8099_cell_02160,29,40,40.65518019513149,-74.3662728369454,2258.0,Residential,land_use,4.7,61.5,498.8
ghsl_8099_cell_02161,30,40,40.6551801951315,-74.35442635779972,1804.6,Civic,land_use,2.2,55.8,498.6
ghsl_8099_cell_02162,31,40,40.65518019513151,-74.34257987865406,1725.8,Residential,heuristic,7.4,49.7,913.8
ghsl_8099_cell_02163,32,40,40.65518019513149,-74.33073339950839,2226.1,Industrial,land_use,5.5,33.5,1524.2
ghsl_8099_cell_02164,33,40,40.6551801951315,-74.31888692036271,2655.9,Industrial,land_use,0.4,28.3,1978.7
ghsl_8099_cell_02165,34,40,40.65518019513149,-74.30704044121703,2065.4,Residential,land_use,7.3,27.8,2741.2
ghsl_8099_cell_02166,35,40,40.6551801951315,-74.29519396207138,2032.9,Civic,land_use,1.7,24.1,3622.2
ghsl_8099_cell_02167,36,40,40.6551801951315,-74.2833474829257,1530.1,Industrial,land_use,1.4,27.3,4553.4
ghsl_8099_cell_02168,37,40,40.6551801951315,-74.27150100378003,3515.1,Industrial,land_use,2.5,23.6,5435.6
ghsl_8099_cell_02169,38,40,40.65518019513149,-74.25965452463436,4387.3,Residential,heuristic,3.0,24.3,6342.4
ghsl_8099_cell_02170,39,40,40.65518019513149,-74.24780804548867,3492.5,Residential,land_use,3.8,21.1,7274.1
ghsl_8099_cell_02171,40,40,40.6551801951315,-74.23596156634302,3840.4,Green,land_use,86.1,14.3,8222.4
ghsl_8099_cell_02172,41,40,40.65518019513149,-74.22411508719733,8458.1,Industrial,land_use,4.1,11.6,9181.9
ghsl_8099_cell_02173,42,40,40.6551801951315,-74.21226860805169,7550.5,Civic,land_use,23.5,5.8,9893.3
ghsl_8099_cell_02174,43,40,40.65518019513149,-74.20042212890601,13459.4,Civic,land_use,1.5,8.5,9267.1
ghsl_8099_cell_02175,44,40,40.65518019513151,-74.18857564976034,8576.3,Industrial,land_use,5.8,8.6,8266.8
ghsl_8099_cell_02176,45,40,40.65518019513151,-74.17672917061466,1571.1,Industrial,land_use,0.8,2.7,7267.1
ghsl_8099_cell_02177,46,40,40.6551801951315,-74.164882691469,2.6,Industrial,land_use,1.3,4.1,6268.0
ghsl_8099_cell_02178,47,40,40.6551801951315,-74.15303621232331,0.0,Unbuilt,heuristic,0.0,0.0,5269.9
ghsl_8099_cell_02179,48,40,40.6551801951315,-74.14118973317765,1354.7,Commercial,land_use,1.4,0.0,4273.6
ghsl_8099_cell_02180,49,40,40.6551801951315,-74.12934325403198,8132.0,Residential,land_use,1.4,8.2,3280.6
ghsl_8099_cell_02181,50,40,40.6551801951315,-74.11749677488632,3324.6,Industrial,land_use,0.9,4.5,2295.5
ghsl_8099_cell_02182,51,40,40.6551801951315,-74.10565029574065,0.0,Industrial,land_use,0.2,3.7,1335.4
ghsl_8099_cell_02183,52,40,40.65518019513149,-74.09380381659497,0.0,Industrial,land_use,4.3,2.9,442.7
ghsl_8099_cell_02184,55,40,40.6551801951315,-74.05826437915796,0.0,Unbuilt,heuristic,0.0,0.0,442.7
ghsl_8099_cell_02185,58,40,40.6551801951315,-74.02272494172095,16.9,Industrial,land_use,10.1,0.0,442.8
ghsl_8099_cell_02186,59,40,40.6551801951315,-74.01087846257529,5944.1,Industrial,land_use,0.6,4.3,498.6
ghsl_8099_cell_02187,60,40,40.65518019513149,-73.9990319834296,5619.9,Green,land_use,100.0,18.7,912.7
ghsl_8099_cell_02188,61,40,40.65518019513149,-73.98718550428393,2677.5,Civic,land_use,0.6,63.0,1835.4
ghsl_8099_cell_02189,62,40,40.6551801951315,-73.97533902513828,10699.7,Civic,land_use,4.0,35.3,2812.8
ghsl_8099_cell_02190,63,40,40.6551801951315,-73.96349254599261,25388.4,Residential,heuristic,5.6,30.7,3802.9
ghsl_8099_cell_02191,64,40,40.65518019513149,-73.95164606684693,28086.1,Civic,land_use,1.0,21.2,4797.9
ghsl_8099_cell_02192,65,40,40.6551801951315,-73.93979958770126,14700.5,Civic,land_use,3.7,18.5,4834.2
ghsl_8099_cell_02193,66,40,40.65518019513149,-73.9279531085556,18366.4,Civic,land_use,0.1,13.1,4203.4
ghsl_8099_cell_02194,67,40,40.6551801951315,-73.91610662940994,22099.6,Civic,land_use,0.5,10.1,3618.0
ghsl_8099_cell_02195,68,40,40.6551801951315,-73.90426015026424,9910.8,Utility,land_use,2.5,5.3,2737.2
ghsl_8099_cell_02196,69,40,40.6551801951315,-73.89241367111859,7527.5,Residential,land_use,8.4,6.8,1975.4
ghsl_8099_cell_02197,70,40,40.65518019513151,-73.88056719197291,11280.2,Residential,land_use,10.4,4.0,1523.2
ghsl_8099_cell_02198,71,40,40.6551801951315,-73.86872071282724,516.7,Commercial,land_use,9.3,5.1,1495.3
ghsl_8099_cell_02199,72,40,40.6551801951315,-73.85687423368158,437.6,Green,land_use,100.0,5.5,1495.1
ghsl_8099_cell_02200,73,40,40.65518019513149,-73.84502775453589,4619.2,Civic,land_use,25.9,4.4,1495.0
ghsl_8099_cell_02201,74,40,40.65518019513149,-73.83318127539023,4327.4,Residential,heuristic,1.5,4.1,1336.3
ghsl_8099_cell_02202,75,40,40.6551801951315,-73.82133479624456,0.0,Industrial,land_use,25.4,3.4,443.1
ghsl_8099_cell_02203,80,40,40.65518019513151,-73.7621024005162,573.6,Industrial,land_use,33.6,1.0,443.1
ghsl_8099_cell_02204,81,40,40.6551801951315,-73.75025592137055,4460.2,Civic,land_use,3.8,3.2,552.5
ghsl_8099_cell_02205,82,40,40.6551801951315,-73.73840944222486,9197.2,Residential,land_use,39.0,7.3,1329.5
ghsl_8099_cell_02206,83,40,40.6551801951315,-73.72656296307918,6158.9,Commercial,land_use,0.8,2.7,2216.0
ghsl_8099_cell_02207,84,40,40.65518019513149,-73.71471648393351,3434.3,Residential,land_use,6.2,6.7,3102.6
ghsl_8099_cell_02208,85,40,40.6551801951315,-73.70287000478784,4806.6,Residential,heuristic,32.4,4.7,3736.6
ghsl_8099_cell_02209,86,40,40.65518019513149,-73.69102352564218,3793.4,Residential,land_use,1.9,4.4,3505.5
ghsl_8099_cell_02210,87,40,40.6551801951315,-73.67917704649652,3632.3,Residential,land_use,13.8,9.6,3489.4
ghsl_8099_cell_02211,88,40,40.65518019513151,-73.66733056735086,3654.0,Residential,land_use,1.0,7.1,3489.3
ghsl_8099_cell_02212,89,40,40.65518019513149,-73.65548408820517,2346.2,Commercial,land_use,20.5,2.5,3489.3
ghsl_8099_cell_02213,90,40,40.65518019513151,-73.64363760905951,2997.6,Commercial,land_use,0.7,6.9,3489.5
ghsl_8099_cell_02214,91,40,40.6551801951315,-73.63179112991384,3502.4,Commercial,land_use,7.6,9.4,3553.2
ghsl_8099_cell_02215,92,40,40.6551801951315,-73.61994465076815,2726.9,Residential,land_use,5.2,9.7,3505.3
ghsl_8099_cell_02216,93,40,40.65518019513149,-73.60809817162249,2631.5,Commercial,land_use,4.5,6.9,3489.5
ghsl_8099_cell_02217,94,40,40.6551801951315,-73.59625169247681,4103.0,Civic,land_use,3.7,9.3,2734.4
ghsl_8099_cell_02218,95,40,40.6551801951315,-73.58440521333115,6790.4,Commercial,land_use,0.9,13.4,1973.2
ghsl_8099_cell_02219,96,40,40.65518019513149,-73.57255873418549,1241.4,Commercial,land_use,16.1,9.0,1522.6
ghsl_8099_cell_02220,97,40,40.65518019513149,-73.56071225503979,2031.8,Industrial,land_use,14.7,7.9,1495.6
ghsl_8099_cell_02221,98,40,40.6551801951315,-73.54886577589413,2250.1,Residential,land_use,4.3,6.8,1658.6
ghsl_8099_cell_02222,99,40,40.65518019513151,-73.53701929674847,2279.1,Civic,land_use,27.8,3.1,2278.5
ghsl_8099_cell_02223,100,40,40.6551801951315,-73.52517281760281,2439.6,Residential,land_use,1.7,5.1,2492.2
ghsl_8099_cell_02224,101,40,40.6551801951315,-73.51332633845713,1937.1,Green,land_use,68.9,1.8,1972.8
ghsl_8099_cell_02225,102,40,40.6551801951315,-73.50147985931146,669.0,Civic,land_use,6.3,1.7,1522.4
ghsl_8099_cell_02226,103,40,40.6551801951315,-73.4896333801658,2105.2,Residential,land_use,32.7,3.3,1495.4
ghsl_8099_cell_02227,104,40,40.65518019513149,-73.47778690102011,2712.9,Residential,land_use,0.0,3.5,1495.2
ghsl_8099_cell_02228,105,40,40.6551801951315,-73.46594042187444,2154.7,Residential,heuristic,3.9,4.6,1495.2
ghsl_8099_cell_02229,106,40,40.65518019513149,-73.45409394272878,1661.8,Residential,land_use,1.4,2.7,911.1
ghsl_8099_cell_02230,107,40,40.65518019513151,-73.4422474635831,1742.5,Utility,land_use,2.9,0.6,498.5
ghsl_8099_cell_02231,108,40,40.65518019513149,-73.43040098443743,1011.2,Utility,land_use,2.6,0.0,498.1
ghsl_8099_cell_02232,109,40,40.65518019513149,-73.41855450529177,621.3,Residential,heuristic,1.5,0.0,497.8
ghsl_8099_cell_02233,110,40,40.6551801951315,-73.4067080261461,292.3,Residential,heuristic,8.3,0.3,497.7
ghsl_8099_cell_02234,111,40,40.65518019513149,-73.39486154700042,282.6,Residential,heuristic,30.7,0.0,497.8
ghsl_8099_cell_02235,112,40,40.6551801951315,-73.38301506785476,229.0,Residential,heuristic,0.0,0.0,497.9
ghsl_8099_cell_02236,113,40,40.6551801951315,-73.37116858870907,0.0,Unbuilt,heuristic,0.0,0.0,443.7
ghsl_8099_cell_02237,25,41,40.646201376253664,-74.40739108067172,1801.7,Commercial,land_use,8.0,52.1,442.3
ghsl_8099_cell_02238,26,41,40.64620137625365,-74.39554559932478,2194.6,Residential,land_use,8.1,42.3,498.5
ghsl_8099_cell_02239,27,41,40.64620137625366,-74.38370011797785,2260.1,Residential,land_use,3.4,56.6,913.8
ghsl_8099_cell_02240,28,41,40.64620137625365,-74.37185463663094,2137.0,Commercial,land_use,8.6,58.1,1495.9
ghsl_8099_cell_02241,29,41,40.64620137625366,-74.36000915528402,2409.0,Commercial,land_use,21.6,63.4,1495.8
ghsl_8099_cell_02242,30,41,40.64620137625366,-74.34816367393711,2075.2,Civic,land_use,5.4,43.7,1524.2
ghsl_8099_cell_02243,31,41,40.64620137625365,-74.3363181925902,2545.6,Residential,land_use,3.5,29.9,1978.6
ghsl_8099_cell_02244,32,41,40.646201376253664,-74.32447271124327,2997.7,Residential,heuristic,19.1,31.2,2625.2
ghsl_8099_cell_02245,33,41,40.64620137625366,-74.31262722989634,3207.3,Residential,heuristic,9.6,24.8,3089.3
ghsl_8099_cell_02246,34,41,40.64620137625366,-74.30078174854943,2221.0,Civic,land_use,2.4,36.6,3768.8
ghsl_8099_cell_02247,35,41,40.64620137625365,-74.28893626720252,1339.5,Industrial,land_use,5.5,37.4,4568.4
ghsl_8099_cell_02248,36,41,40.64620137625365,-74.27709078585558,3116.7,Industrial,land_use,0.6,21.0,5435.5
ghsl_8099_cell_02249,37,41,40.64620137625366,-74.2652453045087,2081.4,Residential,heuristic,10.0,20.5,6342.3
ghsl_8099_cell_02250,38,41,40.64620137625366,-74.25339982316174,4009.0,Industrial,land_use,2.5,10.7,7255.7
ghsl_8099_cell_02251,39,41,40.646201376253664,-74.24155434181482,4800.1,Residential,land_use,5.3,8.6,8148.2
ghsl_8099_cell_02252,40,41,40.64620137625365,-74.22970886046791,2237.6,Industrial,land_use,0.5,6.7,9063.5
ghsl_8099_cell_02253,41,41,40.64620137625365,-74.21786337912098,6056.8,Residential,land_use,6.6,8.6,9995.4
ghsl_8099_cell_02254,42,41,40.64620137625366,-74.20601789777406,1823.9,Industrial,land_use,27.3,3.1,9841.8
ghsl_8099_cell_02255,43,41,40.64620137625366,-74.19417241642716,5246.5,Industrial,land_use,2.9,9.4,8852.9
ghsl_8099_cell_02256,44,41,40.646201376253664,-74.18232693508023,2813.4,Green,land_use,41.3,0.0,7867.3
ghsl_8099_cell_02257,45,41,40.64620137625365,-74.17048145373332,2.2,Residential,heuristic,0.0,0.0,6886.4
ghsl_8099_cell_02258,46,41,40.64620137625365,-74.15863597238639,0.0,Unbuilt,heuristic,8.4,0.0,5912.5
ghsl_8099_cell_02259,47,41,40.64620137625365,-74.14679049103948,0.3,Residential,heuristic,0.1,0.0,4949.7
ghsl_8099_cell_02260,48,41,40.64620137625365,-74.13494500969256,4520.0,Industrial,land_use,11.6,7.5,4006.2
ghsl_8099_cell_02261,49,41,40.64620137625365,-74.12309952834563,2971.3,Industrial,land_use,0.1,2.8,3099.0
ghsl_8099_cell_02262,50,41,40.64620137625366,-74.11125404699872,969.4,Green,land_use,42.0,0.0,2213.7
ghsl_8099_cell_02263,51,41,40.64620137625366,-74.09940856565181,1734.0,Residential,land_use,8.2,0.0,1328.3
ghsl_8099_cell_02264,52,41,40.646201376253664,-74.08756308430488,5627.0,Residential,land_use,7.1,21.7,552.0
ghsl_8099_cell_02265,53,41,40.64620137625366,-74.07571760295797,2554.5,Commercial,land_use,5.3,2.6,442.8
ghsl_8099_cell_02266,56,41,40.64620137625366,-74.0401811589172,0.0,Unbuilt,heuristic,0.0,0.0,442.8
ghsl_8099_cell_02267,57,41,40.646201376253664,-74.02833567757028,1200.2,Industrial,land_use,1.2,0.0,498.5
ghsl_8099_cell_02268,58,41,40.64620137625365,-74.01649019622337,21817.6,Civic,land_use,0.4,12.9,912.7
ghsl_8099_cell_02269,59,41,40.64620137625365,-74.00464471487646,35032.5,Civic,land_use,12.5,54.8,1523.5
ghsl_8099_cell_02270,60,41,40.64620137625365,-73.99279923352952,13010.9,Utility,land_use,0.4,26.5,1976.2
ghsl_8099_cell_02271,61,41,40.64620137625365,-73.98095375218261,15726.4,Civic,land_use,0.7,21.4,2738.1
ghsl_8099_cell_02272,62,41,40.64620137625366,-73.96910827083569,17623.2,Civic,land_use,19.7,14.3,3618.9
ghsl_8099_cell_02273,63,41,40.64620137625365,-73.95726278948878,30779.3,Commercial,land_use,1.1,22.3,4550.1
ghsl_8099_cell_02274,64,41,40.64620137625366,-73.94541730814187,19321.8,Residential,land_use,0.1,17.2,4562.1
ghsl_8099_cell_02275,65,41,40.64620137625366,-73.93357182679495,10322.2,Residential,heuristic,39.0,9.6,3762.8
ghsl_8099_cell_02276,66,41,40.646201376253664,-73.92172634544804,9326.6,Civic,land_use,1.7,8.7,3084.4
ghsl_8099_cell_02277,67,41,40.64620137625365,-73.90988086410108,9499.9,Utility,land_use,2.1,9.3,2622.3
ghsl_8099_cell_02278,68,41,40.64620137625366,-73.89803538275419,13112.5,Utility,land_use,1.6,10.3,1835.1
ghsl_8099_cell_02279,69,41,40.64620137625366,-73.88618990140726,10529.7,Commercial,land_use,39.5,7.0,912.4
ghsl_8099_cell_02280,70,41,40.64620137625366,-73.87434442006034,3932.1,Residential,land_use,37.3,8.3,498.4
ghsl_8099_cell_02281,71,41,40.646201376253664,-73.86249893871341,2.1,Green,land_use,92.5,29.7,498.1
ghsl_8099_cell_02282,72,41,40.64620137625366,-73.8506534573665,13.4,Residential,heuristic,1.1,4.8,498.0
ghsl_8099_cell_02283,73,41,40.64620137625366,-73.8388079760196,1017.8,Residential,heuristic,0.5,3.7,497.9
ghsl_8099_cell_02284,74,41,40.646201376253664,-73.82696249467266,316.7,Green,land_use,100.0,0.0,498.0
ghsl_8099_cell_02285,75,41,40.64620137625366,-73.81511701332575,0.0,Unbuilt,heuristic,35.5,3.7,443.1
ghsl_8099_cell_02286,81,41,40.64620137625365,-73.74404412524423,7.9,Green,land_use,100.0,1.3,443.2
ghsl_8099_cell_02287,82,41,40.64620137625365,-73.7321986438973,3147.5,Residential,heuristic,2.0,4.0,1329.7
ghsl_8099_cell_02288,83,41,40.64620137625365,-73.7203531625504,2855.8,Civic,land_use,0.2,6.6,2216.3
ghsl_8099_cell_02289,84,41,40.64620137625366,-73.70850768120349,2429.9,Commercial,land_use,5.1,7.1,3082.1
ghsl_8099_cell_02290,85,41,40.64620137625365,-73.69666219985656,4020.7,Civic,land_use,3.8,6.5,2621.1
ghsl_8099_cell_02291,86,41,40.64620137625366,-73.68481671850964,3168.4,Residential,land_use,17.6,9.8,2492.4
ghsl_8099_cell_02292,87,41,40.64620137625365,-73.67297123716273,3871.2,Residential,land_use,0.7,11.5,2492.2
ghsl_8099_cell_02293,88,41,40.64620137625365,-73.66112575581579,3986.5,Residential,land_use,2.9,5.5,2492.2
ghsl_8099_cell_02294,89,41,40.646201376253664,-73.64928027446888,3213.4,Residential,land_use,0.1,5.7,2492.3
ghsl_8099_cell_02295,90,41,40.64620137625365,-73.63743479312197,3200.0,Residential,land_use,1.5,6.4,2499.9
ghsl_8099_cell_02296,91,41,40.64620137625366,-73.62558931177506,3441.5,Civic,land_use,0.1,5.6,2620.7
ghsl_8099_cell_02297,92,41,40.64620137625366,-73.61374383042812,3119.5,Residential,land_use,8.4,6.7,2492.5
ghsl_8099_cell_02298,93,41,40.64620137625366,-73.6018983490812,2961.3,Civic,land_use,13.4,3.6,2499.9
ghsl_8099_cell_02299,94,41,40.64620137625365,-73.5900528677343,3524.1,Civic,land_use,4.5,3.5,1834.1
ghsl_8099_cell_02300,95,41,40.64620137625366,-73.57820738638736,3356.1,Commercial,land_use,0.9,2.7,911.5
ghsl_8099_cell_02301,96,41,40.64620137625366,-73.56636190504045,41.9,Industrial,land_use,25.6,0.2,498.5
ghsl_8099_cell_02302,97,41,40.64620137625365,-73.55451642369351,2620.8,Residential,land_use,30.5,3.1,552.9
ghsl_8099_cell_02303,98,41,40.646201376253664,-73.54267094234662,2092.0,Residential,land_use,0.2,0.0,1330.4
ghsl_8099_cell_02304,99,41,40.64620137625365,-73.53082546099968,2205.9,Residential,heuristic,2.9,0.8,1495.2
ghsl_8099_cell_02305,100,41,40.64620137625366,-73.51897997965278,2463.2,Residential,heuristic,3.3,3.6,1495.1
ghsl_8099_cell_02306,101,41,40.64620137625366,-73.50713449830585,61.9,Industrial,land_use,17.9,3.3,911.2
ghsl_8099_cell_02307,102,41,40.64620137625366,-73.49528901695894,560.5,Green,land_use,67.2,-0.2,498.5
ghsl_8099_cell_02308,103,41,40.64620137625365,-73.48344353561201,18.3,Residential,heuristic,2.4,0.0,498.2
ghsl_8099_cell_02309,104,41,40.64620137625366,-73.4715980542651,29.7,Residential,heuristic,0.0,0.0,498.1
ghsl_8099_cell_02310,105,41,40.64620137625366,-73.45975257291816,503.5,Residential,heuristic,1.3,0.0,498.1
ghsl_8099_cell_02311,106,41,40.646201376253664,-73.44790709157127,0.0,Unbuilt,heuristic,0.0,0.0,443.6
ghsl_8099_cell_02312,23,42,40.63722300915525,-74.42481524791546,2084.0,Commercial,land_use,0.0,46.6,442.3
ghsl_8099_cell_02313,24,42,40.63722300915525,-74.41297076391004,3745.8,Civic,land_use,0.0,40.9,498.5
ghsl_8099_cell_02314,25,42,40.63722300915526,-74.40112627990466,2535.9,Residential,land_use,12.4,43.9,913.8
ghsl_8099_cell_02315,26,42,40.63722300915526,-74.38928179589924,2010.5,Residential,land_use,6.7,55.1,1524.1
ghsl_8099_cell_02316,27,42,40.63722300915526,-74.37743731189386,2298.6,Residential,land_use,7.4,55.1,1978.8
ghsl_8099_cell_02317,28,42,40.63722300915526,-74.36559282788846,1560.0,Residential,heuristic,0.0,48.2,2492.9
ghsl_8099_cell_02318,29,42,40.63722300915526,-74.35374834388305,2264.2,Residential,land_use,0.0,49.4,2492.7
ghsl_8099_cell_02319,30,42,40.63722300915526,-74.34190385987766,1811.1,Civic,land_use,15.2,30.9,2625.0
ghsl_8099_cell_02320,31,42,40.63722300915526,-74.33005937587227,2205.5,Residential,heuristic,2.0,34.1,3089.3
ghsl_8099_cell_02321,32,42,40.63722300915525,-74.31821489186686,2081.8,Industrial,land_use,6.9,38.8,3742.7
ghsl_8099_cell_02322,33,42,40.63722300915525,-74.30637040786146,1463.6,Green,land_use,51.7,26.6,4209.6
ghsl_8099_cell_02323,34,42,40.63722300915526,-74.29452592385609,2246.1,Residential,land_use,23.6,18.4,4841.6
ghsl_8099_cell_02324,35,42,40.63722300915526,-74.28268143985068,3137.3,Civic,land_use,5.3,20.9,5582.8
ghsl_8099_cell_02325,36,42,40.63722300915526,-74.27083695584527,3098.8,Residential,land_use,5.6,15.2,6395.5
ghsl_8099_cell_02326,37,42,40.63722300915526,-74.25899247183986,4321.4,Residential,heuristic,0.0,13.8,7255.5
ghsl_8099_cell_02327,38,42,40.637223009155264,-74.24714798783448,3686.8,Industrial,land_use,3.1,8.5,8148.1
ghsl_8099_cell_02328,39,42,40.63722300915526,-74.23530350382909,198.0,Industrial,land_use,6.1,5.5,9063.4
ghsl_8099_cell_02329,40,42,40.63722300915526,-74.2234590198237,0.5,Industrial,land_use,3.2,4.1,9961.5
ghsl_8099_cell_02330,41,42,40.63722300915526,-74.2116145358183,63.8,Commercial,land_use,2.5,1.5,10501.6
ghsl_8099_cell_02331,42,42,40.63722300915526,-74.19977005181289,131.8,Industrial,land_use,5.2,0.7,9531.4
ghsl_8099_cell_02332,43,42,40.63722300915526,-74.18792556780751,15.2,Industrial,land_use,9.7,3.2,8568.5
ghsl_8099_cell_02333,44,42,40.63722300915526,-74.1760810838021,861.8,Green,land_use,50.2,4.9,7615.6
ghsl_8099_cell_02334,45,42,40.637223009155264,-74.16423659979671,7042.6,Industrial,land_use,2.3,10.0,6677.0
ghsl_8099_cell_02335,46,42,40.63722300915525,-74.15239211579129,2649.6,Industrial,land_use,2.5,5.2,5759.8
ghsl_8099_cell_02336,47,42,40.63722300915526,-74.1405476317859,6294.9,Civic,land_use,4.4,7.1,4870.0
ghsl_8099_cell_02337,48,42,40.63722300915526,-74.12870314778048,4697.0,Industrial,land_use,4.9,2.6,3984.7
ghsl_8099_cell_02338,49,42,40.63722300915526,-74.1168586637751,7783.6,Residential,land_use,16.1,8.6,3099.8
ghsl_8099_cell_02339,50,42,40.63722300915526,-74.1050141797697,3660.8,Civic,land_use,10.6,21.4,2274.2
ghsl_8099_cell_02340,51,42,40.63722300915526,-74.09316969576432,6115.9,Civic,land_use,27.7,49.2,1656.1
ghsl_8099_cell_02341,52,42,40.63722300915526,-74.08132521175891,9143.2,Residential,land_use,1.7,32.2,912.9
ghsl_8099_cell_02342,53,42,40.63722300915526,-74.0694807277535,884.3,Residential,land_use,2.5,0.0,442.8
ghsl_8099_cell_02343,56,42,40.63722300915525,-74.03394727573732,12894.2,Civic,land_use,13.8,14.9,442.9
ghsl_8099_cell_02344,57,42,40.63722300915526,-74.02210279173194,16861.5,Residential,land_use,17.2,25.2,1335.9
ghsl_8099_cell_02345,58,42,40.63722300915525,-74.01025830772653,31065.1,Civic,land_use,1.0,31.0,1976.2
ghsl_8099_cell_02346,59,42,40.63722300915526,-73.99841382372114,28951.3,Civic,land_use,0.6,28.8,2623.1
ghsl_8099_cell_02347,60,42,40.63722300915525,-73.98656933971571,26693.3,Civic,land_use,0.0,21.8,3085.6
ghsl_8099_cell_02348,61,42,40.63722300915526,-73.97472485571033,26692.5,Civic,land_use,1.6,13.9,3764.2
ghsl_8099_cell_02349,62,42,40.63722300915526,-73.96288037170494,21921.1,Civic,land_use,0.3,10.9,4563.3
ghsl_8099_cell_02350,63,42,40.63722300915526,-73.95103588769955,25182.3,Civic,land_use,1.9,10.9,4549.5
ghsl_8099_cell_02351,64,42,40.63722300915526,-73.93919140369415,16585.8,Utility,land_use,2.5,10.7,3618.1
ghsl_8099_cell_02352,65,42,40.63722300915526,-73.92734691968874,10427.0,Residential,land_use,0.1,7.7,2737.1
ghsl_8099_cell_02353,66,42,40.63722300915525,-73.91550243568335,14948.2,Residential,land_use,4.9,8.2,1975.2
ghsl_8099_cell_02354,67,42,40.63722300915526,-73.90365795167797,14609.1,Residential,heuristic,5.1,6.7,1523.0
ghsl_8099_cell_02355,68,42,40.637223009155264,-73.89181346767255,14232.8,Residential,land_use,3.3,7.7,912.3
ghsl_8099_cell_02356,69,42,40.63722300915526,-73.87996898366717,2093.2,Green,land_use,64.4,6.7,443.1
ghsl_8099_cell_02357,81,42,40.63722300915525,-73.73783517560238,668.6,Green,land_use,64.9,14.5,443.3
ghsl_8099_cell_02358,82,42,40.63722300915526,-73.72599069159698,2473.1,Residential,land_use,1.4,3.0,1336.9
ghsl_8099_cell_02359,83,42,40.63722300915526,-73.7141462075916,3464.5,Civic,land_use,0.9,8.3,2297.2
ghsl_8099_cell_02360,84,42,40.63722300915526,-73.7023017235862,2639.1,Residential,land_use,0.2,8.1,1973.7
ghsl_8099_cell_02361,85,42,40.63722300915526,-73.69045723958081,918.6,Residential,land_use,2.0,4.8,1522.6
ghsl_8099_cell_02362,86,42,40.63722300915526,-73.6786127555754,1716.0,Residential,land_use,3.6,9.3,1495.3
ghsl_8099_cell_02363,87,42,40.63722300915526,-73.66676827156999,3548.6,Residential,land_use,1.6,4.9,1495.2
ghsl_8099_cell_02364,88,42,40.63722300915526,-73.65492378756461,2564.4,Commercial,land_use,0.7,2.4,1495.2
ghsl_8099_cell_02365,89,42,40.63722300915525,-73.64307930355922,2986.3,Residential,land_use,2.2,5.4,1495.4
ghsl_8099_cell_02366,90,42,40.63722300915526,-73.6312348195538,3422.3,Civic,land_use,3.2,6.0,1658.3
ghsl_8099_cell_02367,91,42,40.63722300915526,-73.61939033554842,2886.3,Residential,land_use,0.2,6.8,1522.4
ghsl_8099_cell_02368,92,42,40.63722300915526,-73.60754585154301,3878.3,Residential,land_use,1.5,3.5,1495.4
ghsl_8099_cell_02369,93,42,40.63722300915525,-73.59570136753761,3587.8,Commercial,land_use,0.0,0.9,1522.4
ghsl_8099_cell_02370,94,42,40.63722300915525,-73.58385688353223,2949.1,Residential,land_use,1.0,2.9,911.4
ghsl_8099_cell_02371,95,42,40.63722300915525,-73.57201239952681,1155.7,Residential,heuristic,15.4,1.5,443.5
ghsl_8099_cell_02372,97,42,40.63722300915526,-73.54832343151601,583.8,Residential,heuristic,0.0,0.0,443.5
ghsl_8099_cell_02373,98,42,40.63722300915526,-73.53647894751063,139.9,Residential,heuristic,0.0,0.0,498.2
ghsl_8099_cell_02374,99,42,40.63722300915526,-73.52463446350522,212.8,Residential,heuristic,0.5,0.0,498.1
ghsl_8099_cell_02375,100,42,40.63722300915526,-73.51278997949983,104.9,Residential,heuristic,0.0,0.0,498.1
ghsl_8099_cell_02376,101,42,40.63722300915526,-73.50094549549442,0.0,Unbuilt,heuristic,3.4,0.0,443.6
ghsl_8099_cell_02377,21,43,40.62824509365275,-74.44223829806744,1815.3,Industrial,land_use,7.8,48.3,442.4
ghsl_8099_cell_02378,22,43,40.62824509365275,-74.4303948109466,4120.3,Residential,heuristic,0.0,35.5,498.5
ghsl_8099_cell_02379,23,43,40.62824509365275,-74.41855132382575,4266.5,Civic,land_use,1.1,41.6,913.9
ghsl_8099_cell_02380,24,43,40.62824509365275,-74.40670783670492,3408.8,Industrial,land_use,9.1,33.0,1524.1
ghsl_8099_cell_02381,25,43,40.628245093652744,-74.39486434958407,2140.1,Civic,land_use,2.5,43.7,1978.7
ghsl_8099_cell_02382,26,43,40.62824509365275,-74.38302086246321,1058.6,Residential,heuristic,0.0,50.4,2625.0
ghsl_8099_cell_02383,27,43,40.62824509365275,-74.37117737534237,582.2,Residential,heuristic,15.5,38.9,3089.4
ghsl_8099_cell_02384,28,43,40.62824509365275,-74.35933388822153,875.7,Civic,land_use,7.0,38.1,3489.8
ghsl_8099_cell_02385,29,43,40.62824509365275,-74.3474904011007,819.4,Green,land_use,61.8,27.6,3507.2
ghsl_8099_cell_02386,30,43,40.62824509365275,-74.33564691397986,1069.0,Industrial,land_use,15.5,40.3,3742.5
ghsl_8099_cell_02387,31,43,40.628245093652744,-74.323803426859,1539.6,Industrial,land_use,2.1,19.9,4209.5
ghsl_8099_cell_02388,32,43,40.62824509365275,-74.31195993973816,1406.0,Industrial,land_use,5.6,19.7,4841.5
ghsl_8099_cell_02389,33,43,40.62824509365275,-74.30011645261732,720.1,Commercial,land_use,4.1,17.8,5333.3
ghsl_8099_cell_02390,34,43,40.62824509365275,-74.28827296549646,1926.9,Green,land_use,100.0,22.8,5935.0
ghsl_8099_cell_02391,35,43,40.62824509365275,-74.27642947837562,3355.2,Residential,land_use,1.5,13.3,6634.1
ghsl_8099_cell_02392,36,43,40.62824509365275,-74.26458599125478,3754.2,Residential,heuristic,6.5,16.8,7403.1
ghsl_8099_cell_02393,37,43,40.62824509365275,-74.25274250413393,4874.4,Industrial,land_use,18.0,12.7,8222.3
ghsl_8099_cell_02394,38,43,40.62824509365275,-74.24089901701309,2712.0,Residential,heuristic,0.9,7.7,9078.2
ghsl_8099_cell_02395,39,43,40.62824509365275,-74.22905552989225,20.5,Green,land_use,48.5,0.0,9961.3
ghsl_8099_cell_02396,40,43,40.62824509365275,-74.2172120427714,0.0,Industrial,land_use,0.0,5.5,10865.1
ghsl_8099_cell_02397,41,43,40.62824509365275,-74.20536855565055,0.0,Industrial,land_use,0.0,1.1,10284.0
ghsl_8099_cell_02398,42,43,40.62824509365275,-74.19352506852971,0.0,Unbuilt,heuristic,2.2,0.7,9347.9
ghsl_8099_cell_02399,43,43,40.62824509365275,-74.18168158140888,73.9,Utility,land_use,23.2,6.9,8426.8
ghsl_8099_cell_02400,44,43,40.62824509365275,-74.16983809428801,2196.9,Commercial,land_use,28.6,6.0,7526.4
ghsl_8099_cell_02401,45,43,40.62824509365275,-74.15799460716717,8262.1,Commercial,land_use,8.4,10.6,6641.1
ghsl_8099_cell_02402,46,43,40.62824509365275,-74.14615112004634,5814.5,Civic,land_use,8.6,17.7,5755.8
ghsl_8099_cell_02403,47,43,40.62824509365275,-74.13430763292548,7173.8,Commercial,land_use,0.6,8.2,4876.5
ghsl_8099_cell_02404,48,43,40.62824509365275,-74.12246414580464,5928.3,Civic,land_use,5.8,20.9,4047.9
ghsl_8099_cell_02405,49,43,40.62824509365275,-74.11062065868381,5191.9,Residential,land_use,1.5,50.6,3281.4
ghsl_8099_cell_02406,50,43,40.62824509365275,-74.09877717156296,3347.9,Green,land_use,91.9,76.4,2296.1
ghsl_8099_cell_02407,51,43,40.62824509365275,-74.08693368444212,4611.6,Residential,land_use,10.6,88.4,1335.8
ghsl_8099_cell_02408,52,43,40.62824509365275,-74.07509019732126,3748.4,Residential,land_use,2.9,3.3,442.9
ghsl_8099_cell_02409,55,43,40.62824509365275,-74.03955973595872,3179.2,Civic,land_use,4.3,11.4,442.9
ghsl_8099_cell_02410,56,43,40.62824509365275,-74.02771624883789,17306.2,Civic,land_use,0.0,26.3,912.7
ghsl_8099_cell_02411,57,43,40.62824509365275,-74.01587276171703,17011.0,Civic,land_use,8.5,26.6,1835.5
ghsl_8099_cell_02412,58,43,40.62824509365275,-74.0040292745962,18845.8,Residential,land_use,1.2,26.5,2813.1
ghsl_8099_cell_02413,59,43,40.62824509365275,-73.99218578747535,22037.3,Utility,land_use,0.5,22.8,3739.4
ghsl_8099_cell_02414,60,43,40.62824509365275,-73.98034230035451,18726.5,Residential,land_use,0.8,23.6,4204.7
ghsl_8099_cell_02415,61,43,40.62824509365275,-73.96849881323367,20974.9,Residential,land_use,1.0,16.7,4835.5
ghsl_8099_cell_02416,62,43,40.62824509365275,-73.95665532611284,14554.3,Residential,land_use,3.9,17.1,4549.5
ghsl_8099_cell_02417,63,43,40.628245093652744,-73.944811838992,18965.3,Civic,land_use,2.2,8.8,3618.1
ghsl_8099_cell_02418,64,43,40.62824509365275,-73.93296835187112,12603.4,Residential,land_use,1.5,8.6,2737.0
ghsl_8099_cell_02419,65,43,40.62824509365275,-73.9211248647503,12990.4,Residential,land_use,4.2,6.6,1835.2
ghsl_8099_cell_02420,66,43,40.62824509365275,-73.90928137762945,7392.2,Green,land_use,62.4,0.0,912.3
ghsl_8099_cell_02421,67,43,40.62824509365275,-73.8974378905086,8898.9,Green,land_use,100.0,7.0,498.5
ghsl_8099_cell_02422,68,43,40.62824509365275,-73.88559440338776,2596.7,Residential,heuristic,3.2,0.0,443.1
ghsl_8099_cell_02423,73,43,40.62824509365275,-73.82637696778353,0.0,Unbuilt,heuristic,0.0,3.4,443.2
ghsl_8099_cell_02424,80,43,40.62824509365275,-73.74347255793762,230.7,Industrial,land_use,3.8,4.7,443.3
ghsl_8099_cell_02425,81,43,40.62824509365275,-73.7316290708168,3615.7,Civic,land_use,2.6,6.8,911.8
ghsl_8099_cell_02426,82,43,40.62824509365275,-73.71978558369594,3300.6,Residential,land_use,0.3,9.7,1495.3
ghsl_8099_cell_02427,83,43,40.62824509365275,-73.7079420965751,3104.8,Residential,land_use,0.2,9.0,1495.2
ghsl_8099_cell_02428,84,43,40.62824509365275,-73.69609860945425,1181.5,Residential,land_use,0.0,8.8,911.7
ghsl_8099_cell_02429,85,43,40.62824509365275,-73.68425512233341,302.0,Residential,land_use,7.7,1.3,498.4
ghsl_8099_cell_02430,86,43,40.62824509365275,-73.67241163521255,964.9,Green,land_use,54.7,0.0,498.2
ghsl_8099_cell_02431,87,43,40.62824509365275,-73.66056814809173,1303.5,Green,land_use,61.4,0.0,498.2
ghsl_8099_cell_02432,88,43,40.62824509365275,-73.64872466097086,2696.7,Residential,land_use,0.2,4.3,498.3
ghsl_8099_cell_02433,89,43,40.62824509365275,-73.63688117385003,2833.9,Commercial,land_use,4.8,3.3,552.8
ghsl_8099_cell_02434,90,43,40.62824509365275,-73.62503768672919,1824.3,Green,land_use,64.0,4.9,911.5
ghsl_8099_cell_02435,91,43,40.62824509365275,-73.61319419960834,1143.5,Green,land_use,60.3,2.7,498.5
ghsl_8099_cell_02436,92,43,40.62824509365275,-73.60135071248749,2293.6,Civic,land_use,6.7,3.6,552.8
ghsl_8099_cell_02437,93,43,40.62824509365275,-73.58950722536663,417.5,Residential,heuristic,2.0,0.0,498.5
ghsl_8099_cell_02438,94,43,40.62824509365275,-73.5776637382458,1176.5,Residential,land_use,26.6,2.2,443.5
ghsl_8099_cell_02439,20,44,40.61926762956263,-74.44781774153351,2406.6,Residential,heuristic,16.8,25.9,442.4
ghsl_8099_cell_02440,21,44,40.61926762956263,-74.43597525084051,3695.9,Civic,land_use,2.5,37.5,913.9
ghsl_8099_cell_02441,22,44,40.619267629562636,-74.42413276014753,5738.8,Commercial,land_use,1.4,30.1,1524.0
ghsl_8099_cell_02442,23,44,40.61926762956263,-74.41229026945452,5423.2,Industrial,land_use,0.0,31.4,1978.7
ghsl_8099_cell_02443,24,44,40.61926762956263,-74.4004477787615,1906.4,Residential,heuristic,0.0,55.8,2624.9
ghsl_8099_cell_02444,25,44,40.619267629562636,-74.38860528806853,998.7,Residential,heuristic,0.0,59.3,3089.3
ghsl_8099_cell_02445,26,44,40.61926762956263,-74.3767627973755,624.1,Residential,heuristic,0.0,55.6,3742.5
ghsl_8099_cell_02446,27,44,40.619267629562636,-74.36492030668252,493.5,Civic,land_use,2.7,26.4,4209.7
ghsl_8099_cell_02447,28,44,40.619267629562636,-74.35307781598952,398.1,Green,land_use,100.0,29.1,4486.6
ghsl_8099_cell_02448,29,44,40.61926762956263,-74.34123532529654,1673.3,Residential,land_use,0.0,23.9,4572.0
ghsl_8099_cell_02449,30,44,40.61926762956263,-74.32939283460352,1927.2,Residential,land_use,0.0,40.2,4865.1
ghsl_8099_cell_02450,31,44,40.61926762956262,-74.31755034391053,836.7,Residential,heuristic,8.6,19.0,5333.1
ghsl_8099_cell_02451,32,44,40.61926762956263,-74.30570785321753,1779.1,Civic,land_use,1.1,12.5,5934.9
ghsl_8099_cell_02452,33,44,40.619267629562636,-74.29386536252453,2291.1,Residential,land_use,0.0,18.8,6458.7
ghsl_8099_cell_02453,34,44,40.619267629562636,-74.28202287183153,2427.6,Civic,land_use,3.1,12.7,7039.4
ghsl_8099_cell_02454,35,44,40.61926762956263,-74.27018038113852,3152.6,Residential,heuristic,0.0,22.4,7707.2
ghsl_8099_cell_02455,36,44,40.619267629562636,-74.25833789044555,386.0,Industrial,land_use,1.5,10.7,8441.2
ghsl_8099_cell_02456,37,44,40.61926762956263,-74.24649539975255,676.2,Residential,heuristic,14.2,6.1,9225.7
ghsl_8099_cell_02457,38,44,40.61926762956262,-74.23465290905953,1823.3,Industrial,land_use,19.4,5.1,10048.9
ghsl_8099_cell_02458,39,44,40.61926762956263,-74.22281041836652,0.0,Unbuilt,heuristic,33.4,4.7,10902.0
ghsl_8099_cell_02459,40,44,40.61926762956262,-74.21096792767355,0.0,Industrial,land_use,0.0,2.4,10373.6
ghsl_8099_cell_02460,41,44,40.61926762956263,-74.19912543698052,0.0,Green,land_use,53.3,3.7,9829.2
ghsl_8099_cell_02461,42,44,40.61926762956263,-74.18728294628754,0.0,Industrial,land_use,10.4,0.8,9297.4
ghsl_8099_cell_02462,43,44,40.61926762956263,-74.17544045559454,110.3,Green,land_use,40.6,2.2,8412.3
ghsl_8099_cell_02463,44,44,40.61926762956263,-74.16359796490156,6914.4,Residential,land_use,16.5,6.0,7527.1
ghsl_8099_cell_02464,45,44,40.61926762956263,-74.15175547420854,5684.1,Residential,land_use,27.0,10.3,6655.7
ghsl_8099_cell_02465,46,44,40.61926762956263,-74.13991298351553,5739.6,Residential,land_use,2.7,10.9,5826.3
ghsl_8099_cell_02466,47,44,40.619267629562636,-74.12807049282256,5048.4,Residential,land_use,3.6,39.7,4951.2
ghsl_8099_cell_02467,48,44,40.61926762956263,-74.11622800212956,1618.0,Green,land_use,96.2,66.7,4007.4
ghsl_8099_cell_02468,49,44,40.61926762956263,-74.10438551143655,3531.1,Residential,land_use,10.0,55.8,3100.0
ghsl_8099_cell_02469,50,44,40.61926762956263,-74.09254302074355,3415.8,Residential,land_use,20.6,108.0,2214.4
ghsl_8099_cell_02470,51,44,40.61926762956263,-74.08070053005055,9902.3,Residential,land_use,15.1,31.1,1328.6
ghsl_8099_cell_02471,52,44,40.619267629562636,-74.06885803935756,3046.2,Civic,land_use,6.0,2.1,442.8
ghsl_8099_cell_02472,54,44,40.619267629562636,-74.04517305797155,1229.9,Residential,heuristic,0.5,0.0,442.9
ghsl_8099_cell_02473,55,44,40.61926762956263,-74.03333056727857,18288.4,Civic,land_use,20.0,26.6,912.7
ghsl_8099_cell_02474,56,44,40.61926762956263,-74.02148807658557,12745.8,Utility,land_use,6.2,26.3,1656.5
ghsl_8099_cell_02475,57,44,40.61926762956263,-74.00964558589257,13954.5,Residential,land_use,0.1,21.8,2275.4
ghsl_8099_cell_02476,58,44,40.619267629562636,-73.99780309519956,21394.1,Residential,land_use,1.0,13.1,2761.1
ghsl_8099_cell_02477,59,44,40.61926762956262,-73.98596060450656,18961.7,Civic,land_use,4.1,17.7,3318.3
ghsl_8099_cell_02478,60,44,40.619267629562636,-73.97411811381357,9713.2,Residential,land_use,36.2,8.3,4050.6
ghsl_8099_cell_02479,61,44,40.619267629562636,-73.96227562312059,17092.8,Residential,land_use,4.9,12.9,4549.5
ghsl_8099_cell_02480,62,44,40.61926762956263,-73.95043313242758,11678.7,Residential,land_use,0.5,11.5,3618.0
ghsl_8099_cell_02481,63,44,40.61926762956262,-73.93859064173458,13105.0,Residential,land_use,1.0,10.2,2737.0
ghsl_8099_cell_02482,64,44,40.61926762956263,-73.92674815104156,11138.0,Residential,heuristic,1.6,7.1,1835.2
ghsl_8099_cell_02483,65,44,40.61926762956263,-73.91490566034857,8904.3,Civic,land_use,2.2,4.6,912.3
ghsl_8099_cell_02484,66,44,40.61926762956263,-73.9030631696556,5305.6,Civic,land_use,27.9,7.3,443.1
ghsl_8099_cell_02485,69,44,40.61926762956263,-73.86753569757659,0.0,Unbuilt,heuristic,6.8,3.2,443.2
ghsl_8099_cell_02486,73,44,40.61926762956263,-73.82016573480459,0.0,Unbuilt,heuristic,0.5,1.0,443.2
ghsl_8099_cell_02487,79,44,40.61926762956263,-73.7491107906466,3356.1,Residential,land_use,28.9,9.8,443.3
ghsl_8099_cell_02488,80,44,40.61926762956263,-73.73726829995361,4615.8,Residential,land_use,6.1,6.3,911.8
ghsl_8099_cell_02489,81,44,40.619267629562636,-73.72542580926061,3052.8,Residential,land_use,2.2,8.2,498.4
ghsl_8099_cell_02490,82,44,40.61926762956262,-73.71358331856761,859.8,Green,land_use,52.5,0.7,498.3
ghsl_8099_cell_02491,83,44,40.619267629562636,-73.70174082787462,378.4,Residential,heuristic,36.8,1.3,498.3
ghsl_8099_cell_02492,84,44,40.61926762956263,-73.6898983371816,19.3,Residential,heuristic,0.0,0.4,443.4
ghsl_8099_cell_02493,89,44,40.61926762956263,-73.63068588371662,1144.6,Residential,land_use,21.7,3.6,443.5
ghsl_8099_cell_02494,90,44,40.61926762956263,-73.61884339302362,72.0,Utility,land_use,20.7,0.0,443.5
ghsl_8099_cell_02495,92,44,40.61926762956263,-73.59515841163763,205.9,Residential,heuristic,0.0,0.0,443.5
ghsl_8099_cell_02496,18,45,40.61029061670154,-74.46523955676916,1503.1,Residential,land_use,0.5,44.8,442.4
ghsl_8099_cell_02497,19,45,40.61029061670154,-74.45339806204754,2319.1,Residential,heuristic,0.5,28.5,498.4
ghsl_8099_cell_02498,20,45,40.61029061670154,-74.44155656732595,2085.0,Green,land_use,48.7,17.4,913.8
ghsl_8099_cell_02499,21,45,40.61029061670154,-74.42971507260435,5226.5,Industrial,land_use,2.4,28.9,1836.9
ghsl_8099_cell_02500,22,45,40.61029061670155,-74.41787357788274,4793.9,Civic,land_use,31.2,31.6,2624.8
ghsl_8099_cell_02501,23,45,40.61029061670154,-74.40603208316115,2370.4,Residential,heuristic,12.5,31.6,3089.2
ghsl_8099_cell_02502,24,45,40.61029061670154,-74.39419058843954,686.8,Residential,heuristic,0.0,70.2,3742.4
ghsl_8099_cell_02503,25,45,40.61029061670155,-74.38234909371795,592.6,Residential,heuristic,0.1,56.3,4209.5
ghsl_8099_cell_02504,26,45,40.61029061670155,-74.37050759899634,339.7,Green,land_use,62.1,32.7,4841.7
ghsl_8099_cell_02505,27,45,40.61029061670154,-74.35866610427476,5.8,Residential,heuristic,0.0,21.3,5333.4
ghsl_8099_cell_02506,28,45,40.61029061670155,-74.34682460955317,307.7,Green,land_use,84.1,21.2,5498.5
ghsl_8099_cell_02507,29,45,40.61029061670154,-74.33498311483156,1913.1,Residential,land_use,0.0,27.1,5661.5
ghsl_8099_cell_02508,30,45,40.61029061670154,-74.32314162010998,1818.3,Residential,land_use,2.8,35.9,5989.8
ghsl_8099_cell_02509,31,45,40.61029061670154,-74.31130012538837,1115.7,Civic,land_use,30.4,29.7,6458.4
ghsl_8099_cell_02510,32,45,40.61029061670154,-74.29945863066676,1933.9,Residential,heuristic,18.1,19.7,7039.3
ghsl_8099_cell_02511,33,45,40.61029061670154,-74.28761713594518,2662.6,Civic,land_use,8.5,17.2,7584.8
ghsl_8099_cell_02512,34,45,40.61029061670155,-74.27577564122358,4793.0,Residential,land_use,3.4,6.2,8150.3
ghsl_8099_cell_02513,35,45,40.61029061670154,-74.26393414650197,1652.1,Industrial,land_use,2.1,9.2,8794.0
ghsl_8099_cell_02514,36,45,40.61029061670154,-74.25209265178039,29.8,Industrial,land_use,0.7,4.0,9499.8
ghsl_8099_cell_02515,37,45,40.61029061670155,-74.24025115705881,0.0,Industrial,land_use,0.0,3.7,10255.0
ghsl_8099_cell_02516,38,45,40.61029061670155,-74.22840966233719,941.2,Industrial,land_use,15.3,-0.1,10563.4
ghsl_8099_cell_02517,39,45,40.61029061670155,-74.21656816761558,0.0,Industrial,land_use,0.0,1.8,9880.5
ghsl_8099_cell_02518,40,45,40.61029061670155,-74.204726672894,0.0,Unbuilt,heuristic,26.3,0.0,9255.9
ghsl_8099_cell_02519,41,45,40.61029061670154,-74.19288517817239,0.0,Unbuilt,heuristic,4.1,0.1,8702.3
ghsl_8099_cell_02520,42,45,40.61029061670154,-74.1810436834508,1.1,Commercial,land_use,10.7,6.9,8234.1
ghsl_8099_cell_02521,43,45,40.61029061670154,-74.1692021887292,3621.0,Green,land_use,89.7,12.6,7866.4
ghsl_8099_cell_02522,44,45,40.61029061670154,-74.1573606940076,4328.2,Residential,land_use,14.0,10.9,7395.6
ghsl_8099_cell_02523,45,45,40.61029061670154,-74.14551919928599,4719.9,Residential,land_use,12.1,18.5,6626.6
ghsl_8099_cell_02524,46,45,40.61029061670154,-74.1336777045644,5789.6,Residential,land_use,4.3,38.8,5761.6
ghsl_8099_cell_02525,47,45,40.61029061670154,-74.1218362098428,5802.4,Residential,land_use,10.4,66.3,4871.6
ghsl_8099_cell_02526,48,45,40.61029061670154,-74.1099947151212,1886.0,Civic,land_use,20.5,65.1,3986.0
ghsl_8099_cell_02527,49,45,40.61029061670155,-74.09815322039961,3548.2,Residential,land_use,5.8,52.1,3100.3
ghsl_8099_cell_02528,50,45,40.61029061670154,-74.086311725678,6430.4,Civic,land_use,17.4,34.7,2214.5
ghsl_8099_cell_02529,51,45,40.61029061670154,-74.07447023095641,9373.7,Residential,land_use,2.9,30.5,1328.7
ghsl_8099_cell_02530,52,45,40.61029061670153,-74.0626287362348,5666.8,Utility,land_use,8.9,9.8,442.8
ghsl_8099_cell_02531,54,45,40.61029061670154,-74.03894574679161,742.8,Residential,heuristic,39.7,0.0,443.0
ghsl_8099_cell_02532,55,45,40.61029061670154,-74.02710425207002,4023.6,Utility,land_use,16.8,9.0,552.2
ghsl_8099_cell_02533,56,45,40.61029061670154,-74.01526275734841,7291.9,Green,land_use,100.0,9.3,1329.1
ghsl_8099_cell_02534,57,45,40.61029061670154,-74.00342126262682,19159.5,Residential,land_use,1.8,13.6,1656.7
ghsl_8099_cell_02535,58,45,40.61029061670154,-73.99157976790522,22834.4,Civic,land_use,3.1,13.1,2275.7
ghsl_8099_cell_02536,59,45,40.61029061670155,-73.97973827318363,26072.2,Civic,land_use,0.5,12.9,3102.0
ghsl_8099_cell_02537,60,45,40.61029061670154,-73.96789677846202,15759.7,Civic,land_use,2.4,10.5,3987.8
ghsl_8099_cell_02538,61,45,40.61029061670155,-73.95605528374044,21083.8,Commercial,land_use,0.1,12.6,3803.4
ghsl_8099_cell_02539,62,45,40.61029061670153,-73.94421378901882,10885.1,Civic,land_use,5.4,8.3,2812.9
ghsl_8099_cell_02540,63,45,40.61029061670155,-73.93237229429724,9944.2,Residential,land_use,3.6,14.9,1835.2
ghsl_8099_cell_02541,64,45,40.61029061670154,-73.92053079957562,6204.4,Residential,land_use,1.1,13.6,912.3
ghsl_8099_cell_02542,65,45,40.61029061670154,-73.90868930485404,4502.4,Residential,heuristic,4.8,5.2,443.2
ghsl_8099_cell_02543,72,45,40.61029061670154,-73.82579884180285,415.2,Civic,land_use,10.4,0.0,443.3
ghsl_8099_cell_02544,73,45,40.61029061670155,-73.81395734708127,684.3,Residential,heuristic,2.4,0.0,443.3
ghsl_8099_cell_02545,77,45,40.61029061670154,-73.76659136819487,4046.3,Residential,land_use,12.4,6.8,443.3
ghsl_8099_cell_02546,78,45,40.61029061670154,-73.75474987347326,7815.6,Industrial,land_use,16.4,0.8,498.4
ghsl_8099_cell_02547,79,45,40.61029061670155,-73.74290837875168,3737.9,Residential,land_use,6.8,11.8,911.7
ghsl_8099_cell_02548,80,45,40.61029061670154,-73.73106688403007,1778.9,Residential,land_use,21.4,11.3,443.4
ghsl_8099_cell_02549,84,45,40.61029061670154,-73.68370090514367,0.0,Unbuilt,heuristic,0.0,-0.0,443.4
ghsl_8099_cell_02550,17,46,40.601314054886174,-74.47081975854483,810.7,Residential,heuristic,3.6,33.2,442.4
ghsl_8099_cell_02551,18,46,40.60131405488618,-74.45897925933843,1063.2,Industrial,land_use,8.3,18.7,913.8
ghsl_8099_cell_02552,19,46,40.60131405488618,-74.44713876013208,3585.0,Industrial,land_use,3.7,29.9,1523.8
ghsl_8099_cell_02553,20,46,40.60131405488618,-74.43529826092569,4844.9,Civic,land_use,0.4,26.8,1978.5
ghsl_8099_cell_02554,21,46,40.601314054886174,-74.42345776171929,2751.4,Residential,heuristic,0.0,31.2,2741.4
ghsl_8099_cell_02555,22,46,40.60131405488618,-74.4116172625129,1044.8,Residential,heuristic,4.5,27.7,3622.8
ghsl_8099_cell_02556,23,46,40.60131405488618,-74.39977676330653,2458.1,Utility,land_use,18.3,29.3,4209.4
ghsl_8099_cell_02557,24,46,40.60131405488619,-74.38793626410015,782.9,Utility,land_use,39.8,51.2,4841.6
ghsl_8099_cell_02558,25,46,40.60131405488618,-74.37609576489378,1515.0,Residential,land_use,0.0,34.7,5333.2
ghsl_8099_cell_02559,26,46,40.601314054886174,-74.36425526568738,1134.1,Residential,land_use,0.1,20.0,5935.1
ghsl_8099_cell_02560,27,46,40.60131405488619,-74.352414766481,1072.2,Residential,land_use,15.2,18.9,6458.7
ghsl_8099_cell_02561,28,46,40.60131405488618,-74.34057426727462,2252.8,Residential,land_use,0.1,40.2,6547.5
ghsl_8099_cell_02562,29,46,40.601314054886174,-74.32873376806825,2527.7,Residential,land_use,1.3,33.7,6763.7
ghsl_8099_cell_02563,30,46,40.60131405488618,-74.31689326886185,2119.7,Civic,land_use,10.7,29.5,7115.7
ghsl_8099_cell_02564,31,46,40.60131405488618,-74.30505276965548,2610.4,Residential,heuristic,33.9,27.8,7584.5
ghsl_8099_cell_02565,32,46,40.60131405488618,-74.29321227044909,2884.9,Industrial,land_use,0.6,8.8,8150.1
ghsl_8099_cell_02566,33,46,40.601314054886174,-74.28137177124272,3514.0,Industrial,land_use,2.4,5.5,8711.4
ghsl_8099_cell_02567,34,46,40.60131405488618,-74.26953127203633,2607.7,Commercial,land_use,12.3,2.7,9265.3
ghsl_8099_cell_02568,35,46,40.60131405488618,-74.25769077282995,740.5,Industrial,land_use,29.5,5.4,9889.9
ghsl_8099_cell_02569,36,46,40.60131405488619,-74.24585027362355,490.3,Residential,heuristic,37.0,18.5,10572.7
ghsl_8099_cell_02570,37,46,40.601314054886174,-74.23400977441717,52.0,Residential,heuristic,3.4,0.3,10246.4
ghsl_8099_cell_02571,38,46,40.601314054886174,-74.22216927521079,0.0,Unbuilt,heuristic,0.0,0.5,9490.8
ghsl_8099_cell_02572,39,46,40.60131405488619,-74.21032877600442,0.0,Unbuilt,heuristic,2.8,0.3,8784.7
ghsl_8099_cell_02573,40,46,40.60131405488618,-74.19848827679802,1.0,Commercial,land_use,9.8,0.0,8141.2
ghsl_8099_cell_02574,41,46,40.60131405488618,-74.18664777759166,118.1,Green,land_use,56.8,7.7,7576.0
ghsl_8099_cell_02575,42,46,40.601314054886174,-74.17480727838526,791.3,Commercial,land_use,11.8,25.7,7108.1
ghsl_8099_cell_02576,43,46,40.601314054886174,-74.16296677917887,3372.3,Green,land_use,100.0,13.9,6757.5
ghsl_8099_cell_02577,44,46,40.60131405488618,-74.1511262799725,23.2,Civic,land_use,44.4,23.0,6389.3
ghsl_8099_cell_02578,45,46,40.60131405488618,-74.1392857807661,4935.3,Civic,land_use,7.4,48.0,5576.4
ghsl_8099_cell_02579,46,46,40.60131405488618,-74.12744528155972,6613.1,Residential,land_use,14.3,72.5,4835.2
ghsl_8099_cell_02580,47,46,40.60131405488618,-74.11560478235334,2473.5,Residential,land_use,0.4,134.1,4203.7
ghsl_8099_cell_02581,48,46,40.60131405488619,-74.10376428314697,1697.6,Green,land_use,46.9,93.4,3619.3
ghsl_8099_cell_02582,49,46,40.601314054886174,-74.09192378394057,4659.5,Residential,land_use,4.6,30.5,2738.0
ghsl_8099_cell_02583,50,46,40.601314054886174,-74.08008328473419,4184.9,Residential,land_use,3.1,30.2,1975.7
ghsl_8099_cell_02584,51,46,40.60131405488619,-74.06824278552781,3967.6,Residential,land_use,15.3,45.1,1328.9
ghsl_8099_cell_02585,52,46,40.60131405488618,-74.05640228632144,668.7,Green,land_use,100.0,29.9,442.9
ghsl_8099_cell_02586,55,46,40.601314054886174,-74.02088078870227,375.8,Residential,heuristic,14.2,0.0,443.0
ghsl_8099_cell_02587,56,46,40.60131405488618,-74.0090402894959,12492.3,Residential,land_use,9.1,6.1,552.2
ghsl_8099_cell_02588,57,46,40.60131405488618,-73.99719979028951,22267.2,Civic,land_use,0.9,8.5,1329.2
ghsl_8099_cell_02589,58,46,40.601314054886174,-73.98535929108314,21011.7,Civic,land_use,0.0,7.7,2215.5
ghsl_8099_cell_02590,59,46,40.60131405488618,-73.97351879187676,14582.3,Civic,land_use,2.5,7.8,3101.9
ghsl_8099_cell_02591,60,46,40.60131405488619,-73.96167829267037,17702.4,Civic,land_use,1.3,7.2,3487.4
ghsl_8099_cell_02592,61,46,40.60131405488618,-73.94983779346398,16497.0,Civic,land_use,3.6,5.4,3083.3
ghsl_8099_cell_02593,62,46,40.60131405488618,-73.9379972942576,12836.6,Civic,land_use,3.2,5.6,2297.2
ghsl_8099_cell_02594,63,46,40.601314054886174,-73.92615679505121,472.1,Green,land_use,100.0,2.9,1336.7
ghsl_8099_cell_02595,64,46,40.60131405488618,-73.91431629584484,638.1,Green,land_use,90.3,2.6,443.2
ghsl_8099_cell_02596,72,46,40.60131405488619,-73.81959230219378,1283.7,Residential,heuristic,13.7,1.4,443.3
ghsl_8099_cell_02597,73,46,40.601314054886174,-73.8077518029874,605.4,Residential,heuristic,9.3,0.0,552.5
ghsl_8099_cell_02598,74,46,40.60131405488618,-73.79591130378103,1754.2,Civic,land_use,19.6,0.0,498.5
ghsl_8099_cell_02599,75,46,40.601314054886174,-73.78407080457463,1799.2,Green,land_use,60.4,3.9,498.5
ghsl_8099_cell_02600,76,46,40.60131405488618,-73.77223030536824,3392.9,Residential,heuristic,17.0,0.0,498.4
ghsl_8099_cell_02601,77,46,40.60131405488619,-73.76038980616187,13363.0,Civic,land_use,1.5,9.3,911.7
ghsl_8099_cell_02602,78,46,40.60131405488618,-73.74854930695548,12364.0,Civic,land_use,5.1,10.3,911.7
ghsl_8099_cell_02603,79,46,40.601314054886174,-73.7367088077491,1844.0,Residential,land_use,26.4,0.4,443.4
ghsl_8099_cell_02604,16,47,40.59233794393332,-74.4764008372826,2092.7,Civic,land_use,1.3,20.6,442.5
ghsl_8099_cell_02605,17,47,40.59233794393333,-74.46456133313549,3024.2,Commercial,land_use,1.3,18.5,913.8
ghsl_8099_cell_02606,18,47,40.59233794393333,-74.45272182898842,2071.8,Residential,land_use,10.1,23.0,1837.0
ghsl_8099_cell_02607,19,47,40.59233794393333,-74.44088232484131,2809.8,Residential,heuristic,0.0,25.0,2624.4
ghsl_8099_cell_02608,20,47,40.59233794393332,-74.42904282069422,2252.8,Residential,heuristic,0.0,22.2,3088.9
ghsl_8099_cell_02609,21,47,40.59233794393333,-74.41720331654713,1958.1,Residential,heuristic,8.6,24.2,3768.7
ghsl_8099_cell_02610,22,47,40.59233794393333,-74.40536381240003,1477.2,Residential,heuristic,5.6,23.1,4568.8
ghsl_8099_cell_02611,23,47,40.59233794393334,-74.39352430825295,1451.4,Utility,land_use,0.4,40.2,5333.0
ghsl_8099_cell_02612,24,47,40.59233794393333,-74.38168480410586,494.8,Green,land_use,100.0,47.3,5935.0
ghsl_8099_cell_02613,25,47,40.59233794393333,-74.36984529995875,1492.1,Industrial,land_use,7.8,39.4,6458.4
ghsl_8099_cell_02614,26,47,40.59233794393333,-74.35800579581166,3023.3,Residential,land_use,7.2,37.3,7039.5
ghsl_8099_cell_02615,27,47,40.59233794393333,-74.34616629166457,2444.1,Residential,heuristic,0.3,45.9,7491.3
ghsl_8099_cell_02616,28,47,40.59233794393333,-74.33432678751748,2429.1,Residential,heuristic,0.9,32.3,7619.1
ghsl_8099_cell_02617,29,47,40.59233794393333,-74.32248728337039,1317.7,Residential,heuristic,4.9,36.9,7873.2
ghsl_8099_cell_02618,30,47,40.59233794393333,-74.31064777922329,1745.7,Residential,heuristic,4.4,25.4,8242.1
ghsl_8099_cell_02619,31,47,40.59233794393333,-74.29880827507621,1796.0,Residential,land_use,3.7,22.4,8532.3
ghsl_8099_cell_02620,32,47,40.59233794393333,-74.28696877092912,3043.8,Residential,land_use,4.7,9.2,8709.9
ghsl_8099_cell_02621,33,47,40.59233794393334,-74.27512926678205,2876.5,Industrial,land_use,4.6,6.5,8996.4
ghsl_8099_cell_02622,34,47,40.59233794393333,-74.26328976263494,58.2,Industrial,land_use,0.0,3.8,9381.9
ghsl_8099_cell_02623,35,47,40.59233794393333,-74.25145025848786,1060.6,Residential,land_use,0.3,5.6,9792.4
ghsl_8099_cell_02624,36,47,40.59233794393334,-74.23961075434075,2756.7,Residential,land_use,5.0,14.4,9585.1
ghsl_8099_cell_02625,37,47,40.59233794393332,-74.22777125019365,705.1,Industrial,land_use,3.4,1.0,9217.8
ghsl_8099_cell_02626,38,47,40.59233794393333,-74.21593174604656,31.2,Industrial,land_use,0.3,1.2,8432.8
ghsl_8099_cell_02627,39,47,40.59233794393333,-74.20409224189946,8.1,Industrial,land_use,1.0,0.0,7698.5
ghsl_8099_cell_02628,40,47,40.59233794393333,-74.19225273775238,1824.7,Civic,land_use,21.2,11.8,7030.8
ghsl_8099_cell_02629,41,47,40.59233794393333,-74.1804132336053,1038.3,Industrial,land_use,6.5,0.0,6450.5
ghsl_8099_cell_02630,42,47,40.59233794393333,-74.16857372945819,2159.6,Commercial,land_use,0.6,0.7,5982.9
ghsl_8099_cell_02631,43,47,40.59233794393333,-74.15673422531111,6853.2,Residential,land_use,4.0,17.0,5656.1
ghsl_8099_cell_02632,44,47,40.59233794393333,-74.14489472116402,1496.9,Green,land_use,82.4,55.3,5431.0
ghsl_8099_cell_02633,45,47,40.59233794393333,-74.13305521701692,424.2,Residential,heuristic,8.0,98.2,4563.5
ghsl_8099_cell_02634,46,47,40.59233794393333,-74.12121571286983,76.5,Green,land_use,100.0,106.2,3763.7
ghsl_8099_cell_02635,47,47,40.59233794393333,-74.10937620872272,1208.8,Civic,land_use,13.4,79.5,3084.7
ghsl_8099_cell_02636,48,47,40.59233794393334,-74.09753670457565,5148.3,Residential,land_use,1.1,13.5,2621.9
ghsl_8099_cell_02637,49,47,40.59233794393333,-74.08569720042856,4755.4,Residential,land_use,3.0,4.4,1835.8
ghsl_8099_cell_02638,50,47,40.59233794393334,-74.07385769628146,6814.6,Residential,land_use,29.4,5.0,912.7
ghsl_8099_cell_02639,51,47,40.59233794393333,-74.06201819213436,4362.1,Residential,land_use,19.0,0.0,498.3
ghsl_8099_cell_02640,52,47,40.59233794393334,-74.05017868798728,0.5,Residential,heuristic,0.2,0.0,443.0
ghsl_8099_cell_02641,56,47,40.59233794393333,-74.00282067139891,0.7,Residential,heuristic,12.4,0.0,443.1
ghsl_8099_cell_02642,57,47,40.59233794393333,-73.99098116725182,13930.4,Civic,land_use,13.4,4.8,1336.6
ghsl_8099_cell_02643,58,47,40.59233794393333,-73.97914166310471,14795.9,Residential,land_use,3.7,11.1,2297.2
ghsl_8099_cell_02644,59,47,40.59233794393333,-73.96730215895762,15093.4,Civic,land_use,2.3,4.2,2490.6
ghsl_8099_cell_02645,60,47,40.59233794393333,-73.95546265481052,17123.5,Civic,land_use,0.6,3.5,2490.7
ghsl_8099_cell_02646,61,47,40.59233794393333,-73.94362315066346,17585.5,Residential,land_use,4.4,5.5,1974.6
ghsl_8099_cell_02647,62,47,40.59233794393333,-73.93178364651635,8574.6,Residential,land_use,6.5,2.2,1522.5
ghsl_8099_cell_02648,63,47,40.59233794393333,-73.91994414236926,1044.4,Green,land_use,100.0,9.0,912.2
ghsl_8099_cell_02649,64,47,40.59233794393332,-73.90810463822216,0.0,Green,land_use,95.0,4.0,443.2
ghsl_8099_cell_02650,71,47,40.59233794393334,-73.82522810919252,13.3,Residential,heuristic,1.5,0.0,443.3
ghsl_8099_cell_02651,72,47,40.59233794393333,-73.81338860504546,3764.4,Residential,land_use,6.8,0.0,911.9
ghsl_8099_cell_02652,73,47,40.59233794393333,-73.80154910089834,4828.8,Industrial,land_use,9.9,4.0,911.8
ghsl_8099_cell_02653,74,47,40.59233794393333,-73.78970959675125,9292.5,Residential,land_use,18.6,5.8,498.3
ghsl_8099_cell_02654,75,47,40.59233794393333,-73.77787009260415,4172.6,Residential,land_use,1.8,2.6,498.1
ghsl_8099_cell_02655,76,47,40.59233794393333,-73.76603058845707,3195.3,Civic,land_use,4.2,2.0,498.0
ghsl_8099_cell_02656,77,47,40.59233794393334,-73.75419108430997,8014.8,Residential,land_use,6.2,1.5,498.0
ghsl_8099_cell_02657,78,47,40.59233794393333,-73.74235158016289,3374.7,Commercial,land_use,11.9,4.6,443.5
ghsl_8099_cell_02658,13,48,40.58336228365987,-74.50565981179871,1648.9,Commercial,land_use,0.3,16.3,442.5
ghsl_8099_cell_02659,14,48,40.583362283659866,-74.49382130225523,1520.0,Residential,land_use,19.5,17.4,498.5
ghsl_8099_cell_02660,15,48,40.58336228365987,-74.48198279271179,1780.3,Industrial,land_use,0.7,19.5,498.4
ghsl_8099_cell_02661,16,48,40.58336228365987,-74.47014428316832,2184.4,Industrial,land_use,1.7,25.7,913.8
ghsl_8099_cell_02662,17,48,40.583362283659866,-74.45830577362484,2758.5,Industrial,land_use,0.0,33.7,1837.1
ghsl_8099_cell_02663,18,48,40.583362283659866,-74.44646726408139,1508.6,Utility,land_use,8.2,21.9,2498.1
ghsl_8099_cell_02664,19,48,40.58336228365987,-74.43462875453793,1178.7,Residential,heuristic,11.1,25.2,2758.1
ghsl_8099_cell_02665,20,48,40.58336228365987,-74.42279024499445,1333.1,Residential,heuristic,3.5,27.6,3314.1
ghsl_8099_cell_02666,21,48,40.58336228365987,-74.41095173545098,2180.2,Residential,heuristic,28.7,22.4,3861.6
ghsl_8099_cell_02667,22,48,40.58336228365988,-74.39911322590753,2098.0,Residential,heuristic,15.0,24.2,4386.2
ghsl_8099_cell_02668,23,48,40.583362283659866,-74.38727471636405,591.2,Residential,heuristic,3.5,40.5,5057.2
ghsl_8099_cell_02669,24,48,40.58336228365987,-74.3754362068206,796.9,Civic,land_use,15.2,35.3,5824.3
ghsl_8099_cell_02670,25,48,40.58336228365987,-74.36359769727714,1427.5,Residential,heuristic,13.8,46.5,6654.3
ghsl_8099_cell_02671,26,48,40.58336228365987,-74.35175918773365,1449.2,Residential,land_use,0.6,49.0,7526.3
ghsl_8099_cell_02672,27,48,40.58336228365988,-74.3399206781902,2056.0,Residential,heuristic,0.0,46.7,7487.4
ghsl_8099_cell_02673,28,48,40.58336228365987,-74.32808216864673,2306.8,Residential,heuristic,0.1,38.2,7473.7
ghsl_8099_cell_02674,29,48,40.58336228365987,-74.31624365910328,875.8,Residential,heuristic,0.0,30.2,7473.7
ghsl_8099_cell_02675,30,48,40.58336228365987,-74.3044051495598,1117.8,Green,land_use,42.3,14.1,7494.0
ghsl_8099_cell_02676,31,48,40.58336228365988,-74.29256664001633,2475.2,Residential,heuristic,5.4,24.6,7633.6
ghsl_8099_cell_02677,32,48,40.58336228365987,-74.28072813047288,2069.9,Residential,land_use,0.2,21.6,7899.0
ghsl_8099_cell_02678,33,48,40.583362283659866,-74.26888962092941,2237.0,Industrial,land_use,0.0,16.2,8278.2
ghsl_8099_cell_02679,34,48,40.58336228365987,-74.25705111138595,691.0,Green,land_use,51.2,14.5,8756.4
ghsl_8099_cell_02680,35,48,40.58336228365987,-74.24521260184248,757.6,Industrial,land_use,0.0,6.8,8697.5
ghsl_8099_cell_02681,36,48,40.58336228365987,-74.23337409229902,3222.2,Civic,land_use,13.9,5.3,8525.8
ghsl_8099_cell_02682,37,48,40.58336228365987,-74.22153558275555,5914.0,Industrial,land_use,5.1,10.6,8140.4
ghsl_8099_cell_02683,38,48,40.58336228365987,-74.20969707321208,436.5,Industrial,land_use,1.6,0.0,7395.6
ghsl_8099_cell_02684,39,48,40.58336228365987,-74.1978585636686,73.2,Industrial,land_use,8.4,0.3,6626.3
ghsl_8099_cell_02685,40,48,40.58336228365987,-74.18602005412515,21.7,Green,land_use,59.7,40.8,5927.2
ghsl_8099_cell_02686,41,48,40.58336228365987,-74.17418154458167,0.5,Green,land_use,72.0,34.4,5326.0
ghsl_8099_cell_02687,42,48,40.583362283659866,-74.1623430350382,6556.0,Commercial,land_use,11.6,15.7,4859.0
ghsl_8099_cell_02688,43,48,40.58336228365987,-74.15050452549477,4855.5,Residential,land_use,8.2,69.4,4567.8
ghsl_8099_cell_02689,44,48,40.58336228365987,-74.13866601595127,401.5,Utility,land_use,1.4,60.7,4484.5
ghsl_8099_cell_02690,45,48,40.58336228365987,-74.1268275064078,331.5,Residential,heuristic,39.8,78.8,3619.4
ghsl_8099_cell_02691,46,48,40.583362283659866,-74.11498899686437,1555.6,Green,land_use,52.7,30.8,2738.0
ghsl_8099_cell_02692,47,48,40.58336228365987,-74.1031504873209,4768.2,Residential,land_use,16.9,8.4,1975.5
ghsl_8099_cell_02693,48,48,40.58336228365987,-74.09131197777742,5146.2,Civic,land_use,3.2,5.6,1522.7
ghsl_8099_cell_02694,49,48,40.58336228365987,-74.07947346823397,826.4,Green,land_use,100.0,6.7,912.6
ghsl_8099_cell_02695,50,48,40.58336228365987,-74.0676349586905,302.2,Residential,land_use,4.5,0.0,443.1
ghsl_8099_cell_02696,54,48,40.58336228365987,-74.02028092051664,0.4,Residential,heuristic,0.0,0.0,443.1
ghsl_8099_cell_02697,55,48,40.58336228365988,-74.00844241097317,2443.8,Residential,heuristic,2.2,0.0,498.4
ghsl_8099_cell_02698,56,48,40.58336228365987,-73.99660390142971,728.1,Green,land_use,51.8,4.4,912.4
ghsl_8099_cell_02699,57,48,40.583362283659866,-73.98476539188623,5550.5,Utility,land_use,19.2,4.2,1494.0
ghsl_8099_cell_02700,58,48,40.58336228365987,-73.97292688234276,12815.1,Utility,land_use,27.8,8.8,1493.9
ghsl_8099_cell_02701,59,48,40.58336228365987,-73.96108837279931,18321.5,Civic,land_use,6.6,3.2,1493.9
ghsl_8099_cell_02702,60,48,40.58336228365987,-73.94924986325584,7639.5,Civic,land_use,6.1,0.0,1494.1
ghsl_8099_cell_02703,61,48,40.58336228365988,-73.93741135371239,7664.2,Residential,land_use,2.9,5.2,912.2
ghsl_8099_cell_02704,62,48,40.58336228365987,-73.92557284416893,1905.6,Industrial,land_use,37.2,0.0,498.3
ghsl_8099_cell_02705,63,48,40.58336228365987,-73.91373433462545,576.4,Residential,heuristic,21.7,2.4,443.3
ghsl_8099_cell_02706,68,48,40.58336228365987,-73.85454178690814,1431.6,Residential,heuristic,0.3,0.0,443.3
ghsl_8099_cell_02707,69,48,40.583362283659866,-73.84270327736466,2820.5,Residential,land_use,0.6,0.0,498.5
ghsl_8099_cell_02708,70,48,40.583362283659866,-73.83086476782118,2644.3,Civic,land_use,3.6,2.5,498.3
ghsl_8099_cell_02709,71,48,40.583362283659866,-73.81902625827773,5408.0,Residential,land_use,2.2,4.7,498.1
ghsl_8099_cell_02710,72,48,40.58336228365987,-73.80718774873426,4300.2,Residential,heuristic,13.8,0.0,498.1
ghsl_8099_cell_02711,73,48,40.58336228365987,-73.79534923919078,759.8,Residential,heuristic,0.4,0.0,443.4
ghsl_8099_cell_02712,1,49,40.5743870738828,-74.6414533247003,1392.9,Industrial,land_use,6.7,36.7,442.3
ghsl_8099_cell_02713,2,49,40.5743870738828,-74.62961580930505,1552.2,Commercial,land_use,6.9,25.0,498.6
ghsl_8099_cell_02714,3,49,40.57438707388279,-74.6177782939098,2739.9,Residential,land_use,8.8,28.4,498.5
ghsl_8099_cell_02715,4,49,40.5743870738828,-74.60594077851457,2548.8,Residential,land_use,13.0,22.9,442.4
ghsl_8099_cell_02716,9,49,40.5743870738828,-74.54675320153835,1543.3,Civic,land_use,7.6,30.8,442.5
ghsl_8099_cell_02717,12,49,40.57438707388279,-74.51124065535264,2026.1,Commercial,land_use,7.7,22.0,442.5
ghsl_8099_cell_02718,13,49,40.5743870738828,-74.49940313995738,2669.7,Residential,land_use,3.3,17.9,913.8
ghsl_8099_cell_02719,14,49,40.5743870738828,-74.48756562456214,1097.5,Industrial,land_use,0.0,16.1,1494.9
ghsl_8099_cell_02720,15,49,40.5743870738828,-74.4757281091669,1866.0,Residential,heuristic,0.0,21.0,1523.3
ghsl_8099_cell_02721,16,49,40.57438707388279,-74.46389059377165,2002.6,Industrial,land_use,5.8,27.0,1494.9
ghsl_8099_cell_02722,17,49,40.57438707388279,-74.45205307837641,1646.0,Utility,land_use,25.7,25.7,1494.9
ghsl_8099_cell_02723,18,49,40.5743870738828,-74.44021556298117,1924.0,Industrial,land_use,11.3,30.6,1654.8
ghsl_8099_cell_02724,19,49,40.5743870738828,-74.42837804758592,833.3,Industrial,land_use,0.1,20.2,2273.0
ghsl_8099_cell_02725,20,49,40.5743870738828,-74.4165405321907,1913.0,Industrial,land_use,3.3,27.9,2758.3
ghsl_8099_cell_02726,21,49,40.57438707388279,-74.40470301679544,282.7,Residential,heuristic,1.1,27.7,3314.5
ghsl_8099_cell_02727,22,49,40.5743870738828,-74.39286550140021,444.2,Industrial,land_use,3.4,24.5,4046.5
ghsl_8099_cell_02728,23,49,40.5743870738828,-74.38102798600495,882.6,Residential,land_use,6.0,42.7,4875.7
ghsl_8099_cell_02729,24,49,40.5743870738828,-74.36919047060972,1247.8,Residential,land_use,17.2,40.1,5755.6
ghsl_8099_cell_02730,25,49,40.5743870738828,-74.35735295521448,1738.3,Residential,land_use,1.0,50.1,6641.3
ghsl_8099_cell_02731,26,49,40.57438707388278,-74.34551543981922,3213.1,Residential,land_use,0.0,52.6,6543.0
ghsl_8099_cell_02732,27,49,40.574387073882804,-74.33367792442398,2604.4,Residential,land_use,0.9,38.7,6477.1
ghsl_8099_cell_02733,28,49,40.5743870738828,-74.32184040902875,3269.0,Residential,land_use,4.1,19.3,6477.0
ghsl_8099_cell_02734,29,49,40.5743870738828,-74.31000289363351,2173.6,Residential,land_use,31.9,16.2,6477.5
ghsl_8099_cell_02735,30,49,40.5743870738828,-74.29816537823827,2622.6,Commercial,land_use,22.9,27.3,6566.5
ghsl_8099_cell_02736,31,49,40.57438707388279,-74.28632786284304,3187.6,Residential,heuristic,16.6,23.6,6803.7
ghsl_8099_cell_02737,32,49,40.57438707388279,-74.27449034744777,3311.2,Residential,land_use,9.2,17.3,7174.5
ghsl_8099_cell_02738,33,49,40.5743870738828,-74.26265283205254,805.8,Industrial,land_use,0.0,4.9,7659.4
ghsl_8099_cell_02739,34,49,40.57438707388279,-74.25081531665728,318.6,Industrial,land_use,12.3,7.4,7865.0
ghsl_8099_cell_02740,35,49,40.57438707388278,-74.23897780126204,3174.2,Residential,heuristic,1.3,10.3,7612.4
ghsl_8099_cell_02741,36,49,40.5743870738828,-74.22714028586682,5465.0,Civic,land_use,0.2,4.9,7486.6
ghsl_8099_cell_02742,37,49,40.57438707388279,-74.21530277047155,1562.3,Residential,heuristic,8.0,4.1,7030.2
ghsl_8099_cell_02743,38,49,40.5743870738828,-74.20346525507634,0.0,Unbuilt,heuristic,37.4,2.3,6389.4
ghsl_8099_cell_02744,39,49,40.5743870738828,-74.19162773968108,0.1,Residential,heuristic,28.4,14.9,5576.3
ghsl_8099_cell_02745,40,49,40.57438707388279,-74.17979022428582,1.1,Green,land_use,100.0,11.1,4834.9
ghsl_8099_cell_02746,41,49,40.57438707388279,-74.16795270889058,350.5,Commercial,land_use,3.7,5.9,4203.3
ghsl_8099_cell_02747,42,49,40.5743870738828,-74.15611519349535,1701.5,Green,land_use,71.0,55.2,3737.6
ghsl_8099_cell_02748,43,49,40.5743870738828,-74.14427767810012,905.6,Green,land_use,100.0,23.6,3504.5
ghsl_8099_cell_02749,44,49,40.5743870738828,-74.13244016270487,3185.5,Civic,land_use,22.3,27.9,3487.8
ghsl_8099_cell_02750,45,49,40.57438707388279,-74.1206026473096,4767.1,Utility,land_use,0.3,25.5,2737.9
ghsl_8099_cell_02751,46,49,40.57438707388279,-74.10876513191437,3755.0,Civic,land_use,9.1,9.5,1835.9
ghsl_8099_cell_02752,47,49,40.5743870738828,-74.09692761651915,6393.4,Civic,land_use,9.5,3.1,912.6
ghsl_8099_cell_02753,48,49,40.5743870738828,-74.0850901011239,1555.8,Green,land_use,53.6,5.1,498.3
ghsl_8099_cell_02754,49,49,40.57438707388279,-74.07325258572865,53.3,Residential,heuristic,2.3,0.0,443.1
ghsl_8099_cell_02755,54,49,40.57438707388279,-74.01406500875243,784.0,Utility,land_use,0.1,0.0,443.2
ghsl_8099_cell_02756,55,49,40.57438707388278,-74.0022274933572,13181.0,Residential,land_use,1.6,8.6,497.8
ghsl_8099_cell_02757,56,49,40.5743870738828,-73.99038997796195,12065.3,Residential,land_use,5.7,7.8,497.5
ghsl_8099_cell_02758,57,49,40.5743870738828,-73.97855246256671,8108.5,Residential,land_use,3.9,2.8,497.3
ghsl_8099_cell_02759,58,49,40.57438707388279,-73.96671494717148,11341.9,Civic,land_use,5.9,0.0,497.2
ghsl_8099_cell_02760,59,49,40.5743870738828,-73.95487743177624,12872.2,Residential,land_use,0.6,0.0,497.3
ghsl_8099_cell_02761,60,49,40.5743870738828,-73.943039916381,1258.8,Residential,heuristic,14.2,0.0,497.6
ghsl_8099_cell_02762,61,49,40.57438707388279,-73.93120240098575,119.0,Civic,land_use,2.7,0.0,443.3
ghsl_8099_cell_02763,67,49,40.5743870738828,-73.8601773086143,2855.9,Residential,land_use,5.4,4.3,443.4
ghsl_8099_cell_02764,68,49,40.5743870738828,-73.84833979321905,3702.0,Residential,land_use,0.8,3.9,498.2
ghsl_8099_cell_02765,69,49,40.5743870738828,-73.83650227782381,3395.0,Residential,heuristic,0.3,0.0,443.4
ghsl_8099_cell_02766,0,50,40.565412314419135,-74.64702411469189,1615.2,Industrial,land_use,12.6,25.1,442.4
ghsl_8099_cell_02767,1,50,40.56541231441914,-74.63518759298972,2093.6,Green,land_use,87.1,17.1,497.7
ghsl_8099_cell_02768,2,50,40.565412314419135,-74.62335107128759,745.3,Commercial,land_use,19.2,12.5,497.4
ghsl_8099_cell_02769,3,50,40.565412314419135,-74.61151454958544,2219.7,Residential,land_use,4.3,21.3,497.3
ghsl_8099_cell_02770,4,50,40.56541231441914,-74.59967802788326,2173.7,Industrial,land_use,11.3,23.7,497.2
ghsl_8099_cell_02771,5,50,40.56541231441914,-74.58784150618108,2243.3,Industrial,land_use,0.6,24.6,497.3
ghsl_8099_cell_02772,6,50,40.565412314419135,-74.57600498447893,1866.4,Civic,land_use,9.7,26.7,497.6
ghsl_8099_cell_02773,7,50,40.565412314419135,-74.56416846277675,475.8,Industrial,land_use,4.3,17.3,497.9
ghsl_8099_cell_02774,8,50,40.565412314419135,-74.55233194107458,1692.9,Commercial,land_use,8.4,17.2,498.3
ghsl_8099_cell_02775,9,50,40.565412314419135,-74.54049541937242,4690.7,Civic,land_use,0.0,19.0,551.5
ghsl_8099_cell_02776,10,50,40.565412314419135,-74.52865889767027,2174.4,Industrial,land_use,17.0,17.9,498.4
ghsl_8099_cell_02777,11,50,40.565412314419135,-74.51682237596812,1239.6,Utility,land_use,10.8,18.5,498.3
ghsl_8099_cell_02778,12,50,40.565412314419135,-74.50498585426594,1525.1,Residential,heuristic,2.1,14.2,498.3
ghsl_8099_cell_02779,13,50,40.56541231441914,-74.49314933256377,3411.3,Industrial,land_use,0.3,17.9,498.2
ghsl_8099_cell_02780,14,50,40.565412314419135,-74.48131281086162,1849.6,Residential,heuristic,3.8,26.1,551.6
ghsl_8099_cell_02781,15,50,40.565412314419135,-74.46947628915945,1952.1,Residential,land_use,0.2,29.0,498.3
ghsl_8099_cell_02782,16,50,40.565412314419135,-74.45763976745728,2188.0,Residential,land_use,2.2,41.6,498.2
ghsl_8099_cell_02783,17,50,40.565412314419135,-74.44580324575512,3278.3,Industrial,land_use,0.0,28.3,551.6
ghsl_8099_cell_02784,18,50,40.565412314419135,-74.43396672405296,2081.2,Industrial,land_use,7.1,23.5,1328.0
ghsl_8099_cell_02785,19,50,40.565412314419135,-74.42213020235081,1104.8,Industrial,land_use,0.6,29.9,1655.0
ghsl_8099_cell_02786,20,50,40.56541231441913,-74.41029368064864,1375.8,Residential,heuristic,0.8,40.1,2273.3
ghsl_8099_cell_02787,21,50,40.565412314419135,-74.39845715894647,147.7,Residential,heuristic,12.6,44.3,3099.5
ghsl_8099_cell_02788,22,50,40.565412314419135,-74.3866206372443,1556.7,Residential,land_use,0.2,32.6,3984.7
ghsl_8099_cell_02789,23,50,40.56541231441914,-74.37478411554213,1141.2,Residential,land_use,0.0,40.3,4870.4
ghsl_8099_cell_02790,24,50,40.565412314419135,-74.36294759384,1389.1,Residential,land_use,6.8,49.0,5756.2
ghsl_8099_cell_02791,25,50,40.565412314419135,-74.35111107213783,1689.9,Residential,land_use,0.1,33.4,5656.6
ghsl_8099_cell_02792,26,50,40.565412314419135,-74.33927455043566,3348.0,Residential,land_use,12.4,47.4,5494.9
ghsl_8099_cell_02793,27,50,40.56541231441914,-74.3274380287335,710.7,Residential,land_use,0.6,12.6,5480.4
ghsl_8099_cell_02794,28,50,40.56541231441914,-74.31560150703133,1658.5,Residential,land_use,35.7,15.8,5480.4
ghsl_8099_cell_02795,29,50,40.565412314419135,-74.30376498532917,4400.1,Commercial,land_use,3.9,22.9,5513.8
ghsl_8099_cell_02796,30,50,40.56541231441914,-74.29192846362699,2159.1,Commercial,land_use,13.3,18.9,5711.6
ghsl_8099_cell_02797,31,50,40.565412314419135,-74.28009194192484,2245.1,Residential,land_use,7.7,11.1,6070.8
ghsl_8099_cell_02798,32,50,40.565412314419135,-74.26825542022269,1695.2,Residential,land_use,25.8,0.7,6564.8
ghsl_8099_cell_02799,33,50,40.565412314419135,-74.25641889852052,1120.6,Industrial,land_use,13.5,4.9,7107.0
ghsl_8099_cell_02800,34,50,40.565412314419135,-74.24458237681836,230.7,Residential,heuristic,3.2,3.2,6756.2
ghsl_8099_cell_02801,35,50,40.565412314419135,-74.23274585511619,129.3,Industrial,land_use,0.0,2.0,6541.8
ghsl_8099_cell_02802,36,50,40.56541231441914,-74.22090933341403,1164.8,Industrial,land_use,2.5,5.0,6449.5
ghsl_8099_cell_02803,37,50,40.565412314419135,-74.20907281171185,0.0,Green,land_use,51.5,15.9,5926.7
ghsl_8099_cell_02804,38,50,40.565412314419135,-74.1972362900097,8.4,Green,land_use,93.9,20.7,5325.4
ghsl_8099_cell_02805,39,50,40.56541231441914,-74.18539976830752,3696.5,Residential,land_use,15.3,11.7,4563.6
ghsl_8099_cell_02806,40,50,40.56541231441914,-74.17356324660538,713.7,Green,land_use,43.6,0.0,3763.6
ghsl_8099_cell_02807,41,50,40.565412314419135,-74.1617267249032,1117.1,Green,land_use,99.7,1.4,3084.4
ghsl_8099_cell_02808,42,50,40.565412314419135,-74.14989020320105,2399.7,Residential,land_use,35.9,16.0,2621.5
ghsl_8099_cell_02809,43,50,40.565412314419135,-74.13805368149887,3780.1,Green,land_use,61.0,26.1,2491.3
ghsl_8099_cell_02810,44,50,40.565412314419135,-74.12621715979672,4562.3,Civic,land_use,6.7,16.5,2491.1
ghsl_8099_cell_02811,45,50,40.565412314419135,-74.11438063809457,6069.5,Commercial,land_use,7.5,6.9,1835.9
ghsl_8099_cell_02812,46,50,40.56541231441913,-74.1025441163924,4158.6,Green,land_use,100.0,2.5,912.6
ghsl_8099_cell_02813,47,50,40.565412314419135,-74.09070759469023,401.5,Residential,heuristic,11.1,0.0,443.1
ghsl_8099_cell_02814,8,51,40.55643800508607,-74.54607603030306,528.7,Utility,land_use,6.1,9.5,442.6
ghsl_8099_cell_02815,9,51,40.55643800508606,-74.5342405018391,2233.4,Industrial,land_use,4.1,19.2,551.5
ghsl_8099_cell_02816,10,51,40.556438005086065,-74.5224049733751,1084.1,Industrial,land_use,0.6,17.3,913.8
ghsl_8099_cell_02817,11,51,40.556438005086065,-74.51056944491116,267.8,Industrial,land_use,0.0,17.3,442.6
ghsl_8099_cell_02818,14,51,40.55643800508607,-74.47506285951924,4.9,Industrial,land_use,2.9,17.5,442.6
ghsl_8099_cell_02819,17,51,40.55643800508607,-74.43955627412734,301.7,Commercial,land_use,1.4,33.1,442.7
ghsl_8099_cell_02820,18,51,40.55643800508606,-74.42772074566336,54.1,Industrial,land_use,0.0,30.0,551.7
ghsl_8099_cell_02821,19,51,40.55643800508607,-74.41588521719939,532.5,Residential,land_use,0.0,24.3,1328.2
ghsl_8099_cell_02822,20,51,40.556438005086065,-74.40404968873543,864.1,Green,land_use,100.0,37.6,2213.8
ghsl_8099_cell_02823,21,51,40.556438005086065,-74.39221416027146,1643.9,Residential,land_use,0.0,40.8,3099.5
ghsl_8099_cell_02824,22,51,40.55643800508606,-74.3803786318075,1658.7,Residential,land_use,20.1,29.0,3985.2
ghsl_8099_cell_02825,23,51,40.55643800508607,-74.36854310334353,1446.0,Residential,land_use,4.2,50.3,4871.0
ghsl_8099_cell_02826,24,51,40.556438005086065,-74.35670757487956,977.8,Green,land_use,50.0,37.9,4860.1
ghsl_8099_cell_02827,25,51,40.55643800508607,-74.34487204641559,2087.9,Residential,land_use,0.4,34.5,4567.9
ghsl_8099_cell_02828,26,51,40.55643800508606,-74.33303651795161,1771.9,Residential,land_use,0.7,30.4,4483.9
ghsl_8099_cell_02829,27,51,40.55643800508606,-74.32120098948764,1655.1,Residential,land_use,3.1,21.6,4483.8
ghsl_8099_cell_02830,28,51,40.55643800508607,-74.30936546102369,2336.6,Commercial,land_use,6.6,29.6,4485.8
ghsl_8099_cell_02831,29,51,40.556438005086065,-74.29752993255971,1110.8,Commercial,land_use,6.7,29.8,4625.1
ghsl_8099_cell_02832,30,51,40.556438005086065,-74.28569440409575,2644.2,Industrial,land_use,4.5,10.1,4967.0
ghsl_8099_cell_02833,31,51,40.55643800508607,-74.27385887563177,2274.7,Industrial,land_use,4.5,5.4,5473.7
ghsl_8099_cell_02834,32,51,40.55643800508607,-74.26202334716781,1476.7,Residential,heuristic,33.3,4.8,6071.2
ghsl_8099_cell_02835,33,51,40.55643800508607,-74.25018781870384,456.4,Industrial,land_use,4.0,3.5,5982.0
ghsl_8099_cell_02836,34,51,40.55643800508606,-74.23835229023989,34.0,Industrial,land_use,0.0,0.0,5655.0
ghsl_8099_cell_02837,35,51,40.556438005086065,-74.22651676177593,305.6,Industrial,land_use,1.4,0.0,5494.2
ghsl_8099_cell_02838,36,51,40.55643800508606,-74.21468123331195,835.2,Civic,land_use,7.2,2.5,5325.2
ghsl_8099_cell_02839,37,51,40.55643800508607,-74.20284570484797,2494.8,Civic,land_use,35.6,8.9,4834.5
ghsl_8099_cell_02840,38,51,40.556438005086065,-74.191010176384,2703.8,Green,land_use,78.1,31.6,4202.9
ghsl_8099_cell_02841,39,51,40.55643800508606,-74.17917464792004,6302.4,Residential,heuristic,4.2,19.9,3619.6
ghsl_8099_cell_02842,40,51,40.556438005086065,-74.16733911945607,5906.6,Residential,land_use,6.7,13.9,2738.0
ghsl_8099_cell_02843,41,51,40.55643800508607,-74.1555035909921,6872.0,Residential,land_use,2.4,12.9,1975.4
ghsl_8099_cell_02844,42,51,40.556438005086065,-74.14366806252812,5993.5,Residential,land_use,11.6,45.6,1522.4
ghsl_8099_cell_02845,43,51,40.55643800508607,-74.13183253406416,3435.0,Utility,land_use,1.7,9.2,1494.6
ghsl_8099_cell_02846,44,51,40.55643800508606,-74.11999700560018,3837.8,Residential,heuristic,6.4,2.7,1494.5
ghsl_8099_cell_02847,45,51,40.55643800508607,-74.10816147713624,1932.1,Green,land_use,69.7,0.5,912.6
ghsl_8099_cell_02848,46,51,40.55643800508607,-74.09632594867226,127.6,Residential,heuristic,0.6,0.0,443.2
ghsl_8099_cell_02849,9,52,40.54746414570081,-74.52798844730395,1649.0,Residential,heuristic,10.4,28.4,442.6
ghsl_8099_cell_02850,10,52,40.54746414570081,-74.51615391162356,2104.9,Residential,land_use,0.0,2.5,442.7
ghsl_8099_cell_02851,18,52,40.54746414570081,-74.42147762618039,1381.9,Industrial,land_use,1.2,35.8,442.8
ghsl_8099_cell_02852,19,52,40.5474641457008,-74.4096430905,1268.7,Industrial,land_use,0.1,39.9,1328.4
ghsl_8099_cell_02853,20,52,40.54746414570079,-74.39780855481959,3787.8,Residential,land_use,4.5,30.5,2214.0
ghsl_8099_cell_02854,21,52,40.54746414570081,-74.3859740191392,1194.2,Residential,land_use,1.0,43.4,3099.8
ghsl_8099_cell_02855,22,52,40.5474641457008,-74.37413948345879,1422.6,Residential,heuristic,4.4,25.7,4007.8
ghsl_8099_cell_02856,23,52,40.54746414570081,-74.36230494777841,2365.8,Civic,land_use,2.8,39.7,4204.9
ghsl_8099_cell_02857,24,52,40.5474641457008,-74.35047041209799,1946.5,Residential,land_use,4.1,53.0,3738.3
ghsl_8099_cell_02858,25,52,40.5474641457008,-74.33863587641758,1261.9,Green,land_use,77.1,40.3,3504.3
ghsl_8099_cell_02859,26,52,40.54746414570081,-74.3268013407372,3569.4,Residential,land_use,5.2,34.5,3487.3
ghsl_8099_cell_02860,27,52,40.5474641457008,-74.3149668050568,2993.9,Residential,heuristic,5.9,29.1,3487.3
ghsl_8099_cell_02861,28,52,40.5474641457008,-74.3031322693764,3354.1,Green,land_use,75.2,38.4,3549.2
ghsl_8099_cell_02862,29,52,40.5474641457008,-74.29129773369603,814.8,Commercial,land_use,8.7,25.6,3863.3
ghsl_8099_cell_02863,30,52,40.54746414570079,-74.27946319801562,3043.9,Residential,land_use,0.6,13.2,4389.0
ghsl_8099_cell_02864,31,52,40.54746414570081,-74.26762866233523,107.1,Industrial,land_use,41.1,0.0,4967.4
ghsl_8099_cell_02865,32,52,40.5474641457008,-74.25579412665482,823.7,Residential,heuristic,2.7,11.0,5325.4
ghsl_8099_cell_02866,33,52,40.54746414570081,-74.24395959097443,0.0,Industrial,land_use,0.0,1.2,4858.3
ghsl_8099_cell_02867,34,52,40.54746414570081,-74.23212505529405,369.7,Industrial,land_use,0.8,23.2,4566.9
ghsl_8099_cell_02868,35,52,40.54746414570079,-74.22029051961363,4018.5,Residential,land_use,6.9,30.5,4483.6
ghsl_8099_cell_02869,36,52,40.54746414570081,-74.20845598393323,4338.9,Green,land_use,81.6,26.9,4202.7
ghsl_8099_cell_02870,37,52,40.5474641457008,-74.19662144825281,5653.9,Civic,land_use,5.6,41.2,3736.9
ghsl_8099_cell_02871,38,52,40.5474641457008,-74.18478691257242,4092.6,Civic,land_use,16.9,39.4,3084.1
ghsl_8099_cell_02872,39,52,40.54746414570081,-74.17295237689204,6157.9,Residential,land_use,5.1,26.7,2621.2
ghsl_8099_cell_02873,40,52,40.54746414570081,-74.16111784121163,5322.1,Residential,land_use,5.9,16.2,1836.1
ghsl_8099_cell_02874,41,52,40.54746414570079,-74.14928330553124,4438.7,Residential,land_use,5.4,34.6,912.7
ghsl_8099_cell_02875,42,52,40.5474641457008,-74.13744876985086,2796.7,Residential,land_use,2.4,11.1,498.2
ghsl_8099_cell_02876,43,52,40.5474641457008,-74.12561423417046,0.0,Green,land_use,100.0,3.3,498.0
ghsl_8099_cell_02877,44,52,40.5474641457008,-74.11377969849005,330.8,Residential,heuristic,3.5,0.0,498.0
ghsl_8099_cell_02878,45,52,40.54746414570081,-74.10194516280966,0.0,Residential,heuristic,0.0,0.0,443.2
ghsl_8099_cell_02879,18,53,40.53849073608069,-74.41523736397343,2688.5,Residential,heuristic,1.0,31.5,442.8
ghsl_8099_cell_02880,19,53,40.53849073608069,-74.40340382062224,946.8,Industrial,land_use,6.4,44.4,1335.9
ghsl_8099_cell_02881,20,53,40.53849073608069,-74.39157027727106,122.6,Residential,heuristic,0.0,23.5,2296.8
ghsl_8099_cell_02882,21,53,40.53849073608069,-74.37973673391986,1691.6,Residential,land_use,0.3,31.2,3282.7
ghsl_8099_cell_02883,22,53,40.53849073608069,-74.36790319056867,1945.6,Residential,land_use,16.2,29.1,3504.1
ghsl_8099_cell_02884,23,53,40.538490736080696,-74.35606964721747,2367.4,Industrial,land_use,9.7,38.2,3085.6
ghsl_8099_cell_02885,24,53,40.53849073608069,-74.34423610386627,2758.7,Residential,land_use,7.2,39.6,2621.9
ghsl_8099_cell_02886,25,53,40.538490736080696,-74.33240256051508,2050.5,Residential,land_use,4.3,57.6,2490.9
ghsl_8099_cell_02887,26,53,40.53849073608069,-74.32056901716389,2389.2,Residential,heuristic,3.7,57.8,2490.9
ghsl_8099_cell_02888,27,53,40.538490736080696,-74.3087354738127,1477.9,Residential,heuristic,5.7,55.8,2497.8
ghsl_8099_cell_02889,28,53,40.538490736080696,-74.29690193046152,238.4,Green,land_use,50.7,41.7,2759.5
ghsl_8099_cell_02890,29,53,40.53849073608069,-74.28506838711031,2168.8,Green,land_use,42.5,27.6,3316.8
ghsl_8099_cell_02891,30,53,40.53849073608069,-74.27323484375911,455.8,Industrial,land_use,0.0,17.2,3863.5
ghsl_8099_cell_02892,31,53,40.53849073608069,-74.26140130040793,0.2,Industrial,land_use,0.0,0.0,4389.6
ghsl_8099_cell_02893,32,53,40.538490736080696,-74.24956775705675,1.2,Residential,heuristic,0.0,0.0,4202.9
ghsl_8099_cell_02894,33,53,40.53849073608069,-74.23773421370555,388.9,Civic,land_use,0.1,26.6,3737.0
ghsl_8099_cell_02895,34,53,40.53849073608069,-74.22590067035436,2055.4,Residential,heuristic,3.5,50.3,3503.8
ghsl_8099_cell_02896,35,53,40.538490736080696,-74.21406712700316,4871.9,Residential,land_use,18.7,30.3,3487.1
ghsl_8099_cell_02897,36,53,40.53849073608069,-74.20223358365199,4667.4,Commercial,land_use,1.2,31.7,3084.0
ghsl_8099_cell_02898,37,53,40.53849073608069,-74.19040004030077,3405.0,Civic,land_use,12.3,29.7,2621.1
ghsl_8099_cell_02899,38,53,40.53849073608069,-74.17856649694957,2864.8,Commercial,land_use,5.6,31.8,1975.2
ghsl_8099_cell_02900,39,53,40.53849073608069,-74.16673295359838,3960.8,Utility,land_use,3.1,30.9,1522.2
ghsl_8099_cell_02901,40,53,40.53849073608069,-74.15489941024721,4838.4,Civic,land_use,0.7,21.5,912.6
ghsl_8099_cell_02902,41,53,40.538490736080696,-74.14306586689601,2109.3,Residential,land_use,7.5,8.2,443.2
ghsl_8099_cell_02903,14,54,40.52951777604313,-74.45633016331769,2099.9,Residential,heuristic,2.2,24.2,442.8
ghsl_8099_cell_02904,17,54,40.52951777604313,-74.4208325088894,2350.5,Civic,land_use,17.0,28.5,442.8
ghsl_8099_cell_02905,18,54,40.52951777604313,-74.40899995741331,4967.5,Residential,land_use,14.8,30.3,913.3
ghsl_8099_cell_02906,19,54,40.52951777604312,-74.39716740593722,165.8,Industrial,land_use,1.9,28.0,1836.9
ghsl_8099_cell_02907,20,54,40.52951777604313,-74.38533485446112,238.1,Industrial,land_use,0.1,37.2,2815.0
ghsl_8099_cell_02908,21,54,40.52951777604312,-74.37350230298503,979.3,Industrial,land_use,3.7,37.1,2621.9
ghsl_8099_cell_02909,22,54,40.52951777604313,-74.36166975150896,1945.3,Industrial,land_use,5.1,56.2,2490.8
ghsl_8099_cell_02910,23,54,40.52951777604313,-74.34983720003285,1467.7,Industrial,land_use,18.5,32.5,1976.3
ghsl_8099_cell_02911,24,54,40.52951777604313,-74.33800464855675,782.0,Industrial,land_use,5.2,29.9,1522.5
ghsl_8099_cell_02912,25,54,40.52951777604313,-74.32617209708066,1780.5,Industrial,land_use,5.4,30.4,1494.5
ghsl_8099_cell_02913,26,54,40.52951777604312,-74.31433954560458,3714.6,Industrial,land_use,0.3,37.8,1494.5
ghsl_8099_cell_02914,27,54,40.52951777604313,-74.30250699412849,2333.1,Residential,heuristic,12.0,42.5,1655.7
ghsl_8099_cell_02915,28,54,40.529517776043136,-74.2906744426524,3043.0,Residential,heuristic,10.2,42.8,2275.0
ghsl_8099_cell_02916,29,54,40.52951777604313,-74.2788418911763,3028.0,Civic,land_use,19.9,32.4,2759.7
ghsl_8099_cell_02917,30,54,40.52951777604313,-74.2670093397002,3129.2,Industrial,land_use,7.5,10.8,3317.3
ghsl_8099_cell_02918,31,54,40.52951777604313,-74.2551767882241,2.7,Industrial,land_use,0.0,1.5,3487.0
ghsl_8099_cell_02919,32,54,40.52951777604313,-74.24334423674802,163.2,Residential,land_use,4.5,0.0,3084.2
ghsl_8099_cell_02920,33,54,40.52951777604312,-74.23151168527191,74.7,Commercial,land_use,37.6,31.5,2621.1
ghsl_8099_cell_02921,34,54,40.52951777604313,-74.21967913379581,2639.4,Civic,land_use,7.4,28.6,2490.7
ghsl_8099_cell_02922,35,54,40.52951777604312,-74.20784658231972,1966.5,Green,land_use,73.6,15.0,2490.6
ghsl_8099_cell_02923,36,54,40.52951777604312,-74.19601403084363,1891.0,Civic,land_use,13.4,19.9,1975.2
ghsl_8099_cell_02924,37,54,40.52951777604313,-74.18418147936754,1345.8,Green,land_use,100.0,28.4,1522.2
ghsl_8099_cell_02925,38,54,40.52951777604313,-74.17234892789146,1493.2,Residential,heuristic,0.1,31.4,912.6
ghsl_8099_cell_02926,39,54,40.52951777604312,-74.16051637641536,2430.2,Civic,land_use,2.4,7.7,498.2
ghsl_8099_cell_02927,40,54,40.529517776043136,-74.14868382493927,553.1,Residential,heuristic,2.6,0.0,443.2
ghsl_8099_cell_02928,13,55,40.52054526540564,-74.46192320514645,2220.4,Civic,land_use,41.3,49.4,442.8
ghsl_8099_cell_02929,14,55,40.52054526540564,-74.45009164509162,1860.9,Residential,heuristic,0.5,37.0,551.7
ghsl_8099_cell_02930,15,55,40.52054526540564,-74.43826008503677,1851.4,Commercial,land_use,10.8,45.1,498.2
ghsl_8099_cell_02931,16,55,40.52054526540564,-74.42642852498194,226.0,Residential,land_use,23.9,26.6,498.2
ghsl_8099_cell_02932,17,55,40.52054526540564,-74.4145969649271,536.4,Industrial,land_use,5.5,29.4,913.3
ghsl_8099_cell_02933,18,55,40.52054526540564,-74.40276540487226,3165.7,Residential,heuristic,4.7,34.5,1836.9
ghsl_8099_cell_02934,19,55,40.52054526540564,-74.3909338448174,2544.9,Residential,heuristic,18.1,36.0,2739.5
ghsl_8099_cell_02935,20,55,40.52054526540564,-74.37910228476257,2085.0,Commercial,land_use,3.7,36.8,1976.3
ghsl_8099_cell_02936,21,55,40.52054526540564,-74.36727072470772,1710.2,Commercial,land_use,4.0,30.2,1522.4
ghsl_8099_cell_02937,22,55,40.52054526540564,-74.35543916465288,1602.8,Industrial,land_use,4.5,24.5,1494.3
ghsl_8099_cell_02938,23,55,40.52054526540564,-74.34360760459806,183.8,Industrial,land_use,0.3,27.5,913.1
ghsl_8099_cell_02939,24,55,40.52054526540564,-74.33177604454319,12.1,Industrial,land_use,0.9,26.8,498.1
ghsl_8099_cell_02940,25,55,40.52054526540564,-74.31994448448836,19.7,Industrial,land_use,0.0,8.9,498.1
ghsl_8099_cell_02941,26,55,40.52054526540564,-74.3081129244335,781.4,Residential,land_use,0.0,22.6,551.9
ghsl_8099_cell_02942,27,55,40.52054526540564,-74.29628136437867,2290.3,Industrial,land_use,2.1,26.8,1329.2
ghsl_8099_cell_02943,28,55,40.52054526540564,-74.28444980432383,5166.6,Industrial,land_use,4.8,32.5,1655.8
ghsl_8099_cell_02944,29,55,40.52054526540564,-74.27261824426898,7746.4,Civic,land_use,5.2,23.4,2275.3
ghsl_8099_cell_02945,30,55,40.52054526540564,-74.26078668421417,6298.1,Residential,heuristic,0.1,11.0,2490.6
ghsl_8099_cell_02946,31,55,40.52054526540564,-74.24895512415931,472.1,Industrial,land_use,0.3,0.0,2497.6
ghsl_8099_cell_02947,32,55,40.52054526540564,-74.23712356410446,603.9,Commercial,land_use,3.9,9.6,1975.3
ghsl_8099_cell_02948,33,55,40.52054526540564,-74.22529200404962,624.1,Civic,land_use,26.2,11.9,1522.1
ghsl_8099_cell_02949,34,55,40.52054526540564,-74.21346044399479,2536.7,Commercial,land_use,35.0,11.9,1494.3
ghsl_8099_cell_02950,35,55,40.52054526540564,-74.20162888393993,2459.0,Civic,land_use,1.4,25.7,1494.2
ghsl_8099_cell_02951,36,55,40.52054526540564,-74.18979732388512,153.1,Green,land_use,100.0,39.1,912.6
ghsl_8099_cell_02952,37,55,40.52054526540564,-74.17796576383027,317.5,Civic,land_use,20.2,4.6,498.1
ghsl_8099_cell_02953,38,55,40.52054526540564,-74.16613420377541,170.2,Residential,land_use,0.0,0.0,443.2
ghsl_8099_cell_02954,10,56,40.5115732039858,-74.49117825742128,2969.4,Residential,land_use,1.2,27.3,442.8
ghsl_8099_cell_02955,11,56,40.51157320398579,-74.4793476883341,536.1,Residential,heuristic,3.9,11.6,498.3
ghsl_8099_cell_02956,12,56,40.511573203985805,-74.46751711924692,392.6,Utility,land_use,26.3,6.7,498.2
ghsl_8099_cell_02957,13,56,40.511573203985805,-74.45568655015974,193.7,Residential,heuristic,4.8,8.4,913.4
ghsl_8099_cell_02958,14,56,40.5115732039858,-74.44385598107256,797.5,Green,land_use,100.0,29.7,1494.5
ghsl_8099_cell_02959,15,56,40.5115732039858,-74.43202541198538,1250.2,Civic,land_use,1.6,24.3,1494.5
ghsl_8099_cell_02960,16,56,40.51157320398579,-74.42019484289821,1927.3,Residential,land_use,8.2,30.8,1522.6
ghsl_8099_cell_02961,17,56,40.5115732039858,-74.40836427381103,3115.6,Residential,land_use,5.6,34.1,1976.6
ghsl_8099_cell_02962,18,56,40.5115732039858,-74.39653370472385,2796.5,Commercial,land_use,3.9,38.9,2490.3
ghsl_8099_cell_02963,19,56,40.51157320398579,-74.38470313563667,1581.9,Commercial,land_use,12.9,34.3,1836.8
ghsl_8099_cell_02964,20,56,40.5115732039858,-74.37287256654949,1611.9,Commercial,land_use,0.0,26.9,913.1
ghsl_8099_cell_02965,21,56,40.5115732039858,-74.36104199746231,1290.8,Residential,land_use,0.4,30.2,498.1
ghsl_8099_cell_02966,22,56,40.5115732039858,-74.34921142837513,31.8,Industrial,land_use,0.0,14.1,498.0
ghsl_8099_cell_02967,23,56,40.5115732039858,-74.33738085928796,0.0,Industrial,land_use,0.0,4.0,443.1
ghsl_8099_cell_02968,26,56,40.5115732039858,-74.30188915202642,5.2,Industrial,land_use,0.0,0.0,443.1
ghsl_8099_cell_02969,27,56,40.511573203985805,-74.29005858293924,625.4,Industrial,land_use,0.0,3.4,551.9
ghsl_8099_cell_02970,28,56,40.5115732039858,-74.27822801385207,8083.4,Industrial,land_use,0.8,14.5,1329.4
ghsl_8099_cell_02971,29,56,40.51157320398579,-74.26639744476488,9190.3,Civic,land_use,1.7,13.1,1494.2
ghsl_8099_cell_02972,30,56,40.5115732039858,-74.25456687567768,1970.5,Industrial,land_use,7.2,0.0,1494.3
ghsl_8099_cell_02973,31,56,40.5115732039858,-74.24273630659054,4627.4,Utility,land_use,1.3,20.4,1522.0
ghsl_8099_cell_02974,32,56,40.511573203985805,-74.23090573750335,2014.6,Green,land_use,55.4,16.9,912.7
ghsl_8099_cell_02975,33,56,40.511573203985805,-74.21907516841617,60.3,Civic,land_use,32.7,11.5,498.1
ghsl_8099_cell_02976,34,56,40.51157320398579,-74.20724459932897,584.0,Residential,land_use,0.8,0.0,497.9
ghsl_8099_cell_02977,35,56,40.5115732039858,-74.19541403024182,1033.0,Green,land_use,40.7,4.7,497.9
ghsl_8099_cell_02978,36,56,40.5115732039858,-74.18358346115464,0.2,Residential,heuristic,3.8,0.0,443.3
ghsl_8099_cell_02979,9,57,40.502601591601284,-74.49677106249872,1627.6,Residential,heuristic,2.5,16.5,442.9
ghsl_8099_cell_02980,10,57,40.502601591601284,-74.48494148392588,2062.3,Residential,heuristic,5.4,30.3,913.4
ghsl_8099_cell_02981,11,57,40.50260159160128,-74.47311190535304,2711.9,Residential,heuristic,6.1,31.3,1494.5
ghsl_8099_cell_02982,12,57,40.502601591601284,-74.46128232678019,4054.2,Civic,land_use,34.4,18.0,1522.5
ghsl_8099_cell_02983,13,57,40.50260159160128,-74.44945274820736,4954.3,Civic,land_use,7.8,28.2,1976.8
ghsl_8099_cell_02984,14,57,40.502601591601284,-74.43762316963449,2025.0,Green,land_use,85.6,26.5,2490.8
ghsl_8099_cell_02985,15,57,40.502601591601284,-74.42579359106165,3548.8,Residential,land_use,1.3,26.1,1976.3
ghsl_8099_cell_02986,16,57,40.502601591601284,-74.4139640124888,3609.4,Residential,land_use,0.7,40.4,1522.3
ghsl_8099_cell_02987,17,57,40.502601591601284,-74.40213443391595,2729.1,Commercial,land_use,6.9,35.5,1494.1
ghsl_8099_cell_02988,18,57,40.502601591601284,-74.3903048553431,2392.7,Commercial,land_use,1.5,26.7,1494.0
ghsl_8099_cell_02989,19,57,40.502601591601284,-74.37847527677026,2362.2,Civic,land_use,0.1,9.8,913.1
ghsl_8099_cell_02990,20,57,40.502601591601284,-74.36664569819742,604.1,Civic,land_use,35.4,21.2,443.1
ghsl_8099_cell_02991,27,57,40.502601591601284,-74.28383864818748,136.2,Industrial,land_use,2.8,0.0,443.1
ghsl_8099_cell_02992,28,57,40.502601591601284,-74.27200906961465,6575.8,Industrial,land_use,2.2,11.9,498.0
ghsl_8099_cell_02993,29,57,40.50260159160128,-74.2601794910418,1336.3,Residential,heuristic,10.9,0.0,498.0
ghsl_8099_cell_02994,30,57,40.502601591601284,-74.24834991246894,3064.2,Green,land_use,68.0,8.7,552.0
ghsl_8099_cell_02995,31,57,40.50260159160128,-74.23652033389608,3158.6,Residential,land_use,19.6,16.4,498.1
ghsl_8099_cell_02996,32,57,40.502601591601284,-74.22469075532327,345.9,Residential,heuristic,7.2,2.9,443.3
ghsl_8099_cell_02997,9,58,40.493630428069885,-74.49053615171071,1217.1,Civic,land_use,16.1,37.1,443.0
ghsl_8099_cell_02998,10,58,40.49363042806988,-74.47870756319912,3049.7,Residential,land_use,0.2,24.4,1328.9
ghsl_8099_cell_02999,11,58,40.493630428069885,-74.46687897468753,4399.5,Civic,land_use,0.0,33.0,2214.8
ghsl_8099_cell_03000,12,58,40.49363042806988,-74.45505038617594,10901.2,Residential,land_use,0.7,26.4,2490.3
ghsl_8099_cell_03001,13,58,40.49363042806988,-74.44322179766436,6632.7,Residential,land_use,22.7,14.4,1976.3
ghsl_8099_cell_03002,14,58,40.49363042806988,-74.43139320915277,3056.1,Residential,land_use,34.2,21.7,1522.2
ghsl_8099_cell_03003,15,58,40.493630428069885,-74.4195646206412,3039.0,Residential,land_use,2.0,14.2,913.2
ghsl_8099_cell_03004,16,58,40.49363042806988,-74.40773603212962,1203.4,Residential,land_use,0.3,32.2,498.0
ghsl_8099_cell_03005,17,58,40.49363042806988,-74.39590744361801,941.5,Residential,heuristic,0.0,16.5,497.9
ghsl_8099_cell_03006,18,58,40.493630428069885,-74.38407885510642,99.0,Industrial,land_use,8.8,12.1,497.8
ghsl_8099_cell_03007,19,58,40.49363042806988,-74.37225026659486,3.1,Industrial,land_use,0.2,5.2,443.1
ghsl_8099_cell_03008,30,58,40.49363042806988,-74.2421357929674,1.2,Residential,heuristic,0.0,0.0,443.2
ghsl_8099_cell_03009,9,59,40.484659713209446,-74.48430409251989,1687.7,Industrial,land_use,5.4,36.4,443.0
ghsl_8099_cell_03010,10,59,40.48465971320944,-74.47247649361674,2561.4,Residential,land_use,12.0,28.5,1336.4
ghsl_8099_cell_03011,11,59,40.48465971320945,-74.46064889471361,3848.2,Industrial,land_use,23.3,18.7,1522.1
ghsl_8099_cell_03012,12,59,40.484659713209446,-74.44882129581046,10881.3,Industrial,land_use,5.8,26.4,1494.0
ghsl_8099_cell_03013,13,59,40.484659713209446,-74.43699369690732,4950.5,Residential,heuristic,15.9,30.5,913.2
ghsl_8099_cell_03014,14,59,40.484659713209446,-74.4251660980042,1700.3,Residential,land_use,0.3,36.2,498.0
ghsl_8099_cell_03015,15,59,40.484659713209446,-74.41333849910103,2255.6,Residential,land_use,4.0,17.5,443.1
ghsl_8099_cell_03016,8,60,40.475689446837904,-74.48990149305037,446.1,Industrial,land_use,13.3,36.0,443.0
ghsl_8099_cell_03017,9,60,40.47568944683791,-74.47807488330312,242.8,Industrial,land_use,0.9,31.6,913.2
ghsl_8099_cell_03018,10,60,40.47568944683791,-74.46624827355589,2404.5,Industrial,land_use,8.0,30.9,913.2
ghsl_8099_cell_03019,11,60,40.47568944683791,-74.45442166380863,3710.4,Residential,land_use,31.7,28.3,498.0
ghsl_8099_cell_03020,12,60,40.47568944683791,-74.44259505406137,1765.8,Industrial,land_use,4.7,36.9,497.9
ghsl_8099_cell_03021,13,60,40.475689446837904,-74.43076844431413,1521.3,Civic,land_use,31.5,50.4,443.1
ghsl_8099_cell_03022,7,61,40.46671962877332,-74.49549976452599,1785.2,Civic,land_use,6.5,40.2,443.1
ghsl_8099_cell_03023,8,61,40.46671962877332,-74.48367414348235,1849.9,Utility,land_use,1.3,38.7,913.2
ghsl_8099_cell_03024,9,61,40.46671962877332,-74.47184852243868,1863.6,Industrial,land_use,2.3,37.2,913.2
ghsl_8099_cell_03025,10,61,40.466719628773326,-74.46002290139502,2610.3,Commercial,land_use,5.5,37.6,443.1
ghsl_8099_cell_03026,7,62,40.457750258833805,-74.48927427389046,777.2,Industrial,land_use,0.0,32.6,443.1
ghsl_8099_cell_03027,8,62,40.457750258833805,-74.47744964109833,2400.5,Industrial,land_use,3.3,59.7,913.2
ghsl_8099_cell_03028,9,62,40.457750258833805,-74.46562500830622,931.6,Residential,land_use,3.8,41.6,443.1
ghsl_8099_cell_03029,7,63,40.44878133683755,-74.48305162927147,1774.7,Industrial,land_use,0.7,55.5,443.1
ghsl_8099_cell_03030,8,63,40.44878133683755,-74.47122798427914,1771.9,Civic,land_use,9.7,37.4,443.2
