cell_id,x,y,centroid_lat,centroid_lon,population,type,type_source,green_cover_pct,elevation_m,dist_to_boundary_m
ghsl_2878_cell_00000,10,0,49.048795181926316,2.2012285735948134,3000.7,Residential,land_use,6.4,93.0,474.6
ghsl_2878_cell_00001,10,1,49.039314714056374,2.2009640318112274,1515.4,Green,land_use,52.7,86.1,474.6
ghsl_2878_cell_00002,11,1,49.039314714056374,2.213949070346987,3537.9,Residential,land_use,6.9,103.5,474.6
ghsl_2878_cell_00003,10,2,49.0298349139852,2.2006996311811484,826.2,Commercial,land_use,30.7,72.2,474.6
ghsl_2878_cell_00004,11,2,49.02983491398519,2.213683109831184,3748.4,Residential,land_use,15.5,89.5,715.9
ghsl_2878_cell_00005,12,2,49.02983491398519,2.226666588481221,2389.9,Utility,land_use,8.5,114.7,474.6
ghsl_2878_cell_00006,9,3,49.02035578140574,2.187453452001359,1765.9,Industrial,land_use,8.3,70.4,474.7
ghsl_2878_cell_00007,10,3,49.02035578140574,2.2004353715978064,3412.0,Civic,land_use,21.8,70.9,702.9
ghsl_2878_cell_00008,11,3,49.02035578140573,2.2134172911942533,4524.0,Civic,land_use,7.9,74.5,1509.6
ghsl_2878_cell_00009,12,3,49.020355781405726,2.2263992107907007,5189.2,Residential,land_use,2.0,80.1,715.9
ghsl_2878_cell_00010,13,3,49.02035578140574,2.239381130387148,4871.7,Civic,land_use,2.5,93.0,527.1
ghsl_2878_cell_00011,14,3,49.02035578140574,2.252363049983595,2543.7,Civic,land_use,0.8,115.6,474.7
ghsl_2878_cell_00012,24,3,49.020355781405726,2.382182245948067,3242.3,Residential,land_use,5.4,108.3,474.7
ghsl_2878_cell_00013,8,4,49.01087731601112,2.1742105302058228,371.3,Industrial,land_use,0.5,72.1,474.7
ghsl_2878_cell_00014,9,4,49.01087731601111,2.1871908915801854,1874.2,Utility,land_use,0.5,55.8,703.0
ghsl_2878_cell_00015,10,4,49.01087731601111,2.200171252954549,4489.0,Residential,land_use,1.9,63.9,1509.7
ghsl_2878_cell_00016,11,4,49.01087731601112,2.213151614328912,2898.8,Green,land_use,65.4,67.9,2108.8
ghsl_2878_cell_00017,12,4,49.01087731601111,2.226131975703275,826.4,Green,land_use,68.9,74.9,1659.6
ghsl_2878_cell_00018,13,4,49.01087731601111,2.2391123370776382,2944.1,Civic,land_use,9.4,79.1,1528.0
ghsl_2878_cell_00019,14,4,49.01087731601111,2.2520926984520013,4307.2,Civic,land_use,3.7,74.3,716.0
ghsl_2878_cell_00020,15,4,49.01087731601112,2.2650730598263644,2845.8,Civic,land_use,1.1,85.0,474.7
ghsl_2878_cell_00021,23,4,49.01087731601111,2.368915950821269,1792.4,Utility,land_use,5.9,79.1,474.7
ghsl_2878_cell_00022,24,4,49.01087731601112,2.3818963121956322,3179.4,Civic,land_use,3.4,107.4,702.4
ghsl_2878_cell_00023,25,4,49.01087731601111,2.3948766735699953,5397.4,Civic,land_use,19.3,89.8,474.7
ghsl_2878_cell_00024,6,5,49.00139951749467,2.1479920592122177,2954.6,Civic,land_use,3.1,68.4,474.8
ghsl_2878_cell_00025,7,5,49.00139951749467,2.160970863195373,2466.0,Green,land_use,55.1,69.1,527.0
ghsl_2878_cell_00026,8,5,49.00139951749467,2.1739496671785283,1236.7,Commercial,land_use,1.5,75.2,703.0
ghsl_2878_cell_00027,9,5,49.00139951749467,2.1869284711616834,2305.1,Commercial,land_use,2.4,70.3,1509.9
ghsl_2878_cell_00028,10,5,49.00139951749467,2.199907275144839,5614.2,Residential,land_use,8.8,71.1,2108.9
ghsl_2878_cell_00029,11,5,49.00139951749467,2.212886079127994,3033.9,Residential,land_use,5.9,65.8,2828.3
ghsl_2878_cell_00030,12,5,49.00139951749467,2.2258648831111496,3666.7,Industrial,land_use,39.5,69.3,2686.7
ghsl_2878_cell_00031,13,5,49.00139951749467,2.238843687094305,5954.0,Residential,land_use,3.4,64.0,2148.0
ghsl_2878_cell_00032,14,5,49.00139951749467,2.251822491077461,4446.1,Industrial,land_use,4.4,59.8,1528.1
ghsl_2878_cell_00033,15,5,49.00139951749467,2.2648012950606162,4436.6,Civic,land_use,4.4,60.0,716.0
ghsl_2878_cell_00034,16,5,49.00139951749466,2.277780099043771,3449.7,Civic,land_use,13.1,63.5,527.1
ghsl_2878_cell_00035,17,5,49.00139951749467,2.290758903026927,4688.4,Civic,land_use,7.4,76.5,527.3
ghsl_2878_cell_00036,18,5,49.00139951749467,2.3037377070100824,2733.2,Civic,land_use,4.8,125.2,527.3
ghsl_2878_cell_00037,19,5,49.00139951749467,2.316716510993238,3280.4,Civic,land_use,2.1,144.5,474.7
ghsl_2878_cell_00038,22,5,49.00139951749467,2.355652922942704,6582.6,Commercial,land_use,3.9,88.0,474.7
ghsl_2878_cell_00039,23,5,49.00139951749467,2.3686317269258597,6253.5,Civic,land_use,19.0,61.1,702.4
ghsl_2878_cell_00040,24,5,49.00139951749466,2.3816105309090143,7895.0,Civic,land_use,7.6,82.1,1509.1
ghsl_2878_cell_00041,25,5,49.00139951749467,2.39458933489217,6138.4,Commercial,land_use,20.1,77.2,716.4
ghsl_2878_cell_00042,26,5,49.00139951749467,2.407568138875326,6281.9,Civic,land_use,31.0,75.2,527.0
ghsl_2878_cell_00043,27,5,49.00139951749467,2.420546942858481,7697.4,Civic,land_use,16.5,82.5,474.7
ghsl_2878_cell_00044,6,6,48.991922385549906,2.14773444837347,2832.6,Civic,land_use,12.8,58.8,474.8
ghsl_2878_cell_00045,7,6,48.99192238554991,2.160711695795667,5147.4,Civic,land_use,3.6,70.3,715.7
ghsl_2878_cell_00046,8,6,48.99192238554991,2.1736889432178623,4535.0,Civic,land_use,1.9,82.4,1527.9
ghsl_2878_cell_00047,9,6,48.99192238554991,2.1866661906400586,4152.2,Residential,land_use,4.5,84.4,2109.0
ghsl_2878_cell_00048,10,6,48.991922385549906,2.199643438062255,2644.8,Commercial,land_use,1.3,81.4,2828.5
ghsl_2878_cell_00049,11,6,48.991922385549906,2.2126206854844512,2900.9,Civic,land_use,11.7,95.2,3514.7
ghsl_2878_cell_00050,12,6,48.99192238554991,2.225597932906647,7155.8,Residential,land_use,3.1,65.6,3579.9
ghsl_2878_cell_00051,13,6,48.99192238554992,2.238575180328844,7367.6,Residential,land_use,0.3,56.3,2877.1
ghsl_2878_cell_00052,14,6,48.99192238554991,2.2515524277510397,6177.2,Residential,land_use,19.6,58.9,2148.1
ghsl_2878_cell_00053,15,6,48.99192238554992,2.2645296751732364,6460.1,Residential,land_use,9.7,59.9,1659.5
ghsl_2878_cell_00054,16,6,48.991922385549906,2.277506922595432,6170.9,Civic,land_use,7.1,53.0,1581.1
ghsl_2878_cell_00055,17,6,48.99192238554991,2.290484170017628,5316.6,Industrial,land_use,9.6,61.5,1581.2
ghsl_2878_cell_00056,18,6,48.991922385549906,2.3034614174398245,4682.9,Residential,land_use,5.4,57.4,1528.4
ghsl_2878_cell_00057,19,6,48.99192238554992,2.3164386648620208,4378.6,Civic,land_use,2.6,112.5,716.2
ghsl_2878_cell_00058,20,6,48.99192238554991,2.329415912284216,3805.0,Residential,heuristic,3.0,106.9,527.0
ghsl_2878_cell_00059,21,6,48.99192238554992,2.3423931597064134,1913.5,Residential,heuristic,2.1,109.3,527.0
ghsl_2878_cell_00060,22,6,48.991922385549906,2.3553704071286092,4163.2,Industrial,land_use,1.4,90.9,702.5
ghsl_2878_cell_00061,23,6,48.99192238554992,2.3683476545508055,8066.2,Commercial,land_use,0.3,69.2,1509.2
ghsl_2878_cell_00062,24,6,48.991922385549906,2.381324901973002,7893.3,Civic,land_use,3.7,56.0,2107.3
ghsl_2878_cell_00063,25,6,48.991922385549906,2.3943021493951977,1198.2,Industrial,land_use,55.4,69.3,1660.1
ghsl_2878_cell_00064,26,6,48.99192238554992,2.407279396817395,3601.9,Civic,land_use,31.9,67.1,1528.8
ghsl_2878_cell_00065,27,6,48.99192238554991,2.4202566442395907,6354.1,Civic,land_use,2.2,66.0,716.5
ghsl_2878_cell_00066,28,6,48.99192238554991,2.433233891661786,2848.3,Residential,land_use,45.1,69.8,527.0
ghsl_2878_cell_00067,29,6,48.991922385549906,2.4462111390839825,3297.1,Civic,land_use,29.4,70.6,474.8
ghsl_2878_cell_00068,7,7,48.98244591987061,2.160452666527917,754.0,Green,land_use,47.4,21.0,474.8
ghsl_2878_cell_00069,8,7,48.98244591987061,2.173428358218775,3075.0,Residential,heuristic,0.1,58.2,1424.5
ghsl_2878_cell_00070,9,7,48.982445919870614,2.1864040499096338,4390.3,Residential,land_use,0.6,122.2,2374.1
ghsl_2878_cell_00071,10,7,48.9824459198706,2.1993797416004917,1567.2,Utility,land_use,13.3,167.2,3323.7
ghsl_2878_cell_00072,11,7,48.9824459198706,2.21235543329135,674.9,Residential,heuristic,11.4,170.9,4204.0
ghsl_2878_cell_00073,12,7,48.98244591987061,2.2253311249822088,5927.4,Residential,land_use,4.8,83.8,4280.4
ghsl_2878_cell_00074,13,7,48.9824459198706,2.2383068166730666,6662.2,Industrial,land_use,12.7,63.2,3580.0
ghsl_2878_cell_00075,14,7,48.9824459198706,2.2512825083639254,6454.7,Residential,land_use,5.2,59.8,3019.2
ghsl_2878_cell_00076,15,7,48.9824459198706,2.2642582000547837,5915.1,Civic,land_use,4.4,50.5,2686.5
ghsl_2878_cell_00077,16,7,48.98244591987061,2.2772338917456425,6117.4,Industrial,land_use,0.2,54.2,2634.9
ghsl_2878_cell_00078,17,7,48.98244591987061,2.2902095834365,3312.5,Civic,land_use,14.1,43.8,2635.1
ghsl_2878_cell_00079,18,7,48.9824459198706,2.3031852751273587,5792.3,Civic,land_use,2.8,48.9,2148.5
ghsl_2878_cell_00080,19,7,48.98244591987061,2.316160966818217,4232.3,Civic,land_use,7.0,74.6,1659.6
ghsl_2878_cell_00081,20,7,48.98244591987061,2.329136658509076,3428.4,Residential,heuristic,6.2,102.8,1580.9
ghsl_2878_cell_00082,21,7,48.9824459198706,2.3421123501999337,4377.2,Civic,land_use,8.5,70.7,1580.9
ghsl_2878_cell_00083,22,7,48.982445919870614,2.355088041890792,3521.8,Utility,land_use,1.2,56.4,1642.0
ghsl_2878_cell_00084,23,7,48.9824459198706,2.3680637335816503,6083.6,Commercial,land_use,3.9,72.2,2107.4
ghsl_2878_cell_00085,24,7,48.98244591987061,2.381039425272509,6892.8,Commercial,land_use,23.0,54.8,2826.6
ghsl_2878_cell_00086,25,7,48.98244591987061,2.3940151169633674,5792.4,Residential,land_use,9.5,60.7,2687.1
ghsl_2878_cell_00087,26,7,48.9824459198706,2.4069908086542253,2881.9,Green,land_use,50.6,44.7,2149.5
ghsl_2878_cell_00088,27,7,48.9824459198706,2.419966500345084,4591.6,Civic,land_use,3.9,68.0,1660.1
ghsl_2878_cell_00089,28,7,48.98244591987061,2.432942192035943,4372.5,Civic,land_use,23.9,50.5,1529.0
ghsl_2878_cell_00090,29,7,48.9824459198706,2.4459178837268003,4349.7,Commercial,land_use,2.0,49.7,716.6
ghsl_2878_cell_00091,30,7,48.98244591987061,2.458893575417659,2377.9,Industrial,land_use,4.9,69.3,474.8
ghsl_2878_cell_00092,34,7,48.9824459198706,2.5107963421810924,646.4,Industrial,land_use,0.5,80.5,474.8
ghsl_2878_cell_00093,7,8,48.97297012015066,2.160193775287813,1586.7,Residential,land_use,0.0,30.8,474.9
ghsl_2878_cell_00094,8,8,48.97297012015066,2.1731679120763276,1276.5,Green,land_use,43.3,26.3,1424.6
ghsl_2878_cell_00095,9,8,48.97297012015066,2.1861420488648435,4462.3,Utility,land_use,1.5,71.3,2374.2
ghsl_2878_cell_00096,10,8,48.97297012015066,2.1991161856533585,6265.4,Civic,land_use,0.4,94.1,3323.9
ghsl_2878_cell_00097,11,8,48.97297012015066,2.212090322441874,1206.3,Residential,heuristic,4.9,100.0,4273.6
ghsl_2878_cell_00098,12,8,48.97297012015066,2.22506445923039,121.9,Commercial,land_use,14.6,115.5,5011.9
ghsl_2878_cell_00099,13,8,48.97297012015066,2.2380385960189053,1316.2,Civic,land_use,6.4,111.9,4424.6
ghsl_2878_cell_00100,14,8,48.97297012015066,2.25101273280742,6402.2,Civic,land_use,5.9,67.9,3979.7
ghsl_2878_cell_00101,15,8,48.97297012015066,2.2639868695959358,6336.3,Civic,land_use,1.7,51.1,3728.6
ghsl_2878_cell_00102,16,8,48.97297012015066,2.276961006384451,6129.3,Industrial,land_use,10.2,52.4,3688.7
ghsl_2878_cell_00103,17,8,48.97297012015066,2.289935143172966,7393.2,Civic,land_use,5.5,45.6,3580.8
ghsl_2878_cell_00104,18,8,48.97297012015066,2.3029092799614825,7542.2,Utility,land_use,4.3,41.7,3019.6
ghsl_2878_cell_00105,19,8,48.97297012015066,2.3158834167499975,8565.1,Civic,land_use,5.4,49.4,2686.6
ghsl_2878_cell_00106,20,8,48.97297012015066,2.328857553538513,5859.8,Civic,land_use,3.7,46.9,2634.7
ghsl_2878_cell_00107,21,8,48.97297012015066,2.3418316903270284,6452.7,Civic,land_use,5.4,50.3,2634.7
ghsl_2878_cell_00108,22,8,48.97297012015066,2.354805827115543,3310.4,Civic,land_use,3.6,89.2,2668.4
ghsl_2878_cell_00109,23,8,48.97297012015068,2.36777996390406,10012.1,Civic,land_use,6.3,61.5,2970.9
ghsl_2878_cell_00110,24,8,48.97297012015066,2.3807541006925748,12209.3,Civic,land_use,12.6,48.9,3512.2
ghsl_2878_cell_00111,25,8,48.97297012015066,2.3937282374810898,16348.0,Civic,land_use,2.1,61.2,3582.3
ghsl_2878_cell_00112,26,8,48.97297012015068,2.4067023742696056,7863.5,Industrial,land_use,25.1,62.1,3020.7
ghsl_2878_cell_00113,27,8,48.97297012015066,2.4196765110581206,3194.0,Commercial,land_use,9.4,46.7,2687.0
ghsl_2878_cell_00114,28,8,48.97297012015066,2.4326506478466356,119.3,Green,land_use,88.5,52.7,2149.7
ghsl_2878_cell_00115,29,8,48.97297012015066,2.4456247846351515,87.8,Residential,heuristic,25.7,57.5,1529.2
ghsl_2878_cell_00116,30,8,48.97297012015066,2.458598921423667,246.2,Commercial,land_use,11.3,64.1,716.6
ghsl_2878_cell_00117,31,8,48.97297012015066,2.471573058212182,127.9,Green,land_use,100.0,64.9,527.0
ghsl_2878_cell_00118,32,8,48.97297012015066,2.4845471950006974,498.6,Residential,heuristic,16.5,74.5,527.1
ghsl_2878_cell_00119,33,8,48.97297012015068,2.4975213317892133,1493.1,Commercial,land_use,5.3,81.3,527.0
ghsl_2878_cell_00120,34,8,48.97297012015066,2.5104954685777283,1650.8,Commercial,land_use,6.6,79.7,702.0
ghsl_2878_cell_00121,35,8,48.97297012015066,2.5234696053662438,2306.2,Commercial,land_use,1.8,69.8,474.8
ghsl_2878_cell_00122,6,9,48.96349498608422,2.1469624392566162,441.5,Civic,land_use,19.0,38.5,474.9
ghsl_2878_cell_00123,7,9,48.96349498608423,2.1599350219711577,810.6,Residential,heuristic,4.4,34.4,703.0
ghsl_2878_cell_00124,8,9,48.96349498608422,2.1729076046856988,970.6,Residential,heuristic,0.2,28.6,1510.2
ghsl_2878_cell_00125,9,9,48.963494986084235,2.1858801874002407,3114.2,Civic,land_use,14.9,71.5,2423.2
ghsl_2878_cell_00126,10,9,48.963494986084235,2.198852770114782,4934.6,Industrial,land_use,1.2,63.9,3356.7
ghsl_2878_cell_00127,11,9,48.963494986084235,2.2118253528293237,1526.7,Civic,land_use,29.0,66.0,4297.4
ghsl_2878_cell_00128,12,9,48.96349498608422,2.224797935543865,2739.9,Civic,land_use,13.9,76.6,5241.4
ghsl_2878_cell_00129,13,9,48.96349498608422,2.2377705182584067,8417.6,Residential,heuristic,0.0,76.6,5344.0
ghsl_2878_cell_00130,14,9,48.96349498608422,2.250743100972948,6084.1,Commercial,land_use,20.0,127.8,4978.1
ghsl_2878_cell_00131,15,9,48.963494986084235,2.26371568368749,3528.9,Commercial,land_use,3.0,66.5,4775.8
ghsl_2878_cell_00132,16,9,48.96349498608422,2.276688266402031,7478.2,Civic,land_use,5.8,55.1,4742.4
ghsl_2878_cell_00133,17,9,48.963494986084235,2.2896608491165726,11259.5,Civic,land_use,2.3,46.6,4425.3
ghsl_2878_cell_00134,18,9,48.963494986084235,2.3026334318311137,13544.3,Civic,land_use,3.9,44.1,3980.1
ghsl_2878_cell_00135,19,9,48.96349498608422,2.315606014545655,10459.2,Utility,land_use,4.7,42.5,3728.5
ghsl_2878_cell_00136,20,9,48.96349498608422,2.3285785972601967,6143.7,Residential,land_use,7.4,39.6,3688.4
ghsl_2878_cell_00137,21,9,48.96349498608422,2.341551179974738,7143.4,Civic,land_use,16.0,39.4,3688.4
ghsl_2878_cell_00138,22,9,48.963494986084235,2.35452376268928,6540.3,Green,land_use,86.3,62.6,3710.3
ghsl_2878_cell_00139,23,9,48.963494986084235,2.3674963454038216,8786.9,Industrial,land_use,3.2,52.4,3928.4
ghsl_2878_cell_00140,24,9,48.96349498608423,2.380468928118363,7909.7,Civic,land_use,14.3,46.9,4347.7
ghsl_2878_cell_00141,25,9,48.963494986084235,2.3934415108329046,4988.8,Residential,land_use,19.0,56.7,4427.1
ghsl_2878_cell_00142,26,9,48.963494986084235,2.406414093547446,4863.7,Commercial,land_use,3.5,43.9,3981.3
ghsl_2878_cell_00143,27,9,48.96349498608422,2.4193866762619876,1201.3,Green,land_use,100.0,44.0,3582.7
ghsl_2878_cell_00144,28,9,48.96349498608422,2.4323592589765286,38.7,Green,land_use,61.0,46.0,2879.5
ghsl_2878_cell_00145,29,9,48.96349498608422,2.44533184169107,149.5,Residential,heuristic,36.8,50.2,2149.8
ghsl_2878_cell_00146,30,9,48.963494986084235,2.458304424405612,973.1,Industrial,land_use,9.0,52.3,1660.0
ghsl_2878_cell_00147,31,9,48.96349498608422,2.4712770071201535,696.1,Residential,land_use,3.2,59.8,1580.7
ghsl_2878_cell_00148,32,9,48.96349498608422,2.4842495898346946,2348.0,Residential,heuristic,31.8,64.1,1580.8
ghsl_2878_cell_00149,33,9,48.963494986084235,2.4972221725492365,948.7,Commercial,land_use,4.5,70.9,1580.7
ghsl_2878_cell_00150,34,9,48.96349498608423,2.510194755263778,137.5,Green,land_use,100.0,70.9,1529.5
ghsl_2878_cell_00151,35,9,48.963494986084235,2.5231673379783195,2125.4,Industrial,land_use,3.7,66.1,716.8
ghsl_2878_cell_00152,36,9,48.963494986084235,2.536139920692861,3781.7,Civic,land_use,19.3,64.1,527.0
ghsl_2878_cell_00153,37,9,48.96349498608422,2.5491125034074025,3550.7,Civic,land_use,13.7,71.1,527.3
ghsl_2878_cell_00154,38,9,48.96349498608423,2.5620850861219435,2887.4,Industrial,land_use,10.1,69.3,527.3
ghsl_2878_cell_00155,39,9,48.963494986084235,2.575057668836485,2871.4,Civic,land_use,3.2,68.8,527.3
ghsl_2878_cell_00156,40,9,48.963494986084235,2.588030251551027,1993.7,Green,land_use,64.1,66.1,474.8
ghsl_2878_cell_00157,5,10,48.95402051736564,2.1337343475372443,1725.8,Utility,land_use,4.6,47.8,474.9
ghsl_2878_cell_00158,6,10,48.95402051736564,2.146705377005556,2658.8,Civic,land_use,5.5,44.6,703.1
ghsl_2878_cell_00159,7,10,48.954020517365635,2.1596764064738676,2872.8,Residential,land_use,1.3,36.2,1510.4
ghsl_2878_cell_00160,8,10,48.95402051736564,2.172647435942179,940.9,Civic,land_use,21.0,20.0,2109.0
ghsl_2878_cell_00161,9,10,48.95402051736563,2.18561846541049,2145.7,Commercial,land_use,23.5,61.0,2829.0
ghsl_2878_cell_00162,10,10,48.95402051736564,2.1985894948788016,2842.9,Commercial,land_use,4.1,53.3,3655.5
ghsl_2878_cell_00163,11,10,48.95402051736563,2.2115605243471137,3039.3,Industrial,land_use,7.8,56.0,4530.6
ghsl_2878_cell_00164,12,10,48.954020517365635,2.2245315538154253,2213.0,Civic,land_use,17.2,60.4,5430.9
ghsl_2878_cell_00165,13,10,48.95402051736564,2.2375025832837365,6659.5,Civic,land_use,3.5,56.2,6305.6
ghsl_2878_cell_00166,14,10,48.95402051736563,2.2504736127520477,7714.2,Industrial,land_use,0.0,48.1,5995.5
ghsl_2878_cell_00167,15,10,48.95402051736565,2.2634446422203602,7873.9,Civic,land_use,8.6,61.8,5825.3
ghsl_2878_cell_00168,16,10,48.95402051736564,2.276415671688671,4443.8,Utility,land_use,29.2,71.0,5796.1
ghsl_2878_cell_00169,17,10,48.95402051736563,2.289386701156982,8069.3,Commercial,land_use,5.3,59.2,5344.7
ghsl_2878_cell_00170,18,10,48.95402051736565,2.3023577306252943,8529.8,Utility,land_use,7.2,43.9,4978.4
ghsl_2878_cell_00171,19,10,48.954020517365635,2.315328760093606,7990.4,Civic,land_use,20.5,34.9,4775.7
ghsl_2878_cell_00172,20,10,48.95402051736564,2.328299789561917,16489.7,Industrial,land_use,4.3,31.3,4742.0
ghsl_2878_cell_00173,21,10,48.95402051736563,2.3412708190302283,7498.8,Civic,land_use,17.1,38.9,4742.1
ghsl_2878_cell_00174,22,10,48.95402051736563,2.3542418484985403,8008.7,Utility,land_use,28.5,42.5,4757.4
ghsl_2878_cell_00175,23,10,48.95402051736564,2.3672128779668515,6583.0,Industrial,land_use,20.3,45.9,4925.4
ghsl_2878_cell_00176,24,10,48.95402051736564,2.3801839074351627,9422.0,Civic,land_use,4.4,44.7,5262.2
ghsl_2878_cell_00177,25,10,48.95402051736564,2.393154936903475,3266.3,Industrial,land_use,5.3,39.5,5346.6
ghsl_2878_cell_00178,26,10,48.95402051736563,2.406125966371786,387.0,Residential,land_use,2.2,64.7,4979.7
ghsl_2878_cell_00179,27,10,48.95402051736564,2.419096995840098,5643.5,Residential,land_use,25.9,46.2,4283.9
ghsl_2878_cell_00180,28,10,48.95402051736564,2.4320680253084093,677.6,Green,land_use,61.5,39.7,3582.8
ghsl_2878_cell_00181,29,10,48.95402051736564,2.4450390547767205,5514.9,Industrial,land_use,3.6,45.0,3020.9
ghsl_2878_cell_00182,30,10,48.95402051736563,2.458010084245032,3168.8,Commercial,land_use,11.9,43.8,2686.8
ghsl_2878_cell_00183,31,10,48.95402051736563,2.4709811137133437,3253.9,Industrial,land_use,3.7,50.3,2634.3
ghsl_2878_cell_00184,32,10,48.954020517365635,2.483952143181655,2293.6,Industrial,land_use,0.1,59.2,2634.4
ghsl_2878_cell_00185,33,10,48.95402051736565,2.4969231726499674,8552.5,Civic,land_use,1.3,58.6,2634.3
ghsl_2878_cell_00186,34,10,48.95402051736564,2.5098942021182777,3154.1,Civic,land_use,7.0,56.7,2150.3
ghsl_2878_cell_00187,35,10,48.95402051736565,2.5228652315865903,2705.1,Civic,land_use,3.6,60.1,1660.2
ghsl_2878_cell_00188,36,10,48.954020517365635,2.535836261054902,6140.5,Residential,land_use,2.0,61.5,1580.6
ghsl_2878_cell_00189,37,10,48.95402051736564,2.5488072905232126,7780.6,Residential,land_use,1.2,59.1,1580.9
ghsl_2878_cell_00190,38,10,48.95402051736564,2.5617783199915243,5936.2,Residential,land_use,3.4,63.7,1581.0
ghsl_2878_cell_00191,39,10,48.95402051736563,2.5747493494598355,3190.5,Civic,land_use,7.1,80.2,1529.8
ghsl_2878_cell_00192,40,10,48.95402051736564,2.5877203789281475,3998.5,Utility,land_use,0.7,64.8,717.0
ghsl_2878_cell_00193,41,10,48.954020517365635,2.6006914083964587,4085.3,Civic,land_use,0.5,58.8,526.9
ghsl_2878_cell_00194,42,10,48.95402051736563,2.6136624378647704,2757.8,Commercial,land_use,16.7,63.0,474.9
ghsl_2878_cell_00195,5,11,48.9445467136894,2.133478974593568,5677.2,Residential,land_use,0.0,49.4,474.9
ghsl_2878_cell_00196,6,11,48.944546713689405,2.1464484516427693,6551.4,Utility,land_use,8.0,39.3,1424.9
ghsl_2878_cell_00197,7,11,48.944546713689405,2.1594179286919704,3821.2,Civic,land_use,7.7,26.4,2109.1
ghsl_2878_cell_00198,8,11,48.944546713689405,2.1723874057411714,6175.6,Civic,land_use,12.8,47.5,2829.2
ghsl_2878_cell_00199,9,11,48.9445467136894,2.1853568827903724,5527.9,Industrial,land_use,28.9,57.9,3514.9
ghsl_2878_cell_00200,10,11,48.944546713689405,2.198326359839573,6230.6,Industrial,land_use,3.6,51.5,4204.5
ghsl_2878_cell_00201,11,11,48.944546713689405,2.2112958368887745,7631.8,Utility,land_use,1.7,49.2,4980.6
ghsl_2878_cell_00202,12,11,48.944546713689405,2.2242653139379756,9359.1,Civic,land_use,5.3,43.3,5808.4
ghsl_2878_cell_00203,13,11,48.944546713689405,2.2372347909871766,9272.0,Civic,land_use,8.9,50.7,6668.9
ghsl_2878_cell_00204,14,11,48.9445467136894,2.250204268036377,10693.8,Civic,land_use,4.8,35.3,7023.5
ghsl_2878_cell_00205,15,11,48.944546713689405,2.2631737450855787,3003.0,Industrial,land_use,0.2,22.0,6876.1
ghsl_2878_cell_00206,16,11,48.9445467136894,2.2761432221347793,1785.0,Industrial,land_use,0.2,22.0,6737.3
ghsl_2878_cell_00207,17,11,48.944546713689405,2.2891126991839803,2806.2,Industrial,land_use,1.4,26.3,6306.2
ghsl_2878_cell_00208,18,11,48.94454671368941,2.3020821762331813,1772.2,Industrial,land_use,10.7,30.8,5995.7
ghsl_2878_cell_00209,19,11,48.944546713689405,2.315051653282383,2893.2,Green,land_use,79.7,30.8,5825.2
ghsl_2878_cell_00210,20,11,48.944546713689405,2.3280211303315843,8149.2,Residential,land_use,35.7,35.6,5795.6
ghsl_2878_cell_00211,21,11,48.944546713689405,2.340990607380785,8393.1,Industrial,land_use,6.5,35.1,5795.6
ghsl_2878_cell_00212,22,11,48.9445467136894,2.353960084429985,14036.2,Civic,land_use,13.8,34.4,5806.8
ghsl_2878_cell_00213,23,11,48.944546713689405,2.3669295614791865,8768.1,Civic,land_use,7.9,35.6,5942.0
ghsl_2878_cell_00214,24,11,48.94454671368941,2.379899038528388,10445.6,Civic,land_use,10.5,32.6,6220.8
ghsl_2878_cell_00215,25,11,48.94454671368941,2.392868515577589,1558.8,Residential,heuristic,5.2,31.8,6308.2
ghsl_2878_cell_00216,26,11,48.9445467136894,2.4058379926267897,275.9,Green,land_use,100.0,37.3,5702.4
ghsl_2878_cell_00217,27,11,48.944546713689405,2.418807469675991,1519.0,Commercial,land_use,19.5,43.3,5015.8
ghsl_2878_cell_00218,28,11,48.944546713689405,2.431776946725192,7316.9,Residential,land_use,1.7,56.6,4427.5
ghsl_2878_cell_00219,29,11,48.944546713689405,2.444746423774393,7031.3,Industrial,land_use,1.0,49.0,3981.3
ghsl_2878_cell_00220,30,11,48.944546713689405,2.4577159008235943,7947.4,Residential,land_use,4.1,48.1,3728.7
ghsl_2878_cell_00221,31,11,48.944546713689405,2.470685377872795,4207.6,Industrial,land_use,24.6,52.1,3687.9
ghsl_2878_cell_00222,32,11,48.944546713689405,2.483654854921996,4713.0,Industrial,land_use,0.4,50.8,3688.0
ghsl_2878_cell_00223,33,11,48.944546713689405,2.496624331971197,7274.6,Civic,land_use,1.9,53.3,3583.7
ghsl_2878_cell_00224,34,11,48.944546713689405,2.5095938090203984,7653.7,Civic,land_use,11.5,56.1,3021.4
ghsl_2878_cell_00225,35,11,48.944546713689405,2.5225632860695995,9778.1,Civic,land_use,18.8,56.8,2686.9
ghsl_2878_cell_00226,36,11,48.944546713689405,2.5355327631188,6975.5,Industrial,land_use,22.4,59.9,2634.2
ghsl_2878_cell_00227,37,11,48.9445467136894,2.548502240168,4558.7,Utility,land_use,34.4,60.8,2634.5
ghsl_2878_cell_00228,38,11,48.944546713689405,2.561471717217202,3263.6,Civic,land_use,1.4,68.9,2634.6
ghsl_2878_cell_00229,39,11,48.944546713689405,2.5744411942664027,2914.3,Civic,land_use,1.7,64.7,2150.9
ghsl_2878_cell_00230,40,11,48.94454671368941,2.5874106713156038,4356.1,Civic,land_use,1.4,63.9,1660.3
ghsl_2878_cell_00231,41,11,48.944546713689405,2.6003801483648052,6577.8,Civic,land_use,0.7,62.3,1424.7
ghsl_2878_cell_00232,42,11,48.94454671368941,2.6133496254140063,7086.0,Civic,land_use,2.3,60.6,474.9
ghsl_2878_cell_00233,5,12,48.93507357475026,2.1332237376084353,3486.3,Civic,land_use,22.6,35.6,475.0
ghsl_2878_cell_00234,6,12,48.93507357475026,2.146191663065022,4771.5,Civic,land_use,8.3,25.1,1424.9
ghsl_2878_cell_00235,7,12,48.93507357475026,2.1591595885216077,7430.1,Utility,land_use,0.8,36.5,2374.9
ghsl_2878_cell_00236,8,12,48.93507357475026,2.1721275139781944,6304.7,Civic,land_use,4.8,42.5,3324.9
ghsl_2878_cell_00237,9,12,48.93507357475026,2.18509543943478,6794.7,Civic,land_use,5.2,53.1,4204.8
ghsl_2878_cell_00238,10,12,48.93507357475026,2.1980633648913668,7878.0,Civic,land_use,3.6,47.9,4920.8
ghsl_2878_cell_00239,11,12,48.93507357475027,2.2110312903479534,9483.4,Civic,land_use,7.0,41.7,5595.1
ghsl_2878_cell_00240,12,12,48.93507357475026,2.2239992158045387,8141.3,Industrial,land_use,4.7,31.9,6340.5
ghsl_2878_cell_00241,13,12,48.93507357475026,2.236967141261126,6204.1,Industrial,land_use,1.3,32.7,7134.5
ghsl_2878_cell_00242,14,12,48.93507357475026,2.249935066717712,3827.3,Industrial,land_use,8.9,31.0,7962.8
ghsl_2878_cell_00243,15,12,48.93507357475026,2.262902992174298,7170.4,Commercial,land_use,3.3,30.6,7927.6
ghsl_2878_cell_00244,16,12,48.93507357475026,2.275870917630884,6230.8,Industrial,land_use,8.9,31.7,7671.5
ghsl_2878_cell_00245,17,12,48.93507357475026,2.2888388430874707,4972.3,Civic,land_use,7.0,31.0,7293.2
ghsl_2878_cell_00246,18,12,48.93507357475027,2.3018067685440564,2740.8,Residential,land_use,12.2,26.1,7023.7
ghsl_2878_cell_00247,19,12,48.93507357475026,2.314774694000643,1920.8,Commercial,land_use,3.2,28.0,6875.9
ghsl_2878_cell_00248,20,12,48.93507357475026,2.327742619457229,15426.4,Residential,land_use,12.8,26.3,6849.1
ghsl_2878_cell_00249,21,12,48.93507357475027,2.340710544913815,10459.6,Residential,land_use,3.4,30.2,6849.1
ghsl_2878_cell_00250,22,12,48.93507357475026,2.3536784703704017,19336.0,Civic,land_use,7.9,32.4,6857.5
ghsl_2878_cell_00251,23,12,48.93507357475026,2.366646395826988,9291.1,Green,land_use,43.3,35.4,6969.6
ghsl_2878_cell_00252,24,12,48.93507357475026,2.3796143212835745,9848.5,Residential,land_use,14.5,32.7,7206.0
ghsl_2878_cell_00253,25,12,48.93507357475026,2.3925822467401603,3907.6,Civic,land_use,8.2,41.4,7126.7
ghsl_2878_cell_00254,26,12,48.93507357475026,2.405550172196747,3064.5,Industrial,land_use,23.4,39.0,6448.7
ghsl_2878_cell_00255,27,12,48.93507357475026,2.4185180976533336,8275.1,Utility,land_use,4.0,46.1,5846.8
ghsl_2878_cell_00256,28,12,48.93507357475026,2.4314860231099185,8472.0,Residential,land_use,3.8,46.8,5346.8
ghsl_2878_cell_00257,29,12,48.93507357475026,2.444453948566505,5184.4,Residential,land_use,0.9,44.7,4979.5
ghsl_2878_cell_00258,30,12,48.93507357475026,2.4574218740230913,8792.3,Residential,land_use,3.1,43.7,4775.7
ghsl_2878_cell_00259,31,12,48.93507357475026,2.470389799479678,7833.4,Residential,land_use,5.2,48.7,4741.4
ghsl_2878_cell_00260,32,12,48.93507357475026,2.4833577249362637,6224.1,Residential,heuristic,1.4,48.6,4741.5
ghsl_2878_cell_00261,33,12,48.93507357475026,2.49632565039285,8512.0,Utility,land_use,0.2,49.4,4428.4
ghsl_2878_cell_00262,34,12,48.93507357475026,2.5092935758494366,6640.9,Civic,land_use,12.2,56.0,3981.8
ghsl_2878_cell_00263,35,12,48.93507357475027,2.522261501306023,8985.3,Civic,land_use,23.1,52.9,3728.7
ghsl_2878_cell_00264,36,12,48.93507357475026,2.535229426762609,8816.7,Civic,land_use,9.0,57.1,3687.7
ghsl_2878_cell_00265,37,12,48.93507357475026,2.5481973522191947,2104.4,Civic,land_use,18.8,59.8,3688.0
ghsl_2878_cell_00266,38,12,48.93507357475026,2.5611652776757814,1166.9,Green,land_use,100.0,67.2,3355.8
ghsl_2878_cell_00267,39,12,48.93507357475026,2.574133203132367,3916.5,Civic,land_use,14.8,70.8,2422.0
ghsl_2878_cell_00268,40,12,48.93507357475027,2.5871011285889534,2503.1,Residential,heuristic,0.0,73.5,1508.8
ghsl_2878_cell_00269,41,12,48.93507357475027,2.6000690540455396,2749.0,Industrial,land_use,0.4,70.0,701.7
ghsl_2878_cell_00270,42,12,48.93507357475027,2.613036979502126,3352.4,Civic,land_use,34.6,74.5,474.9
ghsl_2878_cell_00271,5,13,48.92560110024316,2.132968636479347,1118.3,Civic,land_use,14.9,26.9,475.0
ghsl_2878_cell_00272,6,13,48.92560110024317,2.145935011169191,2060.5,Commercial,land_use,23.6,32.5,1425.0
ghsl_2878_cell_00273,7,13,48.92560110024317,2.158901385859035,3423.5,Green,land_use,100.0,47.7,2375.1
ghsl_2878_cell_00274,8,13,48.92560110024317,2.1718677605488796,5559.5,Utility,land_use,3.6,45.7,3325.1
ghsl_2878_cell_00275,9,13,48.92560110024316,2.1848341352387233,8907.2,Civic,land_use,3.5,31.6,4275.1
ghsl_2878_cell_00276,10,13,48.92560110024317,2.1978005099285673,7916.9,Civic,land_use,0.7,29.9,5225.2
ghsl_2878_cell_00277,11,13,48.92560110024317,2.210766884618412,8505.9,Civic,land_use,1.0,30.8,6175.2
ghsl_2878_cell_00278,12,13,48.92560110024318,2.2237332593082555,4439.9,Industrial,land_use,6.2,33.6,6991.8
ghsl_2878_cell_00279,13,13,48.92560110024317,2.2366996339980996,7900.2,Civic,land_use,39.2,33.5,7716.8
ghsl_2878_cell_00280,14,13,48.92560110024317,2.249666008687944,15703.7,Civic,land_use,12.2,31.3,8486.2
ghsl_2878_cell_00281,15,13,48.92560110024317,2.2626323833777877,14184.8,Utility,land_use,1.6,30.2,8979.6
ghsl_2878_cell_00282,16,13,48.92560110024317,2.275598758067632,18156.1,Civic,land_use,7.3,33.8,8633.2
ghsl_2878_cell_00283,17,13,48.92560110024317,2.288565132757476,10431.7,Civic,land_use,3.1,29.6,8296.5
ghsl_2878_cell_00284,18,13,48.92560110024317,2.3015315074473204,4656.4,Industrial,land_use,25.3,32.8,8058.3
ghsl_2878_cell_00285,19,13,48.92560110024316,2.314497882137164,2312.3,Industrial,land_use,0.5,31.2,7927.3
ghsl_2878_cell_00286,20,13,48.92560110024317,2.3274642568270076,3981.4,Residential,land_use,2.6,30.4,7902.5
ghsl_2878_cell_00287,21,13,48.92560110024317,2.3404306315168517,7764.5,Industrial,land_use,9.7,45.3,7902.5
ghsl_2878_cell_00288,22,13,48.92560110024317,2.3533970062066967,10853.0,Industrial,land_use,6.2,36.5,7909.0
ghsl_2878_cell_00289,23,13,48.92560110024316,2.36636338089654,13939.8,Utility,land_use,12.5,40.4,8003.8
ghsl_2878_cell_00290,24,13,48.92560110024317,2.3793297555863844,9804.7,Industrial,land_use,3.3,37.7,8208.2
ghsl_2878_cell_00291,25,13,48.92560110024317,2.392296130276228,9077.9,Industrial,land_use,9.7,38.9,7881.4
ghsl_2878_cell_00292,26,13,48.92560110024317,2.4052625049660725,6957.5,Industrial,land_use,3.6,38.7,7271.3
ghsl_2878_cell_00293,27,13,48.92560110024317,2.4182288796559166,7553.0,Residential,land_use,2.4,42.2,6740.3
ghsl_2878_cell_00294,28,13,48.92560110024316,2.4311952543457602,10476.5,Residential,land_use,2.4,46.2,6308.3
ghsl_2878_cell_00295,29,13,48.92560110024317,2.4441616290356043,9115.6,Residential,land_use,15.2,50.0,5996.7
ghsl_2878_cell_00296,30,13,48.92560110024316,2.457128003725448,8873.4,Civic,land_use,2.0,48.0,5825.1
ghsl_2878_cell_00297,31,13,48.92560110024317,2.470094378415293,8297.8,Civic,land_use,5.3,45.7,5794.8
ghsl_2878_cell_00298,32,13,48.92560110024317,2.483060753105137,6744.9,Civic,land_use,0.6,51.3,5794.9
ghsl_2878_cell_00299,33,13,48.92560110024317,2.49602712779498,7872.0,Civic,land_use,1.4,52.5,5347.8
ghsl_2878_cell_00300,34,13,48.92560110024317,2.508993502484825,5800.0,Industrial,land_use,4.3,53.6,4980.0
ghsl_2878_cell_00301,35,13,48.92560110024317,2.521959877174669,8155.5,Civic,land_use,1.7,55.8,4775.7
ghsl_2878_cell_00302,36,13,48.92560110024317,2.5349262518645133,8903.9,Civic,land_use,3.6,62.1,4741.1
ghsl_2878_cell_00303,37,13,48.92560110024316,2.547892626554357,5622.6,Commercial,land_use,5.3,73.3,4274.9
ghsl_2878_cell_00304,38,13,48.92560110024317,2.5608590012442014,307.6,Residential,heuristic,10.0,140.6,3324.9
ghsl_2878_cell_00305,39,13,48.92560110024316,2.5738253759340446,237.9,Residential,heuristic,0.1,117.2,2374.9
ghsl_2878_cell_00306,40,13,48.92560110024317,2.5867917506238896,2.6,Residential,heuristic,6.0,126.0,1424.9
ghsl_2878_cell_00307,41,13,48.92560110024316,2.5997581253137327,296.8,Residential,heuristic,5.0,136.0,475.0
ghsl_2878_cell_00308,5,14,48.91612928986322,2.132713671103915,298.1,Green,land_use,82.1,33.5,475.1
ghsl_2878_cell_00309,6,14,48.91612928986322,2.145678495852267,902.1,Civic,land_use,9.3,46.1,1425.2
ghsl_2878_cell_00310,7,14,48.91612928986322,2.158643320600619,569.4,Residential,land_use,2.8,49.5,2375.2
ghsl_2878_cell_00311,8,14,48.91612928986322,2.171608145348971,4153.6,Utility,land_use,5.5,54.8,3325.3
ghsl_2878_cell_00312,9,14,48.91612928986323,2.184572970097323,7688.6,Utility,land_use,1.0,36.0,4275.4
ghsl_2878_cell_00313,10,14,48.91612928986323,2.1975377948456756,5624.5,Industrial,land_use,1.3,29.0,5225.5
ghsl_2878_cell_00314,11,14,48.91612928986322,2.2105026195940276,2823.6,Industrial,land_use,4.0,28.0,6175.6
ghsl_2878_cell_00315,12,14,48.91612928986323,2.223467444342379,7105.3,Commercial,land_use,5.6,30.8,7125.7
ghsl_2878_cell_00316,13,14,48.91612928986323,2.2364322690907317,10627.2,Civic,land_use,1.0,40.4,8075.8
ghsl_2878_cell_00317,14,14,48.91612928986323,2.2493970938390837,14092.5,Utility,land_use,1.7,40.7,9025.8
ghsl_2878_cell_00318,15,14,48.91612928986322,2.2623619185874353,17787.5,Civic,land_use,4.1,39.0,9853.0
ghsl_2878_cell_00319,16,14,48.91612928986322,2.2753267433357873,23006.2,Civic,land_use,0.8,42.9,9614.1
ghsl_2878_cell_00320,17,14,48.91612928986324,2.28829156808414,16968.5,Residential,land_use,11.9,34.3,9310.9
ghsl_2878_cell_00321,18,14,48.916129289863235,2.3012563928324923,12140.1,Civic,land_use,12.4,30.4,9097.1
ghsl_2878_cell_00322,19,14,48.91612928986323,2.314221217580844,4502.9,Residential,land_use,11.4,29.8,8979.2
ghsl_2878_cell_00323,20,14,48.91612928986323,2.327186042329196,9933.5,Residential,land_use,23.3,27.2,8955.9
ghsl_2878_cell_00324,21,14,48.91612928986322,2.3401508670775484,9774.6,Civic,land_use,11.4,39.8,8955.9
ghsl_2878_cell_00325,22,14,48.91612928986322,2.3531156918259,7200.1,Commercial,land_use,10.9,43.1,8960.8
ghsl_2878_cell_00326,23,14,48.91612928986323,2.3660805165742524,9380.0,Residential,land_use,11.0,37.2,9042.5
ghsl_2878_cell_00327,24,14,48.91612928986323,2.379045341322604,21142.9,Civic,land_use,4.8,36.2,9221.8
ghsl_2878_cell_00328,25,14,48.91612928986323,2.392010166070956,17052.9,Civic,land_use,14.8,39.6,8698.5
ghsl_2878_cell_00329,26,14,48.91612928986323,2.4049749908193085,12473.4,Civic,land_use,8.2,43.5,8147.3
ghsl_2878_cell_00330,27,14,48.91612928986323,2.4179398155676606,8210.5,Civic,land_use,9.6,46.8,7674.4
ghsl_2878_cell_00331,28,14,48.91612928986322,2.4309046403160126,5281.2,Industrial,land_use,3.6,45.1,7295.1
ghsl_2878_cell_00332,29,14,48.91612928986323,2.4438694650643646,12658.3,Civic,land_use,0.5,47.3,7024.6
ghsl_2878_cell_00333,30,14,48.91612928986322,2.4568342898127162,11622.8,Residential,land_use,2.0,49.2,6875.6
ghsl_2878_cell_00334,31,14,48.91612928986323,2.4697991145610683,10926.8,Residential,land_use,0.9,48.3,6848.1
ghsl_2878_cell_00335,32,14,48.91612928986322,2.4827639393094207,11248.3,Civic,land_use,6.5,50.0,6741.6
ghsl_2878_cell_00336,33,14,48.916129289863235,2.495728764057773,5136.9,Industrial,land_use,14.1,52.6,6309.2
ghsl_2878_cell_00337,34,14,48.91612928986322,2.508693588806125,7368.3,Civic,land_use,11.7,57.0,5997.1
ghsl_2878_cell_00338,35,14,48.91612928986322,2.521658413554477,9093.4,Civic,land_use,0.6,58.4,5825.0
ghsl_2878_cell_00339,36,14,48.91612928986323,2.534623238302829,5630.1,Residential,land_use,14.5,66.6,5225.2
ghsl_2878_cell_00340,37,14,48.91612928986323,2.547588063051181,6342.0,Civic,land_use,22.2,95.8,4275.2
ghsl_2878_cell_00341,38,14,48.91612928986323,2.5605528877995334,736.6,Residential,heuristic,0.4,130.0,3325.1
ghsl_2878_cell_00342,39,14,48.91612928986323,2.5735177125478854,1375.3,Civic,land_use,33.2,80.3,2375.1
ghsl_2878_cell_00343,40,14,48.916129289863235,2.5864825372962374,1523.7,Commercial,land_use,23.3,67.6,1425.0
ghsl_2878_cell_00344,41,14,48.91612928986324,2.59944736204459,2342.4,Civic,land_use,21.6,71.7,475.0
ghsl_2878_cell_00345,1,15,48.90665814330574,2.080605738853907,1590.9,Civic,land_use,9.1,91.8,475.1
ghsl_2878_cell_00346,4,15,48.90665814330575,2.1194955657483727,3633.3,Industrial,land_use,13.9,30.8,475.1
ghsl_2878_cell_00347,5,15,48.90665814330574,2.1324588413798615,4312.9,Industrial,land_use,4.3,38.8,703.1
ghsl_2878_cell_00348,6,15,48.90665814330574,2.1454221170113494,7680.8,Civic,land_use,2.2,47.1,1510.8
ghsl_2878_cell_00349,7,15,48.90665814330575,2.158385392642838,6234.0,Industrial,land_use,6.5,55.2,2424.3
ghsl_2878_cell_00350,8,15,48.90665814330574,2.1713486682743266,5072.4,Commercial,land_use,22.4,53.4,3358.2
ghsl_2878_cell_00351,9,15,48.90665814330575,2.1843119439058145,2889.7,Green,land_use,41.4,25.5,4299.3
ghsl_2878_cell_00352,10,15,48.90665814330574,2.1972752195373038,1505.6,Commercial,land_use,35.5,24.9,5243.7
ghsl_2878_cell_00353,11,15,48.90665814330575,2.2102384951687917,4523.6,Civic,land_use,12.5,30.8,6189.9
ghsl_2878_cell_00354,12,15,48.90665814330574,2.223201770800281,7062.2,Utility,land_use,5.1,36.5,7137.2
ghsl_2878_cell_00355,13,15,48.90665814330574,2.236165046431769,13613.8,Commercial,land_use,13.1,41.2,8085.2
ghsl_2878_cell_00356,14,15,48.90665814330575,2.2491283220632576,22887.9,Civic,land_use,3.5,44.0,9033.6
ghsl_2878_cell_00357,15,15,48.90665814330574,2.262091597694746,16658.0,Civic,land_use,9.9,42.1,9982.5
ghsl_2878_cell_00358,16,15,48.90665814330575,2.275054873326235,25244.1,Civic,land_use,4.6,39.2,10608.8
ghsl_2878_cell_00359,17,15,48.906658143305755,2.288018148957723,17729.3,Civic,land_use,7.6,29.3,10333.0
ghsl_2878_cell_00360,18,15,48.90665814330574,2.300981424589212,20857.2,Residential,land_use,7.9,35.6,10138.9
ghsl_2878_cell_00361,19,15,48.90665814330574,2.3139447002207003,17253.9,Civic,land_use,15.3,33.2,10031.3
ghsl_2878_cell_00362,20,15,48.90665814330574,2.326907975852189,13391.6,Industrial,land_use,5.3,34.3,10009.1
ghsl_2878_cell_00363,21,15,48.90665814330575,2.3398712514836775,16294.1,Utility,land_use,4.7,42.1,10009.1
ghsl_2878_cell_00364,22,15,48.90665814330575,2.3528345271151654,7628.4,Utility,land_use,31.3,43.8,10013.0
ghsl_2878_cell_00365,23,15,48.906658143305755,2.3657978027466546,10408.6,Commercial,land_use,12.1,37.8,10084.2
ghsl_2878_cell_00366,24,15,48.90665814330575,2.3787610783781425,15206.2,Industrial,land_use,6.6,47.8,10127.1
ghsl_2878_cell_00367,25,15,48.90665814330575,2.391724354009631,19012.0,Civic,land_use,7.4,47.2,9561.9
ghsl_2878_cell_00368,26,15,48.90665814330575,2.4046876296411197,2973.5,Green,land_use,100.0,45.1,9061.1
ghsl_2878_cell_00369,27,15,48.90665814330575,2.4176509052726085,3283.9,Residential,land_use,6.5,47.1,8636.1
ghsl_2878_cell_00370,28,15,48.90665814330574,2.430614180904097,6629.2,Industrial,land_use,8.3,46.1,8298.4
ghsl_2878_cell_00371,29,15,48.906658143305755,2.4435774565355857,8028.2,Residential,land_use,11.9,51.4,8059.0
ghsl_2878_cell_00372,30,15,48.90665814330575,2.456540732167074,6793.0,Commercial,land_use,23.8,48.7,7927.0
ghsl_2878_cell_00373,31,15,48.906658143305755,2.469504007798563,8359.0,Industrial,land_use,2.0,50.9,7901.4
ghsl_2878_cell_00374,32,15,48.90665814330574,2.4824672834300503,9674.8,Commercial,land_use,5.4,51.2,7675.8
ghsl_2878_cell_00375,33,15,48.90665814330575,2.4954305590615387,9884.3,Civic,land_use,1.3,54.5,7296.0
ghsl_2878_cell_00376,34,15,48.90665814330575,2.508393834693028,9026.0,Civic,land_use,0.3,58.6,7025.0
ghsl_2878_cell_00377,35,15,48.90665814330575,2.5213571103245167,10227.1,Civic,land_use,4.2,64.8,6210.5
ghsl_2878_cell_00378,36,15,48.906658143305755,2.5343203859560055,7071.5,Commercial,land_use,35.9,77.8,5264.3
ghsl_2878_cell_00379,37,15,48.90665814330575,2.5472836615874934,7650.0,Civic,land_use,11.3,118.3,4319.9
ghsl_2878_cell_00380,38,15,48.90665814330575,2.5602469372189813,1824.9,Civic,land_use,3.3,120.8,3378.7
ghsl_2878_cell_00381,39,15,48.90665814330575,2.57321021285047,2240.7,Residential,land_use,2.6,95.7,2444.5
ghsl_2878_cell_00382,40,15,48.90665814330574,2.586173488481959,5650.9,Civic,land_use,0.1,66.9,1530.3
ghsl_2878_cell_00383,41,15,48.90665814330575,2.5991367641134477,4865.9,Civic,land_use,1.9,59.4,717.0
ghsl_2878_cell_00384,42,15,48.90665814330575,2.6121000397449357,782.0,Industrial,land_use,17.7,69.9,475.0
ghsl_2878_cell_00385,0,16,48.89718766026628,2.067395510511858,6689.6,Residential,land_use,7.8,73.7,475.1
ghsl_2878_cell_00386,1,16,48.89718766026628,2.08035723785049,7460.9,Residential,land_use,8.5,75.3,703.2
ghsl_2878_cell_00387,2,16,48.89718766026628,2.0933189651891224,8583.5,Residential,land_use,28.7,96.5,526.6
ghsl_2878_cell_00388,3,16,48.89718766026628,2.106280692527754,4698.0,Residential,land_use,5.7,29.4,526.6
ghsl_2878_cell_00389,4,16,48.897187660266276,2.119242419866387,3985.1,Civic,land_use,8.9,37.9,703.1
ghsl_2878_cell_00390,5,16,48.89718766026628,2.1322041472050195,3000.4,Commercial,land_use,18.4,43.4,1511.0
ghsl_2878_cell_00391,6,16,48.89718766026628,2.1451658745436517,5865.7,Residential,land_use,6.8,50.2,2109.2
ghsl_2878_cell_00392,7,16,48.89718766026628,2.158127601882284,6647.6,Civic,land_use,1.8,37.6,2829.7
ghsl_2878_cell_00393,8,16,48.89718766026628,2.171089329220916,3765.4,Industrial,land_use,3.9,21.0,3656.8
ghsl_2878_cell_00394,9,16,48.89718766026628,2.184051056559549,6378.2,Industrial,land_use,4.7,27.2,4532.4
ghsl_2878_cell_00395,10,16,48.89718766026628,2.197012783898181,9017.9,Civic,land_use,13.8,29.5,5433.2
ghsl_2878_cell_00396,11,16,48.89718766026627,2.2099745112368128,9248.5,Utility,land_use,11.3,40.3,6348.4
ghsl_2878_cell_00397,12,16,48.89718766026628,2.222936238575446,8274.9,Civic,land_use,38.0,51.1,7272.6
ghsl_2878_cell_00398,13,16,48.89718766026628,2.2358979659140785,20068.4,Utility,land_use,20.1,64.9,8202.8
ghsl_2878_cell_00399,14,16,48.89718766026628,2.2488596932527107,31572.7,Civic,land_use,21.0,50.7,9137.0
ghsl_2878_cell_00400,15,16,48.89718766026628,2.2618214205913425,26300.6,Residential,land_use,13.0,49.7,10074.3
ghsl_2878_cell_00401,16,16,48.89718766026628,2.2747831479299743,16544.5,Civic,land_use,9.7,33.8,11013.8
ghsl_2878_cell_00402,17,16,48.89718766026628,2.2877448752686074,29883.4,Residential,land_use,19.4,40.7,11360.8
ghsl_2878_cell_00403,18,16,48.897187660266276,2.3007066026072396,26856.5,Utility,land_use,8.4,35.7,11182.9
ghsl_2878_cell_00404,19,16,48.89718766026628,2.3136683299458727,24786.1,Civic,land_use,15.6,35.9,11083.7
ghsl_2878_cell_00405,20,16,48.89718766026628,2.3266300572845044,32351.4,Civic,land_use,7.5,55.8,11062.3
ghsl_2878_cell_00406,21,16,48.89718766026628,2.339591784623136,40536.5,Civic,land_use,8.2,53.5,11062.3
ghsl_2878_cell_00407,22,16,48.89718766026628,2.3525535119617693,22676.1,Industrial,land_use,5.2,49.9,11065.3
ghsl_2878_cell_00408,23,16,48.89718766026628,2.3655152393004015,21441.7,Industrial,land_use,14.2,44.9,11128.0
ghsl_2878_cell_00409,24,16,48.89718766026628,2.3784769666390337,23756.2,Commercial,land_use,11.1,40.7,10981.0
ghsl_2878_cell_00410,25,16,48.89718766026628,2.391438693977666,12260.9,Green,land_use,46.4,51.5,10460.1
ghsl_2878_cell_00411,26,16,48.89718766026628,2.404400421316298,14480.6,Industrial,land_use,3.9,53.4,10002.3
ghsl_2878_cell_00412,27,16,48.89718766026628,2.417362148654931,10739.2,Utility,land_use,4.4,57.7,9616.9
ghsl_2878_cell_00413,28,16,48.89718766026628,2.4303238759935635,6320.4,Commercial,land_use,6.9,51.7,9312.6
ghsl_2878_cell_00414,29,16,48.89718766026628,2.4432856033321957,4956.0,Industrial,land_use,5.2,53.8,9097.8
ghsl_2878_cell_00415,30,16,48.89718766026628,2.456247330670828,7533.1,Utility,land_use,6.3,57.2,8978.7
ghsl_2878_cell_00416,31,16,48.89718766026628,2.46920905800946,8535.3,Civic,land_use,2.9,65.0,8954.6
ghsl_2878_cell_00417,32,16,48.89718766026628,2.482170785348092,13134.1,Residential,land_use,8.9,58.0,8637.3
ghsl_2878_cell_00418,33,16,48.89718766026628,2.4951325126867245,12066.2,Residential,land_use,2.6,57.3,8263.8
ghsl_2878_cell_00419,34,16,48.89718766026628,2.5080942400253563,7413.2,Civic,land_use,0.0,66.5,7333.3
ghsl_2878_cell_00420,35,16,48.89718766026628,2.521055967363989,6943.2,Civic,land_use,2.5,92.7,6408.6
ghsl_2878_cell_00421,36,16,48.89718766026628,2.5340176947026216,9807.7,Civic,land_use,4.8,114.7,5492.7
ghsl_2878_cell_00422,37,16,48.89718766026628,2.546979422041254,9217.6,Civic,land_use,1.4,116.7,4590.7
ghsl_2878_cell_00423,38,16,48.89718766026628,2.559941149379886,5425.3,Civic,land_use,1.9,115.9,3713.0
ghsl_2878_cell_00424,39,16,48.89718766026628,2.5729028767185187,4721.0,Civic,land_use,10.0,84.9,2881.5
ghsl_2878_cell_00425,40,16,48.89718766026628,2.585864604057151,3099.7,Industrial,land_use,11.4,106.1,2150.9
ghsl_2878_cell_00426,41,16,48.897187660266276,2.5988263313957836,2694.3,Civic,land_use,34.9,67.5,1530.4
ghsl_2878_cell_00427,42,16,48.89718766026628,2.6117880587344158,1500.8,Industrial,land_use,27.1,60.5,717.0
ghsl_2878_cell_00428,43,16,48.89718766026628,2.624749786073048,1782.3,Green,land_use,82.8,56.2,475.1
ghsl_2878_cell_00429,0,17,48.887717840440544,2.0671486891315185,3597.4,Residential,land_use,6.3,114.1,475.2
ghsl_2878_cell_00430,1,17,48.88771784044055,2.0801088690006817,4684.6,Residential,land_use,2.4,84.5,1425.5
ghsl_2878_cell_00431,2,17,48.88771784044055,2.0930690488698445,6879.7,Residential,land_use,1.8,36.1,1579.7
ghsl_2878_cell_00432,3,17,48.88771784044055,2.1060292287390077,3275.8,Commercial,land_use,12.2,30.0,1579.7
ghsl_2878_cell_00433,4,17,48.88771784044055,2.118989408608171,2485.5,Industrial,land_use,2.9,28.9,1641.8
ghsl_2878_cell_00434,5,17,48.887717840440544,2.131949588477334,3802.8,Utility,land_use,9.7,36.0,2109.3
ghsl_2878_cell_00435,6,17,48.88771784044055,2.1449097683464973,4716.7,Civic,land_use,3.3,37.5,2830.0
ghsl_2878_cell_00436,7,17,48.88771784044055,2.15786994821566,5056.0,Civic,land_use,2.4,39.4,3515.2
ghsl_2878_cell_00437,8,17,48.887717840440565,2.1708301280848237,8370.4,Residential,land_use,7.1,32.3,4205.4
ghsl_2878_cell_00438,9,17,48.88771784044055,2.183790307953986,9445.4,Civic,land_use,4.4,28.5,4982.0
ghsl_2878_cell_00439,10,17,48.887717840440544,2.196750487823149,10524.2,Civic,land_use,3.3,33.9,5810.5
ghsl_2878_cell_00440,11,17,48.88771784044055,2.2097106676923124,7901.7,Commercial,land_use,8.4,60.5,6671.4
ghsl_2878_cell_00441,12,17,48.887717840440544,2.2226708475614756,11661.5,Residential,land_use,9.8,69.5,7553.9
ghsl_2878_cell_00442,13,17,48.887717840440544,2.235631027430639,16529.3,Utility,land_use,12.3,72.2,8451.0
ghsl_2878_cell_00443,14,17,48.88771784044055,2.248591207299802,18705.3,Civic,land_use,10.6,38.1,9358.6
ghsl_2878_cell_00444,15,17,48.88771784044055,2.261551387168965,16368.7,Civic,land_use,12.6,42.1,10273.9
ghsl_2878_cell_00445,16,17,48.887717840440544,2.2745115670381284,16956.5,Residential,land_use,31.3,42.6,11195.1
ghsl_2878_cell_00446,17,17,48.88771784044055,2.2874717469072916,31547.9,Residential,land_use,13.1,37.5,12120.7
ghsl_2878_cell_00447,18,17,48.887717840440565,2.3004319267764552,29647.4,Residential,land_use,11.2,52.4,12228.3
ghsl_2878_cell_00448,19,17,48.887717840440544,2.3133921066456176,28764.1,Utility,land_use,14.6,39.0,12136.1
ghsl_2878_cell_00449,20,17,48.88771784044056,2.3263522865147808,34051.7,Civic,land_use,13.6,76.8,12115.4
ghsl_2878_cell_00450,21,17,48.88771784044055,2.3393124663839444,46699.3,Civic,land_use,8.0,128.0,12115.5
ghsl_2878_cell_00451,22,17,48.88771784044055,2.352272646253107,39992.9,Utility,land_use,1.5,74.9,12117.7
ghsl_2878_cell_00452,23,17,48.887717840440544,2.36523282612227,32918.0,Industrial,land_use,7.3,46.7,12173.4
ghsl_2878_cell_00453,24,17,48.887717840440544,2.378193005991433,41744.0,Civic,land_use,3.4,51.0,11867.0
ghsl_2878_cell_00454,25,17,48.88771784044055,2.3911531858605968,27341.7,Civic,land_use,9.5,58.8,11384.9
ghsl_2878_cell_00455,26,17,48.887717840440544,2.4041133657297595,22981.1,Civic,land_use,8.2,67.0,10963.9
ghsl_2878_cell_00456,27,17,48.88771784044055,2.4170735455989227,12360.9,Civic,land_use,29.1,75.0,10611.5
ghsl_2878_cell_00457,28,17,48.887717840440565,2.430033725468086,5506.2,Green,land_use,63.4,100.1,10334.6
ghsl_2878_cell_00458,29,17,48.88771784044055,2.442993905337249,6844.9,Civic,land_use,12.5,117.9,10139.4
ghsl_2878_cell_00459,30,17,48.88771784044055,2.455954085206412,9461.7,Civic,land_use,20.4,74.9,10030.7
ghsl_2878_cell_00460,31,17,48.887717840440544,2.4689142650755747,5548.7,Civic,land_use,9.9,71.3,10004.0
ghsl_2878_cell_00461,32,17,48.88771784044055,2.4818744449447383,5802.1,Industrial,land_use,5.2,61.7,9458.0
ghsl_2878_cell_00462,33,17,48.887717840440544,2.494834624813901,7486.7,Residential,land_use,1.1,63.4,8549.5
ghsl_2878_cell_00463,34,17,48.887717840440544,2.507794804683064,8539.2,Civic,land_use,1.2,59.0,7651.0
ghsl_2878_cell_00464,35,17,48.88771784044055,2.520754984552228,6455.7,Civic,land_use,2.0,61.8,6766.7
ghsl_2878_cell_00465,36,17,48.887717840440544,2.5337151644213907,6135.7,Residential,land_use,8.0,81.5,5903.0
ghsl_2878_cell_00466,37,17,48.88771784044055,2.546675344290554,3992.3,Civic,land_use,3.0,116.7,5070.3
ghsl_2878_cell_00467,38,17,48.887717840440544,2.5596355241597166,2846.8,Green,land_use,100.0,112.5,4286.7
ghsl_2878_cell_00468,39,17,48.88771784044055,2.5725957040288803,1561.7,Civic,land_use,32.2,66.1,3584.7
ghsl_2878_cell_00469,40,17,48.887717840440544,2.585555883898043,2927.3,Industrial,land_use,22.2,48.4,2881.7
ghsl_2878_cell_00470,41,17,48.88771784044055,2.5985160637672062,2284.9,Industrial,land_use,10.9,79.4,2150.9
ghsl_2878_cell_00471,42,17,48.88771784044055,2.6114762436363694,3970.2,Industrial,land_use,8.7,55.8,1425.3
ghsl_2878_cell_00472,43,17,48.88771784044056,2.6244364235055326,4610.4,Civic,land_use,12.6,57.0,475.1
ghsl_2878_cell_00473,0,18,48.87824868352448,2.066901998982554,828.1,Residential,land_use,1.2,174.1,475.2
ghsl_2878_cell_00474,1,18,48.878248683524475,2.0798606322050146,3182.1,Residential,land_use,1.8,83.5,1425.6
ghsl_2878_cell_00475,2,18,48.87824868352448,2.092819265427477,7559.1,Residential,land_use,12.2,98.0,1579.3
ghsl_2878_cell_00476,3,18,48.87824868352448,2.105777898649938,4877.9,Residential,land_use,13.8,65.5,1657.6
ghsl_2878_cell_00477,4,18,48.87824868352449,2.1187365318723987,1272.0,Residential,land_use,12.4,25.1,2146.5
ghsl_2878_cell_00478,5,18,48.878248683524475,2.13169516509486,2825.9,Commercial,land_use,11.6,28.3,2876.6
ghsl_2878_cell_00479,6,18,48.87824868352448,2.1446537983173215,4492.6,Residential,land_use,2.8,30.9,3515.4
ghsl_2878_cell_00480,7,18,48.87824868352448,2.157612431539782,2230.7,Green,land_use,44.1,26.6,4205.7
ghsl_2878_cell_00481,8,18,48.878248683524475,2.170571064762244,8377.5,Commercial,land_use,3.9,31.9,4921.1
ghsl_2878_cell_00482,9,18,48.878248683524475,2.1835296979847048,10974.5,Utility,land_use,3.5,40.9,5596.1
ghsl_2878_cell_00483,10,18,48.87824868352448,2.196488331207166,8829.8,Residential,land_use,5.8,77.7,6342.1
ghsl_2878_cell_00484,11,18,48.87824868352448,2.209446964429627,7155.9,Civic,land_use,13.0,89.9,7136.7
ghsl_2878_cell_00485,12,18,48.87824868352448,2.2224055976520884,14000.0,Residential,land_use,8.6,88.0,7965.5
ghsl_2878_cell_00486,13,18,48.87824868352448,2.23536423087455,18423.6,Civic,land_use,9.8,36.8,8818.8
ghsl_2878_cell_00487,14,18,48.878248683524475,2.2483228640970103,9661.0,Residential,land_use,10.7,24.6,9690.2
ghsl_2878_cell_00488,15,18,48.87824868352448,2.2612814973194717,7862.6,Civic,land_use,11.7,36.8,10575.1
ghsl_2878_cell_00489,16,18,48.87824868352448,2.2742401305419326,11479.0,Industrial,land_use,4.6,42.9,11470.5
ghsl_2878_cell_00490,17,18,48.878248683524475,2.287198763764393,28922.5,Utility,land_use,10.2,55.4,11928.1
ghsl_2878_cell_00491,18,18,48.87824868352448,2.3001573969868554,29188.6,Civic,land_use,2.3,55.7,12317.5
ghsl_2878_cell_00492,19,18,48.878248683524475,2.3131160302093163,15378.5,Civic,land_use,14.7,59.1,12766.1
ghsl_2878_cell_00493,20,18,48.87824868352448,2.3260746634317777,14743.7,Civic,land_use,2.2,54.9,13168.5
ghsl_2878_cell_00494,21,18,48.87824868352448,2.339033296654239,25126.8,Civic,land_use,1.1,52.2,13168.5
ghsl_2878_cell_00495,22,18,48.878248683524475,2.3519919298766996,30443.8,Civic,land_use,2.1,51.7,13170.2
ghsl_2878_cell_00496,23,18,48.87824868352448,2.3649505630991605,30032.8,Civic,land_use,5.9,49.8,13220.0
ghsl_2878_cell_00497,24,18,48.87824868352448,2.377909196321622,27796.7,Civic,land_use,33.1,79.1,12778.3
ghsl_2878_cell_00498,25,18,48.878248683524475,2.3908678295440824,34614.6,Civic,land_use,3.8,99.6,12330.2
ghsl_2878_cell_00499,26,18,48.878248683524475,2.403826462766544,30766.0,Utility,land_use,17.7,105.6,11941.0
ghsl_2878_cell_00500,27,18,48.878248683524475,2.416785095989005,20724.4,Civic,land_use,8.4,120.1,11616.5
ghsl_2878_cell_00501,28,18,48.87824868352448,2.429743729211466,13671.1,Civic,land_use,8.7,117.9,11362.3
ghsl_2878_cell_00502,29,18,48.87824868352448,2.4427023624339275,10625.1,Utility,land_use,4.2,121.5,11183.2
ghsl_2878_cell_00503,30,18,48.878248683524475,2.455660995656389,15128.4,Civic,land_use,6.3,115.0,11082.9
ghsl_2878_cell_00504,31,18,48.87824868352448,2.4686196288788502,7933.4,Commercial,land_use,25.2,110.5,10711.1
ghsl_2878_cell_00505,32,18,48.878248683524475,2.481578262101311,9012.4,Commercial,land_use,7.4,67.3,9824.4
ghsl_2878_cell_00506,33,18,48.878248683524475,2.494536895323772,6284.4,Civic,land_use,14.6,81.4,8950.7
ghsl_2878_cell_00507,34,18,48.878248683524475,2.507495528546233,4985.3,Industrial,land_use,16.0,107.1,8094.3
ghsl_2878_cell_00508,35,18,48.87824868352448,2.5204541617686944,7125.3,Civic,land_use,3.8,55.1,7261.2
ghsl_2878_cell_00509,36,18,48.87824868352448,2.5334127949911562,6906.7,Industrial,land_use,0.2,60.1,6460.6
ghsl_2878_cell_00510,37,18,48.87824868352448,2.546371428213617,4974.2,Civic,land_use,18.9,61.2,5706.0
ghsl_2878_cell_00511,38,18,48.87824868352448,2.559330061436078,2847.2,Residential,land_use,6.6,67.5,5018.4
ghsl_2878_cell_00512,39,18,48.87824868352448,2.572288694658539,5186.4,Civic,land_use,7.1,40.5,4287.0
ghsl_2878_cell_00513,40,18,48.878248683524475,2.585247327881,6183.1,Civic,land_use,10.7,41.7,3379.4
ghsl_2878_cell_00514,41,18,48.87824868352448,2.598205961103462,5749.4,Residential,heuristic,12.3,43.8,2445.0
ghsl_2878_cell_00515,42,18,48.87824868352448,2.6111645943259227,2847.1,Utility,land_use,10.4,51.3,1530.6
ghsl_2878_cell_00516,43,18,48.87824868352448,2.624123227548384,4140.1,Industrial,land_use,3.2,42.5,717.0
ghsl_2878_cell_00517,44,18,48.87824868352448,2.6370818607708446,3193.6,Utility,land_use,3.5,52.7,475.1
ghsl_2878_cell_00518,0,19,48.86878018921416,2.066655439966225,2794.8,Residential,land_use,3.0,90.3,475.2
ghsl_2878_cell_00519,1,19,48.86878018921416,2.079612527364133,2086.4,Utility,land_use,3.7,122.6,526.3
ghsl_2878_cell_00520,2,19,48.868780189214164,2.0925696147620405,4160.4,Commercial,land_use,14.1,127.8,526.4
ghsl_2878_cell_00521,3,19,48.86878018921416,2.1055267021599473,2318.3,Residential,land_use,5.9,112.8,715.5
ghsl_2878_cell_00522,4,19,48.86878018921416,2.1184837895578545,1078.6,Residential,land_use,5.8,104.2,1528.6
ghsl_2878_cell_00523,5,19,48.868780189214164,2.1314408769557627,1918.0,Residential,land_use,1.5,20.5,2146.6
ghsl_2878_cell_00524,6,19,48.86878018921416,2.14439796435367,2182.5,Residential,land_use,8.7,23.4,2876.8
ghsl_2878_cell_00525,7,19,48.86878018921416,2.157355051751577,1607.3,Commercial,land_use,17.0,37.2,3708.3
ghsl_2878_cell_00526,8,19,48.86878018921416,2.170312139149484,2989.6,Green,land_use,47.9,60.1,4586.4
ghsl_2878_cell_00527,9,19,48.86878018921416,2.1832692265473916,8249.3,Residential,land_use,4.3,52.4,5488.8
ghsl_2878_cell_00528,10,19,48.868780189214164,2.1962263139452998,9791.9,Civic,land_use,3.5,81.5,6405.1
ghsl_2878_cell_00529,11,19,48.868780189214164,2.209183401343207,10081.3,Utility,land_use,10.0,102.6,7330.2
ghsl_2878_cell_00530,12,19,48.868780189214164,2.2221404887411143,14470.0,Utility,land_use,16.0,52.2,8261.2
ghsl_2878_cell_00531,13,19,48.86878018921416,2.2350975761390215,3130.7,Residential,land_use,18.8,29.3,9196.1
ghsl_2878_cell_00532,14,19,48.868780189214164,2.248054663536929,166.9,Green,land_use,100.0,39.6,10121.0
ghsl_2878_cell_00533,15,19,48.868780189214164,2.2610117509348364,263.1,Industrial,land_use,21.5,46.2,10322.8
ghsl_2878_cell_00534,16,19,48.86878018921416,2.273968838332743,14629.3,Civic,land_use,11.6,45.0,10599.2
ghsl_2878_cell_00535,17,19,48.868780189214164,2.286925925730651,26893.3,Civic,land_use,10.7,74.9,10951.6
ghsl_2878_cell_00536,18,19,48.86878018921416,2.299883013128558,15199.6,Commercial,land_use,2.1,70.1,11372.9
ghsl_2878_cell_00537,19,19,48.86878018921416,2.3128401005264654,9153.7,Utility,land_use,31.8,31.0,11855.6
ghsl_2878_cell_00538,20,19,48.86878018921416,2.325797187924373,14134.3,Commercial,land_use,2.8,49.6,12392.8
ghsl_2878_cell_00539,21,19,48.86878018921416,2.3387542753222803,23617.3,Utility,land_use,3.0,51.0,12977.6
ghsl_2878_cell_00540,22,19,48.86878018921416,2.3517113627201875,34169.0,Civic,land_use,1.0,50.7,13603.8
ghsl_2878_cell_00541,23,19,48.868780189214164,2.364668450118095,33642.3,Civic,land_use,3.8,45.2,14179.4
ghsl_2878_cell_00542,24,19,48.86878018921416,2.377625537516002,40597.5,Civic,land_use,4.1,54.5,13709.9
ghsl_2878_cell_00543,25,19,48.86878018921416,2.3905826249139093,39543.1,Civic,land_use,12.1,88.1,13291.7
ghsl_2878_cell_00544,26,19,48.86878018921416,2.403539712311817,36360.7,Civic,land_use,4.8,100.2,12929.9
ghsl_2878_cell_00545,27,19,48.868780189214164,2.416496799709725,15117.5,Civic,land_use,21.4,89.8,12629.2
ghsl_2878_cell_00546,28,19,48.868780189214164,2.429453887107632,15097.8,Civic,land_use,7.0,104.6,12394.2
ghsl_2878_cell_00547,29,19,48.86878018921416,2.442410974505539,13380.1,Civic,land_use,0.6,105.6,12228.6
ghsl_2878_cell_00548,30,19,48.86878018921416,2.455368061903447,12075.7,Utility,land_use,2.3,103.9,12004.6
ghsl_2878_cell_00549,31,19,48.86878018921416,2.468325149301354,6270.2,Industrial,land_use,19.7,115.4,11137.9
ghsl_2878_cell_00550,32,19,48.868780189214164,2.4812822366992613,7570.4,Utility,land_use,6.1,90.1,10286.0
ghsl_2878_cell_00551,33,19,48.868780189214164,2.494239324097169,7936.5,Civic,land_use,0.6,72.1,9452.8
ghsl_2878_cell_00552,34,19,48.868780189214164,2.507196411495076,4978.9,Civic,land_use,1.4,84.6,8643.8
ghsl_2878_cell_00553,35,19,48.86878018921416,2.5201534988929835,4541.5,Industrial,land_use,2.2,72.6,7866.4
ghsl_2878_cell_00554,36,19,48.86878018921416,2.5331105862908907,9313.2,Residential,land_use,6.5,48.4,7131.0
ghsl_2878_cell_00555,37,19,48.868780189214164,2.5460676736887984,2752.1,Green,land_use,43.4,46.5,6410.1
ghsl_2878_cell_00556,38,19,48.86878018921416,2.5590247610867056,5036.6,Civic,land_use,0.0,45.5,5493.9
ghsl_2878_cell_00557,39,19,48.868780189214164,2.571981848484613,5622.3,Residential,land_use,7.9,38.2,4591.7
ghsl_2878_cell_00558,40,19,48.86878018921416,2.58493893588252,4452.0,Residential,land_use,10.7,38.8,3713.7
ghsl_2878_cell_00559,41,19,48.86878018921416,2.597896023280428,1934.4,Industrial,land_use,9.2,44.2,2882.0
ghsl_2878_cell_00560,42,19,48.868780189214164,2.6108531106783355,2161.2,Residential,land_use,2.1,39.4,2151.0
ghsl_2878_cell_00561,43,19,48.86878018921416,2.6238101980762423,2319.1,Residential,heuristic,21.4,42.7,1425.5
ghsl_2878_cell_00562,44,19,48.86878018921416,2.6367672854741495,4483.1,Residential,land_use,1.7,41.2,475.2
ghsl_2878_cell_00563,3,20,48.85931235720592,2.10527563916855,528.6,Green,land_use,42.8,165.9,475.3
ghsl_2878_cell_00564,4,20,48.85931235720592,2.1182311815634334,2533.9,Residential,land_use,3.5,120.5,715.5
ghsl_2878_cell_00565,5,20,48.859312357205916,2.131186723958317,5143.3,Residential,land_use,1.6,117.5,1528.8
ghsl_2878_cell_00566,6,20,48.85931235720592,2.1441422663532,4058.1,Residential,land_use,3.1,127.7,2443.4
ghsl_2878_cell_00567,7,20,48.85931235720592,2.157097808748083,1230.3,Residential,land_use,2.4,141.0,3377.9
ghsl_2878_cell_00568,8,20,48.859312357205916,2.170053351142967,1561.0,Civic,land_use,2.6,152.2,4319.6
ghsl_2878_cell_00569,9,20,48.85931235720592,2.18300889353785,5469.5,Civic,land_use,9.0,105.4,5264.4
ghsl_2878_cell_00570,10,20,48.85931235720592,2.195964435932733,6748.3,Residential,land_use,7.3,94.1,6211.1
ghsl_2878_cell_00571,11,20,48.85931235720592,2.208919978327617,9607.8,Green,land_use,42.3,92.8,7158.8
ghsl_2878_cell_00572,12,20,48.85931235720592,2.2218755207225005,8267.5,Industrial,land_use,5.7,37.0,8107.2
ghsl_2878_cell_00573,13,20,48.85931235720593,2.234831063117384,460.7,Residential,land_use,21.3,27.4,8969.5
ghsl_2878_cell_00574,14,20,48.859312357205916,2.2477866055122666,128.4,Industrial,land_use,1.2,53.2,9087.2
ghsl_2878_cell_00575,15,20,48.85931235720592,2.2607421479071506,3537.6,Residential,land_use,12.2,54.0,9301.2
ghsl_2878_cell_00576,16,20,48.859312357205916,2.2736976903020336,24432.7,Civic,land_use,15.2,75.3,9605.1
ghsl_2878_cell_00577,17,20,48.85931235720593,2.286653232696917,17976.8,Civic,land_use,25.7,63.4,9990.7
ghsl_2878_cell_00578,18,20,48.85931235720592,2.2996087750918006,12713.3,Civic,land_use,36.9,52.0,10449.0
ghsl_2878_cell_00579,19,20,48.85931235720592,2.312564317486684,10677.2,Civic,land_use,16.1,33.4,10970.8
ghsl_2878_cell_00580,20,20,48.859312357205916,2.3255198598815667,13609.2,Civic,land_use,29.7,42.0,11547.5
ghsl_2878_cell_00581,21,20,48.85931235720592,2.3384754022764507,11562.2,Civic,land_use,9.5,43.2,12171.4
ghsl_2878_cell_00582,22,20,48.85931235720592,2.3514309446713337,19822.7,Residential,land_use,2.7,44.0,12835.6
ghsl_2878_cell_00583,23,20,48.85931235720592,2.3643864870662172,34371.9,Residential,land_use,5.4,46.1,13534.0
ghsl_2878_cell_00584,24,20,48.85931235720592,2.3773420294611007,48074.3,Civic,land_use,3.3,47.1,14261.8
ghsl_2878_cell_00585,25,20,48.859312357205916,2.3902975718559842,28149.8,Green,land_use,48.9,56.4,14266.1
ghsl_2878_cell_00586,26,20,48.85931235720592,2.4032531142508677,36444.5,Civic,land_use,6.7,74.7,13928.1
ghsl_2878_cell_00587,27,20,48.85931235720592,2.4162086566457512,17212.1,Residential,land_use,7.6,61.9,13648.0
ghsl_2878_cell_00588,28,20,48.85931235720592,2.4291641990406343,13480.3,Residential,land_use,28.2,73.0,13429.3
ghsl_2878_cell_00589,29,20,48.859312357205916,2.4421197414355174,19555.3,Civic,land_use,2.0,76.9,13268.3
ghsl_2878_cell_00590,30,20,48.85931235720592,2.455075283830401,7889.4,Green,land_use,42.4,111.3,12477.8
ghsl_2878_cell_00591,31,20,48.85931235720592,2.468030826225284,9842.8,Civic,land_use,4.6,97.0,11644.6
ghsl_2878_cell_00592,32,20,48.85931235720592,2.480986368620168,9563.4,Residential,land_use,12.4,73.8,10830.6
ghsl_2878_cell_00593,33,20,48.85931235720592,2.493941911015051,8817.0,Commercial,land_use,2.5,51.1,10040.6
ghsl_2878_cell_00594,34,20,48.85931235720592,2.5068974534099344,9488.0,Civic,land_use,2.0,41.8,9280.6
ghsl_2878_cell_00595,35,20,48.85931235720592,2.519852995804818,7022.4,Civic,land_use,7.6,42.7,8551.4
ghsl_2878_cell_00596,36,20,48.859312357205916,2.532808538199701,8900.8,Civic,land_use,9.0,42.7,7652.7
ghsl_2878_cell_00597,37,20,48.85931235720592,2.5457640805945845,1738.6,Civic,land_use,14.1,41.2,6768.2
ghsl_2878_cell_00598,38,20,48.85931235720592,2.558719622989468,58.1,Green,land_use,75.5,37.8,5904.2
ghsl_2878_cell_00599,39,20,48.859312357205916,2.571675165384351,3741.4,Civic,land_use,18.3,40.3,5071.2
ghsl_2878_cell_00600,40,20,48.85931235720593,2.5846307077792345,5101.4,Civic,land_use,2.6,41.8,4287.3
ghsl_2878_cell_00601,41,20,48.859312357205916,2.597586250174118,1922.2,Residential,heuristic,18.9,45.0,3379.9
ghsl_2878_cell_00602,42,20,48.85931235720592,2.6105417925690015,0.1,Green,land_use,93.3,38.6,2445.4
ghsl_2878_cell_00603,43,20,48.859312357205916,2.623497334963885,848.3,Green,land_use,100.0,39.4,1530.8
ghsl_2878_cell_00604,44,20,48.85931235720592,2.636452877358768,607.5,Residential,heuristic,2.4,37.2,717.0
ghsl_2878_cell_00605,45,20,48.85931235720592,2.649408419753652,1302.1,Green,land_use,60.1,44.6,475.2
ghsl_2878_cell_00606,4,21,48.84984518719629,2.1179787077881365,112.1,Residential,heuristic,37.2,171.9,475.3
ghsl_2878_cell_00607,5,21,48.84984518719628,2.1309327060009076,2669.3,Residential,land_use,4.0,118.9,1425.8
ghsl_2878_cell_00608,6,21,48.84984518719629,2.14388670421368,3525.0,Residential,land_use,32.2,162.3,2376.4
ghsl_2878_cell_00609,7,21,48.849845187196294,2.156840702426451,1590.0,Residential,land_use,4.2,166.6,3327.0
ghsl_2878_cell_00610,8,21,48.84984518719628,2.169794700639222,645.6,Utility,land_use,3.4,163.1,4277.5
ghsl_2878_cell_00611,9,21,48.849845187196294,2.182748698851994,2345.2,Green,land_use,87.9,161.4,5228.1
ghsl_2878_cell_00612,10,21,48.84984518719628,2.195702697064765,7194.7,Residential,land_use,5.0,152.4,6178.6
ghsl_2878_cell_00613,11,21,48.84984518719629,2.2086566952775364,7437.0,Residential,heuristic,12.7,127.2,7129.2
ghsl_2878_cell_00614,12,21,48.849845187196294,2.221610693490308,6650.2,Civic,land_use,2.6,33.8,7893.7
ghsl_2878_cell_00615,13,21,48.84984518719628,2.2345646917030795,6657.0,Civic,land_use,29.0,32.3,7918.2
ghsl_2878_cell_00616,14,21,48.84984518719629,2.247518689915851,5407.7,Civic,land_use,18.7,47.7,8048.9
ghsl_2878_cell_00617,15,21,48.84984518719628,2.2604726881286226,12441.0,Residential,land_use,11.5,47.6,8287.6
ghsl_2878_cell_00618,16,21,48.84984518719629,2.273426686341394,21037.4,Civic,land_use,3.3,43.2,8625.1
ghsl_2878_cell_00619,17,21,48.84984518719628,2.286380684554165,29053.5,Civic,land_use,5.8,46.1,9050.5
ghsl_2878_cell_00620,18,21,48.84984518719629,2.2993346827669368,30157.2,Civic,land_use,6.4,43.8,9552.0
ghsl_2878_cell_00621,19,21,48.84984518719629,2.3122886809797087,20626.6,Civic,land_use,7.3,46.3,10118.3
ghsl_2878_cell_00622,20,21,48.84984518719628,2.3252426791924794,21432.9,Civic,land_use,7.4,48.1,10739.1
ghsl_2878_cell_00623,21,21,48.849845187196294,2.3381966774052514,20097.9,Civic,land_use,29.8,49.5,11405.7
ghsl_2878_cell_00624,22,21,48.84984518719628,2.3511506756180225,24192.3,Civic,land_use,4.5,49.3,12110.3
ghsl_2878_cell_00625,23,21,48.849845187196294,2.3641046738307945,16767.1,Utility,land_use,9.1,44.6,12836.2
ghsl_2878_cell_00626,24,21,48.84984518719628,2.3770586720435656,33270.2,Civic,land_use,2.6,39.5,13534.8
ghsl_2878_cell_00627,25,21,48.84984518719628,2.390012670256337,37671.4,Civic,land_use,6.0,53.3,14262.7
ghsl_2878_cell_00628,26,21,48.849845187196294,2.4029666684691087,31080.7,Civic,land_use,5.2,61.3,14730.6
ghsl_2878_cell_00629,27,21,48.84984518719629,2.41592066668188,23459.2,Civic,land_use,11.0,47.0,13986.6
ghsl_2878_cell_00630,28,21,48.849845187196294,2.4288746648946518,23473.2,Civic,land_use,3.6,55.3,13269.2
ghsl_2878_cell_00631,29,21,48.84984518719628,2.4418286631074233,25913.4,Civic,land_use,5.4,56.9,12582.8
ghsl_2878_cell_00632,30,21,48.84984518719628,2.4547826613201944,17593.8,Industrial,land_use,3.0,67.1,11873.3
ghsl_2878_cell_00633,31,21,48.84984518719629,2.467736659532966,10535.1,Industrial,land_use,6.8,80.7,11180.5
ghsl_2878_cell_00634,32,21,48.84984518719628,2.480690657745737,7949.7,Residential,land_use,23.5,89.5,10528.2
ghsl_2878_cell_00635,33,21,48.84984518719629,2.493644655958509,7303.2,Civic,land_use,10.0,59.1,9924.3
ghsl_2878_cell_00636,34,21,48.84984518719628,2.5065986541712806,8959.0,Utility,land_use,0.6,47.5,9378.3
ghsl_2878_cell_00637,35,21,48.84984518719629,2.519552652384052,4283.1,Residential,land_use,6.4,39.5,8900.7
ghsl_2878_cell_00638,36,21,48.84984518719628,2.5325066505968232,6428.4,Industrial,land_use,7.9,41.0,8095.9
ghsl_2878_cell_00639,37,21,48.84984518719628,2.5454606488095948,7402.1,Civic,land_use,7.5,66.8,7262.6
ghsl_2878_cell_00640,38,21,48.849845187196294,2.5584146470223668,4399.9,Residential,land_use,3.2,78.3,6411.0
ghsl_2878_cell_00641,39,21,48.84984518719628,2.571368645235138,7360.6,Civic,land_use,4.3,78.9,5494.7
ghsl_2878_cell_00642,40,21,48.84984518719628,2.5843226434479094,4147.3,Civic,land_use,12.7,76.0,4592.4
ghsl_2878_cell_00643,41,21,48.84984518719629,2.5972766416606814,3372.6,Civic,land_use,2.9,73.3,3714.2
ghsl_2878_cell_00644,42,21,48.84984518719628,2.610230639873452,4873.1,Civic,land_use,13.2,91.9,2882.3
ghsl_2878_cell_00645,43,21,48.84984518719629,2.6231846380862236,4353.5,Industrial,land_use,15.5,75.5,2151.1
ghsl_2878_cell_00646,44,21,48.849845187196294,2.6361386362989947,4364.6,Green,land_use,79.2,81.9,1531.0
ghsl_2878_cell_00647,45,21,48.84984518719629,2.6490926345117667,7525.4,Civic,land_use,13.3,107.2,717.1
ghsl_2878_cell_00648,46,21,48.849845187196294,2.6620466327245387,1897.8,Industrial,land_use,35.1,90.6,475.2
ghsl_2878_cell_00649,4,22,48.84037867888195,2.1177263681310774,1818.7,Residential,land_use,2.8,179.9,475.3
ghsl_2878_cell_00650,5,22,48.840378678881954,2.130678822982033,5384.8,Residential,land_use,3.6,164.4,1425.9
ghsl_2878_cell_00651,6,22,48.84037867888195,2.143631277832987,2802.5,Residential,land_use,1.0,173.0,2376.6
ghsl_2878_cell_00652,7,22,48.840378678881954,2.156583732683942,4234.6,Residential,land_use,27.3,150.6,3327.2
ghsl_2878_cell_00653,8,22,48.84037867888194,2.169536187534896,3896.3,Civic,land_use,35.8,144.6,4277.8
ghsl_2878_cell_00654,9,22,48.84037867888195,2.182488642385851,5261.3,Commercial,land_use,1.3,131.0,5228.4
ghsl_2878_cell_00655,10,22,48.84037867888194,2.195441097236805,3921.4,Civic,land_use,17.6,98.2,6179.0
ghsl_2878_cell_00656,11,22,48.84037867888195,2.20839355208776,4718.1,Civic,land_use,13.2,88.8,6840.8
ghsl_2878_cell_00657,12,22,48.84037867888195,2.2213460069387145,7821.0,Residential,land_use,13.1,35.0,6840.9
ghsl_2878_cell_00658,13,22,48.84037867888194,2.234298461789669,24476.2,Civic,land_use,4.6,36.0,6867.4
ghsl_2878_cell_00659,14,22,48.840378678881954,2.247250916640624,24905.5,Residential,land_use,9.1,44.6,7015.2
ghsl_2878_cell_00660,15,22,48.84037867888194,2.260203371491578,22938.0,Civic,land_use,6.1,40.6,7285.2
ghsl_2878_cell_00661,16,22,48.84037867888195,2.273155826342533,13924.6,Civic,land_use,22.3,27.1,7664.5
ghsl_2878_cell_00662,17,22,48.84037867888194,2.286108281193487,35276.2,Civic,land_use,10.6,47.5,8138.0
ghsl_2878_cell_00663,18,22,48.84037867888195,2.299060736044442,34877.0,Civic,land_use,4.5,53.4,8690.1
ghsl_2878_cell_00664,19,22,48.84037867888195,2.3120131908953967,35262.3,Civic,land_use,4.6,52.3,9307.0
ghsl_2878_cell_00665,20,22,48.84037867888194,2.3249656457463517,31673.2,Residential,land_use,23.4,63.6,9976.5
ghsl_2878_cell_00666,21,22,48.840378678881954,2.3379181005973058,19476.4,Civic,land_use,17.3,66.1,10688.9
ghsl_2878_cell_00667,22,22,48.84037867888195,2.3508705554482603,31704.6,Civic,land_use,4.6,43.2,11406.2
ghsl_2878_cell_00668,23,22,48.840378678881954,2.3638230102992157,19386.1,Civic,land_use,35.1,36.9,12111.0
ghsl_2878_cell_00669,24,22,48.84037867888194,2.37677546515017,19002.3,Residential,land_use,4.1,36.3,12847.6
ghsl_2878_cell_00670,25,22,48.84037867888194,2.3897279200011243,22129.7,Civic,land_use,6.4,53.4,13610.9
ghsl_2878_cell_00671,26,22,48.84037867888195,2.4026803748520793,25680.5,Civic,land_use,7.7,47.2,14134.4
ghsl_2878_cell_00672,27,22,48.84037867888195,2.415632829703033,25451.1,Civic,land_use,8.7,47.0,13355.7
ghsl_2878_cell_00673,28,22,48.840378678881954,2.4285852845539884,9482.0,Utility,land_use,7.3,54.6,12600.7
ghsl_2878_cell_00674,29,22,48.84037867888195,2.4415377394049425,2310.2,Green,land_use,50.5,52.2,11874.1
ghsl_2878_cell_00675,30,22,48.84037867888194,2.4544901942558974,1420.3,Residential,land_use,1.8,56.0,11181.2
ghsl_2878_cell_00676,31,22,48.840378678881954,2.467442649106852,7349.5,Utility,land_use,1.7,68.1,10480.8
ghsl_2878_cell_00677,32,22,48.84037867888194,2.480395103957806,12456.7,Utility,land_use,1.6,89.6,9779.7
ghsl_2878_cell_00678,33,22,48.84037867888195,2.493347558808761,10589.9,Utility,land_use,2.1,66.0,9124.2
ghsl_2878_cell_00679,34,22,48.84037867888194,2.5063000136597156,9464.9,Residential,heuristic,2.4,53.9,8524.6
ghsl_2878_cell_00680,35,22,48.84037867888195,2.5192524685106705,6242.0,Residential,land_use,1.1,40.8,7993.5
ghsl_2878_cell_00681,36,22,48.84037867888194,2.532204923361625,4112.9,Civic,land_use,7.3,65.1,7545.4
ghsl_2878_cell_00682,37,22,48.84037867888195,2.5451573782125796,4925.6,Residential,land_use,12.4,104.9,7195.9
ghsl_2878_cell_00683,38,22,48.840378678881954,2.5581098330635346,6467.9,Civic,land_use,15.6,99.2,6769.0
ghsl_2878_cell_00684,39,22,48.84037867888195,2.5710622879144887,9147.4,Industrial,land_use,9.8,95.5,5904.9
ghsl_2878_cell_00685,40,22,48.840378678881954,2.5840147427654436,4506.6,Civic,land_use,15.7,96.1,5071.7
ghsl_2878_cell_00686,41,22,48.840378678881954,2.596967197616398,1434.9,Civic,land_use,12.9,100.8,4287.6
ghsl_2878_cell_00687,42,22,48.84037867888195,2.6099196524673522,2996.8,Civic,land_use,6.5,106.1,3585.0
ghsl_2878_cell_00688,43,22,48.84037867888195,2.622872107318307,4850.2,Residential,land_use,12.2,95.3,2882.5
ghsl_2878_cell_00689,44,22,48.84037867888193,2.635824562169261,6969.9,Industrial,land_use,7.8,78.0,2151.2
ghsl_2878_cell_00690,45,22,48.84037867888193,2.6487770170202163,6182.5,Civic,land_use,27.8,82.3,1531.1
ghsl_2878_cell_00691,46,22,48.84037867888195,2.661729471871171,2167.2,Commercial,land_use,4.4,98.0,717.1
ghsl_2878_cell_00692,47,22,48.84037867888193,2.674681926722126,2933.4,Residential,land_use,40.7,92.8,475.3
ghsl_2878_cell_00693,4,23,48.83091283195983,2.1174741624914786,5828.6,Residential,land_use,34.7,138.3,475.3
ghsl_2878_cell_00694,5,23,48.830912831959814,2.130425074800295,5185.7,Residential,land_use,10.6,149.7,1426.0
ghsl_2878_cell_00695,6,23,48.830912831959814,2.143375987109111,774.4,Civic,land_use,5.4,186.2,2376.7
ghsl_2878_cell_00696,7,23,48.830912831959814,2.156326899417927,1072.6,Green,land_use,41.0,171.2,3327.4
ghsl_2878_cell_00697,8,23,48.830912831959814,2.1692778117267437,374.7,Residential,land_use,6.3,171.9,4278.1
ghsl_2878_cell_00698,9,23,48.83091283195981,2.1822287240355602,2301.3,Green,land_use,100.0,177.8,5228.8
ghsl_2878_cell_00699,10,23,48.830912831959814,2.195179636344377,2515.4,Residential,land_use,7.0,135.3,5788.2
ghsl_2878_cell_00700,11,23,48.83091283195981,2.2081305486531932,1538.0,Utility,land_use,14.0,123.2,5788.2
ghsl_2878_cell_00701,12,23,48.83091283195981,2.2210814609620098,2927.0,Industrial,land_use,27.4,38.4,5788.2
ghsl_2878_cell_00702,13,23,48.830912831959814,2.2340323732708254,19105.3,Residential,land_use,5.3,40.8,5817.6
ghsl_2878_cell_00703,14,23,48.830912831959814,2.246983285579642,23798.0,Civic,land_use,6.2,40.9,5988.2
ghsl_2878_cell_00704,15,23,48.830912831959814,2.2599341978884584,12842.4,Industrial,land_use,35.0,25.0,6299.3
ghsl_2878_cell_00705,16,23,48.83091283195981,2.2728851101972753,16365.1,Civic,land_use,34.2,34.9,6731.7
ghsl_2878_cell_00706,17,23,48.830912831959814,2.2858360225060914,19590.5,Commercial,land_use,6.8,41.7,7263.6
ghsl_2878_cell_00707,18,23,48.83091283195983,2.298786934814908,26012.9,Civic,land_use,17.9,61.0,7874.9
ghsl_2878_cell_00708,19,23,48.83091283195981,2.311737847123725,30038.2,Civic,land_use,7.3,71.4,8548.5
ghsl_2878_cell_00709,20,23,48.830912831959814,2.3246887594325405,32437.6,Civic,land_use,4.6,75.6,9271.0
ghsl_2878_cell_00710,21,23,48.830912831959814,2.3376396717413566,20609.3,Civic,land_use,5.3,51.3,9977.1
ghsl_2878_cell_00711,22,23,48.830912831959814,2.350590584050173,26574.3,Civic,land_use,7.3,46.2,10689.6
ghsl_2878_cell_00712,23,23,48.83091283195981,2.3635414963589896,32391.4,Civic,land_use,10.4,62.5,11436.9
ghsl_2878_cell_00713,24,23,48.830912831959814,2.376492408667806,24252.7,Civic,land_use,20.3,38.6,12212.7
ghsl_2878_cell_00714,25,23,48.830912831959814,2.389443320976622,9419.6,Utility,land_use,4.7,41.3,13011.8
ghsl_2878_cell_00715,26,23,48.83091283195981,2.4023942332854387,13255.7,Civic,land_use,17.7,50.3,13593.8
ghsl_2878_cell_00716,27,23,48.83091283195981,2.415345145594255,3632.8,Residential,heuristic,7.4,47.0,12780.6
ghsl_2878_cell_00717,28,23,48.830912831959814,2.4282960579030717,178.6,Green,land_use,100.0,60.7,11987.7
ghsl_2878_cell_00718,29,23,48.830912831959814,2.4412469702118877,301.2,Residential,heuristic,18.1,51.8,11219.5
ghsl_2878_cell_00719,30,23,48.830912831959814,2.4541978825207043,563.1,Residential,heuristic,19.3,54.3,10481.5
ghsl_2878_cell_00720,31,23,48.830912831959814,2.4671487948295208,5284.9,Utility,land_use,8.9,64.6,9780.3
ghsl_2878_cell_00721,32,23,48.83091283195981,2.480099707138337,6991.5,Civic,land_use,6.0,35.5,9091.9
ghsl_2878_cell_00722,33,23,48.83091283195981,2.4930506194471533,5174.9,Civic,land_use,17.0,40.9,8380.2
ghsl_2878_cell_00723,34,23,48.830912831959814,2.5060015317559703,6981.8,Civic,land_use,4.9,40.9,7720.2
ghsl_2878_cell_00724,35,23,48.83091283195981,2.518952444064786,4422.5,Utility,land_use,5.8,51.8,7126.5
ghsl_2878_cell_00725,36,23,48.830912831959814,2.531903356373603,3360.3,Commercial,land_use,4.9,98.6,6616.8
ghsl_2878_cell_00726,37,23,48.83091283195983,2.5448542686824194,7537.0,Residential,land_use,8.6,99.2,6211.9
ghsl_2878_cell_00727,38,23,48.830912831959814,2.5578051809912354,5533.3,Residential,land_use,11.8,97.7,5933.2
ghsl_2878_cell_00728,39,23,48.83091283195981,2.570756093300052,6778.2,Industrial,land_use,3.1,99.2,5730.7
ghsl_2878_cell_00729,40,23,48.830912831959814,2.583707005608868,3593.6,Industrial,land_use,5.4,103.9,5254.3
ghsl_2878_cell_00730,41,23,48.830912831959814,2.5966579179176845,2021.4,Residential,land_use,19.8,96.5,4528.7
ghsl_2878_cell_00731,42,23,48.83091283195983,2.609608830226501,306.0,Industrial,land_use,3.1,114.8,3652.5
ghsl_2878_cell_00732,43,23,48.830912831959814,2.6225597425353175,726.2,Commercial,land_use,14.5,100.0,2825.0
ghsl_2878_cell_00733,44,23,48.83091283195981,2.635510654844133,2546.0,Industrial,land_use,13.6,103.0,2104.7
ghsl_2878_cell_00734,45,23,48.83091283195982,2.648461567152951,983.3,Civic,land_use,7.8,102.4,1509.4
ghsl_2878_cell_00735,46,23,48.830912831959814,2.6614124794617666,869.4,Commercial,land_use,16.4,101.7,701.5
ghsl_2878_cell_00736,47,23,48.83091283195982,2.6743633917705836,1437.2,Industrial,land_use,1.2,109.8,475.3
ghsl_2878_cell_00737,4,24,48.821447646127005,2.1172220907686694,4429.7,Residential,land_use,31.4,123.3,475.4
ghsl_2878_cell_00738,5,24,48.82144764612701,2.130171461354411,11101.5,Residential,land_use,2.9,125.3,1426.1
ghsl_2878_cell_00739,6,24,48.821447646127,2.143120831940152,5422.8,Residential,land_use,11.1,143.4,2376.9
ghsl_2878_cell_00740,7,24,48.82144764612701,2.1560702025258927,120.2,Commercial,land_use,11.5,193.0,3327.6
ghsl_2878_cell_00741,8,24,48.82144764612701,2.1690195731116337,334.3,Residential,land_use,0.4,167.2,3974.4
ghsl_2878_cell_00742,9,24,48.82144764612699,2.1819689436973753,1541.3,Residential,land_use,11.0,123.3,4420.4
ghsl_2878_cell_00743,10,24,48.821447646127,2.1949183142831155,6828.4,Residential,land_use,1.5,132.6,4735.6
ghsl_2878_cell_00744,11,24,48.821447646127005,2.207867684868858,8513.6,Civic,land_use,1.1,75.9,4735.6
ghsl_2878_cell_00745,12,24,48.82144764612701,2.2208170554545985,6791.0,Civic,land_use,12.5,96.5,4735.7
ghsl_2878_cell_00746,13,24,48.82144764612701,2.2337664260403396,8710.0,Residential,land_use,13.5,32.5,4769.1
ghsl_2878_cell_00747,14,24,48.82144764612701,2.2467157966260807,13301.7,Residential,land_use,8.7,30.2,4972.0
ghsl_2878_cell_00748,15,24,48.821447646127005,2.2596651672118213,18652.0,Residential,land_use,10.5,34.0,5339.2
ghsl_2878_cell_00749,16,24,48.821447646127005,2.272614537797563,22363.3,Residential,land_use,10.5,62.2,5839.9
ghsl_2878_cell_00750,17,24,48.821447646127005,2.2855639083833035,15980.6,Civic,land_use,30.5,51.6,6442.9
ghsl_2878_cell_00751,18,24,48.821447646127005,2.298513278969045,18681.2,Utility,land_use,5.1,68.4,7122.3
ghsl_2878_cell_00752,19,24,48.821447646127005,2.3114626495547865,25062.2,Civic,land_use,13.2,71.2,7858.3
ghsl_2878_cell_00753,20,24,48.821447646127005,2.3244120201405276,27318.6,Utility,land_use,19.4,70.4,8549.0
ghsl_2878_cell_00754,21,24,48.821447646127005,2.337361390726268,13843.7,Green,land_use,67.5,80.6,9271.6
ghsl_2878_cell_00755,22,24,48.821447646127005,2.3503107613120098,22988.5,Civic,land_use,26.3,44.4,10032.5
ghsl_2878_cell_00756,23,24,48.821447646127005,2.3632601318977504,27846.9,Civic,land_use,12.7,59.6,10823.5
ghsl_2878_cell_00757,24,24,48.821447646127,2.3762095024834915,19685.8,Civic,land_use,3.3,48.0,11638.6
ghsl_2878_cell_00758,25,24,48.82144764612701,2.389158873069233,8828.8,Industrial,land_use,2.4,32.8,12472.9
ghsl_2878_cell_00759,26,24,48.821447646127005,2.402108243654974,13071.8,Industrial,land_use,3.8,40.4,13115.6
ghsl_2878_cell_00760,27,24,48.82144764612699,2.4150576142407147,17083.0,Residential,land_use,6.9,52.0,12269.0
ghsl_2878_cell_00761,28,24,48.82144764612701,2.4280069848264563,6575.7,Civic,land_use,15.4,64.7,11438.9
ghsl_2878_cell_00762,29,24,48.821447646127,2.440956355412197,1226.2,Residential,heuristic,8.0,69.9,10629.2
ghsl_2878_cell_00763,30,24,48.82144764612701,2.4539057259979384,2182.0,Civic,land_use,19.9,62.3,9844.9
ghsl_2878_cell_00764,31,24,48.821447646127,2.466855096583679,5930.9,Residential,land_use,5.5,38.5,9092.5
ghsl_2878_cell_00765,32,24,48.821447646127005,2.4798044671694206,7853.8,Residential,land_use,17.1,42.2,8380.7
ghsl_2878_cell_00766,33,24,48.821447646127005,2.4927538377551617,6589.5,Residential,land_use,74.0,43.2,7708.5
ghsl_2878_cell_00767,34,24,48.821447646127005,2.5057032083409023,7817.5,Residential,land_use,8.3,46.8,6982.4
ghsl_2878_cell_00768,35,24,48.82144764612701,2.518652578926644,6994.6,Residential,land_use,1.2,66.3,6316.4
ghsl_2878_cell_00769,36,24,48.821447646127005,2.531601949512385,4638.0,Commercial,land_use,0.7,71.5,5731.4
ghsl_2878_cell_00770,37,24,48.821447646127005,2.5445513200981256,7342.6,Civic,land_use,2.5,78.8,5254.7
ghsl_2878_cell_00771,38,24,48.821447646127005,2.557500690683867,7563.6,Civic,land_use,0.5,93.3,4917.8
ghsl_2878_cell_00772,39,24,48.82144764612701,2.5704500612696086,4407.8,Residential,heuristic,1.2,108.0,4750.5
ghsl_2878_cell_00773,40,24,48.82144764612701,2.5833994318553493,980.0,Civic,land_use,0.8,101.0,4341.6
ghsl_2878_cell_00774,41,24,48.82144764612701,2.59634880244109,63.5,Residential,land_use,0.0,119.0,3922.0
ghsl_2878_cell_00775,42,24,48.821447646127005,2.609298173026832,228.5,Residential,land_use,2.5,114.7,3358.2
ghsl_2878_cell_00776,43,24,48.821447646127005,2.6222475436125725,1034.1,Residential,heuristic,26.9,107.1,2423.6
ghsl_2878_cell_00777,44,24,48.821447646127005,2.6351969141983136,553.2,Residential,heuristic,26.5,108.9,1509.5
ghsl_2878_cell_00778,45,24,48.821447646127005,2.648146284784055,324.2,Residential,land_use,0.8,101.9,701.5
ghsl_2878_cell_00779,46,24,48.82144764612699,2.6610956553697958,30.8,Residential,heuristic,22.0,114.4,475.3
ghsl_2878_cell_00780,4,25,48.81198312108083,2.116970152862091,787.1,Green,land_use,54.2,112.0,475.4
ghsl_2878_cell_00781,5,25,48.81198312108082,2.1299179825432044,13222.3,Residential,land_use,5.6,124.0,1426.2
ghsl_2878_cell_00782,6,25,48.81198312108082,2.142865812224318,8404.4,Residential,land_use,16.2,128.7,2377.1
ghsl_2878_cell_00783,7,25,48.81198312108082,2.1558136419054312,3723.2,Residential,land_use,11.4,147.2,2682.4
ghsl_2878_cell_00784,8,25,48.81198312108083,2.1687614715865453,1005.5,Residential,land_use,0.4,186.3,3015.6
ghsl_2878_cell_00785,9,25,48.81198312108082,2.181709301267659,4834.7,Residential,land_use,0.4,116.2,3578.0
ghsl_2878_cell_00786,10,25,48.81198312108082,2.1946571309487726,7287.0,Residential,land_use,1.3,105.1,3683.1
ghsl_2878_cell_00787,11,25,48.811983121080814,2.207604960629886,1358.0,Civic,land_use,5.4,166.2,3683.0
ghsl_2878_cell_00788,12,25,48.81198312108082,2.2205527903110003,1659.7,Civic,land_use,8.9,153.1,3683.1
ghsl_2878_cell_00789,13,25,48.81198312108082,2.233500619992114,7707.7,Residential,land_use,10.5,116.5,3723.1
ghsl_2878_cell_00790,14,25,48.81198312108082,2.2464484496732275,10548.7,Residential,land_use,7.4,64.6,3975.1
ghsl_2878_cell_00791,15,25,48.811983121080814,2.2593962793543407,10071.6,Civic,land_use,6.4,92.6,4421.6
ghsl_2878_cell_00792,16,25,48.81198312108082,2.272344109035455,10775.0,Utility,land_use,0.9,75.9,5011.0
ghsl_2878_cell_00793,17,25,48.81198312108083,2.2852919387165684,12222.0,Utility,land_use,7.7,74.2,5699.0
ghsl_2878_cell_00794,18,25,48.81198312108082,2.2982397683976825,15523.8,Utility,land_use,4.4,82.3,6443.1
ghsl_2878_cell_00795,19,25,48.81198312108082,2.311187598078796,23225.9,Residential,land_use,8.4,81.6,7122.7
ghsl_2878_cell_00796,20,25,48.81198312108083,2.3241354277599107,24497.0,Utility,land_use,12.7,82.9,7858.9
ghsl_2878_cell_00797,21,25,48.81198312108082,2.337083257441023,12834.5,Residential,land_use,4.6,66.5,8637.2
ghsl_2878_cell_00798,22,25,48.81198312108082,2.350031087122137,15818.3,Residential,land_use,10.0,54.7,9447.2
ghsl_2878_cell_00799,23,25,48.81198312108082,2.362978916803251,18109.1,Residential,land_use,37.3,81.4,10281.5
ghsl_2878_cell_00800,24,25,48.81198312108082,2.3759267464843643,13699.3,Civic,land_use,12.0,63.7,11134.6
ghsl_2878_cell_00801,25,25,48.81198312108082,2.388874576165478,12974.9,Residential,land_use,20.8,39.6,12002.5
ghsl_2878_cell_00802,26,25,48.81198312108083,2.4018224058465916,7075.1,Residential,land_use,6.4,32.5,12706.8
ghsl_2878_cell_00803,27,25,48.81198312108082,2.4147702355277056,15253.5,Residential,land_use,3.9,33.6,11829.3
ghsl_2878_cell_00804,28,25,48.81198312108082,2.427718065208819,9906.9,Utility,land_use,8.5,39.0,10964.1
ghsl_2878_cell_00805,29,25,48.81198312108082,2.440665894889933,8554.6,Civic,land_use,5.0,39.4,10114.4
ghsl_2878_cell_00806,30,25,48.81198312108082,2.4536137245710465,9378.1,Civic,land_use,4.2,36.1,9284.4
ghsl_2878_cell_00807,31,25,48.81198312108083,2.4665615542521606,7776.4,Residential,land_use,7.0,37.7,8480.0
ghsl_2878_cell_00808,32,25,48.81198312108082,2.4795093839332734,6875.4,Residential,land_use,4.1,48.7,7709.1
ghsl_2878_cell_00809,33,25,48.81198312108083,2.4924572136143883,5601.5,Civic,land_use,4.9,37.3,6982.8
ghsl_2878_cell_00810,34,25,48.81198312108082,2.5054050432955015,6850.5,Utility,land_use,3.1,36.5,6316.7
ghsl_2878_cell_00811,35,25,48.81198312108082,2.518352872976615,5687.9,Residential,land_use,22.7,63.5,5587.8
ghsl_2878_cell_00812,36,25,48.81198312108082,2.5313007026577283,4164.0,Industrial,land_use,14.6,102.0,4912.6
ghsl_2878_cell_00813,37,25,48.81198312108082,2.544248532338843,9864.8,Civic,land_use,2.1,102.4,4342.1
ghsl_2878_cell_00814,38,25,48.81198312108082,2.557196362019956,7412.3,Residential,land_use,1.3,105.1,3922.2
ghsl_2878_cell_00815,39,25,48.81198312108082,2.5701441917010697,5761.3,Civic,land_use,1.4,107.3,3704.6
ghsl_2878_cell_00816,40,25,48.81198312108083,2.5830920213821833,2862.9,Green,land_use,68.4,108.9,3508.4
ghsl_2878_cell_00817,41,25,48.81198312108082,2.596039851063297,1773.5,Residential,heuristic,0.1,114.9,2966.2
ghsl_2878_cell_00818,42,25,48.81198312108082,2.608987680744411,1598.5,Industrial,land_use,1.1,111.4,2664.1
ghsl_2878_cell_00819,43,25,48.81198312108082,2.6219355104255246,2942.2,Residential,land_use,21.0,109.4,2376.9
ghsl_2878_cell_00820,44,25,48.81198312108083,2.6348833401066383,131.9,Residential,heuristic,0.0,117.8,1426.1
ghsl_2878_cell_00821,45,25,48.811983121080814,2.6478311697877523,0.5,Residential,heuristic,0.0,111.3,475.4
ghsl_2878_cell_00822,4,26,48.802519256518735,2.1167183486712884,2729.2,Green,land_use,100.0,126.9,475.4
ghsl_2878_cell_00823,5,26,48.802519256518735,2.129664638265609,11988.8,Residential,land_use,5.6,130.9,1426.3
ghsl_2878_cell_00824,6,26,48.802519256518735,2.1426109278599283,7882.3,Residential,land_use,25.4,155.2,1578.5
ghsl_2878_cell_00825,7,26,48.80251925651873,2.1555572174542483,7760.7,Residential,land_use,15.8,117.0,1657.0
ghsl_2878_cell_00826,8,26,48.802519256518735,2.1685035070485683,7585.2,Residential,land_use,2.8,122.8,2146.8
ghsl_2878_cell_00827,9,26,48.80251925651874,2.181449796642888,9522.2,Residential,land_use,1.1,103.6,2665.4
ghsl_2878_cell_00828,10,26,48.802519256518735,2.1943960862372074,2252.6,Civic,land_use,3.2,141.6,2630.7
ghsl_2878_cell_00829,11,26,48.80251925651873,2.2073423758315274,33.8,Industrial,land_use,1.2,195.3,2630.6
ghsl_2878_cell_00830,12,26,48.80251925651874,2.220288665425848,73.7,Residential,heuristic,2.6,190.4,2630.7
ghsl_2878_cell_00831,13,26,48.802519256518735,2.2332349550201678,2555.1,Utility,land_use,21.2,115.1,2682.5
ghsl_2878_cell_00832,14,26,48.80251925651874,2.2461812446144873,2659.4,Civic,land_use,14.9,174.1,3016.3
ghsl_2878_cell_00833,15,26,48.802519256518735,2.259127534208807,6490.2,Civic,land_use,2.4,123.3,3579.1
ghsl_2878_cell_00834,16,26,48.80251925651874,2.2720738238031273,11833.9,Civic,land_use,1.8,118.6,4281.6
ghsl_2878_cell_00835,17,26,48.802519256518735,2.285020113397446,12533.6,Civic,land_use,8.1,103.0,5011.2
ghsl_2878_cell_00836,18,26,48.80251925651873,2.297966402991766,10226.3,Utility,land_use,6.5,98.1,5699.4
ghsl_2878_cell_00837,19,26,48.80251925651874,2.3109126925860863,7987.8,Green,land_use,66.0,86.3,6454.7
ghsl_2878_cell_00838,20,26,48.802519256518735,2.3238589821804063,11998.3,Utility,land_use,5.7,84.0,7256.4
ghsl_2878_cell_00839,21,26,48.80251925651873,2.336805271774726,8204.1,Industrial,land_use,17.6,57.8,8090.5
ghsl_2878_cell_00840,22,26,48.802519256518735,2.3497515613690454,12388.4,Utility,land_use,6.4,106.9,8948.1
ghsl_2878_cell_00841,23,26,48.80251925651874,2.3626978509633654,15528.8,Residential,land_use,5.0,83.2,9822.9
ghsl_2878_cell_00842,24,26,48.802519256518735,2.3756441405576845,13662.8,Civic,land_use,13.6,65.2,10710.8
ghsl_2878_cell_00843,25,26,48.802519256518735,2.3885904301520045,9241.1,Residential,land_use,21.5,61.6,11608.7
ghsl_2878_cell_00844,26,26,48.802519256518735,2.4015367197463244,9302.1,Civic,land_use,7.2,36.7,12270.6
ghsl_2878_cell_00845,27,26,48.802519256518735,2.414483009340645,12121.3,Residential,land_use,5.5,28.1,11440.3
ghsl_2878_cell_00846,28,26,48.802519256518735,2.427429298934965,14623.6,Civic,land_use,5.4,38.3,10573.1
ghsl_2878_cell_00847,29,26,48.802519256518735,2.4403755885292844,11724.8,Residential,land_use,14.4,45.3,9687.0
ghsl_2878_cell_00848,30,26,48.80251925651873,2.453321878123604,9092.7,Residential,land_use,15.1,46.2,8814.5
ghsl_2878_cell_00849,31,26,48.80251925651873,2.4662681677179235,7468.6,Industrial,land_use,3.1,36.8,7960.1
ghsl_2878_cell_00850,32,26,48.80251925651874,2.4792144573122443,7250.8,Civic,land_use,5.8,40.6,7130.3
ghsl_2878_cell_00851,33,26,48.802519256518735,2.492160746906564,7650.9,Utility,land_use,3.1,42.7,6334.8
ghsl_2878_cell_00852,34,26,48.802519256518735,2.5051070365008834,6470.7,Civic,land_use,3.6,50.0,5588.2
ghsl_2878_cell_00853,35,26,48.80251925651874,2.5180533260952034,5136.1,Utility,land_use,3.1,40.0,4912.8
ghsl_2878_cell_00854,36,26,48.80251925651874,2.530999615689523,4995.3,Utility,land_use,9.8,102.4,4199.4
ghsl_2878_cell_00855,37,26,48.802519256518735,2.5439459052838425,5859.1,Civic,land_use,1.2,102.8,3508.9
ghsl_2878_cell_00856,38,26,48.802519256518735,2.5568921948781624,2344.8,Civic,land_use,12.2,110.0,2966.4
ghsl_2878_cell_00857,39,26,48.80251925651873,2.569838484472482,2284.6,Industrial,land_use,2.7,103.4,2664.0
ghsl_2878_cell_00858,40,26,48.80251925651873,2.582784774066802,4810.0,Residential,heuristic,12.9,108.3,2630.7
ghsl_2878_cell_00859,41,26,48.80251925651873,2.5957310636611215,3966.3,Civic,land_use,3.2,105.0,2105.0
ghsl_2878_cell_00860,42,26,48.802519256518735,2.608677353255442,5663.1,Civic,land_use,10.7,109.3,1639.1
ghsl_2878_cell_00861,43,26,48.80251925651874,2.621623642849762,4742.0,Utility,land_use,5.1,110.8,1578.4
ghsl_2878_cell_00862,44,26,48.80251925651873,2.634569932444081,3252.7,Industrial,land_use,5.0,111.5,1426.2
ghsl_2878_cell_00863,45,26,48.80251925651873,2.647516222038401,1259.0,Civic,land_use,2.3,129.2,475.4
ghsl_2878_cell_00864,4,27,48.79305605213845,2.116466678095922,1495.8,Utility,land_use,25.1,150.4,475.5
ghsl_2878_cell_00865,5,27,48.79305605213846,2.129411428420667,5516.1,Civic,land_use,9.6,138.6,526.1
ghsl_2878_cell_00866,6,27,48.79305605213845,2.142356178745413,5673.1,Residential,land_use,11.2,136.6,526.1
ghsl_2878_cell_00867,7,27,48.793056052138446,2.155300929070158,5358.3,Residential,land_use,9.6,122.1,715.6
ghsl_2878_cell_00868,8,27,48.793056052138446,2.168245679394904,355.1,Residential,land_use,0.3,191.8,1529.5
ghsl_2878_cell_00869,9,27,48.79305605213846,2.1811904297196496,777.2,Utility,land_use,5.8,177.5,1640.5
ghsl_2878_cell_00870,10,27,48.79305605213846,2.1941351800443956,723.5,Civic,land_use,3.0,137.4,1578.3
ghsl_2878_cell_00871,11,27,48.79305605213845,2.207079930369142,142.3,Residential,heuristic,0.0,174.9,1578.2
ghsl_2878_cell_00872,12,27,48.79305605213846,2.220024680693887,1317.1,Civic,land_use,18.4,172.6,1578.3
ghsl_2878_cell_00873,13,27,48.79305605213846,2.2329694310186325,1160.9,Civic,land_use,6.0,137.8,1657.2
ghsl_2878_cell_00874,14,27,48.79305605213846,2.245914181343379,172.2,Residential,land_use,31.4,154.6,2147.4
ghsl_2878_cell_00875,15,27,48.79305605213846,2.258858931668124,3818.5,Green,land_use,44.4,166.9,2878.6
ghsl_2878_cell_00876,16,27,48.79305605213846,2.27180368199287,7403.5,Industrial,land_use,7.9,164.6,3579.3
ghsl_2878_cell_00877,17,27,48.793056052138446,2.2847484323176155,12862.1,Residential,land_use,8.2,126.9,4281.9
ghsl_2878_cell_00878,18,27,48.79305605213844,2.2976931826423614,8926.5,Green,land_use,61.4,89.9,5066.3
ghsl_2878_cell_00879,19,27,48.79305605213845,2.310637932967108,9050.7,Utility,land_use,10.7,100.2,5900.1
ghsl_2878_cell_00880,20,27,48.793056052138446,2.323582683291853,10763.6,Civic,land_use,9.4,73.4,6765.0
ghsl_2878_cell_00881,21,27,48.793056052138446,2.3365274336165984,11386.8,Civic,land_use,12.2,48.4,7650.4
ghsl_2878_cell_00882,22,27,48.79305605213845,2.3494721839413444,8709.4,Civic,land_use,33.2,119.8,8549.9
ghsl_2878_cell_00883,23,27,48.793056052138446,2.3624169342660895,13732.7,Civic,land_use,10.1,109.3,9459.7
ghsl_2878_cell_00884,24,27,48.79305605213846,2.375361684590835,8755.3,Civic,land_use,2.9,97.4,10376.8
ghsl_2878_cell_00885,25,27,48.79305605213846,2.388306434915581,11910.7,Civic,land_use,9.6,54.0,11299.7
ghsl_2878_cell_00886,26,27,48.79305605213845,2.4012511852403273,8972.5,Utility,land_use,3.1,33.4,11474.3
ghsl_2878_cell_00887,27,27,48.79305605213845,2.4141959355650733,4696.2,Industrial,land_use,2.9,35.2,10965.6
ghsl_2878_cell_00888,28,27,48.79305605213844,2.427140685889818,14420.9,Utility,land_use,8.2,33.3,10115.7
ghsl_2878_cell_00889,29,27,48.79305605213845,2.4400854362145643,8801.7,Industrial,land_use,4.9,34.6,9285.5
ghsl_2878_cell_00890,30,27,48.793056052138446,2.45303018653931,11610.7,Civic,land_use,12.6,37.0,8450.3
ghsl_2878_cell_00891,31,27,48.79305605213846,2.4659749368640553,10353.8,Civic,land_use,6.1,51.5,7552.0
ghsl_2878_cell_00892,32,27,48.79305605213846,2.478919687188801,7482.6,Residential,land_use,6.5,37.7,6668.5
ghsl_2878_cell_00893,33,27,48.79305605213845,2.4918644375135472,6953.4,Civic,land_use,1.9,38.9,5806.5
ghsl_2878_cell_00894,34,27,48.793056052138446,2.5048091878382923,6765.4,Utility,land_use,1.1,39.9,4977.1
ghsl_2878_cell_00895,35,27,48.79305605213845,2.5177539381630387,5655.6,Residential,land_use,1.9,38.1,4199.7
ghsl_2878_cell_00896,36,27,48.793056052138446,2.5306986884877833,4184.9,Residential,land_use,5.2,105.0,3509.1
ghsl_2878_cell_00897,37,27,48.79305605213845,2.5436434388125297,3538.2,Industrial,land_use,23.3,102.0,2826.2
ghsl_2878_cell_00898,38,27,48.79305605213846,2.5565881891372753,1706.0,Commercial,land_use,27.6,101.8,2105.3
ghsl_2878_cell_00899,39,27,48.793056052138446,2.5695329394620203,3240.0,Green,land_use,48.3,96.5,1639.1
ghsl_2878_cell_00900,40,27,48.79305605213844,2.5824776897867667,2713.3,Civic,land_use,23.7,100.2,1578.3
ghsl_2878_cell_00901,41,27,48.793056052138446,2.595422440111512,2912.4,Residential,heuristic,9.4,115.2,1510.0
ghsl_2878_cell_00902,42,27,48.79305605213844,2.608367190436258,6192.8,Civic,land_use,4.5,104.2,701.6
ghsl_2878_cell_00903,43,27,48.793056052138446,2.6213119407610037,2189.6,Industrial,land_use,35.9,104.2,526.1
ghsl_2878_cell_00904,44,27,48.79305605213845,2.6342566910857497,1517.7,Commercial,land_use,23.2,107.3,526.0
ghsl_2878_cell_00905,45,27,48.79305605213844,2.647201441410495,4146.2,Residential,land_use,23.4,106.6,526.1
ghsl_2878_cell_00906,46,27,48.793056052138446,2.6601461917352407,7251.8,Residential,land_use,7.6,109.3,475.4
ghsl_2878_cell_00907,4,28,48.783593507637846,2.1162151410357537,1653.7,Utility,land_use,5.6,170.6,475.5
ghsl_2878_cell_00908,7,28,48.78359350763785,2.1550447766510894,240.5,Utility,land_use,39.3,142.8,475.5
ghsl_2878_cell_00909,8,28,48.78359350763786,2.1679879885228677,1976.7,Civic,land_use,5.5,188.7,715.6
ghsl_2878_cell_00910,9,28,48.78359350763786,2.180931200394646,4500.3,Residential,land_use,12.2,179.6,702.9
ghsl_2878_cell_00911,10,28,48.78359350763785,2.1938744122664233,3099.4,Residential,land_use,14.5,179.3,526.0
ghsl_2878_cell_00912,11,28,48.78359350763786,2.206817624138202,3466.4,Commercial,land_use,15.4,173.8,526.0
ghsl_2878_cell_00913,12,28,48.78359350763785,2.2197608360099803,4413.5,Commercial,land_use,10.1,169.5,526.0
ghsl_2878_cell_00914,13,28,48.78359350763786,2.232704047881759,10886.1,Residential,land_use,10.9,175.2,715.8
ghsl_2878_cell_00915,14,28,48.783593507637846,2.2456472597535373,7450.8,Civic,land_use,9.0,171.2,1529.9
ghsl_2878_cell_00916,15,28,48.78359350763786,2.2585904716253156,10362.6,Industrial,land_use,9.8,147.9,2147.5
ghsl_2878_cell_00917,16,28,48.78359350763785,2.2715336834970934,11706.4,Residential,land_use,35.2,113.7,2878.8
ghsl_2878_cell_00918,17,28,48.78359350763785,2.284476895368872,9516.9,Utility,land_use,2.9,86.8,3711.2
ghsl_2878_cell_00919,18,28,48.783593507637846,2.2974201072406504,8144.1,Utility,land_use,1.3,77.3,4590.1
ghsl_2878_cell_00920,19,28,48.783593507637846,2.3103633191124286,11029.5,Utility,land_use,1.1,55.4,5493.1
ghsl_2878_cell_00921,20,28,48.78359350763786,2.323306530984207,10141.7,Residential,land_use,5.5,52.9,6410.2
ghsl_2878_cell_00922,21,28,48.78359350763785,2.336249742855985,8098.2,Residential,land_use,7.0,81.6,7335.9
ghsl_2878_cell_00923,22,28,48.783593507637846,2.349192954727763,5948.6,Commercial,land_use,13.5,101.2,8267.5
ghsl_2878_cell_00924,23,28,48.78359350763785,2.362136166599542,13104.1,Civic,land_use,7.8,97.3,9203.1
ghsl_2878_cell_00925,24,28,48.78359350763786,2.3750793784713204,9982.3,Residential,land_use,2.3,100.9,10141.6
ghsl_2878_cell_00926,25,28,48.78359350763785,2.3880225903430983,8118.7,Green,land_use,100.0,71.4,10794.4
ghsl_2878_cell_00927,26,28,48.783593507637846,2.400965802214876,9449.9,Residential,land_use,9.4,36.3,10471.6
ghsl_2878_cell_00928,27,28,48.783593507637846,2.413909014086655,3481.3,Utility,land_use,5.4,35.6,10227.5
ghsl_2878_cell_00929,28,28,48.78359350763786,2.4268522259584344,10475.0,Industrial,land_use,9.2,34.9,9688.4
ghsl_2878_cell_00930,29,28,48.78359350763785,2.439795437830212,7196.0,Industrial,land_use,10.5,33.9,8815.7
ghsl_2878_cell_00931,30,28,48.78359350763785,2.45273864970199,8436.1,Civic,land_use,20.2,33.8,7961.1
ghsl_2878_cell_00932,31,28,48.78359350763786,2.465681861573769,11779.5,Civic,land_use,13.3,52.5,7131.1
ghsl_2878_cell_00933,32,28,48.78359350763785,2.478625073445546,4497.8,Civic,land_use,1.6,29.0,6335.4
ghsl_2878_cell_00934,33,28,48.78359350763786,2.491568285317325,3313.9,Industrial,land_use,2.4,33.4,5432.9
ghsl_2878_cell_00935,34,28,48.78359350763786,2.5045114971891036,3256.3,Industrial,land_use,2.8,35.2,4531.1
ghsl_2878_cell_00936,35,28,48.783593507637846,2.517454709060881,3883.9,Industrial,land_use,1.0,63.8,3654.4
ghsl_2878_cell_00937,36,28,48.78359350763786,2.53039792093266,4012.7,Civic,land_use,15.2,101.6,2826.4
ghsl_2878_cell_00938,37,28,48.783593507637846,2.543341132804438,909.2,Utility,land_use,9.9,94.5,2105.4
ghsl_2878_cell_00939,38,28,48.78359350763785,2.556284344676217,139.7,Green,land_use,100.0,84.1,1510.2
ghsl_2878_cell_00940,39,28,48.78359350763785,2.569227556547995,511.3,Green,land_use,51.1,97.9,701.7
ghsl_2878_cell_00941,40,28,48.783593507637846,2.582170768419773,2179.7,Civic,land_use,25.0,88.8,526.0
ghsl_2878_cell_00942,41,28,48.78359350763786,2.5951139802915515,4376.8,Civic,land_use,28.5,96.1,526.0
ghsl_2878_cell_00943,42,28,48.78359350763786,2.6080571921633298,5651.3,Industrial,land_use,4.7,97.3,475.5
ghsl_2878_cell_00944,46,28,48.78359350763786,2.6598300396504433,3621.8,Commercial,land_use,18.7,120.4,475.5
ghsl_2878_cell_00945,8,29,48.77413162271503,2.16773043432988,2351.1,Residential,land_use,2.4,170.6,475.5
ghsl_2878_cell_00946,9,29,48.774131622715046,2.1806721085646847,373.5,Utility,land_use,9.9,172.6,475.5
ghsl_2878_cell_00947,13,29,48.774131622715046,2.232438805503906,1872.1,Commercial,land_use,2.0,172.6,475.5
ghsl_2878_cell_00948,14,29,48.77413162271505,2.2453804797387114,4209.1,Commercial,land_use,5.8,170.3,715.8
ghsl_2878_cell_00949,15,29,48.774131622715046,2.2583221539735168,10829.9,Green,land_use,44.0,164.8,1530.0
ghsl_2878_cell_00950,16,29,48.77413162271505,2.271263828208322,4285.8,Residential,land_use,35.3,105.5,2445.3
ghsl_2878_cell_00951,17,29,48.77413162271504,2.284205502443127,6826.9,Civic,land_use,7.3,73.4,3380.5
ghsl_2878_cell_00952,18,29,48.77413162271504,2.2971471766779326,2208.3,Green,land_use,100.0,78.2,4322.7
ghsl_2878_cell_00953,19,29,48.77413162271503,2.3100888509127375,7501.2,Civic,land_use,2.0,68.5,5268.2
ghsl_2878_cell_00954,20,29,48.77413162271503,2.323030525147543,8394.3,Civic,land_use,11.4,48.6,6215.4
ghsl_2878_cell_00955,21,29,48.77413162271503,2.335972199382348,6109.7,Civic,land_use,22.3,91.6,7163.8
ghsl_2878_cell_00956,22,29,48.77413162271504,2.3489138736171533,6374.9,Commercial,land_use,9.3,97.0,8112.8
ghsl_2878_cell_00957,23,29,48.77413162271504,2.361855547851959,7311.7,Commercial,land_use,9.0,99.3,9062.3
ghsl_2878_cell_00958,24,29,48.77413162271504,2.3747972220867637,6428.6,Green,land_use,49.8,96.6,10012.1
ghsl_2878_cell_00959,25,29,48.77413162271504,2.3877388963215695,2829.1,Residential,land_use,13.0,92.5,9837.2
ghsl_2878_cell_00960,26,29,48.77413162271505,2.4006805705563754,9499.7,Civic,land_use,15.3,50.0,9479.7
ghsl_2878_cell_00961,27,29,48.77413162271504,2.41362224479118,7180.5,Utility,land_use,2.8,36.0,9207.2
ghsl_2878_cell_00962,28,29,48.77413162271505,2.4265639190259853,2979.5,Civic,land_use,38.7,30.5,9027.3
ghsl_2878_cell_00963,29,29,48.77413162271504,2.43950559326079,1867.1,Industrial,land_use,12.2,34.8,8451.5
ghsl_2878_cell_00964,30,29,48.77413162271504,2.4524472674955953,5936.7,Green,land_use,90.3,30.5,7553.1
ghsl_2878_cell_00965,31,29,48.77413162271504,2.4653889417304002,12922.9,Civic,land_use,17.1,55.0,6669.4
ghsl_2878_cell_00966,32,29,48.77413162271505,2.478330615965206,5814.6,Civic,land_use,10.5,63.3,5807.2
ghsl_2878_cell_00967,33,29,48.77413162271504,2.4912722902000115,3338.4,Commercial,land_use,2.0,34.9,4977.6
ghsl_2878_cell_00968,34,29,48.774131622715046,2.504213964434817,2240.9,Industrial,land_use,12.2,38.3,4200.0
ghsl_2878_cell_00969,35,29,48.77413162271504,2.5171556386696223,4905.1,Civic,land_use,21.6,60.0,3359.8
ghsl_2878_cell_00970,36,29,48.77413162271504,2.5300973129044264,3649.2,Residential,land_use,29.7,74.1,2424.8
ghsl_2878_cell_00971,37,29,48.77413162271505,2.5430389871392323,4315.8,Residential,land_use,4.5,101.7,1510.3
ghsl_2878_cell_00972,38,29,48.77413162271505,2.5559806613740377,633.5,Green,land_use,64.6,98.6,701.8
ghsl_2878_cell_00973,39,29,48.77413162271505,2.568922335608843,57.7,Green,land_use,63.3,101.4,475.5
ghsl_2878_cell_00974,8,30,48.76467039706827,2.167473016713477,1878.0,Residential,land_use,7.1,88.2,475.6
ghsl_2878_cell_00975,14,30,48.76467039706827,2.2451138411927656,722.1,Residential,heuristic,0.3,175.9,475.6
ghsl_2878_cell_00976,15,30,48.76467039706827,2.2580539786059806,5061.7,Green,land_use,67.5,139.2,1426.7
ghsl_2878_cell_00977,16,30,48.76467039706827,2.2709941160191955,7293.1,Civic,land_use,17.3,102.4,2377.8
ghsl_2878_cell_00978,17,30,48.76467039706827,2.28393425343241,6888.5,Civic,land_use,13.5,98.8,3329.0
ghsl_2878_cell_00979,18,30,48.764670397068265,2.2968743908456255,1393.8,Residential,land_use,19.6,63.2,4280.1
ghsl_2878_cell_00980,19,30,48.76467039706827,2.30981452825884,5042.9,Utility,land_use,7.9,57.8,5231.2
ghsl_2878_cell_00981,20,30,48.76467039706827,2.322754665672054,7730.9,Civic,land_use,7.5,60.2,6182.4
ghsl_2878_cell_00982,21,30,48.76467039706828,2.33569480308527,4542.0,Commercial,land_use,14.3,94.3,7133.5
ghsl_2878_cell_00983,22,30,48.76467039706827,2.348634940498484,3603.6,Residential,heuristic,7.8,86.1,8084.6
ghsl_2878_cell_00984,23,30,48.76467039706827,2.3615750779116986,4833.4,Residential,land_use,15.4,90.4,9035.7
ghsl_2878_cell_00985,24,30,48.76467039706828,2.3745152153249136,1952.3,Green,land_use,100.0,95.5,9380.6
ghsl_2878_cell_00986,25,30,48.76467039706827,2.387455352738128,7074.7,Residential,land_use,16.5,81.9,8901.6
ghsl_2878_cell_00987,26,30,48.764670397068265,2.400395490151343,11091.7,Residential,land_use,10.5,45.6,8502.5
ghsl_2878_cell_00988,27,30,48.76467039706827,2.413335627564558,9381.9,Residential,land_use,8.5,26.5,8195.1
ghsl_2878_cell_00989,28,30,48.76467039706828,2.426275764977773,4398.2,Green,land_use,100.0,33.3,7989.9
ghsl_2878_cell_00990,29,30,48.76467039706827,2.4392159023909876,3446.8,Residential,land_use,4.7,38.5,7895.0
ghsl_2878_cell_00991,30,30,48.76467039706827,2.452156039804202,2310.3,Industrial,land_use,10.0,36.4,7275.6
ghsl_2878_cell_00992,31,30,48.76467039706827,2.465096177217417,4365.8,Commercial,land_use,19.4,36.8,6350.2
ghsl_2878_cell_00993,32,30,48.76467039706827,2.4780363146306317,3871.9,Utility,land_use,11.8,41.7,5433.8
ghsl_2878_cell_00994,33,30,48.76467039706827,2.490976452043846,1797.8,Industrial,land_use,4.2,42.4,4531.8
ghsl_2878_cell_00995,34,30,48.76467039706827,2.5039165894570616,2357.4,Industrial,land_use,4.3,47.0,3654.9
ghsl_2878_cell_00996,35,30,48.76467039706827,2.516856726870276,3212.9,Residential,heuristic,4.6,61.8,2826.7
ghsl_2878_cell_00997,36,30,48.76467039706827,2.5297968642834916,4155.1,Civic,land_use,7.7,98.2,2105.5
ghsl_2878_cell_00998,37,30,48.76467039706828,2.542737001696706,1198.3,Residential,heuristic,6.4,106.9,1426.6
ghsl_2878_cell_00999,38,30,48.76467039706827,2.5556771391099207,209.8,Residential,heuristic,0.0,110.0,475.5
ghsl_2878_cell_01000,14,31,48.75520983039604,2.2448473440096786,28.3,Residential,heuristic,0.0,177.4,475.6
ghsl_2878_cell_01001,15,31,48.75520983039604,2.257785945416075,381.4,Residential,heuristic,3.1,178.8,1426.8
ghsl_2878_cell_01002,16,31,48.75520983039604,2.27072454682247,3469.6,Civic,land_use,10.0,93.6,2378.0
ghsl_2878_cell_01003,17,31,48.75520983039604,2.2836631482288663,5932.2,Civic,land_use,28.3,91.2,3329.2
ghsl_2878_cell_01004,18,31,48.75520983039603,2.2966017496352626,7501.4,Residential,land_use,9.7,68.9,4280.4
ghsl_2878_cell_01005,19,31,48.75520983039604,2.3095403510416577,8324.2,Residential,land_use,10.7,49.2,5231.6
ghsl_2878_cell_01006,20,31,48.75520983039604,2.3224789524480545,11197.0,Residential,land_use,5.5,71.3,6182.8
ghsl_2878_cell_01007,21,31,48.75520983039604,2.33541755385445,1830.5,Commercial,land_use,14.2,83.8,7134.0
ghsl_2878_cell_01008,22,31,48.75520983039604,2.3483561552608454,1489.3,Commercial,land_use,12.5,85.8,8085.2
ghsl_2878_cell_01009,23,31,48.75520983039604,2.3612947566672418,1726.4,Commercial,land_use,3.2,83.5,9036.3
ghsl_2878_cell_01010,24,31,48.75520983039604,2.3742333580736372,1766.3,Industrial,land_use,2.9,86.7,8527.6
ghsl_2878_cell_01011,25,31,48.75520983039604,2.3871719594800327,3536.4,Residential,land_use,6.4,86.8,7995.1
ghsl_2878_cell_01012,26,31,48.75520983039604,2.400110560886429,6613.1,Residential,land_use,13.9,48.8,7545.6
ghsl_2878_cell_01013,27,31,48.75520983039604,2.413049162292825,8711.9,Industrial,land_use,5.0,40.9,7194.6
ghsl_2878_cell_01014,28,31,48.75520983039604,2.4259877636992204,3766.6,Residential,land_use,5.8,39.1,6957.1
ghsl_2878_cell_01015,29,31,48.75520983039604,2.438926365105617,3284.7,Utility,land_use,10.6,34.1,6844.9
ghsl_2878_cell_01016,30,31,48.75520983039604,2.4518649665120122,3052.2,Industrial,land_use,5.8,36.4,6836.5
ghsl_2878_cell_01017,31,31,48.75520983039604,2.464803567918408,797.2,Green,land_use,67.7,32.0,6195.5
ghsl_2878_cell_01018,32,31,48.75520983039604,2.4777421693248036,3255.4,Industrial,land_use,7.1,43.3,5248.1
ghsl_2878_cell_01019,33,31,48.75520983039604,2.4906807707311995,5706.8,Industrial,land_use,9.4,42.6,4302.5
ghsl_2878_cell_01020,34,31,48.75520983039604,2.503619372137596,5256.9,Residential,land_use,8.9,53.4,3360.3
ghsl_2878_cell_01021,35,31,48.75520983039604,2.5165579735439914,1171.9,Residential,land_use,24.8,88.2,2425.2
ghsl_2878_cell_01022,36,31,48.75520983039604,2.5294965749503877,3728.4,Residential,land_use,2.6,97.7,1510.5
ghsl_2878_cell_01023,37,31,48.75520983039604,2.542435176356783,2218.5,Civic,land_use,5.6,105.3,701.8
ghsl_2878_cell_01024,38,31,48.75520983039604,2.555373777763179,2275.2,Civic,land_use,0.4,104.9,475.6
ghsl_2878_cell_01025,13,32,48.745749922396996,2.231643921869805,1131.4,Residential,land_use,12.0,85.5,475.6
ghsl_2878_cell_01026,14,32,48.745749922397,2.244580988083543,26.0,Commercial,land_use,5.9,168.0,702.7
ghsl_2878_cell_01027,15,32,48.74574992239701,2.257518054297281,3561.7,Civic,land_use,3.7,106.7,1511.8
ghsl_2878_cell_01028,16,32,48.745749922397,2.270455120511019,4300.1,Residential,land_use,4.3,84.6,2426.4
ghsl_2878_cell_01029,17,32,48.745749922397,2.2833921867247566,3554.2,Industrial,land_use,22.3,63.5,3361.5
ghsl_2878_cell_01030,18,32,48.745749922396996,2.2963292529384947,7862.0,Residential,land_use,6.0,53.8,4303.8
ghsl_2878_cell_01031,19,32,48.745749922397,2.3092663191522327,7843.4,Civic,land_use,3.1,54.4,5249.3
ghsl_2878_cell_01032,20,32,48.745749922396996,2.3222033853659707,1738.0,Civic,land_use,22.6,56.4,6196.7
ghsl_2878_cell_01033,21,32,48.745749922396996,2.3351404515797087,294.4,Green,land_use,92.7,77.0,7123.6
ghsl_2878_cell_01034,22,32,48.745749922397,2.348077517793447,1520.5,Residential,land_use,34.6,75.7,7860.5
ghsl_2878_cell_01035,23,32,48.745749922396996,2.361014584007185,1006.3,Industrial,land_use,19.0,83.9,8385.1
ghsl_2878_cell_01036,24,32,48.745749922397,2.3739516502209232,2908.4,Utility,land_use,5.4,91.2,7724.0
ghsl_2878_cell_01037,25,32,48.745749922396996,2.386888716434661,3088.9,Industrial,land_use,9.4,83.9,7128.9
ghsl_2878_cell_01038,26,32,48.745749922396996,2.3998257826483993,5615.7,Civic,land_use,4.2,53.8,6617.8
ghsl_2878_cell_01039,27,32,48.745749922397,2.412762848862137,4567.0,Utility,land_use,38.2,52.2,6211.4
ghsl_2878_cell_01040,28,32,48.745749922397,2.4256999150758745,1165.0,Industrial,land_use,16.1,31.0,5931.2
ghsl_2878_cell_01041,29,32,48.74574992239701,2.4386369812896125,3610.0,Residential,land_use,6.5,34.7,5795.7
ghsl_2878_cell_01042,30,32,48.745749922397,2.4515740475033505,4894.5,Commercial,land_use,25.6,34.7,5784.5
ghsl_2878_cell_01043,31,32,48.745749922396996,2.464511113717089,5000.3,Residential,land_use,9.5,56.1,5784.4
ghsl_2878_cell_01044,32,32,48.74574992239701,2.4774481799308274,4633.4,Residential,land_use,8.9,55.4,5231.8
ghsl_2878_cell_01045,33,32,48.745749922397,2.490385246144565,3261.6,Civic,land_use,20.2,66.7,4280.5
ghsl_2878_cell_01046,34,32,48.74574992239701,2.5033223123583035,5471.0,Residential,land_use,3.1,87.1,3329.3
ghsl_2878_cell_01047,35,32,48.745749922396996,2.5162593785720406,1367.0,Civic,land_use,9.1,98.5,2378.1
ghsl_2878_cell_01048,36,32,48.745749922397,2.529196444785779,78.6,Residential,heuristic,10.3,106.7,1426.8
ghsl_2878_cell_01049,37,32,48.745749922397,2.542133510999517,221.1,Residential,heuristic,1.9,102.8,475.6
ghsl_2878_cell_01050,12,33,48.73629067277003,2.218443709639303,2737.1,Civic,land_use,5.5,89.4,475.7
ghsl_2878_cell_01051,13,33,48.73629067277003,2.231379241473934,2788.7,Residential,land_use,7.8,76.8,702.7
ghsl_2878_cell_01052,14,33,48.73629067277003,2.2443147733085653,1144.5,Green,land_use,42.7,66.1,1511.9
ghsl_2878_cell_01053,15,33,48.73629067277003,2.2572503051431974,4893.3,Civic,land_use,3.0,62.7,2108.0
ghsl_2878_cell_01054,16,33,48.73629067277003,2.270185836977829,5985.2,Utility,land_use,2.0,60.7,2829.9
ghsl_2878_cell_01055,17,33,48.73629067277003,2.28312136881246,8770.2,Civic,land_use,4.9,85.0,3658.3
ghsl_2878_cell_01056,18,33,48.73629067277003,2.2960569006470912,9288.6,Residential,land_use,8.3,86.3,4421.1
ghsl_2878_cell_01057,19,33,48.73629067277004,2.3089924324817237,5009.7,Industrial,land_use,3.1,84.5,5011.3
ghsl_2878_cell_01058,20,33,48.73629067277003,2.321927964316355,1369.5,Residential,land_use,14.3,80.1,5700.2
ghsl_2878_cell_01059,21,33,48.73629067277003,2.3348634961509864,908.1,Residential,land_use,33.2,78.2,6443.6
ghsl_2878_cell_01060,22,33,48.73629067277003,2.347799027985618,134.2,Green,land_use,45.9,84.9,7124.0
ghsl_2878_cell_01061,23,33,48.73629067277003,2.360734559820249,477.3,Commercial,land_use,38.6,86.0,7713.9
ghsl_2878_cell_01062,24,33,48.73629067277003,2.3736700916548807,2474.1,Commercial,land_use,15.8,84.5,6986.7
ghsl_2878_cell_01063,25,33,48.73629067277003,2.3866056234895114,411.6,Green,land_use,43.3,86.2,6319.4
ghsl_2878_cell_01064,26,33,48.73629067277003,2.399541155324143,2515.7,Industrial,land_use,10.5,87.2,5733.1
ghsl_2878_cell_01065,27,33,48.73629067277003,2.412476687158775,4313.3,Civic,land_use,5.5,51.1,5255.0
ghsl_2878_cell_01066,28,33,48.73629067277003,2.4254122189934066,3260.4,Utility,land_use,1.0,34.5,4916.6
ghsl_2878_cell_01067,29,33,48.73629067277003,2.4383477508280382,1738.4,Industrial,land_use,12.8,30.5,4747.9
ghsl_2878_cell_01068,30,33,48.73629067277003,2.45128328266267,6339.3,Residential,land_use,0.6,33.8,4732.6
ghsl_2878_cell_01069,31,33,48.73629067277003,2.464218814497301,5097.3,Civic,land_use,4.6,85.5,4732.5
ghsl_2878_cell_01070,32,33,48.73629067277003,2.4771543463319325,1599.6,Green,land_use,57.8,87.7,4732.6
ghsl_2878_cell_01071,33,33,48.73629067277003,2.490089878166564,651.2,Utility,land_use,11.6,87.3,4280.8
ghsl_2878_cell_01072,34,33,48.73629067277003,2.503025410001196,236.9,Residential,heuristic,2.3,95.5,3329.5
ghsl_2878_cell_01073,35,33,48.73629067277003,2.5159609418358273,389.6,Residential,heuristic,10.5,100.7,2378.2
ghsl_2878_cell_01074,36,33,48.73629067277003,2.5288964736704593,280.3,Green,land_use,42.2,78.6,1426.9
ghsl_2878_cell_01075,37,33,48.73629067277003,2.54183200550509,593.5,Residential,heuristic,0.3,89.5,475.6
ghsl_2878_cell_01076,12,34,48.72683208121419,2.2181807030421328,2131.3,Industrial,land_use,27.9,140.6,475.7
ghsl_2878_cell_01077,13,34,48.72683208121419,2.2311147013106,4102.9,Commercial,land_use,13.5,124.5,1427.1
ghsl_2878_cell_01078,14,34,48.72683208121419,2.244048699579068,4119.4,Residential,land_use,4.3,94.4,2108.1
ghsl_2878_cell_01079,15,34,48.72683208121419,2.2569826978475342,6853.2,Residential,land_use,2.3,85.0,2629.2
ghsl_2878_cell_01080,16,34,48.72683208121419,2.269916696116002,3837.0,Residential,land_use,7.4,72.2,2681.2
ghsl_2878_cell_01081,17,34,48.726832081214205,2.2828506943844693,6338.6,Industrial,land_use,2.4,88.1,3015.7
ghsl_2878_cell_01082,18,34,48.726832081214205,2.295784692652937,1119.9,Green,land_use,55.3,80.4,3579.4
ghsl_2878_cell_01083,19,34,48.72683208121419,2.308718690921404,1256.3,Industrial,land_use,25.0,98.1,4282.7
ghsl_2878_cell_01084,20,34,48.72683208121419,2.321652689189871,1022.3,Industrial,land_use,0.7,82.9,5011.6
ghsl_2878_cell_01085,21,34,48.72683208121419,2.334586687458338,335.5,Green,land_use,100.0,82.9,5700.6
ghsl_2878_cell_01086,22,34,48.72683208121419,2.347520685726806,168.4,Green,land_use,42.2,86.4,6456.7
ghsl_2878_cell_01087,23,34,48.72683208121419,2.3604546839952727,1191.4,Utility,land_use,10.7,87.6,6987.1
ghsl_2878_cell_01088,24,34,48.72683208121419,2.3733886822637396,1342.3,Residential,heuristic,25.6,86.1,6319.7
ghsl_2878_cell_01089,25,34,48.726832081214205,2.3863226805322073,29.2,Green,land_use,80.7,86.5,5591.4
ghsl_2878_cell_01090,26,34,48.726832081214205,2.3992566788006746,231.7,Green,land_use,89.2,85.5,4915.0
ghsl_2878_cell_01091,27,34,48.72683208121419,2.4121906770691415,3539.1,Residential,land_use,15.1,76.8,4343.1
ghsl_2878_cell_01092,28,34,48.72683208121419,2.4251246753376092,4955.0,Civic,land_use,3.7,33.2,3921.7
ghsl_2878_cell_01093,29,34,48.72683208121419,2.438058673606076,2645.5,Residential,land_use,6.4,34.9,3702.7
ghsl_2878_cell_01094,30,34,48.72683208121419,2.450992671874544,4934.1,Utility,land_use,15.8,88.5,3680.8
ghsl_2878_cell_01095,31,34,48.72683208121419,2.4639266701430107,1547.5,Green,land_use,58.7,93.1,3680.7
ghsl_2878_cell_01096,32,34,48.72683208121419,2.476860668411478,520.6,Industrial,land_use,3.8,100.7,3680.8
ghsl_2878_cell_01097,33,34,48.726832081214205,2.4897946666799458,159.9,Residential,land_use,20.9,101.6,3722.0
ghsl_2878_cell_01098,34,34,48.72683208121419,2.502728664948412,208.4,Commercial,land_use,7.5,108.3,3329.8
ghsl_2878_cell_01099,35,34,48.72683208121419,2.5156626632168795,1392.7,Residential,land_use,6.0,117.9,2378.4
ghsl_2878_cell_01100,36,34,48.72683208121419,2.5285966614853472,2312.2,Residential,land_use,18.6,89.6,1427.0
ghsl_2878_cell_01101,37,34,48.726832081214205,2.5415306597538145,1698.5,Residential,land_use,15.6,64.2,475.7
ghsl_2878_cell_01102,11,35,48.71737414742872,2.2049853702455744,792.7,Commercial,land_use,10.0,155.4,475.7
ghsl_2878_cell_01103,12,35,48.71737414742871,2.217917835760211,97.7,Civic,land_use,56.3,153.8,702.7
ghsl_2878_cell_01104,13,35,48.71737414742871,2.2308503012748475,1647.4,Utility,land_use,16.8,165.6,1512.1
ghsl_2878_cell_01105,14,35,48.71737414742871,2.2437827667894843,4724.3,Utility,land_use,2.0,111.5,1577.5
ghsl_2878_cell_01106,15,35,48.71737414742871,2.256715232304121,3988.0,Residential,land_use,2.3,93.2,1577.5
ghsl_2878_cell_01107,16,35,48.71737414742871,2.2696476978187583,1460.5,Residential,land_use,15.6,93.9,1656.5
ghsl_2878_cell_01108,17,35,48.71737414742871,2.282580163333395,1045.2,Commercial,land_use,2.9,88.8,2147.6
ghsl_2878_cell_01109,18,35,48.71737414742871,2.2955126288480323,1427.4,Green,land_use,100.0,87.2,2879.6
ghsl_2878_cell_01110,19,35,48.71737414742871,2.3084450943626686,1321.6,Industrial,land_use,10.4,85.1,3579.6
ghsl_2878_cell_01111,20,35,48.71737414742871,2.321377559877305,314.4,Green,land_use,44.0,82.1,4283.0
ghsl_2878_cell_01112,21,35,48.71737414742871,2.334310025391942,111.9,Green,land_use,50.8,82.4,5068.2
ghsl_2878_cell_01113,22,35,48.71737414742871,2.347242490906579,176.9,Green,land_use,50.0,82.8,5902.7
ghsl_2878_cell_01114,23,35,48.71737414742871,2.3601749564212153,1074.4,Green,land_use,44.6,84.6,6339.4
ghsl_2878_cell_01115,24,35,48.71737414742871,2.373107421935852,742.0,Green,land_use,57.4,86.0,5591.7
ghsl_2878_cell_01116,25,35,48.71737414742871,2.3860398874504885,902.5,Residential,land_use,9.9,88.9,4915.2
ghsl_2878_cell_01117,26,35,48.71737414742871,2.398972352965126,2446.2,Commercial,land_use,5.3,85.4,4202.3
ghsl_2878_cell_01118,27,35,48.7173741474287,2.4119048184797625,1586.2,Utility,land_use,26.9,27.5,3510.6
ghsl_2878_cell_01119,28,35,48.7173741474287,2.4248372839943997,73.0,Industrial,land_use,34.2,36.2,2966.7
ghsl_2878_cell_01120,29,35,48.71737414742871,2.4377697495090365,1365.4,Commercial,land_use,6.7,36.5,2662.9
ghsl_2878_cell_01121,30,35,48.7173741474287,2.450702215023673,3431.7,Residential,land_use,22.5,31.7,2629.0
ghsl_2878_cell_01122,31,35,48.7173741474287,2.4636346805383096,5351.9,Civic,land_use,2.2,55.7,2628.9
ghsl_2878_cell_01123,32,35,48.7173741474287,2.476567146052947,2388.0,Residential,land_use,5.4,72.0,2629.0
ghsl_2878_cell_01124,33,35,48.71737414742872,2.489499611567584,2549.4,Residential,land_use,17.3,60.1,2682.0
ghsl_2878_cell_01125,34,35,48.7173741474287,2.50243207708222,4207.0,Residential,land_use,3.7,91.0,3018.0
ghsl_2878_cell_01126,35,35,48.71737414742871,2.515364542596857,1799.6,Residential,heuristic,16.8,91.7,2378.6
ghsl_2878_cell_01127,36,35,48.7173741474287,2.528297008111494,2757.1,Residential,land_use,5.3,77.1,1427.1
ghsl_2878_cell_01128,37,35,48.71737414742872,2.5412294736261316,1822.9,Residential,land_use,14.5,76.4,475.7
ghsl_2878_cell_01129,10,36,48.707916871113056,2.1917932405442353,2321.2,Residential,land_use,1.2,102.8,475.8
ghsl_2878_cell_01130,11,36,48.70791687111307,2.204724174116768,2374.6,Residential,land_use,6.1,138.6,702.8
ghsl_2878_cell_01131,12,36,48.707916871113056,2.2176551076893,2445.4,Civic,land_use,7.8,142.1,1512.2
ghsl_2878_cell_01132,13,36,48.70791687111307,2.230586041261833,3084.1,Residential,land_use,4.9,152.9,702.7
ghsl_2878_cell_01133,14,36,48.707916871113056,2.2435169748343644,4405.9,Residential,land_use,8.2,54.1,525.8
ghsl_2878_cell_01134,15,36,48.70791687111307,2.2564479084068974,1196.9,Industrial,land_use,13.8,56.7,525.8
ghsl_2878_cell_01135,16,36,48.707916871113056,2.26937884197943,955.7,Residential,land_use,21.9,70.0,715.9
ghsl_2878_cell_01136,17,36,48.707916871113056,2.2823097755519615,444.2,Industrial,land_use,30.2,82.6,1530.6
ghsl_2878_cell_01137,18,36,48.70791687111306,2.295240709124494,1890.2,Industrial,land_use,2.2,101.3,2147.7
ghsl_2878_cell_01138,19,36,48.707916871113056,2.3081716426970265,3810.2,Residential,land_use,19.6,91.5,2879.8
ghsl_2878_cell_01139,20,36,48.70791687111307,2.3211025762695594,3768.7,Residential,land_use,38.9,81.2,3712.9
ghsl_2878_cell_01140,21,36,48.707916871113056,2.334033509842091,2285.8,Green,land_use,52.4,80.7,4592.4
ghsl_2878_cell_01141,22,36,48.707916871113056,2.346964443414623,1266.8,Industrial,land_use,32.9,82.8,5496.1
ghsl_2878_cell_01142,23,36,48.707916871113056,2.359895376987156,4403.7,Residential,land_use,4.1,83.9,5811.3
ghsl_2878_cell_01143,24,36,48.707916871113056,2.372826310559688,5775.4,Residential,land_use,2.5,86.4,4981.0
ghsl_2878_cell_01144,25,36,48.70791687111307,2.3857572441322206,5063.2,Civic,land_use,22.1,85.5,4202.6
ghsl_2878_cell_01145,26,36,48.70791687111307,2.3986881777047535,2591.0,Residential,land_use,5.7,35.0,3510.8
ghsl_2878_cell_01146,27,36,48.707916871113056,2.4116191112772856,1609.7,Utility,land_use,31.7,36.0,2828.4
ghsl_2878_cell_01147,28,36,48.707916871113056,2.4245500448498176,4871.9,Civic,land_use,12.5,35.8,2106.3
ghsl_2878_cell_01148,29,36,48.707916871113056,2.4374809784223497,4908.1,Residential,land_use,0.7,36.1,1638.7
ghsl_2878_cell_01149,30,36,48.707916871113056,2.4504119119948826,3616.7,Residential,land_use,14.0,66.2,1577.3
ghsl_2878_cell_01150,31,36,48.707916871113056,2.4633428455674147,3988.2,Residential,land_use,6.5,41.6,1577.2
ghsl_2878_cell_01151,32,36,48.707916871113056,2.4762737791399467,4608.0,Residential,land_use,24.6,36.2,1577.3
ghsl_2878_cell_01152,33,36,48.70791687111306,2.4892047127124797,4603.8,Residential,land_use,10.0,56.2,1657.3
ghsl_2878_cell_01153,34,36,48.707916871113056,2.5021356462850117,3404.1,Residential,land_use,14.1,47.2,2149.5
ghsl_2878_cell_01154,35,36,48.707916871113056,2.5150665798575442,4805.3,Residential,land_use,11.1,87.0,2378.7
ghsl_2878_cell_01155,36,36,48.707916871113056,2.5279975134300767,2916.8,Commercial,land_use,14.8,92.2,1427.2
ghsl_2878_cell_01156,37,36,48.707916871113056,2.540928447002609,1663.6,Industrial,land_use,32.0,89.9,475.7
ghsl_2878_cell_01157,5,37,48.69846025196689,2.1268867016344495,1507.2,Residential,land_use,9.1,66.6,475.8
ghsl_2878_cell_01158,6,37,48.69846025196688,2.1398161040759955,1613.2,Residential,land_use,4.7,68.0,526.2
ghsl_2878_cell_01159,7,37,48.698460251966885,2.1527455065175425,2674.8,Residential,land_use,0.6,59.9,526.3
ghsl_2878_cell_01160,8,37,48.69846025196688,2.165674908959089,1480.7,Civic,land_use,15.6,65.7,526.2
ghsl_2878_cell_01161,9,37,48.698460251966885,2.1786043114006364,2295.5,Residential,land_use,5.2,71.3,526.0
ghsl_2878_cell_01162,10,37,48.698460251966885,2.1915337138421833,2918.9,Residential,land_use,3.9,82.1,702.8
ghsl_2878_cell_01163,11,37,48.69846025196688,2.20446311628373,2217.4,Residential,land_use,9.6,81.4,1512.4
ghsl_2878_cell_01164,12,37,48.698460251966885,2.217392518725277,2820.4,Residential,land_use,0.6,85.8,702.7
ghsl_2878_cell_01165,13,37,48.69846025196689,2.2303219211668237,2177.8,Residential,land_use,10.0,76.2,475.8
ghsl_2878_cell_01166,16,37,48.698460251966885,2.269110128491464,465.0,Industrial,land_use,27.5,52.5,475.8
ghsl_2878_cell_01167,17,37,48.698460251966885,2.282039530933011,640.1,Industrial,land_use,32.7,42.6,715.9
ghsl_2878_cell_01168,18,37,48.69846025196689,2.2949689333745575,7139.6,Industrial,land_use,1.2,49.3,1530.8
ghsl_2878_cell_01169,19,37,48.698460251966885,2.3078983358161045,5214.0,Residential,land_use,6.3,53.0,2446.6
ghsl_2878_cell_01170,20,37,48.69846025196689,2.320827738257652,5508.2,Residential,land_use,0.3,72.5,3382.4
ghsl_2878_cell_01171,21,37,48.698460251966885,2.333757140699198,3427.3,Industrial,land_use,0.9,93.0,4325.1
ghsl_2878_cell_01172,22,37,48.698460251966885,2.3466865431407453,3342.7,Civic,land_use,22.2,92.8,5271.2
ghsl_2878_cell_01173,23,37,48.698460251966885,2.3596159455822914,6654.4,Commercial,land_use,8.6,91.1,5437.5
ghsl_2878_cell_01174,24,37,48.698460251966885,2.3725453480238388,6303.0,Residential,land_use,6.6,89.6,4534.9
ghsl_2878_cell_01175,25,37,48.698460251966885,2.385474750465385,3828.1,Utility,land_use,26.8,36.7,3657.5
ghsl_2878_cell_01176,26,37,48.69846025196688,2.3984041529069318,569.6,Green,land_use,100.0,36.9,2828.6
ghsl_2878_cell_01177,27,37,48.69846025196688,2.4113335553484787,2233.8,Commercial,land_use,10.5,41.4,2106.4
ghsl_2878_cell_01178,28,37,48.69846025196689,2.424262957790025,4482.1,Civic,land_use,30.7,51.7,1511.5
ghsl_2878_cell_01179,29,37,48.698460251966885,2.4371923602315726,6335.4,Residential,land_use,1.4,52.1,702.1
ghsl_2878_cell_01180,30,37,48.698460251966885,2.450121762673119,4838.9,Residential,land_use,3.8,80.8,525.7
ghsl_2878_cell_01181,31,37,48.698460251966885,2.4630511651146656,4038.7,Residential,land_use,6.5,84.6,525.6
ghsl_2878_cell_01182,32,37,48.698460251966885,2.4759805675562125,4569.6,Residential,land_use,0.4,82.7,525.7
ghsl_2878_cell_01183,33,37,48.698460251966885,2.488909969997759,4331.7,Residential,land_use,2.8,75.1,716.5
ghsl_2878_cell_01184,34,37,48.698460251966885,2.501839372439307,3659.7,Residential,land_use,18.2,49.8,1531.6
ghsl_2878_cell_01185,35,37,48.698460251966885,2.5147687748808534,3834.3,Residential,land_use,12.4,44.9,1577.2
ghsl_2878_cell_01186,36,37,48.69846025196689,2.5276981773224,6260.5,Residential,land_use,17.0,51.0,1511.0
ghsl_2878_cell_01187,37,37,48.698460251966885,2.540627579763947,2606.7,Residential,land_use,9.7,85.9,701.8
ghsl_2878_cell_01188,38,37,48.698460251966885,2.5535569822054933,1643.5,Residential,land_use,36.8,97.5,475.8
ghsl_2878_cell_01189,4,38,48.689004289690004,2.1137070917955416,2925.0,Residential,land_use,26.1,158.5,475.8
ghsl_2878_cell_01190,5,38,48.689004289690004,2.126634963916615,2580.3,Residential,land_use,10.8,164.5,525.7
ghsl_2878_cell_01191,6,38,48.68900428969,2.139562836037689,1278.6,Residential,land_use,1.0,163.7,525.6
ghsl_2878_cell_01192,7,38,48.689004289690004,2.152490708158763,2373.9,Residential,land_use,4.6,79.9,525.7
ghsl_2878_cell_01193,8,38,48.689004289690004,2.165418580279836,2843.4,Green,land_use,43.0,171.3,715.5
ghsl_2878_cell_01194,9,38,48.689004289690004,2.1783464524009095,4857.4,Residential,land_use,1.1,152.2,1530.4
ghsl_2878_cell_01195,10,38,48.68900428969,2.191274324521983,1863.4,Residential,land_use,2.7,144.1,1512.5
ghsl_2878_cell_01196,11,38,48.689004289690004,2.204202196643057,2462.7,Commercial,land_use,5.3,159.4,702.8
ghsl_2878_cell_01197,12,38,48.689004289690004,2.217130068764131,1298.6,Commercial,land_use,11.7,163.1,475.8
ghsl_2878_cell_01198,17,38,48.689004289690004,2.2817694293694997,2364.2,Residential,land_use,19.0,74.5,475.8
ghsl_2878_cell_01199,18,38,48.68900428969001,2.2946973014905727,7085.9,Residential,land_use,8.1,93.7,1427.5
ghsl_2878_cell_01200,19,38,48.68900428969,2.3076251736116467,2203.8,Green,land_use,60.0,44.0,2379.1
ghsl_2878_cell_01201,20,38,48.689004289690004,2.3205530457327197,2821.7,Utility,land_use,8.4,64.7,3330.8
ghsl_2878_cell_01202,21,38,48.68900428969,2.3334809178537936,3932.7,Industrial,land_use,9.8,98.1,4282.5
ghsl_2878_cell_01203,22,38,48.689004289690004,2.346408789974867,5936.3,Civic,land_use,0.1,96.7,5234.1
ghsl_2878_cell_01204,23,38,48.68900428969,2.3593366620959406,6100.2,Civic,land_use,1.4,83.9,5251.1
ghsl_2878_cell_01205,24,38,48.689004289690004,2.3722645342170146,6965.0,Civic,land_use,13.1,59.1,4305.1
ghsl_2878_cell_01206,25,38,48.68900428969,2.385192406338088,5035.0,Residential,land_use,4.4,36.5,3362.3
ghsl_2878_cell_01207,26,38,48.68900428968999,2.398120278459161,2029.5,Civic,land_use,7.4,31.5,2426.7
ghsl_2878_cell_01208,27,38,48.68900428969,2.4110481505802355,4078.1,Residential,land_use,4.0,54.3,1511.6
ghsl_2878_cell_01209,28,38,48.68900428969,2.423976022701309,4807.4,Residential,land_use,4.5,59.2,702.1
ghsl_2878_cell_01210,29,38,48.68900428969001,2.4369038948223825,3939.7,Residential,land_use,9.3,82.4,475.8
ghsl_2878_cell_01211,33,38,48.689004289690004,2.488615383306677,4582.7,Residential,land_use,0.6,86.1,475.8
ghsl_2878_cell_01212,34,38,48.689004289690004,2.501543255427751,3978.2,Residential,land_use,0.9,82.6,525.6
ghsl_2878_cell_01213,35,38,48.689004289690004,2.5144711275488247,3275.3,Residential,land_use,3.9,78.7,525.7
ghsl_2878_cell_01214,36,38,48.689004289690004,2.5273989996698987,2164.7,Residential,land_use,10.9,49.3,716.6
ghsl_2878_cell_01215,37,38,48.68900428969001,2.540326871790972,1332.0,Residential,land_use,24.0,46.0,475.8
ghsl_2878_cell_01216,4,39,48.67954898398246,2.1134570168179057,1816.1,Residential,land_use,42.9,168.9,475.9
ghsl_2878_cell_01217,8,39,48.67954898398244,2.165162387259934,5479.1,Residential,land_use,16.3,165.8,475.9
ghsl_2878_cell_01218,9,39,48.67954898398246,2.1780887298704408,5196.2,Residential,land_use,7.9,159.2,525.4
ghsl_2878_cell_01219,10,39,48.67954898398246,2.1910150724809485,4134.9,Residential,land_use,8.5,156.0,525.4
ghsl_2878_cell_01220,11,39,48.67954898398246,2.203941415091455,2375.1,Commercial,land_use,11.5,150.4,475.9
ghsl_2878_cell_01221,17,39,48.67954898398246,2.281499470754498,535.1,Green,land_use,71.0,90.0,475.9
ghsl_2878_cell_01222,18,39,48.67954898398246,2.294425813365005,2262.0,Residential,land_use,37.9,72.4,1427.6
ghsl_2878_cell_01223,19,39,48.67954898398246,2.307352155975512,1956.2,Residential,land_use,33.6,69.1,2379.3
ghsl_2878_cell_01224,20,39,48.679548983982464,2.320278498586019,3784.2,Civic,land_use,8.1,69.4,3331.0
ghsl_2878_cell_01225,21,39,48.67954898398246,2.333204841196526,3355.1,Residential,land_use,6.8,54.2,4282.7
ghsl_2878_cell_01226,22,39,48.67954898398246,2.346131183807033,5796.0,Residential,land_use,0.6,80.8,5234.5
ghsl_2878_cell_01227,23,39,48.67954898398246,2.3590575264175397,5542.0,Utility,land_use,3.4,43.3,5234.4
ghsl_2878_cell_01228,24,39,48.679548983982464,2.371983869028047,5937.4,Commercial,land_use,1.6,37.2,4282.7
ghsl_2878_cell_01229,25,39,48.67954898398246,2.3849102116385543,3648.0,Residential,land_use,1.9,44.2,3331.0
ghsl_2878_cell_01230,26,39,48.679548983982464,2.3978365542490616,1463.5,Civic,land_use,1.7,38.5,2379.3
ghsl_2878_cell_01231,27,39,48.67954898398246,2.4107628968595685,4114.3,Civic,land_use,0.1,60.3,1427.6
ghsl_2878_cell_01232,28,39,48.67954898398246,2.4236892394700758,3422.7,Industrial,land_use,3.6,78.4,475.9
ghsl_2878_cell_01233,36,39,48.679548983982464,2.5270999803541327,2591.8,Residential,land_use,0.8,79.5,475.8
ghsl_2878_cell_01234,37,39,48.679548983982464,2.5400263229646396,1738.0,Commercial,land_use,25.3,65.3,475.8
ghsl_2878_cell_01235,17,40,48.670094334544466,2.281229654981193,973.1,Commercial,land_use,18.5,89.8,475.9
ghsl_2878_cell_01236,18,40,48.670094334544466,2.2941544688904347,920.7,Green,land_use,59.4,85.8,1427.7
ghsl_2878_cell_01237,19,40,48.67009433454447,2.3070792827996778,565.5,Green,land_use,58.7,77.2,2379.5
ghsl_2878_cell_01238,20,40,48.670094334544466,2.320004096708919,2819.9,Residential,land_use,15.8,48.5,3331.3
ghsl_2878_cell_01239,21,40,48.670094334544466,2.3329289106181608,3645.0,Residential,land_use,10.7,47.7,4283.0
ghsl_2878_cell_01240,22,40,48.67009433454447,2.345853724527403,2880.8,Residential,land_use,13.6,41.1,5234.8
ghsl_2878_cell_01241,23,40,48.670094334544466,2.358778538436644,5201.3,Civic,land_use,9.3,71.0,5234.8
ghsl_2878_cell_01242,24,40,48.670094334544466,2.3717033523458864,5364.8,Civic,land_use,13.4,71.9,4283.0
ghsl_2878_cell_01243,25,40,48.670094334544466,2.384628166255128,2051.6,Commercial,land_use,13.3,32.0,3331.2
ghsl_2878_cell_01244,26,40,48.670094334544466,2.39755298016437,1739.4,Industrial,land_use,16.2,36.8,2379.4
ghsl_2878_cell_01245,27,40,48.670094334544466,2.4104777940736115,1545.9,Residential,land_use,36.9,35.9,1427.7
ghsl_2878_cell_01246,28,40,48.670094334544466,2.4234026079828537,225.7,Residential,heuristic,0.1,85.4,475.9
ghsl_2878_cell_01247,37,40,48.670094334544466,2.5397259331660305,3858.1,Residential,land_use,1.8,88.7,475.9
ghsl_2878_cell_01248,38,40,48.67009433454447,2.552650747075273,3464.4,Residential,land_use,11.0,47.8,475.9
ghsl_2878_cell_01249,16,41,48.66064034107647,2.2680366959262144,4538.7,Civic,land_use,3.3,99.3,475.9
ghsl_2878_cell_01250,17,41,48.66064034107647,2.2809599819428876,2683.8,Civic,land_use,19.9,90.4,702.5
ghsl_2878_cell_01251,18,41,48.66064034107646,2.2938832679595613,1409.5,Green,land_use,48.5,76.9,1512.4
ghsl_2878_cell_01252,19,41,48.660640341076466,2.306806553976235,2381.4,Civic,land_use,10.8,73.6,2427.6
ghsl_2878_cell_01253,20,41,48.66064034107647,2.3197298399929087,1132.2,Civic,land_use,19.3,47.4,3363.4
ghsl_2878_cell_01254,21,41,48.660640341076466,2.332653126009582,3453.7,Civic,land_use,7.0,78.9,4306.2
ghsl_2878_cell_01255,22,41,48.66064034107647,2.3455764120262557,5107.2,Civic,land_use,8.5,76.6,5252.4
ghsl_2878_cell_01256,23,41,48.660640341076466,2.3584996980429294,6165.2,Commercial,land_use,0.5,77.4,5272.8
ghsl_2878_cell_01257,24,41,48.660640341076466,2.3714229840596026,5987.8,Industrial,land_use,8.2,76.5,4326.6
ghsl_2878_cell_01258,25,41,48.66064034107647,2.3843462700762763,6736.9,Industrial,land_use,7.0,83.7,3383.6
ghsl_2878_cell_01259,26,41,48.66064034107647,2.39726955609295,1715.3,Utility,land_use,7.9,32.0,2447.6
ghsl_2878_cell_01260,27,41,48.66064034107647,2.4101928421096233,4299.4,Residential,land_use,7.1,36.6,1531.6
ghsl_2878_cell_01261,28,41,48.66064034107646,2.423116128126297,1195.8,Residential,land_use,1.1,45.0,716.3
ghsl_2878_cell_01262,29,41,48.66064034107646,2.43603941414297,63.7,Residential,land_use,0.2,94.1,475.9
ghsl_2878_cell_01263,38,41,48.660640341076466,2.5523489882930326,2733.4,Utility,land_use,20.5,89.3,475.9
ghsl_2878_cell_01264,39,41,48.66064034107646,2.5652722743097063,4652.8,Residential,land_use,8.5,89.8,525.7
ghsl_2878_cell_01265,40,41,48.66064034107647,2.57819556032638,2339.3,Residential,land_use,31.1,89.0,475.9
ghsl_2878_cell_01266,15,42,48.65118700327901,2.2548469336686003,1016.2,Industrial,land_use,14.9,145.4,476.0
ghsl_2878_cell_01267,16,42,48.65118700327901,2.267768692600798,2627.1,Commercial,land_use,3.3,102.5,702.5
ghsl_2878_cell_01268,17,42,48.65118700327903,2.280690451532997,2323.0,Industrial,land_use,11.3,79.1,1512.5
ghsl_2878_cell_01269,18,42,48.65118700327902,2.293612210465195,1833.5,Civic,land_use,11.8,49.3,2107.5
ghsl_2878_cell_01270,19,42,48.65118700327901,2.306533969397393,3520.4,Utility,land_use,28.8,53.1,2830.2
ghsl_2878_cell_01271,20,42,48.65118700327903,2.3194557283295913,4713.8,Civic,land_use,2.7,77.8,3659.3
ghsl_2878_cell_01272,21,42,48.65118700327901,2.33237748726179,4602.7,Residential,land_use,0.1,78.9,4537.0
ghsl_2878_cell_01273,22,42,48.65118700327903,2.3452992461939886,4927.7,Civic,land_use,4.0,81.3,4729.6
ghsl_2878_cell_01274,23,42,48.65118700327901,2.358221005126186,6282.7,Civic,land_use,0.0,80.9,4763.7
ghsl_2878_cell_01275,24,42,48.65118700327901,2.371142764058385,8878.4,Civic,land_use,8.6,81.3,4594.6
ghsl_2878_cell_01276,25,42,48.65118700327901,2.3840645229905824,7058.4,Civic,land_use,6.9,82.4,3714.9
ghsl_2878_cell_01277,26,42,48.65118700327902,2.396986281922781,7193.3,Industrial,land_use,13.3,78.9,2881.4
ghsl_2878_cell_01278,27,42,48.65118700327902,2.40990804085498,9457.1,Civic,land_use,6.2,76.4,2148.8
ghsl_2878_cell_01279,28,42,48.65118700327901,2.422829799787178,2643.1,Green,land_use,74.4,46.6,1531.7
ghsl_2878_cell_01280,29,42,48.65118700327901,2.435751558719376,1074.6,Residential,land_use,2.6,33.7,716.3
ghsl_2878_cell_01281,30,42,48.65118700327901,2.4486733176515743,2228.3,Residential,land_use,1.6,59.7,525.7
ghsl_2878_cell_01282,31,42,48.65118700327903,2.4615950765837726,2503.0,Residential,land_use,19.0,81.4,475.9
ghsl_2878_cell_01283,38,42,48.65118700327901,2.55204738910916,1655.1,Industrial,land_use,4.6,86.5,475.9
ghsl_2878_cell_01284,39,42,48.65118700327902,2.5649691480413592,1922.7,Industrial,land_use,11.1,88.3,1427.8
ghsl_2878_cell_01285,40,42,48.65118700327901,2.577890906973557,1021.8,Green,land_use,46.0,88.6,475.9
ghsl_2878_cell_01286,13,43,48.64173432085298,2.228740133024201,2573.4,Civic,land_use,10.3,82.8,476.0
ghsl_2878_cell_01287,14,43,48.64173432085298,2.241660365679414,2081.2,Civic,land_use,5.9,105.7,525.6
ghsl_2878_cell_01288,15,43,48.64173432085299,2.2545805983346265,1875.7,Residential,heuristic,8.9,102.2,702.6
ghsl_2878_cell_01289,16,43,48.64173432085297,2.2675008309898383,3128.3,Residential,land_use,6.6,86.9,1512.6
ghsl_2878_cell_01290,17,43,48.641734320852976,2.2804210636450515,1589.2,Residential,land_use,38.6,76.2,2107.6
ghsl_2878_cell_01291,18,43,48.641734320852976,2.2933412963002646,881.7,Civic,land_use,27.6,50.0,2830.4
ghsl_2878_cell_01292,19,43,48.64173432085298,2.306261528955477,4355.0,Residential,land_use,8.4,64.8,3512.4
ghsl_2878_cell_01293,20,43,48.64173432085299,2.31918176161069,4896.3,Civic,land_use,0.5,80.4,3700.8
ghsl_2878_cell_01294,21,43,48.64173432085298,2.332101994265903,4905.2,Residential,land_use,3.2,79.4,3678.4
ghsl_2878_cell_01295,22,43,48.64173432085299,2.3450222269211154,5326.1,Civic,land_use,3.7,81.5,3678.5
ghsl_2878_cell_01296,23,43,48.64173432085298,2.357942459576328,4960.3,Civic,land_use,13.4,79.9,3719.1
ghsl_2878_cell_01297,24,43,48.64173432085298,2.370862692231541,1585.0,Green,land_use,67.6,81.5,3700.6
ghsl_2878_cell_01298,25,43,48.64173432085297,2.3837829248867535,1270.3,Industrial,land_use,1.8,81.8,3678.4
ghsl_2878_cell_01299,26,43,48.64173432085297,2.3967031575419666,1582.5,Industrial,land_use,11.1,90.7,3581.2
ghsl_2878_cell_01300,27,43,48.64173432085299,2.4096233901971797,5906.5,Civic,land_use,9.3,80.1,2881.6
ghsl_2878_cell_01301,28,43,48.64173432085298,2.4225436228523924,4412.1,Civic,land_use,2.2,80.3,2148.8
ghsl_2878_cell_01302,29,43,48.64173432085299,2.435463855507605,6496.8,Civic,land_use,9.6,78.7,1427.9
ghsl_2878_cell_01303,30,43,48.64173432085297,2.448384088162818,1538.2,Residential,land_use,8.5,58.0,476.0
ghsl_2878_cell_01304,37,43,48.64173432085297,2.538825716749306,1771.7,Residential,land_use,14.3,81.1,476.0
ghsl_2878_cell_01305,38,43,48.64173432085298,2.5517459494045194,2568.8,Residential,heuristic,3.9,83.9,701.7
ghsl_2878_cell_01306,39,43,48.64173432085297,2.564666182059732,659.3,Green,land_use,64.9,85.7,1427.9
ghsl_2878_cell_01307,40,43,48.64173432085298,2.5775864147149448,748.6,Industrial,land_use,25.9,88.3,476.0
ghsl_2878_cell_01308,14,44,48.632282293499316,2.2413956966173547,749.1,Residential,heuristic,8.1,96.6,476.0
ghsl_2878_cell_01309,15,44,48.632282293499316,2.254314403802469,507.5,Industrial,land_use,38.6,83.2,715.8
ghsl_2878_cell_01310,16,44,48.632282293499316,2.267233110987584,2630.4,Residential,land_use,13.9,58.3,1531.2
ghsl_2878_cell_01311,17,44,48.63228229349933,2.2801518181726985,1986.3,Residential,land_use,9.5,89.2,2447.5
ghsl_2878_cell_01312,18,44,48.63228229349932,2.293070525357813,1317.2,Residential,heuristic,14.4,44.1,3383.8
ghsl_2878_cell_01313,19,44,48.63228229349933,2.305989232542928,4243.9,Civic,land_use,7.4,53.8,2966.9
ghsl_2878_cell_01314,20,44,48.63228229349932,2.3189079397280414,4313.8,Civic,land_use,9.8,92.6,2661.7
ghsl_2878_cell_01315,21,44,48.632282293499316,2.331826646913156,4807.6,Residential,land_use,2.7,78.6,2627.4
ghsl_2878_cell_01316,22,44,48.632282293499316,2.34474535409827,1737.3,Civic,land_use,22.6,84.2,2627.4
ghsl_2878_cell_01317,23,44,48.632282293499316,2.357664061283385,983.9,Civic,land_use,13.4,80.7,2679.8
ghsl_2878_cell_01318,24,44,48.632282293499316,2.370582768468499,571.7,Residential,heuristic,4.6,83.2,2661.5
ghsl_2878_cell_01319,25,44,48.632282293499316,2.3835014756536137,90.8,Residential,heuristic,28.3,98.3,2627.3
ghsl_2878_cell_01320,26,44,48.63228229349933,2.3964201828387277,578.4,Green,land_use,55.1,79.2,2627.2
ghsl_2878_cell_01321,27,44,48.63228229349932,2.4093388900238426,2428.7,Industrial,land_use,3.8,79.0,2627.3
ghsl_2878_cell_01322,28,44,48.632282293499316,2.422257597208957,5995.3,Civic,land_use,21.4,89.5,2380.1
ghsl_2878_cell_01323,29,44,48.632282293499316,2.4351763043940715,9053.6,Residential,land_use,6.3,78.7,1428.0
ghsl_2878_cell_01324,30,44,48.632282293499316,2.4480950115791855,5445.2,Civic,land_use,24.1,69.5,476.0
ghsl_2878_cell_01325,37,44,48.632282293499316,2.538525961874987,1725.1,Green,land_use,61.3,90.1,476.0
ghsl_2878_cell_01326,38,44,48.632282293499316,2.5514446690601016,7896.6,Residential,land_use,8.1,90.3,525.5
ghsl_2878_cell_01327,39,44,48.632282293499316,2.564363376245216,1611.1,Industrial,land_use,15.2,87.1,716.7
ghsl_2878_cell_01328,40,44,48.632282293499316,2.5772820834303305,2727.8,Industrial,land_use,14.0,85.7,716.7
ghsl_2878_cell_01329,41,44,48.63228229349932,2.590200790615445,2488.6,Civic,land_use,27.6,82.5,476.0
ghsl_2878_cell_01330,15,45,48.62283092091924,2.2540483499670936,1744.1,Industrial,land_use,3.7,124.6,476.1
ghsl_2878_cell_01331,16,45,48.62283092091925,2.266965532488396,2514.7,Commercial,land_use,6.4,80.6,1428.2
ghsl_2878_cell_01332,17,45,48.62283092091924,2.279882715009696,429.5,Residential,land_use,36.5,53.2,2380.3
ghsl_2878_cell_01333,18,45,48.62283092091924,2.2927998975309976,532.7,Commercial,land_use,28.4,56.0,2830.4
ghsl_2878_cell_01334,19,45,48.622830920919235,2.3057170800522986,2174.2,Industrial,land_use,14.1,71.7,2107.2
ghsl_2878_cell_01335,20,45,48.62283092091924,2.3186342625736005,1827.2,Industrial,land_use,19.2,78.8,1638.2
ghsl_2878_cell_01336,21,45,48.62283092091925,2.3315514450949024,2081.0,Industrial,land_use,13.7,78.9,1576.3
ghsl_2878_cell_01337,22,45,48.62283092091924,2.3444686276162034,1386.6,Commercial,land_use,8.6,86.9,1576.3
ghsl_2878_cell_01338,23,45,48.62283092091924,2.3573858101375045,2022.5,Residential,heuristic,1.0,80.1,1655.9
ghsl_2878_cell_01339,24,45,48.62283092091925,2.3703029926588064,1056.2,Industrial,land_use,3.7,79.6,1638.1
ghsl_2878_cell_01340,25,45,48.62283092091924,2.383220175180107,883.5,Industrial,land_use,0.0,87.8,1576.3
ghsl_2878_cell_01341,26,45,48.62283092091925,2.3961373577014093,499.7,Civic,land_use,21.1,78.3,1576.2
ghsl_2878_cell_01342,27,45,48.62283092091924,2.4090545402227104,3204.5,Industrial,land_use,2.5,86.2,1576.3
ghsl_2878_cell_01343,28,45,48.62283092091925,2.4219717227440123,3434.8,Civic,land_use,5.1,82.3,1656.2
ghsl_2878_cell_01344,29,45,48.62283092091924,2.4348889052653133,6185.8,Utility,land_use,30.3,91.7,1532.0
ghsl_2878_cell_01345,30,45,48.62283092091924,2.447806087786615,7909.5,Civic,land_use,4.0,82.7,716.3
ghsl_2878_cell_01346,31,45,48.62283092091925,2.4607232703079163,3868.8,Industrial,land_use,12.0,66.8,476.0
ghsl_2878_cell_01347,34,45,48.62283092091925,2.4994748178718207,3014.3,Civic,land_use,8.6,85.5,476.0
ghsl_2878_cell_01348,39,45,48.62283092091925,2.564060730478327,1478.5,Industrial,land_use,11.0,91.5,476.0
ghsl_2878_cell_01349,40,45,48.62283092091924,2.576977912999628,2063.6,Utility,land_use,24.5,88.3,525.4
ghsl_2878_cell_01350,41,45,48.622830920919235,2.5898950955209292,4601.3,Residential,land_use,12.8,93.2,701.6
ghsl_2878_cell_01351,42,45,48.62283092091924,2.602812278042231,2610.6,Residential,heuristic,26.0,89.8,476.0
ghsl_2878_cell_01352,15,46,48.61338020281411,2.253782436723575,3130.6,Residential,land_use,2.1,86.3,476.1
ghsl_2878_cell_01353,16,46,48.61338020281411,2.266698095386747,1870.8,Civic,land_use,14.4,49.4,1428.3
ghsl_2878_cell_01354,17,46,48.61338020281411,2.2796137540499193,328.5,Residential,heuristic,18.6,43.6,2380.5
ghsl_2878_cell_01355,18,46,48.613380202814106,2.2925294127130913,566.7,Green,land_use,55.4,65.6,2107.3
ghsl_2878_cell_01356,19,46,48.613380202814106,2.3054450713762638,2705.8,Utility,land_use,20.8,74.3,1512.7
ghsl_2878_cell_01357,20,46,48.613380202814106,2.318360730039436,1793.7,Green,land_use,58.4,78.4,702.4
ghsl_2878_cell_01358,21,46,48.613380202814106,2.3312763887026087,2057.8,Industrial,land_use,23.1,80.4,525.4
ghsl_2878_cell_01359,22,46,48.613380202814106,2.344192047365781,6.0,Green,land_use,87.5,80.8,525.4
ghsl_2878_cell_01360,23,46,48.61338020281411,2.3571077060289536,184.4,Green,land_use,48.4,80.7,716.0
ghsl_2878_cell_01361,24,46,48.613380202814106,2.3700233646921256,2426.3,Residential,land_use,12.7,81.2,702.2
ghsl_2878_cell_01362,25,46,48.613380202814106,2.3829390233552985,2643.5,Residential,land_use,23.7,81.0,525.4
ghsl_2878_cell_01363,26,46,48.61338020281411,2.3958546820184705,652.1,Industrial,land_use,39.4,78.9,525.3
ghsl_2878_cell_01364,27,46,48.61338020281411,2.4087703406816425,3964.9,Residential,land_use,1.8,83.4,525.4
ghsl_2878_cell_01365,28,46,48.61338020281411,2.4216859993448154,1949.2,Commercial,land_use,40.1,82.0,716.2
ghsl_2878_cell_01366,29,46,48.61338020281411,2.434601658007988,4142.8,Industrial,land_use,1.9,80.5,1532.0
ghsl_2878_cell_01367,30,46,48.61338020281411,2.44751731667116,1616.1,Industrial,land_use,0.5,81.0,1532.1
ghsl_2878_cell_01368,31,46,48.61338020281411,2.4604329753343324,4146.0,Residential,land_use,4.3,82.1,716.3
ghsl_2878_cell_01369,32,46,48.61338020281411,2.473348633997505,5394.8,Industrial,land_use,3.2,37.8,525.5
ghsl_2878_cell_01370,33,46,48.61338020281411,2.4862642926606773,5844.2,Civic,land_use,0.7,40.5,525.5
ghsl_2878_cell_01371,34,46,48.61338020281411,2.4991799513238493,3923.1,Industrial,land_use,35.6,91.1,701.9
ghsl_2878_cell_01372,35,46,48.61338020281411,2.5120956099870217,2433.7,Civic,land_use,30.3,89.9,476.1
ghsl_2878_cell_01373,41,46,48.61338020281411,2.5895895619660556,1570.8,Industrial,land_use,1.8,97.9,476.1
ghsl_2878_cell_01374,14,47,48.60393013888549,2.2406025283569746,1480.7,Industrial,land_use,14.9,88.0,476.1
ghsl_2878_cell_01375,15,47,48.60393013888548,2.253516663967101,1932.8,Commercial,land_use,4.9,96.3,702.6
ghsl_2878_cell_01376,16,47,48.6039301388855,2.2664307995772277,814.9,Residential,heuristic,17.4,45.8,1513.0
ghsl_2878_cell_01377,17,47,48.60393013888548,2.2793449351873543,1205.4,Residential,land_use,3.6,81.1,1576.1
ghsl_2878_cell_01378,18,47,48.603930138885495,2.2922590707974813,2091.7,Residential,land_use,27.7,79.9,1512.8
ghsl_2878_cell_01379,19,47,48.603930138885495,2.305173206407608,4019.6,Residential,land_use,2.9,79.8,702.4
ghsl_2878_cell_01380,20,47,48.60393013888548,2.318087342017735,2486.2,Residential,land_use,12.1,77.4,476.1
ghsl_2878_cell_01381,23,47,48.60393013888549,2.356829748848115,1455.0,Industrial,land_use,29.3,80.6,476.1
ghsl_2878_cell_01382,24,47,48.60393013888548,2.369743884458241,1414.2,Residential,land_use,20.9,88.6,476.1
ghsl_2878_cell_01383,28,47,48.6039301388855,2.4214004268987477,1460.1,Industrial,land_use,11.7,86.5,476.1
ghsl_2878_cell_01384,29,47,48.603930138885495,2.4343145625088742,1018.2,Industrial,land_use,1.3,81.6,716.3
ghsl_2878_cell_01385,30,47,48.603930138885495,2.4472286981190012,964.3,Industrial,land_use,8.4,78.1,1532.2
ghsl_2878_cell_01386,31,47,48.603930138885495,2.460142833729128,3161.1,Industrial,land_use,4.4,39.6,1656.2
ghsl_2878_cell_01387,32,47,48.603930138885495,2.4730569693392543,6420.7,Commercial,land_use,3.4,39.1,1576.4
ghsl_2878_cell_01388,33,47,48.6039301388855,2.485971104949381,4937.8,Civic,land_use,3.7,36.8,1428.3
ghsl_2878_cell_01389,34,47,48.603930138885495,2.4988852405595083,2315.1,Residential,heuristic,33.3,90.4,476.1
ghsl_2878_cell_01390,14,48,48.59448072883518,2.2403384182314117,2642.4,Civic,land_use,11.9,77.5,476.2
ghsl_2878_cell_01391,15,48,48.59448072883518,2.253251031592976,3733.8,Civic,land_use,7.9,55.9,702.6
ghsl_2878_cell_01392,16,48,48.59448072883517,2.2661636449545406,2740.3,Utility,land_use,5.9,53.7,525.3
ghsl_2878_cell_01393,17,48,48.59448072883517,2.279076258316105,1700.4,Industrial,land_use,14.3,94.2,525.3
ghsl_2878_cell_01394,18,48,48.59448072883518,2.291988871677669,2298.6,Utility,land_use,0.9,81.1,702.5
ghsl_2878_cell_01395,19,48,48.59448072883518,2.3049014850392338,2836.8,Commercial,land_use,16.3,82.1,476.2
ghsl_2878_cell_01396,29,48,48.59448072883517,2.434027618654876,993.4,Industrial,land_use,9.8,87.7,476.1
ghsl_2878_cell_01397,30,48,48.59448072883518,2.4469402320164413,481.1,Commercial,land_use,28.3,77.7,716.3
ghsl_2878_cell_01398,31,48,48.59448072883518,2.459852845378005,2135.0,Industrial,land_use,25.7,43.5,1532.3
ghsl_2878_cell_01399,32,48,48.59448072883518,2.4727654587395693,6365.7,Residential,land_use,6.9,83.9,1512.2
ghsl_2878_cell_01400,33,48,48.59448072883518,2.485678072101134,2014.8,Industrial,land_use,25.8,30.5,701.9
ghsl_2878_cell_01401,34,48,48.59448072883517,2.4985906854626982,2176.9,Residential,land_use,12.5,83.3,476.1
ghsl_2878_cell_01402,13,49,48.585031972365115,2.2271633556628405,2199.4,Residential,land_use,12.5,51.2,476.2
ghsl_2878_cell_01403,14,49,48.58503197236512,2.2400744475797265,5331.1,Civic,land_use,1.4,76.9,525.2
ghsl_2878_cell_01404,15,49,48.585031972365115,2.2529855394966125,3948.8,Civic,land_use,2.5,77.7,476.2
ghsl_2878_cell_01405,18,49,48.58503197236512,2.291718815247271,1617.3,Industrial,land_use,6.2,83.3,476.2
ghsl_2878_cell_01406,30,49,48.58503197236512,2.4466519182499034,728.7,Commercial,land_use,6.1,85.3,476.2
ghsl_2878_cell_01407,31,49,48.58503197236512,2.4595630101667894,2406.9,Residential,land_use,8.1,83.5,1428.5
ghsl_2878_cell_01408,32,49,48.58503197236512,2.472474102083675,4304.3,Residential,land_use,0.2,50.2,1428.5
ghsl_2878_cell_01409,33,49,48.585031972365115,2.485385194000561,863.5,Residential,heuristic,6.0,36.4,476.2
ghsl_2878_cell_01410,30,50,48.57558386917746,2.446363756705933,2059.9,Utility,land_use,16.8,57.5,476.2
ghsl_2878_cell_01411,31,50,48.575583869177464,2.459273327981425,701.0,Residential,heuristic,7.3,44.6,1428.6
ghsl_2878_cell_01412,32,50,48.57558386917746,2.472182899256918,2122.5,Utility,land_use,0.1,86.5,1428.6
ghsl_2878_cell_01413,33,50,48.575583869177464,2.4850924705324116,397.4,Utility,land_use,7.8,40.5,476.2
ghsl_2878_cell_01414,29,51,48.56613641897452,2.4331676958344097,3831.3,Residential,land_use,9.3,71.8,476.2
ghsl_2878_cell_01415,30,51,48.566136418974516,2.4460757472711974,2263.8,Commercial,land_use,12.0,83.5,525.1
ghsl_2878_cell_01416,31,51,48.56613641897452,2.458983798707985,1264.4,Residential,land_use,11.0,82.7,524.9
ghsl_2878_cell_01417,32,51,48.566136418974516,2.4718918501447718,1483.1,Industrial,land_use,13.6,83.5,524.8
ghsl_2878_cell_01418,33,51,48.56613641897452,2.484799901581559,2684.2,Industrial,land_use,5.1,81.6,524.9
ghsl_2878_cell_01419,34,51,48.56613641897452,2.4977079530183466,1323.3,Utility,land_use,12.4,42.3,476.2
ghsl_2878_cell_01420,29,52,48.55668962145886,2.4328813574323145,1905.9,Civic,land_use,14.4,86.2,476.3
