cell_id,x,y,centroid_lat,centroid_lon,population,type,type_source,green_cover_pct,elevation_m,dist_to_boundary_m
ghsl_5929_cell_00000,19,0,36.209768130402225,139.71097546869987,1608.0,Commercial,land_use,21.1,22.2,380.4
ghsl_5929_cell_00001,20,0,36.209768130402225,139.72237439787776,1700.0,Industrial,land_use,6.9,19.6,380.4
ghsl_5929_cell_00002,23,0,36.209768130402225,139.7565711854114,1394.3,Commercial,land_use,3.1,23.1,380.3
ghsl_5929_cell_00003,19,1,36.2009943573345,139.70120277826527,2730.8,Residential,land_use,23.8,20.8,380.5
ghsl_5929_cell_00004,20,1,36.2009943573345,139.71260091009557,4427.5,Civic,land_use,1.4,21.8,1069.2
ghsl_5929_cell_00005,21,1,36.2009943573345,139.72399904192588,3105.6,Commercial,land_use,0.5,16.3,486.8
ghsl_5929_cell_00006,22,1,36.2009943573345,139.73539717375618,1829.7,Commercial,land_use,0.0,18.8,486.8
ghsl_5929_cell_00007,23,1,36.2009943573345,139.7467953055865,2141.6,Residential,heuristic,0.0,19.5,492.2
ghsl_5929_cell_00008,24,1,36.2009943573345,139.75819343741682,2067.1,Civic,land_use,3.6,21.5,380.4
ghsl_5929_cell_00009,20,2,36.19222095396793,139.70283171338,3524.2,Civic,land_use,2.3,23.0,380.6
ghsl_5929_cell_00010,21,2,36.19222095396793,139.71422904821281,4647.7,Residential,land_use,1.0,17.6,1069.1
ghsl_5929_cell_00011,22,2,36.19222095396793,139.72562638304564,2301.9,Civic,land_use,0.0,18.4,1460.3
ghsl_5929_cell_00012,23,2,36.192220953967926,139.73702371787846,2440.0,Commercial,land_use,0.0,19.5,1201.4
ghsl_5929_cell_00013,24,2,36.19222095396793,139.7484210527113,2075.7,Industrial,land_use,0.8,20.7,380.5
ghsl_5929_cell_00014,21,3,36.18344792015616,139.70446334378963,3321.4,Residential,land_use,13.3,16.0,380.6
ghsl_5929_cell_00015,22,3,36.18344792015616,139.71585988197486,2162.4,Commercial,land_use,18.3,18.1,1069.0
ghsl_5929_cell_00016,23,3,36.183447920156155,139.7272564201601,1778.2,Utility,land_use,18.0,17.9,1919.2
ghsl_5929_cell_00017,24,3,36.18344792015616,139.73865295834537,2049.3,Residential,heuristic,1.9,16.8,1069.1
ghsl_5929_cell_00018,25,3,36.183447920156155,139.7500494965306,1331.5,Commercial,land_use,6.5,16.7,380.5
ghsl_5929_cell_00019,22,4,36.17467525575288,139.70609766841858,1217.0,Commercial,land_use,31.0,18.1,380.7
ghsl_5929_cell_00020,23,4,36.174675255752895,139.71749341030596,1271.0,Industrial,land_use,36.6,19.1,1068.9
ghsl_5929_cell_00021,24,4,36.17467525575288,139.72888915219332,1778.4,Industrial,land_use,10.6,19.9,1141.9
ghsl_5929_cell_00022,25,4,36.174675255752895,139.74028489408073,1544.1,Commercial,land_use,0.5,17.1,492.2
ghsl_5929_cell_00023,26,4,36.17467525575288,139.7516806359681,1774.5,Civic,land_use,0.4,18.3,380.6
ghsl_5929_cell_00024,3,5,36.16590296061187,139.47983576741038,1528.4,Civic,land_use,8.7,29.1,380.9
ghsl_5929_cell_00025,23,5,36.16590296061187,139.7077346861921,1896.3,Industrial,land_use,19.9,18.8,380.7
ghsl_5929_cell_00026,24,5,36.16590296061187,139.71912963213123,1279.7,Industrial,land_use,37.9,15.3,1068.8
ghsl_5929_cell_00027,25,5,36.16590296061187,139.73052457807032,635.5,Commercial,land_use,13.4,12.2,380.7
ghsl_5929_cell_00028,3,6,36.15713103458694,139.47009723889306,1704.2,Civic,land_use,18.5,19.2,381.0
ghsl_5929_cell_00029,4,6,36.157131034586946,139.4814913892332,981.3,Civic,land_use,17.7,19.6,381.0
ghsl_5929_cell_00030,24,6,36.157131034586946,139.70937439603665,1457.8,Commercial,land_use,17.0,14.1,380.7
ghsl_5929_cell_00031,25,6,36.157131034586946,139.72076854637683,1110.5,Industrial,land_use,39.4,13.7,380.8
ghsl_5929_cell_00032,2,7,36.148359477531976,139.44896962979868,514.3,Civic,land_use,5.6,18.7,381.1
ghsl_5929_cell_00033,3,7,36.14835947753197,139.46036298488914,3805.6,Civic,land_use,3.8,20.4,492.3
ghsl_5929_cell_00034,4,7,36.148359477531976,139.4717563399796,3903.2,Civic,land_use,2.5,19.5,1067.9
ghsl_5929_cell_00035,5,7,36.148359477531976,139.4831496950701,2595.6,Industrial,land_use,1.1,20.0,486.6
ghsl_5929_cell_00036,6,7,36.148359477531976,139.49454305016056,1355.8,Residential,heuristic,0.0,17.2,381.1
ghsl_5929_cell_00037,24,7,36.14835947753198,139.699623441789,780.0,Civic,land_use,3.6,9.0,380.7
ghsl_5929_cell_00038,25,7,36.148359477531976,139.71101679687948,1534.5,Commercial,land_use,11.6,15.3,380.8
ghsl_5929_cell_00039,1,8,36.13958828930092,139.42784788290368,1584.4,Residential,heuristic,4.0,20.1,381.2
ghsl_5929_cell_00040,2,8,36.13958828930092,139.4392404430935,2019.0,Civic,land_use,27.2,18.8,492.4
ghsl_5929_cell_00041,3,8,36.13958828930091,139.4506330032833,4612.4,Utility,land_use,0.9,20.2,1143.4
ghsl_5929_cell_00042,4,8,36.13958828930092,139.4620255634731,4400.3,Civic,land_use,1.1,20.6,1477.1
ghsl_5929_cell_00043,5,8,36.13958828930092,139.47341812366292,3835.4,Civic,land_use,0.8,21.7,1143.5
ghsl_5929_cell_00044,6,8,36.13958828930092,139.48481068385271,2282.9,Industrial,land_use,10.0,17.6,381.2
ghsl_5929_cell_00045,24,8,36.13958828930092,139.68987676726914,2995.3,Residential,land_use,2.5,14.2,380.8
ghsl_5929_cell_00046,25,8,36.13958828930092,139.70126932745896,2454.6,Civic,land_use,5.4,13.3,1068.5
ghsl_5929_cell_00047,26,8,36.13958828930092,139.71266188764875,802.5,Green,land_use,50.1,12.7,380.8
ghsl_5929_cell_00048,0,9,36.130817469747775,139.40673199504778,2495.0,Residential,heuristic,0.0,23.7,381.3
ghsl_5929_cell_00049,1,9,36.13081746974777,139.41812376068572,2473.1,Commercial,land_use,0.0,20.7,486.5
ghsl_5929_cell_00050,2,9,36.13081746974777,139.42951552632374,2566.9,Commercial,land_use,18.4,19.2,486.6
ghsl_5929_cell_00051,3,9,36.130817469747775,139.44090729196176,3850.4,Civic,land_use,0.3,20.5,1067.7
ghsl_5929_cell_00052,4,9,36.13081746974777,139.45229905759976,2586.4,Commercial,land_use,10.3,21.6,1906.1
ghsl_5929_cell_00053,5,9,36.13081746974777,139.46369082323776,3772.6,Commercial,land_use,2.4,19.6,1143.6
ghsl_5929_cell_00054,6,9,36.130817469747775,139.47508258887575,1797.1,Civic,land_use,14.4,16.0,381.2
ghsl_5929_cell_00055,24,9,36.13081746974777,139.68013437035978,1682.2,Civic,land_use,1.3,12.0,380.9
ghsl_5929_cell_00056,25,9,36.130817469747775,139.6915261359978,3122.6,Civic,land_use,15.0,10.9,1142.6
ghsl_5929_cell_00057,26,9,36.13081746974777,139.7029179016358,2318.8,Civic,land_use,7.2,11.5,492.2
ghsl_5929_cell_00058,27,9,36.130817469747775,139.7143096672738,1081.4,Industrial,land_use,0.0,16.4,380.9
ghsl_5929_cell_00059,3,10,36.122047018726605,139.43118584881236,2805.4,Utility,land_use,1.9,22.9,381.3
ghsl_5929_cell_00060,4,10,36.122047018726605,139.4425768202472,3049.6,Civic,land_use,4.9,20.4,1067.6
ghsl_5929_cell_00061,5,10,36.12204701872661,139.45396779168215,1047.9,Residential,heuristic,30.5,17.6,1203.4
ghsl_5929_cell_00062,6,10,36.122047018726605,139.46535876311702,1120.5,Residential,heuristic,15.8,20.9,381.2
ghsl_5929_cell_00063,23,10,36.1220470187266,139.65900527751023,1464.0,Residential,heuristic,0.0,11.4,381.0
ghsl_5929_cell_00064,24,10,36.122047018726605,139.6703962489451,1971.8,Residential,heuristic,4.5,16.2,492.2
ghsl_5929_cell_00065,25,10,36.1220470187266,139.68178722038,1546.0,Commercial,land_use,0.7,11.2,1142.9
ghsl_5929_cell_00066,26,10,36.122047018726605,139.6931781918149,1098.9,Civic,land_use,0.9,10.6,381.0
ghsl_5929_cell_00067,4,11,36.11327693609153,139.43285884930495,2473.8,Industrial,land_use,0.7,21.5,381.4
ghsl_5929_cell_00068,5,11,36.11327693609153,139.44424902688522,1661.1,Commercial,land_use,1.8,18.2,486.6
ghsl_5929_cell_00069,6,11,36.11327693609152,139.45563920446554,1835.2,Civic,land_use,17.2,16.5,1067.5
ghsl_5929_cell_00070,7,11,36.11327693609153,139.46702938204584,812.6,Civic,land_use,9.4,17.1,381.3
ghsl_5929_cell_00071,24,11,36.11327693609152,139.66066240091104,3367.0,Residential,heuristic,2.0,12.6,381.1
ghsl_5929_cell_00072,25,11,36.11327693609153,139.67205257849136,1683.9,Residential,heuristic,0.0,10.6,1068.2
ghsl_5929_cell_00073,26,11,36.11327693609152,139.68344275607168,283.1,Residential,heuristic,0.0,7.7,381.0
ghsl_5929_cell_00074,6,12,36.104507221696764,139.44592391081198,3411.9,Industrial,land_use,0.7,19.6,381.4
ghsl_5929_cell_00075,7,12,36.104507221696764,139.45731329488606,5182.6,Civic,land_use,0.9,19.4,1067.4
ghsl_5929_cell_00076,8,12,36.104507221696764,139.4687026789601,2444.4,Residential,heuristic,0.8,17.3,381.3
ghsl_5929_cell_00077,25,12,36.104507221696764,139.66232220821922,1623.7,Utility,land_use,0.0,10.2,381.1
ghsl_5929_cell_00078,26,12,36.104507221696764,139.6737115922933,1526.8,Residential,land_use,1.4,12.6,1068.0
ghsl_5929_cell_00079,27,12,36.104507221696764,139.68510097636738,955.3,Civic,land_use,0.0,10.0,381.1
ghsl_5929_cell_00080,7,13,36.09573787539652,139.44760147096468,2509.7,Civic,land_use,1.0,19.3,381.4
ghsl_5929_cell_00081,8,13,36.09573787539653,139.4589900618807,3087.2,Civic,land_use,2.0,19.1,486.4
ghsl_5929_cell_00082,9,13,36.09573787539652,139.47037865279668,2988.4,Industrial,land_use,10.1,19.5,486.5
ghsl_5929_cell_00083,10,13,36.09573787539652,139.48176724371268,1883.9,Industrial,land_use,5.9,16.7,486.6
ghsl_5929_cell_00084,11,13,36.09573787539653,139.49315583462868,1593.8,Residential,heuristic,1.5,15.4,381.3
ghsl_5929_cell_00085,25,13,36.09573787539652,139.6525961074527,3045.4,Utility,land_use,7.7,11.2,381.1
ghsl_5929_cell_00086,26,13,36.09573787539653,139.6639846983687,3442.0,Civic,land_use,0.2,10.5,1143.4
ghsl_5929_cell_00087,27,13,36.09573787539652,139.67537328928466,3219.2,Utility,land_use,1.9,13.1,1068.0
ghsl_5929_cell_00088,28,13,36.09573787539652,139.6867618802007,3042.0,Civic,land_use,1.3,9.6,381.1
ghsl_5929_cell_00089,32,13,36.09573787539652,139.7323162438647,1339.9,Industrial,land_use,17.1,13.7,381.1
ghsl_5929_cell_00090,10,14,36.08696889704514,139.47205730249328,2942.2,Civic,land_use,0.6,19.0,381.5
ghsl_5929_cell_00091,11,14,36.08696889704514,139.48344510059925,2733.7,Civic,land_use,2.7,15.3,1067.3
ghsl_5929_cell_00092,12,14,36.08696889704514,139.49483289870514,1396.5,Residential,heuristic,0.0,15.3,381.4
ghsl_5929_cell_00093,25,14,36.08696889704514,139.64287427408235,893.8,Civic,land_use,0.0,11.0,381.2
ghsl_5929_cell_00094,26,14,36.08696889704514,139.65426207218832,1882.5,Residential,land_use,0.2,9.6,1143.6
ghsl_5929_cell_00095,27,14,36.086968897045146,139.66564987029426,1889.1,Residential,land_use,0.9,8.6,1905.9
ghsl_5929_cell_00096,28,14,36.08696889704514,139.67703766840017,3412.3,Utility,land_use,1.4,12.6,1067.9
ghsl_5929_cell_00097,29,14,36.08696889704514,139.68842546650615,2627.0,Utility,land_use,12.0,9.4,486.5
ghsl_5929_cell_00098,30,14,36.08696889704514,139.69981326461206,3320.9,Residential,heuristic,0.0,8.8,486.6
ghsl_5929_cell_00099,31,14,36.08696889704514,139.711201062718,2782.9,Civic,land_use,0.1,9.5,486.6
ghsl_5929_cell_00100,32,14,36.08696889704514,139.72258886082395,3011.8,Civic,land_use,12.6,9.9,492.2
ghsl_5929_cell_00101,33,14,36.08696889704514,139.7339766589299,753.1,Residential,land_use,30.9,9.1,381.1
ghsl_5929_cell_00102,11,15,36.078200286496966,139.47373862698868,1629.0,Residential,heuristic,8.2,17.2,381.5
ghsl_5929_cell_00103,12,15,36.078200286496966,139.4851256326324,3751.8,Civic,land_use,0.9,18.3,486.5
ghsl_5929_cell_00104,13,15,36.07820028649697,139.49651263827613,2250.3,Residential,heuristic,0.0,14.4,381.4
ghsl_5929_cell_00105,24,15,36.078200286496966,139.6217697003569,1140.1,Commercial,land_use,3.8,10.1,381.3
ghsl_5929_cell_00106,25,15,36.078200286496966,139.63315670600062,1821.6,Residential,heuristic,0.0,12.9,492.3
ghsl_5929_cell_00107,26,15,36.078200286496966,139.64454371164436,1946.6,Civic,land_use,0.0,10.1,1143.8
ghsl_5929_cell_00108,27,15,36.078200286496966,139.65593071728804,1938.8,Commercial,land_use,0.0,12.0,1906.2
ghsl_5929_cell_00109,28,15,36.078200286496966,139.66731772293176,3252.9,Civic,land_use,2.5,10.2,2337.7
ghsl_5929_cell_00110,29,15,36.078200286496966,139.67870472857547,2626.0,Utility,land_use,6.7,10.3,1664.6
ghsl_5929_cell_00111,30,15,36.078200286496966,139.69009173421915,2063.4,Residential,land_use,0.9,10.9,1459.5
ghsl_5929_cell_00112,31,15,36.078200286496966,139.7014787398629,2618.7,Civic,land_use,1.0,9.9,1459.6
ghsl_5929_cell_00113,32,15,36.078200286496966,139.7128657455066,4062.7,Civic,land_use,0.0,8.3,1459.6
ghsl_5929_cell_00114,33,15,36.078200286496966,139.72425275115032,4617.4,Civic,land_use,0.0,8.6,1067.9
ghsl_5929_cell_00115,34,15,36.07820028649697,139.73563975679403,2360.5,Residential,heuristic,0.0,7.7,381.2
ghsl_5929_cell_00116,13,16,36.06943204360646,139.4868088387517,1849.5,Industrial,land_use,0.0,14.1,381.6
ghsl_5929_cell_00117,14,16,36.069432043606454,139.49819505228083,3992.1,Residential,heuristic,0.0,20.9,486.5
ghsl_5929_cell_00118,15,16,36.06943204360646,139.50958126580997,3971.7,Residential,land_use,5.3,20.2,486.6
ghsl_5929_cell_00119,16,16,36.069432043606454,139.5209674793391,3001.9,Civic,land_use,12.4,15.5,486.7
ghsl_5929_cell_00120,17,16,36.06943204360646,139.53235369286824,1509.9,Green,land_use,50.2,15.5,381.5
ghsl_5929_cell_00121,23,16,36.06943204360646,139.6006709740431,2686.5,Civic,land_use,1.5,13.0,381.4
ghsl_5929_cell_00122,24,16,36.06943204360646,139.61205718757228,3132.3,Commercial,land_use,2.4,12.1,492.3
ghsl_5929_cell_00123,25,16,36.06943204360646,139.62344340110138,980.4,Industrial,land_use,0.0,9.3,1144.1
ghsl_5929_cell_00124,26,16,36.069432043606454,139.63482961463055,1305.9,Industrial,land_use,8.1,9.6,1476.8
ghsl_5929_cell_00125,27,16,36.06943204360646,139.64621582815968,938.5,Commercial,land_use,0.0,9.1,1922.6
ghsl_5929_cell_00126,28,16,36.069432043606454,139.6576020416888,2655.6,Civic,land_use,0.0,11.3,2669.0
ghsl_5929_cell_00127,29,16,36.06943204360646,139.66898825521793,4945.9,Civic,land_use,0.0,12.7,2953.8
ghsl_5929_cell_00128,30,16,36.06943204360646,139.6803744687471,5570.7,Utility,land_use,3.3,12.4,2517.8
ghsl_5929_cell_00129,31,16,36.069432043606454,139.69176068227625,4394.0,Civic,land_use,4.3,6.0,2432.4
ghsl_5929_cell_00130,32,16,36.06943204360646,139.7031468958054,3695.3,Civic,land_use,0.0,11.4,1906.4
ghsl_5929_cell_00131,33,16,36.06943204360646,139.71453310933452,4350.9,Commercial,land_use,0.0,8.5,1143.8
ghsl_5929_cell_00132,34,16,36.06943204360646,139.72591932286366,4509.9,Civic,land_use,0.0,7.0,381.3
ghsl_5929_cell_00133,15,17,36.06066416822808,139.49988013965967,3562.0,Civic,land_use,0.7,21.1,381.6
ghsl_5929_cell_00134,16,17,36.06066416822808,139.5112655614217,7377.6,Residential,land_use,2.8,26.0,1067.2
ghsl_5929_cell_00135,17,17,36.06066416822808,139.52265098318375,5322.5,Civic,land_use,3.1,18.3,1067.2
ghsl_5929_cell_00136,18,17,36.06066416822808,139.5340364049458,1549.1,Civic,land_use,14.9,13.2,381.5
ghsl_5929_cell_00137,23,17,36.06066416822808,139.59096351375615,826.1,Green,land_use,45.0,10.3,381.5
ghsl_5929_cell_00138,24,17,36.06066416822808,139.60234893551822,1774.5,Commercial,land_use,36.7,14.7,1144.3
ghsl_5929_cell_00139,25,17,36.06066416822808,139.61373435728024,1618.1,Civic,land_use,5.7,12.7,1476.8
ghsl_5929_cell_00140,26,17,36.06066416822809,139.62511977904236,1658.1,Residential,heuristic,0.0,9.5,1923.0
ghsl_5929_cell_00141,27,17,36.06066416822809,139.63650520080435,2950.9,Residential,heuristic,0.0,11.9,2461.3
ghsl_5929_cell_00142,28,17,36.06066416822808,139.64789062256642,1405.2,Industrial,land_use,41.4,9.4,2807.7
ghsl_5929_cell_00143,29,17,36.06066416822808,139.6592760443285,2168.1,Commercial,land_use,0.6,11.0,3436.9
ghsl_5929_cell_00144,30,17,36.06066416822808,139.67066146609054,3967.4,Residential,heuristic,1.8,10.9,3731.2
ghsl_5929_cell_00145,31,17,36.06066416822808,139.68204688785266,4436.9,Commercial,land_use,0.7,11.7,3190.0
ghsl_5929_cell_00146,32,17,36.06066416822808,139.69343230961468,1885.5,Commercial,land_use,0.3,8.5,2181.8
ghsl_5929_cell_00147,33,17,36.06066416822808,139.70481773137675,1879.3,Civic,land_use,17.0,10.0,1203.7
ghsl_5929_cell_00148,34,17,36.06066416822808,139.71620315313885,2665.9,Commercial,land_use,15.3,7.1,381.3
ghsl_5929_cell_00149,16,18,36.0518966602164,139.50156789935386,1830.6,Residential,heuristic,9.3,15.9,381.6
ghsl_5929_cell_00150,17,18,36.0518966602164,139.5129525296961,4146.7,Civic,land_use,3.4,24.2,486.4
ghsl_5929_cell_00151,18,18,36.0518966602164,139.52433716003839,4646.3,Commercial,land_use,0.0,24.5,1067.1
ghsl_5929_cell_00152,19,18,36.0518966602164,139.5357217903807,2267.9,Residential,heuristic,0.0,13.8,381.6
ghsl_5929_cell_00153,22,18,36.0518966602164,139.5698756814076,270.3,Green,land_use,74.2,11.2,381.6
ghsl_5929_cell_00154,23,18,36.0518966602164,139.58126031174993,999.6,Civic,land_use,0.0,12.7,492.3
ghsl_5929_cell_00155,24,18,36.0518966602164,139.59264494209222,930.9,Residential,heuristic,19.0,13.6,1144.5
ghsl_5929_cell_00156,25,18,36.0518966602164,139.6040295724345,439.2,Green,land_use,53.8,11.4,1907.3
ghsl_5929_cell_00157,26,18,36.0518966602164,139.6154142027768,508.7,Industrial,land_use,30.5,13.2,2461.4
ghsl_5929_cell_00158,27,18,36.0518966602164,139.6267988331191,1061.4,Industrial,land_use,1.2,11.2,2808.1
ghsl_5929_cell_00159,28,18,36.0518966602164,139.63818346346136,1870.0,Residential,land_use,2.2,10.0,3437.6
ghsl_5929_cell_00160,29,18,36.0518966602164,139.6495680938037,2578.2,Residential,heuristic,0.4,9.8,3742.9
ghsl_5929_cell_00161,30,18,36.0518966602164,139.660952724146,2426.4,Civic,land_use,1.8,13.0,4271.8
ghsl_5929_cell_00162,31,18,36.0518966602164,139.67233735448832,1650.1,Residential,heuristic,1.3,8.5,4057.0
ghsl_5929_cell_00163,32,18,36.0518966602164,139.6837219848306,1134.2,Civic,land_use,0.6,10.7,3041.1
ghsl_5929_cell_00164,33,18,36.0518966602164,139.6951066151729,1354.6,Residential,land_use,23.1,7.9,2035.1
ghsl_5929_cell_00165,34,18,36.0518966602164,139.70649124551517,2948.6,Residential,land_use,13.5,8.6,1067.6
ghsl_5929_cell_00166,35,18,36.05189666021639,139.7178758758575,2793.5,Civic,land_use,1.4,6.8,381.3
ghsl_5929_cell_00167,18,19,36.043129519426024,139.51464216957518,2814.4,Residential,heuristic,0.0,26.6,381.7
ghsl_5929_cell_00168,19,19,36.043129519426024,139.5260260088449,5766.4,Residential,land_use,2.1,27.6,1067.0
ghsl_5929_cell_00169,20,19,36.04312951942602,139.53740984811458,3299.7,Commercial,land_use,0.4,20.3,486.4
ghsl_5929_cell_00170,21,19,36.04312951942602,139.54879368738423,2023.0,Civic,land_use,13.5,14.6,486.4
ghsl_5929_cell_00171,22,19,36.043129519426024,139.56017752665392,2088.3,Residential,land_use,16.4,13.0,492.3
ghsl_5929_cell_00172,23,19,36.04312951942602,139.5715613659236,782.5,Green,land_use,44.2,13.4,1144.7
ghsl_5929_cell_00173,24,19,36.043129519426024,139.5829452051933,779.8,Civic,land_use,39.6,10.5,1476.9
ghsl_5929_cell_00174,25,19,36.04312951942602,139.59432904446297,179.7,Green,land_use,67.1,9.7,1923.7
ghsl_5929_cell_00175,26,19,36.043129519426024,139.60571288373265,241.8,Green,land_use,47.9,13.3,2670.6
ghsl_5929_cell_00176,27,19,36.043129519426024,139.6170967230023,342.3,Green,land_use,54.8,11.6,3433.3
ghsl_5929_cell_00177,28,19,36.043129519426024,139.628480562272,842.6,Industrial,land_use,16.0,13.9,3743.3
ghsl_5929_cell_00178,29,19,36.043129519426024,139.6398644015417,1294.8,Civic,land_use,13.4,9.7,4272.6
ghsl_5929_cell_00179,30,19,36.043129519426024,139.65124824081136,1667.6,Industrial,land_use,1.1,11.2,4698.3
ghsl_5929_cell_00180,31,19,36.043129519426024,139.66263208008104,586.7,Industrial,land_use,19.2,8.3,5076.9
ghsl_5929_cell_00181,32,19,36.043129519426024,139.67401591935072,1578.7,Residential,heuristic,7.7,8.7,4057.0
ghsl_5929_cell_00182,33,19,36.04312951942602,139.68539975862043,1080.6,Residential,heuristic,0.5,7.6,3041.1
ghsl_5929_cell_00183,34,19,36.04312951942602,139.6967835978901,3184.9,Civic,land_use,1.5,9.4,2035.1
ghsl_5929_cell_00184,35,19,36.043129519426024,139.70816743715974,4009.3,Commercial,land_use,0.7,11.1,1067.5
ghsl_5929_cell_00185,36,19,36.043129519426024,139.71955127642946,894.2,Residential,heuristic,0.2,6.7,381.4
ghsl_5929_cell_00186,19,20,36.034362745711626,139.51633448000197,1973.1,Residential,heuristic,0.0,24.3,381.7
ghsl_5929_cell_00187,20,20,36.034362745711626,139.527717528546,5608.4,Residential,heuristic,0.3,26.3,1066.9
ghsl_5929_cell_00188,21,20,36.03436274571162,139.53910057709,6204.8,Civic,land_use,0.2,29.5,1459.2
ghsl_5929_cell_00189,22,20,36.03436274571162,139.55048362563406,3823.0,Civic,land_use,2.7,16.4,1459.2
ghsl_5929_cell_00190,23,20,36.034362745711626,139.56186667417808,2805.8,Residential,heuristic,4.4,16.1,1476.9
ghsl_5929_cell_00191,24,20,36.034362745711626,139.57324972272215,2406.7,Civic,land_use,7.0,12.9,1924.0
ghsl_5929_cell_00192,25,20,36.034362745711626,139.5846327712662,1021.7,Residential,heuristic,14.9,13.0,2461.4
ghsl_5929_cell_00193,26,20,36.03436274571162,139.59601581981022,1129.7,Residential,heuristic,2.8,12.2,2808.9
ghsl_5929_cell_00194,27,20,36.03436274571162,139.60739886835424,837.0,Green,land_use,90.2,9.9,3438.8
ghsl_5929_cell_00195,28,20,36.034362745711626,139.61878191689826,535.1,Green,land_use,75.3,11.8,4196.8
ghsl_5929_cell_00196,29,20,36.034362745711626,139.63016496544233,610.8,Green,land_use,45.0,9.1,4698.8
ghsl_5929_cell_00197,30,20,36.034362745711626,139.64154801398638,1661.9,Industrial,land_use,23.9,10.9,5160.7
ghsl_5929_cell_00198,31,20,36.034362745711626,139.65293106253043,2144.9,Industrial,land_use,1.7,13.4,5663.8
ghsl_5929_cell_00199,32,20,36.034362745711626,139.66431411107445,2154.4,Residential,heuristic,10.2,9.6,5077.0
ghsl_5929_cell_00200,33,20,36.03436274571162,139.67569715961847,4775.7,Civic,land_use,10.7,11.2,4057.0
ghsl_5929_cell_00201,34,20,36.034362745711626,139.6870802081625,1028.3,Commercial,land_use,5.2,9.4,3041.1
ghsl_5929_cell_00202,35,20,36.03436274571162,139.69846325670653,1411.5,Residential,heuristic,0.0,6.2,2035.0
ghsl_5929_cell_00203,36,20,36.034362745711626,139.70984630525058,2416.0,Residential,land_use,12.1,11.7,1067.4
ghsl_5929_cell_00204,37,20,36.03436274571162,139.72122935379463,3115.0,Residential,heuristic,5.0,6.5,486.4
ghsl_5929_cell_00205,38,20,36.034362745711626,139.73261240233867,3432.1,Civic,land_use,6.6,8.0,486.5
ghsl_5929_cell_00206,39,20,36.034362745711626,139.7439954508827,1532.7,Civic,land_use,13.1,5.5,381.4
ghsl_5929_cell_00207,20,21,36.02559633892795,139.51802945992026,2984.6,Residential,heuristic,0.0,30.1,381.8
ghsl_5929_cell_00208,21,21,36.02559633892794,139.52941171808544,4928.0,Civic,land_use,0.5,26.1,1066.9
ghsl_5929_cell_00209,22,21,36.02559633892794,139.54079397625065,3959.2,Commercial,land_use,0.0,24.8,2034.5
ghsl_5929_cell_00210,23,21,36.02559633892794,139.55217623441587,3490.6,Civic,land_use,3.4,20.1,2431.9
ghsl_5929_cell_00211,24,21,36.02559633892795,139.56355849258108,3243.6,Residential,heuristic,4.4,17.3,2461.5
ghsl_5929_cell_00212,25,21,36.02559633892794,139.57494075074626,2435.5,Civic,land_use,17.2,15.4,2809.3
ghsl_5929_cell_00213,26,21,36.02559633892795,139.58632300891148,855.2,Green,land_use,45.2,10.9,3439.5
ghsl_5929_cell_00214,27,21,36.02559633892794,139.59770526707666,1796.7,Residential,heuristic,27.4,6.0,3744.2
ghsl_5929_cell_00215,28,21,36.02559633892793,139.60908752524185,1138.8,Residential,land_use,28.8,17.9,4274.0
ghsl_5929_cell_00216,29,21,36.02559633892794,139.6204697834071,1633.4,Civic,land_use,23.1,13.5,4961.8
ghsl_5929_cell_00217,30,21,36.02559633892794,139.63185204157224,2827.3,Residential,land_use,0.0,11.6,5664.3
ghsl_5929_cell_00218,31,21,36.02559633892795,139.6432342997375,1621.4,Industrial,land_use,31.3,11.7,6078.6
ghsl_5929_cell_00219,32,21,36.02559633892793,139.65461655790264,2549.1,Residential,land_use,19.9,11.4,6104.9
ghsl_5929_cell_00220,33,21,36.02559633892794,139.66599881606786,1502.7,Civic,land_use,28.7,8.4,5114.6
ghsl_5929_cell_00221,34,21,36.02559633892794,139.677381074233,1366.9,Commercial,land_use,7.7,10.1,4141.8
ghsl_5929_cell_00222,35,21,36.02559633892795,139.68876333239825,1649.1,Residential,heuristic,10.9,9.2,3202.1
ghsl_5929_cell_00223,36,21,36.02559633892793,139.70014559056347,777.4,Civic,land_use,32.4,7.7,2336.2
ghsl_5929_cell_00224,37,21,36.02559633892794,139.71152784872865,2091.7,Civic,land_use,33.4,9.2,1663.4
ghsl_5929_cell_00225,38,21,36.02559633892794,139.72291010689383,4083.1,Commercial,land_use,15.0,10.0,1459.1
ghsl_5929_cell_00226,39,21,36.02559633892795,139.73429236505905,5361.1,Civic,land_use,0.8,6.6,1067.4
ghsl_5929_cell_00227,40,21,36.02559633892795,139.74567462322423,2236.1,Civic,land_use,28.6,9.7,381.5
ghsl_5929_cell_00228,21,22,36.01683029892977,139.51972710827505,2275.4,Civic,land_use,7.4,29.0,381.8
ghsl_5929_cell_00229,22,22,36.01683029892976,139.53110857640806,2902.3,Residential,heuristic,0.8,21.1,1066.8
ghsl_5929_cell_00230,23,22,36.01683029892977,139.54249004454107,3828.5,Civic,land_use,0.9,25.1,1662.1
ghsl_5929_cell_00231,24,22,36.01683029892976,139.55387151267402,4453.5,Commercial,land_use,0.0,18.8,2334.4
ghsl_5929_cell_00232,25,22,36.01683029892977,139.56525298080697,3745.2,Residential,heuristic,14.3,15.4,3200.2
ghsl_5929_cell_00233,26,22,36.01683029892977,139.57663444894,3757.9,Civic,land_use,0.8,20.1,3744.6
ghsl_5929_cell_00234,27,22,36.01683029892976,139.58801591707297,2885.0,Residential,heuristic,0.0,17.1,4274.8
ghsl_5929_cell_00235,28,22,36.01683029892977,139.599397385206,4847.9,Commercial,land_use,7.7,15.5,4699.7
ghsl_5929_cell_00236,29,22,36.01683029892976,139.61077885333896,2332.2,Civic,land_use,31.2,10.3,5162.2
ghsl_5929_cell_00237,30,22,36.01683029892976,139.62216032147197,1207.6,Commercial,land_use,24.7,13.9,5771.8
ghsl_5929_cell_00238,31,22,36.01683029892977,139.63354178960498,2594.3,Residential,land_use,8.8,11.9,6487.1
ghsl_5929_cell_00239,32,22,36.01683029892977,139.644923257738,2019.7,Residential,land_use,28.5,11.9,7014.7
ghsl_5929_cell_00240,33,22,36.01683029892977,139.65630472587094,3879.8,Commercial,land_use,9.0,16.3,6267.1
ghsl_5929_cell_00241,34,22,36.01683029892977,139.66768619400392,5276.9,Residential,land_use,10.5,10.9,5336.5
ghsl_5929_cell_00242,35,22,36.01683029892977,139.6790676621369,2256.8,Civic,land_use,32.6,7.4,4448.0
ghsl_5929_cell_00243,36,22,36.01683029892976,139.6904491302699,1817.5,Civic,land_use,28.3,11.8,3632.6
ghsl_5929_cell_00244,37,22,36.01683029892976,139.70183059840292,1512.6,Green,land_use,46.0,8.4,2951.5
ghsl_5929_cell_00245,38,22,36.01683029892977,139.71321206653587,1217.4,Industrial,land_use,20.1,12.4,2516.3
ghsl_5929_cell_00246,39,22,36.01683029892977,139.72459353466888,3003.1,Civic,land_use,29.4,5.7,2035.0
ghsl_5929_cell_00247,40,22,36.01683029892977,139.7359750028019,2009.1,Residential,heuristic,32.4,6.7,1067.3
ghsl_5929_cell_00248,41,22,36.01683029892977,139.74735647093488,1429.0,Green,land_use,58.8,8.3,381.5
ghsl_5929_cell_00249,22,23,36.00806462557194,139.52142742401207,1656.7,Residential,heuristic,0.0,27.0,381.9
ghsl_5929_cell_00250,23,23,36.00806462557195,139.5328081024593,1327.4,Commercial,land_use,0.0,29.7,486.3
ghsl_5929_cell_00251,24,23,36.00806462557195,139.54418878090658,3602.8,Commercial,land_use,0.2,20.0,1066.7
ghsl_5929_cell_00252,25,23,36.008064625571954,139.55556945935382,5795.6,Industrial,land_use,1.3,23.5,2034.4
ghsl_5929_cell_00253,26,23,36.008064625571954,139.5669501378011,5291.0,Civic,land_use,0.0,21.1,3040.7
ghsl_5929_cell_00254,27,23,36.00806462557195,139.57833081624835,5092.3,Commercial,land_use,9.2,22.4,4056.8
ghsl_5929_cell_00255,28,23,36.00806462557194,139.58971149469556,3446.7,Residential,heuristic,14.0,19.6,5077.0
ghsl_5929_cell_00256,29,23,36.00806462557195,139.60109217314283,3612.7,Civic,land_use,2.5,19.3,5665.2
ghsl_5929_cell_00257,30,23,36.00806462557195,139.61247285159004,3065.0,Residential,land_use,25.0,25.7,6080.2
ghsl_5929_cell_00258,31,23,36.008064625571954,139.62385353003734,1525.0,Residential,heuristic,39.0,9.5,6629.3
ghsl_5929_cell_00259,32,23,36.00806462557195,139.63523420848458,1436.1,Civic,land_use,32.6,14.0,7282.2
ghsl_5929_cell_00260,33,23,36.00806462557195,139.64661488693181,2665.9,Residential,land_use,11.2,11.2,7470.6
ghsl_5929_cell_00261,34,23,36.00806462557194,139.65799556537905,4036.1,Residential,land_use,2.6,19.3,6574.2
ghsl_5929_cell_00262,35,23,36.008064625571954,139.6693762438263,2899.2,Residential,land_use,25.7,12.4,5721.3
ghsl_5929_cell_00263,36,23,36.008064625571954,139.68075692227356,902.5,Green,land_use,56.9,7.4,4934.7
ghsl_5929_cell_00264,37,23,36.00806462557195,139.6921376007208,1189.0,Industrial,land_use,37.6,12.6,4251.4
ghsl_5929_cell_00265,38,23,36.008064625571954,139.70351827916804,1822.2,Residential,land_use,31.2,8.9,3728.6
ghsl_5929_cell_00266,39,23,36.008064625571954,139.71489895761525,1386.0,Residential,land_use,17.4,11.6,3041.1
ghsl_5929_cell_00267,40,23,36.00806462557195,139.72627963606254,1434.3,Civic,land_use,21.8,8.5,2034.9
ghsl_5929_cell_00268,41,23,36.00806462557194,139.73766031450975,2237.7,Residential,land_use,11.7,8.7,1067.2
ghsl_5929_cell_00269,42,23,36.008064625571954,139.749040992957,1994.0,Green,land_use,40.1,7.3,486.3
ghsl_5929_cell_00270,43,23,36.00806462557195,139.7604216714043,1730.3,Green,land_use,50.7,6.3,381.5
ghsl_5929_cell_00271,24,24,35.99929931870941,139.5345102951859,2325.7,Residential,heuristic,2.1,18.5,381.9
ghsl_5929_cell_00272,25,24,35.99929931870942,139.5458901842937,5020.9,Civic,land_use,5.0,19.5,1066.6
ghsl_5929_cell_00273,26,24,35.99929931870941,139.55727007340153,6079.4,Commercial,land_use,0.4,22.5,2034.4
ghsl_5929_cell_00274,27,24,35.99929931870942,139.56864996250934,6440.0,Civic,land_use,4.5,22.7,3040.6
ghsl_5929_cell_00275,28,24,35.99929931870942,139.58002985161713,5628.9,Civic,land_use,2.1,20.9,4056.9
ghsl_5929_cell_00276,29,24,35.99929931870942,139.5914097407249,4705.9,Civic,land_use,0.0,18.6,5077.0
ghsl_5929_cell_00277,30,24,35.99929931870942,139.6027896298327,3354.0,Industrial,land_use,0.5,16.3,6099.2
ghsl_5929_cell_00278,31,24,35.99929931870941,139.61416951894046,2823.6,Commercial,land_use,2.1,20.4,7016.4
ghsl_5929_cell_00279,32,24,35.99929931870942,139.62554940804833,3023.1,Civic,land_use,7.2,18.4,7518.1
ghsl_5929_cell_00280,33,24,35.99929931870941,139.6369292971561,1549.4,Green,land_use,40.8,8.4,8119.0
ghsl_5929_cell_00281,34,24,35.99929931870942,139.64830918626387,2235.4,Civic,land_use,12.8,12.3,7834.2
ghsl_5929_cell_00282,35,24,35.99929931870941,139.65968907537163,3141.5,Residential,land_use,7.9,16.1,7006.9
ghsl_5929_cell_00283,36,24,35.99929931870941,139.67106896447945,2615.4,Industrial,land_use,15.7,13.5,6238.9
ghsl_5929_cell_00284,37,24,35.99929931870942,139.68244885358723,1920.0,Civic,land_use,27.7,12.6,5554.7
ghsl_5929_cell_00285,38,24,35.99929931870941,139.69382874269502,1879.9,Residential,land_use,34.4,14.4,4989.0
ghsl_5929_cell_00286,39,24,35.99929931870942,139.70520863180278,1442.7,Residential,heuristic,20.6,17.5,4141.3
ghsl_5929_cell_00287,40,24,35.99929931870941,139.7165885209106,1535.4,Residential,heuristic,0.0,11.7,3201.5
ghsl_5929_cell_00288,41,24,35.99929931870941,139.72796841001838,2118.1,Commercial,land_use,0.0,9.0,2335.5
ghsl_5929_cell_00289,42,24,35.99929931870942,139.7393482991262,1994.0,Residential,land_use,4.0,8.8,1662.8
ghsl_5929_cell_00290,43,24,35.99929931870941,139.75072818823398,4718.2,Commercial,land_use,20.4,6.5,1067.2
ghsl_5929_cell_00291,44,24,35.99929931870941,139.76210807734176,1990.5,Green,land_use,44.5,5.4,381.6
ghsl_5929_cell_00292,51,24,35.99929931870941,139.84176730109627,1775.3,Industrial,land_use,0.7,14.2,381.5
ghsl_5929_cell_00293,25,25,35.99053437819712,139.5362151535354,1897.1,Residential,land_use,0.0,17.3,382.0
ghsl_5929_cell_00294,26,25,35.99053437819712,139.54759425364986,3913.5,Residential,land_use,5.1,19.2,1066.5
ghsl_5929_cell_00295,27,25,35.99053437819712,139.5589733537643,5601.1,Residential,heuristic,1.6,21.0,2034.3
ghsl_5929_cell_00296,28,25,35.99053437819712,139.57035245387877,6995.6,Civic,land_use,2.6,20.6,3040.6
ghsl_5929_cell_00297,29,25,35.99053437819713,139.58173155399322,6752.6,Industrial,land_use,3.8,16.9,4056.9
ghsl_5929_cell_00298,30,25,35.99053437819712,139.5931106541077,5694.2,Civic,land_use,17.3,16.5,5077.1
ghsl_5929_cell_00299,31,25,35.99053437819712,139.60448975422216,3994.6,Residential,heuristic,0.0,19.9,6099.3
ghsl_5929_cell_00300,32,25,35.990534378197125,139.61586885433658,1725.9,Residential,heuristic,6.9,21.2,7103.7
ghsl_5929_cell_00301,33,25,35.990534378197125,139.62724795445106,3093.3,Civic,land_use,7.1,17.2,8110.8
ghsl_5929_cell_00302,34,25,35.99053437819712,139.63862705456552,2286.1,Commercial,land_use,28.1,10.8,8986.0
ghsl_5929_cell_00303,35,25,35.990534378197125,139.65000615467994,4105.1,Residential,land_use,4.2,15.9,8299.1
ghsl_5929_cell_00304,36,25,35.99053437819712,139.66138525479442,3485.6,Residential,land_use,9.0,10.7,7543.9
ghsl_5929_cell_00305,37,25,35.99053437819712,139.67276435490888,2235.8,Civic,land_use,4.2,15.6,6859.3
ghsl_5929_cell_00306,38,25,35.99053437819712,139.68414345502336,1145.4,Industrial,land_use,31.8,18.5,6266.3
ghsl_5929_cell_00307,39,25,35.99053437819712,139.6955225551378,1267.7,Industrial,land_use,33.0,8.1,5335.5
ghsl_5929_cell_00308,40,25,35.99053437819712,139.7069016552523,2648.8,Industrial,land_use,0.8,15.7,4446.9
ghsl_5929_cell_00309,41,25,35.99053437819712,139.71828075536672,2329.3,Residential,heuristic,14.8,5.4,3631.5
ghsl_5929_cell_00310,42,25,35.99053437819712,139.72965985548115,3301.1,Civic,land_use,0.8,9.1,2950.5
ghsl_5929_cell_00311,43,25,35.99053437819712,139.74103895559566,4263.3,Residential,heuristic,0.2,6.3,2034.9
ghsl_5929_cell_00312,44,25,35.99053437819712,139.7524180557101,6865.3,Industrial,land_use,0.6,8.3,1067.1
ghsl_5929_cell_00313,45,25,35.99053437819712,139.76379715582456,3249.0,Civic,land_use,31.2,4.1,486.3
ghsl_5929_cell_00314,46,25,35.99053437819712,139.77517625593902,1829.1,Green,land_use,40.1,3.9,486.6
ghsl_5929_cell_00315,47,25,35.99053437819712,139.7865553560535,2120.8,Commercial,land_use,25.0,6.2,486.7
ghsl_5929_cell_00316,48,25,35.99053437819712,139.79793445616792,2203.5,Green,land_use,44.1,6.6,486.8
ghsl_5929_cell_00317,49,25,35.99053437819712,139.8093135562824,3885.3,Residential,land_use,0.6,13.4,486.7
ghsl_5929_cell_00318,50,25,35.99053437819712,139.82069265639686,1662.0,Residential,land_use,8.3,4.0,486.5
ghsl_5929_cell_00319,51,25,35.99053437819712,139.8320717565113,1968.7,Industrial,land_use,9.6,18.5,492.2
ghsl_5929_cell_00320,52,25,35.99053437819712,139.84345085662576,2726.5,Residential,land_use,0.2,14.1,486.3
ghsl_5929_cell_00321,53,25,35.99053437819712,139.85482995674022,2211.0,Industrial,land_use,0.2,12.5,381.5
ghsl_5929_cell_00322,64,25,35.99053437819712,139.98000005799923,1388.1,Commercial,land_use,0.0,14.1,381.4
ghsl_5929_cell_00323,10,26,35.98176980389011,139.355869692983,2808.8,Residential,land_use,6.5,72.6,382.2
ghsl_5929_cell_00324,26,26,35.98176980389011,139.5379226764562,1236.4,Residential,heuristic,1.1,15.0,382.0
ghsl_5929_cell_00325,27,26,35.98176980389012,139.54930098792326,1357.4,Green,land_use,56.1,20.7,1066.4
ghsl_5929_cell_00326,28,26,35.98176980389011,139.56067929939033,3329.0,Civic,land_use,2.5,24.8,2034.3
ghsl_5929_cell_00327,29,26,35.98176980389011,139.57205761085737,6855.9,Civic,land_use,2.3,18.8,3040.6
ghsl_5929_cell_00328,30,26,35.98176980389011,139.58343592232447,7770.1,Utility,land_use,6.3,26.6,4056.9
ghsl_5929_cell_00329,31,26,35.98176980389012,139.59481423379157,6389.2,Civic,land_use,8.2,16.0,5077.2
ghsl_5929_cell_00330,32,26,35.98176980389011,139.6061925452586,6070.8,Residential,land_use,5.1,17.4,6099.5
ghsl_5929_cell_00331,33,26,35.98176980389012,139.6175708567257,3139.7,Commercial,land_use,2.6,11.0,7122.8
ghsl_5929_cell_00332,34,26,35.98176980389012,139.62894916819275,1857.0,Utility,land_use,0.4,11.0,8146.9
ghsl_5929_cell_00333,35,26,35.98176980389011,139.64032747965985,3877.6,Residential,land_use,2.6,10.0,9171.5
ghsl_5929_cell_00334,36,26,35.98176980389011,139.6517057911269,4773.3,Residential,heuristic,1.4,16.4,8849.2
ghsl_5929_cell_00335,37,26,35.98176980389011,139.66308410259398,3764.4,Residential,land_use,1.8,4.5,8164.4
ghsl_5929_cell_00336,38,26,35.98176980389012,139.67446241406103,1662.7,Civic,land_use,4.8,15.4,7469.3
ghsl_5929_cell_00337,39,26,35.98176980389012,139.68584072552812,1306.5,Green,land_use,62.3,7.6,6572.7
ghsl_5929_cell_00338,40,26,35.98176980389011,139.69721903699516,5346.7,Civic,land_use,2.3,14.2,5719.8
ghsl_5929_cell_00339,41,26,35.98176980389012,139.70859734846223,2903.4,Civic,land_use,0.0,14.8,4933.2
ghsl_5929_cell_00340,42,26,35.98176980389011,139.71997565992933,2779.3,Residential,heuristic,4.5,9.7,4140.9
ghsl_5929_cell_00341,43,26,35.98176980389011,139.7313539713964,3566.9,Industrial,land_use,2.5,12.8,3201.1
ghsl_5929_cell_00342,44,26,35.98176980389011,139.7427322828635,6121.9,Civic,land_use,1.7,20.5,2335.1
ghsl_5929_cell_00343,45,26,35.98176980389011,139.75411059433057,9096.7,Civic,land_use,1.6,8.5,1662.4
ghsl_5929_cell_00344,46,26,35.98176980389011,139.76548890579764,6639.0,Civic,land_use,11.1,8.4,1458.8
ghsl_5929_cell_00345,47,26,35.98176980389012,139.7768672172647,3722.9,Civic,land_use,12.2,6.8,1459.1
ghsl_5929_cell_00346,48,26,35.98176980389012,139.78824552873178,3219.9,Green,land_use,43.8,7.0,1459.3
ghsl_5929_cell_00347,49,26,35.98176980389011,139.79962384019888,3842.0,Residential,land_use,21.5,13.4,1459.3
ghsl_5929_cell_00348,50,26,35.98176980389012,139.81100215166595,5779.2,Civic,land_use,0.2,10.5,1459.2
ghsl_5929_cell_00349,51,26,35.98176980389011,139.82238046313302,3415.8,Residential,heuristic,0.0,17.8,1459.0
ghsl_5929_cell_00350,52,26,35.98176980389011,139.83375877460008,3296.9,Commercial,land_use,0.9,19.0,1476.5
ghsl_5929_cell_00351,53,26,35.98176980389011,139.84513708606715,3379.2,Commercial,land_use,0.4,20.9,1067.2
ghsl_5929_cell_00352,54,26,35.98176980389011,139.85651539753422,1885.5,Industrial,land_use,0.6,15.8,486.2
ghsl_5929_cell_00353,55,26,35.98176980389012,139.8678937090013,1660.7,Industrial,land_use,4.2,11.1,381.6
ghsl_5929_cell_00354,62,26,35.98176980389011,139.94754188927084,969.4,Industrial,land_use,0.0,17.6,381.5
ghsl_5929_cell_00355,63,26,35.98176980389011,139.95892020073788,1303.9,Industrial,land_use,0.6,33.7,486.2
ghsl_5929_cell_00356,64,26,35.98176980389012,139.97029851220498,1387.8,Industrial,land_use,2.1,16.3,492.1
ghsl_5929_cell_00357,65,26,35.98176980389012,139.98167682367202,1783.1,Civic,land_use,6.3,21.5,381.4
ghsl_5929_cell_00358,10,27,35.9730055956435,139.34621496908474,2076.7,Civic,land_use,16.2,32.4,382.3
ghsl_5929_cell_00359,11,27,35.9730055956435,139.35759249225018,914.7,Residential,heuristic,32.2,31.1,486.3
ghsl_5929_cell_00360,12,27,35.9730055956435,139.36897001541567,2422.0,Residential,land_use,30.6,48.3,486.7
ghsl_5929_cell_00361,13,27,35.9730055956435,139.38034753858113,1895.3,Industrial,land_use,25.8,26.2,486.9
ghsl_5929_cell_00362,14,27,35.9730055956435,139.3917250617466,3965.7,Residential,land_use,7.6,28.1,487.1
ghsl_5929_cell_00363,15,27,35.9730055956435,139.40310258491206,5127.3,Residential,heuristic,12.5,23.2,487.2
ghsl_5929_cell_00364,16,27,35.9730055956435,139.41448010807756,2775.3,Civic,land_use,16.5,23.9,487.1
ghsl_5929_cell_00365,17,27,35.9730055956435,139.42585763124302,1771.9,Residential,heuristic,30.5,19.3,486.9
ghsl_5929_cell_00366,18,27,35.9730055956435,139.43723515440843,1691.5,Green,land_use,42.1,17.9,382.1
ghsl_5929_cell_00367,27,27,35.9730055956435,139.5396328628977,1890.5,Residential,land_use,0.0,14.4,382.1
ghsl_5929_cell_00368,28,27,35.9730055956435,139.55101038606313,3616.8,Residential,land_use,1.4,17.0,1205.7
ghsl_5929_cell_00369,29,27,35.9730055956435,139.56238790922865,6436.0,Civic,land_use,4.1,19.0,2184.3
ghsl_5929_cell_00370,30,27,35.9730055956435,139.57376543239414,7189.6,Civic,land_use,4.4,15.5,3192.9
ghsl_5929_cell_00371,31,27,35.9730055956435,139.58514295555958,11450.6,Civic,land_use,6.2,20.6,4210.0
ghsl_5929_cell_00372,32,27,35.9730055956435,139.59652047872504,6973.7,Civic,land_use,8.8,21.1,5230.7
ghsl_5929_cell_00373,33,27,35.9730055956435,139.6078980018905,4761.3,Industrial,land_use,28.6,11.8,6253.1
ghsl_5929_cell_00374,34,27,35.9730055956435,139.61927552505594,4066.5,Civic,land_use,0.2,15.1,7276.6
ghsl_5929_cell_00375,35,27,35.9730055956435,139.63065304822146,2213.0,Residential,heuristic,5.9,8.3,8300.8
ghsl_5929_cell_00376,36,27,35.9730055956435,139.64203057138695,1667.8,Industrial,land_use,34.4,11.9,9325.4
ghsl_5929_cell_00377,37,27,35.9730055956435,139.65340809455242,4121.4,Civic,land_use,4.6,12.3,9469.8
ghsl_5929_cell_00378,38,27,35.9730055956435,139.66478561771785,3511.7,Green,land_use,65.2,13.5,8702.0
ghsl_5929_cell_00379,39,27,35.9730055956435,139.67616314088332,759.9,Residential,heuristic,19.8,8.4,7832.3
ghsl_5929_cell_00380,40,27,35.9730055956435,139.68754066404878,3742.4,Residential,heuristic,0.0,8.3,7005.0
ghsl_5929_cell_00381,41,27,35.9730055956435,139.69891818721425,4599.0,Residential,heuristic,21.2,10.2,6236.9
ghsl_5929_cell_00382,42,27,35.97300559564351,139.71029571037974,4226.2,Civic,land_use,2.6,10.7,5334.8
ghsl_5929_cell_00383,43,27,35.9730055956435,139.7216732335452,4121.3,Civic,land_use,0.0,8.5,4446.2
ghsl_5929_cell_00384,44,27,35.9730055956435,139.73305075671067,5129.8,Residential,heuristic,5.8,9.0,3630.7
ghsl_5929_cell_00385,45,27,35.9730055956435,139.74442827987616,10104.3,Civic,land_use,4.2,6.6,2949.8
ghsl_5929_cell_00386,46,27,35.9730055956435,139.7558058030416,8244.6,Commercial,land_use,0.9,6.8,2515.2
ghsl_5929_cell_00387,47,27,35.9730055956435,139.7671833262071,6310.0,Civic,land_use,3.8,7.2,2431.4
ghsl_5929_cell_00388,48,27,35.9730055956435,139.77856084937255,4608.7,Civic,land_use,7.7,6.4,2431.6
ghsl_5929_cell_00389,49,27,35.9730055956435,139.78993837253802,2893.7,Civic,land_use,32.5,5.6,2431.7
ghsl_5929_cell_00390,50,27,35.9730055956435,139.80131589570348,2591.3,Green,land_use,43.2,4.7,2431.8
ghsl_5929_cell_00391,51,27,35.9730055956435,139.81269341886895,4627.0,Residential,land_use,29.3,13.4,2431.7
ghsl_5929_cell_00392,52,27,35.9730055956435,139.8240709420344,2891.1,Civic,land_use,12.0,12.1,2431.4
ghsl_5929_cell_00393,53,27,35.9730055956435,139.83544846519987,2976.0,Civic,land_use,2.8,14.6,2335.5
ghsl_5929_cell_00394,54,27,35.9730055956435,139.84682598836537,2145.2,Civic,land_use,2.2,11.2,1662.6
ghsl_5929_cell_00395,55,27,35.9730055956435,139.85820351153083,1285.2,Civic,land_use,0.6,11.8,1067.2
ghsl_5929_cell_00396,56,27,35.9730055956435,139.86958103469632,714.3,Industrial,land_use,3.0,22.1,381.6
ghsl_5929_cell_00397,64,27,35.9730055956435,139.96060122002004,1799.6,Residential,heuristic,1.1,18.9,381.6
ghsl_5929_cell_00398,65,27,35.9730055956435,139.9719787431855,3994.8,Commercial,land_use,1.5,18.1,1067.5
ghsl_5929_cell_00399,66,27,35.9730055956435,139.983356266351,2375.1,Residential,heuristic,8.0,19.1,381.5
ghsl_5929_cell_00400,9,28,35.964241753312415,139.3251877428303,1635.5,Green,land_use,41.2,88.8,382.4
ghsl_5929_cell_00401,10,28,35.964241753312415,139.33656447803978,2037.1,Residential,heuristic,17.6,42.6,492.4
ghsl_5929_cell_00402,11,28,35.964241753312415,139.34794121324924,928.8,Residential,heuristic,37.4,36.2,1147.0
ghsl_5929_cell_00403,12,28,35.964241753312415,139.35931794845874,3201.2,Residential,heuristic,15.8,38.5,1458.7
ghsl_5929_cell_00404,13,28,35.964241753312415,139.37069468366823,2724.1,Civic,land_use,25.2,33.6,1459.1
ghsl_5929_cell_00405,14,28,35.96424175331241,139.38207141887767,1466.1,Residential,heuristic,19.4,27.9,1459.4
ghsl_5929_cell_00406,15,28,35.96424175331241,139.39344815408714,6466.5,Civic,land_use,2.0,30.9,1459.6
ghsl_5929_cell_00407,16,28,35.964241753312415,139.4048248892966,6402.2,Civic,land_use,3.4,31.4,1459.6
ghsl_5929_cell_00408,17,28,35.96424175331241,139.4162016245061,4333.3,Industrial,land_use,10.4,25.9,1459.5
ghsl_5929_cell_00409,18,28,35.96424175331241,139.42757835971557,2734.3,Civic,land_use,30.0,23.9,1065.9
ghsl_5929_cell_00410,19,28,35.964241753312415,139.4389550949251,1896.9,Civic,land_use,23.0,21.0,382.2
ghsl_5929_cell_00411,27,28,35.964241753312415,139.52996897660086,53.3,Green,land_use,54.4,12.4,382.1
ghsl_5929_cell_00412,28,28,35.964241753312415,139.54134571181032,1317.8,Residential,land_use,1.1,16.4,1146.2
ghsl_5929_cell_00413,29,28,35.964241753312415,139.55272244701976,3286.1,Civic,land_use,0.2,17.7,1910.3
ghsl_5929_cell_00414,30,28,35.964241753312415,139.56409918222928,4977.0,Residential,land_use,1.0,20.6,2710.0
ghsl_5929_cell_00415,31,28,35.96424175331241,139.57547591743875,6202.8,Civic,land_use,9.3,14.9,3617.3
ghsl_5929_cell_00416,32,28,35.96424175331241,139.58685265264822,7545.6,Utility,land_use,13.7,11.1,4575.1
ghsl_5929_cell_00417,33,28,35.96424175331241,139.59822938785769,5116.2,Commercial,land_use,23.8,16.9,5557.3
ghsl_5929_cell_00418,34,28,35.96424175331241,139.60960612306715,6029.9,Commercial,land_use,8.7,17.3,6553.0
ghsl_5929_cell_00419,35,28,35.964241753312415,139.62098285827662,6880.6,Civic,land_use,2.9,13.4,7556.9
ghsl_5929_cell_00420,36,28,35.964241753312415,139.63235959348611,5664.3,Residential,land_use,15.4,15.3,8566.0
ghsl_5929_cell_00421,37,28,35.964241753312415,139.6437363286956,2657.8,Civic,land_use,39.1,6.9,9578.8
ghsl_5929_cell_00422,38,28,35.96424175331241,139.65511306390505,1459.9,Civic,land_use,32.8,8.5,9953.5
ghsl_5929_cell_00423,39,28,35.964241753312415,139.66648979911454,2173.9,Green,land_use,42.0,8.2,9105.0
ghsl_5929_cell_00424,40,28,35.96424175331241,139.677866534324,3995.5,Residential,heuristic,0.3,15.4,8296.7
ghsl_5929_cell_00425,41,28,35.96424175331241,139.6892432695335,3946.1,Civic,land_use,1.1,10.7,7468.3
ghsl_5929_cell_00426,42,28,35.96424175331241,139.70062000474297,6137.8,Civic,land_use,1.3,11.8,6571.6
ghsl_5929_cell_00427,43,28,35.964241753312415,139.71199673995244,5304.6,Civic,land_use,0.8,9.3,5718.7
ghsl_5929_cell_00428,44,28,35.96424175331241,139.7233734751619,5876.0,Civic,land_use,0.1,9.8,4932.1
ghsl_5929_cell_00429,45,28,35.964241753312415,139.7347502103714,6575.3,Civic,land_use,5.9,7.1,4249.0
ghsl_5929_cell_00430,46,28,35.964241753312415,139.74612694558084,5433.8,Civic,land_use,14.4,6.3,3726.6
ghsl_5929_cell_00431,47,28,35.96424175331241,139.7575036807903,5852.6,Civic,land_use,12.1,7.6,3438.9
ghsl_5929_cell_00432,48,28,35.964241753312415,139.7688804159998,7040.6,Civic,land_use,1.7,8.0,3403.8
ghsl_5929_cell_00433,49,28,35.964241753312415,139.78025715120933,4602.7,Civic,land_use,17.0,6.9,3404.1
ghsl_5929_cell_00434,50,28,35.96424175331241,139.79163388641874,3518.6,Civic,land_use,26.9,14.2,3404.2
ghsl_5929_cell_00435,51,28,35.964241753312415,139.80301062162823,599.6,Green,land_use,54.0,4.6,3404.2
ghsl_5929_cell_00436,52,28,35.964241753312415,139.8143873568377,667.0,Green,land_use,62.8,3.5,3404.1
ghsl_5929_cell_00437,53,28,35.964241753312415,139.82576409204714,2232.7,Residential,heuristic,16.9,9.4,3403.8
ghsl_5929_cell_00438,54,28,35.96424175331241,139.83714082725666,1124.3,Civic,land_use,0.0,12.3,2950.2
ghsl_5929_cell_00439,55,28,35.96424175331241,139.84851756246616,1747.2,Residential,land_use,30.6,4.3,2035.0
ghsl_5929_cell_00440,56,28,35.96424175331241,139.85989429767562,1543.3,Residential,land_use,2.9,11.6,1067.1
ghsl_5929_cell_00441,57,28,35.96424175331241,139.8712710328851,1344.8,Green,land_use,71.9,27.4,486.2
ghsl_5929_cell_00442,58,28,35.96424175331241,139.88264776809453,2331.7,Civic,land_use,3.7,17.3,486.3
ghsl_5929_cell_00443,59,28,35.964241753312415,139.89402450330402,1650.3,Civic,land_use,2.0,13.4,381.7
ghsl_5929_cell_00444,65,28,35.96424175331241,139.96228491456085,2984.8,Civic,land_use,23.9,25.2,381.6
ghsl_5929_cell_00445,66,28,35.964241753312415,139.97366164977035,3269.4,Civic,land_use,1.3,23.6,1067.4
ghsl_5929_cell_00446,67,28,35.964241753312415,139.98503838497984,2459.1,Civic,land_use,1.4,14.7,381.5
ghsl_5929_cell_00447,8,29,35.95547827675208,139.30416632256805,2352.9,Residential,land_use,15.0,70.5,382.5
ghsl_5929_cell_00448,9,29,35.955478276752075,139.31554227016696,1743.3,Civic,land_use,19.0,56.7,492.4
ghsl_5929_cell_00449,10,29,35.95547827675208,139.3269182177659,1244.3,Residential,heuristic,30.8,51.5,1147.2
ghsl_5929_cell_00450,11,29,35.95547827675208,139.33829416536483,370.6,Civic,land_use,21.6,44.6,1477.2
ghsl_5929_cell_00451,12,29,35.95547827675208,139.3496701129637,1078.8,Residential,heuristic,23.4,45.2,1927.6
ghsl_5929_cell_00452,13,29,35.955478276752075,139.36104606056264,1719.1,Residential,heuristic,28.5,43.0,2431.2
ghsl_5929_cell_00453,14,29,35.95547827675208,139.37242200816158,1157.8,Civic,land_use,16.6,33.8,2431.6
ghsl_5929_cell_00454,15,29,35.95547827675209,139.38379795576049,4876.9,Civic,land_use,18.1,38.4,2431.8
ghsl_5929_cell_00455,16,29,35.95547827675208,139.3951739033594,7368.3,Civic,land_use,3.3,33.8,2432.0
ghsl_5929_cell_00456,17,29,35.95547827675208,139.40654985095833,5632.1,Civic,land_use,9.1,34.3,2432.0
ghsl_5929_cell_00457,18,29,35.955478276752075,139.4179257985572,5312.5,Industrial,land_use,6.0,33.7,2033.7
ghsl_5929_cell_00458,19,29,35.95547827675208,139.42930174615617,3513.5,Industrial,land_use,13.2,26.5,1065.8
ghsl_5929_cell_00459,20,29,35.955478276752075,139.44067769375505,2388.7,Residential,land_use,25.7,21.9,486.2
ghsl_5929_cell_00460,21,29,35.95547827675208,139.452053641354,2447.6,Civic,land_use,28.2,16.3,382.2
ghsl_5929_cell_00461,26,29,35.95547827675208,139.5089333793486,1244.8,Residential,heuristic,15.9,5.2,382.2
ghsl_5929_cell_00462,27,29,35.95547827675207,139.5203093269475,403.8,Residential,heuristic,24.0,10.1,492.3
ghsl_5929_cell_00463,28,29,35.95547827675209,139.53168527454645,130.0,Green,land_use,60.0,9.7,1146.4
ghsl_5929_cell_00464,29,29,35.955478276752075,139.54306122214533,384.5,Residential,heuristic,33.5,11.7,1910.6
ghsl_5929_cell_00465,30,29,35.95547827675208,139.55443716974426,2497.3,Civic,land_use,0.5,17.8,2674.7
ghsl_5929_cell_00466,31,29,35.955478276752075,139.56581311734317,6052.3,Residential,land_use,2.6,17.7,3438.6
ghsl_5929_cell_00467,32,29,35.955478276752075,139.57718906494213,5052.5,Industrial,land_use,5.5,16.7,4232.6
ghsl_5929_cell_00468,33,29,35.95547827675209,139.58856501254104,5334.3,Civic,land_use,11.4,14.2,5106.8
ghsl_5929_cell_00469,34,29,35.95547827675208,139.59994096013995,7100.4,Residential,land_use,7.5,17.7,6029.0
ghsl_5929_cell_00470,35,29,35.95547827675208,139.61131690773888,7223.4,Industrial,land_use,4.1,16.6,6980.3
ghsl_5929_cell_00471,36,29,35.955478276752075,139.6226928553378,6209.4,Industrial,land_use,13.0,12.6,7950.2
ghsl_5929_cell_00472,37,29,35.95547827675208,139.63406880293672,6395.1,Residential,land_use,8.0,13.9,8932.7
ghsl_5929_cell_00473,38,29,35.95547827675208,139.64544475053563,6216.0,Civic,land_use,13.4,14.9,9924.0
ghsl_5929_cell_00474,39,29,35.95547827675208,139.6568206981345,6982.7,Civic,land_use,10.0,6.7,10385.8
ghsl_5929_cell_00475,40,29,35.95547827675208,139.66819664573345,4547.5,Civic,land_use,20.9,14.0,9592.2
ghsl_5929_cell_00476,41,29,35.955478276752075,139.67957259333235,3825.9,Civic,land_use,19.5,9.9,8700.7
ghsl_5929_cell_00477,42,29,35.955478276752075,139.69094854093132,7780.3,Civic,land_use,1.3,13.7,7830.9
ghsl_5929_cell_00478,43,29,35.95547827675208,139.70232448853025,6240.7,Civic,land_use,0.7,9.8,7003.6
ghsl_5929_cell_00479,44,29,35.955478276752075,139.71370043612913,3677.1,Residential,heuristic,28.6,9.9,6235.5
ghsl_5929_cell_00480,45,29,35.955478276752075,139.725076383728,4194.1,Residential,heuristic,4.2,6.1,5551.5
ghsl_5929_cell_00481,46,29,35.95547827675208,139.736452331327,1952.7,Green,land_use,59.9,4.6,4986.2
ghsl_5929_cell_00482,47,29,35.95547827675208,139.7478282789259,1815.5,Residential,heuristic,29.9,7.6,4583.7
ghsl_5929_cell_00483,48,29,35.95547827675208,139.75920422652482,5344.4,Civic,land_use,8.7,5.6,4389.1
ghsl_5929_cell_00484,49,29,35.955478276752075,139.77058017412375,7045.0,Civic,land_use,0.2,6.1,4376.2
ghsl_5929_cell_00485,50,29,35.955478276752075,139.78195612172266,4795.3,Civic,land_use,1.8,6.3,4376.5
ghsl_5929_cell_00486,51,29,35.955478276752075,139.79333206932156,2212.5,Residential,heuristic,29.7,5.5,4376.6
ghsl_5929_cell_00487,52,29,35.95547827675208,139.8047080169205,1584.0,Green,land_use,50.0,1.0,4376.5
ghsl_5929_cell_00488,53,29,35.955478276752075,139.8160839645194,541.2,Green,land_use,62.6,3.9,4376.4
ghsl_5929_cell_00489,54,29,35.955478276752075,139.82745991211834,1376.0,Residential,heuristic,29.1,4.1,4141.1
ghsl_5929_cell_00490,55,29,35.955478276752075,139.83883585971728,921.6,Residential,land_use,10.5,7.5,3201.2
ghsl_5929_cell_00491,56,29,35.95547827675208,139.85021180731616,1868.6,Residential,land_use,31.4,17.2,2335.0
ghsl_5929_cell_00492,57,29,35.95547827675208,139.86158775491506,3245.8,Residential,land_use,4.2,15.5,1662.2
ghsl_5929_cell_00493,58,29,35.955478276752075,139.872963702514,3740.2,Residential,land_use,7.9,19.8,1205.1
ghsl_5929_cell_00494,59,29,35.95547827675209,139.88433965011293,1392.0,Green,land_use,54.9,28.2,381.7
ghsl_5929_cell_00495,65,29,35.95547827675208,139.95259533570646,730.6,Green,land_use,48.6,7.0,381.6
ghsl_5929_cell_00496,66,29,35.95547827675208,139.96397128330537,2139.2,Industrial,land_use,0.3,14.8,1144.9
ghsl_5929_cell_00497,67,29,35.95547827675208,139.97534723090433,1409.4,Industrial,land_use,21.2,21.8,1067.3
ghsl_5929_cell_00498,68,29,35.95547827675209,139.98672317850324,3254.3,Civic,land_use,3.4,20.2,486.2
ghsl_5929_cell_00499,69,29,35.95547827675208,139.99809912610215,3839.1,Residential,heuristic,12.3,19.8,381.6
ghsl_5929_cell_00500,9,30,35.946715165817785,139.30590102584873,2804.3,Residential,heuristic,4.1,72.0,382.5
ghsl_5929_cell_00501,10,30,35.946715165817785,139.31727618618234,3897.1,Commercial,land_use,7.4,65.6,1065.4
ghsl_5929_cell_00502,11,30,35.9467151658178,139.32865134651598,3529.1,Commercial,land_use,7.6,62.0,1458.4
ghsl_5929_cell_00503,12,30,35.94671516581779,139.34002650684965,1660.0,Civic,land_use,10.5,57.5,1659.3
ghsl_5929_cell_00504,13,30,35.94671516581779,139.35140166718327,1522.4,Civic,land_use,27.3,48.0,2330.6
ghsl_5929_cell_00505,14,30,35.946715165817785,139.3627768275169,1117.0,Residential,heuristic,16.2,35.7,2944.1
ghsl_5929_cell_00506,15,30,35.94671516581779,139.37415198785052,3733.2,Residential,heuristic,20.3,39.0,3404.0
ghsl_5929_cell_00507,16,30,35.946715165817785,139.38552714818414,4941.7,Civic,land_use,33.9,38.9,3404.2
ghsl_5929_cell_00508,17,30,35.946715165817785,139.39690230851778,6726.3,Civic,land_use,6.8,35.8,3404.3
ghsl_5929_cell_00509,18,30,35.946715165817785,139.4082774688514,6828.8,Commercial,land_use,4.8,34.8,3197.3
ghsl_5929_cell_00510,19,30,35.946715165817785,139.41965262918507,3192.9,Civic,land_use,33.9,27.9,2331.6
ghsl_5929_cell_00511,20,30,35.94671516581779,139.4310277895187,4781.3,Industrial,land_use,5.6,27.1,1660.1
ghsl_5929_cell_00512,21,30,35.946715165817785,139.4424029498523,4582.0,Residential,heuristic,12.2,21.8,1065.8
ghsl_5929_cell_00513,22,30,35.94671516581779,139.45377811018597,2234.3,Residential,heuristic,30.3,16.1,382.3
ghsl_5929_cell_00514,25,30,35.94671516581779,139.48790359118686,2835.4,Residential,heuristic,36.1,13.5,382.3
ghsl_5929_cell_00515,26,30,35.946715165817785,139.4992787515205,1643.6,Industrial,land_use,52.3,9.9,492.3
ghsl_5929_cell_00516,27,30,35.94671516581779,139.51065391185412,2769.6,Civic,land_use,31.9,12.8,1146.7
ghsl_5929_cell_00517,28,30,35.946715165817785,139.52202907218776,1628.5,Residential,heuristic,23.3,12.0,1477.0
ghsl_5929_cell_00518,29,30,35.94671516581779,139.5334042325214,266.9,Utility,land_use,16.2,7.8,1926.7
ghsl_5929_cell_00519,30,30,35.9467151658178,139.54477939285505,1076.3,Green,land_use,65.2,2.5,2675.1
ghsl_5929_cell_00520,31,30,35.946715165817785,139.55615455318866,3538.0,Civic,land_use,2.1,18.1,3439.2
ghsl_5929_cell_00521,32,30,35.94671516581779,139.5675297135223,3091.1,Residential,heuristic,0.0,15.2,4203.2
ghsl_5929_cell_00522,33,30,35.94671516581779,139.57890487385592,2546.7,Residential,heuristic,0.6,15.9,4967.1
ghsl_5929_cell_00523,34,30,35.94671516581779,139.5902800341896,2588.8,Civic,land_use,23.2,14.4,5759.1
ghsl_5929_cell_00524,35,30,35.94671516581779,139.6016551945232,6690.9,Residential,land_use,10.4,17.5,6614.8
ghsl_5929_cell_00525,36,30,35.946715165817785,139.61303035485685,8491.3,Residential,land_use,5.3,14.6,7513.2
ghsl_5929_cell_00526,37,30,35.946715165817785,139.62440551519046,6690.3,Civic,land_use,13.6,13.5,8440.8
ghsl_5929_cell_00527,38,30,35.946715165817785,139.6357806755241,6018.6,Utility,land_use,8.8,14.9,9389.0
ghsl_5929_cell_00528,39,30,35.94671516581779,139.64715583585772,8231.7,Civic,land_use,6.4,15.8,10352.0
ghsl_5929_cell_00529,40,30,35.946715165817785,139.65853099619133,7398.5,Civic,land_use,3.6,14.1,10831.1
ghsl_5929_cell_00530,41,30,35.94671516581779,139.66990615652503,5083.0,Residential,heuristic,18.2,6.3,9951.8
ghsl_5929_cell_00531,42,30,35.94671516581779,139.68128131685864,4681.3,Residential,land_use,31.5,6.5,9103.3
ghsl_5929_cell_00532,43,30,35.946715165817785,139.6926564771923,8447.2,Residential,land_use,0.7,14.0,8294.9
ghsl_5929_cell_00533,44,30,35.94671516581779,139.70403163752587,7119.1,Civic,land_use,4.0,16.5,7539.8
ghsl_5929_cell_00534,45,30,35.94671516581779,139.71540679785954,4726.4,Civic,land_use,1.7,14.0,6855.3
ghsl_5929_cell_00535,46,30,35.94671516581779,139.72678195819316,2763.2,Industrial,land_use,27.3,7.6,6264.8
ghsl_5929_cell_00536,47,30,35.946715165817785,139.7381571185268,1865.1,Green,land_use,46.3,6.6,5797.1
ghsl_5929_cell_00537,48,30,35.946715165817785,139.74953227886044,2067.8,Green,land_use,41.7,6.5,5483.6
ghsl_5929_cell_00538,49,30,35.946715165817785,139.76090743919406,4846.0,Civic,land_use,0.2,6.6,5351.5
ghsl_5929_cell_00539,50,30,35.94671516581779,139.7722825995277,7046.2,Civic,land_use,2.3,7.4,5348.6
ghsl_5929_cell_00540,51,30,35.94671516581779,139.78365775986134,4757.9,Civic,land_use,3.4,3.5,5348.8
ghsl_5929_cell_00541,52,30,35.946715165817785,139.795032920195,3129.5,Civic,land_use,5.6,5.1,5348.9
ghsl_5929_cell_00542,53,30,35.94671516581779,139.80640808052863,1406.0,Green,land_use,55.4,7.9,5348.9
ghsl_5929_cell_00543,54,30,35.94671516581779,139.81778324086227,462.7,Green,land_use,59.2,4.0,5334.9
ghsl_5929_cell_00544,55,30,35.946715165817785,139.82915840119588,1063.3,Civic,land_use,32.3,3.6,4446.1
ghsl_5929_cell_00545,56,30,35.94671516581779,139.8405335615295,935.9,Residential,land_use,14.4,5.6,3630.5
ghsl_5929_cell_00546,57,30,35.94671516581779,139.85190872186317,4004.0,Commercial,land_use,1.4,14.6,2949.5
ghsl_5929_cell_00547,58,30,35.94671516581779,139.86328388219678,5361.1,Residential,land_use,0.3,15.1,2035.0
ghsl_5929_cell_00548,59,30,35.946715165817785,139.8746590425304,2983.7,Industrial,land_use,1.4,24.9,1067.0
ghsl_5929_cell_00549,60,30,35.94671516581779,139.88603420286404,1552.7,Commercial,land_use,0.0,24.0,381.8
ghsl_5929_cell_00550,64,30,35.94671516581779,139.9315348441986,197.7,Utility,land_use,27.7,7.0,381.7
ghsl_5929_cell_00551,65,30,35.94671516581779,139.94291000453222,113.6,Green,land_use,64.3,8.1,492.1
ghsl_5929_cell_00552,66,30,35.946715165817785,139.95428516486587,570.9,Green,land_use,48.3,5.6,1145.1
ghsl_5929_cell_00553,67,30,35.94671516581779,139.9656603251995,2094.9,Civic,land_use,12.9,21.3,1908.3
ghsl_5929_cell_00554,68,30,35.946715165817785,139.97703548553312,2130.5,Commercial,land_use,1.6,25.9,1662.5
ghsl_5929_cell_00555,69,30,35.94671516581779,139.98841064586674,4353.8,Civic,land_use,0.9,23.5,1067.3
ghsl_5929_cell_00556,70,30,35.946715165817785,139.99978580620038,3285.1,Residential,land_use,16.3,22.7,381.6
ghsl_5929_cell_00557,10,31,35.93795242036486,139.30763838121013,4191.0,Civic,land_use,5.8,76.2,382.6
ghsl_5929_cell_00558,11,31,35.93795242036486,139.31901275462357,3013.9,Residential,heuristic,19.2,71.0,486.0
ghsl_5929_cell_00559,12,31,35.93795242036486,139.33038712803705,2918.5,Civic,land_use,10.9,88.6,486.1
ghsl_5929_cell_00560,13,31,35.93795242036486,139.34176150145046,2611.4,Civic,land_use,18.7,54.9,1065.4
ghsl_5929_cell_00561,14,31,35.93795242036487,139.35313587486394,1462.9,Civic,land_use,16.2,43.9,1659.2
ghsl_5929_cell_00562,15,31,35.937952420364866,139.36451024827736,2444.2,Civic,land_use,23.2,48.3,2330.4
ghsl_5929_cell_00563,16,31,35.937952420364866,139.3758846216908,3068.3,Civic,land_use,17.1,56.5,3196.2
ghsl_5929_cell_00564,17,31,35.93795242036486,139.38725899510425,2849.9,Green,land_use,46.0,42.4,4136.2
ghsl_5929_cell_00565,18,31,35.93795242036486,139.39863336851772,5403.9,Industrial,land_use,15.3,40.5,4376.6
ghsl_5929_cell_00566,19,31,35.93795242036487,139.41000774193117,3435.3,Civic,land_use,29.0,35.7,3625.1
ghsl_5929_cell_00567,20,31,35.93795242036486,139.4213821153446,5943.3,Industrial,land_use,2.4,32.8,2945.3
ghsl_5929_cell_00568,21,31,35.937952420364866,139.43275648875806,3722.0,Civic,land_use,10.9,29.2,2033.6
ghsl_5929_cell_00569,22,31,35.937952420364866,139.44413086217148,2102.1,Civic,land_use,21.2,17.3,1065.7
ghsl_5929_cell_00570,23,31,35.93795242036486,139.45550523558495,1473.4,Green,land_use,55.8,15.4,486.1
ghsl_5929_cell_00571,24,31,35.93795242036486,139.4668796089984,890.6,Residential,land_use,27.9,17.9,486.2
ghsl_5929_cell_00572,25,31,35.937952420364866,139.47825398241187,3875.3,Civic,land_use,25.3,17.2,492.3
ghsl_5929_cell_00573,26,31,35.937952420364866,139.48962835582532,1675.6,Green,land_use,57.8,11.1,1146.9
ghsl_5929_cell_00574,27,31,35.937952420364866,139.50100272923873,379.0,Green,land_use,59.4,10.4,1477.0
ghsl_5929_cell_00575,28,31,35.93795242036486,139.51237710265218,890.9,Green,land_use,67.5,8.9,1927.1
ghsl_5929_cell_00576,29,31,35.93795242036486,139.52375147606563,1499.9,Green,land_use,43.8,9.2,2461.6
ghsl_5929_cell_00577,30,31,35.937952420364866,139.5351258494791,767.0,Utility,land_use,25.1,8.3,2812.3
ghsl_5929_cell_00578,31,31,35.937952420364866,139.54650022289255,303.1,Civic,land_use,26.6,10.1,3444.6
ghsl_5929_cell_00579,32,31,35.937952420364866,139.557874596306,3427.0,Industrial,land_use,6.9,13.7,4203.9
ghsl_5929_cell_00580,33,31,35.93795242036486,139.56924896971944,3033.0,Residential,heuristic,14.3,15.1,4967.9
ghsl_5929_cell_00581,34,31,35.937952420364866,139.58062334313288,3786.2,Residential,heuristic,4.2,13.4,5731.9
ghsl_5929_cell_00582,35,31,35.937952420364866,139.59199771654636,4198.7,Civic,land_use,8.7,25.3,6495.8
ghsl_5929_cell_00583,36,31,35.93795242036486,139.6033720899598,9158.6,Utility,land_use,2.6,20.7,7287.2
ghsl_5929_cell_00584,37,31,35.93795242036486,139.61474646337322,8571.7,Industrial,land_use,4.5,17.0,8131.1
ghsl_5929_cell_00585,38,31,35.93795242036486,139.6261208367867,7310.9,Residential,land_use,2.9,17.2,9012.9
ghsl_5929_cell_00586,39,31,35.937952420364866,139.63749521020011,5067.5,Residential,land_use,20.9,8.8,9922.5
ghsl_5929_cell_00587,40,31,35.937952420364866,139.6488695836136,7391.0,Civic,land_use,9.3,15.2,10852.9
ghsl_5929_cell_00588,41,31,35.937952420364866,139.660243957027,6595.4,Residential,land_use,6.7,11.8,11215.2
ghsl_5929_cell_00589,42,31,35.93795242036486,139.67161833044045,5577.5,Residential,heuristic,4.9,15.1,10383.8
ghsl_5929_cell_00590,43,31,35.93795242036486,139.68299270385393,4771.7,Commercial,land_use,12.2,7.3,9590.1
ghsl_5929_cell_00591,44,31,35.937952420364866,139.69436707726737,4596.5,Civic,land_use,8.8,8.3,8844.4
ghsl_5929_cell_00592,45,31,35.937952420364866,139.7057414506808,4152.7,Civic,land_use,0.3,13.2,8159.7
ghsl_5929_cell_00593,46,31,35.937952420364866,139.7171158240943,4074.8,Civic,land_use,0.8,11.0,7552.8
ghsl_5929_cell_00594,47,31,35.937952420364866,139.72849019750774,1860.8,Civic,land_use,16.5,9.1,7043.7
ghsl_5929_cell_00595,48,31,35.937952420364866,139.73986457092113,1436.0,Green,land_use,45.3,6.8,6654.9
ghsl_5929_cell_00596,49,31,35.937952420364866,139.7512389443346,920.1,Green,land_use,64.0,5.4,6408.4
ghsl_5929_cell_00597,50,31,35.93795242036486,139.76261331774808,4299.5,Civic,land_use,13.9,4.7,6320.7
ghsl_5929_cell_00598,51,31,35.937952420364866,139.77398769116152,9562.4,Residential,land_use,6.1,5.5,6321.0
ghsl_5929_cell_00599,52,31,35.937952420364866,139.78536206457497,6872.1,Civic,land_use,3.6,5.6,6321.1
ghsl_5929_cell_00600,53,31,35.937952420364866,139.7967364379884,2420.2,Residential,heuristic,36.4,4.4,6321.2
ghsl_5929_cell_00601,54,31,35.937952420364866,139.8081108114019,1430.8,Residential,land_use,31.2,7.5,6321.2
ghsl_5929_cell_00602,55,31,35.93795242036486,139.8194851848153,2312.9,Residential,land_use,22.6,5.7,5718.5
ghsl_5929_cell_00603,56,31,35.937952420364866,139.83085955822875,1308.6,Green,land_use,41.6,4.5,4931.8
ghsl_5929_cell_00604,57,31,35.93795242036486,139.84223393164223,1506.1,Residential,land_use,11.4,5.1,4057.9
ghsl_5929_cell_00605,58,31,35.937952420364866,139.85360830505564,1638.8,Industrial,land_use,3.4,9.9,3041.4
ghsl_5929_cell_00606,59,31,35.937952420364866,139.86498267846906,3496.3,Industrial,land_use,1.2,10.8,2034.9
ghsl_5929_cell_00607,60,31,35.937952420364866,139.87635705188254,4259.8,Civic,land_use,0.9,15.5,1066.9
ghsl_5929_cell_00608,61,31,35.937952420364866,139.887731425296,3254.6,Residential,land_use,4.7,15.6,486.1
ghsl_5929_cell_00609,62,31,35.937952420364866,139.89910579870946,1243.3,Green,land_use,87.9,19.5,486.3
ghsl_5929_cell_00610,63,31,35.93795242036486,139.9104801721229,3081.8,Industrial,land_use,8.7,18.5,486.2
ghsl_5929_cell_00611,64,31,35.937952420364866,139.92185454553632,1715.8,Residential,land_use,10.5,8.8,492.1
ghsl_5929_cell_00612,65,31,35.937952420364866,139.9332289189498,664.6,Residential,land_use,11.4,18.4,1145.3
ghsl_5929_cell_00613,66,31,35.937952420364866,139.9446032923632,67.3,Green,land_use,73.0,1.0,1476.3
ghsl_5929_cell_00614,67,31,35.937952420364866,139.9559776657767,112.4,Residential,heuristic,30.0,5.8,1924.4
ghsl_5929_cell_00615,68,31,35.93795242036486,139.96735203919013,846.6,Industrial,land_use,19.2,11.3,2671.9
ghsl_5929_cell_00616,69,31,35.937952420364866,139.97872641260355,1644.7,Commercial,land_use,22.9,18.3,2035.3
ghsl_5929_cell_00617,70,31,35.93795242036486,139.99010078601702,3182.7,Residential,land_use,1.0,13.1,1067.2
ghsl_5929_cell_00618,71,31,35.93795242036486,140.00147515943047,2563.5,Civic,land_use,1.3,24.7,486.1
ghsl_5929_cell_00619,72,31,35.937952420364866,140.01284953284394,2684.0,Residential,land_use,6.2,15.9,381.7
ghsl_5929_cell_00620,13,32,35.92919004024869,139.33212556128632,3240.8,Civic,land_use,4.8,81.0,382.6
ghsl_5929_cell_00621,14,32,35.9291900402487,139.3434991481245,1203.3,Civic,land_use,24.7,48.9,486.1
ghsl_5929_cell_00622,15,32,35.9291900402487,139.3548727349627,2221.7,Industrial,land_use,39.9,53.4,1065.4
ghsl_5929_cell_00623,16,32,35.9291900402487,139.36624632180087,3018.0,Green,land_use,46.8,48.9,2033.4
ghsl_5929_cell_00624,17,32,35.9291900402487,139.3776199086391,1625.8,Civic,land_use,20.6,54.7,3040.0
ghsl_5929_cell_00625,18,32,35.9291900402487,139.38899349547728,2571.2,Civic,land_use,37.6,41.3,4056.5
ghsl_5929_cell_00626,19,32,35.9291900402487,139.40036708231548,2140.9,Green,land_use,43.4,46.1,4924.4
ghsl_5929_cell_00627,20,32,35.9291900402487,139.4117406691537,4177.5,Industrial,land_use,11.3,36.2,4136.8
ghsl_5929_cell_00628,21,32,35.9291900402487,139.42311425599186,4232.9,Residential,land_use,22.6,36.0,3196.9
ghsl_5929_cell_00629,22,32,35.9291900402487,139.43448784283007,3433.7,Residential,heuristic,20.5,18.7,2331.1
ghsl_5929_cell_00630,23,32,35.92919004024869,139.44586142966827,5288.8,Civic,land_use,9.3,22.7,1659.7
ghsl_5929_cell_00631,24,32,35.9291900402487,139.4572350165065,1565.7,Residential,heuristic,17.6,17.5,1458.4
ghsl_5929_cell_00632,25,32,35.9291900402487,139.46860860334465,3889.3,Civic,land_use,28.1,16.4,1458.4
ghsl_5929_cell_00633,26,32,35.9291900402487,139.47998219018282,7463.2,Industrial,land_use,4.3,16.7,1477.0
ghsl_5929_cell_00634,27,32,35.9291900402487,139.49135577702103,4106.1,Civic,land_use,34.1,12.7,1927.4
ghsl_5929_cell_00635,28,32,35.9291900402487,139.50272936385923,1224.4,Green,land_use,51.8,10.9,2461.6
ghsl_5929_cell_00636,29,32,35.9291900402487,139.51410295069743,1089.5,Green,land_use,46.4,10.9,2812.7
ghsl_5929_cell_00637,30,32,35.929190040248685,139.5254765375356,1281.1,Green,land_use,60.1,9.4,3445.3
ghsl_5929_cell_00638,31,32,35.9291900402487,139.5368501243738,328.6,Utility,land_use,22.5,2.5,3747.8
ghsl_5929_cell_00639,32,32,35.9291900402487,139.548223711212,710.6,Green,land_use,100.0,10.7,4280.3
ghsl_5929_cell_00640,33,32,35.9291900402487,139.5595972980502,2216.8,Residential,land_use,12.3,13.4,4970.2
ghsl_5929_cell_00641,34,32,35.9291900402487,139.5709708848884,3847.8,Civic,land_use,8.4,15.9,5732.9
ghsl_5929_cell_00642,35,32,35.9291900402487,139.5823444717266,5659.9,Residential,land_use,6.7,16.6,6496.8
ghsl_5929_cell_00643,36,32,35.9291900402487,139.5937180585648,4686.6,Civic,land_use,8.8,14.1,7260.7
ghsl_5929_cell_00644,37,32,35.9291900402487,139.60509164540298,8762.9,Civic,land_use,2.9,19.7,8024.5
ghsl_5929_cell_00645,38,32,35.92919004024869,139.61646523224115,8075.8,Commercial,land_use,3.7,24.9,8816.1
ghsl_5929_cell_00646,39,32,35.9291900402487,139.62783881907933,8447.1,Residential,land_use,2.6,18.8,9651.9
ghsl_5929_cell_00647,40,32,35.9291900402487,139.63921240591756,5147.6,Civic,land_use,22.1,6.2,10521.5
ghsl_5929_cell_00648,41,32,35.9291900402487,139.6505859927557,6649.9,Residential,land_use,5.1,17.5,11417.1
ghsl_5929_cell_00649,42,32,35.92919004024869,139.6619595795939,6009.8,Residential,land_use,3.2,13.0,11669.7
ghsl_5929_cell_00650,43,32,35.9291900402487,139.67333316643212,8027.9,Residential,land_use,4.0,10.6,10887.7
ghsl_5929_cell_00651,44,32,35.9291900402487,139.6847067532703,3511.9,Civic,land_use,18.5,6.9,10149.2
ghsl_5929_cell_00652,45,32,35.9291900402487,139.69608034010852,2779.6,Civic,land_use,17.5,6.2,9464.4
ghsl_5929_cell_00653,46,32,35.9291900402487,139.70745392694673,3429.3,Residential,heuristic,4.4,11.5,8845.9
ghsl_5929_cell_00654,47,32,35.9291900402487,139.71882751378493,2521.8,Civic,land_use,1.5,9.4,8308.4
ghsl_5929_cell_00655,48,32,35.9291900402487,139.7302011006231,2717.0,Residential,heuristic,7.1,8.0,7868.6
ghsl_5929_cell_00656,49,32,35.9291900402487,139.74157468746128,1951.2,Residential,heuristic,29.3,7.4,7543.6
ghsl_5929_cell_00657,50,32,35.9291900402487,139.75294827429948,3309.0,Civic,land_use,28.6,5.6,7348.5
ghsl_5929_cell_00658,51,32,35.9291900402487,139.76432186113766,7710.2,Civic,land_use,1.7,7.6,7293.0
ghsl_5929_cell_00659,52,32,35.9291900402487,139.77569544797583,8734.2,Civic,land_use,0.1,7.2,7293.2
ghsl_5929_cell_00660,53,32,35.9291900402487,139.78706903481407,6884.7,Civic,land_use,2.8,4.7,7293.4
ghsl_5929_cell_00661,54,32,35.9291900402487,139.79844262165224,2814.9,Green,land_use,44.1,4.8,7293.5
ghsl_5929_cell_00662,55,32,35.9291900402487,139.80981620849047,2326.3,Civic,land_use,12.6,6.8,7003.3
ghsl_5929_cell_00663,56,32,35.9291900402487,139.82118979532865,4586.4,Residential,land_use,5.3,6.7,6104.6
ghsl_5929_cell_00664,57,32,35.9291900402487,139.83256338216682,1516.7,Civic,land_use,22.3,4.2,5113.9
ghsl_5929_cell_00665,58,32,35.929190040248685,139.84393696900503,3307.6,Green,land_use,40.2,3.7,4140.6
ghsl_5929_cell_00666,59,32,35.9291900402487,139.85531055584323,196.0,Green,land_use,45.9,3.0,3200.5
ghsl_5929_cell_00667,60,32,35.929190040248685,139.8666841426814,414.0,Green,land_use,52.1,6.5,2334.2
ghsl_5929_cell_00668,61,32,35.92919004024869,139.87805772951964,1736.9,Civic,land_use,32.5,5.4,1661.6
ghsl_5929_cell_00669,62,32,35.92919004024869,139.8894313163578,3295.5,Residential,land_use,3.3,16.4,1458.4
ghsl_5929_cell_00670,63,32,35.9291900402487,139.900804903196,2965.5,Industrial,land_use,8.9,20.2,1458.5
ghsl_5929_cell_00671,64,32,35.9291900402487,139.91217849003417,2081.7,Industrial,land_use,13.4,17.2,1458.5
ghsl_5929_cell_00672,65,32,35.9291900402487,139.9235520768724,781.6,Residential,land_use,18.8,14.3,1476.4
ghsl_5929_cell_00673,66,32,35.9291900402487,139.93492566371057,355.1,Residential,land_use,18.6,3.9,1924.7
ghsl_5929_cell_00674,67,32,35.9291900402487,139.9462992505488,581.2,Industrial,land_use,7.3,8.6,2460.6
ghsl_5929_cell_00675,68,32,35.9291900402487,139.95767283738692,36.0,Residential,heuristic,24.5,7.5,2809.3
ghsl_5929_cell_00676,69,32,35.9291900402487,139.96904642422516,5.5,Residential,heuristic,7.3,6.5,3201.4
ghsl_5929_cell_00677,70,32,35.92919004024869,139.98042001106336,381.2,Residential,heuristic,26.6,10.7,2335.1
ghsl_5929_cell_00678,71,32,35.9291900402487,139.99179359790156,1300.6,Civic,land_use,16.4,4.8,1662.1
ghsl_5929_cell_00679,72,32,35.9291900402487,140.00316718473974,2300.2,Residential,heuristic,17.7,21.5,1067.1
ghsl_5929_cell_00680,73,32,35.9291900402487,140.0145407715779,3344.1,Civic,land_use,7.1,21.3,486.1
ghsl_5929_cell_00681,74,32,35.92919004024869,140.0259143584161,2473.4,Industrial,land_use,17.6,20.5,486.2
ghsl_5929_cell_00682,75,32,35.92919004024869,140.0372879452543,2217.0,Civic,land_use,3.8,24.3,381.7
ghsl_5929_cell_00683,15,33,35.92042802532473,139.3452394458299,1143.8,Residential,heuristic,31.5,64.5,382.6
ghsl_5929_cell_00684,16,33,35.92042802532474,139.35661224643758,1206.6,Residential,heuristic,30.9,70.3,1065.3
ghsl_5929_cell_00685,17,33,35.92042802532474,139.36798504704527,1768.6,Industrial,land_use,21.6,53.4,2033.3
ghsl_5929_cell_00686,18,33,35.92042802532474,139.37935784765295,1497.9,Green,land_use,42.3,47.6,3040.0
ghsl_5929_cell_00687,19,33,35.92042802532474,139.3907306482607,1900.7,Industrial,land_use,12.0,44.7,4056.6
ghsl_5929_cell_00688,20,33,35.92042802532474,139.40210344886836,2819.1,Residential,land_use,27.0,39.9,5077.1
ghsl_5929_cell_00689,21,33,35.92042802532473,139.4134762494761,4817.3,Civic,land_use,8.2,35.9,4439.3
ghsl_5929_cell_00690,22,33,35.92042802532474,139.42484905008376,3950.4,Commercial,land_use,22.6,32.8,3624.3
ghsl_5929_cell_00691,23,33,35.92042802532474,139.43622185069148,6392.4,Residential,heuristic,4.2,27.0,2944.6
ghsl_5929_cell_00692,24,33,35.92042802532474,139.44759465129917,4216.4,Civic,land_use,7.6,27.1,2512.4
ghsl_5929_cell_00693,25,33,35.92042802532474,139.4589674519069,2640.8,Residential,heuristic,34.3,19.4,2430.6
ghsl_5929_cell_00694,26,33,35.92042802532474,139.4703402525146,6922.5,Residential,land_use,8.8,20.0,2430.7
ghsl_5929_cell_00695,27,33,35.920428025324746,139.4817130531223,9183.8,Civic,land_use,3.5,20.7,2461.7
ghsl_5929_cell_00696,28,33,35.92042802532473,139.49308585372995,6000.4,Residential,land_use,16.0,14.3,2813.2
ghsl_5929_cell_00697,29,33,35.92042802532474,139.50445865433767,1913.1,Industrial,land_use,36.7,8.7,3446.0
ghsl_5929_cell_00698,30,33,35.92042802532474,139.51583145494538,875.1,Green,land_use,45.3,6.5,3748.2
ghsl_5929_cell_00699,31,33,35.92042802532474,139.52720425555307,1996.9,Green,land_use,40.5,8.5,4281.1
ghsl_5929_cell_00700,32,33,35.920428025324746,139.53857705616076,986.5,Civic,land_use,39.5,2.5,4703.4
ghsl_5929_cell_00701,33,33,35.92042802532474,139.54994985676848,369.8,Utility,land_use,16.6,9.0,5168.8
ghsl_5929_cell_00702,34,33,35.92042802532474,139.56132265737617,5359.3,Residential,heuristic,1.5,7.4,5780.9
ghsl_5929_cell_00703,35,33,35.920428025324746,139.57269545798385,6163.8,Residential,land_use,6.1,15.9,6498.1
ghsl_5929_cell_00704,36,33,35.92042802532474,139.58406825859157,6268.7,Industrial,land_use,7.4,18.3,7261.9
ghsl_5929_cell_00705,37,33,35.92042802532473,139.59544105919926,7380.4,Civic,land_use,2.0,19.3,8025.8
ghsl_5929_cell_00706,38,33,35.92042802532474,139.60681385980695,8682.4,Utility,land_use,3.1,17.3,8789.7
ghsl_5929_cell_00707,39,33,35.920428025324746,139.61818666041466,9331.2,Utility,land_use,1.4,20.2,9553.8
ghsl_5929_cell_00708,40,33,35.92042802532474,139.62955946102232,6275.7,Green,land_use,44.4,26.2,10345.5
ghsl_5929_cell_00709,41,33,35.92042802532474,139.64093226163007,3816.2,Green,land_use,44.0,9.8,11175.5
ghsl_5929_cell_00710,42,33,35.920428025324746,139.65230506223776,5871.6,Civic,land_use,3.1,13.6,12035.7
ghsl_5929_cell_00711,43,33,35.92042802532474,139.66367786284545,6832.4,Civic,land_use,2.0,14.8,12186.8
ghsl_5929_cell_00712,44,33,35.92042802532474,139.67505066345313,3756.3,Industrial,land_use,11.0,13.1,11454.0
ghsl_5929_cell_00713,45,33,35.92042802532474,139.68642346406085,1176.3,Green,land_use,69.2,13.8,10769.1
ghsl_5929_cell_00714,46,33,35.92042802532474,139.69779626466857,1038.0,Green,land_use,50.5,7.6,10142.0
ghsl_5929_cell_00715,47,33,35.92042802532474,139.7091690652762,3383.8,Residential,heuristic,15.7,4.9,9584.0
ghsl_5929_cell_00716,48,33,35.92042802532474,139.72054186588394,4179.1,Residential,heuristic,5.2,9.8,9107.7
ghsl_5929_cell_00717,49,33,35.920428025324746,139.73191466649166,3129.3,Residential,heuristic,17.0,6.8,8726.5
ghsl_5929_cell_00718,50,33,35.92042802532474,139.74328746709932,2697.4,Residential,heuristic,13.7,8.9,8453.4
ghsl_5929_cell_00719,51,33,35.92042802532473,139.754660267707,2469.6,Civic,land_use,0.0,6.4,8298.9
ghsl_5929_cell_00720,52,33,35.92042802532474,139.76603306831475,4093.4,Residential,land_use,1.5,8.4,8265.2
ghsl_5929_cell_00721,53,33,35.92042802532473,139.77740586892241,8096.6,Civic,land_use,1.4,7.8,8265.5
ghsl_5929_cell_00722,54,33,35.92042802532474,139.7887786695301,8539.2,Residential,land_use,0.6,4.0,8265.6
ghsl_5929_cell_00723,55,33,35.92042802532474,139.80015147013785,3571.8,Residential,land_use,12.8,2.5,8195.4
ghsl_5929_cell_00724,56,33,35.92042802532474,139.81152427074554,4843.6,Residential,land_use,13.6,5.0,7221.7
ghsl_5929_cell_00725,57,33,35.92042802532474,139.82289707135322,4625.1,Residential,land_use,20.6,6.6,6264.8
ghsl_5929_cell_00726,58,33,35.92042802532474,139.8342698719609,578.9,Green,land_use,44.2,2.8,5333.8
ghsl_5929_cell_00727,59,33,35.92042802532473,139.84564267256863,283.5,Green,land_use,68.2,3.1,4444.9
ghsl_5929_cell_00728,60,33,35.92042802532473,139.85701547317632,317.8,Green,land_use,54.2,3.1,3629.3
ghsl_5929_cell_00729,61,33,35.92042802532474,139.86838827378403,162.1,Residential,heuristic,35.5,5.5,2948.4
ghsl_5929_cell_00730,62,33,35.92042802532474,139.87976107439172,797.0,Green,land_use,48.7,3.7,2514.1
ghsl_5929_cell_00731,63,33,35.92042802532474,139.8911338749994,2327.3,Residential,land_use,24.9,15.6,2430.7
ghsl_5929_cell_00732,64,33,35.92042802532474,139.90250667560716,3485.7,Civic,land_use,6.8,18.2,2430.7
ghsl_5929_cell_00733,65,33,35.92042802532474,139.91387947621484,2313.3,Civic,land_use,29.6,20.3,2430.7
ghsl_5929_cell_00734,66,33,35.92042802532474,139.9252522768225,1005.2,Residential,land_use,13.5,16.8,2460.6
ghsl_5929_cell_00735,67,33,35.92042802532473,139.93662507743022,1791.6,Civic,land_use,6.8,20.1,2809.7
ghsl_5929_cell_00736,68,33,35.92042802532474,139.94799787803794,2221.9,Residential,heuristic,17.3,23.8,3441.1
ghsl_5929_cell_00737,69,33,35.92042802532474,139.95937067864563,674.8,Green,land_use,40.7,5.4,3744.2
ghsl_5929_cell_00738,70,33,35.920428025324746,139.97074347925331,3.3,Residential,heuristic,31.8,5.8,3630.6
ghsl_5929_cell_00739,71,33,35.92042802532473,139.98211627986103,40.3,Residential,heuristic,6.4,6.6,2949.4
ghsl_5929_cell_00740,72,33,35.92042802532474,139.99348908046875,557.7,Residential,land_use,5.5,6.6,2334.9
ghsl_5929_cell_00741,73,33,35.92042802532474,140.0048618810764,1824.4,Commercial,land_use,7.2,18.4,1661.9
ghsl_5929_cell_00742,74,33,35.92042802532474,140.0162346816841,3512.4,Residential,land_use,18.8,17.7,1458.4
ghsl_5929_cell_00743,75,33,35.92042802532474,140.02760748229176,1929.4,Civic,land_use,4.8,21.7,1067.1
ghsl_5929_cell_00744,76,33,35.92042802532474,140.03898028289953,3071.6,Residential,land_use,6.2,22.3,486.1
ghsl_5929_cell_00745,77,33,35.920428025324746,140.0503530835072,2981.0,Residential,land_use,22.0,9.9,381.7
ghsl_5929_cell_00746,16,34,35.911666375448526,139.3469823935256,2431.5,Industrial,land_use,11.7,71.6,382.7
ghsl_5929_cell_00747,17,34,35.91166637544852,139.35835440824735,1837.1,Green,land_use,41.7,62.9,1207.4
ghsl_5929_cell_00748,18,34,35.911666375448526,139.36972642296917,1864.3,Industrial,land_use,10.8,57.7,2186.4
ghsl_5929_cell_00749,19,34,35.91166637544852,139.38109843769095,2291.1,Residential,heuristic,2.4,53.2,3195.3
ghsl_5929_cell_00750,20,34,35.911666375448526,139.3924704524128,2386.9,Civic,land_use,8.1,45.8,4212.7
ghsl_5929_cell_00751,21,34,35.911666375448526,139.40384246713455,2779.9,Residential,land_use,25.8,34.4,5233.7
ghsl_5929_cell_00752,22,34,35.91166637544851,139.41521448185634,2366.4,Utility,land_use,36.0,30.2,4923.3
ghsl_5929_cell_00753,23,34,35.911666375448526,139.42658649657815,5416.5,Civic,land_use,10.6,32.9,4241.3
ghsl_5929_cell_00754,24,34,35.91166637544852,139.43795851129997,3159.6,Industrial,land_use,20.3,25.2,3721.0
ghsl_5929_cell_00755,25,34,35.911666375448526,139.44933052602178,1051.1,Green,land_use,50.2,24.1,3436.4
ghsl_5929_cell_00756,26,34,35.91166637544851,139.46070254074354,1732.1,Green,land_use,48.0,20.9,3402.8
ghsl_5929_cell_00757,27,34,35.91166637544852,139.4720745554653,5442.9,Civic,land_use,19.0,21.4,3402.8
ghsl_5929_cell_00758,28,34,35.911666375448526,139.48344657018708,9891.0,Civic,land_use,2.2,22.3,3446.4
ghsl_5929_cell_00759,29,34,35.91166637544852,139.49481858490896,7016.4,Residential,heuristic,11.8,17.4,3748.7
ghsl_5929_cell_00760,30,34,35.91166637544851,139.5061905996307,530.0,Green,land_use,66.0,7.5,4281.9
ghsl_5929_cell_00761,31,34,35.911666375448526,139.51756261435253,1049.6,Green,land_use,60.8,8.4,4703.9
ghsl_5929_cell_00762,32,34,35.911666375448526,139.5289346290743,1725.3,Green,land_use,45.6,7.8,5169.7
ghsl_5929_cell_00763,33,34,35.911666375448526,139.54030664379613,489.9,Utility,land_use,24.2,9.3,5669.0
ghsl_5929_cell_00764,34,34,35.91166637544851,139.5516786585179,613.8,Utility,land_use,27.2,14.7,6087.1
ghsl_5929_cell_00765,35,34,35.91166637544852,139.5630506732397,3142.7,Civic,land_use,21.9,9.7,6638.9
ghsl_5929_cell_00766,36,34,35.91166637544852,139.5744226879615,6106.6,Civic,land_use,3.8,9.8,7294.0
ghsl_5929_cell_00767,37,34,35.911666375448526,139.58579470268333,7993.5,Residential,heuristic,2.6,11.8,8027.2
ghsl_5929_cell_00768,38,34,35.91166637544852,139.5971667174051,4698.2,Residential,heuristic,30.7,13.4,8791.1
ghsl_5929_cell_00769,39,34,35.911666375448526,139.60853873212687,9548.0,Civic,land_use,2.7,14.3,9555.0
ghsl_5929_cell_00770,40,34,35.91166637544852,139.6199107468487,9488.6,Utility,land_use,0.5,18.1,10318.7
ghsl_5929_cell_00771,41,34,35.91166637544851,139.63128276157047,8278.0,Utility,land_use,1.7,14.6,11083.4
ghsl_5929_cell_00772,42,34,35.91166637544852,139.64265477629226,5883.0,Civic,land_use,17.6,13.8,11875.3
ghsl_5929_cell_00773,43,34,35.91166637544852,139.65402679101408,5880.2,Civic,land_use,3.6,15.3,12700.8
ghsl_5929_cell_00774,44,34,35.911666375448526,139.6653988057359,5688.4,Civic,land_use,1.8,15.1,12758.7
ghsl_5929_cell_00775,45,34,35.91166637544851,139.67677082045768,3240.0,Civic,land_use,15.8,9.5,12073.9
ghsl_5929_cell_00776,46,34,35.91166637544852,139.6881428351795,2816.6,Civic,land_use,9.0,11.2,11440.2
ghsl_5929_cell_00777,47,34,35.91166637544852,139.69951484990125,3486.4,Commercial,land_use,29.7,14.1,10866.5
ghsl_5929_cell_00778,48,34,35.91166637544852,139.71088686462306,3096.5,Civic,land_use,24.3,5.8,10363.0
ghsl_5929_cell_00779,49,34,35.911666375448526,139.72225887934485,2935.9,Civic,land_use,25.0,4.0,9940.1
ghsl_5929_cell_00780,50,34,35.91166637544852,139.7336308940666,1977.2,Civic,land_use,18.6,4.8,9608.6
ghsl_5929_cell_00781,51,34,35.911666375448526,139.74500290878842,537.0,Green,land_use,74.6,5.7,9378.2
ghsl_5929_cell_00782,52,34,35.91166637544852,139.75637492351024,1957.4,Green,land_use,46.8,6.3,9256.3
ghsl_5929_cell_00783,53,34,35.91166637544851,139.76774693823205,3670.7,Residential,heuristic,14.1,4.8,9237.4
ghsl_5929_cell_00784,54,34,35.91166637544851,139.7791189529538,5914.4,Civic,land_use,5.3,5.7,9237.7
ghsl_5929_cell_00785,55,34,35.911666375448526,139.79049096767565,8556.5,Civic,land_use,0.7,5.2,9237.8
ghsl_5929_cell_00786,56,34,35.911666375448526,139.8018629823974,3965.6,Residential,heuristic,20.5,5.5,8393.4
ghsl_5929_cell_00787,57,34,35.911666375448526,139.81323499711922,1520.4,Residential,land_use,35.1,3.6,7466.8
ghsl_5929_cell_00788,58,34,35.91166637544851,139.824607011841,2166.2,Civic,land_use,25.2,6.2,6570.0
ghsl_5929_cell_00789,59,34,35.91166637544852,139.83597902656282,808.8,Residential,land_use,35.7,2.6,5716.8
ghsl_5929_cell_00790,60,34,35.911666375448526,139.84735104128458,485.8,Green,land_use,58.5,2.9,4930.1
ghsl_5929_cell_00791,61,34,35.911666375448526,139.8587230560064,167.7,Green,land_use,78.7,2.6,4247.0
ghsl_5929_cell_00792,62,34,35.911666375448526,139.87009507072815,369.8,Green,land_use,75.3,6.1,3724.8
ghsl_5929_cell_00793,63,34,35.911666375448526,139.88146708544997,411.7,Residential,land_use,26.3,3.7,3437.7
ghsl_5929_cell_00794,64,34,35.91166637544852,139.89283910017178,1637.8,Industrial,land_use,26.1,14.1,3402.9
ghsl_5929_cell_00795,65,34,35.911666375448526,139.90421111489357,4402.7,Residential,land_use,23.8,18.0,3402.9
ghsl_5929_cell_00796,66,34,35.91166637544852,139.91558312961538,4718.3,Residential,land_use,15.1,14.1,3402.8
ghsl_5929_cell_00797,67,34,35.911666375448526,139.92695514433717,1190.6,Industrial,land_use,7.1,29.7,3444.9
ghsl_5929_cell_00798,68,34,35.911666375448526,139.93832715905896,2895.6,Civic,land_use,4.3,18.5,3744.7
ghsl_5929_cell_00799,69,34,35.91166637544851,139.94969917378074,6369.7,Residential,land_use,3.2,18.8,4276.0
ghsl_5929_cell_00800,70,34,35.91166637544852,139.96107118850256,2656.7,Residential,land_use,32.6,16.9,4699.3
ghsl_5929_cell_00801,71,34,35.911666375448526,139.97244320322434,462.6,Green,land_use,43.8,4.3,4248.5
ghsl_5929_cell_00802,72,34,35.911666375448526,139.98381521794616,9.7,Residential,heuristic,21.1,6.5,3630.3
ghsl_5929_cell_00803,73,34,35.91166637544851,139.99518723266794,2.7,Residential,heuristic,1.2,4.1,2949.1
ghsl_5929_cell_00804,74,34,35.91166637544852,140.00655924738973,98.7,Residential,heuristic,2.5,4.9,2514.4
ghsl_5929_cell_00805,75,34,35.91166637544852,140.01793126211152,7.3,Utility,land_use,2.9,7.8,2334.8
ghsl_5929_cell_00806,76,34,35.911666375448526,140.02930327683336,740.4,Green,land_use,97.1,5.2,1661.8
ghsl_5929_cell_00807,77,34,35.911666375448526,140.04067529155515,2001.2,Industrial,land_use,5.6,19.7,1067.1
ghsl_5929_cell_00808,78,34,35.911666375448526,140.05204730627693,4117.0,Commercial,land_use,0.3,25.2,486.1
ghsl_5929_cell_00809,79,34,35.911666375448526,140.06341932099872,4097.7,Commercial,land_use,21.2,15.1,486.2
ghsl_5929_cell_00810,80,34,35.91166637544851,140.07479133572053,1861.1,Green,land_use,52.8,5.2,381.7
ghsl_5929_cell_00811,16,35,35.90290509047562,139.3373567609913,3013.3,Civic,land_use,15.5,77.6,382.7
ghsl_5929_cell_00812,17,35,35.90290509047562,139.3487279901716,2891.6,Industrial,land_use,12.7,76.4,1148.0
ghsl_5929_cell_00813,18,35,35.90290509047561,139.36009921935192,1677.2,Residential,heuristic,23.7,68.0,1913.3
ghsl_5929_cell_00814,19,35,35.90290509047562,139.37147044853225,3184.5,Commercial,land_use,9.1,61.0,2714.2
ghsl_5929_cell_00815,20,35,35.90290509047562,139.38284167771258,1524.8,Civic,land_use,24.2,53.5,3622.1
ghsl_5929_cell_00816,21,35,35.90290509047562,139.39421290689288,1600.1,Residential,heuristic,1.6,61.2,4580.4
ghsl_5929_cell_00817,22,35,35.90290509047562,139.4055841360732,1733.6,Green,land_use,100.0,40.4,5563.0
ghsl_5929_cell_00818,23,35,35.90290509047562,139.4169553652535,4049.0,Civic,land_use,19.0,39.0,5541.5
ghsl_5929_cell_00819,24,35,35.90290509047562,139.42832659443383,382.6,Residential,heuristic,31.5,28.8,4978.0
ghsl_5929_cell_00820,25,35,35.90290509047562,139.43969782361413,1131.1,Residential,heuristic,13.5,26.8,4578.1
ghsl_5929_cell_00821,26,35,35.90290509047562,139.45106905279448,2098.9,Civic,land_use,38.9,24.2,4386.8
ghsl_5929_cell_00822,27,35,35.90290509047562,139.46244028197475,4445.7,Residential,land_use,24.5,23.4,4375.0
ghsl_5929_cell_00823,28,35,35.90290509047562,139.47381151115508,7798.8,Civic,land_use,3.4,26.0,4374.9
ghsl_5929_cell_00824,29,35,35.90290509047561,139.48518274033538,8691.0,Residential,land_use,5.4,24.5,4431.1
ghsl_5929_cell_00825,30,35,35.90290509047562,139.49655396951573,2609.9,Industrial,land_use,37.6,7.4,4704.4
ghsl_5929_cell_00826,31,35,35.90290509047562,139.50792519869603,3362.8,Civic,land_use,32.0,9.3,5170.5
ghsl_5929_cell_00827,32,35,35.90290509047562,139.51929642787636,3727.9,Residential,land_use,22.6,13.2,5669.5
ghsl_5929_cell_00828,33,35,35.90290509047562,139.53066765705665,1283.3,Green,land_use,54.4,8.6,6088.0
ghsl_5929_cell_00829,34,35,35.90290509047563,139.54203888623698,721.2,Green,land_use,54.2,6.3,6640.1
ghsl_5929_cell_00830,35,35,35.90290509047562,139.55341011541728,633.2,Green,land_use,100.0,11.3,7023.5
ghsl_5929_cell_00831,36,35,35.90290509047562,139.5647813445976,814.0,Green,land_use,82.5,6.9,7528.1
ghsl_5929_cell_00832,37,35,35.90290509047562,139.57615257377793,5207.8,Civic,land_use,18.9,8.1,8131.4
ghsl_5929_cell_00833,38,35,35.90290509047562,139.58752380295826,6685.9,Civic,land_use,2.4,14.1,8813.3
ghsl_5929_cell_00834,39,35,35.90290509047562,139.59889503213856,8397.6,Civic,land_use,0.9,10.3,9556.6
ghsl_5929_cell_00835,40,35,35.90290509047562,139.61026626131886,10006.3,Civic,land_use,0.3,15.0,10320.5
ghsl_5929_cell_00836,41,35,35.90290509047562,139.6216374904992,9955.4,Civic,land_use,1.6,15.5,11084.3
ghsl_5929_cell_00837,42,35,35.90290509047562,139.6330087196795,9243.0,Residential,land_use,0.5,17.1,11848.0
ghsl_5929_cell_00838,43,35,35.90290509047562,139.6443799488598,5065.9,Civic,land_use,19.2,10.7,12613.4
ghsl_5929_cell_00839,44,35,35.90290509047562,139.65575117804013,6223.5,Residential,land_use,5.8,15.5,13405.4
ghsl_5929_cell_00840,45,35,35.90290509047562,139.66712240722043,4770.6,Civic,land_use,10.1,17.1,13378.5
ghsl_5929_cell_00841,46,35,35.90290509047562,139.67849363640076,3191.3,Residential,heuristic,31.9,14.4,12739.6
ghsl_5929_cell_00842,47,35,35.90290509047563,139.68986486558106,3106.3,Residential,heuristic,30.9,14.3,12153.8
ghsl_5929_cell_00843,48,35,35.90290509047561,139.70123609476138,2343.6,Green,land_use,51.2,11.2,11629.1
ghsl_5929_cell_00844,49,35,35.90290509047562,139.71260732394168,4023.5,Green,land_use,48.7,9.7,11174.2
ghsl_5929_cell_00845,50,35,35.90290509047561,139.723978553122,2326.9,Civic,land_use,1.9,1.1,10798.0
ghsl_5929_cell_00846,51,35,35.90290509047562,139.7353497823023,2590.2,Residential,heuristic,28.8,9.0,10508.8
ghsl_5929_cell_00847,52,35,35.90290509047562,139.74672101148263,887.8,Green,land_use,75.2,5.1,10313.9
ghsl_5929_cell_00848,53,35,35.90290509047562,139.75809224066296,1992.2,Green,land_use,56.6,4.9,10218.8
ghsl_5929_cell_00849,54,35,35.90290509047562,139.7694634698433,4776.1,Civic,land_use,2.3,6.8,10209.6
ghsl_5929_cell_00850,55,35,35.90290509047561,139.78083469902356,7793.6,Civic,land_use,2.6,7.1,10209.9
ghsl_5929_cell_00851,56,35,35.90290509047562,139.7922059282039,7180.1,Civic,land_use,2.3,7.2,9599.5
ghsl_5929_cell_00852,57,35,35.90290509047562,139.8035771573842,5907.1,Civic,land_use,12.6,5.7,8698.6
ghsl_5929_cell_00853,58,35,35.90290509047562,139.8149483865645,1963.9,Green,land_use,44.5,6.7,7828.6
ghsl_5929_cell_00854,59,35,35.90290509047561,139.82631961574486,2390.0,Industrial,land_use,16.8,4.9,7001.1
ghsl_5929_cell_00855,60,35,35.902905090475635,139.8376908449252,2378.8,Industrial,land_use,12.0,1.4,6232.9
ghsl_5929_cell_00856,61,35,35.90290509047561,139.84906207410546,2267.5,Residential,land_use,32.4,4.3,5548.9
ghsl_5929_cell_00857,62,35,35.90290509047562,139.8604333032858,1562.4,Green,land_use,46.5,5.0,4983.7
ghsl_5929_cell_00858,63,35,35.90290509047561,139.87180453246611,746.6,Green,land_use,45.5,3.4,4581.6
ghsl_5929_cell_00859,64,35,35.90290509047562,139.88317576164644,110.7,Industrial,land_use,39.6,6.5,4387.7
ghsl_5929_cell_00860,65,35,35.90290509047561,139.8945469908267,1701.9,Industrial,land_use,35.6,7.7,4375.0
ghsl_5929_cell_00861,66,35,35.90290509047562,139.90591822000704,5714.4,Residential,land_use,9.4,21.9,4375.0
ghsl_5929_cell_00862,67,35,35.90290509047562,139.9172894491874,5254.9,Residential,land_use,5.9,21.2,4375.0
ghsl_5929_cell_00863,68,35,35.90290509047562,139.92866067836766,4464.5,Commercial,land_use,3.8,18.3,4429.1
ghsl_5929_cell_00864,69,35,35.90290509047563,139.940031907548,5581.5,Civic,land_use,4.5,20.6,4699.8
ghsl_5929_cell_00865,70,35,35.90290509047561,139.95140313672832,2982.8,Civic,land_use,34.9,16.9,5163.9
ghsl_5929_cell_00866,71,35,35.90290509047562,139.96277436590864,3904.9,Civic,land_use,17.0,12.3,5550.9
ghsl_5929_cell_00867,72,35,35.90290509047561,139.97414559508894,2851.6,Utility,land_use,11.4,8.5,4931.5
ghsl_5929_cell_00868,73,35,35.90290509047562,139.98551682426927,174.8,Green,land_use,76.1,4.4,4248.0
ghsl_5929_cell_00869,74,35,35.90290509047561,139.99688805344957,34.1,Green,land_use,74.9,4.7,3725.4
ghsl_5929_cell_00870,75,35,35.90290509047562,140.0082592826299,115.0,Green,land_use,57.7,4.8,3437.8
ghsl_5929_cell_00871,76,35,35.90290509047561,140.0196305118102,16.6,Green,land_use,41.7,6.2,2948.9
ghsl_5929_cell_00872,77,35,35.90290509047563,140.03100174099055,57.3,Utility,land_use,9.5,4.9,2334.6
ghsl_5929_cell_00873,78,35,35.90290509047562,140.04237297017087,2478.6,Civic,land_use,1.9,14.0,1661.7
ghsl_5929_cell_00874,79,35,35.90290509047562,140.05374419935114,5054.5,Industrial,land_use,0.4,12.0,1458.2
ghsl_5929_cell_00875,80,35,35.90290509047562,140.06511542853147,5598.2,Industrial,land_use,0.3,23.5,1067.0
ghsl_5929_cell_00876,81,35,35.90290509047562,140.0764866577118,3230.9,Industrial,land_use,11.3,7.6,486.1
ghsl_5929_cell_00877,82,35,35.90290509047562,140.0878578868921,1984.0,Green,land_use,49.2,4.3,381.8
ghsl_5929_cell_00878,16,36,35.89414417026166,139.32773534676267,1818.6,Industrial,land_use,16.0,87.2,382.7
ghsl_5929_cell_00879,17,36,35.89414417026166,139.33910579074578,2934.4,Commercial,land_use,10.3,82.3,486.0
ghsl_5929_cell_00880,18,36,35.89414417026166,139.3504762347289,1616.1,Residential,heuristic,8.4,76.9,1065.0
ghsl_5929_cell_00881,19,36,35.89414417026166,139.36184667871197,1026.5,Civic,land_use,14.2,73.5,2033.2
ghsl_5929_cell_00882,20,36,35.89414417026166,139.37321712269505,1732.6,Civic,land_use,15.5,63.3,3039.9
ghsl_5929_cell_00883,21,36,35.89414417026167,139.38458756667816,320.6,Green,land_use,99.4,65.3,4056.6
ghsl_5929_cell_00884,22,36,35.89414417026166,139.39595801066122,459.8,Utility,land_use,13.8,56.8,5077.3
ghsl_5929_cell_00885,23,36,35.89414417026167,139.4073284546443,572.2,Green,land_use,91.2,60.5,6037.1
ghsl_5929_cell_00886,24,36,35.89414417026166,139.41869889862738,1443.6,Civic,land_use,7.0,34.6,6254.1
ghsl_5929_cell_00887,25,36,35.89414417026166,139.4300693426105,2014.2,Industrial,land_use,39.3,34.5,5788.7
ghsl_5929_cell_00888,26,36,35.89414417026166,139.44143978659358,2902.1,Civic,land_use,26.7,30.0,5478.1
ghsl_5929_cell_00889,27,36,35.89414417026166,139.45281023057663,5775.9,Civic,land_use,14.5,32.6,5349.5
ghsl_5929_cell_00890,28,36,35.89414417026166,139.4641806745597,7351.5,Civic,land_use,12.8,31.2,5347.0
ghsl_5929_cell_00891,29,36,35.89414417026166,139.47555111854282,6255.3,Civic,land_use,7.2,28.0,5347.0
ghsl_5929_cell_00892,30,36,35.89414417026166,139.4869215625259,6426.0,Civic,land_use,6.5,14.2,5415.7
ghsl_5929_cell_00893,31,36,35.89414417026166,139.498292006509,4831.3,Civic,land_use,15.3,10.5,5670.0
ghsl_5929_cell_00894,32,36,35.89414417026166,139.5096624504921,3709.6,Residential,land_use,19.1,13.7,6088.9
ghsl_5929_cell_00895,33,36,35.89414417026167,139.52103289447518,3261.7,Civic,land_use,21.5,8.7,6640.8
ghsl_5929_cell_00896,34,36,35.89414417026166,139.53240333845827,1439.6,Green,land_use,48.5,8.3,7024.4
ghsl_5929_cell_00897,35,36,35.89414417026166,139.54377378244135,1040.9,Green,land_use,52.8,6.4,7529.3
ghsl_5929_cell_00898,36,36,35.89414417026166,139.55514422642443,659.4,Civic,land_use,22.5,7.4,7971.5
ghsl_5929_cell_00899,37,36,35.89414417026166,139.56651467040757,242.1,Residential,heuristic,39.6,5.8,8438.5
ghsl_5929_cell_00900,38,36,35.89414417026167,139.57788511439063,3552.4,Residential,heuristic,15.0,8.0,8998.8
ghsl_5929_cell_00901,39,36,35.89414417026166,139.5892555583737,4933.3,Civic,land_use,19.1,9.9,9636.1
ghsl_5929_cell_00902,40,36,35.89414417026167,139.6006260023568,6963.1,Civic,land_use,11.8,11.9,10336.2
ghsl_5929_cell_00903,41,36,35.89414417026166,139.61199644633987,10802.5,Civic,land_use,3.9,9.2,11086.1
ghsl_5929_cell_00904,42,36,35.89414417026166,139.62336689032296,10955.7,Commercial,land_use,2.7,10.2,11849.9
ghsl_5929_cell_00905,43,36,35.89414417026166,139.63473733430604,8076.3,Commercial,land_use,6.7,18.6,12613.7
ghsl_5929_cell_00906,44,36,35.89414417026166,139.64610777828918,5199.6,Civic,land_use,19.9,6.7,13377.3
ghsl_5929_cell_00907,45,36,35.89414417026167,139.65747822227226,2494.5,Green,land_use,49.2,3.3,14143.7
ghsl_5929_cell_00908,46,36,35.89414417026166,139.66884866625531,2171.0,Green,land_use,45.2,4.9,14039.8
ghsl_5929_cell_00909,47,36,35.89414417026166,139.6802191102384,2131.4,Green,land_use,44.5,3.7,13444.3
ghsl_5929_cell_00910,48,36,35.89414417026166,139.69158955422148,1045.0,Green,land_use,85.6,4.3,12902.9
ghsl_5929_cell_00911,49,36,35.89414417026166,139.7029599982046,1211.9,Commercial,land_use,35.5,6.4,12422.8
ghsl_5929_cell_00912,50,36,35.89414417026166,139.71433044218767,2633.4,Civic,land_use,32.4,17.4,12011.3
ghsl_5929_cell_00913,51,36,35.89414417026166,139.72570088617078,4748.5,Utility,land_use,6.2,10.6,11675.7
ghsl_5929_cell_00914,52,36,35.89414417026166,139.73707133015387,3598.2,Commercial,land_use,25.1,4.1,11422.7
ghsl_5929_cell_00915,53,36,35.89414417026166,139.74844177413692,3613.2,Residential,heuristic,26.4,8.5,11257.9
ghsl_5929_cell_00916,54,36,35.89414417026166,139.75981221812003,4055.9,Civic,land_use,23.2,6.8,11185.1
ghsl_5929_cell_00917,55,36,35.89414417026166,139.77118266210312,5752.7,Residential,heuristic,4.9,5.3,11181.7
ghsl_5929_cell_00918,56,36,35.89414417026167,139.7825531060862,6500.1,Civic,land_use,0.8,7.0,10828.6
ghsl_5929_cell_00919,57,36,35.89414417026166,139.79392355006928,6818.1,Residential,heuristic,1.9,8.2,9949.1
ghsl_5929_cell_00920,58,36,35.89414417026166,139.8052939940524,6035.3,Civic,land_use,7.0,5.2,9100.4
ghsl_5929_cell_00921,59,36,35.89414417026166,139.81666443803547,2663.2,Civic,land_use,11.3,0.0,8291.9
ghsl_5929_cell_00922,60,36,35.89414417026166,139.82803488201853,2085.7,Civic,land_use,9.2,3.2,7536.6
ghsl_5929_cell_00923,61,36,35.89414417026166,139.8394053260016,2395.7,Residential,heuristic,24.7,0.0,6852.2
ghsl_5929_cell_00924,62,36,35.89414417026167,139.85077576998472,5017.8,Residential,land_use,14.5,5.1,6261.8
ghsl_5929_cell_00925,63,36,35.89414417026166,139.8621462139678,2398.5,Civic,land_use,32.6,1.7,5794.4
ghsl_5929_cell_00926,64,36,35.89414417026166,139.8735166579509,818.9,Green,land_use,55.4,2.9,5481.4
ghsl_5929_cell_00927,65,36,35.89414417026166,139.884887101934,288.0,Residential,land_use,28.6,5.2,5350.0
ghsl_5929_cell_00928,66,36,35.89414417026166,139.89625754591708,1730.7,Industrial,land_use,26.4,8.0,5347.1
ghsl_5929_cell_00929,67,36,35.89414417026166,139.90762798990016,7172.6,Residential,land_use,7.9,23.1,5347.1
ghsl_5929_cell_00930,68,36,35.89414417026166,139.91899843388325,6406.4,Residential,land_use,8.7,24.3,5347.0
ghsl_5929_cell_00931,69,36,35.89414417026166,139.93036887786636,3976.4,Green,land_use,55.9,35.0,5413.4
ghsl_5929_cell_00932,70,36,35.89414417026166,139.94173932184944,2771.5,Civic,land_use,7.5,22.6,5665.0
ghsl_5929_cell_00933,71,36,35.89414417026166,139.95310976583252,5273.0,Civic,land_use,6.8,15.7,6081.7
ghsl_5929_cell_00934,72,36,35.89414417026166,139.9644802098156,5327.4,Commercial,land_use,1.6,17.8,6234.6
ghsl_5929_cell_00935,73,36,35.89414417026167,139.9758506537987,4910.3,Residential,heuristic,9.1,19.3,5550.3
ghsl_5929_cell_00936,74,36,35.89414417026166,139.98722109778177,2206.6,Civic,land_use,27.6,8.2,4984.8
ghsl_5929_cell_00937,75,36,35.89414417026166,139.99859154176485,3420.1,Green,land_use,84.2,20.7,4582.2
ghsl_5929_cell_00938,76,36,35.89414417026166,140.00996198574794,1715.9,Green,land_use,50.7,22.4,4247.7
ghsl_5929_cell_00939,77,36,35.89414417026166,140.02133242973105,180.9,Green,land_use,76.6,3.0,3629.8
ghsl_5929_cell_00940,78,36,35.89414417026167,140.03270287371416,0.5,Green,land_use,44.4,3.8,2948.6
ghsl_5929_cell_00941,79,36,35.89414417026166,140.0440733176972,47.9,Green,land_use,87.5,0.0,2514.0
ghsl_5929_cell_00942,80,36,35.89414417026167,140.0554437616803,2356.2,Residential,heuristic,27.6,5.2,2184.6
ghsl_5929_cell_00943,81,36,35.89414417026166,140.06681420566338,5703.7,Civic,land_use,0.1,22.1,1205.6
ghsl_5929_cell_00944,82,36,35.89414417026166,140.07818464964646,3949.4,Civic,land_use,1.4,7.5,381.8
ghsl_5929_cell_00945,18,37,35.88538361466235,139.34085746702925,1482.2,Residential,land_use,4.9,120.4,382.8
ghsl_5929_cell_00946,19,37,35.88538361466236,139.35222712615925,406.2,Residential,heuristic,4.1,86.3,1064.9
ghsl_5929_cell_00947,20,37,35.88538361466235,139.36359678528913,511.9,Residential,heuristic,30.5,79.9,2033.1
ghsl_5929_cell_00948,21,37,35.88538361466235,139.37496644441907,1106.0,Industrial,land_use,17.9,72.8,3039.9
ghsl_5929_cell_00949,22,37,35.88538361466235,139.386336103549,1722.4,Industrial,land_use,11.7,56.6,4056.7
ghsl_5929_cell_00950,23,37,35.885383614662345,139.39770576267895,1574.1,Green,land_use,70.8,60.7,5077.4
ghsl_5929_cell_00951,24,37,35.885383614662345,139.4090754218089,2931.0,Industrial,land_use,17.3,52.1,6100.1
ghsl_5929_cell_00952,25,37,35.88538361466236,139.42044508093886,998.4,Utility,land_use,25.5,39.9,7032.6
ghsl_5929_cell_00953,26,37,35.88538361466236,139.4318147400688,2414.5,Commercial,land_use,37.4,34.2,6646.4
ghsl_5929_cell_00954,27,37,35.885383614662345,139.44318439919874,4711.7,Industrial,land_use,6.6,45.3,6403.1
ghsl_5929_cell_00955,28,37,35.88538361466236,139.4545540583287,4488.1,Industrial,land_use,10.0,37.3,6319.0
ghsl_5929_cell_00956,29,37,35.88538361466236,139.46592371745865,5000.8,Residential,heuristic,15.2,30.1,6319.1
ghsl_5929_cell_00957,30,37,35.88538361466235,139.4772933765886,3821.6,Industrial,land_use,33.2,22.1,6319.0
ghsl_5929_cell_00958,31,37,35.88538361466236,139.48866303571856,5199.6,Civic,land_use,11.0,18.4,6400.4
ghsl_5929_cell_00959,32,37,35.88538361466236,139.50003269484847,5302.8,Residential,heuristic,16.6,18.4,6641.3
ghsl_5929_cell_00960,33,37,35.88538361466235,139.5114023539784,4534.8,Civic,land_use,10.3,7.9,7025.3
ghsl_5929_cell_00961,34,37,35.88538361466236,139.52277201310838,5985.0,Industrial,land_use,15.9,17.0,7530.6
ghsl_5929_cell_00962,35,37,35.88538361466236,139.5341416722383,1727.8,Green,land_use,47.1,5.4,7972.5
ghsl_5929_cell_00963,36,37,35.88538361466236,139.54551133136826,907.3,Green,land_use,46.7,6.2,8439.8
ghsl_5929_cell_00964,37,37,35.88538361466235,139.5568809904982,1608.8,Civic,land_use,6.6,8.2,8927.6
ghsl_5929_cell_00965,38,37,35.88538361466235,139.56825064962814,112.1,Green,land_use,52.0,5.6,9364.1
ghsl_5929_cell_00966,39,37,35.88538361466235,139.57962030875808,780.2,Green,land_use,53.9,7.8,9888.3
ghsl_5929_cell_00967,40,37,35.885383614662345,139.590989967888,2736.2,Civic,land_use,35.3,8.8,10487.0
ghsl_5929_cell_00968,41,37,35.88538361466236,139.60235962701796,5740.3,Civic,land_use,8.6,6.0,11148.1
ghsl_5929_cell_00969,42,37,35.88538361466236,139.61372928614793,7665.6,Residential,land_use,0.9,15.0,11861.3
ghsl_5929_cell_00970,43,37,35.88538361466236,139.62509894527784,8837.1,Civic,land_use,9.5,11.6,12615.8
ghsl_5929_cell_00971,44,37,35.88538361466235,139.63646860440784,12709.8,Civic,land_use,1.0,20.0,13379.6
ghsl_5929_cell_00972,45,37,35.88538361466236,139.64783826353775,8476.4,Civic,land_use,1.1,16.3,14143.2
ghsl_5929_cell_00973,46,37,35.88538361466236,139.6592079226677,7179.7,Civic,land_use,2.1,14.2,14906.8
ghsl_5929_cell_00974,47,37,35.88538361466235,139.67057758179763,7453.7,Civic,land_use,6.7,17.6,14737.1
ghsl_5929_cell_00975,48,37,35.88538361466236,139.6819472409276,6213.0,Civic,land_use,10.2,15.4,14182.1
ghsl_5929_cell_00976,49,37,35.88538361466236,139.69331690005754,5049.7,Residential,land_use,22.8,9.2,13681.7
ghsl_5929_cell_00977,50,37,35.885383614662345,139.70468655918745,1087.5,Residential,land_use,22.2,4.8,13241.9
ghsl_5929_cell_00978,51,37,35.88538361466236,139.7160562183174,3086.6,Civic,land_use,15.1,5.1,12869.1
ghsl_5929_cell_00979,52,37,35.88538361466236,139.7274258774474,5332.5,Residential,heuristic,3.0,13.3,12569.2
ghsl_5929_cell_00980,53,37,35.88538361466236,139.7387955365773,5148.5,Civic,land_use,6.3,6.1,12347.5
ghsl_5929_cell_00981,54,37,35.88538361466235,139.75016519570727,3175.1,Civic,land_use,30.0,4.2,12208.2
ghsl_5929_cell_00982,55,37,35.88538361466236,139.76153485483718,1641.1,Green,land_use,67.7,3.9,12154.2
ghsl_5929_cell_00983,56,37,35.88538361466235,139.77290451396715,6071.9,Civic,land_use,12.8,5.6,12073.5
ghsl_5929_cell_00984,57,37,35.885383614662345,139.78427417309706,8991.4,Residential,heuristic,0.3,6.9,11211.9
ghsl_5929_cell_00985,58,37,35.88538361466236,139.795643832227,7076.6,Civic,land_use,0.0,5.0,10380.3
ghsl_5929_cell_00986,59,37,35.88538361466235,139.80701349135697,5585.1,Civic,land_use,0.0,3.6,9586.5
ghsl_5929_cell_00987,60,37,35.885383614662345,139.81838315048688,5883.6,Civic,land_use,9.0,3.9,8840.7
ghsl_5929_cell_00988,61,37,35.88538361466236,139.82975280961688,2038.6,Commercial,land_use,7.1,4.7,8156.0
ghsl_5929_cell_00989,62,37,35.88538361466235,139.8411224687468,5616.3,Civic,land_use,0.9,6.3,7549.2
ghsl_5929_cell_00990,63,37,35.885383614662345,139.85249212787673,7129.3,Civic,land_use,0.7,7.1,7040.3
ghsl_5929_cell_00991,64,37,35.88538361466235,139.86386178700667,4142.2,Residential,land_use,25.2,4.1,6651.9
ghsl_5929_cell_00992,65,37,35.88538361466236,139.87523144613664,659.7,Green,land_use,49.0,2.3,6405.9
ghsl_5929_cell_00993,66,37,35.88538361466236,139.88660110526658,527.1,Green,land_use,98.4,2.8,6319.1
ghsl_5929_cell_00994,67,37,35.885383614662345,139.89797076439652,1215.6,Industrial,land_use,13.5,3.5,6319.2
ghsl_5929_cell_00995,68,37,35.88538361466235,139.90934042352646,3907.7,Residential,land_use,14.1,25.1,6319.2
ghsl_5929_cell_00996,69,37,35.88538361466236,139.9207100826564,6821.2,Residential,land_use,5.5,17.5,6319.0
ghsl_5929_cell_00997,70,37,35.885383614662345,139.93207974178634,4946.7,Residential,land_use,5.7,30.4,6397.6
ghsl_5929_cell_00998,71,37,35.88538361466235,139.94344940091628,3515.0,Industrial,land_use,0.8,30.1,6635.8
ghsl_5929_cell_00999,72,37,35.88538361466236,139.95481906004625,5293.8,Industrial,land_use,1.1,20.4,7017.5
ghsl_5929_cell_01000,73,37,35.885383614662345,139.9661887191762,6194.7,Residential,land_use,5.1,21.5,6853.9
ghsl_5929_cell_01001,74,37,35.88538361466236,139.9775583783061,6739.9,Commercial,land_use,4.5,18.6,6263.2
ghsl_5929_cell_01002,75,37,35.88538361466236,139.98892803743607,6686.8,Civic,land_use,15.4,22.0,5795.3
ghsl_5929_cell_01003,76,37,35.885383614662345,140.000297696566,4794.4,Civic,land_use,3.8,18.2,5481.8
ghsl_5929_cell_01004,77,37,35.88538361466236,140.01166735569598,4389.9,Civic,land_use,5.1,11.0,4930.7
ghsl_5929_cell_01005,78,37,35.88538361466236,140.02303701482592,1708.4,Green,land_use,55.7,3.5,4247.3
ghsl_5929_cell_01006,79,37,35.88538361466235,140.03440667395586,12.3,Green,land_use,93.2,3.1,3724.8
ghsl_5929_cell_01007,80,37,35.885383614662345,140.0457763330858,661.2,Green,land_use,42.7,6.6,3042.0
ghsl_5929_cell_01008,81,37,35.88538361466235,140.05714599221574,1837.8,Residential,land_use,32.1,4.9,2035.2
ghsl_5929_cell_01009,82,37,35.88538361466236,140.06851565134568,855.2,Green,land_use,49.4,0.0,1066.9
ghsl_5929_cell_01010,83,37,35.885383614662345,140.07988531047562,607.8,Civic,land_use,0.0,4.4,381.9
ghsl_5929_cell_01011,19,38,35.87662342353343,139.34261178880462,94.2,Green,land_use,100.0,128.3,382.9
ghsl_5929_cell_01012,20,38,35.87662342353343,139.35398066342535,361.0,Utility,land_use,10.8,98.8,1208.0
ghsl_5929_cell_01013,21,38,35.87662342353344,139.36534953804608,1314.4,Residential,land_use,14.1,82.8,2187.2
ghsl_5929_cell_01014,22,38,35.87662342353343,139.37671841266678,1111.5,Residential,heuristic,26.8,68.7,3196.3
ghsl_5929_cell_01015,23,38,35.87662342353344,139.3880872872875,1630.2,Residential,heuristic,18.2,68.3,4213.9
ghsl_5929_cell_01016,24,38,35.87662342353344,139.39945616190823,2372.3,Industrial,land_use,22.9,62.9,5235.0
ghsl_5929_cell_01017,25,38,35.87662342353344,139.41082503652893,2355.7,Civic,land_use,19.3,42.3,6258.0
ghsl_5929_cell_01018,26,38,35.87662342353343,139.42219391114966,2848.0,Civic,land_use,38.0,39.8,7281.9
ghsl_5929_cell_01019,27,38,35.87662342353343,139.4335627857704,5377.2,Industrial,land_use,2.0,50.6,7535.2
ghsl_5929_cell_01020,28,38,35.87662342353343,139.4449316603911,3020.6,Industrial,land_use,24.0,44.4,7343.5
ghsl_5929_cell_01021,29,38,35.87662342353343,139.45630053501182,4085.4,Residential,heuristic,23.9,38.6,7291.1
ghsl_5929_cell_01022,30,38,35.87662342353343,139.46766940963252,1456.8,Green,land_use,54.1,29.7,7291.1
ghsl_5929_cell_01023,31,38,35.87662342353343,139.47903828425328,2546.2,Green,land_use,53.2,27.1,7292.6
ghsl_5929_cell_01024,32,38,35.87662342353343,139.49040715887398,2844.8,Civic,land_use,17.8,35.8,7385.1
ghsl_5929_cell_01025,33,38,35.87662342353344,139.50177603349468,5564.6,Residential,land_use,4.2,16.2,7616.1
ghsl_5929_cell_01026,34,38,35.87662342353343,139.51314490811538,10114.9,Residential,land_use,2.4,21.5,7973.4
ghsl_5929_cell_01027,35,38,35.87662342353343,139.52451378273608,8255.8,Civic,land_use,7.6,17.9,8441.1
ghsl_5929_cell_01028,36,38,35.87662342353344,139.53588265735684,4164.3,Civic,land_use,26.4,7.3,8928.5
ghsl_5929_cell_01029,37,38,35.876623423533445,139.5472515319775,1793.7,Green,land_use,40.8,7.2,9365.5
ghsl_5929_cell_01030,38,38,35.87662342353343,139.55862040659824,806.0,Residential,heuristic,33.4,1.0,9889.3
ghsl_5929_cell_01031,39,38,35.87662342353343,139.56998928121897,233.5,Industrial,land_use,22.8,7.4,10300.8
ghsl_5929_cell_01032,40,38,35.87662342353344,139.58135815583967,274.5,Green,land_use,100.0,6.0,10794.4
ghsl_5929_cell_01033,41,38,35.87662342353343,139.5927270304604,3189.5,Utility,land_use,21.8,8.4,11359.6
ghsl_5929_cell_01034,42,38,35.87662342353343,139.6040959050811,5977.2,Residential,land_use,7.4,8.3,11986.1
ghsl_5929_cell_01035,43,38,35.87662342353343,139.61546477970182,8757.8,Civic,land_use,1.9,14.5,12664.8
ghsl_5929_cell_01036,44,38,35.87662342353344,139.62683365432252,8011.8,Civic,land_use,4.4,14.3,13387.9
ghsl_5929_cell_01037,45,38,35.87662342353344,139.63820252894325,11166.5,Civic,land_use,0.2,16.7,14145.6
ghsl_5929_cell_01038,46,38,35.87662342353344,139.64957140356395,9788.6,Civic,land_use,0.6,12.7,14909.3
ghsl_5929_cell_01039,47,38,35.87662342353343,139.66094027818465,7921.1,Civic,land_use,2.5,12.5,15672.9
ghsl_5929_cell_01040,48,38,35.87662342353344,139.67230915280538,7537.8,Civic,land_use,7.6,16.0,15465.5
ghsl_5929_cell_01041,49,38,35.87662342353344,139.68367802742614,7024.4,Residential,land_use,3.5,14.2,14948.3
ghsl_5929_cell_01042,50,38,35.87662342353344,139.69504690204684,5755.6,Residential,land_use,12.1,13.7,14485.4
ghsl_5929_cell_01043,51,38,35.87662342353343,139.70641577666754,2986.5,Civic,land_use,29.1,4.5,14082.1
ghsl_5929_cell_01044,52,38,35.87662342353343,139.71778465128824,550.5,Residential,heuristic,13.3,0.6,13743.8
ghsl_5929_cell_01045,53,38,35.87662342353344,139.72915352590897,4432.0,Residential,heuristic,12.3,17.2,13475.2
ghsl_5929_cell_01046,54,38,35.87662342353343,139.7405224005297,7172.7,Civic,land_use,8.0,16.0,13280.7
ghsl_5929_cell_01047,55,38,35.87662342353343,139.75189127515043,6997.7,Industrial,land_use,8.1,5.9,13163.5
ghsl_5929_cell_01048,56,38,35.87662342353344,139.76326014977116,4853.5,Residential,heuristic,11.6,4.6,13125.6
ghsl_5929_cell_01049,57,38,35.87662342353344,139.77462902439183,5905.7,Civic,land_use,21.0,5.2,12483.2
ghsl_5929_cell_01050,58,38,35.87662342353344,139.78599789901256,9744.9,Civic,land_use,1.1,7.1,11665.6
ghsl_5929_cell_01051,59,38,35.87662342353344,139.79736677363329,8580.2,Utility,land_use,4.3,6.0,10883.4
ghsl_5929_cell_01052,60,38,35.87662342353343,139.80873564825401,7616.0,Civic,land_use,1.4,5.4,10144.9
ghsl_5929_cell_01053,61,38,35.87662342353343,139.82010452287471,3623.1,Civic,land_use,12.7,10.0,9460.1
ghsl_5929_cell_01054,62,38,35.87662342353343,139.83147339749544,3827.4,Residential,land_use,10.4,3.6,8841.6
ghsl_5929_cell_01055,63,38,35.87662342353344,139.84284227211614,5111.6,Civic,land_use,11.7,13.3,8304.3
ghsl_5929_cell_01056,64,38,35.87662342353343,139.85421114673684,1879.5,Green,land_use,48.6,2.9,7864.9
ghsl_5929_cell_01057,65,38,35.87662342353343,139.86558002135757,740.6,Green,land_use,50.5,1.7,7540.3
ghsl_5929_cell_01058,66,38,35.87662342353343,139.87694889597827,754.9,Residential,heuristic,25.8,2.3,7346.0
ghsl_5929_cell_01059,67,38,35.87662342353343,139.88831777059903,1251.7,Residential,heuristic,26.8,2.8,7291.1
ghsl_5929_cell_01060,68,38,35.876623423533445,139.8996866452197,1558.6,Industrial,land_use,21.4,9.4,7291.2
ghsl_5929_cell_01061,69,38,35.87662342353343,139.91105551984046,3587.4,Civic,land_use,27.2,26.5,7291.2
ghsl_5929_cell_01062,70,38,35.87662342353343,139.92242439446113,6562.7,Residential,land_use,7.2,18.7,7292.2
ghsl_5929_cell_01063,71,38,35.87662342353344,139.93379326908186,6295.8,Residential,land_use,10.5,16.7,7381.9
ghsl_5929_cell_01064,72,38,35.87662342353343,139.9451621437026,5248.6,Industrial,land_use,7.9,20.3,7610.1
ghsl_5929_cell_01065,73,38,35.87662342353343,139.95653101832332,5499.3,Residential,land_use,13.0,20.2,7965.1
ghsl_5929_cell_01066,74,38,35.87662342353343,139.96789989294402,5423.0,Commercial,land_use,2.0,20.8,7261.6
ghsl_5929_cell_01067,75,38,35.87662342353343,139.97926876756472,5215.2,Industrial,land_use,5.9,4.4,6496.8
ghsl_5929_cell_01068,76,38,35.87662342353344,139.99063764218548,5651.4,Commercial,land_use,2.1,21.4,5732.1
ghsl_5929_cell_01069,77,38,35.87662342353344,140.00200651680618,7521.0,Residential,land_use,1.4,21.2,4968.9
ghsl_5929_cell_01070,78,38,35.87662342353343,140.01337539142688,9630.0,Residential,land_use,2.0,16.4,4278.5
ghsl_5929_cell_01071,79,38,35.876623423533445,140.0247442660476,5010.7,Industrial,land_use,10.8,21.4,3745.8
ghsl_5929_cell_01072,80,38,35.87662342353343,140.0361131406683,5138.3,Utility,land_use,3.8,19.8,3443.2
ghsl_5929_cell_01073,81,38,35.87662342353343,140.047482015289,6066.2,Industrial,land_use,3.0,12.0,2810.7
ghsl_5929_cell_01074,82,38,35.87662342353344,140.0588508899097,1864.0,Green,land_use,45.9,7.7,2035.1
ghsl_5929_cell_01075,83,38,35.87662342353344,140.0702197645305,629.5,Green,land_use,42.4,4.6,1066.8
ghsl_5929_cell_01076,84,38,35.87662342353343,140.0815886391512,2771.4,Residential,heuristic,13.0,21.4,381.9
ghsl_5929_cell_01077,19,39,35.867863596730736,139.33300066458062,1102.9,Utility,land_use,5.6,140.6,382.9
ghsl_5929_cell_01078,20,39,35.867863596730736,139.34436875503582,1368.7,Residential,land_use,5.0,99.3,1148.7
ghsl_5929_cell_01079,21,39,35.86786359673073,139.35573684549107,1393.8,Residential,heuristic,13.9,94.9,1914.4
ghsl_5929_cell_01080,22,39,35.867863596730736,139.36710493594632,1419.3,Residential,land_use,3.5,76.1,2715.7
ghsl_5929_cell_01081,23,39,35.86786359673073,139.37847302640154,3543.9,Commercial,land_use,1.0,81.0,3624.0
ghsl_5929_cell_01082,24,39,35.867863596730736,139.38984111685676,4158.5,Civic,land_use,1.0,71.5,4582.5
ghsl_5929_cell_01083,25,39,35.867863596730736,139.40120920731198,4639.6,Civic,land_use,2.0,52.7,5565.4
ghsl_5929_cell_01084,26,39,35.867863596730736,139.41257729776723,2875.5,Industrial,land_use,25.6,46.6,6561.7
ghsl_5929_cell_01085,27,39,35.867863596730736,139.42394538822248,5236.7,Industrial,land_use,22.8,58.0,7566.0
ghsl_5929_cell_01086,28,39,35.867863596730736,139.4353134786777,4375.7,Civic,land_use,17.3,51.8,8445.2
ghsl_5929_cell_01087,29,39,35.867863596730736,139.44668156913292,3561.2,Residential,land_use,25.7,45.8,8294.2
ghsl_5929_cell_01088,30,39,35.867863596730736,139.45804965958817,1541.7,Industrial,land_use,14.8,42.8,8263.0
ghsl_5929_cell_01089,31,39,35.867863596730736,139.46941775004342,1387.6,Green,land_use,49.0,36.1,8263.1
ghsl_5929_cell_01090,32,39,35.867863596730736,139.48078584049864,1345.3,Residential,heuristic,32.9,32.1,8268.7
ghsl_5929_cell_01091,33,39,35.867863596730736,139.49215393095386,1226.9,Green,land_use,69.4,26.6,8369.8
ghsl_5929_cell_01092,34,39,35.867863596730736,139.50352202140908,8465.5,Residential,land_use,6.4,26.2,8593.1
ghsl_5929_cell_01093,35,39,35.867863596730736,139.51489011186436,9451.1,Civic,land_use,1.9,21.7,8929.5
ghsl_5929_cell_01094,36,39,35.867863596730736,139.5262582023196,8766.8,Civic,land_use,7.8,14.4,9366.8
ghsl_5929_cell_01095,37,39,35.86786359673073,139.53762629277483,5181.5,Civic,land_use,30.2,10.0,9890.3
ghsl_5929_cell_01096,38,39,35.867863596730736,139.54899438323005,2226.8,Green,land_use,40.6,8.1,10302.1
ghsl_5929_cell_01097,39,39,35.867863596730736,139.56036247368527,1057.3,Green,land_use,63.3,5.1,10796.1
ghsl_5929_cell_01098,40,39,35.867863596730736,139.57173056414047,730.4,Green,land_use,85.8,7.7,11245.7
ghsl_5929_cell_01099,41,39,35.867863596730736,139.58309865459572,711.6,Green,land_use,40.4,5.7,11713.3
ghsl_5929_cell_01100,42,39,35.867863596730736,139.59446674505097,3047.6,Civic,land_use,1.7,9.2,12249.3
ghsl_5929_cell_01101,43,39,35.867863596730736,139.60583483550622,7399.5,Civic,land_use,1.3,8.7,12845.0
ghsl_5929_cell_01102,44,39,35.867863596730736,139.6172029259615,9790.3,Residential,heuristic,2.5,10.1,13492.5
ghsl_5929_cell_01103,45,39,35.86786359673074,139.6285710164167,8761.5,Civic,land_use,1.1,12.1,14184.8
ghsl_5929_cell_01104,46,39,35.867863596730736,139.63993910687196,8585.8,Civic,land_use,6.2,16.7,14915.6
ghsl_5929_cell_01105,47,39,35.867863596730736,139.65130719732716,10636.5,Civic,land_use,3.5,15.0,15675.5
ghsl_5929_cell_01106,48,39,35.86786359673073,139.66267528778238,8501.7,Civic,land_use,1.9,9.2,16439.2
ghsl_5929_cell_01107,49,39,35.867863596730736,139.67404337823763,8161.2,Residential,land_use,3.1,8.9,16220.7
ghsl_5929_cell_01108,50,39,35.86786359673073,139.68541146869288,7674.0,Residential,land_use,6.1,15.0,15738.6
ghsl_5929_cell_01109,51,39,35.867863596730736,139.69677955914807,8409.9,Civic,land_use,3.0,10.5,15310.1
ghsl_5929_cell_01110,52,39,35.867863596730736,139.70814764960332,3494.8,Civic,land_use,11.1,6.0,14939.9
ghsl_5929_cell_01111,53,39,35.867863596730736,139.71951574005857,4517.5,Residential,heuristic,26.4,9.9,14632.3
ghsl_5929_cell_01112,54,39,35.867863596730736,139.73088383051382,6744.3,Civic,land_use,9.8,14.7,14391.5
ghsl_5929_cell_01113,55,39,35.867863596730736,139.74225192096904,9574.8,Civic,land_use,10.4,18.7,14220.7
ghsl_5929_cell_01114,56,39,35.867863596730736,139.7536200114243,8359.1,Civic,land_use,7.4,6.5,14122.7
ghsl_5929_cell_01115,57,39,35.867863596730736,139.7649881018795,6521.4,Civic,land_use,8.2,3.9,13760.6
ghsl_5929_cell_01116,58,39,35.867863596730736,139.77635619233473,6048.3,Civic,land_use,7.0,6.1,12954.7
ghsl_5929_cell_01117,59,39,35.867863596730736,139.78772428278998,8344.2,Civic,land_use,3.2,6.5,12181.9
ghsl_5929_cell_01118,60,39,35.867863596730736,139.7990923732452,8545.1,Civic,land_use,1.9,5.4,11449.1
ghsl_5929_cell_01119,61,39,35.867863596730736,139.81046046370045,5925.3,Residential,land_use,3.4,3.6,10764.2
ghsl_5929_cell_01120,62,39,35.867863596730736,139.82182855415573,3125.9,Residential,land_use,27.0,4.3,10137.2
ghsl_5929_cell_01121,63,39,35.867863596730736,139.8331966446109,3933.5,Civic,land_use,14.7,4.6,9579.3
ghsl_5929_cell_01122,64,39,35.867863596730736,139.84456473506614,5341.7,Civic,land_use,2.4,5.9,9103.3
ghsl_5929_cell_01123,65,39,35.867863596730736,139.8559328255214,3005.0,Residential,land_use,4.6,5.5,8722.5
ghsl_5929_cell_01124,66,39,35.867863596730736,139.86730091597664,2531.9,Residential,heuristic,20.2,1.4,8449.9
ghsl_5929_cell_01125,67,39,35.867863596730736,139.87866900643186,1400.2,Green,land_use,42.2,2.3,8296.2
ghsl_5929_cell_01126,68,39,35.867863596730736,139.89003709688708,962.0,Green,land_use,40.1,2.7,8263.1
ghsl_5929_cell_01127,69,39,35.867863596730736,139.9014051873423,2972.9,Residential,land_use,31.8,6.1,8263.1
ghsl_5929_cell_01128,70,39,35.867863596730736,139.91277327779756,4032.6,Residential,land_use,8.2,34.9,8263.1
ghsl_5929_cell_01129,71,39,35.867863596730736,139.92414136825278,5750.9,Residential,land_use,12.2,14.5,8267.9
ghsl_5929_cell_01130,72,39,35.867863596730736,139.93550945870803,4425.1,Residential,land_use,11.4,23.5,8366.1
ghsl_5929_cell_01131,73,39,35.867863596730736,139.94687754916322,5835.4,Residential,land_use,8.8,20.6,8135.5
ghsl_5929_cell_01132,74,39,35.867863596730736,139.95824563961847,5699.2,Residential,land_use,10.1,21.9,7290.5
ghsl_5929_cell_01133,75,39,35.867863596730736,139.96961373007372,7464.6,Civic,land_use,4.3,24.4,6497.9
ghsl_5929_cell_01134,76,39,35.867863596730736,139.98098182052897,9265.1,Residential,land_use,8.0,24.5,5733.1
ghsl_5929_cell_01135,77,39,35.86786359673073,139.9923499109842,3354.7,Residential,heuristic,34.4,2.0,4968.4
ghsl_5929_cell_01136,78,39,35.86786359673074,140.00371800143944,5022.3,Civic,land_use,7.1,18.2,4203.8
ghsl_5929_cell_01137,79,39,35.867863596730736,140.01508609189466,6961.5,Residential,land_use,4.8,19.5,3443.9
ghsl_5929_cell_01138,80,39,35.867863596730736,140.0264541823499,8011.2,Residential,land_use,1.9,19.8,2811.1
ghsl_5929_cell_01139,81,39,35.867863596730736,140.0378222728051,7177.0,Civic,land_use,5.2,20.0,2460.4
ghsl_5929_cell_01140,82,39,35.867863596730736,140.04919036326032,4356.5,Civic,land_use,2.5,29.7,1926.0
ghsl_5929_cell_01141,83,39,35.867863596730736,140.0605584537156,2490.5,Green,land_use,79.8,7.9,1476.2
ghsl_5929_cell_01142,84,39,35.867863596730736,140.07192654417082,6106.9,Residential,land_use,4.3,21.3,1066.7
ghsl_5929_cell_01143,85,39,35.867863596730736,140.08329463462607,4477.4,Residential,land_use,8.3,20.6,486.0
ghsl_5929_cell_01144,86,39,35.86786359673073,140.0946627250813,3576.4,Civic,land_use,26.6,19.7,486.2
ghsl_5929_cell_01145,87,39,35.867863596730736,140.10603081553654,2605.9,Residential,heuristic,29.5,21.3,486.2
ghsl_5929_cell_01146,88,39,35.867863596730736,140.1173989059918,1912.7,Green,land_use,48.3,3.8,381.9
ghsl_5929_cell_01147,18,40,35.85910413411012,139.3120264447876,3949.5,Residential,land_use,3.8,117.4,383.0
ghsl_5929_cell_01148,19,40,35.85910413411012,139.32339375142092,5988.3,Residential,land_use,2.3,112.7,492.4
ghsl_5929_cell_01149,20,40,35.85910413411012,139.33476105805426,4203.1,Civic,land_use,4.7,111.6,1148.9
ghsl_5929_cell_01150,21,40,35.85910413411012,139.34612836468762,2208.5,Residential,land_use,25.7,107.9,1914.7
ghsl_5929_cell_01151,22,40,35.859104134110126,139.35749567132092,2194.0,Utility,land_use,29.4,93.2,2680.4
ghsl_5929_cell_01152,23,40,35.85910413411012,139.36886297795425,764.8,Green,land_use,91.6,88.7,3446.0
ghsl_5929_cell_01153,24,40,35.859104134110126,139.3802302845876,3808.2,Industrial,land_use,3.0,76.7,4241.6
ghsl_5929_cell_01154,25,40,35.85910413411012,139.39159759122091,5405.5,Civic,land_use,0.8,53.8,5117.0
ghsl_5929_cell_01155,26,40,35.85910413411012,139.40296489785425,4556.9,Commercial,land_use,7.4,44.9,6040.2
ghsl_5929_cell_01156,27,40,35.85910413411012,139.41433220448758,6266.0,Civic,land_use,7.4,68.9,6992.3
ghsl_5929_cell_01157,28,40,35.859104134110126,139.4256995111209,4448.1,Commercial,land_use,18.4,63.2,7962.9
ghsl_5929_cell_01158,29,40,35.859104134110126,139.43706681775427,3724.5,Residential,land_use,20.3,59.9,8946.0
ghsl_5929_cell_01159,30,40,35.85910413411012,139.44843412438757,1154.9,Green,land_use,100.0,47.9,9251.9
ghsl_5929_cell_01160,31,40,35.85910413411012,139.4598014310209,1165.2,Residential,heuristic,27.7,43.4,9235.0
ghsl_5929_cell_01161,32,40,35.85910413411012,139.47116873765424,1587.1,Green,land_use,40.3,41.7,9235.0
ghsl_5929_cell_01162,33,40,35.859104134110126,139.48253604428757,1836.3,Green,land_use,43.8,34.1,9246.6
ghsl_5929_cell_01163,34,40,35.85910413411012,139.4939033509209,5549.1,Utility,land_use,26.9,35.6,9354.5
ghsl_5929_cell_01164,35,40,35.85910413411012,139.5052706575542,7649.5,Civic,land_use,9.9,27.4,9571.8
ghsl_5929_cell_01165,36,40,35.859104134110126,139.51663796418754,10986.1,Residential,land_use,8.1,22.3,9891.3
ghsl_5929_cell_01166,37,40,35.85910413411012,139.5280052708209,9896.7,Civic,land_use,6.9,15.8,10303.5
ghsl_5929_cell_01167,38,40,35.85910413411012,139.53937257745423,8791.9,Commercial,land_use,15.4,21.6,10797.9
ghsl_5929_cell_01168,39,40,35.85910413411012,139.55073988408756,3934.1,Commercial,land_use,27.5,6.8,11247.1
ghsl_5929_cell_01169,40,40,35.859104134110126,139.5621071907209,3082.3,Civic,land_use,33.9,8.1,11715.1
ghsl_5929_cell_01170,41,40,35.85910413411012,139.57347449735423,705.3,Green,land_use,58.6,4.8,12196.9
ghsl_5929_cell_01171,42,40,35.859104134110126,139.5848418039876,327.1,Green,land_use,46.2,5.8,12642.2
ghsl_5929_cell_01172,43,40,35.85910413411012,139.59620911062086,2396.2,Utility,land_use,6.5,10.2,13152.6
ghsl_5929_cell_01173,44,40,35.85910413411012,139.60757641725422,5095.4,Civic,land_use,24.8,7.1,13720.9
ghsl_5929_cell_01174,45,40,35.85910413411012,139.61894372388753,9913.7,Residential,land_use,1.0,8.4,14340.2
ghsl_5929_cell_01175,46,40,35.859104134110126,139.63031103052086,8169.9,Civic,land_use,1.0,11.4,15004.2
ghsl_5929_cell_01176,47,40,35.85910413411012,139.6416783371542,8592.0,Civic,land_use,10.9,12.0,15707.1
ghsl_5929_cell_01177,48,40,35.859104134110126,139.65304564378755,13143.5,Residential,heuristic,1.9,21.2,16444.1
ghsl_5929_cell_01178,49,40,35.859104134110126,139.66441295042088,9798.0,Civic,land_use,0.2,14.1,17205.6
ghsl_5929_cell_01179,50,40,35.85910413411012,139.67578025705419,7709.2,Civic,land_use,1.5,15.7,16999.3
ghsl_5929_cell_01180,51,40,35.859104134110126,139.68714756368752,7329.1,Civic,land_use,5.7,13.7,16549.6
ghsl_5929_cell_01181,52,40,35.85910413411012,139.69851487032088,7878.7,Civic,land_use,7.5,12.9,16152.5
ghsl_5929_cell_01182,53,40,35.85910413411012,139.70988217695418,6314.7,Civic,land_use,8.6,5.5,15812.2
ghsl_5929_cell_01183,54,40,35.85910413411012,139.7212494835875,6097.3,Civic,land_use,21.7,19.2,15532.3
ghsl_5929_cell_01184,55,40,35.859104134110126,139.73261679022085,6662.1,Residential,heuristic,11.3,15.4,15316.1
ghsl_5929_cell_01185,56,40,35.859104134110126,139.74398409685418,6991.5,Civic,land_use,9.1,18.7,15166.4
ghsl_5929_cell_01186,57,40,35.859104134110126,139.7553514034875,7336.4,Civic,land_use,8.5,6.2,15042.6
ghsl_5929_cell_01187,58,40,35.85910413411012,139.76671871012087,6184.4,Civic,land_use,5.5,7.0,14246.4
ghsl_5929_cell_01188,59,40,35.859104134110126,139.77808601675417,7664.6,Civic,land_use,2.2,4.2,13481.5
ghsl_5929_cell_01189,60,40,35.85910413411012,139.78945332338748,7542.5,Civic,land_use,1.6,4.8,12753.2
ghsl_5929_cell_01190,61,40,35.85910413411012,139.80082063002084,7326.6,Civic,land_use,1.4,6.0,12068.4
ghsl_5929_cell_01191,62,40,35.85910413411012,139.81218793665417,6050.0,Civic,land_use,7.9,4.1,11434.7
ghsl_5929_cell_01192,63,40,35.859104134110126,139.8235552432875,5311.7,Civic,land_use,30.4,4.5,10861.2
ghsl_5929_cell_01193,64,40,35.85910413411012,139.8349225499208,4230.0,Residential,land_use,6.2,3.2,10357.9
ghsl_5929_cell_01194,65,40,35.85910413411012,139.8462898565542,3142.3,Civic,land_use,9.3,1.4,9935.4
ghsl_5929_cell_01195,66,40,35.859104134110126,139.85765716318747,3237.7,Civic,land_use,12.3,4.9,9604.4
ghsl_5929_cell_01196,67,40,35.85910413411012,139.86902446982083,3184.4,Residential,land_use,11.8,5.0,9374.6
ghsl_5929_cell_01197,68,40,35.859104134110126,139.88039177645413,3222.9,Civic,land_use,12.7,6.0,9253.5
ghsl_5929_cell_01198,69,40,35.85910413411012,139.89175908308746,3449.7,Residential,land_use,31.6,4.5,9235.0
ghsl_5929_cell_01199,70,40,35.85910413411012,139.90312638972082,6030.2,Civic,land_use,5.3,12.8,9235.1
ghsl_5929_cell_01200,71,40,35.859104134110126,139.91449369635413,4909.4,Residential,land_use,6.7,14.1,9235.0
ghsl_5929_cell_01201,72,40,35.859104134110126,139.9258610029875,2075.4,Residential,land_use,21.7,15.3,9245.3
ghsl_5929_cell_01202,73,40,35.859104134110126,139.93722830962085,4757.3,Residential,land_use,2.7,34.2,8447.3
ghsl_5929_cell_01203,74,40,35.859104134110126,139.94859561625418,5315.4,Residential,land_use,4.8,20.4,7518.6
ghsl_5929_cell_01204,75,40,35.859104134110126,139.95996292288746,8057.3,Residential,land_use,5.2,23.8,6619.1
ghsl_5929_cell_01205,76,40,35.85910413411012,139.97133022952082,10444.8,Residential,land_use,1.0,23.5,5762.4
ghsl_5929_cell_01206,77,40,35.85910413411012,139.98269753615415,8683.7,Civic,land_use,0.3,22.5,4969.2
ghsl_5929_cell_01207,78,40,35.859104134110126,139.99406484278745,4885.8,Civic,land_use,17.9,21.4,4204.5
ghsl_5929_cell_01208,79,40,35.85910413411012,140.00543214942078,240.4,Residential,heuristic,22.7,2.4,3439.8
ghsl_5929_cell_01209,80,40,35.859104134110126,140.01679945605414,774.5,Civic,land_use,17.9,0.0,2675.2
ghsl_5929_cell_01210,81,40,35.859104134110126,140.02816676268748,2251.5,Commercial,land_use,20.0,0.0,1926.3
ghsl_5929_cell_01211,82,40,35.859104134110126,140.0395340693208,673.8,Residential,heuristic,32.4,0.0,1476.2
ghsl_5929_cell_01212,83,40,35.859104134110126,140.0509013759541,280.2,Residential,heuristic,27.8,19.8,1146.3
ghsl_5929_cell_01213,84,40,35.85910413411012,140.06226868258742,1402.7,Green,land_use,54.8,2.2,492.1
ghsl_5929_cell_01214,85,40,35.85910413411012,140.07363598922078,3018.7,Green,land_use,54.6,6.8,485.7
ghsl_5929_cell_01215,86,40,35.859104134110126,140.0850032958541,709.7,Green,land_use,63.6,2.5,485.5
ghsl_5929_cell_01216,87,40,35.859104134110126,140.09637060248747,1774.6,Green,land_use,55.6,2.8,485.4
ghsl_5929_cell_01217,88,40,35.85910413411012,140.10773790912074,2883.2,Green,land_use,43.6,13.4,485.5
ghsl_5929_cell_01218,89,40,35.85910413411012,140.1191052157541,2466.5,Civic,land_use,24.8,14.4,485.6
ghsl_5929_cell_01219,90,40,35.859104134110126,140.13047252238746,2379.2,Civic,land_use,14.5,8.7,485.9
ghsl_5929_cell_01220,91,40,35.85910413411012,140.14183982902077,3113.9,Residential,land_use,12.9,9.2,486.2
ghsl_5929_cell_01221,92,40,35.85910413411012,140.15320713565407,2596.4,Residential,land_use,10.6,6.9,382.0
ghsl_5929_cell_01222,18,41,35.85034503552754,139.30242452410633,1743.2,Residential,land_use,3.6,200.8,383.1
ghsl_5929_cell_01223,19,41,35.85034503552754,139.3137910472612,5942.7,Residential,land_use,8.8,105.2,1064.4
ghsl_5929_cell_01224,20,41,35.85034503552754,139.325157570416,7524.7,Residential,land_use,1.0,106.8,1457.7
ghsl_5929_cell_01225,21,41,35.850345035527546,139.33652409357086,5601.6,Civic,land_use,0.8,101.7,1656.8
ghsl_5929_cell_01226,22,41,35.850345035527546,139.34789061672566,3216.9,Industrial,land_use,20.7,94.3,2327.4
ghsl_5929_cell_01227,23,41,35.85034503552754,139.35925713988053,2619.4,Residential,heuristic,13.0,90.2,3193.3
ghsl_5929_cell_01228,24,41,35.85034503552754,139.37062366303536,3413.6,Civic,land_use,23.8,69.7,4133.6
ghsl_5929_cell_01229,25,41,35.85034503552754,139.3819901861902,3260.9,Civic,land_use,18.8,57.1,4977.7
ghsl_5929_cell_01230,26,41,35.85034503552754,139.39335670934503,5477.4,Civic,land_use,3.7,62.6,5771.5
ghsl_5929_cell_01231,27,41,35.850345035527546,139.40472323249986,3173.1,Industrial,land_use,35.3,80.6,6628.5
ghsl_5929_cell_01232,28,41,35.85034503552754,139.4160897556547,4606.5,Residential,land_use,22.7,78.6,7528.0
ghsl_5929_cell_01233,29,41,35.85034503552754,139.42745627880953,4787.0,Residential,land_use,3.8,75.2,8456.5
ghsl_5929_cell_01234,30,41,35.85034503552754,139.43882280196436,2603.1,Commercial,land_use,16.4,60.2,9405.5
ghsl_5929_cell_01235,31,41,35.85034503552754,139.45018932511923,911.8,Industrial,land_use,8.0,60.3,10214.7
ghsl_5929_cell_01236,32,41,35.85034503552754,139.46155584827406,628.8,Industrial,land_use,12.4,54.5,10206.9
ghsl_5929_cell_01237,33,41,35.85034503552754,139.4729223714289,3523.8,Industrial,land_use,17.7,52.3,10206.8
ghsl_5929_cell_01238,34,41,35.85034503552754,139.48428889458373,3592.7,Industrial,land_use,26.1,42.4,10225.8
ghsl_5929_cell_01239,35,41,35.850345035527546,139.4956554177386,4636.9,Industrial,land_use,27.6,36.2,10339.1
ghsl_5929_cell_01240,36,41,35.85034503552753,139.50702194089342,4663.9,Civic,land_use,19.5,30.6,10551.6
ghsl_5929_cell_01241,37,41,35.85034503552754,139.51838846404823,5980.6,Civic,land_use,25.5,24.2,10857.2
ghsl_5929_cell_01242,38,41,35.85034503552754,139.5297549872031,7171.1,Civic,land_use,17.5,25.7,11248.5
ghsl_5929_cell_01243,39,41,35.85034503552754,139.54112151035793,9861.2,Civic,land_use,9.6,24.1,11716.8
ghsl_5929_cell_01244,40,41,35.85034503552754,139.55248803351273,5779.2,Civic,land_use,37.0,7.6,12198.4
ghsl_5929_cell_01245,41,41,35.85034503552754,139.56385455666756,4395.7,Civic,land_use,34.3,9.6,12644.0
ghsl_5929_cell_01246,42,41,35.85034503552754,139.57522107982243,1947.4,Green,land_use,41.4,4.9,13153.1
ghsl_5929_cell_01247,43,41,35.850345035527546,139.5865876029773,5353.9,Civic,land_use,6.5,9.9,13579.0
ghsl_5929_cell_01248,44,41,35.85034503552753,139.5979541261321,251.7,Residential,heuristic,9.7,4.0,14067.0
ghsl_5929_cell_01249,45,41,35.85034503552754,139.60932064928693,784.6,Green,land_use,100.0,7.8,14610.8
ghsl_5929_cell_01250,46,41,35.85034503552754,139.62068717244176,6024.2,Civic,land_use,7.8,7.8,15204.5
ghsl_5929_cell_01251,47,41,35.85034503552754,139.6320536955966,7866.7,Civic,land_use,2.9,7.6,15842.5
ghsl_5929_cell_01252,48,41,35.85034503552754,139.64342021875143,9276.8,Residential,land_use,1.4,13.2,16519.6
ghsl_5929_cell_01253,49,41,35.85034503552754,139.65478674190626,8579.6,Civic,land_use,2.0,15.4,17231.2
ghsl_5929_cell_01254,50,41,35.850345035527546,139.66615326506113,9874.8,Civic,land_use,1.4,8.1,17973.3
ghsl_5929_cell_01255,51,41,35.85034503552754,139.67751978821596,7877.1,Civic,land_use,3.7,5.4,17798.1
ghsl_5929_cell_01256,52,41,35.850345035527546,139.68888631137077,7301.7,Residential,heuristic,13.7,17.1,17378.3
ghsl_5929_cell_01257,53,41,35.85034503552754,139.70025283452563,8321.9,Industrial,land_use,3.0,7.9,17010.1
ghsl_5929_cell_01258,54,41,35.85034503552754,139.7116193576805,6654.2,Civic,land_use,6.3,6.7,16696.9
ghsl_5929_cell_01259,55,41,35.850345035527546,139.72298588083532,6485.2,Civic,land_use,12.1,13.3,16441.8
ghsl_5929_cell_01260,56,41,35.85034503552754,139.73435240399013,5032.4,Civic,land_use,23.6,25.7,16247.7
ghsl_5929_cell_01261,57,41,35.85034503552754,139.745718927145,3755.4,Residential,heuristic,32.9,16.1,16116.5
ghsl_5929_cell_01262,58,41,35.85034503552754,139.7570854502998,5646.6,Civic,land_use,17.6,7.6,15540.1
ghsl_5929_cell_01263,59,41,35.85034503552753,139.7684519734547,8218.6,Civic,land_use,6.4,7.5,14781.7
ghsl_5929_cell_01264,60,41,35.85034503552754,139.77981849660947,7912.4,Civic,land_use,4.4,4.9,14057.3
ghsl_5929_cell_01265,61,41,35.85034503552754,139.79118501976436,7845.0,Civic,land_use,0.4,5.8,13372.4
ghsl_5929_cell_01266,62,41,35.85034503552754,139.8025515429192,8497.2,Industrial,land_use,0.4,3.3,12733.6
ghsl_5929_cell_01267,63,41,35.85034503552753,139.81391806607402,7463.6,Civic,land_use,1.8,5.4,12147.9
ghsl_5929_cell_01268,64,41,35.85034503552754,139.82528458922883,5962.2,Civic,land_use,2.4,3.5,11623.4
ghsl_5929_cell_01269,65,41,35.85034503552754,139.8366511123837,3169.7,Civic,land_use,7.1,2.2,11168.9
ghsl_5929_cell_01270,66,41,35.85034503552754,139.84801763553855,4827.0,Utility,land_use,8.1,4.2,10793.0
ghsl_5929_cell_01271,67,41,35.85034503552754,139.85938415869333,5049.6,Civic,land_use,8.4,2.8,10504.4
ghsl_5929_cell_01272,68,41,35.850345035527546,139.8707506818482,4971.5,Civic,land_use,6.1,1.9,10310.2
ghsl_5929_cell_01273,69,41,35.850345035527546,139.88211720500303,5904.5,Residential,land_use,11.2,4.2,10215.9
ghsl_5929_cell_01274,70,41,35.85034503552754,139.89348372815783,3304.7,Residential,land_use,18.2,0.5,10206.9
ghsl_5929_cell_01275,71,41,35.85034503552754,139.9048502513127,6785.4,Residential,land_use,3.2,6.5,10206.9
ghsl_5929_cell_01276,72,41,35.85034503552754,139.91621677446753,3131.5,Residential,land_use,1.8,7.9,9932.6
ghsl_5929_cell_01277,73,41,35.85034503552754,139.92758329762236,3231.4,Civic,land_use,14.1,5.5,8940.4
ghsl_5929_cell_01278,74,41,35.850345035527546,139.93894982077722,4391.3,Civic,land_use,8.2,18.8,7957.0
ghsl_5929_cell_01279,75,41,35.85034503552754,139.950316343932,6384.7,Residential,land_use,10.8,19.4,6986.2
ghsl_5929_cell_01280,76,41,35.850345035527546,139.9616828670869,7864.6,Commercial,land_use,1.1,22.3,6033.9
ghsl_5929_cell_01281,77,41,35.85034503552754,139.9730493902417,6571.5,Civic,land_use,23.9,34.5,5110.7
ghsl_5929_cell_01282,78,41,35.85034503552754,139.98441591339656,6430.7,Civic,land_use,1.2,24.9,4235.5
ghsl_5929_cell_01283,79,41,35.85034503552754,139.99578243655137,1604.9,Residential,land_use,36.8,2.8,3440.4
ghsl_5929_cell_01284,80,41,35.85034503552754,140.00714895970623,3075.6,Civic,land_use,2.3,27.2,2675.7
ghsl_5929_cell_01285,81,41,35.85034503552754,140.01851548286106,2028.9,Residential,heuristic,9.0,13.5,1911.1
ghsl_5929_cell_01286,82,41,35.85034503552754,140.0298820060159,3007.8,Residential,land_use,18.0,17.2,1146.6
ghsl_5929_cell_01287,83,41,35.85034503552754,140.04124852917076,1132.7,Residential,heuristic,9.5,20.0,492.1
ghsl_5929_cell_01288,84,41,35.850345035527546,140.05261505232556,192.8,Residential,heuristic,30.1,0.0,382.1
ghsl_5929_cell_01289,91,41,35.85034503552754,140.13218071440943,4037.3,Commercial,land_use,22.9,6.5,382.1
ghsl_5929_cell_01290,92,41,35.85034503552754,140.1435472375643,3015.3,Residential,heuristic,0.4,0.0,382.0
ghsl_5929_cell_01291,19,42,35.84158630083896,139.30419255003838,2189.2,Residential,land_use,1.8,134.6,383.1
ghsl_5929_cell_01292,20,42,35.84158630083896,139.31555829005794,4604.6,Residential,land_use,0.5,147.8,485.8
ghsl_5929_cell_01293,21,42,35.84158630083896,139.32692403007752,5115.4,Residential,land_use,0.6,97.9,485.9
ghsl_5929_cell_01294,22,42,35.84158630083896,139.3382897700971,4520.5,Residential,heuristic,0.3,90.4,1064.4
ghsl_5929_cell_01295,23,42,35.84158630083896,139.34965551011672,5640.9,Civic,land_use,1.3,77.1,2032.8
ghsl_5929_cell_01296,24,42,35.84158630083897,139.3610212501363,3902.7,Civic,land_use,1.3,76.8,3039.8
ghsl_5929_cell_01297,25,42,35.84158630083896,139.37238699015592,3108.9,Civic,land_use,3.9,61.6,4056.8
ghsl_5929_cell_01298,26,42,35.84158630083896,139.38375273017547,6488.0,Commercial,land_use,5.0,94.5,5077.7
ghsl_5929_cell_01299,27,42,35.84158630083896,139.39511847019503,5869.1,Civic,land_use,0.9,97.5,6098.4
ghsl_5929_cell_01300,28,42,35.84158630083896,139.40648421021461,1008.3,Utility,land_use,40.3,88.0,7099.8
ghsl_5929_cell_01301,29,42,35.84158630083896,139.41784995023423,1973.3,Industrial,land_use,30.5,84.8,8107.6
ghsl_5929_cell_01302,30,42,35.84158630083896,139.4292156902538,5672.1,Commercial,land_use,10.6,68.0,9031.2
ghsl_5929_cell_01303,31,42,35.84158630083896,139.4405814302734,2835.8,Civic,land_use,24.0,62.9,9941.7
ghsl_5929_cell_01304,32,42,35.84158630083896,139.45194717029298,665.9,Industrial,land_use,2.4,71.2,10873.0
ghsl_5929_cell_01305,33,42,35.84158630083896,139.46331291031257,1931.2,Civic,land_use,2.4,68.1,11178.7
ghsl_5929_cell_01306,34,42,35.84158630083896,139.47467865033215,1703.4,Industrial,land_use,12.5,54.4,11178.7
ghsl_5929_cell_01307,35,42,35.84158630083896,139.48604439035176,1454.7,Industrial,land_use,34.2,62.7,11205.9
ghsl_5929_cell_01308,36,42,35.84158630083896,139.4974101303713,2284.5,Green,land_use,42.9,38.4,11323.8
ghsl_5929_cell_01309,37,42,35.84158630083896,139.50877587039088,2194.2,Industrial,land_use,19.4,36.1,11532.2
ghsl_5929_cell_01310,38,42,35.84158630083897,139.5201416104105,3571.7,Commercial,land_use,15.8,34.4,11826.3
ghsl_5929_cell_01311,39,42,35.84158630083896,139.53150735043008,7438.3,Commercial,land_use,6.4,28.0,12199.8
ghsl_5929_cell_01312,40,42,35.84158630083896,139.54287309044966,9058.4,Residential,land_use,8.1,21.6,12645.8
ghsl_5929_cell_01313,41,42,35.84158630083896,139.55423883046925,9463.5,Civic,land_use,15.1,22.5,13154.6
ghsl_5929_cell_01314,42,42,35.84158630083896,139.56560457048883,5214.7,Civic,land_use,25.1,19.6,13580.8
ghsl_5929_cell_01315,43,42,35.84158630083896,139.57697031050841,5732.5,Civic,land_use,8.6,8.5,14069.1
ghsl_5929_cell_01316,44,42,35.84158630083896,139.58833605052797,7061.1,Green,land_use,71.6,6.5,14522.2
ghsl_5929_cell_01317,45,42,35.84158630083896,139.59970179054758,1400.1,Commercial,land_use,14.4,5.2,14990.3
ghsl_5929_cell_01318,46,42,35.84158630083896,139.61106753056714,530.3,Green,land_use,55.5,9.1,15512.2
ghsl_5929_cell_01319,47,42,35.841586300838955,139.62243327058673,5678.3,Civic,land_use,25.6,6.8,16082.8
ghsl_5929_cell_01320,48,42,35.84158630083896,139.63379901060634,10120.6,Residential,land_use,1.5,6.1,16696.9
ghsl_5929_cell_01321,49,42,35.84158630083896,139.64516475062592,9562.1,Industrial,land_use,0.5,8.7,17350.0
ghsl_5929_cell_01322,50,42,35.84158630083896,139.6565304906455,11554.3,Civic,land_use,3.2,6.4,18037.9
ghsl_5929_cell_01323,51,42,35.84158630083896,139.66789623066506,11334.2,Civic,land_use,2.5,7.3,18756.7
ghsl_5929_cell_01324,52,42,35.84158630083896,139.67926197068468,7505.4,Civic,land_use,3.9,5.9,18614.6
ghsl_5929_cell_01325,53,42,35.84158630083897,139.69062771070426,9050.7,Civic,land_use,6.0,15.2,18222.5
ghsl_5929_cell_01326,54,42,35.84158630083896,139.70199345072382,9374.3,Civic,land_use,2.4,5.8,17880.7
ghsl_5929_cell_01327,55,42,35.84158630083896,139.71335919074343,8581.3,Civic,land_use,2.4,7.2,17592.1
ghsl_5929_cell_01328,56,42,35.84158630083896,139.72472493076302,6571.9,Commercial,land_use,17.0,5.5,17359.5
ghsl_5929_cell_01329,57,42,35.84158630083896,139.73609067078257,8879.2,Civic,land_use,12.0,22.0,17185.0
ghsl_5929_cell_01330,58,42,35.84158630083896,139.74745641080216,8463.6,Civic,land_use,6.2,13.2,16835.2
ghsl_5929_cell_01331,59,42,35.84158630083896,139.75882215082174,6299.6,Civic,land_use,16.5,15.6,16082.4
ghsl_5929_cell_01332,60,42,35.84158630083896,139.77018789084136,8815.2,Civic,land_use,10.5,5.9,15361.2
ghsl_5929_cell_01333,61,42,35.84158630083896,139.78155363086094,10740.8,Civic,land_use,2.5,5.9,14676.4
ghsl_5929_cell_01334,62,42,35.84158630083896,139.79291937088053,9254.9,Civic,land_use,11.4,4.6,14033.3
ghsl_5929_cell_01335,63,42,35.84158630083896,139.8042851109001,9310.6,Residential,land_use,9.3,4.4,13437.8
ghsl_5929_cell_01336,64,42,35.84158630083896,139.81565085091967,7002.0,Industrial,land_use,0.0,4.9,12896.6
ghsl_5929_cell_01337,65,42,35.84158630083897,139.82701659093928,7091.2,Industrial,land_use,8.1,6.2,12416.8
ghsl_5929_cell_01338,66,42,35.84158630083896,139.83838233095884,3681.5,Civic,land_use,6.3,1.5,12005.7
ghsl_5929_cell_01339,67,42,35.84158630083896,139.84974807097845,4060.6,Commercial,land_use,5.3,3.1,11670.6
ghsl_5929_cell_01340,68,42,35.84158630083896,139.861113810998,3677.8,Residential,land_use,8.3,3.7,11418.2
ghsl_5929_cell_01341,69,42,35.84158630083897,139.87247955101762,3052.4,Civic,land_use,23.5,0.9,11254.0
ghsl_5929_cell_01342,70,42,35.84158630083897,139.88384529103718,4380.5,Residential,land_use,10.1,5.6,11182.0
ghsl_5929_cell_01343,71,42,35.84158630083896,139.8952110310568,4478.8,Residential,heuristic,12.0,5.6,11178.7
ghsl_5929_cell_01344,72,42,35.84158630083896,139.90657677107637,7365.7,Residential,land_use,4.0,8.9,10603.1
ghsl_5929_cell_01345,73,42,35.84158630083897,139.91794251109596,7254.7,Residential,land_use,7.3,0.0,9587.0
ghsl_5929_cell_01346,74,42,35.84158630083896,139.92930825111551,6374.5,Civic,land_use,14.8,9.7,8573.4
ghsl_5929_cell_01347,75,42,35.84158630083896,139.9406739911351,4717.1,Civic,land_use,12.5,26.3,7563.5
ghsl_5929_cell_01348,76,42,35.84158630083896,139.95203973115468,8956.3,Utility,land_use,2.8,23.6,6558.8
ghsl_5929_cell_01349,77,42,35.84158630083896,139.9634054711743,6679.3,Civic,land_use,1.9,24.6,5562.3
ghsl_5929_cell_01350,78,42,35.84158630083896,139.97477121119385,5763.3,Residential,land_use,2.3,28.3,4579.2
ghsl_5929_cell_01351,79,42,35.84158630083896,139.98613695121344,1912.5,Civic,land_use,33.4,9.3,3620.5
ghsl_5929_cell_01352,80,42,35.84158630083896,139.99750269123305,5007.3,Civic,land_use,19.3,20.5,2712.2
ghsl_5929_cell_01353,81,42,35.84158630083896,140.0088684312526,4942.4,Residential,land_use,0.2,24.9,1911.4
ghsl_5929_cell_01354,82,42,35.84158630083897,140.02023417127222,1611.0,Residential,heuristic,18.3,14.6,1146.8
ghsl_5929_cell_01355,83,42,35.84158630083896,140.0315999112918,613.7,Civic,land_use,27.2,24.2,382.2
ghsl_5929_cell_01356,22,43,35.83282792990046,139.32869312937348,1568.1,Residential,land_use,5.6,129.0,383.2
ghsl_5929_cell_01357,23,43,35.83282792990046,139.3400580866009,1623.7,Civic,land_use,24.9,78.7,1064.3
ghsl_5929_cell_01358,24,43,35.83282792990046,139.3514230438283,1096.8,Residential,land_use,3.3,126.6,2032.8
ghsl_5929_cell_01359,25,43,35.83282792990046,139.36278800105572,1622.3,Civic,land_use,1.4,146.6,3039.8
ghsl_5929_cell_01360,26,43,35.83282792990046,139.37415295828308,2364.1,Civic,land_use,25.3,118.2,4056.8
ghsl_5929_cell_01361,27,43,35.83282792990046,139.3855179155105,8132.0,Residential,land_use,8.0,102.2,5077.8
ghsl_5929_cell_01362,28,43,35.83282792990046,139.3968828727379,5068.4,Civic,land_use,11.4,105.3,6100.8
ghsl_5929_cell_01363,29,43,35.83282792990046,139.4082478299653,3329.1,Residential,heuristic,26.1,98.0,7124.9
ghsl_5929_cell_01364,30,43,35.83282792990046,139.4196127871927,4288.8,Industrial,land_use,14.3,78.6,8149.7
ghsl_5929_cell_01365,31,43,35.83282792990046,139.43097774442012,3720.0,Residential,heuristic,29.8,73.3,9175.0
ghsl_5929_cell_01366,32,43,35.83282792990046,139.4423427016475,2512.6,Industrial,land_use,9.0,77.4,10200.6
ghsl_5929_cell_01367,33,43,35.83282792990046,139.45370765887492,4421.2,Industrial,land_use,9.8,65.9,11226.4
ghsl_5929_cell_01368,34,43,35.83282792990046,139.46507261610233,2611.0,Utility,land_use,11.3,60.7,12150.5
ghsl_5929_cell_01369,35,43,35.83282792990046,139.47643757332975,1252.9,Civic,land_use,13.7,53.0,12150.4
ghsl_5929_cell_01370,36,43,35.83282792990046,139.48780253055713,1623.3,Green,land_use,60.7,60.5,12186.7
ghsl_5929_cell_01371,37,43,35.83282792990046,139.49916748778455,951.3,Green,land_use,87.8,44.2,12308.5
ghsl_5929_cell_01372,38,43,35.83282792990046,139.51053244501196,959.4,Green,land_use,45.7,41.4,12513.5
ghsl_5929_cell_01373,39,43,35.83282792990046,139.52189740223935,3209.0,Civic,land_use,35.5,39.2,12797.7
ghsl_5929_cell_01374,40,43,35.83282792990046,139.53326235946676,2155.2,Green,land_use,47.4,29.6,13156.1
ghsl_5929_cell_01375,41,43,35.83282792990046,139.54462731669418,5971.5,Civic,land_use,24.4,25.1,13582.7
ghsl_5929_cell_01376,42,43,35.83282792990046,139.5559922739216,6494.8,Civic,land_use,16.4,16.6,14071.3
ghsl_5929_cell_01377,43,43,35.83282792990046,139.56735723114897,6756.4,Civic,land_use,39.1,9.1,14524.1
ghsl_5929_cell_01378,44,43,35.83282792990046,139.57872218837636,9946.6,Civic,land_use,3.9,15.9,14992.5
ghsl_5929_cell_01379,45,43,35.83282792990046,139.59008714560377,6861.0,Civic,land_use,8.0,6.3,15470.6
ghsl_5929_cell_01380,46,43,35.83282792990046,139.6014521028312,3481.7,Civic,land_use,11.6,5.5,15921.1
ghsl_5929_cell_01381,47,43,35.83282792990046,139.61281706005863,1022.3,Industrial,land_use,3.8,4.0,16423.3
ghsl_5929_cell_01382,48,43,35.83282792990046,139.62418201728602,3200.8,Residential,heuristic,25.0,2.5,16972.8
ghsl_5929_cell_01383,49,43,35.83282792990046,139.63554697451343,8587.6,Residential,heuristic,1.9,6.1,17565.1
ghsl_5929_cell_01384,50,43,35.83282792990046,139.6469119317408,9658.0,Civic,land_use,1.0,6.3,18196.0
ghsl_5929_cell_01385,51,43,35.83282792990046,139.65827688896823,8023.1,Civic,land_use,0.5,7.9,18861.6
ghsl_5929_cell_01386,52,43,35.83282792990045,139.66964184619562,10329.8,Civic,land_use,2.3,17.1,19558.5
ghsl_5929_cell_01387,53,43,35.83282792990046,139.68100680342303,14796.9,Civic,land_use,1.4,6.1,19446.5
ghsl_5929_cell_01388,54,43,35.83282792990046,139.69237176065045,11754.9,Civic,land_use,1.9,6.1,19079.9
ghsl_5929_cell_01389,55,43,35.83282792990046,139.70373671787786,9170.9,Commercial,land_use,1.8,5.0,18762.3
ghsl_5929_cell_01390,56,43,35.83282792990046,139.71510167510525,10979.2,Civic,land_use,4.0,6.2,18496.3
ghsl_5929_cell_01391,57,43,35.83282792990046,139.72646663233263,6811.7,Civic,land_use,5.7,0.0,18284.0
ghsl_5929_cell_01392,58,43,35.83282792990046,139.73783158956005,9412.4,Civic,land_use,1.6,15.0,18127.3
ghsl_5929_cell_01393,59,43,35.83282792990046,139.74919654678746,8627.5,Civic,land_use,7.9,17.1,17383.4
ghsl_5929_cell_01394,60,43,35.83282792990046,139.76056150401487,7613.3,Residential,heuristic,10.3,19.8,16665.0
ghsl_5929_cell_01395,61,43,35.83282792990046,139.7719264612423,7204.6,Commercial,land_use,7.5,16.0,15980.2
ghsl_5929_cell_01396,62,43,35.83282792990046,139.78329141846967,7373.6,Civic,land_use,11.4,5.3,15333.5
ghsl_5929_cell_01397,63,43,35.83282792990046,139.7946563756971,11445.9,Civic,land_use,1.1,6.2,14730.1
ghsl_5929_cell_01398,64,43,35.83282792990046,139.80602133292447,12219.9,Civic,land_use,0.8,5.3,14175.2
ghsl_5929_cell_01399,65,43,35.83282792990046,139.8173862901519,9438.3,Residential,heuristic,1.3,5.1,13675.0
ghsl_5929_cell_01400,66,43,35.83282792990045,139.8287512473793,7184.6,Industrial,land_use,1.4,5.0,13235.6
ghsl_5929_cell_01401,67,43,35.83282792990046,139.84011620460672,3165.6,Civic,land_use,10.5,3.1,12863.2
ghsl_5929_cell_01402,68,43,35.83282792990046,139.8514811618341,4029.0,Civic,land_use,18.0,2.3,12563.8
ghsl_5929_cell_01403,69,43,35.83282792990045,139.8628461190615,4089.1,Commercial,land_use,6.9,5.8,12342.7
ghsl_5929_cell_01404,70,43,35.83282792990046,139.87421107628893,4421.3,Civic,land_use,6.2,2.0,12204.2
ghsl_5929_cell_01405,71,43,35.83282792990046,139.88557603351632,2836.4,Civic,land_use,14.1,6.3,12151.0
ghsl_5929_cell_01406,72,43,35.83282792990046,139.89694099074376,5556.0,Civic,land_use,3.5,4.4,11384.0
ghsl_5929_cell_01407,73,43,35.83282792990046,139.90830594797114,7612.5,Residential,land_use,13.6,6.5,10358.1
ghsl_5929_cell_01408,74,43,35.83282792990046,139.91967090519856,10600.9,Residential,land_use,5.3,9.4,9332.5
ghsl_5929_cell_01409,75,43,35.83282792990046,139.93103586242592,9182.3,Civic,land_use,7.0,32.4,8307.2
ghsl_5929_cell_01410,76,43,35.83282792990046,139.94240081965336,8438.2,Residential,land_use,6.2,16.1,7282.3
ghsl_5929_cell_01411,77,43,35.83282792990046,139.95376577688074,4917.1,Civic,land_use,10.0,34.0,6258.1
ghsl_5929_cell_01412,78,43,35.83282792990046,139.96513073410816,6871.3,Civic,land_use,4.0,22.5,5234.9
ghsl_5929_cell_01413,79,43,35.83282792990046,139.97649569133557,6167.3,Civic,land_use,2.2,13.6,4213.5
ghsl_5929_cell_01414,80,43,35.83282792990046,139.98786064856296,3848.9,Residential,land_use,15.1,32.5,3195.6
ghsl_5929_cell_01415,81,43,35.83282792990046,139.99922560579037,5108.7,Residential,land_use,9.3,27.1,2186.3
ghsl_5929_cell_01416,82,43,35.83282792990046,140.01059056301781,3157.5,Commercial,land_use,0.5,29.7,1206.8
ghsl_5929_cell_01417,83,43,35.83282792990046,140.0219555202452,3756.7,Residential,heuristic,0.0,22.4,382.3
ghsl_5929_cell_01418,23,44,35.82406992256815,139.33046486727264,119.7,Residential,heuristic,5.8,154.8,383.2
ghsl_5929_cell_01419,24,44,35.82406992256814,139.34182904205073,4.8,Residential,heuristic,0.7,173.3,1208.9
ghsl_5929_cell_01420,25,44,35.82406992256815,139.35319321682888,2781.2,Residential,heuristic,2.0,166.5,2188.5
ghsl_5929_cell_01421,26,44,35.82406992256815,139.364557391607,4802.4,Civic,land_use,6.9,119.1,3197.9
ghsl_5929_cell_01422,27,44,35.82406992256815,139.37592156638516,5522.5,Civic,land_use,15.4,108.0,4215.7
ghsl_5929_cell_01423,28,44,35.82406992256815,139.38728574116328,6001.6,Civic,land_use,5.1,116.3,5237.1
ghsl_5929_cell_01424,29,44,35.82406992256815,139.3986499159414,5307.7,Industrial,land_use,0.8,109.3,6260.3
ghsl_5929_cell_01425,30,44,35.82406992256814,139.41001409071953,6260.9,Civic,land_use,6.4,89.6,7284.5
ghsl_5929_cell_01426,31,44,35.82406992256815,139.42137826549768,3823.4,Civic,land_use,27.2,81.8,8309.4
ghsl_5929_cell_01427,32,44,35.82406992256815,139.43274244027583,2780.7,Industrial,land_use,4.0,88.6,9334.7
ghsl_5929_cell_01428,33,44,35.82406992256815,139.44410661505395,1774.0,Utility,land_use,19.2,73.6,10360.3
ghsl_5929_cell_01429,34,44,35.82406992256815,139.45547078983208,2794.9,Green,land_use,44.3,68.7,11386.2
ghsl_5929_cell_01430,35,44,35.82406992256814,139.4668349646102,2706.8,Green,land_use,41.8,61.8,12412.2
ghsl_5929_cell_01431,36,44,35.82406992256815,139.47819913938835,3189.6,Industrial,land_use,12.2,58.3,13122.4
ghsl_5929_cell_01432,37,44,35.82406992256816,139.48956331416647,540.0,Green,land_use,100.0,54.6,13168.1
ghsl_5929_cell_01433,38,44,35.82406992256815,139.50092748894457,1968.8,Residential,heuristic,23.4,48.6,13293.2
ghsl_5929_cell_01434,39,44,35.82406992256815,139.51229166372272,1866.0,Green,land_use,42.9,43.3,13495.3
ghsl_5929_cell_01435,40,44,35.82406992256815,139.52365583850084,2949.4,Industrial,land_use,31.3,38.6,13771.1
ghsl_5929_cell_01436,41,44,35.82406992256816,139.535020013279,3997.2,Industrial,land_use,26.3,34.4,14116.3
ghsl_5929_cell_01437,42,44,35.82406992256815,139.54638418805712,3505.6,Commercial,land_use,34.1,29.6,14525.9
ghsl_5929_cell_01438,43,44,35.82406992256814,139.55774836283524,8790.0,Civic,land_use,6.8,9.3,14994.7
ghsl_5929_cell_01439,44,44,35.82406992256815,139.5691125376134,13828.6,Commercial,land_use,5.2,17.2,15472.5
ghsl_5929_cell_01440,45,44,35.82406992256815,139.58047671239152,11730.8,Civic,land_use,5.4,15.8,15923.3
ghsl_5929_cell_01441,46,44,35.82406992256815,139.5918408871696,6974.9,Civic,land_use,4.4,19.7,16423.4
ghsl_5929_cell_01442,47,44,35.82406992256815,139.60320506194776,4626.7,Industrial,land_use,20.7,8.3,16858.0
ghsl_5929_cell_01443,48,44,35.82406992256815,139.6145692367259,3540.2,Industrial,land_use,9.3,5.2,17342.5
ghsl_5929_cell_01444,49,44,35.82406992256815,139.625933411504,623.0,Green,land_use,100.0,0.0,17872.9
ghsl_5929_cell_01445,50,44,35.82406992256815,139.63729758628213,5425.2,Civic,land_use,16.6,5.8,18445.1
ghsl_5929_cell_01446,51,44,35.82406992256815,139.64866176106028,7487.3,Civic,land_use,1.3,6.9,19055.4
ghsl_5929_cell_01447,52,44,35.82406992256815,139.6600259358384,9833.5,Civic,land_use,5.6,5.5,19700.3
ghsl_5929_cell_01448,53,44,35.82406992256815,139.67139011061656,11634.0,Civic,land_use,2.8,5.9,20376.4
ghsl_5929_cell_01449,54,44,35.82406992256815,139.68275428539468,13783.9,Civic,land_use,1.1,6.0,20291.9
ghsl_5929_cell_01450,55,44,35.82406992256815,139.69411846017286,11873.6,Civic,land_use,1.0,5.9,19949.0
ghsl_5929_cell_01451,56,44,35.82406992256816,139.70548263495098,11060.2,Civic,land_use,7.1,6.0,19653.7
ghsl_5929_cell_01452,57,44,35.82406992256815,139.71684680972905,9799.7,Civic,land_use,16.4,7.3,19408.2
ghsl_5929_cell_01453,58,44,35.82406992256815,139.7282109845072,8143.1,Residential,heuristic,0.4,4.7,19214.3
ghsl_5929_cell_01454,59,44,35.82406992256815,139.73957515928532,8964.9,Civic,land_use,4.5,5.8,18684.6
ghsl_5929_cell_01455,60,44,35.82406992256815,139.75093933406345,7754.7,Industrial,land_use,6.0,7.8,17968.6
ghsl_5929_cell_01456,61,44,35.82406992256815,139.76230350884163,8146.8,Civic,land_use,5.4,6.3,17283.8
ghsl_5929_cell_01457,62,44,35.82406992256814,139.77366768361972,7684.1,Civic,land_use,10.3,3.8,16634.2
ghsl_5929_cell_01458,63,44,35.82406992256815,139.78503185839787,8485.0,Industrial,land_use,4.8,6.1,16024.1
ghsl_5929_cell_01459,64,44,35.82406992256814,139.796396033176,11482.4,Civic,land_use,3.9,6.4,15458.0
ghsl_5929_cell_01460,65,44,35.82406992256815,139.80776020795412,11334.7,Civic,land_use,0.1,4.2,14941.0
ghsl_5929_cell_01461,66,44,35.82406992256815,139.81912438273224,8248.9,Residential,land_use,2.4,5.0,14478.4
ghsl_5929_cell_01462,67,44,35.82406992256815,139.8304885575104,5984.4,Civic,land_use,2.0,6.0,14075.6
ghsl_5929_cell_01463,68,44,35.82406992256816,139.84185273228852,4861.6,Residential,land_use,4.4,5.9,13737.7
ghsl_5929_cell_01464,69,44,35.82406992256815,139.85321690706664,3752.4,Industrial,land_use,5.7,0.0,13469.7
ghsl_5929_cell_01465,70,44,35.82406992256815,139.8645810818448,3712.2,Civic,land_use,11.1,4.9,13275.8
ghsl_5929_cell_01466,71,44,35.82406992256815,139.87594525662288,6392.9,Residential,land_use,6.9,4.2,13159.3
ghsl_5929_cell_01467,72,44,35.82406992256816,139.88730943140106,2359.1,Residential,land_use,13.5,2.0,12254.2
ghsl_5929_cell_01468,73,44,35.82406992256815,139.8986736061792,3189.7,Civic,land_use,35.3,5.1,11228.2
ghsl_5929_cell_01469,74,44,35.82406992256815,139.91003778095728,10423.1,Residential,land_use,13.2,4.3,10202.4
ghsl_5929_cell_01470,75,44,35.82406992256815,139.92140195573543,11484.4,Residential,land_use,6.8,8.2,9176.8
ghsl_5929_cell_01471,76,44,35.82406992256814,139.93276613051356,10584.0,Civic,land_use,2.0,29.4,8151.6
ghsl_5929_cell_01472,77,44,35.82406992256815,139.94413030529168,7484.1,Civic,land_use,3.9,17.5,7126.8
ghsl_5929_cell_01473,78,44,35.82406992256815,139.95549448006983,7093.8,Residential,heuristic,1.3,27.3,6102.7
ghsl_5929_cell_01474,79,44,35.82406992256815,139.96685865484795,6177.2,Civic,land_use,5.0,28.8,5079.7
ghsl_5929_cell_01475,80,44,35.82406992256815,139.97822282962608,7598.3,Civic,land_use,1.6,25.6,4058.7
ghsl_5929_cell_01476,81,44,35.82406992256815,139.98958700440417,5271.5,Residential,land_use,6.1,22.9,3041.7
ghsl_5929_cell_01477,82,44,35.82406992256814,140.00095117918232,2691.8,Residential,heuristic,24.9,8.9,2034.6
ghsl_5929_cell_01478,83,44,35.82406992256815,140.01231535396047,4136.7,Residential,heuristic,0.0,36.7,1066.1
ghsl_5929_cell_01479,84,44,35.82406992256815,140.0236795287386,2275.9,Utility,land_use,0.0,22.9,382.3
ghsl_5929_cell_01480,23,45,35.8153122786982,139.3208758500732,1963.7,Residential,heuristic,6.8,199.2,383.3
ghsl_5929_cell_01481,24,45,35.8153122786982,139.33223924274478,3754.9,Civic,land_use,0.6,143.4,1149.7
ghsl_5929_cell_01482,25,45,35.8153122786982,139.34360263541635,1706.8,Residential,heuristic,2.8,148.1,1916.0
ghsl_5929_cell_01483,26,45,35.8153122786982,139.35496602808794,240.8,Green,land_use,100.0,141.7,2718.1
ghsl_5929_cell_01484,27,45,35.8153122786982,139.36632942075957,2359.7,Civic,land_use,5.8,141.0,3626.8
ghsl_5929_cell_01485,28,45,35.815312278698194,139.37769281343114,2291.8,Green,land_use,75.7,128.0,4585.7
ghsl_5929_cell_01486,29,45,35.8153122786982,139.38905620610277,3492.7,Commercial,land_use,0.7,129.4,5568.9
ghsl_5929_cell_01487,30,45,35.8153122786982,139.40041959877433,5527.3,Civic,land_use,1.7,97.8,6565.5
ghsl_5929_cell_01488,31,45,35.8153122786982,139.41178299144593,6517.9,Civic,land_use,1.7,93.0,7570.2
ghsl_5929_cell_01489,32,45,35.8153122786982,139.42314638411753,5159.8,Civic,land_use,13.9,89.6,8580.1
ghsl_5929_cell_01490,33,45,35.8153122786982,139.43450977678913,1489.8,Commercial,land_use,6.8,93.8,9593.6
ghsl_5929_cell_01491,34,45,35.8153122786982,139.4458731694607,3292.3,Residential,heuristic,12.9,78.0,10609.7
ghsl_5929_cell_01492,35,45,35.8153122786982,139.45723656213232,5966.9,Residential,land_use,12.5,73.8,11627.7
ghsl_5929_cell_01493,36,45,35.8153122786982,139.46859995480392,4447.2,Civic,land_use,8.5,66.8,12647.1
ghsl_5929_cell_01494,37,45,35.8153122786982,139.47996334747546,5981.8,Residential,land_use,3.8,61.5,13667.7
ghsl_5929_cell_01495,38,45,35.8153122786982,139.4913267401471,2122.0,Green,land_use,50.7,54.9,14150.0
ghsl_5929_cell_01496,39,45,35.8153122786982,139.50269013281869,3306.1,Civic,land_use,17.8,53.9,14277.9
ghsl_5929_cell_01497,40,45,35.8153122786982,139.51405352549028,3893.6,Green,land_use,40.3,55.5,14477.5
ghsl_5929_cell_01498,41,45,35.8153122786982,139.52541691816188,4798.7,Industrial,land_use,37.6,45.0,14746.0
ghsl_5929_cell_01499,42,45,35.8153122786982,139.53678031083348,3837.9,Industrial,land_use,26.3,34.4,15079.8
ghsl_5929_cell_01500,43,45,35.815312278698194,139.54814370350508,5981.8,Civic,land_use,8.2,17.1,15474.4
ghsl_5929_cell_01501,44,45,35.8153122786982,139.55950709617667,8196.8,Residential,land_use,9.0,25.0,15925.6
ghsl_5929_cell_01502,45,45,35.8153122786982,139.57087048884824,9423.5,Civic,land_use,9.4,23.5,16425.3
ghsl_5929_cell_01503,46,45,35.8153122786982,139.58223388151984,12292.0,Civic,land_use,5.4,24.9,16860.3
ghsl_5929_cell_01504,47,45,35.8153122786982,139.59359727419144,6659.9,Civic,land_use,23.0,4.5,17345.2
ghsl_5929_cell_01505,48,45,35.8153122786982,139.604960666863,4286.9,Industrial,land_use,20.1,6.9,17800.2
ghsl_5929_cell_01506,49,45,35.81531227869821,139.61632405953463,998.2,Industrial,land_use,3.9,6.3,18268.7
ghsl_5929_cell_01507,50,45,35.8153122786982,139.62768745220623,46.2,Residential,heuristic,31.9,0.0,18781.5
ghsl_5929_cell_01508,51,45,35.8153122786982,139.63905084487783,3897.0,Green,land_use,75.0,12.3,19335.3
ghsl_5929_cell_01509,52,45,35.8153122786982,139.6504142375494,7818.4,Civic,land_use,5.2,6.0,19926.5
ghsl_5929_cell_01510,53,45,35.8153122786982,139.661777630221,9064.3,Civic,land_use,0.7,4.8,20552.0
ghsl_5929_cell_01511,54,45,35.81531227869821,139.67314102289262,8972.6,Residential,land_use,2.0,4.6,21208.6
ghsl_5929_cell_01512,55,45,35.8153122786982,139.68450441556422,11263.2,Civic,land_use,2.4,4.6,21149.2
ghsl_5929_cell_01513,56,45,35.8153122786982,139.69586780823576,11710.3,Civic,land_use,3.8,6.2,20828.2
ghsl_5929_cell_01514,57,45,35.8153122786982,139.70723120090733,12019.2,Civic,land_use,1.9,11.5,20553.4
ghsl_5929_cell_01515,58,45,35.815312278698194,139.71859459357896,11143.9,Civic,land_use,3.5,7.6,20326.7
ghsl_5929_cell_01516,59,45,35.8153122786982,139.72995798625053,11520.5,Civic,land_use,2.6,5.1,19986.0
ghsl_5929_cell_01517,60,45,35.8153122786982,139.74132137892215,10436.4,Civic,land_use,2.8,3.7,19272.0
ghsl_5929_cell_01518,61,45,35.8153122786982,139.75268477159372,9886.4,Industrial,land_use,5.5,10.8,18587.3
ghsl_5929_cell_01519,62,45,35.8153122786982,139.76404816426535,11846.2,Residential,land_use,9.1,7.1,17935.2
ghsl_5929_cell_01520,63,45,35.8153122786982,139.77541155693692,11029.6,Civic,land_use,2.0,6.8,17319.4
ghsl_5929_cell_01521,64,45,35.8153122786982,139.78677494960854,8374.0,Civic,land_use,7.5,4.8,16743.8
ghsl_5929_cell_01522,65,45,35.8153122786982,139.7981383422801,10386.9,Civic,land_use,8.9,4.9,16212.8
ghsl_5929_cell_01523,66,45,35.8153122786982,139.8095017349517,8921.5,Civic,land_use,1.8,3.2,15731.0
ghsl_5929_cell_01524,67,45,35.8153122786982,139.8208651276233,6924.1,Industrial,land_use,2.3,5.5,15302.8
ghsl_5929_cell_01525,68,45,35.8153122786982,139.8322285202949,6375.6,Residential,land_use,3.6,3.9,14933.0
ghsl_5929_cell_01526,69,45,35.8153122786982,139.84359191296647,5347.9,Residential,land_use,7.5,3.9,14626.0
ghsl_5929_cell_01527,70,45,35.8153122786982,139.85495530563804,4019.1,Civic,land_use,9.4,2.5,14385.7
ghsl_5929_cell_01528,71,45,35.8153122786982,139.86631869830967,3401.1,Residential,land_use,7.6,2.0,14215.7
ghsl_5929_cell_01529,72,45,35.8153122786982,139.8776820909813,5535.0,Civic,land_use,10.8,2.5,13196.0
ghsl_5929_cell_01530,73,45,35.8153122786982,139.88904548365286,2602.3,Industrial,land_use,8.9,3.7,12175.9
ghsl_5929_cell_01531,74,45,35.81531227869821,139.90040887632443,6042.3,Civic,land_use,12.4,3.0,11157.1
ghsl_5929_cell_01532,75,45,35.815312278698194,139.91177226899606,9821.4,Civic,land_use,4.0,5.2,10139.9
ghsl_5929_cell_01533,76,45,35.8153122786982,139.92313566166763,9779.3,Civic,land_use,3.4,16.4,9124.9
ghsl_5929_cell_01534,77,45,35.8153122786982,139.93449905433926,9677.5,Commercial,land_use,1.6,25.6,8112.9
ghsl_5929_cell_01535,78,45,35.8153122786982,139.94586244701085,6826.2,Residential,land_use,15.8,28.9,7105.2
ghsl_5929_cell_01536,79,45,35.8153122786982,139.95722583968245,6863.1,Civic,land_use,3.0,30.3,6102.8
ghsl_5929_cell_01537,80,45,35.8153122786982,139.96858923235405,7354.0,Commercial,land_use,11.7,30.6,5079.8
ghsl_5929_cell_01538,81,45,35.8153122786982,139.97995262502562,4681.1,Civic,land_use,3.6,21.1,4058.8
ghsl_5929_cell_01539,82,45,35.8153122786982,139.99131601769722,1773.6,Civic,land_use,0.0,35.3,3041.7
ghsl_5929_cell_01540,83,45,35.8153122786982,140.00267941036878,3060.3,Residential,heuristic,0.4,9.6,2034.6
ghsl_5929_cell_01541,84,45,35.8153122786982,140.0140428030404,2896.7,Civic,land_use,0.0,28.2,1066.0
ghsl_5929_cell_01542,85,45,35.8153122786982,140.025406195712,1142.3,Commercial,land_use,1.7,16.8,382.4
ghsl_5929_cell_01543,22,46,35.80655499814682,139.2999284220377,2964.0,Residential,land_use,32.3,161.3,383.4
ghsl_5929_cell_01544,23,46,35.80655499814683,139.31129103294532,5835.1,Residential,land_use,11.3,166.3,492.4
ghsl_5929_cell_01545,24,46,35.80655499814682,139.32265364385296,1096.6,Industrial,land_use,4.8,158.8,1149.9
ghsl_5929_cell_01546,25,46,35.80655499814684,139.33401625476063,451.1,Residential,heuristic,27.3,157.2,1916.3
ghsl_5929_cell_01547,26,46,35.80655499814683,139.3453788656682,488.3,Residential,heuristic,32.3,149.0,2682.7
ghsl_5929_cell_01548,27,46,35.80655499814682,139.35674147657588,1720.2,Industrial,land_use,91.8,146.2,3449.0
ghsl_5929_cell_01549,28,46,35.80655499814683,139.3681040874835,5299.2,Civic,land_use,1.3,139.1,4245.3
ghsl_5929_cell_01550,29,46,35.80655499814682,139.3794666983911,4031.9,Commercial,land_use,4.9,128.0,5121.3
ghsl_5929_cell_01551,30,46,35.80655499814684,139.39082930929874,3328.0,Civic,land_use,4.8,106.6,6044.9
ghsl_5929_cell_01552,31,46,35.80655499814682,139.40219192020635,5576.7,Civic,land_use,4.2,102.6,6997.4
ghsl_5929_cell_01553,32,46,35.80655499814684,139.413554531114,7356.2,Civic,land_use,0.9,100.7,7968.4
ghsl_5929_cell_01554,33,46,35.80655499814683,139.42491714202163,4692.9,Civic,land_use,14.1,93.0,8951.8
ghsl_5929_cell_01555,34,46,35.80655499814682,139.43627975292924,5748.9,Utility,land_use,5.3,86.6,9944.0
ghsl_5929_cell_01556,35,46,35.80655499814684,139.44764236383685,9310.7,Commercial,land_use,2.1,83.8,10942.6
ghsl_5929_cell_01557,36,46,35.80655499814682,139.45900497474446,8840.7,Civic,land_use,2.5,75.7,11946.0
ghsl_5929_cell_01558,37,46,35.80655499814684,139.47036758565213,4359.6,Residential,heuristic,0.0,67.4,12953.1
ghsl_5929_cell_01559,38,46,35.80655499814682,139.4817301965597,2801.7,Utility,land_use,1.5,69.2,13963.1
ghsl_5929_cell_01560,39,46,35.80655499814682,139.49309280746735,2884.3,Green,land_use,71.2,57.7,14975.3
ghsl_5929_cell_01561,40,46,35.80655499814684,139.50445541837502,2043.6,Industrial,land_use,38.9,55.9,15262.5
ghsl_5929_cell_01562,41,46,35.80655499814683,139.5158180292826,5422.5,Industrial,land_use,21.7,42.4,15460.1
ghsl_5929_cell_01563,42,46,35.80655499814683,139.52718064019024,3544.0,Industrial,land_use,19.5,36.5,15722.2
ghsl_5929_cell_01564,43,46,35.80655499814683,139.53854325109785,5181.1,Industrial,land_use,13.3,18.5,16045.8
ghsl_5929_cell_01565,44,46,35.80655499814684,139.5499058620055,5580.1,Utility,land_use,11.8,19.6,16427.3
ghsl_5929_cell_01566,45,46,35.80655499814684,139.5612684729131,8356.8,Civic,land_use,13.1,32.3,16862.6
ghsl_5929_cell_01567,46,46,35.80655499814683,139.57263108382074,9972.9,Industrial,land_use,5.3,32.1,17347.8
ghsl_5929_cell_01568,47,46,35.80655499814684,139.58399369472835,9006.3,Industrial,land_use,13.7,10.3,17802.5
ghsl_5929_cell_01569,48,46,35.80655499814683,139.595356305636,8423.0,Civic,land_use,10.3,26.3,18271.3
ghsl_5929_cell_01570,49,46,35.80655499814684,139.6067189165436,6592.7,Residential,land_use,19.7,27.5,18746.8
ghsl_5929_cell_01571,50,46,35.80655499814683,139.61808152745124,3184.0,Commercial,land_use,11.8,13.2,19200.7
ghsl_5929_cell_01572,51,46,35.80655499814682,139.62944413835888,1875.6,Residential,heuristic,1.3,0.9,19697.6
ghsl_5929_cell_01573,52,46,35.80655499814684,139.64080674926652,2302.5,Residential,heuristic,1.1,4.0,20234.3
ghsl_5929_cell_01574,53,46,35.80655499814684,139.65216936017413,8309.5,Residential,heuristic,0.3,2.9,20807.8
ghsl_5929_cell_01575,54,46,35.80655499814684,139.66353197108177,7340.1,Civic,land_use,0.2,5.1,21415.2
ghsl_5929_cell_01576,55,46,35.80655499814682,139.67489458198938,8303.1,Civic,land_use,2.0,7.4,22053.6
ghsl_5929_cell_01577,56,46,35.80655499814684,139.686257192897,11338.5,Civic,land_use,3.0,4.6,22017.1
ghsl_5929_cell_01578,57,46,35.80655499814684,139.69761980380463,10913.2,Civic,land_use,2.2,4.2,21716.3
ghsl_5929_cell_01579,58,46,35.80655499814683,139.70898241471227,12990.8,Civic,land_use,2.1,3.7,21460.5
ghsl_5929_cell_01580,59,46,35.80655499814682,139.72034502561988,15449.1,Civic,land_use,1.1,9.3,21251.1
ghsl_5929_cell_01581,60,46,35.80655499814682,139.7317076365275,16836.4,Civic,land_use,1.7,8.8,20575.3
ghsl_5929_cell_01582,61,46,35.80655499814684,139.74307024743513,9913.6,Civic,land_use,3.0,4.5,19890.6
ghsl_5929_cell_01583,62,46,35.80655499814682,139.75443285834274,10562.3,Civic,land_use,7.1,7.7,19236.3
ghsl_5929_cell_01584,63,46,35.80655499814683,139.76579546925035,13366.7,Civic,land_use,9.0,6.7,18615.6
ghsl_5929_cell_01585,64,46,35.80655499814683,139.777158080158,13549.0,Civic,land_use,3.4,6.1,18032.0
ghsl_5929_cell_01586,65,46,35.80655499814683,139.7885206910656,9938.8,Commercial,land_use,8.4,3.2,17489.2
ghsl_5929_cell_01587,66,46,35.80655499814684,139.79988330197327,13906.6,Civic,land_use,5.3,3.7,16991.0
ghsl_5929_cell_01588,67,46,35.80655499814682,139.81124591288088,11342.8,Residential,land_use,7.1,2.9,16541.6
ghsl_5929_cell_01589,68,46,35.80655499814684,139.82260852378852,8872.1,Residential,land_use,3.7,7.2,16145.0
ghsl_5929_cell_01590,69,46,35.80655499814682,139.8339711346961,5184.2,Residential,land_use,2.1,2.8,15805.1
ghsl_5929_cell_01591,70,46,35.80655499814683,139.84533374560374,5295.5,Residential,land_use,3.6,12.6,15525.8
ghsl_5929_cell_01592,71,46,35.80655499814684,139.85669635651138,3178.6,Residential,land_use,10.8,1.4,15207.7
ghsl_5929_cell_01593,72,46,35.80655499814683,139.86805896741902,6411.5,Civic,land_use,7.9,3.3,14195.0
ghsl_5929_cell_01594,73,46,35.80655499814684,139.87942157832666,5249.0,Residential,land_use,29.5,3.3,13184.5
ghsl_5929_cell_01595,74,46,35.80655499814682,139.89078418923427,3620.1,Civic,land_use,0.8,9.1,12176.0
ghsl_5929_cell_01596,75,46,35.80655499814684,139.9021468001419,8577.1,Residential,land_use,4.7,4.0,11157.2
ghsl_5929_cell_01597,76,46,35.80655499814683,139.91350941104952,9867.8,Industrial,land_use,7.0,4.5,10140.0
ghsl_5929_cell_01598,77,46,35.80655499814682,139.92487202195713,8312.3,Civic,land_use,3.1,9.2,9124.9
ghsl_5929_cell_01599,78,46,35.80655499814684,139.9362346328648,4372.1,Civic,land_use,9.4,17.2,8112.9
ghsl_5929_cell_01600,79,46,35.80655499814682,139.9475972437724,4630.7,Green,land_use,62.7,30.0,7105.1
ghsl_5929_cell_01601,80,46,35.80655499814684,139.95895985468002,6437.2,Civic,land_use,9.8,30.6,6102.9
ghsl_5929_cell_01602,81,46,35.80655499814682,139.97032246558763,5213.1,Civic,land_use,18.6,29.9,5079.9
ghsl_5929_cell_01603,82,46,35.80655499814682,139.98168507649527,5538.8,Civic,land_use,2.3,24.5,4058.8
ghsl_5929_cell_01604,83,46,35.80655499814684,139.9930476874029,6574.7,Civic,land_use,5.2,16.0,3041.7
ghsl_5929_cell_01605,84,46,35.80655499814682,140.0044102983105,3665.2,Civic,land_use,4.7,29.1,2034.5
ghsl_5929_cell_01606,85,46,35.80655499814684,140.01577290921816,1157.3,Residential,heuristic,0.3,25.8,1065.9
ghsl_5929_cell_01607,86,46,35.80655499814682,140.0271355201258,2357.2,Residential,heuristic,0.0,26.7,485.8
ghsl_5929_cell_01608,87,46,35.80655499814684,140.0384981310334,1831.0,Residential,heuristic,4.3,26.1,382.4
ghsl_5929_cell_01609,21,47,35.797798080770335,139.27898675486136,4196.2,Civic,land_use,11.2,189.6,383.4
ghsl_5929_cell_01610,22,47,35.79779808077034,139.29034858434744,7039.6,Residential,land_use,15.6,170.7,492.4
ghsl_5929_cell_01611,23,47,35.797798080770335,139.3017104138335,6761.3,Residential,land_use,21.2,170.0,1150.1
ghsl_5929_cell_01612,24,47,35.79779808077034,139.31307224331957,4358.4,Industrial,land_use,10.4,167.6,1477.3
ghsl_5929_cell_01613,25,47,35.797798080770335,139.32443407280564,1379.0,Industrial,land_use,36.1,164.8,1932.1
ghsl_5929_cell_01614,26,47,35.79779808077034,139.3357959022917,1994.4,Industrial,land_use,21.2,161.8,2683.1
ghsl_5929_cell_01615,27,47,35.797798080770335,139.34715773177777,1195.8,Industrial,land_use,17.7,162.4,3449.5
ghsl_5929_cell_01616,28,47,35.797798080770335,139.3585195612638,2217.3,Industrial,land_use,4.2,146.6,4215.8
ghsl_5929_cell_01617,29,47,35.79779808077034,139.36988139074987,4769.1,Industrial,land_use,10.1,126.5,4982.0
ghsl_5929_cell_01618,30,47,35.797798080770335,139.38124322023592,2341.0,Green,land_use,43.3,115.6,5776.5
ghsl_5929_cell_01619,31,47,35.79779808077034,139.392605049722,2964.8,Green,land_use,47.5,116.1,6634.1
ghsl_5929_cell_01620,32,47,35.797798080770335,139.403966879208,3445.2,Civic,land_use,32.3,109.8,7534.2
ghsl_5929_cell_01621,33,47,35.797798080770335,139.4153287086941,2956.2,Industrial,land_use,5.2,101.4,8463.2
ghsl_5929_cell_01622,34,47,35.797798080770335,139.42669053818014,3004.8,Green,land_use,41.7,95.3,9412.5
ghsl_5929_cell_01623,35,47,35.797798080770335,139.43805236766622,8817.6,Civic,land_use,7.1,89.2,10376.6
ghsl_5929_cell_01624,36,47,35.797798080770335,139.4494141971523,8867.1,Civic,land_use,9.7,81.3,11351.7
ghsl_5929_cell_01625,37,47,35.797798080770335,139.46077602663834,8956.9,Civic,land_use,2.5,81.7,12335.2
ghsl_5929_cell_01626,38,47,35.797798080770335,139.4721378561244,4933.4,Green,land_use,55.7,77.4,13325.3
ghsl_5929_cell_01627,39,47,35.797798080770335,139.48349968561044,5231.1,Civic,land_use,3.6,66.1,14320.5
ghsl_5929_cell_01628,40,47,35.797798080770335,139.49486151509652,3776.7,Civic,land_use,20.0,60.5,15319.9
ghsl_5929_cell_01629,41,47,35.797798080770335,139.5062233445826,5938.9,Commercial,land_use,12.1,47.4,16247.2
ghsl_5929_cell_01630,42,47,35.797798080770335,139.51758517406864,7156.9,Utility,land_use,12.5,54.6,16442.9
ghsl_5929_cell_01631,43,47,35.797798080770335,139.52894700355472,2752.1,Residential,land_use,31.3,30.7,16699.4
ghsl_5929_cell_01632,44,47,35.797798080770335,139.54030883304077,7015.9,Residential,land_use,10.5,29.1,17014.1
ghsl_5929_cell_01633,45,47,35.797798080770335,139.55167066252682,7294.0,Civic,land_use,13.0,36.1,17383.7
ghsl_5929_cell_01634,46,47,35.79779808077034,139.56303249201287,5430.0,Commercial,land_use,4.1,35.2,17804.9
ghsl_5929_cell_01635,47,47,35.797798080770335,139.57439432149894,10220.8,Industrial,land_use,5.8,36.0,18274.0
ghsl_5929_cell_01636,48,47,35.79779808077034,139.58575615098502,9714.1,Commercial,land_use,7.2,15.8,18749.2
ghsl_5929_cell_01637,49,47,35.797798080770335,139.59711798047107,8842.7,Commercial,land_use,11.7,32.6,19203.4
ghsl_5929_cell_01638,50,47,35.797798080770335,139.6084798099571,8807.4,Residential,land_use,20.4,32.1,19697.2
ghsl_5929_cell_01639,51,47,35.797798080770335,139.61984163944317,7009.7,Commercial,land_use,3.2,21.0,20137.8
ghsl_5929_cell_01640,52,47,35.797798080770335,139.63120346892924,6003.1,Civic,land_use,2.3,6.7,20620.0
ghsl_5929_cell_01641,53,47,35.797798080770335,139.64256529841532,4807.3,Commercial,land_use,9.1,1.4,21141.1
ghsl_5929_cell_01642,54,47,35.797798080770335,139.65392712790134,5006.8,Residential,heuristic,16.3,3.2,21698.2
ghsl_5929_cell_01643,55,47,35.797798080770335,139.66528895738742,10259.2,Green,land_use,100.0,9.9,22288.6
ghsl_5929_cell_01644,56,47,35.797798080770335,139.67665078687347,6293.6,Residential,heuristic,10.8,3.2,22629.9
ghsl_5929_cell_01645,57,47,35.797798080770335,139.68801261635957,6319.2,Utility,land_use,20.7,2.7,22083.9
ghsl_5929_cell_01646,58,47,35.797798080770335,139.6993744458456,4697.3,Green,land_use,100.0,0.0,21573.0
ghsl_5929_cell_01647,59,47,35.797798080770335,139.71073627533164,11954.1,Civic,land_use,37.0,6.2,21100.0
ghsl_5929_cell_01648,60,47,35.797798080770335,139.72209810481775,11224.3,Civic,land_use,0.6,4.8,20667.3
ghsl_5929_cell_01649,61,47,35.797798080770335,139.73345993430377,13515.3,Civic,land_use,2.8,4.9,20277.6
ghsl_5929_cell_01650,62,47,35.797798080770335,139.74482176378987,10578.5,Civic,land_use,3.6,5.2,19933.3
ghsl_5929_cell_01651,63,47,35.79779808077034,139.75618359327592,10043.4,Industrial,land_use,3.8,3.7,19636.8
ghsl_5929_cell_01652,64,47,35.797798080770335,139.76754542276197,8902.5,Green,land_use,76.3,4.9,19312.0
ghsl_5929_cell_01653,65,47,35.797798080770335,139.778907252248,9943.8,Civic,land_use,3.9,6.4,18769.1
ghsl_5929_cell_01654,66,47,35.797798080770335,139.79026908173407,15196.1,Residential,land_use,3.1,5.0,18257.1
ghsl_5929_cell_01655,67,47,35.797798080770335,139.80163091122012,15417.4,Civic,land_use,5.3,5.0,17789.5
ghsl_5929_cell_01656,68,47,35.797798080770335,139.81299274070616,13703.8,Residential,land_use,5.2,4.9,17370.1
ghsl_5929_cell_01657,69,47,35.797798080770335,139.82435457019227,7723.2,Residential,land_use,1.5,2.9,17002.3
ghsl_5929_cell_01658,70,47,35.79779808077034,139.83571639967832,9009.7,Residential,land_use,4.2,4.5,16689.6
ghsl_5929_cell_01659,71,47,35.797798080770335,139.8470782291644,6124.6,Civic,land_use,4.7,3.9,16222.2
ghsl_5929_cell_01660,72,47,35.79779808077034,139.85844005865042,5210.4,Civic,land_use,6.6,4.2,15207.7
ghsl_5929_cell_01661,73,47,35.797798080770335,139.8698018881365,3954.8,Civic,land_use,5.0,3.5,14194.9
ghsl_5929_cell_01662,74,47,35.797798080770335,139.88116371762254,4748.3,Civic,land_use,1.9,2.2,13184.4
ghsl_5929_cell_01663,75,47,35.797798080770335,139.89252554710862,3643.3,Green,land_use,45.6,2.6,12176.1
ghsl_5929_cell_01664,76,47,35.797798080770335,139.9038873765947,7884.7,Industrial,land_use,0.7,8.5,11157.3
ghsl_5929_cell_01665,77,47,35.79779808077034,139.91524920608072,10772.8,Civic,land_use,3.2,27.8,10140.0
ghsl_5929_cell_01666,78,47,35.797798080770335,139.9266110355668,6834.0,Civic,land_use,21.0,19.4,9124.9
ghsl_5929_cell_01667,79,47,35.79779808077034,139.93797286505287,4445.8,Residential,heuristic,5.2,31.8,8112.8
ghsl_5929_cell_01668,80,47,35.79779808077034,139.9493346945389,9104.8,Residential,land_use,11.4,30.3,7104.9
ghsl_5929_cell_01669,81,47,35.79779808077034,139.96069652402497,9993.3,Residential,land_use,6.9,29.5,6103.5
ghsl_5929_cell_01670,82,47,35.797798080770335,139.97205835351102,8495.9,Civic,land_use,1.6,30.2,5112.1
ghsl_5929_cell_01671,83,47,35.797798080770335,139.98342018299704,9648.7,Civic,land_use,6.2,31.6,4138.2
ghsl_5929_cell_01672,84,47,35.79779808077034,139.99478201248314,8773.4,Civic,land_use,6.5,30.1,3197.5
ghsl_5929_cell_01673,85,47,35.797798080770335,140.0061438419692,3810.4,Civic,land_use,1.0,15.0,2331.0
ghsl_5929_cell_01674,86,47,35.797798080770335,140.01750567145524,1467.4,Residential,heuristic,0.9,25.1,1658.8
ghsl_5929_cell_01675,87,47,35.797798080770335,140.02886750094132,3073.8,Residential,heuristic,5.2,13.5,1065.8
ghsl_5929_cell_01676,88,47,35.797798080770335,140.0402293304274,2264.0,Civic,land_use,1.3,31.8,485.8
ghsl_5929_cell_01677,89,47,35.79779808077034,140.05159115991341,893.5,Civic,land_use,1.1,15.3,486.0
ghsl_5929_cell_01678,90,47,35.797798080770335,140.06295298939952,2326.5,Civic,land_use,0.2,22.3,486.0
ghsl_5929_cell_01679,91,47,35.797798080770335,140.07431481888557,1811.0,Residential,land_use,14.4,4.9,382.4
ghsl_5929_cell_01680,19,48,35.78904152642509,139.24668979705675,3680.6,Civic,land_use,1.5,203.4,383.5
ghsl_5929_cell_01681,20,48,35.78904152642508,139.25805084546352,6485.9,Civic,land_use,9.5,199.4,485.8
ghsl_5929_cell_01682,21,48,35.78904152642509,139.26941189387023,8429.8,Civic,land_use,7.1,194.4,492.5
ghsl_5929_cell_01683,22,48,35.78904152642508,139.28077294227694,8290.1,Residential,land_use,4.5,187.8,1150.4
ghsl_5929_cell_01684,23,48,35.78904152642509,139.29213399068368,8537.3,Residential,land_use,7.0,176.7,1477.4
ghsl_5929_cell_01685,24,48,35.78904152642509,139.30349503909036,7080.2,Civic,land_use,11.7,168.7,1932.5
ghsl_5929_cell_01686,25,48,35.78904152642509,139.31485608749713,4327.5,Commercial,land_use,16.0,161.0,2462.2
ghsl_5929_cell_01687,26,48,35.78904152642508,139.32621713590385,1390.6,Commercial,land_use,3.0,160.1,2818.5
ghsl_5929_cell_01688,27,48,35.78904152642509,139.3375781843106,1513.1,Industrial,land_use,29.3,152.2,3454.7
ghsl_5929_cell_01689,28,48,35.78904152642508,139.34893923271733,3225.5,Industrial,land_use,3.3,145.0,4216.5
ghsl_5929_cell_01690,29,48,35.78904152642509,139.36030028112404,2291.7,Industrial,land_use,32.7,132.9,4982.8
ghsl_5929_cell_01691,30,48,35.78904152642509,139.37166132953078,2858.5,Civic,land_use,35.5,126.8,5749.1
ghsl_5929_cell_01692,31,48,35.78904152642509,139.38302237793752,2604.6,Industrial,land_use,22.2,124.9,6515.2
ghsl_5929_cell_01693,32,48,35.78904152642509,139.39438342634426,2484.9,Industrial,land_use,18.4,124.0,7309.2
ghsl_5929_cell_01694,33,48,35.78904152642509,139.40574447475097,2787.9,Civic,land_use,16.6,117.1,8155.2
ghsl_5929_cell_01695,34,48,35.78904152642508,139.41710552315766,3050.5,Industrial,land_use,9.2,103.5,9038.8
ghsl_5929_cell_01696,35,48,35.78904152642509,139.4284665715644,6197.5,Civic,land_use,0.9,95.0,9949.9
ghsl_5929_cell_01697,36,48,35.78904152642508,139.43982761997114,7306.3,Commercial,land_use,3.1,85.0,10881.6
ghsl_5929_cell_01698,37,48,35.78904152642509,139.45118866837785,8485.1,Residential,heuristic,4.0,85.8,11829.0
ghsl_5929_cell_01699,38,48,35.78904152642508,139.4625497167846,12002.5,Civic,land_use,2.1,82.1,12788.8
ghsl_5929_cell_01700,39,48,35.78904152642509,139.4739107651913,11014.4,Commercial,land_use,1.9,73.9,13758.2
ghsl_5929_cell_01701,40,48,35.78904152642508,139.48527181359802,6804.2,Residential,land_use,13.8,69.2,14735.4
ghsl_5929_cell_01702,41,48,35.78904152642508,139.49663286200476,6021.8,Industrial,land_use,22.7,61.7,15718.9
ghsl_5929_cell_01703,42,48,35.78904152642509,139.5079939104115,5639.5,Residential,land_use,16.3,58.7,16707.7
ghsl_5929_cell_01704,43,48,35.78904152642509,139.51935495881827,4331.9,Residential,land_use,19.5,36.0,17425.9
ghsl_5929_cell_01705,44,48,35.78904152642509,139.53071600722495,8139.7,Civic,land_use,5.9,46.7,17677.5
ghsl_5929_cell_01706,45,48,35.78904152642508,139.54207705563167,5566.7,Residential,heuristic,34.1,43.5,17984.2
ghsl_5929_cell_01707,46,48,35.78904152642509,139.55343810403843,3092.9,Green,land_use,71.4,40.7,18343.2
ghsl_5929_cell_01708,47,48,35.78904152642508,139.56479915244512,6170.5,Industrial,land_use,4.4,41.1,18751.5
ghsl_5929_cell_01709,48,48,35.78904152642509,139.5761602008519,9156.7,Civic,land_use,7.4,24.3,19206.1
ghsl_5929_cell_01710,49,48,35.78904152642509,139.5875212492586,4432.1,Civic,land_use,21.4,34.8,19699.6
ghsl_5929_cell_01711,50,48,35.78904152642509,139.59888229766534,9087.9,Utility,land_use,6.8,38.2,20140.5
ghsl_5929_cell_01712,51,48,35.78904152642509,139.61024334607205,10231.0,Commercial,land_use,5.6,34.5,20623.1
ghsl_5929_cell_01713,52,48,35.78904152642509,139.62160439447877,9235.4,Civic,land_use,5.7,21.6,21079.3
ghsl_5929_cell_01714,53,48,35.78904152642508,139.63296544288548,12087.0,Civic,land_use,2.9,7.6,21548.1
ghsl_5929_cell_01715,54,48,35.78904152642508,139.64432649129222,13868.8,Industrial,land_use,1.7,7.5,22054.6
ghsl_5929_cell_01716,55,48,35.78904152642509,139.655687539699,13718.3,Residential,land_use,29.0,8.2,22596.5
ghsl_5929_cell_01717,56,48,35.78904152642509,139.6670485881057,17597.7,Utility,land_use,7.1,6.9,22328.4
ghsl_5929_cell_01718,57,48,35.78904152642509,139.6784096365124,22042.9,Residential,land_use,3.0,9.0,21733.7
ghsl_5929_cell_01719,58,48,35.78904152642509,139.68977068491915,14911.7,Residential,land_use,13.1,3.4,21172.3
ghsl_5929_cell_01720,59,48,35.78904152642508,139.7011317333259,14679.1,Green,land_use,41.7,6.9,20646.8
ghsl_5929_cell_01721,60,48,35.78904152642508,139.7124927817326,8976.2,Utility,land_use,12.9,6.2,20160.1
ghsl_5929_cell_01722,61,48,35.78904152642509,139.72385383013935,4874.9,Civic,land_use,11.5,0.0,19715.1
ghsl_5929_cell_01723,62,48,35.78904152642508,139.73521487854603,5606.1,Industrial,land_use,26.3,0.5,19314.5
ghsl_5929_cell_01724,63,48,35.78904152642509,139.74657592695277,6366.9,Industrial,land_use,8.9,5.7,18961.4
ghsl_5929_cell_01725,64,48,35.78904152642509,139.7579369753595,14224.7,Residential,land_use,5.6,4.8,18658.2
ghsl_5929_cell_01726,65,48,35.78904152642508,139.76929802376623,15734.9,Residential,land_use,3.7,4.7,18351.3
ghsl_5929_cell_01727,66,48,35.78904152642509,139.78065907217297,14445.7,Residential,land_use,9.3,3.2,17988.8
ghsl_5929_cell_01728,67,48,35.78904152642508,139.7920201205797,14283.2,Residential,land_use,6.2,5.5,17678.7
ghsl_5929_cell_01729,68,48,35.78904152642509,139.80338116898645,13335.4,Residential,land_use,10.0,4.4,17423.8
ghsl_5929_cell_01730,69,48,35.78904152642508,139.81474221739316,15758.8,Residential,land_use,10.7,3.9,17226.6
ghsl_5929_cell_01731,70,48,35.78904152642509,139.82610326579987,13884.0,Civic,land_use,4.7,3.5,16993.0
ghsl_5929_cell_01732,71,48,35.78904152642508,139.83746431420658,13976.0,Residential,land_use,5.5,5.7,16439.9
ghsl_5929_cell_01733,72,48,35.78904152642509,139.84882536261333,8597.7,Residential,land_use,8.7,3.4,15934.0
ghsl_5929_cell_01734,73,48,35.78904152642508,139.86018641102007,13043.6,Residential,land_use,6.2,3.3,15207.7
ghsl_5929_cell_01735,74,48,35.78904152642508,139.8715474594268,4052.3,Green,land_use,100.0,0.0,14194.9
ghsl_5929_cell_01736,75,48,35.78904152642509,139.88290850783352,4689.1,Residential,land_use,6.0,4.0,13184.2
ghsl_5929_cell_01737,76,48,35.78904152642508,139.8942695562402,6869.3,Civic,land_use,22.9,5.1,12176.4
ghsl_5929_cell_01738,77,48,35.78904152642508,139.90563060464697,14351.9,Residential,heuristic,1.3,12.5,11171.9
ghsl_5929_cell_01739,78,48,35.78904152642509,139.9169916530537,9975.9,Civic,land_use,2.2,28.4,10172.0
ghsl_5929_cell_01740,79,48,35.78904152642509,139.92835270146043,9164.1,Civic,land_use,3.0,31.1,9178.1
ghsl_5929_cell_01741,80,48,35.78904152642509,139.93971374986714,10870.5,Civic,land_use,3.3,25.2,8192.3
ghsl_5929_cell_01742,81,48,35.78904152642509,139.95107479827388,7835.8,Residential,land_use,8.6,26.2,7217.9
ghsl_5929_cell_01743,82,48,35.78904152642509,139.96243584668062,6522.4,Civic,land_use,11.6,28.3,6260.5
ghsl_5929_cell_01744,83,48,35.78904152642508,139.97379689508733,6763.4,Utility,land_use,1.2,27.7,5328.9
ghsl_5929_cell_01745,84,48,35.78904152642509,139.98515794349407,4414.8,Civic,land_use,18.7,26.1,4439.6
ghsl_5929_cell_01746,85,48,35.78904152642509,139.99651899190079,3960.5,Civic,land_use,14.5,27.6,3623.8
ghsl_5929_cell_01747,86,48,35.789041526425095,140.00788004030753,1673.2,Civic,land_use,8.3,28.3,2943.4
ghsl_5929_cell_01748,87,48,35.78904152642509,140.01924108871424,3203.9,Civic,land_use,15.2,23.6,2330.8
ghsl_5929_cell_01749,88,48,35.78904152642508,140.03060213712098,3808.3,Residential,land_use,7.1,28.8,1658.7
ghsl_5929_cell_01750,89,48,35.78904152642509,140.0419631855277,2102.2,Residential,land_use,1.1,23.4,1457.4
ghsl_5929_cell_01751,90,48,35.78904152642508,140.05332423393443,2963.2,Commercial,land_use,4.0,26.8,1457.6
ghsl_5929_cell_01752,91,48,35.78904152642509,140.06468528234115,2810.1,Residential,land_use,1.5,20.3,1065.8
ghsl_5929_cell_01753,92,48,35.78904152642509,140.0760463307479,3485.9,Residential,land_use,19.1,21.0,382.5
ghsl_5929_cell_01754,19,49,35.78028533496747,139.2371206907656,2122.8,Residential,heuristic,1.6,198.7,383.6
ghsl_5929_cell_01755,20,49,35.78028533496747,139.24848095843507,1851.1,Commercial,land_use,1.2,273.9,485.4
ghsl_5929_cell_01756,21,49,35.78028533496747,139.25984122610453,3443.1,Residential,land_use,0.9,185.6,485.4
ghsl_5929_cell_01757,22,49,35.78028533496747,139.271201493774,5641.5,Civic,land_use,0.5,166.2,485.5
ghsl_5929_cell_01758,23,49,35.78028533496748,139.28256176144345,7129.8,Residential,land_use,1.8,161.1,485.7
ghsl_5929_cell_01759,24,49,35.78028533496747,139.29392202911293,6862.3,Residential,land_use,14.1,173.8,1063.6
ghsl_5929_cell_01760,25,49,35.78028533496747,139.3052822967824,5824.6,Residential,land_use,8.6,168.5,2032.3
ghsl_5929_cell_01761,26,49,35.78028533496747,139.31664256445183,7144.9,Industrial,land_use,9.0,161.3,3039.6
ghsl_5929_cell_01762,27,49,35.78028533496747,139.32800283212134,3616.1,Residential,heuristic,33.0,152.9,3754.4
ghsl_5929_cell_01763,28,49,35.78028533496748,139.33936309979075,2283.0,Civic,land_use,1.7,144.0,4291.6
ghsl_5929_cell_01764,29,49,35.78028533496748,139.35072336746023,1734.9,Residential,heuristic,28.5,142.7,4985.0
ghsl_5929_cell_01765,30,49,35.78028533496747,139.3620836351297,817.3,Civic,land_use,2.7,192.7,5750.1
ghsl_5929_cell_01766,31,49,35.78028533496747,139.37344390279915,0.2,Industrial,land_use,0.0,170.6,6516.3
ghsl_5929_cell_01767,32,49,35.78028533496747,139.3848041704686,0.3,Residential,heuristic,0.0,152.4,7282.5
ghsl_5929_cell_01768,33,49,35.78028533496747,139.39616443813807,320.6,Residential,heuristic,0.0,112.5,8048.6
ghsl_5929_cell_01769,34,49,35.78028533496747,139.40752470580756,371.4,Industrial,land_use,0.0,130.9,8842.7
ghsl_5929_cell_01770,35,49,35.78028533496747,139.418884973477,909.7,Commercial,land_use,2.0,111.7,9680.7
ghsl_5929_cell_01771,36,49,35.78028533496747,139.43024524114648,7465.0,Civic,land_use,3.3,102.8,10552.2
ghsl_5929_cell_01772,37,49,35.78028533496748,139.44160550881594,6607.7,Civic,land_use,1.5,73.4,11449.4
ghsl_5929_cell_01773,38,49,35.78028533496747,139.4529657764854,5807.9,Civic,land_use,4.4,71.4,12366.8
ghsl_5929_cell_01774,39,49,35.78028533496747,139.46432604415486,6587.3,Civic,land_use,3.5,68.9,13300.1
ghsl_5929_cell_01775,40,49,35.78028533496747,139.4756863118243,7072.5,Civic,land_use,6.7,68.2,14246.4
ghsl_5929_cell_01776,41,49,35.78028533496747,139.48704657949375,8316.5,Industrial,land_use,1.9,53.5,15203.1
ghsl_5929_cell_01777,42,49,35.78028533496747,139.49840684716327,8428.4,Residential,land_use,3.5,57.2,16168.4
ghsl_5929_cell_01778,43,49,35.78028533496747,139.5097671148327,6920.0,Civic,land_use,15.3,52.9,17140.9
ghsl_5929_cell_01779,44,49,35.78028533496748,139.5211273825022,7497.8,Civic,land_use,23.1,50.4,18119.3
ghsl_5929_cell_01780,45,49,35.78028533496747,139.53248765017162,6695.9,Commercial,land_use,11.2,48.3,18656.3
ghsl_5929_cell_01781,46,49,35.78028533496747,139.5438479178411,2756.0,Green,land_use,52.5,46.6,18955.8
ghsl_5929_cell_01782,47,49,35.78028533496747,139.55520818551054,5254.6,Civic,land_use,18.5,44.7,19305.2
ghsl_5929_cell_01783,48,49,35.78028533496748,139.56656845318003,5238.2,Commercial,land_use,6.2,39.9,19702.0
ghsl_5929_cell_01784,49,49,35.78028533496747,139.57792872084948,4708.5,Utility,land_use,10.6,21.0,20143.3
ghsl_5929_cell_01785,50,49,35.78028533496747,139.58928898851892,5710.7,Utility,land_use,9.1,42.6,20626.2
ghsl_5929_cell_01786,51,49,35.78028533496748,139.6006492561884,6559.3,Civic,land_use,23.7,40.3,21082.1
ghsl_5929_cell_01787,52,49,35.78028533496748,139.6120095238579,8215.7,Commercial,land_use,3.9,34.3,21551.2
ghsl_5929_cell_01788,53,49,35.78028533496748,139.62336979152735,11592.9,Utility,land_use,3.1,17.9,22024.7
ghsl_5929_cell_01789,54,49,35.78028533496748,139.63473005919684,17264.5,Civic,land_use,7.8,33.9,22481.0
ghsl_5929_cell_01790,55,49,35.78028533496748,139.64609032686627,12745.4,Civic,land_use,9.9,33.4,22770.5
ghsl_5929_cell_01791,56,49,35.78028533496748,139.65745059453573,13056.9,Civic,land_use,11.7,31.8,22099.6
ghsl_5929_cell_01792,57,49,35.78028533496747,139.6688108622052,16694.1,Civic,land_use,5.1,9.9,21457.0
ghsl_5929_cell_01793,58,49,35.78028533496747,139.68017112987465,18655.8,Civic,land_use,6.7,8.7,20845.4
ghsl_5929_cell_01794,59,49,35.78028533496747,139.6915313975441,19010.5,Commercial,land_use,2.7,5.8,20267.4
ghsl_5929_cell_01795,60,49,35.78028533496748,139.7028916652136,21562.3,Civic,land_use,11.1,19.8,19726.1
ghsl_5929_cell_01796,61,49,35.78028533496747,139.71425193288303,16616.2,Civic,land_use,8.5,21.2,19224.6
ghsl_5929_cell_01797,62,49,35.78028533496748,139.7256122005525,19133.9,Civic,land_use,3.1,7.0,18766.1
ghsl_5929_cell_01798,63,49,35.78028533496748,139.73697246822195,8534.6,Industrial,land_use,16.5,1.4,18353.8
ghsl_5929_cell_01799,64,49,35.78028533496747,139.7483327358914,9888.7,Residential,land_use,12.9,4.8,17990.8
ghsl_5929_cell_01800,65,49,35.78028533496747,139.75969300356087,15595.1,Residential,land_use,6.5,4.6,17680.2
ghsl_5929_cell_01801,66,49,35.78028533496748,139.77105327123036,13668.4,Residential,land_use,11.1,6.1,17393.1
ghsl_5929_cell_01802,67,49,35.78028533496748,139.78241353889982,14695.9,Residential,land_use,4.5,3.5,17019.8
ghsl_5929_cell_01803,68,49,35.78028533496747,139.79377380656928,16137.7,Civic,land_use,2.5,3.8,16701.4
ghsl_5929_cell_01804,69,49,35.78028533496747,139.80513407423874,16385.3,Residential,land_use,6.1,4.0,16441.3
ghsl_5929_cell_01805,70,49,35.78028533496747,139.8164943419082,12524.3,Civic,land_use,5.6,2.9,16242.2
ghsl_5929_cell_01806,71,49,35.78028533496748,139.82785460957768,14968.1,Utility,land_use,3.4,4.0,16104.7
ghsl_5929_cell_01807,72,49,35.78028533496747,139.83921487724714,14648.3,Civic,land_use,8.9,3.8,15530.4
ghsl_5929_cell_01808,73,49,35.78028533496747,139.85057514491658,11918.0,Residential,land_use,4.7,2.4,15004.7
ghsl_5929_cell_01809,74,49,35.78028533496748,139.86193541258606,13990.1,Civic,land_use,8.4,2.2,14532.7
ghsl_5929_cell_01810,75,49,35.78028533496747,139.87329568025552,8816.6,Residential,land_use,14.1,6.8,14080.6
ghsl_5929_cell_01811,76,49,35.78028533496747,139.88465594792495,5130.9,Residential,land_use,3.8,7.0,13245.3
ghsl_5929_cell_01812,77,49,35.78028533496747,139.89601621559441,8467.8,Civic,land_use,7.4,9.7,12255.6
ghsl_5929_cell_01813,78,49,35.78028533496747,139.90737648326393,10668.8,Civic,land_use,5.6,11.6,11272.6
ghsl_5929_cell_01814,79,49,35.78028533496747,139.91873675093336,10915.5,Civic,land_use,7.1,28.0,10298.2
ghsl_5929_cell_01815,80,49,35.78028533496748,139.93009701860282,8490.9,Industrial,land_use,3.4,28.4,9335.0
ghsl_5929_cell_01816,81,49,35.78028533496747,139.94145728627228,7127.6,Civic,land_use,12.9,26.0,8387.0
ghsl_5929_cell_01817,82,49,35.78028533496747,139.95281755394168,4620.8,Green,land_use,100.0,25.6,7459.9
ghsl_5929_cell_01818,83,49,35.78028533496748,139.9641778216112,9133.2,Industrial,land_use,0.6,28.8,6562.6
ghsl_5929_cell_01819,84,49,35.78028533496747,139.97553808928066,5353.1,Civic,land_use,9.1,27.2,5709.2
ghsl_5929_cell_01820,85,49,35.78028533496747,139.98689835695012,3593.6,Civic,land_use,11.5,30.2,4922.5
ghsl_5929_cell_01821,86,49,35.78028533496747,139.9982586246196,6111.7,Residential,land_use,2.8,29.8,4239.8
ghsl_5929_cell_01822,87,49,35.78028533496747,140.00961889228907,4526.5,Civic,land_use,9.1,34.1,3623.5
ghsl_5929_cell_01823,88,49,35.78028533496748,140.02097915995853,4447.4,Civic,land_use,12.4,27.9,2943.1
ghsl_5929_cell_01824,89,49,35.78028533496748,140.03233942762802,2669.8,Civic,land_use,3.9,29.1,2510.5
ghsl_5929_cell_01825,90,49,35.78028533496748,140.04369969529745,2654.3,Utility,land_use,4.4,28.7,2429.0
ghsl_5929_cell_01826,91,49,35.78028533496748,140.05505996296694,4126.5,Civic,land_use,8.8,27.4,2034.5
ghsl_5929_cell_01827,92,49,35.78028533496748,140.0664202306364,1774.6,Industrial,land_use,7.9,15.1,1065.8
ghsl_5929_cell_01828,93,49,35.78028533496747,140.07778049830583,1576.9,Industrial,land_use,36.6,20.7,382.5
ghsl_5929_cell_01829,24,50,35.77152950625398,139.28435321133608,2236.8,Civic,land_use,3.1,156.6,383.6
ghsl_5929_cell_01830,25,50,35.77152950625398,139.29571269861017,4888.4,Civic,land_use,2.2,147.1,1063.6
ghsl_5929_cell_01831,26,50,35.77152950625398,139.3070721858843,6746.4,Industrial,land_use,7.6,162.6,2032.2
ghsl_5929_cell_01832,27,50,35.771529506253984,139.3184316731584,4371.8,Industrial,land_use,7.3,158.2,3039.6
ghsl_5929_cell_01833,28,50,35.77152950625397,139.32979116043248,5333.7,Civic,land_use,7.5,151.5,4056.9
ghsl_5929_cell_01834,29,50,35.77152950625398,139.34115064770654,3692.5,Civic,land_use,9.6,144.1,5078.2
ghsl_5929_cell_01835,30,50,35.77152950625398,139.35251013498063,3334.9,Civic,land_use,10.4,136.8,5797.1
ghsl_5929_cell_01836,31,50,35.77152950625398,139.36386962225475,1166.2,Civic,land_use,2.9,172.6,6517.6
ghsl_5929_cell_01837,32,50,35.77152950625398,139.37522910952882,10.0,Residential,heuristic,0.0,188.0,7283.7
ghsl_5929_cell_01838,33,50,35.77152950625397,139.38658859680294,0.2,Residential,heuristic,0.0,166.5,8049.9
ghsl_5929_cell_01839,34,50,35.77152950625398,139.39794808407706,0.0,Unbuilt,heuristic,0.0,112.5,8816.0
ghsl_5929_cell_01840,35,50,35.77152950625398,139.40930757135118,67.2,Commercial,land_use,0.2,129.7,9582.5
ghsl_5929_cell_01841,36,50,35.77152950625398,139.42066705862524,3578.0,Civic,land_use,6.2,97.8,10376.8
ghsl_5929_cell_01842,37,50,35.77152950625397,139.43202654589933,2183.8,Green,land_use,43.5,89.5,11208.9
ghsl_5929_cell_01843,38,50,35.77152950625398,139.44338603317345,1174.9,Green,land_use,42.9,94.5,12071.1
ghsl_5929_cell_01844,39,50,35.77152950625398,139.4547455204475,3739.1,Utility,land_use,3.5,75.8,12957.3
ghsl_5929_cell_01845,40,50,35.77152950625398,139.46610500772164,6702.7,Industrial,land_use,2.3,64.9,13862.9
ghsl_5929_cell_01846,41,50,35.77152950625398,139.47746449499573,11110.2,Civic,land_use,1.1,68.2,14784.4
ghsl_5929_cell_01847,42,50,35.771529506253984,139.48882398226982,8900.2,Civic,land_use,1.5,60.9,15718.9
ghsl_5929_cell_01848,43,50,35.771529506253984,139.50018346954394,7785.1,Civic,land_use,3.4,59.1,16664.3
ghsl_5929_cell_01849,44,50,35.77152950625397,139.51154295681803,9498.8,Civic,land_use,3.5,58.5,17618.8
ghsl_5929_cell_01850,45,50,35.77152950625398,139.5229024440921,8834.9,Residential,land_use,11.3,58.9,18581.0
ghsl_5929_cell_01851,46,50,35.77152950625398,139.5342619313662,7802.9,Civic,land_use,1.6,53.8,19549.7
ghsl_5929_cell_01852,47,50,35.77152950625398,139.5456214186403,7838.7,Residential,land_use,7.3,65.4,19928.7
ghsl_5929_cell_01853,48,50,35.77152950625397,139.5569809059144,5924.5,Commercial,land_use,3.7,41.5,20269.5
ghsl_5929_cell_01854,49,50,35.77152950625398,139.5683403931885,6742.4,Civic,land_use,3.0,33.0,20655.8
ghsl_5929_cell_01855,50,50,35.77152950625398,139.57969988046258,10567.4,Civic,land_use,6.2,49.1,21084.9
ghsl_5929_cell_01856,51,50,35.77152950625397,139.5910593677367,13853.8,Commercial,land_use,15.6,43.1,21554.3
ghsl_5929_cell_01857,52,50,35.77152950625398,139.60241885501077,8853.6,Civic,land_use,24.2,49.4,22027.5
ghsl_5929_cell_01858,53,50,35.771529506253984,139.6137783422849,8863.1,Civic,land_use,14.1,41.1,22484.2
ghsl_5929_cell_01859,54,50,35.77152950625397,139.62513782955898,12971.3,Civic,land_use,6.9,31.6,22973.4
ghsl_5929_cell_01860,55,50,35.77152950625398,139.6364973168331,11675.7,Residential,land_use,6.0,41.5,22660.9
ghsl_5929_cell_01861,56,50,35.771529506253984,139.64785680410716,15836.2,Residential,land_use,3.3,35.4,21945.9
ghsl_5929_cell_01862,57,50,35.77152950625398,139.65921629138128,19263.6,Civic,land_use,3.3,33.7,21256.7
ghsl_5929_cell_01863,58,50,35.771529506253984,139.67057577865538,21287.4,Civic,land_use,4.5,29.5,20595.8
ghsl_5929_cell_01864,59,50,35.77152950625397,139.68193526592944,18525.8,Residential,land_use,7.0,32.2,19965.9
ghsl_5929_cell_01865,60,50,35.77152950625397,139.69329475320356,20185.1,Civic,land_use,4.2,14.3,19370.2
ghsl_5929_cell_01866,61,50,35.77152950625398,139.70465424047765,18810.4,Civic,land_use,16.9,26.3,18811.8
ghsl_5929_cell_01867,62,50,35.771529506253984,139.71601372775174,17007.3,Civic,land_use,9.5,25.0,18294.2
ghsl_5929_cell_01868,63,50,35.77152950625398,139.72737321502584,17551.3,Industrial,land_use,7.8,8.3,17820.9
ghsl_5929_cell_01869,64,50,35.771529506253984,139.73873270229996,14323.3,Civic,land_use,3.0,4.4,17395.5
ghsl_5929_cell_01870,65,50,35.77152950625398,139.75009218957402,7844.4,Industrial,land_use,22.1,1.5,17021.8
ghsl_5929_cell_01871,66,50,35.77152950625398,139.76145167684814,9080.3,Residential,land_use,24.4,3.5,16703.0
ghsl_5929_cell_01872,67,50,35.77152950625398,139.77281116412223,16300.1,Residential,land_use,7.6,3.6,16438.0
ghsl_5929_cell_01873,68,50,35.77152950625397,139.78417065139635,16231.2,Commercial,land_use,4.7,4.0,16052.6
ghsl_5929_cell_01874,69,50,35.771529506253984,139.79553013867044,14971.0,Civic,land_use,4.5,7.7,15725.1
ghsl_5929_cell_01875,70,50,35.77152950625398,139.80688962594454,18005.1,Civic,land_use,6.0,5.5,15459.1
ghsl_5929_cell_01876,71,50,35.77152950625397,139.81824911321863,14329.2,Civic,land_use,5.4,0.5,15257.9
ghsl_5929_cell_01877,72,50,35.77152950625398,139.82960860049272,13611.5,Residential,land_use,22.1,3.3,15124.0
ghsl_5929_cell_01878,73,50,35.77152950625398,139.8409680877668,16238.9,Residential,land_use,12.9,4.0,14630.6
ghsl_5929_cell_01879,74,50,35.77152950625397,139.8523275750409,12444.7,Civic,land_use,8.2,4.2,14082.8
ghsl_5929_cell_01880,75,50,35.77152950625398,139.863687062315,13646.3,Civic,land_use,9.3,1.3,13590.8
ghsl_5929_cell_01881,76,50,35.77152950625398,139.87504654958911,15994.3,Residential,land_use,1.6,4.9,13160.8
ghsl_5929_cell_01882,77,50,35.77152950625398,139.88640603686324,4412.8,Civic,land_use,18.5,5.0,12653.5
ghsl_5929_cell_01883,78,50,35.77152950625398,139.89776552413733,7412.9,Residential,land_use,15.8,12.0,12204.2
ghsl_5929_cell_01884,79,50,35.77152950625397,139.90912501141142,8688.7,Civic,land_use,6.6,26.7,11457.0
ghsl_5929_cell_01885,80,50,35.77152950625397,139.92048449868548,5505.6,Civic,land_use,30.3,13.1,10515.1
ghsl_5929_cell_01886,81,50,35.77152950625398,139.93184398595957,4827.6,Civic,land_use,4.2,11.4,9590.7
ghsl_5929_cell_01887,82,50,35.77152950625398,139.9432034732337,7580.7,Civic,land_use,8.7,18.8,8689.3
ghsl_5929_cell_01888,83,50,35.77152950625398,139.9545629605078,4255.8,Civic,land_use,0.7,15.9,7819.0
ghsl_5929_cell_01889,84,50,35.771529506253984,139.96592244778188,1934.4,Utility,land_use,0.6,27.6,6991.2
ghsl_5929_cell_01890,85,50,35.771529506253984,139.97728193505597,1243.6,Green,land_use,100.0,34.3,6223.1
ghsl_5929_cell_01891,86,50,35.77152950625398,139.98864142233006,6020.8,Utility,land_use,11.8,28.2,5539.5
ghsl_5929_cell_01892,87,50,35.77152950625398,140.00000090960415,7860.3,Civic,land_use,4.4,30.7,4922.0
ghsl_5929_cell_01893,88,50,35.77152950625398,140.01136039687827,6674.2,Civic,land_use,9.8,30.6,4239.3
ghsl_5929_cell_01894,89,50,35.771529506253984,140.0227198841524,4381.0,Civic,land_use,9.9,28.7,3718.4
ghsl_5929_cell_01895,90,50,35.77152950625397,140.03407937142646,3303.5,Utility,land_use,0.9,29.5,3433.8
ghsl_5929_cell_01896,91,50,35.77152950625398,140.0454388587006,677.5,Residential,heuristic,0.8,20.4,3041.8
ghsl_5929_cell_01897,92,50,35.77152950625397,140.05679834597467,360.6,Green,land_use,64.7,33.1,2034.5
ghsl_5929_cell_01898,93,50,35.77152950625398,140.06815783324876,3414.9,Industrial,land_use,14.7,24.4,1065.7
ghsl_5929_cell_01899,94,50,35.77152950625397,140.07951732052285,1806.9,Industrial,land_use,24.0,9.5,485.8
ghsl_5929_cell_01900,95,50,35.771529506253984,140.09087680779697,1419.3,Residential,heuristic,20.0,24.5,485.9
ghsl_5929_cell_01901,96,50,35.77152950625398,140.10223629507104,4659.0,Civic,land_use,6.1,21.9,382.5
ghsl_5929_cell_01902,25,51,35.76277404014111,139.28614729093096,233.4,Residential,heuristic,0.3,213.6,383.6
ghsl_5929_cell_01903,26,51,35.76277404014112,139.29750599815145,2491.2,Civic,land_use,10.6,128.6,1210.1
ghsl_5929_cell_01904,27,51,35.76277404014112,139.30886470537192,6820.8,Civic,land_use,11.6,148.7,2190.1
ghsl_5929_cell_01905,28,51,35.76277404014111,139.32022341259236,7283.4,Residential,land_use,3.7,153.0,3199.8
ghsl_5929_cell_01906,29,51,35.76277404014112,139.3315821198128,5644.1,Commercial,land_use,8.4,151.2,4218.0
ghsl_5929_cell_01907,30,51,35.76277404014111,139.34294082703326,1818.2,Green,land_use,44.4,139.5,5239.6
ghsl_5929_cell_01908,31,51,35.76277404014112,139.35429953425373,2635.8,Commercial,land_use,17.0,133.7,6263.1
ghsl_5929_cell_01909,32,51,35.76277404014111,139.3656582414742,4683.2,Commercial,land_use,2.9,132.5,7287.6
ghsl_5929_cell_01910,33,51,35.76277404014112,139.37701694869466,1955.2,Civic,land_use,2.2,164.0,8051.3
ghsl_5929_cell_01911,34,51,35.76277404014112,139.38837565591515,432.3,Industrial,land_use,0.8,161.5,8817.5
ghsl_5929_cell_01912,35,51,35.76277404014111,139.3997343631356,193.2,Residential,heuristic,0.1,158.2,9583.6
ghsl_5929_cell_01913,36,51,35.7627740401411,139.41109307035603,456.5,Residential,land_use,0.0,113.0,10349.7
ghsl_5929_cell_01914,37,51,35.76277404014112,139.42245177757653,52.9,Residential,heuristic,0.0,101.0,11116.8
ghsl_5929_cell_01915,38,51,35.76277404014112,139.43381048479696,1323.0,Residential,heuristic,0.0,101.0,11911.2
ghsl_5929_cell_01916,39,51,35.76277404014111,139.44516919201743,6013.3,Civic,land_use,25.9,78.7,12738.9
ghsl_5929_cell_01917,40,51,35.76277404014112,139.4565278992379,8293.6,Civic,land_use,4.8,79.6,13593.8
ghsl_5929_cell_01918,41,51,35.76277404014111,139.46788660645836,11249.6,Civic,land_use,1.7,75.1,14471.1
ghsl_5929_cell_01919,42,51,35.76277404014111,139.47924531367886,9196.0,Civic,land_use,0.7,69.4,15366.9
ghsl_5929_cell_01920,43,51,35.76277404014112,139.49060402089933,7782.3,Civic,land_use,0.3,70.8,16278.2
ghsl_5929_cell_01921,44,51,35.76277404014112,139.50196272811974,8000.9,Residential,land_use,2.1,63.7,17202.5
ghsl_5929_cell_01922,45,51,35.76277404014111,139.5133214353402,8486.7,Civic,land_use,6.8,68.8,18137.8
ghsl_5929_cell_01923,46,51,35.76277404014111,139.52468014256067,9836.1,Civic,land_use,5.1,48.0,19082.5
ghsl_5929_cell_01924,47,51,35.76277404014112,139.53603884978116,12249.9,Civic,land_use,3.1,47.9,20035.3
ghsl_5929_cell_01925,48,51,35.76277404014112,139.5473975570016,8838.5,Civic,land_use,11.6,42.2,20902.8
ghsl_5929_cell_01926,49,51,35.76277404014111,139.55875626422204,7015.4,Civic,land_use,3.5,51.1,21235.8
ghsl_5929_cell_01927,50,51,35.76277404014112,139.57011497144254,10927.1,Civic,land_use,10.1,49.9,21612.3
ghsl_5929_cell_01928,51,51,35.76277404014111,139.581473678663,13206.1,Civic,land_use,14.4,49.5,22030.3
ghsl_5929_cell_01929,52,51,35.76277404014112,139.59283238588347,15759.2,Civic,land_use,10.7,48.3,22487.3
ghsl_5929_cell_01930,53,51,35.76277404014111,139.60419109310394,14023.7,Civic,land_use,13.8,45.5,22976.2
ghsl_5929_cell_01931,54,51,35.76277404014112,139.6155498003244,14512.7,Civic,land_use,10.7,41.5,23394.1
ghsl_5929_cell_01932,55,51,35.7627740401411,139.62690850754484,11143.6,Green,land_use,82.6,39.7,22625.7
ghsl_5929_cell_01933,56,51,35.76277404014111,139.6382672147653,14817.1,Civic,land_use,7.9,35.2,21868.8
ghsl_5929_cell_01934,57,51,35.76277404014112,139.64962592198577,14629.1,Civic,land_use,7.5,33.8,21134.9
ghsl_5929_cell_01935,58,51,35.76277404014111,139.66098462920624,20411.5,Utility,land_use,3.2,38.7,20426.3
ghsl_5929_cell_01936,59,51,35.76277404014111,139.6723433364267,17594.1,Civic,land_use,2.2,32.4,19745.9
ghsl_5929_cell_01937,60,51,35.76277404014112,139.68370204364717,18800.5,Civic,land_use,3.7,32.2,19096.6
ghsl_5929_cell_01938,61,51,35.76277404014111,139.69506075086764,17637.0,Civic,land_use,3.7,35.0,18481.7
ghsl_5929_cell_01939,62,51,35.76277404014111,139.70641945808808,20426.0,Civic,land_use,3.7,26.3,17904.8
ghsl_5929_cell_01940,63,51,35.76277404014112,139.71777816530852,18273.0,Civic,land_use,3.3,22.4,17369.6
ghsl_5929_cell_01941,64,51,35.76277404014111,139.729136872529,23063.1,Residential,land_use,3.2,12.7,16880.1
ghsl_5929_cell_01942,65,51,35.7627740401411,139.7404955797495,20706.6,Civic,land_use,4.2,5.3,16440.4
ghsl_5929_cell_01943,66,51,35.76277404014112,139.75185428696994,15614.9,Residential,land_use,7.1,1.9,16054.5
ghsl_5929_cell_01944,67,51,35.76277404014112,139.7632129941904,7667.5,Industrial,land_use,28.6,3.3,15726.6
ghsl_5929_cell_01945,68,51,35.76277404014112,139.77457170141088,12896.9,Residential,land_use,6.4,3.6,15460.1
ghsl_5929_cell_01946,69,51,35.76277404014111,139.78593040863132,13060.5,Commercial,land_use,3.8,4.7,15087.6
ghsl_5929_cell_01947,70,51,35.76277404014112,139.7972891158518,8703.9,Civic,land_use,8.1,3.1,14749.7
ghsl_5929_cell_01948,71,51,35.76277404014112,139.80864782307228,9348.8,Civic,land_use,7.6,2.2,14477.1
ghsl_5929_cell_01949,72,51,35.76277404014111,139.82000653029274,15225.9,Civic,land_use,2.9,0.0,14273.5
ghsl_5929_cell_01950,73,51,35.76277404014112,139.83136523751318,16124.8,Civic,land_use,4.0,3.4,14141.9
ghsl_5929_cell_01951,74,51,35.76277404014112,139.84272394473365,19194.1,Civic,land_use,4.0,2.0,13742.2
ghsl_5929_cell_01952,75,51,35.76277404014111,139.85408265195412,15370.3,Commercial,land_use,3.6,0.0,13169.9
ghsl_5929_cell_01953,76,51,35.76277404014111,139.86544135917458,16312.3,Civic,land_use,4.7,2.5,12655.3
ghsl_5929_cell_01954,77,51,35.76277404014112,139.87680006639505,8203.9,Industrial,land_use,21.7,3.7,12205.7
ghsl_5929_cell_01955,78,51,35.7627740401411,139.8881587736155,1369.7,Green,land_use,52.6,3.6,11725.9
ghsl_5929_cell_01956,79,51,35.76277404014111,139.89951748083598,7102.3,Civic,land_use,12.1,23.7,11254.1
ghsl_5929_cell_01957,80,51,35.76277404014111,139.91087618805645,8299.6,Civic,land_use,13.0,23.9,10859.4
ghsl_5929_cell_01958,81,51,35.7627740401411,139.92223489527686,6631.8,Civic,land_use,9.2,6.4,10550.4
ghsl_5929_cell_01959,82,51,35.76277404014111,139.93359360249735,6899.7,Residential,heuristic,9.3,23.0,9937.4
ghsl_5929_cell_01960,83,51,35.76277404014112,139.94495230971785,2334.7,Utility,land_use,12.1,24.4,9088.4
ghsl_5929_cell_01961,84,51,35.76277404014111,139.9563110169383,2430.1,Residential,heuristic,2.0,27.3,8279.8
ghsl_5929_cell_01962,85,51,35.76277404014111,139.96766972415875,2258.6,Utility,land_use,4.6,26.5,7524.6
ghsl_5929_cell_01963,86,51,35.76277404014112,139.9790284313792,780.8,Green,land_use,44.6,15.9,6840.6
ghsl_5929_cell_01964,87,51,35.76277404014111,139.99038713859966,5261.3,Civic,land_use,2.0,21.2,6222.5
ghsl_5929_cell_01965,88,51,35.76277404014111,140.00174584582012,6737.4,Residential,heuristic,4.3,24.5,5539.0
ghsl_5929_cell_01966,89,51,35.76277404014111,140.0131045530406,7743.5,Residential,heuristic,4.7,29.8,4974.9
ghsl_5929_cell_01967,90,51,35.76277404014112,140.02446326026106,8761.8,Residential,land_use,6.8,23.5,4574.7
ghsl_5929_cell_01968,91,51,35.76277404014111,140.03582196748152,4353.7,Civic,land_use,21.0,28.0,4137.7
ghsl_5929_cell_01969,92,51,35.76277404014111,140.047180674702,2365.1,Civic,land_use,30.6,30.9,3196.9
ghsl_5929_cell_01970,93,51,35.76277404014112,140.05853938192246,1802.9,Green,land_use,65.7,28.5,2330.2
ghsl_5929_cell_01971,94,51,35.76277404014111,140.06989808914292,3539.5,Civic,land_use,16.8,40.4,1658.1
ghsl_5929_cell_01972,95,51,35.76277404014111,140.0812567963634,542.0,Green,land_use,79.5,28.0,1457.2
ghsl_5929_cell_01973,96,51,35.76277404014112,140.09261550358383,3068.3,Residential,heuristic,0.0,28.8,1065.6
ghsl_5929_cell_01974,97,51,35.76277404014112,140.1039742108043,542.7,Residential,heuristic,0.0,19.6,485.7
ghsl_5929_cell_01975,98,51,35.76277404014111,140.11533291802473,1112.6,Residential,heuristic,0.0,27.4,485.8
ghsl_5929_cell_01976,99,51,35.76277404014112,140.1266916252452,1780.4,Civic,land_use,1.0,18.2,382.6
ghsl_5929_cell_01977,25,52,35.75401893648548,139.27658607169676,114.2,Civic,land_use,2.4,271.1,383.7
ghsl_5929_cell_01978,26,52,35.75401893648547,139.28794399920514,722.3,Civic,land_use,1.7,175.6,1150.9
ghsl_5929_cell_01979,27,52,35.75401893648548,139.2993019267135,518.0,Residential,heuristic,0.5,222.2,1918.1
ghsl_5929_cell_01980,28,52,35.75401893648548,139.31065985422188,4457.2,Residential,land_use,6.7,125.9,2721.0
ghsl_5929_cell_01981,29,52,35.75401893648548,139.32201778173032,7668.4,Residential,land_use,6.6,142.7,3630.4
ghsl_5929_cell_01982,30,52,35.75401893648548,139.33337570923874,7952.1,Utility,land_use,23.3,144.4,4589.8
ghsl_5929_cell_01983,31,52,35.75401893648547,139.3447336367471,2043.8,Utility,land_use,35.4,136.1,5573.3
ghsl_5929_cell_01984,32,52,35.75401893648548,139.35609156425554,3042.7,Industrial,land_use,17.9,130.9,6570.3
ghsl_5929_cell_01985,33,52,35.75401893648548,139.3674494917639,4589.6,Civic,land_use,1.2,124.9,7575.3
ghsl_5929_cell_01986,34,52,35.75401893648547,139.3788074192723,6191.5,Civic,land_use,1.8,124.0,8585.5
ghsl_5929_cell_01987,35,52,35.75401893648548,139.3901653467807,5127.1,Civic,land_use,1.0,121.5,9585.3
ghsl_5929_cell_01988,36,52,35.75401893648547,139.40152327428905,5890.9,Residential,heuristic,0.2,112.5,10351.4
ghsl_5929_cell_01989,37,52,35.75401893648547,139.4128812017975,6029.7,Civic,land_use,17.6,105.3,11117.5
ghsl_5929_cell_01990,38,52,35.75401893648547,139.42423912930585,5978.2,Civic,land_use,0.7,98.0,11883.5
ghsl_5929_cell_01991,39,52,35.75401893648548,139.43559705681426,6935.3,Civic,land_use,24.9,95.9,12651.4
ghsl_5929_cell_01992,40,52,35.75401893648547,139.44695498432264,9498.4,Civic,land_use,0.4,87.6,13445.9
ghsl_5929_cell_01993,41,52,35.75401893648547,139.45831291183103,9724.3,Industrial,land_use,2.0,81.8,14270.2
ghsl_5929_cell_01994,42,52,35.75401893648548,139.4696708393395,11565.6,Residential,land_use,0.9,76.6,15119.2
ghsl_5929_cell_01995,43,52,35.75401893648548,139.48102876684783,11226.1,Civic,land_use,0.8,71.1,15989.1
ghsl_5929_cell_01996,44,52,35.75401893648547,139.49238669435624,7973.6,Civic,land_use,6.7,66.9,16876.6
ghsl_5929_cell_01997,45,52,35.75401893648547,139.50374462186463,9291.9,Residential,land_use,9.8,62.5,17779.2
ghsl_5929_cell_01998,46,52,35.75401893648547,139.515102549373,10574.3,Civic,land_use,5.2,58.9,18694.5
ghsl_5929_cell_01999,47,52,35.75401893648547,139.52646047688143,8780.7,Civic,land_use,12.1,48.6,19620.9
ghsl_5929_cell_02000,48,52,35.75401893648548,139.53781840438978,8870.2,Civic,land_use,4.0,59.4,20556.8
ghsl_5929_cell_02001,49,52,35.75401893648547,139.54917633189822,11551.0,Civic,land_use,6.5,57.7,21501.1
ghsl_5929_cell_02002,50,52,35.75401893648547,139.56053425940664,12577.7,Civic,land_use,11.5,53.8,22203.6
ghsl_5929_cell_02003,51,52,35.75401893648548,139.57189218691502,13273.3,Civic,land_use,15.5,51.1,22571.4
ghsl_5929_cell_02004,52,52,35.75401893648547,139.5832501144234,15611.0,Civic,land_use,5.0,42.9,22979.1
ghsl_5929_cell_02005,53,52,35.75401893648548,139.5946080419318,20451.2,Civic,land_use,3.5,50.5,23424.7
ghsl_5929_cell_02006,54,52,35.75401893648548,139.6059659694402,18042.9,Civic,land_use,7.6,46.4,23398.0
ghsl_5929_cell_02007,55,52,35.75401893648548,139.6173238969486,17687.8,Residential,land_use,10.4,47.2,22629.5
ghsl_5929_cell_02008,56,52,35.75401893648547,139.62868182445698,15652.6,Residential,land_use,15.6,44.0,21861.0
ghsl_5929_cell_02009,57,52,35.75401893648547,139.64003975196536,14605.8,Civic,land_use,8.0,39.7,21092.8
ghsl_5929_cell_02010,58,52,35.75401893648547,139.65139767947375,15999.4,Civic,land_use,7.7,38.7,20339.0
ghsl_5929_cell_02011,59,52,35.75401893648547,139.6627556069822,15506.3,Civic,land_use,3.0,38.4,19610.0
ghsl_5929_cell_02012,60,52,35.75401893648547,139.67411353449052,11570.5,Civic,land_use,37.7,34.3,18908.9
ghsl_5929_cell_02013,61,52,35.75401893648547,139.68547146199896,18160.8,Civic,land_use,2.7,29.6,18238.8
ghsl_5929_cell_02014,62,52,35.75401893648548,139.69682938950734,18882.7,Civic,land_use,1.5,25.5,17603.3
ghsl_5929_cell_02015,63,52,35.75401893648547,139.70818731701573,22682.8,Civic,land_use,7.7,35.2,17006.3
ghsl_5929_cell_02016,64,52,35.75401893648547,139.7195452445241,18490.2,Civic,land_use,10.7,21.8,16451.8
ghsl_5929_cell_02017,65,52,35.75401893648548,139.73090317203255,17761.6,Civic,land_use,16.7,24.6,15944.4
ghsl_5929_cell_02018,66,52,35.75401893648547,139.74226109954094,16902.3,Industrial,land_use,13.1,3.8,15488.8
ghsl_5929_cell_02019,67,52,35.75401893648548,139.75361902704933,16378.7,Residential,land_use,2.9,8.6,15089.5
ghsl_5929_cell_02020,68,52,35.75401893648548,139.76497695455774,10109.8,Residential,land_use,7.9,0.0,14751.2
ghsl_5929_cell_02021,69,52,35.75401893648548,139.77633488206612,5664.9,Civic,land_use,13.8,0.0,14478.1
ghsl_5929_cell_02022,70,52,35.75401893648548,139.7876928095745,10884.6,Residential,land_use,23.7,5.7,14125.2
ghsl_5929_cell_02023,71,52,35.75401893648547,139.7990507370829,12772.0,Civic,land_use,15.9,4.2,13775.6
ghsl_5929_cell_02024,72,52,35.75401893648548,139.8104086645913,11690.7,Residential,land_use,10.3,3.1,13495.4
ghsl_5929_cell_02025,73,52,35.75401893648548,139.82176659209966,11221.7,Civic,land_use,38.3,9.7,13289.1
ghsl_5929_cell_02026,74,52,35.75401893648548,139.83312451960808,15702.5,Civic,land_use,7.4,1.6,13160.1
ghsl_5929_cell_02027,75,52,35.75401893648548,139.84448244711646,17978.0,Residential,land_use,5.8,1.5,12867.6
ghsl_5929_cell_02028,76,52,35.75401893648547,139.85584037462488,15277.0,Civic,land_use,5.0,2.5,12267.9
ghsl_5929_cell_02029,77,52,35.75401893648548,139.8671983021333,13974.1,Civic,land_use,3.3,4.8,11727.6
ghsl_5929_cell_02030,78,52,35.75401893648548,139.87855622964167,12207.3,Utility,land_use,9.8,4.7,11255.5
ghsl_5929_cell_02031,79,52,35.75401893648547,139.88991415715006,5381.2,Civic,land_use,16.9,5.4,10808.2
ghsl_5929_cell_02032,80,52,35.75401893648547,139.90127208465844,7864.1,Civic,land_use,9.1,28.9,10310.3
ghsl_5929_cell_02033,81,52,35.75401893648547,139.91263001216686,6801.8,Industrial,land_use,12.7,27.2,9894.4
ghsl_5929_cell_02034,82,52,35.75401893648548,139.92398793967524,5835.2,Civic,land_use,10.9,8.1,9571.3
ghsl_5929_cell_02035,83,52,35.75401893648548,139.93534586718366,7462.4,Civic,land_use,1.3,25.9,9350.5
ghsl_5929_cell_02036,84,52,35.75401893648548,139.94670379469204,5549.8,Residential,heuristic,1.4,25.8,9239.5
ghsl_5929_cell_02037,85,52,35.75401893648548,139.95806172220045,8771.2,Civic,land_use,0.7,11.3,8826.5
ghsl_5929_cell_02038,86,52,35.75401893648547,139.9694196497088,4162.9,Civic,land_use,13.7,7.8,8142.3
ghsl_5929_cell_02039,87,52,35.75401893648547,139.98077757721722,2353.0,Residential,land_use,5.8,9.0,7523.9
ghsl_5929_cell_02040,88,52,35.75401893648548,139.99213550472564,6838.9,Civic,land_use,4.9,28.6,6839.9
ghsl_5929_cell_02041,89,52,35.75401893648547,140.00349343223405,5848.6,Civic,land_use,7.3,28.2,6250.5
ghsl_5929_cell_02042,90,52,35.75401893648547,140.01485135974244,6945.3,Civic,land_use,5.5,28.4,5784.7
ghsl_5929_cell_02043,91,52,35.75401893648548,140.02620928725085,7235.5,Residential,land_use,9.8,32.0,5327.8
ghsl_5929_cell_02044,92,52,35.75401893648548,140.03756721475924,5421.5,Civic,land_use,26.9,29.0,4438.4
ghsl_5929_cell_02045,93,52,35.75401893648547,140.0489251422676,4076.0,Civic,land_use,14.0,40.1,3622.5
ghsl_5929_cell_02046,94,52,35.75401893648547,140.06028306977598,2609.7,Residential,heuristic,30.3,36.6,2942.2
ghsl_5929_cell_02047,95,52,35.75401893648548,140.07164099728442,1125.3,Green,land_use,43.5,24.5,2509.9
ghsl_5929_cell_02048,96,52,35.75401893648548,140.0829989247928,1511.4,Civic,land_use,10.1,25.6,2330.1
ghsl_5929_cell_02049,97,52,35.75401893648547,140.09435685230116,519.1,Civic,land_use,0.6,36.9,1658.0
ghsl_5929_cell_02050,98,52,35.75401893648548,140.10571477980957,1015.6,Residential,land_use,7.1,2.2,1457.2
ghsl_5929_cell_02051,99,52,35.75401893648548,140.117072707318,3274.5,Residential,heuristic,2.5,21.6,1065.6
ghsl_5929_cell_02052,100,52,35.75401893648547,140.12843063482637,386.7,Green,land_use,52.2,24.1,382.6
ghsl_5929_cell_02053,24,53,35.74526419514372,139.25567189072342,1783.1,Civic,land_use,1.5,216.1,383.8
ghsl_5929_cell_02054,25,53,35.74526419514372,139.26702903886112,910.7,Civic,land_use,6.1,188.5,492.5
ghsl_5929_cell_02055,26,53,35.74526419514372,139.27838618699886,1692.4,Industrial,land_use,0.4,210.8,1151.1
ghsl_5929_cell_02056,27,53,35.745264195143726,139.28974333513656,1214.6,Industrial,land_use,4.3,163.4,1918.4
ghsl_5929_cell_02057,28,53,35.74526419514372,139.30110048327427,1951.2,Green,land_use,100.0,200.9,2685.6
ghsl_5929_cell_02058,29,53,35.74526419514372,139.312457631412,2501.1,Commercial,land_use,4.9,135.0,3452.8
ghsl_5929_cell_02059,30,53,35.74526419514372,139.32381477954974,8145.1,Civic,land_use,2.5,133.2,4250.1
ghsl_5929_cell_02060,31,53,35.74526419514372,139.3351719276875,8799.4,Commercial,land_use,3.9,139.4,5126.7
ghsl_5929_cell_02061,32,53,35.745264195143726,139.3465290758252,1741.3,Utility,land_use,50.2,131.6,6050.9
ghsl_5929_cell_02062,33,53,35.74526419514372,139.35788622396294,472.3,Green,land_use,100.0,126.5,7003.8
ghsl_5929_cell_02063,34,53,35.74526419514372,139.36924337210064,4866.6,Green,land_use,88.9,124.0,7975.2
ghsl_5929_cell_02064,35,53,35.74526419514372,139.38060052023835,6389.8,Commercial,land_use,0.4,123.5,8959.0
ghsl_5929_cell_02065,36,53,35.74526419514372,139.3919576683761,5579.7,Civic,land_use,3.7,114.7,9951.6
ghsl_5929_cell_02066,37,53,35.74526419514372,139.40331481651384,6876.5,Civic,land_use,5.3,111.4,10950.6
ghsl_5929_cell_02067,38,53,35.74526419514372,139.41467196465155,8659.4,Residential,land_use,4.6,105.2,11885.5
ghsl_5929_cell_02068,39,53,35.74526419514372,139.42602911278928,9100.0,Civic,land_use,0.8,105.1,12651.5
ghsl_5929_cell_02069,40,53,35.74526419514372,139.43738626092698,9151.4,Civic,land_use,0.9,94.6,13417.4
ghsl_5929_cell_02070,41,53,35.74526419514372,139.44874340906475,7723.3,Residential,land_use,6.4,87.5,14186.3
ghsl_5929_cell_02071,42,53,35.74526419514372,139.46010055720245,9080.1,Civic,land_use,15.1,83.0,14980.9
ghsl_5929_cell_02072,43,53,35.74526419514372,139.47145770534016,10564.2,Residential,land_use,2.1,79.7,15802.3
ghsl_5929_cell_02073,44,53,35.74526419514372,139.48281485347792,6265.9,Civic,land_use,1.6,70.1,16646.5
ghsl_5929_cell_02074,45,53,35.74526419514372,139.49417200161565,6837.0,Green,land_use,66.2,73.1,17510.3
ghsl_5929_cell_02075,46,53,35.74526419514372,139.50552914975333,9775.9,Residential,land_use,6.2,67.3,18390.8
ghsl_5929_cell_02076,47,53,35.745264195143726,139.51688629789106,9824.3,Civic,land_use,0.9,63.3,19285.7
ghsl_5929_cell_02077,48,53,35.74526419514372,139.52824344602882,9747.4,Residential,land_use,18.3,64.1,20193.2
ghsl_5929_cell_02078,49,53,35.74526419514372,139.53960059416656,16490.6,Residential,land_use,18.1,63.0,21111.7
ghsl_5929_cell_02079,50,53,35.74526419514372,139.55095774230423,11345.6,Civic,land_use,13.1,58.3,22039.7
ghsl_5929_cell_02080,51,53,35.74526419514372,139.56231489044197,12539.2,Utility,land_use,8.1,57.0,22976.1
ghsl_5929_cell_02081,52,53,35.74526419514372,139.5736720385797,11893.2,Civic,land_use,9.4,54.3,23532.6
ghsl_5929_cell_02082,53,53,35.745264195143726,139.58502918671746,14322.6,Civic,land_use,9.4,51.2,23930.8
ghsl_5929_cell_02083,54,53,35.74526419514372,139.59638633485514,17341.3,Civic,land_use,9.4,49.7,23411.1
ghsl_5929_cell_02084,55,53,35.745264195143726,139.6077434829929,16285.1,Residential,land_use,4.5,47.5,22633.2
ghsl_5929_cell_02085,56,53,35.74526419514372,139.6191006311306,15264.8,Civic,land_use,3.3,40.1,21864.7
ghsl_5929_cell_02086,57,53,35.74526419514372,139.63045777926834,14452.8,Civic,land_use,8.0,38.3,21096.2
ghsl_5929_cell_02087,58,53,35.74526419514372,139.64181492740605,14937.7,Civic,land_use,6.6,36.1,20327.8
ghsl_5929_cell_02088,59,53,35.74526419514372,139.65317207554378,14778.9,Civic,land_use,9.6,31.8,19560.1
ghsl_5929_cell_02089,60,53,35.74526419514372,139.6645292236815,14286.5,Civic,land_use,2.9,35.6,18809.7
ghsl_5929_cell_02090,61,53,35.74526419514372,139.67588637181925,15720.4,Civic,land_use,1.2,34.4,18086.7
ghsl_5929_cell_02091,62,53,35.74526419514372,139.68724351995695,17879.7,Civic,land_use,2.5,38.8,17394.4
ghsl_5929_cell_02092,63,53,35.74526419514372,139.69860066809468,17877.8,Civic,land_use,2.3,35.8,16736.6
ghsl_5929_cell_02093,64,53,35.74526419514372,139.70995781623242,20782.4,Utility,land_use,1.9,26.6,16117.7
ghsl_5929_cell_02094,65,53,35.74526419514372,139.72131496437012,26253.7,Residential,land_use,3.9,30.9,15542.1
ghsl_5929_cell_02095,66,53,35.74526419514372,139.73267211250786,17891.1,Civic,land_use,3.3,27.6,15015.0
ghsl_5929_cell_02096,67,53,35.74526419514372,139.7440292606456,15473.0,Industrial,land_use,10.5,32.4,14541.5
ghsl_5929_cell_02097,68,53,35.74526419514372,139.75538640878332,16414.5,Utility,land_use,1.9,6.7,14127.0
ghsl_5929_cell_02098,69,53,35.74526419514372,139.76674355692106,21313.6,Utility,land_use,2.6,5.1,13777.0
ghsl_5929_cell_02099,70,53,35.745264195143726,139.77810070505876,22694.9,Civic,land_use,2.4,5.3,13496.4
ghsl_5929_cell_02100,71,53,35.74526419514372,139.7894578531965,14577.3,Civic,land_use,11.4,4.1,13166.0
ghsl_5929_cell_02101,72,53,35.74526419514372,139.80081500133423,14587.5,Civic,land_use,5.2,7.2,12803.0
ghsl_5929_cell_02102,73,53,35.745264195143726,139.81217214947196,12532.4,Civic,land_use,10.1,2.8,12514.2
ghsl_5929_cell_02103,74,53,35.74526419514372,139.82352929760967,11669.2,Civic,land_use,10.3,0.7,12304.8
ghsl_5929_cell_02104,75,53,35.74526419514372,139.8348864457474,17355.3,Civic,land_use,4.6,2.8,12178.7
ghsl_5929_cell_02105,76,53,35.74526419514372,139.84624359388513,20358.3,Residential,land_use,5.4,5.0,12010.0
ghsl_5929_cell_02106,77,53,35.745264195143726,139.85760074202287,10923.2,Commercial,land_use,1.8,2.3,11379.4
ghsl_5929_cell_02107,78,53,35.74526419514372,139.86895789016057,11012.7,Residential,land_use,12.7,4.5,10809.9
ghsl_5929_cell_02108,79,53,35.74526419514372,139.8803150382983,14779.5,Civic,land_use,3.1,5.2,10311.6
ghsl_5929_cell_02109,80,53,35.74526419514372,139.89167218643604,8731.6,Civic,land_use,10.1,3.3,9895.4
ghsl_5929_cell_02110,81,53,35.74526419514372,139.90302933457372,6166.6,Civic,land_use,7.6,23.4,9374.7
ghsl_5929_cell_02111,82,53,35.74526419514372,139.91438648271148,8204.7,Civic,land_use,9.5,22.6,8933.6
ghsl_5929_cell_02112,83,53,35.74526419514372,139.9257436308492,7745.3,Civic,land_use,5.8,6.7,8593.3
ghsl_5929_cell_02113,84,53,35.74526419514372,139.93710077898695,8216.7,Residential,heuristic,1.1,23.4,8366.3
ghsl_5929_cell_02114,85,53,35.74526419514372,139.94845792712465,9011.2,Residential,heuristic,2.2,8.8,8261.7
ghsl_5929_cell_02115,86,53,35.74526419514372,139.95981507526238,7620.0,Civic,land_use,4.1,11.1,8255.0
ghsl_5929_cell_02116,87,53,35.74526419514372,139.9711722234001,2954.7,Industrial,land_use,7.7,26.2,8284.4
ghsl_5929_cell_02117,88,53,35.74526419514372,139.98252937153785,6926.9,Civic,land_use,22.2,20.2,8141.5
ghsl_5929_cell_02118,89,53,35.74526419514372,139.99388651967556,7332.2,Civic,land_use,7.4,26.9,7535.5
ghsl_5929_cell_02119,90,53,35.74526419514372,140.0052436678133,7672.0,Residential,land_use,8.6,28.2,7028.0
ghsl_5929_cell_02120,91,53,35.74526419514372,140.016600815951,5200.1,Civic,land_use,21.7,30.8,6561.0
ghsl_5929_cell_02121,92,53,35.745264195143726,140.02795796408873,5189.7,Civic,land_use,34.2,30.6,5707.4
ghsl_5929_cell_02122,93,53,35.74526419514372,140.03931511222643,7305.3,Residential,land_use,12.6,29.9,4920.7
ghsl_5929_cell_02123,94,53,35.745264195143726,140.0506722603642,2484.9,Green,land_use,43.2,34.4,4238.0
ghsl_5929_cell_02124,95,53,35.74526419514372,140.06202940850193,1079.1,Green,land_use,41.1,17.2,3717.4
ghsl_5929_cell_02125,96,53,35.745264195143726,140.07338655663963,1495.3,Civic,land_use,5.9,20.4,3433.1
ghsl_5929_cell_02126,97,53,35.74526419514372,140.08474370477737,1130.8,Residential,heuristic,12.2,22.3,2942.0
ghsl_5929_cell_02127,98,53,35.74526419514372,140.0961008529151,959.4,Residential,heuristic,8.0,16.4,2509.8
ghsl_5929_cell_02128,99,53,35.74526419514372,140.10745800105278,1617.8,Residential,heuristic,0.0,7.9,2034.5
ghsl_5929_cell_02129,100,53,35.745264195143726,140.11881514919054,1873.8,Civic,land_use,0.9,27.4,1065.5
ghsl_5929_cell_02130,101,53,35.745264195143726,140.13017229732824,1549.8,Civic,land_use,0.6,39.2,382.7
ghsl_5929_cell_02131,23,54,35.736509815972546,139.2347634521627,898.9,Utility,land_use,0.1,285.7,383.9
ghsl_5929_cell_02132,24,54,35.736509815972546,139.24611982127098,1681.7,Residential,heuristic,2.8,278.9,492.5
ghsl_5929_cell_02133,25,54,35.736509815972546,139.25747619037926,3632.7,Civic,land_use,21.9,180.9,1151.4
ghsl_5929_cell_02134,26,54,35.736509815972546,139.26883255948758,2642.9,Civic,land_use,24.0,170.8,1477.4
ghsl_5929_cell_02135,27,54,35.736509815972546,139.28018892859583,3527.1,Industrial,land_use,8.4,165.6,1934.1
ghsl_5929_cell_02136,28,54,35.736509815972546,139.2915452977041,4929.0,Civic,land_use,2.0,153.1,2505.8
ghsl_5929_cell_02137,29,54,35.736509815972546,139.3029016668124,4350.7,Civic,land_use,23.0,133.8,2933.6
ghsl_5929_cell_02138,30,54,35.736509815972546,139.3142580359207,5200.5,Residential,heuristic,8.3,136.9,3611.7
ghsl_5929_cell_02139,31,54,35.736509815972546,139.325614405029,7902.8,Civic,land_use,2.1,121.7,4426.6
ghsl_5929_cell_02140,32,54,35.736509815972546,139.33697077413726,7795.0,Civic,land_use,4.9,133.5,5315.6
ghsl_5929_cell_02141,33,54,35.736509815972546,139.34832714324557,2578.8,Residential,heuristic,38.3,127.4,6247.3
ghsl_5929_cell_02142,34,54,35.736509815972546,139.35968351235385,3740.9,Green,land_use,45.6,123.0,7205.0
ghsl_5929_cell_02143,35,54,35.736509815972546,139.37103988146214,6162.0,Civic,land_use,13.8,117.4,8179.7
ghsl_5929_cell_02144,36,54,35.736509815972546,139.3823962505704,4653.3,Residential,land_use,0.2,112.5,9165.9
ghsl_5929_cell_02145,37,54,35.736509815972546,139.3937526196787,3879.2,Civic,land_use,1.9,110.2,10160.4
ghsl_5929_cell_02146,38,54,35.736509815972546,139.405108988787,7916.6,Civic,land_use,7.7,108.1,11160.7
ghsl_5929_cell_02147,39,54,35.73650981597254,139.41646535789528,12420.1,Civic,land_use,10.3,105.6,12165.7
ghsl_5929_cell_02148,40,54,35.736509815972546,139.4278217270036,9800.1,Civic,land_use,12.0,97.5,13174.0
ghsl_5929_cell_02149,41,54,35.736509815972546,139.43917809611187,9044.5,Civic,land_use,8.9,94.0,14185.2
ghsl_5929_cell_02150,42,54,35.736509815972546,139.45053446522016,9094.4,Residential,land_use,11.1,87.9,14951.5
ghsl_5929_cell_02151,43,54,35.736509815972546,139.46189083432844,7941.3,Industrial,land_use,12.4,84.4,15721.4
ghsl_5929_cell_02152,44,54,35.736509815972546,139.47324720343676,9159.5,Civic,land_use,6.1,76.5,16516.1
ghsl_5929_cell_02153,45,54,35.736509815972546,139.48460357254498,10058.8,Civic,land_use,6.2,74.1,17335.2
ghsl_5929_cell_02154,46,54,35.736509815972546,139.4959599416533,9182.6,Residential,land_use,20.3,72.2,18175.4
ghsl_5929_cell_02155,47,54,35.736509815972546,139.50731631076158,8719.8,Residential,land_use,9.6,69.9,19033.9
ghsl_5929_cell_02156,48,54,35.736509815972546,139.51867267986987,8443.6,Commercial,land_use,25.1,66.0,19908.3
ghsl_5929_cell_02157,49,54,35.736509815972546,139.53002904897815,11991.9,Residential,land_use,12.8,65.2,20796.7
ghsl_5929_cell_02158,50,54,35.736509815972546,139.5413854180865,8747.7,Civic,land_use,9.5,57.9,21697.2
ghsl_5929_cell_02159,51,54,35.736509815972546,139.55274178719475,13217.5,Civic,land_use,5.7,59.4,22608.6
ghsl_5929_cell_02160,52,54,35.736509815972546,139.56409815630303,13256.6,Residential,land_use,11.7,55.4,23529.4
ghsl_5929_cell_02161,53,54,35.736509815972546,139.57545452541132,14692.7,Civic,land_use,8.9,55.0,24318.2
ghsl_5929_cell_02162,54,54,35.736509815972546,139.5868108945196,13438.7,Civic,land_use,16.9,52.2,23487.5
ghsl_5929_cell_02163,55,54,35.736509815972546,139.5981672636279,10016.4,Civic,land_use,33.3,48.8,22672.9
ghsl_5929_cell_02164,56,54,35.736509815972546,139.60952363273617,15714.0,Residential,land_use,5.8,48.1,21876.4
ghsl_5929_cell_02165,57,54,35.736509815972546,139.62088000184443,12768.7,Civic,land_use,4.8,45.6,21099.7
ghsl_5929_cell_02166,58,54,35.736509815972546,139.63223637095277,15716.5,Civic,land_use,2.7,48.3,20331.2
ghsl_5929_cell_02167,59,54,35.736509815972546,139.64359274006105,17503.2,Civic,land_use,2.7,46.8,19562.8
ghsl_5929_cell_02168,60,54,35.73650981597254,139.65494910916934,20872.1,Civic,land_use,4.7,50.3,18794.4
ghsl_5929_cell_02169,61,54,35.736509815972546,139.66630547827765,18116.5,Civic,land_use,4.0,42.3,18027.4
ghsl_5929_cell_02170,62,54,35.736509815972546,139.6776618473859,19056.5,Civic,land_use,3.5,41.1,17281.2
ghsl_5929_cell_02171,63,54,35.736509815972546,139.6890182164942,17814.2,Civic,land_use,2.6,37.6,16565.2
ghsl_5929_cell_02172,64,54,35.736509815972546,139.7003745856025,18031.2,Civic,land_use,1.6,31.1,15883.5
ghsl_5929_cell_02173,65,54,35.736509815972546,139.71173095471076,23740.3,Utility,land_use,3.2,37.4,15240.7
ghsl_5929_cell_02174,66,54,35.736509815972546,139.72308732381904,25056.2,Civic,land_use,3.0,24.5,14642.0
ghsl_5929_cell_02175,67,54,35.736509815972546,139.73444369292736,20941.2,Civic,land_use,8.7,29.6,14092.8
ghsl_5929_cell_02176,68,54,35.736509815972546,139.74580006203564,19356.2,Residential,land_use,14.1,28.2,13599.4
ghsl_5929_cell_02177,69,54,35.736509815972546,139.75715643114393,21538.7,Civic,land_use,2.7,22.0,13167.8
ghsl_5929_cell_02178,70,54,35.736509815972546,139.7685128002522,22054.9,Utility,land_use,2.4,9.4,12804.4
ghsl_5929_cell_02179,71,54,35.736509815972546,139.77986916936052,22904.9,Industrial,land_use,5.3,6.7,12515.1
ghsl_5929_cell_02180,72,54,35.73650981597254,139.7912255384688,21039.8,Civic,land_use,9.0,3.8,12210.7
ghsl_5929_cell_02181,73,54,35.736509815972546,139.80258190757712,21693.0,Utility,land_use,2.7,1.2,11832.4
ghsl_5929_cell_02182,74,54,35.736509815972546,139.8139382766854,9793.6,Green,land_use,61.8,0.0,11533.5
ghsl_5929_cell_02183,75,54,35.736509815972546,139.82529464579363,8626.2,Civic,land_use,22.0,0.0,11320.4
ghsl_5929_cell_02184,76,54,35.736509815972546,139.83665101490195,16573.3,Civic,land_use,5.1,3.1,11198.0
ghsl_5929_cell_02185,77,54,35.736509815972546,139.84800738401023,15126.8,Civic,land_use,2.6,2.1,11167.4
ghsl_5929_cell_02186,78,54,35.73650981597255,139.85936375311852,9668.9,Civic,land_use,5.7,0.0,10507.8
ghsl_5929_cell_02187,79,54,35.736509815972546,139.87072012222683,12617.7,Civic,land_use,4.8,3.9,9904.8
ghsl_5929_cell_02188,80,54,35.736509815972546,139.88207649133508,19575.1,Civic,land_use,1.8,4.2,9376.0
ghsl_5929_cell_02189,81,54,35.736509815972546,139.89343286044337,11540.5,Civic,land_use,9.2,3.2,8934.5
ghsl_5929_cell_02190,82,54,35.736509815972546,139.90478922955165,7367.6,Green,land_use,100.0,4.3,8450.0
ghsl_5929_cell_02191,83,54,35.73650981597254,139.91614559865997,10123.1,Civic,land_use,3.1,5.2,7978.4
ghsl_5929_cell_02192,84,54,35.736509815972546,139.92750196776825,8928.7,Civic,land_use,3.0,4.2,7616.9
ghsl_5929_cell_02193,85,54,35.736509815972546,139.93885833687654,8128.4,Civic,land_use,0.5,7.2,7382.0
ghsl_5929_cell_02194,86,54,35.736509815972546,139.95021470598482,5836.1,Civic,land_use,23.9,2.2,7285.8
ghsl_5929_cell_02195,87,54,35.736509815972546,139.96157107509308,6532.8,Civic,land_use,5.6,12.0,7283.7
ghsl_5929_cell_02196,88,54,35.736509815972546,139.9729274442014,6515.2,Residential,heuristic,9.0,25.7,7333.8
ghsl_5929_cell_02197,89,54,35.736509815972546,139.98428381330967,6762.3,Civic,land_use,10.1,25.6,7523.3
ghsl_5929_cell_02198,90,54,35.736509815972546,139.99564018241796,5636.2,Residential,land_use,35.1,28.0,7843.9
ghsl_5929_cell_02199,91,54,35.736509815972546,140.0069965515263,3239.7,Residential,land_use,37.9,28.4,7816.7
ghsl_5929_cell_02200,92,54,35.736509815972546,140.01835292063456,7547.6,Civic,land_use,12.5,29.9,6988.9
ghsl_5929_cell_02201,93,54,35.736509815972546,140.02970928974284,6030.2,Residential,land_use,29.8,25.7,6220.8
ghsl_5929_cell_02202,94,54,35.736509815972546,140.04106565885112,7237.1,Residential,land_use,11.7,24.6,5537.3
ghsl_5929_cell_02203,95,54,35.736509815972546,140.0524220279594,5817.3,Civic,land_use,12.0,26.1,4973.4
ghsl_5929_cell_02204,96,54,35.736509815972546,140.0637783970677,3627.9,Civic,land_use,20.9,21.3,4573.5
ghsl_5929_cell_02205,97,54,35.736509815972546,140.07513476617598,6133.8,Industrial,land_use,1.9,29.4,4237.7
ghsl_5929_cell_02206,98,54,35.736509815972546,140.08649113528423,3093.7,Residential,heuristic,3.9,25.8,3717.1
ghsl_5929_cell_02207,99,54,35.736509815972546,140.09784750439255,5487.4,Industrial,land_use,0.3,24.6,3041.9
ghsl_5929_cell_02208,100,54,35.73650981597254,140.10920387350083,3374.7,Civic,land_use,2.6,8.2,2034.4
ghsl_5929_cell_02209,101,54,35.736509815972546,140.12056024260914,2177.6,Civic,land_use,0.0,26.8,1065.4
ghsl_5929_cell_02210,102,54,35.736509815972546,140.13191661171743,4315.8,Industrial,land_use,0.0,39.0,485.7
ghsl_5929_cell_02211,103,54,35.736509815972546,140.1432729808257,4047.0,Industrial,land_use,5.7,26.0,486.0
ghsl_5929_cell_02212,104,54,35.736509815972546,140.154629349934,1677.7,Civic,land_use,15.2,7.9,486.3
ghsl_5929_cell_02213,105,54,35.736509815972546,140.16598571904228,1779.0,Residential,heuristic,5.8,9.2,486.4
ghsl_5929_cell_02214,106,54,35.736509815972546,140.17734208815057,3186.9,Civic,land_use,15.1,28.1,486.4
ghsl_5929_cell_02215,107,54,35.736509815972546,140.18869845725885,2922.3,Industrial,land_use,26.4,5.1,486.2
ghsl_5929_cell_02216,108,54,35.736509815972546,140.20005482636716,2963.5,Commercial,land_use,8.2,35.1,382.6
ghsl_5929_cell_02217,114,54,35.736509815972546,140.26819304101687,1515.6,Residential,heuristic,36.0,2.9,382.6
ghsl_5929_cell_02218,115,54,35.736509815972546,140.27954941012518,1661.6,Civic,land_use,5.9,7.4,382.5
ghsl_5929_cell_02219,22,55,35.72775579882872,139.21386075294822,1901.1,Civic,land_use,1.6,203.9,383.9
ghsl_5929_cell_02220,23,55,35.72775579882872,139.22521634336812,4131.0,Residential,land_use,1.9,168.2,485.3
ghsl_5929_cell_02221,24,55,35.72775579882872,139.23657193378807,2652.4,Utility,land_use,1.9,161.0,485.3
ghsl_5929_cell_02222,25,55,35.72775579882872,139.24792752420794,3987.2,Civic,land_use,0.0,171.6,485.4
ghsl_5929_cell_02223,26,55,35.72775579882872,139.2592831146279,3005.6,Residential,heuristic,25.5,167.3,485.6
ghsl_5929_cell_02224,27,55,35.72775579882871,139.27063870504773,3446.7,Commercial,land_use,29.0,168.9,1063.0
ghsl_5929_cell_02225,28,55,35.72775579882872,139.28199429546765,4831.9,Commercial,land_use,13.9,159.3,1456.8
ghsl_5929_cell_02226,29,55,35.72775579882872,139.2933498858876,4570.2,Green,land_use,40.2,154.8,1653.5
ghsl_5929_cell_02227,30,55,35.72775579882872,139.3047054763075,3371.9,Green,land_use,42.7,145.3,2323.1
ghsl_5929_cell_02228,31,55,35.72775579882871,139.3160610667274,5571.8,Civic,land_use,2.2,129.0,3189.2
ghsl_5929_cell_02229,32,55,35.72775579882872,139.32741665714735,3766.0,Civic,land_use,16.8,109.5,4129.9
ghsl_5929_cell_02230,33,55,35.72775579882872,139.33877224756725,6017.9,Civic,land_use,5.1,122.4,5104.2
ghsl_5929_cell_02231,34,55,35.72775579882872,139.3501278379872,3070.0,Residential,land_use,18.7,122.6,6096.0
ghsl_5929_cell_02232,35,55,35.72775579882872,139.3614834284071,5963.3,Civic,land_use,3.7,118.9,7097.9
ghsl_5929_cell_02233,36,55,35.72775579882872,139.372839018827,7324.1,Residential,land_use,2.7,112.6,8106.2
ghsl_5929_cell_02234,37,55,35.72775579882872,139.38419460924695,7120.8,Industrial,land_use,6.7,108.1,9118.8
ghsl_5929_cell_02235,38,55,35.727755798828724,139.39555019966687,7101.6,Civic,land_use,7.2,102.8,10134.4
ghsl_5929_cell_02236,39,55,35.72775579882872,139.4069057900867,7366.7,Civic,land_use,5.8,103.4,11152.1
ghsl_5929_cell_02237,40,55,35.72775579882872,139.41826138050666,6739.6,Utility,land_use,0.8,99.0,12165.5
ghsl_5929_cell_02238,41,55,35.72775579882872,139.4296169709266,6761.0,Residential,land_use,2.8,102.1,13173.9
ghsl_5929_cell_02239,42,55,35.72775579882872,139.4409725613465,8763.6,Civic,land_use,11.0,97.3,14185.1
ghsl_5929_cell_02240,43,55,35.72775579882872,139.45232815176644,10143.2,Civic,land_use,18.3,86.5,15198.5
ghsl_5929_cell_02241,44,55,35.72775579882872,139.46368374218633,7902.8,Civic,land_use,22.8,83.6,16213.6
ghsl_5929_cell_02242,45,55,35.727755798828724,139.47503933260623,10777.7,Commercial,land_use,9.9,78.2,17230.2
ghsl_5929_cell_02243,46,55,35.72775579882872,139.48639492302613,12506.3,Civic,land_use,6.4,77.7,18051.5
ghsl_5929_cell_02244,47,55,35.72775579882872,139.49775051344605,11441.6,Industrial,land_use,12.1,73.6,18868.7
ghsl_5929_cell_02245,48,55,35.72775579882872,139.509106103866,11021.5,Civic,land_use,12.6,70.9,19705.4
ghsl_5929_cell_02246,49,55,35.72775579882872,139.52046169428593,13302.7,Residential,land_use,8.1,67.7,20559.4
ghsl_5929_cell_02247,50,55,35.72775579882872,139.53181728470582,15606.0,Residential,land_use,4.4,67.6,21428.6
ghsl_5929_cell_02248,51,55,35.72775579882872,139.54317287512575,14859.6,Commercial,land_use,2.9,60.0,22311.1
ghsl_5929_cell_02249,52,55,35.72775579882872,139.55452846554564,13733.9,Residential,land_use,9.3,59.3,23205.5
ghsl_5929_cell_02250,53,55,35.72775579882872,139.56588405596557,11961.7,Civic,land_use,15.4,57.7,24110.5
ghsl_5929_cell_02251,54,55,35.72775579882872,139.57723964638546,17732.1,Civic,land_use,3.9,51.6,23635.3
ghsl_5929_cell_02252,55,55,35.72775579882871,139.5885952368054,15107.3,Civic,land_use,3.0,53.7,22786.9
ghsl_5929_cell_02253,56,55,35.72775579882872,139.59995082722529,11283.3,Civic,land_use,4.9,51.4,21953.9
ghsl_5929_cell_02254,57,55,35.72775579882872,139.61130641764518,14580.2,Commercial,land_use,10.7,49.7,21138.1
ghsl_5929_cell_02255,58,55,35.72775579882872,139.62266200806513,16569.2,Civic,land_use,3.0,45.6,20341.5
ghsl_5929_cell_02256,59,55,35.72775579882872,139.63401759848506,16708.8,Civic,land_use,1.9,47.1,19566.0
ghsl_5929_cell_02257,60,55,35.72775579882872,139.64537318890495,16662.6,Civic,land_use,6.3,42.2,18797.6
ghsl_5929_cell_02258,61,55,35.72775579882872,139.65672877932488,17581.1,Civic,land_use,3.6,44.5,18029.2
ghsl_5929_cell_02259,62,55,35.727755798828724,139.6680843697448,18771.2,Civic,land_use,10.4,42.8,17260.9
ghsl_5929_cell_02260,63,55,35.72775579882872,139.6794399601647,17896.2,Civic,land_use,2.0,37.8,16495.1
ghsl_5929_cell_02261,64,55,35.72775579882872,139.69079555058462,20851.3,Civic,land_use,4.0,35.2,15753.8
ghsl_5929_cell_02262,65,55,35.72775579882871,139.70215114100452,20126.9,Civic,land_use,3.6,35.8,15046.3
ghsl_5929_cell_02263,66,55,35.72775579882872,139.71350673142445,26862.7,Residential,land_use,4.2,40.1,14377.6
ghsl_5929_cell_02264,67,55,35.72775579882872,139.72486232184437,29098.6,Civic,land_use,5.2,34.2,13753.3
ghsl_5929_cell_02265,68,55,35.72775579882872,139.7362179122643,21688.4,Civic,land_use,3.2,27.9,13179.7
ghsl_5929_cell_02266,69,55,35.72775579882872,139.74757350268422,22589.2,Civic,land_use,6.3,28.5,12663.6
ghsl_5929_cell_02267,70,55,35.72775579882872,139.75892909310411,20184.3,Civic,land_use,5.5,24.8,12212.5
ghsl_5929_cell_02268,71,55,35.72775579882872,139.77028468352404,19718.7,Civic,land_use,18.0,18.6,11833.7
ghsl_5929_cell_02269,72,55,35.72775579882872,139.78164027394396,21012.7,Civic,land_use,4.9,5.0,11534.4
ghsl_5929_cell_02270,73,55,35.72775579882872,139.7929958643639,21287.7,Civic,land_use,1.5,7.0,11260.4
ghsl_5929_cell_02271,74,55,35.72775579882872,139.80435145478378,18092.9,Commercial,land_use,7.7,3.3,10864.1
ghsl_5929_cell_02272,75,55,35.72775579882872,139.81570704520368,16889.7,Civic,land_use,14.7,1.8,10553.4
ghsl_5929_cell_02273,76,55,35.72775579882871,139.82706263562358,14478.2,Civic,land_use,37.3,3.2,10336.0
ghsl_5929_cell_02274,77,55,35.72775579882872,139.83841822604353,11340.2,Civic,land_use,7.5,6.9,10217.9
ghsl_5929_cell_02275,78,55,35.72775579882872,139.84977381646343,9813.7,Industrial,land_use,3.3,1.9,10196.1
ghsl_5929_cell_02276,79,55,35.72775579882872,139.86112940688338,17335.8,Civic,land_use,2.9,3.4,9657.9
ghsl_5929_cell_02277,80,55,35.72775579882872,139.87248499730327,12680.9,Utility,land_use,1.6,2.4,9016.3
ghsl_5929_cell_02278,81,55,35.72775579882872,139.88384058772317,16654.3,Civic,land_use,1.3,5.6,8451.3
ghsl_5929_cell_02279,82,55,35.72775579882872,139.8951961781431,8907.4,Residential,land_use,5.0,1.9,7979.3
ghsl_5929_cell_02280,83,55,35.72775579882872,139.90655176856302,12376.8,Commercial,land_use,5.3,3.3,7540.4
ghsl_5929_cell_02281,84,55,35.72775579882872,139.91790735898294,10692.6,Civic,land_use,2.3,8.3,7031.1
ghsl_5929_cell_02282,85,55,35.72775579882872,139.92926294940284,11300.2,Civic,land_use,0.5,7.8,6642.9
ghsl_5929_cell_02283,86,55,35.72775579882871,139.94061853982274,10043.3,Civic,land_use,1.9,4.7,6397.7
ghsl_5929_cell_02284,87,55,35.72775579882872,139.9519741302427,8344.6,Civic,land_use,0.2,23.6,6312.4
ghsl_5929_cell_02285,88,55,35.72775579882872,139.96332972066259,6198.5,Residential,heuristic,7.9,21.3,6312.4
ghsl_5929_cell_02286,89,55,35.72775579882872,139.9746853110825,7257.7,Civic,land_use,14.2,21.5,6393.5
ghsl_5929_cell_02287,90,55,35.72775579882872,139.98604090150243,7282.0,Residential,land_use,22.1,24.2,6634.6
ghsl_5929_cell_02288,91,55,35.72775579882872,139.99739649192236,5023.3,Civic,land_use,32.7,10.9,7019.4
ghsl_5929_cell_02289,92,55,35.72775579882872,140.00875208234228,4773.1,Civic,land_use,33.6,22.5,7522.8
ghsl_5929_cell_02290,93,55,35.72775579882872,140.02010767276215,7109.7,Residential,land_use,10.0,26.9,7521.8
ghsl_5929_cell_02291,94,55,35.72775579882872,140.0314632631821,9382.7,Civic,land_use,2.2,29.2,6837.9
ghsl_5929_cell_02292,95,55,35.72775579882872,140.04281885360197,9350.7,Residential,land_use,3.8,28.4,6248.6
ghsl_5929_cell_02293,96,55,35.72775579882872,140.0541744440219,7710.4,Civic,land_use,4.4,28.1,5783.0
ghsl_5929_cell_02294,97,55,35.72775579882872,140.06553003444182,8330.6,Civic,land_use,5.0,29.0,5472.8
ghsl_5929_cell_02295,98,55,35.72775579882872,140.07688562486172,8168.1,Commercial,land_use,6.7,28.0,4973.0
ghsl_5929_cell_02296,99,55,35.72775579882872,140.08824121528167,8130.7,Industrial,land_use,10.4,28.4,4137.1
ghsl_5929_cell_02297,100,55,35.72775579882872,140.0995968057016,9019.7,Residential,land_use,6.8,22.6,3196.2
ghsl_5929_cell_02298,101,55,35.72775579882872,140.1109523961215,4983.8,Residential,heuristic,26.0,11.0,2329.4
ghsl_5929_cell_02299,102,55,35.72775579882872,140.12230798654141,6802.7,Residential,land_use,12.4,24.3,1657.5
ghsl_5929_cell_02300,103,55,35.72775579882871,140.1336635769613,6777.2,Industrial,land_use,0.4,26.4,1457.0
ghsl_5929_cell_02301,104,55,35.727755798828724,140.1450191673812,4700.8,Civic,land_use,3.2,28.6,1457.4
ghsl_5929_cell_02302,105,55,35.72775579882872,140.15637475780113,5672.3,Commercial,land_use,3.3,18.1,1457.6
ghsl_5929_cell_02303,106,55,35.72775579882871,140.16773034822106,2818.3,Civic,land_use,30.1,18.1,1457.7
ghsl_5929_cell_02304,107,55,35.72775579882872,140.17908593864095,6392.1,Civic,land_use,1.7,15.3,1457.7
ghsl_5929_cell_02305,108,55,35.72775579882872,140.1904415290609,3749.0,Civic,land_use,0.0,31.9,1065.5
ghsl_5929_cell_02306,109,55,35.72775579882872,140.2017971194808,1627.9,Residential,heuristic,0.0,26.0,485.7
ghsl_5929_cell_02307,110,55,35.72775579882872,140.21315270990073,798.4,Civic,land_use,29.8,6.3,485.9
ghsl_5929_cell_02308,111,55,35.727755798828724,140.22450830032065,3985.0,Residential,heuristic,0.9,6.8,486.0
ghsl_5929_cell_02309,112,55,35.72775579882872,140.23586389074055,3854.4,Green,land_use,54.9,10.9,486.0
ghsl_5929_cell_02310,113,55,35.72775579882872,140.24721948116047,1571.9,Civic,land_use,0.0,17.2,485.9
ghsl_5929_cell_02311,114,55,35.72775579882871,140.25857507158037,516.8,Green,land_use,41.0,35.1,492.0
ghsl_5929_cell_02312,115,55,35.72775579882872,140.2699306620003,4081.8,Residential,heuristic,3.1,24.0,492.0
ghsl_5929_cell_02313,116,55,35.72775579882872,140.28128625242022,3222.5,Civic,land_use,2.6,13.6,382.6
ghsl_5929_cell_02314,27,56,35.71900214356905,139.26109266245035,1688.6,Industrial,land_use,23.3,148.7,383.9
ghsl_5929_cell_02315,28,56,35.71900214356904,139.27244747452278,2580.5,Civic,land_use,9.2,128.2,485.5
ghsl_5929_cell_02316,29,56,35.71900214356904,139.28380228659523,3129.8,Residential,heuristic,6.6,136.0,485.6
ghsl_5929_cell_02317,30,56,35.71900214356904,139.29515709866766,2941.1,Civic,land_use,8.6,117.0,1063.0
ghsl_5929_cell_02318,31,56,35.71900214356905,139.30651191074014,3403.6,Commercial,land_use,21.8,115.6,2031.9
ghsl_5929_cell_02319,32,56,35.71900214356904,139.31786672281257,3599.4,Commercial,land_use,14.5,108.8,3039.5
ghsl_5929_cell_02320,33,56,35.71900214356904,139.32922153488502,3404.3,Civic,land_use,12.4,97.5,4057.1
ghsl_5929_cell_02321,34,56,35.71900214356905,139.34057634695748,8695.8,Utility,land_use,1.2,113.8,5078.6
ghsl_5929_cell_02322,35,56,35.71900214356904,139.3519311590299,8434.6,Civic,land_use,9.2,119.3,6095.8
ghsl_5929_cell_02323,36,56,35.71900214356905,139.36328597110236,3313.9,Industrial,land_use,5.9,116.6,7097.8
ghsl_5929_cell_02324,37,56,35.71900214356904,139.37464078317478,9840.4,Residential,land_use,3.4,111.3,8106.1
ghsl_5929_cell_02325,38,56,35.71900214356905,139.3859955952472,7891.9,Industrial,land_use,9.1,104.4,9118.8
ghsl_5929_cell_02326,39,56,35.71900214356904,139.39735040731964,3247.7,Residential,heuristic,3.6,102.5,10134.4
ghsl_5929_cell_02327,40,56,35.71900214356904,139.40870521939212,5174.3,Utility,land_use,22.5,99.4,11152.2
ghsl_5929_cell_02328,41,56,35.71900214356905,139.42006003146454,9377.5,Civic,land_use,0.7,95.2,12171.6
ghsl_5929_cell_02329,42,56,35.71900214356904,139.43141484353697,9689.8,Civic,land_use,1.0,90.9,13192.3
ghsl_5929_cell_02330,43,56,35.71900214356904,139.4427696556094,7797.5,Residential,land_use,1.0,91.9,14214.0
ghsl_5929_cell_02331,44,56,35.71900214356905,139.45412446768185,7175.2,Civic,land_use,16.3,87.9,15236.4
ghsl_5929_cell_02332,45,56,35.71900214356904,139.46547927975428,8851.6,Civic,land_use,9.5,83.9,16259.5
ghsl_5929_cell_02333,46,56,35.71900214356905,139.47683409182673,11455.3,Civic,land_use,4.7,82.6,17283.1
ghsl_5929_cell_02334,47,56,35.71900214356905,139.48818890389919,9252.3,Residential,land_use,4.1,84.3,18307.2
ghsl_5929_cell_02335,48,56,35.71900214356905,139.4995437159716,7608.2,Civic,land_use,8.9,70.1,19331.6
ghsl_5929_cell_02336,49,56,35.71900214356905,139.51089852804407,4825.0,Green,land_use,60.6,79.9,20356.3
ghsl_5929_cell_02337,50,56,35.71900214356905,139.52225334011652,4268.4,Green,land_use,100.0,69.3,21236.4
ghsl_5929_cell_02338,51,56,35.71900214356905,139.53360815218895,11364.1,Residential,land_use,12.6,65.4,22086.5
ghsl_5929_cell_02339,52,56,35.71900214356904,139.5449629642614,12670.6,Civic,land_use,14.8,64.4,22951.1
ghsl_5929_cell_02340,53,56,35.71900214356904,139.55631777633383,11136.1,Civic,land_use,27.7,63.1,23828.5
ghsl_5929_cell_02341,54,56,35.71900214356904,139.56767258840628,16316.6,Residential,land_use,8.2,61.2,23853.2
ghsl_5929_cell_02342,55,56,35.71900214356904,139.5790274004787,12582.9,Civic,land_use,15.9,57.8,22974.1
ghsl_5929_cell_02343,56,56,35.71900214356905,139.59038221255116,14158.6,Industrial,land_use,13.1,54.1,22107.9
ghsl_5929_cell_02344,57,56,35.71900214356905,139.60173702462356,13795.7,Civic,land_use,8.8,53.8,21256.0
ghsl_5929_cell_02345,58,56,35.71900214356904,139.61309183669601,16319.5,Civic,land_use,4.3,49.9,20420.4
ghsl_5929_cell_02346,59,56,35.71900214356904,139.6244466487685,16820.7,Civic,land_use,3.9,48.1,19603.2
ghsl_5929_cell_02347,60,56,35.71900214356905,139.63580146084092,19264.9,Residential,land_use,3.1,46.2,18806.6
ghsl_5929_cell_02348,61,56,35.71900214356904,139.64715627291335,19254.1,Civic,land_use,2.1,44.5,18032.2
ghsl_5929_cell_02349,62,56,35.71900214356905,139.65851108498578,18123.6,Civic,land_use,2.4,41.3,17263.8
ghsl_5929_cell_02350,63,56,35.71900214356905,139.6698658970582,18187.2,Civic,land_use,18.5,38.2,16495.5
ghsl_5929_cell_02351,64,56,35.71900214356904,139.68122070913066,16994.6,Civic,land_use,5.9,30.5,15727.3
ghsl_5929_cell_02352,65,56,35.71900214356905,139.6925755212031,16782.6,Civic,land_use,1.1,37.5,14963.0
ghsl_5929_cell_02353,66,56,35.71900214356904,139.70393033327557,18839.4,Civic,land_use,6.5,33.0,14227.9
ghsl_5929_cell_02354,67,56,35.71900214356904,139.715285145348,19869.2,Civic,land_use,21.0,35.6,13530.9
ghsl_5929_cell_02355,68,56,35.71900214356905,139.72663995742045,17324.6,Civic,land_use,7.5,24.2,12878.4
ghsl_5929_cell_02356,69,56,35.71900214356904,139.73799476949287,16717.7,Civic,land_use,27.3,32.3,12277.4
ghsl_5929_cell_02357,70,56,35.71900214356905,139.74934958156533,19437.0,Civic,land_use,6.6,25.6,11735.8
ghsl_5929_cell_02358,71,56,35.71900214356905,139.76070439363775,18456.6,Civic,land_use,5.1,20.7,11262.1
ghsl_5929_cell_02359,72,56,35.71900214356904,139.7720592057102,13919.5,Civic,land_use,9.8,25.5,10865.4
ghsl_5929_cell_02360,73,56,35.71900214356904,139.78341401778263,18735.6,Civic,land_use,3.4,8.0,10554.2
ghsl_5929_cell_02361,74,56,35.71900214356905,139.7947688298551,20887.2,Civic,land_use,2.6,5.7,10316.4
ghsl_5929_cell_02362,75,56,35.71900214356905,139.80612364192754,14928.2,Civic,land_use,29.7,3.1,9899.0
ghsl_5929_cell_02363,76,56,35.71900214356904,139.81747845399994,18416.0,Civic,land_use,1.8,5.0,9574.2
ghsl_5929_cell_02364,77,56,35.71900214356904,139.8288332660724,18806.1,Civic,land_use,4.5,3.1,9351.6
ghsl_5929_cell_02365,78,56,35.71900214356904,139.84018807814485,8357.4,Residential,heuristic,6.2,1.8,9238.8
ghsl_5929_cell_02366,79,56,35.71900214356904,139.8515428902173,12505.1,Civic,land_use,13.2,5.4,9224.8
ghsl_5929_cell_02367,80,56,35.71900214356905,139.86289770228973,16402.7,Civic,land_use,8.4,3.1,8835.7
ghsl_5929_cell_02368,81,56,35.71900214356904,139.87425251436215,14080.9,Civic,land_use,3.2,2.8,8149.7
ghsl_5929_cell_02369,82,56,35.71900214356905,139.8856073264346,14632.1,Civic,land_use,1.0,4.5,7541.7
ghsl_5929_cell_02370,83,56,35.71900214356905,139.89696213850706,7739.8,Industrial,land_use,23.3,2.4,7032.0
ghsl_5929_cell_02371,84,56,35.71900214356905,139.90831695057955,6568.6,Civic,land_use,10.5,4.9,6643.4
ghsl_5929_cell_02372,85,56,35.71900214356905,139.91967176265194,12402.4,Civic,land_use,0.7,3.3,6095.5
ghsl_5929_cell_02373,86,56,35.71900214356905,139.93102657472437,14271.4,Residential,heuristic,0.5,3.3,5672.2
ghsl_5929_cell_02374,87,56,35.71900214356904,139.9423813867968,11461.0,Civic,land_use,2.4,6.9,5413.5
ghsl_5929_cell_02375,88,56,35.71900214356904,139.95373619886928,10854.5,Residential,heuristic,6.2,14.8,5341.2
ghsl_5929_cell_02376,89,56,35.71900214356905,139.9650910109417,8640.4,Civic,land_use,12.7,16.8,5343.2
ghsl_5929_cell_02377,90,56,35.71900214356904,139.97644582301416,8757.3,Residential,land_use,16.4,18.2,5468.7
ghsl_5929_cell_02378,91,56,35.71900214356904,139.9878006350866,10555.6,Residential,land_use,12.1,11.6,5777.2
ghsl_5929_cell_02379,92,56,35.71900214356905,139.99915544715904,4880.8,Residential,heuristic,36.0,8.3,6241.6
ghsl_5929_cell_02380,93,56,35.71900214356904,140.01051025923147,4620.7,Civic,land_use,25.2,23.6,6634.2
ghsl_5929_cell_02381,94,56,35.71900214356904,140.0218650713039,8675.6,Residential,land_use,3.0,23.8,7018.9
ghsl_5929_cell_02382,95,56,35.71900214356904,140.03321988337632,9874.3,Civic,land_use,3.5,14.0,7522.3
ghsl_5929_cell_02383,96,56,35.71900214356905,140.0445746954488,9641.2,Residential,land_use,4.7,31.0,7025.9
ghsl_5929_cell_02384,97,56,35.71900214356905,140.05592950752123,9106.5,Civic,land_use,7.1,25.3,6639.9
ghsl_5929_cell_02385,98,56,35.71900214356905,140.06728431959365,6830.6,Commercial,land_use,2.7,29.6,6248.2
ghsl_5929_cell_02386,99,56,35.71900214356905,140.07863913166608,5040.8,Residential,land_use,3.8,26.3,5326.7
ghsl_5929_cell_02387,100,56,35.71900214356905,140.08999394373856,5985.9,Civic,land_use,10.7,19.0,4437.1
ghsl_5929_cell_02388,101,56,35.71900214356904,140.10134875581096,6848.4,Civic,land_use,2.0,23.8,3621.2
ghsl_5929_cell_02389,102,56,35.71900214356905,140.11270356788344,6346.6,Commercial,land_use,3.0,8.8,2941.0
ghsl_5929_cell_02390,103,56,35.71900214356904,140.12405837995587,7463.8,Residential,heuristic,4.1,26.6,2509.1
ghsl_5929_cell_02391,104,56,35.71900214356905,140.1354131920283,6208.5,Residential,heuristic,0.0,29.5,2428.4
ghsl_5929_cell_02392,105,56,35.71900214356905,140.14676800410072,7267.5,Commercial,land_use,0.6,29.1,2428.7
ghsl_5929_cell_02393,106,56,35.71900214356904,140.1581228161732,5885.7,Civic,land_use,0.5,23.6,2428.9
ghsl_5929_cell_02394,107,56,35.71900214356904,140.1694776282456,1704.5,Civic,land_use,4.7,30.3,2428.9
ghsl_5929_cell_02395,108,56,35.71900214356904,140.18083244031808,3548.8,Residential,heuristic,0.0,23.4,2329.6
ghsl_5929_cell_02396,109,56,35.71900214356905,140.19218725239054,2309.3,Civic,land_use,8.8,18.3,1657.6
ghsl_5929_cell_02397,110,56,35.71900214356905,140.20354206446294,178.1,Green,land_use,100.0,2.9,1457.0
ghsl_5929_cell_02398,111,56,35.71900214356905,140.21489687653536,452.5,Green,land_use,42.1,2.8,1457.2
ghsl_5929_cell_02399,112,56,35.71900214356905,140.22625168860782,4685.8,Civic,land_use,0.7,31.5,1457.3
ghsl_5929_cell_02400,113,56,35.71900214356904,140.23760650068027,6149.3,Commercial,land_use,0.6,33.5,1457.2
ghsl_5929_cell_02401,114,56,35.71900214356904,140.24896131275273,3663.6,Residential,heuristic,0.0,30.5,1148.2
ghsl_5929_cell_02402,115,56,35.71900214356905,140.26031612482515,2334.3,Residential,heuristic,0.0,31.8,382.7
ghsl_5929_cell_02403,30,57,35.71024885005045,139.28561290096033,1140.5,Industrial,land_use,4.2,175.5,383.9
ghsl_5929_cell_02404,31,57,35.71024885005045,139.29696693502603,1487.0,Commercial,land_use,11.9,178.0,1062.9
ghsl_5929_cell_02405,32,57,35.71024885005044,139.3083209690917,485.0,Civic,land_use,2.5,208.7,2031.9
ghsl_5929_cell_02406,33,57,35.71024885005045,139.3196750031574,447.9,Residential,heuristic,6.9,164.2,3039.5
ghsl_5929_cell_02407,34,57,35.71024885005044,139.33102903722312,2144.4,Residential,land_use,16.4,98.7,4057.1
ghsl_5929_cell_02408,35,57,35.71024885005045,139.3423830712888,7655.2,Civic,land_use,1.0,107.7,5078.7
ghsl_5929_cell_02409,36,57,35.71024885005045,139.3537371053545,11372.7,Civic,land_use,1.1,111.0,6102.3
ghsl_5929_cell_02410,37,57,35.71024885005045,139.36509113942023,9536.9,Residential,land_use,1.7,108.2,7127.0
ghsl_5929_cell_02411,38,57,35.71024885005045,139.3764451734859,9696.7,Civic,land_use,3.4,102.2,8152.4
ghsl_5929_cell_02412,39,57,35.71024885005045,139.3877992075516,3039.8,Green,land_use,100.0,104.5,9178.2
ghsl_5929_cell_02413,40,57,35.71024885005045,139.3991532416173,935.8,Green,land_use,47.0,101.0,10204.4
ghsl_5929_cell_02414,41,57,35.710248850050455,139.41050727568305,8593.2,Commercial,land_use,4.8,96.1,11230.8
ghsl_5929_cell_02415,42,57,35.71024885005045,139.4218613097487,10535.3,Civic,land_use,0.7,90.5,12257.4
ghsl_5929_cell_02416,43,57,35.71024885005045,139.4332153438144,10080.3,Residential,land_use,4.8,83.7,13284.2
ghsl_5929_cell_02417,44,57,35.71024885005045,139.4445693778801,10588.2,Civic,land_use,8.4,90.5,14311.0
ghsl_5929_cell_02418,45,57,35.71024885005045,139.45592341194578,10130.1,Civic,land_use,0.8,83.7,15337.9
ghsl_5929_cell_02419,46,57,35.71024885005045,139.4672774460115,10070.1,Civic,land_use,8.3,80.1,16364.9
ghsl_5929_cell_02420,47,57,35.71024885005044,139.4786314800772,11314.4,Civic,land_use,9.8,80.7,17392.0
ghsl_5929_cell_02421,48,57,35.71024885005045,139.48998551414292,9559.3,Civic,land_use,8.2,78.4,18419.1
ghsl_5929_cell_02422,49,57,35.71024885005045,139.50133954820862,9555.7,Civic,land_use,14.8,74.5,19446.2
ghsl_5929_cell_02423,50,57,35.71024885005045,139.51269358227432,10889.3,Residential,land_use,5.8,71.9,20473.4
ghsl_5929_cell_02424,51,57,35.71024885005045,139.52404761634,10388.8,Civic,land_use,5.9,74.4,21500.6
ghsl_5929_cell_02425,52,57,35.71024885005045,139.53540165040567,11894.0,Residential,land_use,6.8,67.8,22527.9
ghsl_5929_cell_02426,53,57,35.71024885005045,139.54675568447138,9686.6,Civic,land_use,11.8,60.0,23555.1
ghsl_5929_cell_02427,54,57,35.71024885005045,139.55810971853708,13405.0,Civic,land_use,5.2,63.1,24139.3
ghsl_5929_cell_02428,55,57,35.71024885005045,139.5694637526028,15224.6,Civic,land_use,5.0,60.3,23232.6
ghsl_5929_cell_02429,56,57,35.71024885005045,139.5808177866685,14464.8,Civic,land_use,1.3,59.6,22336.5
ghsl_5929_cell_02430,57,57,35.71024885005045,139.5921718207342,13534.5,Civic,land_use,3.7,55.4,21452.3
ghsl_5929_cell_02431,58,57,35.71024885005045,139.60352585479987,19145.7,Civic,land_use,6.4,50.6,20581.4
ghsl_5929_cell_02432,59,57,35.71024885005045,139.6148798888656,20481.8,Civic,land_use,1.8,55.0,19725.6
ghsl_5929_cell_02433,60,57,35.71024885005044,139.62623392293125,20368.6,Civic,land_use,2.2,47.7,18887.1
ghsl_5929_cell_02434,61,57,35.71024885005045,139.63758795699695,18602.4,Civic,land_use,1.0,43.3,18068.1
ghsl_5929_cell_02435,62,57,35.71024885005045,139.64894199106266,18927.5,Civic,land_use,3.2,45.9,17271.5
ghsl_5929_cell_02436,63,57,35.71024885005045,139.66029602512836,20387.2,Civic,land_use,5.5,44.9,16498.3
ghsl_5929_cell_02437,64,57,35.71024885005045,139.6716500591941,21860.3,Commercial,land_use,2.4,36.8,15730.0
ghsl_5929_cell_02438,65,57,35.71024885005045,139.68300409325974,20720.2,Civic,land_use,4.1,45.6,14961.7
ghsl_5929_cell_02439,66,57,35.710248850050455,139.6943581273255,18784.4,Civic,land_use,5.2,21.2,14193.6
ghsl_5929_cell_02440,67,57,35.71024885005045,139.70571216139115,20066.5,Civic,land_use,12.1,31.0,13431.5
ghsl_5929_cell_02441,68,57,35.71024885005045,139.71706619545688,18591.7,Civic,land_use,15.7,21.4,12704.0
ghsl_5929_cell_02442,69,57,35.71024885005045,139.72842022952258,18164.8,Civic,land_use,6.9,8.7,12020.3
ghsl_5929_cell_02443,70,57,35.71024885005045,139.73977426358826,23939.5,Civic,land_use,3.5,12.1,11388.6
ghsl_5929_cell_02444,71,57,35.71024885005045,139.751128297654,20283.3,Civic,land_use,3.4,27.9,10817.8
ghsl_5929_cell_02445,72,57,35.71024885005045,139.76248233171967,17092.8,Civic,land_use,2.7,33.7,10318.1
ghsl_5929_cell_02446,73,57,35.71024885005045,139.77383636578537,11914.4,Green,land_use,67.9,9.9,9900.2
ghsl_5929_cell_02447,74,57,35.71024885005045,139.78519039985107,20565.1,Civic,land_use,3.3,6.1,9575.0
ghsl_5929_cell_02448,75,57,35.71024885005044,139.79654443391675,15673.4,Civic,land_use,5.7,12.2,9352.0
ghsl_5929_cell_02449,76,57,35.71024885005045,139.80789846798245,20275.4,Utility,land_use,2.5,4.3,8938.0
ghsl_5929_cell_02450,77,57,35.71024885005045,139.81925250204816,18729.8,Residential,land_use,2.4,3.4,8596.1
ghsl_5929_cell_02451,78,57,35.71024885005045,139.8306065361139,21401.2,Civic,land_use,4.6,3.8,8367.2
ghsl_5929_cell_02452,79,57,35.71024885005045,139.8419605701796,12857.1,Civic,land_use,8.2,0.6,8260.9
ghsl_5929_cell_02453,80,57,35.71024885005045,139.85331460424524,8693.7,Civic,land_use,17.4,0.0,8253.6
ghsl_5929_cell_02454,81,57,35.710248850050455,139.86466863831095,16463.1,Civic,land_use,3.4,2.4,8049.8
ghsl_5929_cell_02455,82,57,35.71024885005045,139.87602267237662,18269.8,Civic,land_use,2.2,1.4,7312.7
ghsl_5929_cell_02456,83,57,35.71024885005045,139.88737670644235,14054.7,Civic,land_use,4.3,2.2,6653.2
ghsl_5929_cell_02457,84,57,35.71024885005045,139.89873074050806,12529.9,Civic,land_use,22.1,4.4,6096.4
ghsl_5929_cell_02458,85,57,35.71024885005045,139.91008477457376,8734.9,Residential,heuristic,12.3,1.6,5672.8
ghsl_5929_cell_02459,86,57,35.71024885005045,139.92143880863944,7925.7,Civic,land_use,4.8,2.2,5177.9
ghsl_5929_cell_02460,87,57,35.71024885005045,139.93279284270514,12788.9,Civic,land_use,2.3,7.2,4707.2
ghsl_5929_cell_02461,88,57,35.71024885005045,139.94414687677084,12557.7,Civic,land_use,1.1,1.9,4429.2
ghsl_5929_cell_02462,89,57,35.71024885005044,139.95550091083655,12987.1,Civic,land_use,5.1,4.7,4369.9
ghsl_5929_cell_02463,90,57,35.71024885005045,139.96685494490225,10289.8,Residential,land_use,8.3,18.1,4380.7
ghsl_5929_cell_02464,91,57,35.71024885005045,139.97820897896793,9090.4,Residential,land_use,2.3,19.0,4569.0
ghsl_5929_cell_02465,92,57,35.71024885005045,139.98956301303363,9091.9,Civic,land_use,4.5,18.2,4967.2
ghsl_5929_cell_02466,93,57,35.71024885005045,140.00091704709934,3779.1,Residential,heuristic,16.4,2.6,5468.3
ghsl_5929_cell_02467,94,57,35.71024885005045,140.01227108116504,6897.2,Civic,land_use,16.4,18.4,5776.8
ghsl_5929_cell_02468,95,57,35.71024885005045,140.02362511523077,8900.9,Civic,land_use,13.0,19.6,6241.2
ghsl_5929_cell_02469,96,57,35.710248850050455,140.03497914929648,8993.0,Residential,land_use,4.2,24.9,6633.7
ghsl_5929_cell_02470,97,57,35.71024885005045,140.04633318336212,9067.3,Civic,land_use,5.3,30.0,7018.4
ghsl_5929_cell_02471,98,57,35.71024885005045,140.05768721742783,5832.4,Industrial,land_use,1.0,29.5,7456.9
ghsl_5929_cell_02472,99,57,35.71024885005045,140.06904125149356,1194.5,Industrial,land_use,0.0,28.8,6559.3
ghsl_5929_cell_02473,100,57,35.71024885005045,140.08039528555923,1374.7,Residential,land_use,2.6,26.0,5705.7
ghsl_5929_cell_02474,101,57,35.71024885005045,140.0917493196249,4760.7,Civic,land_use,4.8,29.6,4918.9
ghsl_5929_cell_02475,102,57,35.71024885005045,140.10310335369064,6370.9,Residential,land_use,3.0,25.2,4236.3
ghsl_5929_cell_02476,103,57,35.71024885005045,140.11445738775632,4208.6,Residential,land_use,6.2,17.0,3715.9
ghsl_5929_cell_02477,104,57,35.71024885005044,140.12581142182202,5734.4,Civic,land_use,5.9,24.2,3432.2
ghsl_5929_cell_02478,105,57,35.71024885005045,140.1371654558877,5934.9,Civic,land_use,3.0,26.8,3399.6
ghsl_5929_cell_02479,106,57,35.71024885005045,140.14851948995343,5235.0,Civic,land_use,0.0,27.5,3399.9
ghsl_5929_cell_02480,107,57,35.71024885005045,140.15987352401913,2899.9,Civic,land_use,0.0,17.9,3400.1
ghsl_5929_cell_02481,108,57,35.71024885005045,140.17122755808484,352.1,Industrial,land_use,0.0,33.1,3400.2
ghsl_5929_cell_02482,109,57,35.71024885005045,140.1825815921505,1211.4,Residential,land_use,0.2,22.6,2941.2
ghsl_5929_cell_02483,110,57,35.71024885005045,140.19393562621622,845.9,Residential,heuristic,17.0,12.6,2509.1
ghsl_5929_cell_02484,111,57,35.710248850050455,140.20528966028195,176.9,Green,land_use,67.4,2.4,2428.2
ghsl_5929_cell_02485,112,57,35.71024885005045,140.21664369434765,2985.4,Commercial,land_use,1.2,8.4,2428.4
ghsl_5929_cell_02486,113,57,35.71024885005045,140.22799772841333,4584.5,Commercial,land_use,8.9,6.2,1914.1
ghsl_5929_cell_02487,114,57,35.71024885005044,140.239351762479,1070.5,Civic,land_use,33.2,6.1,1148.4
ghsl_5929_cell_02488,115,57,35.71024885005045,140.2507057965447,1861.6,Residential,heuristic,16.6,19.5,382.8
ghsl_5929_cell_02489,31,58,35.70149591812984,139.28742613754557,214.3,Residential,heuristic,11.7,216.4,384.0
ghsl_5929_cell_02490,32,58,35.70149591812984,139.2987793939451,606.4,Green,land_use,100.0,192.1,1211.2
ghsl_5929_cell_02491,33,58,35.70149591812984,139.31013265034466,869.2,Civic,land_use,0.1,150.2,2191.5
ghsl_5929_cell_02492,34,58,35.70149591812984,139.32148590674416,451.4,Civic,land_use,3.6,167.2,3201.6
ghsl_5929_cell_02493,35,58,35.70149591812984,139.3328391631437,769.3,Residential,heuristic,32.8,96.7,4220.0
ghsl_5929_cell_02494,36,58,35.70149591812984,139.34419241954322,3860.0,Commercial,land_use,3.0,96.6,5242.0
ghsl_5929_cell_02495,37,58,35.70149591812984,139.35554567594275,5979.9,Industrial,land_use,0.4,98.7,6265.8
ghsl_5929_cell_02496,38,58,35.70149591812984,139.36689893234225,8976.2,Civic,land_use,0.1,94.8,7290.6
ghsl_5929_cell_02497,39,58,35.70149591812984,139.37825218874175,8974.5,Civic,land_use,1.9,93.9,8316.1
ghsl_5929_cell_02498,40,58,35.70149591812984,139.38960544514129,6730.4,Civic,land_use,16.1,95.2,9342.0
ghsl_5929_cell_02499,41,58,35.70149591812984,139.40095870154082,5186.2,Civic,land_use,2.5,91.8,10368.2
ghsl_5929_cell_02500,42,58,35.70149591812984,139.41231195794035,11114.8,Commercial,land_use,3.1,90.9,11394.6
ghsl_5929_cell_02501,43,58,35.70149591812984,139.42366521433988,11051.1,Utility,land_use,4.0,86.5,12421.2
ghsl_5929_cell_02502,44,58,35.70149591812984,139.43501847073938,10635.2,Industrial,land_use,2.1,81.4,13448.0
ghsl_5929_cell_02503,45,58,35.70149591812984,139.4463717271389,13563.9,Civic,land_use,1.6,77.9,14474.8
ghsl_5929_cell_02504,46,58,35.70149591812984,139.45772498353844,12479.6,Civic,land_use,6.4,85.3,15501.7
ghsl_5929_cell_02505,47,58,35.70149591812984,139.46907823993797,11430.4,Commercial,land_use,4.7,80.4,16528.7
ghsl_5929_cell_02506,48,58,35.70149591812984,139.48043149633747,14473.8,Civic,land_use,20.7,77.5,17555.8
ghsl_5929_cell_02507,49,58,35.70149591812984,139.491784752737,11664.8,Civic,land_use,6.9,76.1,18582.9
ghsl_5929_cell_02508,50,58,35.70149591812984,139.5031380091365,13438.2,Civic,land_use,7.6,72.5,19610.0
ghsl_5929_cell_02509,51,58,35.70149591812984,139.51449126553604,13057.7,Residential,land_use,5.8,70.1,20637.2
ghsl_5929_cell_02510,52,58,35.70149591812984,139.52584452193557,11881.2,Civic,land_use,6.7,66.1,21664.4
ghsl_5929_cell_02511,53,58,35.70149591812984,139.5371977783351,14470.2,Residential,heuristic,5.0,64.2,22691.6
ghsl_5929_cell_02512,54,58,35.70149591812984,139.5485510347346,14303.0,Utility,land_use,4.1,59.3,23718.8
ghsl_5929_cell_02513,55,58,35.70149591812984,139.55990429113413,18931.6,Civic,land_use,1.4,66.3,23560.1
ghsl_5929_cell_02514,56,58,35.70149591812984,139.57125754753366,10392.0,Residential,land_use,10.1,60.4,22637.6
ghsl_5929_cell_02515,57,58,35.70149591812984,139.58261080393316,12579.0,Civic,land_use,21.3,59.0,21724.7
ghsl_5929_cell_02516,58,58,35.70149591812984,139.5939640603327,14840.4,Civic,land_use,2.9,54.4,20822.4
ghsl_5929_cell_02517,59,58,35.70149591812984,139.60531731673223,18135.9,Civic,land_use,0.8,52.6,19932.3
ghsl_5929_cell_02518,60,58,35.70149591812984,139.61667057313176,20768.5,Civic,land_use,0.6,43.4,19056.1
ghsl_5929_cell_02519,61,58,35.70149591812984,139.6280238295313,19577.3,Civic,land_use,2.5,49.2,18195.9
ghsl_5929_cell_02520,62,58,35.70149591812984,139.63937708593082,20341.5,Civic,land_use,1.4,45.8,17353.9
ghsl_5929_cell_02521,63,58,35.70149591812984,139.65073034233035,19663.8,Civic,land_use,2.0,39.6,16532.9
ghsl_5929_cell_02522,64,58,35.70149591812984,139.66208359872985,20466.6,Commercial,land_use,2.2,36.1,15736.3
ghsl_5929_cell_02523,65,58,35.70149591812984,139.67343685512935,22147.8,Civic,land_use,2.1,33.5,14964.2
ghsl_5929_cell_02524,66,58,35.70149591812984,139.68479011152888,22431.1,Civic,land_use,4.1,29.6,14196.0
ghsl_5929_cell_02525,67,58,35.70149591812984,139.6961433679284,18871.2,Civic,land_use,2.0,40.7,13427.8
ghsl_5929_cell_02526,68,58,35.70149591812984,139.70749662432792,17951.8,Residential,land_use,15.1,42.2,12659.7
ghsl_5929_cell_02527,69,58,35.70149591812984,139.71884988072748,18121.3,Civic,land_use,3.3,38.0,11900.8
ghsl_5929_cell_02528,70,58,35.70149591812984,139.73020313712698,17472.4,Civic,land_use,3.5,31.0,11183.0
ghsl_5929_cell_02529,71,58,35.70149591812984,139.7415563935265,16712.1,Civic,land_use,9.6,26.6,10516.7
ghsl_5929_cell_02530,72,58,35.70149591812984,139.752909649926,11955.7,Commercial,land_use,3.4,16.2,9912.5
ghsl_5929_cell_02531,73,58,35.70149591812984,139.76426290632554,12160.9,Civic,land_use,2.2,41.2,9382.3
ghsl_5929_cell_02532,74,58,35.70149591812984,139.77561616272507,11457.1,Commercial,land_use,1.1,14.8,8939.2
ghsl_5929_cell_02533,75,58,35.70149591812984,139.78696941912457,17760.5,Civic,land_use,4.3,8.1,8596.9
ghsl_5929_cell_02534,76,58,35.70149591812984,139.7983226755241,19784.2,Civic,land_use,14.2,5.9,8367.6
ghsl_5929_cell_02535,77,58,35.70149591812984,139.80967593192364,23242.6,Industrial,land_use,9.1,4.7,7982.6
ghsl_5929_cell_02536,78,58,35.70149591812984,139.82102918832314,24500.7,Civic,land_use,12.3,4.3,7619.6
ghsl_5929_cell_02537,79,58,35.70149591812984,139.8323824447227,16159.9,Civic,land_use,0.7,0.5,7382.9
ghsl_5929_cell_02538,80,58,35.70149591812984,139.8437357011222,17455.9,Civic,land_use,16.7,3.0,7284.8
ghsl_5929_cell_02539,81,58,35.70149591812984,139.85508895752173,9626.9,Civic,land_use,4.7,0.0,7282.4
ghsl_5929_cell_02540,82,58,35.70149591812984,139.86644221392126,16348.7,Civic,land_use,3.4,1.9,7282.4
ghsl_5929_cell_02541,83,58,35.70149591812984,139.87779547032076,16288.9,Civic,land_use,2.5,2.0,6516.9
ghsl_5929_cell_02542,84,58,35.70149591812984,139.88914872672032,14123.8,Civic,land_use,3.1,2.9,5795.6
ghsl_5929_cell_02543,85,58,35.70149591812984,139.90050198311982,16769.7,Civic,land_use,8.7,3.6,5178.7
ghsl_5929_cell_02544,86,58,35.70149591812984,139.91185523951933,12824.4,Civic,land_use,3.7,2.4,4707.7
ghsl_5929_cell_02545,87,58,35.70149591812984,139.92320849591889,4924.9,Civic,land_use,6.2,2.3,4289.8
ghsl_5929_cell_02546,88,58,35.70149591812984,139.9345617523184,10781.2,Civic,land_use,0.5,5.0,3752.2
ghsl_5929_cell_02547,89,58,35.70149591812984,139.94591500871792,10456.0,Civic,land_use,7.1,2.8,3444.9
ghsl_5929_cell_02548,90,58,35.70149591812984,139.95726826511742,10337.6,Residential,heuristic,11.9,1.5,3398.8
ghsl_5929_cell_02549,91,58,35.70149591812984,139.96862152151695,10912.0,Industrial,land_use,1.2,3.0,3430.6
ghsl_5929_cell_02550,92,58,35.70149591812984,139.97997477791645,11514.1,Industrial,land_use,3.1,8.2,3712.5
ghsl_5929_cell_02551,93,58,35.70149591812984,139.991328034316,12103.2,Commercial,land_use,1.3,5.6,4231.9
ghsl_5929_cell_02552,94,58,35.70149591812984,140.0026812907155,9356.7,Civic,land_use,4.5,21.5,4568.6
ghsl_5929_cell_02553,95,58,35.70149591812984,140.01403454711502,11568.9,Civic,land_use,5.6,25.3,4966.8
ghsl_5929_cell_02554,96,58,35.70149591812984,140.02538780351458,9738.5,Residential,heuristic,5.8,22.1,5468.0
ghsl_5929_cell_02555,97,58,35.70149591812984,140.03674105991408,8463.6,Civic,land_use,4.5,24.9,5776.4
ghsl_5929_cell_02556,98,58,35.70149591812984,140.0480943163136,9099.6,Civic,land_use,6.7,27.4,6240.7
ghsl_5929_cell_02557,99,58,35.70149591812984,140.05944757271314,6912.3,Industrial,land_use,2.1,29.9,6829.3
ghsl_5929_cell_02558,100,58,35.70149591812984,140.07080082911264,5273.8,Industrial,land_use,1.2,28.4,6986.6
ghsl_5929_cell_02559,101,58,35.70149591812984,140.0821540855122,5363.1,Residential,land_use,2.1,21.6,6218.5
ghsl_5929_cell_02560,102,58,35.70149591812984,140.09350734191173,7338.9,Residential,land_use,4.1,29.7,5535.1
ghsl_5929_cell_02561,103,58,35.70149591812984,140.10486059831123,1103.1,Green,land_use,76.2,29.4,4971.4
ghsl_5929_cell_02562,104,58,35.70149591812984,140.11621385471076,2289.7,Residential,land_use,9.8,21.8,4571.9
ghsl_5929_cell_02563,105,58,35.70149591812984,140.1275671111103,2735.0,Civic,land_use,0.8,24.3,4381.9
ghsl_5929_cell_02564,106,58,35.70149591812984,140.13892036750983,3170.0,Industrial,land_use,0.0,22.2,4370.9
ghsl_5929_cell_02565,107,58,35.70149591812984,140.15027362390933,2937.4,Civic,land_use,0.0,24.4,4371.1
ghsl_5929_cell_02566,108,58,35.70149591812984,140.16162688030883,1015.1,Industrial,land_use,1.0,28.8,4371.3
ghsl_5929_cell_02567,109,58,35.70149591812984,140.17298013670836,903.0,Industrial,land_use,0.0,31.8,4212.6
ghsl_5929_cell_02568,110,58,35.70149591812984,140.18433339310786,966.8,Residential,heuristic,0.0,35.4,3446.4
ghsl_5929_cell_02569,111,58,35.70149591812984,140.19568664950742,371.0,Residential,heuristic,0.0,36.9,2680.4
ghsl_5929_cell_02570,112,58,35.70149591812984,140.20703990590695,412.9,Green,land_use,100.0,3.0,1929.6
ghsl_5929_cell_02571,113,58,35.70149591812984,140.21839316230646,4006.8,Industrial,land_use,2.3,18.4,1476.0
ghsl_5929_cell_02572,114,58,35.70149591812984,140.229746418706,4190.1,Industrial,land_use,0.1,21.3,1148.6
ghsl_5929_cell_02573,115,58,35.70149591812984,140.2410996751055,1237.8,Green,land_use,40.2,5.2,382.9
ghsl_5929_cell_02574,31,59,35.69274334766422,139.27788951626093,1784.1,Civic,land_use,2.6,183.2,384.0
ghsl_5929_cell_02575,32,59,35.69274334766421,139.28924199533466,2284.4,Residential,heuristic,1.6,157.3,1152.0
ghsl_5929_cell_02576,33,59,35.69274334766421,139.3005944744084,2738.7,Civic,land_use,1.9,152.8,1919.9
ghsl_5929_cell_02577,34,59,35.69274334766422,139.31194695348213,1111.2,Residential,heuristic,0.0,170.3,2723.7
ghsl_5929_cell_02578,35,59,35.692743347664205,139.3232994325559,2194.3,Civic,land_use,5.6,160.9,3633.6
ghsl_5929_cell_02579,36,59,35.69274334766422,139.33465191162966,2724.9,Civic,land_use,0.9,131.8,4593.4
ghsl_5929_cell_02580,37,59,35.69274334766422,139.3460043907034,869.0,Commercial,land_use,0.6,117.4,5577.3
ghsl_5929_cell_02581,38,59,35.69274334766421,139.35735686977713,3893.2,Residential,heuristic,9.3,91.2,6574.6
ghsl_5929_cell_02582,39,59,35.69274334766421,139.36870934885087,2916.8,Industrial,land_use,31.0,80.8,7579.9
ghsl_5929_cell_02583,40,59,35.69274334766421,139.38006182792464,4145.6,Residential,land_use,1.9,71.5,8590.5
ghsl_5929_cell_02584,41,59,35.69274334766422,139.3914143069984,5668.9,Residential,land_use,1.2,80.2,9604.7
ghsl_5929_cell_02585,42,59,35.69274334766422,139.40276678607216,8841.9,Civic,land_use,1.4,88.4,10621.4
ghsl_5929_cell_02586,43,59,35.69274334766421,139.41411926514593,11428.8,Civic,land_use,2.0,85.8,11640.0
ghsl_5929_cell_02587,44,59,35.69274334766421,139.4254717442196,11910.7,Civic,land_use,1.6,81.1,12660.0
ghsl_5929_cell_02588,45,59,35.69274334766421,139.43682422329337,8632.0,Civic,land_use,4.3,79.7,13681.1
ghsl_5929_cell_02589,46,59,35.69274334766422,139.4481767023671,8840.2,Civic,land_use,4.5,73.8,14703.2
ghsl_5929_cell_02590,47,59,35.692743347664205,139.45952918144087,9798.2,Residential,land_use,5.0,83.4,15725.9
ghsl_5929_cell_02591,48,59,35.69274334766421,139.4708816605146,6864.2,Civic,land_use,11.8,64.4,16749.2
ghsl_5929_cell_02592,49,59,35.69274334766422,139.48223413958834,9838.3,Civic,land_use,4.8,62.0,17773.0
ghsl_5929_cell_02593,50,59,35.69274334766422,139.49358661866208,10683.1,Residential,land_use,0.2,56.9,18735.7
ghsl_5929_cell_02594,51,59,35.69274334766421,139.50493909773584,11805.3,Civic,land_use,1.9,54.9,19686.9
ghsl_5929_cell_02595,52,59,35.692743347664205,139.5162915768096,7558.8,Commercial,land_use,28.2,44.7,20645.4
ghsl_5929_cell_02596,53,59,35.69274334766422,139.52764405588334,9778.8,Civic,land_use,3.4,62.9,21610.3
ghsl_5929_cell_02597,54,59,35.69274334766422,139.53899653495708,11143.9,Civic,land_use,2.1,63.4,22580.8
ghsl_5929_cell_02598,55,59,35.692743347664205,139.55034901403084,13015.9,Civic,land_use,10.1,61.9,23556.2
ghsl_5929_cell_02599,56,59,35.69274334766421,139.56170149310455,13365.6,Residential,land_use,5.0,57.8,23008.3
ghsl_5929_cell_02600,57,59,35.69274334766421,139.57305397217831,11849.8,Residential,land_use,16.7,56.1,22070.3
ghsl_5929_cell_02601,58,59,35.69274334766421,139.58440645125208,12026.5,Civic,land_use,5.5,54.0,21140.7
ghsl_5929_cell_02602,59,59,35.69274334766422,139.59575893032581,14968.2,Civic,land_use,1.5,53.4,20220.6
ghsl_5929_cell_02603,60,59,35.692743347664205,139.60711140939958,16714.8,Civic,land_use,3.6,53.1,19311.4
ghsl_5929_cell_02604,61,59,35.69274334766422,139.61846388847331,15283.4,Residential,land_use,4.0,48.9,18414.8
ghsl_5929_cell_02605,62,59,35.69274334766421,139.62981636754705,12017.5,Civic,land_use,26.7,42.1,17532.5
ghsl_5929_cell_02606,63,59,35.69274334766421,139.64116884662081,16090.4,Residential,land_use,2.2,45.7,16667.0
ghsl_5929_cell_02607,64,59,35.69274334766421,139.65252132569458,15738.3,Civic,land_use,7.2,48.3,15820.9
ghsl_5929_cell_02608,65,59,35.69274334766421,139.66387380476831,23611.8,Civic,land_use,2.1,32.8,14997.7
ghsl_5929_cell_02609,66,59,35.69274334766421,139.67522628384205,23380.5,Civic,land_use,4.9,30.1,14201.1
ghsl_5929_cell_02610,67,59,35.69274334766421,139.6865787629158,20428.4,Commercial,land_use,2.4,31.8,13430.0
ghsl_5929_cell_02611,68,59,35.69274334766421,139.69793124198952,22077.2,Utility,land_use,9.3,60.9,12661.8
ghsl_5929_cell_02612,69,59,35.69274334766422,139.7092837210633,19800.0,Commercial,land_use,2.3,39.3,11893.7
ghsl_5929_cell_02613,70,59,35.69274334766421,139.720636200137,19732.6,Civic,land_use,2.8,27.1,11125.6
ghsl_5929_cell_02614,71,59,35.69274334766422,139.7319886792108,18299.2,Utility,land_use,15.9,37.3,10371.3
ghsl_5929_cell_02615,72,59,35.692743347664205,139.74334115828452,5220.9,Civic,land_use,4.3,38.8,9666.3
ghsl_5929_cell_02616,73,59,35.69274334766421,139.7546936373583,3414.4,Civic,land_use,30.0,24.5,9023.6
ghsl_5929_cell_02617,74,59,35.69274334766421,139.76604611643202,4728.3,Civic,land_use,2.4,18.1,8457.4
ghsl_5929_cell_02618,75,59,35.69274334766422,139.77739859550576,10642.0,Civic,land_use,0.8,18.0,7983.8
ghsl_5929_cell_02619,76,59,35.69274334766422,139.7887510745795,17502.1,Civic,land_use,1.5,0.0,7620.3
ghsl_5929_cell_02620,77,59,35.692743347664205,139.80010355365326,20846.2,Civic,land_use,2.1,4.7,7383.1
ghsl_5929_cell_02621,78,59,35.69274334766421,139.81145603272702,21695.1,Civic,land_use,2.2,11.3,7035.2
ghsl_5929_cell_02622,79,59,35.69274334766422,139.82280851180076,14567.8,Civic,land_use,18.0,2.0,6645.4
ghsl_5929_cell_02623,80,59,35.69274334766421,139.83416099087452,18884.8,Civic,land_use,11.4,4.4,6398.5
ghsl_5929_cell_02624,81,59,35.69274334766421,139.84551346994823,14870.2,Civic,land_use,39.9,2.6,6311.4
ghsl_5929_cell_02625,82,59,35.69274334766421,139.856865949022,5128.5,Civic,land_use,6.1,0.0,6311.3
ghsl_5929_cell_02626,83,59,35.69274334766421,139.86821842809576,14573.8,Civic,land_use,1.8,0.7,6311.3
ghsl_5929_cell_02627,84,59,35.69274334766422,139.87957090716952,15281.8,Civic,land_use,2.5,2.5,5750.7
ghsl_5929_cell_02628,85,59,35.69274334766421,139.89092338624323,14723.6,Civic,land_use,3.0,4.1,4984.8
ghsl_5929_cell_02629,86,59,35.69274334766422,139.902275865317,17888.4,Civic,land_use,2.1,2.7,4290.6
ghsl_5929_cell_02630,87,59,35.69274334766421,139.91362834439073,11807.4,Industrial,land_use,3.3,3.0,3752.7
ghsl_5929_cell_02631,88,59,35.69274334766421,139.92498082346452,13487.0,Civic,land_use,2.8,5.3,3445.0
ghsl_5929_cell_02632,89,59,35.69274334766421,139.9363333025382,4788.8,Utility,land_use,7.3,0.0,2817.2
ghsl_5929_cell_02633,90,59,35.69274334766422,139.947685781612,3800.1,Industrial,land_use,5.9,3.0,2460.7
ghsl_5929_cell_02634,91,59,35.69274334766422,139.95903826068573,5789.2,Industrial,land_use,0.0,7.5,2427.6
ghsl_5929_cell_02635,92,59,35.69274334766421,139.97039073975944,6937.2,Industrial,land_use,0.2,11.7,2507.1
ghsl_5929_cell_02636,93,59,35.692743347664205,139.9817432188332,12866.1,Civic,land_use,0.7,5.0,2937.4
ghsl_5929_cell_02637,94,59,35.69274334766422,139.99309569790697,9471.9,Civic,land_use,1.6,3.4,3430.4
ghsl_5929_cell_02638,95,59,35.69274334766421,140.0044481769807,9901.0,Civic,land_use,3.4,17.9,3712.2
ghsl_5929_cell_02639,96,59,35.69274334766422,140.01580065605447,10337.6,Utility,land_use,5.0,11.4,4231.6
ghsl_5929_cell_02640,97,59,35.69274334766421,140.02715313512817,10083.9,Civic,land_use,3.7,21.4,4568.3
ghsl_5929_cell_02641,98,59,35.692743347664205,140.0385056142019,8437.0,Civic,land_use,12.4,27.2,4966.5
ghsl_5929_cell_02642,99,59,35.69274334766422,140.04985809327567,11754.7,Civic,land_use,2.9,36.1,5529.4
ghsl_5929_cell_02643,100,59,35.69274334766421,140.06121057234944,9282.5,Residential,land_use,5.6,28.6,6212.6
ghsl_5929_cell_02644,101,59,35.69274334766422,140.07256305142323,9019.6,Civic,land_use,2.7,30.3,6828.7
ghsl_5929_cell_02645,102,59,35.69274334766421,140.08391553049694,5811.2,Civic,land_use,9.7,29.5,6835.1
ghsl_5929_cell_02646,103,59,35.69274334766421,140.09526800957067,4992.5,Residential,land_use,3.9,28.3,6246.1
ghsl_5929_cell_02647,104,59,35.69274334766422,140.10662048864444,2186.3,Residential,land_use,1.9,17.9,5780.8
ghsl_5929_cell_02648,105,59,35.69274334766421,140.1179729677182,3220.4,Residential,land_use,22.0,24.7,5471.1
ghsl_5929_cell_02649,106,59,35.69274334766421,140.1293254467919,1892.9,Residential,land_use,0.2,23.2,5344.0
ghsl_5929_cell_02650,107,59,35.69274334766421,140.14067792586567,3661.3,Industrial,land_use,1.2,13.0,5342.1
ghsl_5929_cell_02651,108,59,35.69274334766421,140.1520304049394,2617.3,Industrial,land_use,0.0,25.7,4979.7
ghsl_5929_cell_02652,109,59,35.69274334766422,140.16338288401315,1856.7,Industrial,land_use,0.0,26.5,4213.3
ghsl_5929_cell_02653,110,59,35.692743347664205,140.1747353630869,1162.6,Residential,heuristic,5.4,30.8,3447.1
ghsl_5929_cell_02654,111,59,35.69274334766422,140.18608784216065,3679.9,Civic,land_use,2.8,27.2,2680.9
ghsl_5929_cell_02655,112,59,35.69274334766422,140.19744032123438,1540.8,Residential,heuristic,0.0,16.7,1914.8
ghsl_5929_cell_02656,113,59,35.69274334766421,140.20879280030815,808.6,Green,land_use,70.8,4.6,1148.8
ghsl_5929_cell_02657,114,59,35.69274334766421,140.22014527938188,3492.8,Industrial,land_use,0.0,32.4,492.0
ghsl_5929_cell_02658,115,59,35.69274334766421,140.23149775845562,4228.7,Residential,land_use,2.8,35.5,382.9
ghsl_5929_cell_02659,31,60,35.683991138510656,139.26835706913562,3600.8,Civic,land_use,1.8,174.9,384.0
ghsl_5929_cell_02660,32,60,35.683991138510656,139.27970877122385,2620.1,Civic,land_use,7.6,164.0,1152.1
ghsl_5929_cell_02661,33,60,35.683991138510656,139.29106047331203,5622.0,Residential,land_use,12.3,147.1,1920.2
ghsl_5929_cell_02662,34,60,35.68399113851066,139.30241217540024,5503.0,Civic,land_use,4.9,147.0,2688.2
ghsl_5929_cell_02663,35,60,35.683991138510656,139.31376387748847,5338.6,Civic,land_use,5.2,140.1,3456.0
ghsl_5929_cell_02664,36,60,35.68399113851066,139.32511557957667,7517.6,Civic,land_use,2.5,163.3,4254.2
ghsl_5929_cell_02665,37,60,35.68399113851066,139.33646728166488,3328.9,Commercial,land_use,0.2,131.8,5131.5
ghsl_5929_cell_02666,38,60,35.683991138510656,139.34781898375306,6226.3,Civic,land_use,1.1,109.3,6056.2
ghsl_5929_cell_02667,39,60,35.68399113851066,139.3591706858413,6603.5,Civic,land_use,4.9,135.3,7009.6
ghsl_5929_cell_02668,40,60,35.683991138510656,139.37052238792947,6611.6,Civic,land_use,0.4,103.9,7981.4
ghsl_5929_cell_02669,41,60,35.68399113851066,139.38187409001767,4527.5,Civic,land_use,3.4,90.8,8965.6
ghsl_5929_cell_02670,42,60,35.68399113851066,139.39322579210588,5972.5,Residential,land_use,5.3,76.9,9958.5
ghsl_5929_cell_02671,43,60,35.683991138510656,139.40457749419406,4676.1,Civic,land_use,9.7,70.5,10957.8
ghsl_5929_cell_02672,44,60,35.683991138510656,139.41592919628226,6845.7,Residential,land_use,10.1,68.3,11961.9
ghsl_5929_cell_02673,45,60,35.683991138510656,139.4272808983705,8323.3,Civic,land_use,4.7,71.0,12907.4
ghsl_5929_cell_02674,46,60,35.68399113851066,139.4386326004587,10177.1,Residential,land_use,3.1,77.4,13813.2
ghsl_5929_cell_02675,47,60,35.683991138510656,139.44998430254688,10215.3,Civic,land_use,0.9,74.0,14735.1
ghsl_5929_cell_02676,48,60,35.68399113851066,139.46133600463511,6858.0,Civic,land_use,3.5,65.5,15670.1
ghsl_5929_cell_02677,49,60,35.68399113851066,139.47268770672335,7196.9,Industrial,land_use,5.1,68.9,16616.2
ghsl_5929_cell_02678,50,60,35.683991138510656,139.48403940881153,7910.9,Civic,land_use,7.8,59.7,17571.4
ghsl_5929_cell_02679,51,60,35.68399113851066,139.4953911108997,9490.1,Civic,land_use,2.9,56.9,18534.5
ghsl_5929_cell_02680,52,60,35.683991138510656,139.50674281298794,1793.8,Green,land_use,100.0,51.2,19504.1
ghsl_5929_cell_02681,53,60,35.683991138510656,139.51809451507614,3089.5,Residential,land_use,23.1,51.1,20479.5
ghsl_5929_cell_02682,54,60,35.68399113851066,139.52944621716435,2944.4,Civic,land_use,54.4,72.9,21459.7
ghsl_5929_cell_02683,55,60,35.683991138510656,139.54079791925255,8960.1,Industrial,land_use,9.2,57.6,22444.2
ghsl_5929_cell_02684,56,60,35.68399113851066,139.55214962134073,11370.4,Residential,land_use,10.0,58.1,23432.5
ghsl_5929_cell_02685,57,60,35.683991138510656,139.5635013234289,11544.5,Residential,land_use,7.6,58.6,22485.9
ghsl_5929_cell_02686,58,60,35.683991138510656,139.57485302551714,11575.7,Residential,land_use,13.2,55.3,21532.9
ghsl_5929_cell_02687,59,60,35.683991138510656,139.58620472760535,11372.2,Residential,land_use,11.4,54.7,20587.1
ghsl_5929_cell_02688,60,60,35.683991138510656,139.59755642969355,13008.9,Civic,land_use,8.0,50.0,19649.6
ghsl_5929_cell_02689,61,60,35.68399113851066,139.60890813178176,13258.1,Civic,land_use,24.4,49.9,18721.6
ghsl_5929_cell_02690,62,60,35.68399113851066,139.62025983386997,14878.0,Civic,land_use,5.4,46.7,17804.6
ghsl_5929_cell_02691,63,60,35.683991138510656,139.63161153595817,13579.3,Residential,land_use,3.9,49.9,16900.3
ghsl_5929_cell_02692,64,60,35.683991138510656,139.64296323804638,9911.0,Green,land_use,45.9,31.7,16011.0
ghsl_5929_cell_02693,65,60,35.683991138510656,139.65431494013455,19511.6,Civic,land_use,3.6,43.3,15139.3
ghsl_5929_cell_02694,66,60,35.68399113851066,139.66566664222282,22494.2,Utility,land_use,4.5,43.6,14288.4
ghsl_5929_cell_02695,67,60,35.683991138510656,139.67701834431097,13152.6,Civic,land_use,5.0,35.2,13462.3
ghsl_5929_cell_02696,68,60,35.683991138510656,139.68837004639917,20132.8,Civic,land_use,2.6,48.4,12665.8
ghsl_5929_cell_02697,69,60,35.68399113851066,139.6997217484874,13773.3,Utility,land_use,1.3,37.7,11895.7
ghsl_5929_cell_02698,70,60,35.68399113851066,139.7110734505756,9584.7,Green,land_use,62.2,35.8,11127.5
ghsl_5929_cell_02699,71,60,35.683991138510656,139.7224251526638,18410.7,Civic,land_use,1.4,31.8,10359.5
ghsl_5929_cell_02700,72,60,35.683991138510656,139.73377685475202,6583.0,Civic,land_use,19.0,29.3,9591.5
ghsl_5929_cell_02701,73,60,35.683991138510656,139.74512855684023,2651.1,Commercial,land_use,5.7,15.5,8843.7
ghsl_5929_cell_02702,74,60,35.68399113851066,139.75648025892843,1161.9,Residential,land_use,49.5,8.7,8156.6
ghsl_5929_cell_02703,75,60,35.68399113851066,139.76783196101664,6953.4,Green,land_use,82.8,8.9,7547.4
ghsl_5929_cell_02704,76,60,35.68399113851066,139.77918366310485,12825.0,Civic,land_use,5.7,21.1,7036.4
ghsl_5929_cell_02705,77,60,35.683991138510656,139.79053536519302,11226.6,Civic,land_use,5.2,9.4,6646.1
ghsl_5929_cell_02706,78,60,35.683991138510656,139.80188706728123,17429.2,Civic,land_use,9.6,0.0,6398.7
ghsl_5929_cell_02707,79,60,35.683991138510656,139.81323876936943,16455.8,Civic,land_use,3.8,2.7,6099.5
ghsl_5929_cell_02708,80,60,35.683991138510656,139.82459047145764,16854.0,Commercial,land_use,6.8,4.1,5674.6
ghsl_5929_cell_02709,81,60,35.683991138510656,139.83594217354582,16899.0,Civic,land_use,3.7,1.3,5414.1
ghsl_5929_cell_02710,82,60,35.683991138510656,139.84729387563405,8754.9,Industrial,land_use,9.8,0.7,5340.2
ghsl_5929_cell_02711,83,60,35.683991138510656,139.85864557772226,12269.9,Civic,land_use,5.1,2.5,5340.2
ghsl_5929_cell_02712,84,60,35.68399113851066,139.8699972798105,19689.8,Civic,land_use,3.5,2.5,5342.0
ghsl_5929_cell_02713,85,60,35.68399113851066,139.8813489818987,16881.1,Civic,land_use,5.5,2.1,4984.5
ghsl_5929_cell_02714,86,60,35.68399113851066,139.89270068398687,11216.6,Civic,land_use,1.6,1.9,4217.4
ghsl_5929_cell_02715,87,60,35.683991138510656,139.90405238607505,12330.3,Civic,land_use,5.4,1.9,3454.8
ghsl_5929_cell_02716,88,60,35.683991138510656,139.91540408816329,13416.7,Civic,land_use,2.9,14.3,2817.7
ghsl_5929_cell_02717,89,60,35.68399113851066,139.9267557902515,13114.4,Residential,heuristic,8.8,3.6,2460.7
ghsl_5929_cell_02718,90,60,35.683991138510656,139.9381074923397,2606.4,Industrial,land_use,0.2,6.6,1931.7
ghsl_5929_cell_02719,91,60,35.68399113851066,139.9494591944279,3027.9,Industrial,land_use,1.2,5.4,1476.4
ghsl_5929_cell_02720,92,60,35.683991138510656,139.96081089651608,3437.1,Industrial,land_use,0.0,4.2,1456.6
ghsl_5929_cell_02721,93,60,35.683991138510656,139.97216259860429,3226.2,Industrial,land_use,1.1,10.3,1655.4
ghsl_5929_cell_02722,94,60,35.68399113851066,139.98351430069252,5852.0,Industrial,land_use,1.4,2.6,2326.6
ghsl_5929_cell_02723,95,60,35.683991138510656,139.99486600278073,8208.9,Residential,heuristic,4.1,1.0,2506.9
ghsl_5929_cell_02724,96,60,35.683991138510656,140.00621770486893,7797.4,Residential,land_use,4.3,6.1,2937.2
ghsl_5929_cell_02725,97,60,35.68399113851066,140.0175694069571,10308.6,Residential,land_use,1.4,6.2,3430.2
ghsl_5929_cell_02726,98,60,35.683991138510656,140.02892110904529,10281.9,Residential,heuristic,4.0,10.1,3712.0
ghsl_5929_cell_02727,99,60,35.68399113851066,140.04027281113355,7692.1,Residential,land_use,8.0,15.9,4231.3
ghsl_5929_cell_02728,100,60,35.68399113851066,140.05162451322178,10472.5,Civic,land_use,7.7,15.8,4913.4
ghsl_5929_cell_02729,101,60,35.683991138510656,140.06297621530993,7262.6,Civic,land_use,19.5,23.9,5528.9
ghsl_5929_cell_02730,102,60,35.683991138510656,140.0743279173981,2950.6,Civic,land_use,15.6,26.4,6212.0
ghsl_5929_cell_02731,103,60,35.68399113851066,140.08567961948637,4742.9,Civic,land_use,4.5,22.9,6828.0
ghsl_5929_cell_02732,104,60,35.68399113851066,140.09703132157455,3113.4,Residential,land_use,30.1,31.1,7023.1
ghsl_5929_cell_02733,105,60,35.683991138510656,140.10838302366275,4278.8,Industrial,land_use,2.0,34.1,6637.5
ghsl_5929_cell_02734,106,60,35.68399113851066,140.11973472575096,4691.1,Industrial,land_use,3.1,22.4,6395.2
ghsl_5929_cell_02735,107,60,35.68399113851066,140.13108642783916,3923.8,Industrial,land_use,0.3,30.2,5747.0
ghsl_5929_cell_02736,108,60,35.68399113851066,140.14243812992737,2667.9,Industrial,land_use,0.0,27.4,4980.5
ghsl_5929_cell_02737,109,60,35.68399113851066,140.1537898320156,2638.5,Industrial,land_use,0.0,21.9,4214.0
ghsl_5929_cell_02738,110,60,35.683991138510656,140.16514153410375,2030.1,Industrial,land_use,9.8,25.5,3447.7
ghsl_5929_cell_02739,111,60,35.68399113851066,140.17649323619202,2691.3,Industrial,land_use,0.1,39.2,2681.4
ghsl_5929_cell_02740,112,60,35.68399113851066,140.18784493828022,1878.2,Residential,heuristic,1.4,29.1,1915.2
ghsl_5929_cell_02741,113,60,35.683991138510656,140.19919664036837,1967.3,Residential,heuristic,38.5,7.1,1149.1
ghsl_5929_cell_02742,114,60,35.68399113851066,140.21054834245663,2281.5,Civic,land_use,0.6,18.8,383.0
ghsl_5929_cell_02743,31,61,35.675239290526264,139.25882879413498,3359.3,Industrial,land_use,4.6,187.1,384.1
ghsl_5929_cell_02744,32,61,35.675239290526264,139.2701797195777,2467.5,Civic,land_use,4.6,197.3,485.5
ghsl_5929_cell_02745,33,61,35.675239290526264,139.28153064502044,4626.4,Civic,land_use,5.5,156.3,1062.5
ghsl_5929_cell_02746,34,61,35.675239290526264,139.29288157046315,7657.4,Civic,land_use,3.3,148.3,2031.6
ghsl_5929_cell_02747,35,61,35.675239290526264,139.30423249590592,6255.7,Industrial,land_use,0.8,136.2,3039.4
ghsl_5929_cell_02748,36,61,35.67523929052627,139.31558342134866,7841.6,Civic,land_use,0.3,131.4,4057.2
ghsl_5929_cell_02749,37,61,35.675239290526264,139.32693434679138,6823.9,Commercial,land_use,1.2,121.8,4992.3
ghsl_5929_cell_02750,38,61,35.675239290526264,139.3382852722341,4515.9,Civic,land_use,29.2,171.2,5788.6
ghsl_5929_cell_02751,39,61,35.675239290526264,139.3496361976768,3157.3,Residential,heuristic,6.5,128.9,6647.6
ghsl_5929_cell_02752,40,61,35.67523929052627,139.36098712311954,7878.2,Civic,land_use,2.2,105.9,7493.0
ghsl_5929_cell_02753,41,61,35.675239290526264,139.37233804856226,8192.8,Industrial,land_use,0.8,111.3,8246.7
ghsl_5929_cell_02754,42,61,35.67523929052627,139.383688974005,8725.1,Industrial,land_use,0.8,110.7,9054.5
ghsl_5929_cell_02755,43,61,35.675239290526264,139.39503989944774,9528.2,Civic,land_use,2.5,100.6,9903.2
ghsl_5929_cell_02756,44,61,35.67523929052627,139.40639082489045,8018.9,Residential,heuristic,0.3,70.2,10783.2
ghsl_5929_cell_02757,45,61,35.67523929052628,139.41774175033322,6099.3,Civic,land_use,3.5,66.2,11687.3
ghsl_5929_cell_02758,46,61,35.675239290526264,139.4290926757759,5353.8,Commercial,land_use,9.5,66.3,12610.4
ghsl_5929_cell_02759,47,61,35.675239290526264,139.44044360121867,8244.6,Civic,land_use,12.2,61.2,13548.6
ghsl_5929_cell_02760,48,61,35.675239290526264,139.4517945266614,9805.2,Civic,land_use,2.7,68.5,14499.0
ghsl_5929_cell_02761,49,61,35.67523929052627,139.46314545210413,11554.4,Residential,land_use,3.2,66.4,15459.3
ghsl_5929_cell_02762,50,61,35.675239290526264,139.47449637754684,13795.7,Civic,land_use,6.6,62.6,16427.8
ghsl_5929_cell_02763,51,61,35.67523929052627,139.48584730298958,11772.1,Civic,land_use,25.7,58.3,17403.1
ghsl_5929_cell_02764,52,61,35.675239290526264,139.4971982284323,9133.9,Utility,land_use,4.7,53.7,18384.1
ghsl_5929_cell_02765,53,61,35.67523929052627,139.50854915387507,9068.4,Civic,land_use,4.0,49.4,19370.0
ghsl_5929_cell_02766,54,61,35.675239290526264,139.51990007931778,7295.5,Civic,land_use,12.1,48.1,20360.1
ghsl_5929_cell_02767,55,61,35.675239290526264,139.53125100476052,4682.8,Green,land_use,84.5,43.2,21353.8
ghsl_5929_cell_02768,56,61,35.675239290526264,139.54260193020323,8573.5,Residential,land_use,11.4,58.3,22350.5
ghsl_5929_cell_02769,57,61,35.675239290526264,139.55395285564595,7345.9,Residential,land_use,5.5,55.9,22967.5
ghsl_5929_cell_02770,58,61,35.675239290526264,139.5653037810887,11663.0,Civic,land_use,7.8,54.5,21994.9
ghsl_5929_cell_02771,59,61,35.675239290526264,139.57665470653143,10669.7,Residential,land_use,16.0,52.8,21027.6
ghsl_5929_cell_02772,60,61,35.675239290526264,139.58800563197414,11899.3,Civic,land_use,8.5,56.0,20066.3
ghsl_5929_cell_02773,61,61,35.675239290526264,139.59935655741688,11777.5,Civic,land_use,6.5,50.4,19112.0
ghsl_5929_cell_02774,62,61,35.67523929052628,139.61070748285962,15741.7,Residential,land_use,4.6,52.8,18165.7
ghsl_5929_cell_02775,63,61,35.675239290526264,139.62205840830234,13569.9,Civic,land_use,12.4,47.2,17228.8
ghsl_5929_cell_02776,64,61,35.675239290526264,139.63340933374505,14448.0,Civic,land_use,4.5,40.6,16302.9
ghsl_5929_cell_02777,65,61,35.675239290526264,139.64476025918782,15122.5,Civic,land_use,5.5,45.9,15389.9
ghsl_5929_cell_02778,66,61,35.67523929052627,139.65611118463056,18048.9,Civic,land_use,2.1,43.7,14492.4
ghsl_5929_cell_02779,67,61,35.675239290526264,139.66746211007325,14106.7,Civic,land_use,2.7,45.2,13613.3
ghsl_5929_cell_02780,68,61,35.67523929052627,139.678813035516,12482.6,Civic,land_use,7.8,46.4,12756.6
ghsl_5929_cell_02781,69,61,35.675239290526264,139.69016396095873,9418.2,Civic,land_use,7.4,34.9,11926.9
ghsl_5929_cell_02782,70,61,35.675239290526264,139.70151488640144,4968.7,Green,land_use,65.6,59.2,11130.4
ghsl_5929_cell_02783,71,61,35.675239290526264,139.71286581184418,13385.5,Civic,land_use,10.1,24.7,10361.2
ghsl_5929_cell_02784,72,61,35.675239290526264,139.72421673728692,5407.5,Residential,land_use,22.1,45.1,9593.1
ghsl_5929_cell_02785,73,61,35.675239290526264,139.73556766272964,9494.6,Commercial,land_use,4.4,29.3,8825.1
ghsl_5929_cell_02786,74,61,35.67523929052627,139.74691858817238,5602.1,Residential,land_use,9.3,27.5,8057.2
ghsl_5929_cell_02787,75,61,35.675239290526264,139.7582695136151,3832.0,Commercial,land_use,21.6,12.6,7319.2
ghsl_5929_cell_02788,76,61,35.675239290526264,139.76962043905786,13921.1,Residential,land_use,0.9,19.1,6658.6
ghsl_5929_cell_02789,77,61,35.67523929052628,139.7809713645006,15678.3,Civic,land_use,3.9,16.2,6100.5
ghsl_5929_cell_02790,78,61,35.675239290526264,139.7923222899433,12494.4,Residential,land_use,3.8,9.5,5675.3
ghsl_5929_cell_02791,79,61,35.675239290526264,139.80367321538603,14807.6,Green,land_use,40.8,2.6,5414.3
ghsl_5929_cell_02792,80,61,35.675239290526264,139.81502414082877,18293.9,Civic,land_use,28.2,8.7,5181.6
ghsl_5929_cell_02793,81,61,35.675239290526264,139.82637506627148,22955.2,Civic,land_use,16.1,2.6,4709.5
ghsl_5929_cell_02794,82,61,35.67523929052627,139.83772599171422,15829.1,Civic,land_use,3.8,2.0,4429.7
ghsl_5929_cell_02795,83,61,35.675239290526264,139.84907691715696,4500.0,Utility,land_use,2.4,0.0,4369.2
ghsl_5929_cell_02796,84,61,35.675239290526264,139.8604278425997,17100.5,Residential,land_use,16.1,2.5,4369.1
ghsl_5929_cell_02797,85,61,35.675239290526264,139.87177876804242,17468.2,Residential,land_use,8.2,1.6,4379.4
ghsl_5929_cell_02798,86,61,35.67523929052627,139.88312969348516,12439.0,Industrial,land_use,11.4,3.3,4248.6
ghsl_5929_cell_02799,87,61,35.67523929052628,139.89448061892784,13444.3,Civic,land_use,1.7,2.7,3450.9
ghsl_5929_cell_02800,88,61,35.675239290526264,139.90583154437059,13391.5,Civic,land_use,6.6,3.7,2683.9
ghsl_5929_cell_02801,89,61,35.675239290526264,139.9171824698133,10380.7,Civic,land_use,2.2,1.4,1932.1
ghsl_5929_cell_02802,90,61,35.67523929052627,139.9285333952561,5839.1,Industrial,land_use,1.5,3.1,1476.4
ghsl_5929_cell_02803,91,61,35.675239290526264,139.9398843206988,3712.4,Industrial,land_use,0.0,0.0,1150.0
ghsl_5929_cell_02804,92,61,35.67523929052627,139.95123524614152,2586.1,Industrial,land_use,0.0,6.2,492.1
ghsl_5929_cell_02805,93,61,35.675239290526264,139.96258617158423,4170.6,Industrial,land_use,1.0,5.1,485.5
ghsl_5929_cell_02806,94,61,35.675239290526264,139.97393709702698,4198.4,Residential,heuristic,9.3,0.0,1064.4
ghsl_5929_cell_02807,95,61,35.675239290526264,139.98528802246972,5264.5,Industrial,land_use,6.2,0.0,1456.5
ghsl_5929_cell_02808,96,61,35.675239290526264,139.99663894791243,3767.2,Industrial,land_use,1.5,4.7,1655.3
ghsl_5929_cell_02809,97,61,35.67523929052627,140.00798987335517,4743.4,Green,land_use,44.3,0.0,2326.5
ghsl_5929_cell_02810,98,61,35.675239290526264,140.0193407987979,8968.2,Residential,land_use,4.1,5.0,2506.8
ghsl_5929_cell_02811,99,61,35.675239290526264,140.03069172424063,6666.3,Civic,land_use,26.7,8.8,2937.0
ghsl_5929_cell_02812,100,61,35.67523929052627,140.04204264968337,6371.9,Utility,land_use,15.4,18.8,3616.8
ghsl_5929_cell_02813,101,61,35.675239290526264,140.0533935751261,3932.5,Civic,land_use,28.0,25.0,4230.9
ghsl_5929_cell_02814,102,61,35.675239290526264,140.06474450056882,2054.2,Residential,heuristic,27.8,22.5,4913.0
ghsl_5929_cell_02815,103,61,35.67523929052628,140.07609542601156,1563.7,Civic,land_use,21.4,4.6,5528.3
ghsl_5929_cell_02816,104,61,35.675239290526264,140.08744635145428,1646.6,Industrial,land_use,15.3,16.0,6211.4
ghsl_5929_cell_02817,105,61,35.675239290526264,140.098797276897,2975.2,Industrial,land_use,3.0,29.4,6979.6
ghsl_5929_cell_02818,106,61,35.675239290526264,140.11014820233973,3463.4,Civic,land_use,22.0,26.0,6635.4
ghsl_5929_cell_02819,107,61,35.675239290526264,140.12149912778244,4848.6,Industrial,land_use,4.4,28.8,5776.7
ghsl_5929_cell_02820,108,61,35.675239290526264,140.1328500532252,4213.5,Industrial,land_use,0.7,28.1,4981.2
ghsl_5929_cell_02821,109,61,35.675239290526264,140.14420097866793,2971.0,Industrial,land_use,0.0,29.0,4214.7
ghsl_5929_cell_02822,110,61,35.675239290526264,140.15555190411067,4263.6,Civic,land_use,0.0,31.1,3448.2
ghsl_5929_cell_02823,111,61,35.675239290526264,140.16690282955338,4766.4,Civic,land_use,0.0,21.7,2681.8
ghsl_5929_cell_02824,112,61,35.675239290526264,140.17825375499615,2860.4,Civic,land_use,0.1,21.4,1915.5
ghsl_5929_cell_02825,113,61,35.67523929052627,140.18960468043886,179.0,Residential,heuristic,9.9,27.2,1149.3
ghsl_5929_cell_02826,114,61,35.675239290526264,140.2009556058816,1533.0,Residential,heuristic,28.7,37.6,383.2
ghsl_5929_cell_02827,33,62,35.66648780356823,139.27200498750008,1356.5,Residential,heuristic,22.3,192.2,384.2
ghsl_5929_cell_02828,34,62,35.66648780356823,139.28335513663723,4766.3,Civic,land_use,5.8,174.3,1062.4
ghsl_5929_cell_02829,35,62,35.666487803568224,139.2947052857744,5124.8,Civic,land_use,2.7,145.5,2031.6
ghsl_5929_cell_02830,36,62,35.66648780356823,139.3060554349115,7597.3,Residential,land_use,2.9,134.6,3039.4
ghsl_5929_cell_02831,37,62,35.66648780356823,139.31740558404871,8805.8,Civic,land_use,2.3,124.4,4057.2
ghsl_5929_cell_02832,38,62,35.66648780356824,139.32875573318586,9902.9,Civic,land_use,1.5,113.4,4955.1
ghsl_5929_cell_02833,39,62,35.66648780356823,139.34010588232303,8635.3,Civic,land_use,1.3,108.3,5515.0
ghsl_5929_cell_02834,40,62,35.66648780356823,139.35145603146017,9797.1,Commercial,land_use,2.2,111.0,6196.0
ghsl_5929_cell_02835,41,62,35.666487803568224,139.3628061805973,9987.7,Industrial,land_use,3.6,118.2,6962.7
ghsl_5929_cell_02836,42,62,35.66648780356823,139.3741563297345,12112.2,Industrial,land_use,6.0,113.2,7789.8
ghsl_5929_cell_02837,43,62,35.66648780356823,139.3855064788717,8660.9,Commercial,land_use,4.3,107.9,8660.1
ghsl_5929_cell_02838,44,62,35.66648780356823,139.3968566280088,7815.7,Civic,land_use,0.9,82.8,9561.7
ghsl_5929_cell_02839,45,62,35.66648780356824,139.40820677714595,6411.3,Residential,heuristic,4.3,69.1,10486.5
ghsl_5929_cell_02840,46,62,35.66648780356823,139.4195569262831,6914.7,Civic,land_use,4.6,68.2,11429.0
ghsl_5929_cell_02841,47,62,35.66648780356823,139.43090707542027,5687.2,Commercial,land_use,0.4,59.0,12385.1
ghsl_5929_cell_02842,48,62,35.66648780356823,139.4422572245574,7721.0,Civic,land_use,6.1,56.8,13351.8
ghsl_5929_cell_02843,49,62,35.66648780356823,139.4536073736946,9285.9,Industrial,land_use,1.3,63.3,14327.1
ghsl_5929_cell_02844,50,62,35.66648780356824,139.46495752283175,12066.3,Civic,land_use,2.2,52.9,15309.3
ghsl_5929_cell_02845,51,62,35.66648780356823,139.4763076719689,13102.7,Civic,land_use,4.3,52.2,16297.1
ghsl_5929_cell_02846,52,62,35.66648780356823,139.48765782110607,8139.4,Civic,land_use,0.8,45.5,17289.6
ghsl_5929_cell_02847,53,62,35.66648780356823,139.4990079702432,12451.9,Civic,land_use,2.0,49.4,18286.0
ghsl_5929_cell_02848,54,62,35.66648780356823,139.5103581193804,14240.0,Civic,land_use,1.9,47.9,19285.7
ghsl_5929_cell_02849,55,62,35.666487803568224,139.52170826851756,11203.3,Civic,land_use,15.1,46.0,20288.2
ghsl_5929_cell_02850,56,62,35.66648780356824,139.5330584176547,9111.2,Civic,land_use,20.7,42.0,21293.1
ghsl_5929_cell_02851,57,62,35.66648780356823,139.54440856679187,9001.9,Green,land_use,53.8,47.4,22300.2
ghsl_5929_cell_02852,58,62,35.66648780356823,139.55575871592902,8750.4,Residential,land_use,9.5,55.7,22522.4
ghsl_5929_cell_02853,59,62,35.66648780356823,139.5671088650662,15159.3,Residential,land_use,6.5,46.6,21537.5
ghsl_5929_cell_02854,60,62,35.66648780356823,139.57845901420333,14450.6,Residential,land_use,3.5,52.9,20556.8
ghsl_5929_cell_02855,61,62,35.66648780356823,139.58980916334053,13975.9,Residential,land_use,2.5,50.1,19581.0
ghsl_5929_cell_02856,62,62,35.66648780356824,139.60115931247765,17112.1,Civic,land_use,3.9,50.7,18610.8
ghsl_5929_cell_02857,63,62,35.66648780356823,139.6125094616148,17895.9,Civic,land_use,3.6,46.0,17647.1
ghsl_5929_cell_02858,64,62,35.66648780356823,139.62385961075196,13423.7,Civic,land_use,3.7,46.3,16691.1
ghsl_5929_cell_02859,65,62,35.66648780356823,139.63520975988914,15530.5,Civic,land_use,9.4,44.9,15744.1
ghsl_5929_cell_02860,66,62,35.66648780356823,139.64655990902625,16513.4,Civic,land_use,1.8,48.6,14808.0
ghsl_5929_cell_02861,67,62,35.66648780356823,139.65791005816342,16406.8,Civic,land_use,1.2,46.5,13885.0
ghsl_5929_cell_02862,68,62,35.666487803568224,139.6692602073006,18844.8,Civic,land_use,1.2,40.7,12977.6
ghsl_5929_cell_02863,69,62,35.66648780356823,139.68061035643777,15560.0,Civic,land_use,2.2,45.9,12089.7
ghsl_5929_cell_02864,70,62,35.66648780356823,139.69196050557494,10427.0,Commercial,land_use,4.4,26.6,11225.6
ghsl_5929_cell_02865,71,62,35.66648780356824,139.70331065471208,16165.2,Commercial,land_use,3.2,26.9,10391.5
ghsl_5929_cell_02866,72,62,35.66648780356823,139.71466080384923,12061.2,Civic,land_use,3.6,32.9,9595.1
ghsl_5929_cell_02867,73,62,35.66648780356823,139.7260109529864,8346.9,Commercial,land_use,39.5,37.8,8826.6
ghsl_5929_cell_02868,74,62,35.666487803568224,139.73736110212354,11947.6,Residential,land_use,5.7,35.8,8058.6
ghsl_5929_cell_02869,75,62,35.66648780356823,139.74871125126072,12980.9,Residential,land_use,2.1,14.2,7290.6
ghsl_5929_cell_02870,76,62,35.66648780356823,139.7600614003979,12975.6,Residential,land_use,0.8,26.5,6522.9
ghsl_5929_cell_02871,77,62,35.66648780356823,139.77141154953503,16067.0,Commercial,land_use,4.7,8.7,5800.6
ghsl_5929_cell_02872,78,62,35.66648780356823,139.7827616986722,8763.8,Civic,land_use,8.4,8.0,5182.6
ghsl_5929_cell_02873,79,62,35.666487803568224,139.79411184780935,10529.9,Civic,land_use,8.2,4.5,4710.1
ghsl_5929_cell_02874,80,62,35.66648780356823,139.8054619969465,19988.1,Residential,land_use,1.5,13.2,4429.9
ghsl_5929_cell_02875,81,62,35.66648780356823,139.8168121460837,18105.9,Utility,land_use,3.2,3.8,4293.2
ghsl_5929_cell_02876,82,62,35.66648780356824,139.8281622952208,12496.5,Residential,land_use,11.6,4.0,3754.3
ghsl_5929_cell_02877,83,62,35.66648780356823,139.83951244435798,12970.0,Civic,land_use,18.1,4.8,3445.4
ghsl_5929_cell_02878,84,62,35.66648780356823,139.85086259349512,9559.2,Residential,land_use,1.0,0.0,3398.2
ghsl_5929_cell_02879,85,62,35.66648780356823,139.8622127426323,24063.9,Residential,land_use,6.1,4.0,3398.2
ghsl_5929_cell_02880,86,62,35.66648780356823,139.87356289176944,27781.9,Commercial,land_use,1.9,2.5,3429.2
ghsl_5929_cell_02881,87,62,35.66648780356823,139.8849130409066,19807.1,Industrial,land_use,1.3,2.1,3630.5
ghsl_5929_cell_02882,88,62,35.66648780356823,139.89626319004375,16117.4,Civic,land_use,1.9,5.0,2720.5
ghsl_5929_cell_02883,89,62,35.66648780356823,139.90761333918093,11099.6,Industrial,land_use,17.7,2.3,1917.2
ghsl_5929_cell_02884,90,62,35.666487803568224,139.91896348831807,5248.0,Green,land_use,84.8,0.0,1150.3
ghsl_5929_cell_02885,91,62,35.66648780356823,139.93031363745527,5252.7,Industrial,land_use,0.6,2.7,492.1
ghsl_5929_cell_02886,92,62,35.66648780356823,139.94166378659241,2521.5,Industrial,land_use,0.0,0.0,383.4
ghsl_5929_cell_02887,94,62,35.66648780356823,139.96436408486676,4.7,Residential,heuristic,0.0,0.0,383.4
ghsl_5929_cell_02888,95,62,35.66648780356823,139.97571423400387,74.6,Residential,heuristic,0.0,0.0,485.4
ghsl_5929_cell_02889,96,62,35.66648780356823,139.98706438314107,5442.7,Industrial,land_use,4.7,4.1,485.5
ghsl_5929_cell_02890,97,62,35.66648780356824,139.9984145322782,4348.5,Industrial,land_use,0.0,11.1,1064.4
ghsl_5929_cell_02891,98,62,35.666487803568224,140.00976468141533,6632.5,Residential,heuristic,15.8,4.3,1456.4
ghsl_5929_cell_02892,99,62,35.66648780356823,140.02111483055253,7720.8,Residential,land_use,17.3,5.0,1655.1
ghsl_5929_cell_02893,100,62,35.66648780356823,140.03246497968968,8742.6,Residential,land_use,7.1,5.1,2326.4
ghsl_5929_cell_02894,101,62,35.66648780356823,140.04381512882685,7000.5,Civic,land_use,8.4,15.7,2936.7
ghsl_5929_cell_02895,102,62,35.66648780356823,140.055165277964,5962.3,Civic,land_use,6.6,7.4,3616.5
ghsl_5929_cell_02896,103,62,35.66648780356823,140.06651542710117,3518.1,Civic,land_use,18.8,7.4,4230.5
ghsl_5929_cell_02897,104,62,35.66648780356823,140.0778655762383,3710.0,Civic,land_use,0.1,20.9,4912.5
ghsl_5929_cell_02898,105,62,35.66648780356823,140.08921572537545,2947.2,Residential,land_use,10.9,25.3,5699.3
ghsl_5929_cell_02899,106,62,35.66648780356823,140.1005658745126,4735.3,Industrial,land_use,16.5,20.0,6553.2
ghsl_5929_cell_02900,107,62,35.66648780356823,140.11191602364977,3440.4,Civic,land_use,15.0,18.3,6047.8
ghsl_5929_cell_02901,108,62,35.66648780356824,140.12326617278697,5512.9,Industrial,land_use,0.4,27.3,5123.1
ghsl_5929_cell_02902,109,62,35.666487803568224,140.13461632192409,5008.4,Industrial,land_use,18.4,25.9,4246.0
ghsl_5929_cell_02903,110,62,35.66648780356823,140.14596647106126,5340.2,Industrial,land_use,1.8,29.3,3448.7
ghsl_5929_cell_02904,111,62,35.66648780356823,140.15731662019843,6977.4,Civic,land_use,1.5,31.2,2682.2
ghsl_5929_cell_02905,112,62,35.66648780356823,140.16866676933557,5296.2,Civic,land_use,6.6,32.2,1915.8
ghsl_5929_cell_02906,113,62,35.66648780356823,140.18001691847275,1674.2,Residential,heuristic,0.0,40.2,1149.5
ghsl_5929_cell_02907,114,62,35.666487803568224,140.19136706760992,3536.0,Residential,land_use,1.3,29.7,383.2
ghsl_5929_cell_02908,34,63,35.65773667749378,139.27383287189025,2605.2,Civic,land_use,22.8,202.1,384.3
ghsl_5929_cell_02909,35,63,35.65773667749377,139.2851822450616,4270.7,Civic,land_use,11.1,182.0,1062.4
ghsl_5929_cell_02910,36,63,35.65773667749378,139.29653161823293,8082.7,Commercial,land_use,1.5,146.0,2031.5
ghsl_5929_cell_02911,37,63,35.65773667749378,139.30788099140423,9674.7,Civic,land_use,0.9,137.6,3039.4
ghsl_5929_cell_02912,38,63,35.65773667749378,139.31923036457556,12647.4,Civic,land_use,1.3,131.3,3704.4
ghsl_5929_cell_02913,39,63,35.65773667749377,139.33057973774683,14887.1,Civic,land_use,1.4,118.6,4220.4
ghsl_5929_cell_02914,40,63,35.65773667749379,139.34192911091822,15082.2,Utility,land_use,0.5,115.6,4900.4
ghsl_5929_cell_02915,41,63,35.65773667749378,139.35327848408951,8845.3,Industrial,land_use,2.3,97.6,5685.9
ghsl_5929_cell_02916,42,63,35.65773667749379,139.36462785726084,10954.0,Industrial,land_use,6.5,116.1,6538.9
ghsl_5929_cell_02917,43,63,35.65773667749378,139.37597723043214,9031.3,Industrial,land_use,0.5,106.6,7436.3
ghsl_5929_cell_02918,44,63,35.65773667749378,139.3873266036035,6943.4,Civic,land_use,1.2,81.3,8363.9
ghsl_5929_cell_02919,45,63,35.65773667749378,139.39867597677477,7724.6,Civic,land_use,0.8,75.9,9312.5
ghsl_5929_cell_02920,46,63,35.65773667749378,139.41002534994615,7677.2,Civic,land_use,0.5,95.3,10276.3
ghsl_5929_cell_02921,47,63,35.65773667749378,139.42137472311742,8374.5,Civic,land_use,1.5,86.6,11251.5
ghsl_5929_cell_02922,48,63,35.65773667749378,139.4327240962888,5134.1,Residential,heuristic,2.8,59.5,12235.4
ghsl_5929_cell_02923,49,63,35.65773667749378,139.44407346946008,6374.2,Civic,land_use,11.4,52.7,13225.9
ghsl_5929_cell_02924,50,63,35.65773667749378,139.45542284263144,8990.1,Industrial,land_use,2.7,54.2,14221.8
ghsl_5929_cell_02925,51,63,35.65773667749378,139.46677221580273,9658.9,Industrial,land_use,1.2,49.7,15221.9
ghsl_5929_cell_02926,52,63,35.65773667749379,139.47812158897412,5103.3,Industrial,land_use,33.8,47.8,16225.5
ghsl_5929_cell_02927,53,63,35.65773667749378,139.4894709621454,7962.7,Residential,land_use,4.6,42.7,17231.9
ghsl_5929_cell_02928,54,63,35.65773667749379,139.50082033531675,8595.7,Residential,land_use,15.2,39.5,18240.8
ghsl_5929_cell_02929,55,63,35.65773667749378,139.51216970848802,11503.5,Civic,land_use,11.3,37.4,19251.6
ghsl_5929_cell_02930,56,63,35.65773667749378,139.5235190816594,11537.3,Residential,land_use,4.2,42.4,20264.2
ghsl_5929_cell_02931,57,63,35.65773667749378,139.53486845483067,14548.4,Civic,land_use,4.5,39.4,21278.2
ghsl_5929_cell_02932,58,63,35.65773667749378,139.54621782800197,13974.4,Civic,land_use,2.0,44.2,22293.6
ghsl_5929_cell_02933,59,63,35.65773667749377,139.55756720117333,11884.9,Civic,land_use,8.2,32.0,22112.1
ghsl_5929_cell_02934,60,63,35.65773667749378,139.56891657434463,13482.2,Residential,land_use,2.3,35.9,21115.9
ghsl_5929_cell_02935,61,63,35.65773667749377,139.58026594751595,11910.6,Residential,land_use,4.0,34.1,20123.0
ghsl_5929_cell_02936,62,63,35.65773667749378,139.5916153206873,13399.7,Residential,land_use,13.0,49.5,19133.8
ghsl_5929_cell_02937,63,63,35.65773667749377,139.6029646938586,12472.8,Civic,land_use,22.3,48.6,18148.9
ghsl_5929_cell_02938,64,63,35.65773667749378,139.61431406702994,16343.9,Civic,land_use,12.7,45.7,17169.0
ghsl_5929_cell_02939,65,63,35.65773667749378,139.6256634402013,17059.1,Civic,land_use,3.2,47.8,16195.2
ghsl_5929_cell_02940,66,63,35.65773667749378,139.63701281337262,17349.4,Civic,land_use,3.2,41.6,15228.4
ghsl_5929_cell_02941,67,63,35.65773667749379,139.64836218654392,15296.6,Civic,land_use,2.1,40.7,14270.2
ghsl_5929_cell_02942,68,63,35.65773667749378,139.65971155971528,16901.5,Civic,land_use,8.8,38.9,13322.4
ghsl_5929_cell_02943,69,63,35.65773667749378,139.67106093288655,20276.7,Civic,land_use,7.8,46.5,12387.4
ghsl_5929_cell_02944,70,63,35.65773667749377,139.68241030605785,15533.5,Civic,land_use,12.8,37.2,11468.4
ghsl_5929_cell_02945,71,63,35.65773667749378,139.6937596792292,16674.1,Civic,land_use,2.8,32.8,10569.4
ghsl_5929_cell_02946,72,63,35.65773667749378,139.70510905240053,18721.0,Civic,land_use,2.9,24.1,9696.2
ghsl_5929_cell_02947,73,63,35.65773667749378,139.7164584255719,12699.9,Civic,land_use,5.2,37.4,8856.2
ghsl_5929_cell_02948,74,63,35.65773667749378,139.72780779874319,10482.3,Commercial,land_use,3.8,37.9,8059.9
ghsl_5929_cell_02949,75,63,35.65773667749379,139.73915717191448,12056.5,Commercial,land_use,4.8,13.0,7291.8
ghsl_5929_cell_02950,76,63,35.65773667749377,139.75050654508578,9611.6,Commercial,land_use,12.6,13.6,6523.9
ghsl_5929_cell_02951,77,63,35.65773667749379,139.76185591825717,5618.7,Commercial,land_use,36.2,9.8,5756.0
ghsl_5929_cell_02952,78,63,35.65773667749378,139.77320529142847,13717.4,Civic,land_use,4.5,6.1,4989.4
ghsl_5929_cell_02953,79,63,35.65773667749378,139.7845546645998,8701.5,Commercial,land_use,9.1,18.8,4294.2
ghsl_5929_cell_02954,80,63,35.65773667749378,139.7959040377711,10787.1,Commercial,land_use,5.6,1.6,3754.9
ghsl_5929_cell_02955,81,63,35.65773667749378,139.80725341094245,14583.3,Residential,land_use,6.7,2.6,3445.5
ghsl_5929_cell_02956,82,63,35.65773667749378,139.81860278411375,8372.0,Industrial,land_use,5.3,17.6,3398.0
ghsl_5929_cell_02957,83,63,35.65773667749377,139.82995215728508,6528.0,Residential,heuristic,1.7,6.1,2819.1
ghsl_5929_cell_02958,84,63,35.65773667749378,139.8413015304564,868.6,Residential,heuristic,17.5,6.1,2461.0
ghsl_5929_cell_02959,85,63,35.65773667749377,139.85265090362773,11661.7,Residential,land_use,12.6,10.3,2427.2
ghsl_5929_cell_02960,86,63,35.65773667749378,139.86400027679906,21315.6,Residential,land_use,19.1,0.5,2427.2
ghsl_5929_cell_02961,87,63,35.65773667749378,139.87534964997036,23642.0,Residential,land_use,5.2,4.7,2505.7
ghsl_5929_cell_02962,88,63,35.65773667749377,139.88669902314172,10764.5,Industrial,land_use,1.8,0.0,2934.9
ghsl_5929_cell_02963,89,63,35.65773667749378,139.89804839631302,13194.4,Civic,land_use,3.6,2.0,2190.7
ghsl_5929_cell_02964,90,63,35.65773667749378,139.90939776948437,8483.7,Residential,land_use,13.1,4.2,1210.2
ghsl_5929_cell_02965,91,63,35.65773667749378,139.92074714265567,3399.8,Industrial,land_use,6.5,0.0,383.4
ghsl_5929_cell_02966,97,63,35.65773667749378,139.98884338168358,2867.1,Residential,heuristic,0.0,9.3,383.4
ghsl_5929_cell_02967,98,63,35.65773667749378,140.0001927548549,3513.1,Industrial,land_use,13.9,13.8,485.4
ghsl_5929_cell_02968,99,63,35.65773667749377,140.0115421280263,2189.1,Civic,land_use,11.6,0.0,485.5
ghsl_5929_cell_02969,100,63,35.65773667749378,140.0228915011976,3464.5,Utility,land_use,8.4,4.8,1064.4
ghsl_5929_cell_02970,101,63,35.65773667749377,140.03424087436886,4651.2,Commercial,land_use,7.7,4.7,1655.0
ghsl_5929_cell_02971,102,63,35.65773667749379,140.04559024754022,6401.7,Civic,land_use,22.8,4.9,2326.2
ghsl_5929_cell_02972,103,63,35.65773667749378,140.05693962071155,7080.8,Commercial,land_use,4.3,11.1,2936.4
ghsl_5929_cell_02973,104,63,35.65773667749378,140.06828899388287,5079.0,Civic,land_use,4.7,22.2,3616.1
ghsl_5929_cell_02974,105,63,35.65773667749377,140.07963836705423,6519.9,Residential,land_use,6.4,23.2,4432.1
ghsl_5929_cell_02975,106,63,35.65773667749378,140.09098774022553,6510.9,Residential,land_use,2.1,20.3,5321.9
ghsl_5929_cell_02976,107,63,35.65773667749377,140.10233711339683,5899.0,Civic,land_use,2.1,23.5,6210.1
ghsl_5929_cell_02977,108,63,35.65773667749378,140.11368648656818,7117.2,Residential,heuristic,2.4,26.1,5573.0
ghsl_5929_cell_02978,109,63,35.65773667749378,140.12503585973946,7676.3,Industrial,land_use,0.5,28.9,4588.8
ghsl_5929_cell_02979,110,63,35.65773667749379,140.13638523291078,5030.8,Industrial,land_use,3.2,29.4,3628.8
ghsl_5929_cell_02980,111,63,35.65773667749378,140.1477346060821,6545.7,Industrial,land_use,0.5,29.9,2718.9
ghsl_5929_cell_02981,112,63,35.65773667749377,140.15908397925344,6464.0,Civic,land_use,4.1,32.3,1916.0
ghsl_5929_cell_02982,113,63,35.65773667749378,140.17043335242474,5134.8,Civic,land_use,1.5,27.8,1149.6
ghsl_5929_cell_02983,114,63,35.65773667749378,140.1817827255961,3646.4,Industrial,land_use,19.1,28.8,383.3
ghsl_5929_cell_02984,35,64,35.64898591216022,139.27566337173678,534.1,Residential,heuristic,0.4,214.0,384.3
ghsl_5929_cell_02985,36,64,35.64898591216022,139.28701196928188,4688.6,Residential,heuristic,8.2,167.9,1062.3
ghsl_5929_cell_02986,37,64,35.64898591216022,139.29836056682691,9589.0,Civic,land_use,3.6,154.9,2031.5
ghsl_5929_cell_02987,38,64,35.64898591216022,139.30970916437198,9790.7,Civic,land_use,4.2,156.4,2503.3
ghsl_5929_cell_02988,39,64,35.648985912160214,139.32105776191702,8287.6,Civic,land_use,23.3,153.5,2929.6
ghsl_5929_cell_02989,40,64,35.64898591216022,139.3324063594621,8884.7,Civic,land_use,2.7,135.6,3607.2
ghsl_5929_cell_02990,41,64,35.64898591216022,139.34375495700715,10217.7,Civic,land_use,3.4,112.8,4422.1
ghsl_5929_cell_02991,42,64,35.64898591216022,139.3551035545522,7898.8,Industrial,land_use,4.1,99.2,5311.3
ghsl_5929_cell_02992,43,64,35.64898591216022,139.36645215209725,5091.5,Industrial,land_use,12.9,97.1,6243.3
ghsl_5929_cell_02993,44,64,35.64898591216022,139.37780074964232,6847.4,Civic,land_use,2.2,86.2,7201.4
ghsl_5929_cell_02994,45,64,35.64898591216022,139.38914934718738,7500.3,Civic,land_use,0.8,93.4,8176.5
ghsl_5929_cell_02995,46,64,35.64898591216022,139.40049794473245,1651.2,Residential,heuristic,0.7,146.3,9163.2
ghsl_5929_cell_02996,47,64,35.64898591216022,139.41184654227752,5758.3,Residential,land_use,0.5,163.1,10158.0
ghsl_5929_cell_02997,48,64,35.648985912160214,139.42319513982258,6043.2,Civic,land_use,2.1,104.2,11158.8
ghsl_5929_cell_02998,49,64,35.64898591216022,139.43454373736762,6920.9,Commercial,land_use,3.4,61.2,12164.1
ghsl_5929_cell_02999,50,64,35.64898591216022,139.44589233491266,10477.1,Residential,land_use,6.7,52.6,13172.9
ghsl_5929_cell_03000,51,64,35.648985912160214,139.45724093245775,6253.4,Civic,land_use,4.3,49.9,14184.5
ghsl_5929_cell_03001,52,64,35.64898591216022,139.4685895300028,658.8,Green,land_use,68.0,67.9,15198.2
ghsl_5929_cell_03002,53,64,35.648985912160214,139.47993812754783,1491.3,Industrial,land_use,3.3,56.6,16213.8
ghsl_5929_cell_03003,54,64,35.64898591216022,139.49128672509292,3864.2,Civic,land_use,5.1,43.4,17230.7
ghsl_5929_cell_03004,55,64,35.64898591216022,139.50263532263799,5466.0,Civic,land_use,5.8,38.7,18240.6
ghsl_5929_cell_03005,56,64,35.64898591216022,139.51398392018302,5747.8,Residential,land_use,0.8,37.4,19251.5
ghsl_5929_cell_03006,57,64,35.64898591216022,139.5253325177281,9241.9,Residential,land_use,12.9,36.6,20181.9
ghsl_5929_cell_03007,58,64,35.64898591216022,139.53668111527315,14188.0,Residential,land_use,1.2,36.0,21101.8
ghsl_5929_cell_03008,59,64,35.64898591216022,139.54802971281822,15360.9,Residential,land_use,3.6,37.4,22031.3
ghsl_5929_cell_03009,60,64,35.648985912160214,139.55937831036326,15007.0,Civic,land_use,3.6,34.7,21738.3
ghsl_5929_cell_03010,61,64,35.64898591216022,139.57072690790832,11673.7,Civic,land_use,8.3,30.8,20732.3
ghsl_5929_cell_03011,62,64,35.648985912160214,139.58207550545336,11305.8,Civic,land_use,2.7,30.2,19728.6
ghsl_5929_cell_03012,63,64,35.648985912160214,139.59342410299843,13246.4,Civic,land_use,3.4,49.1,18727.5
ghsl_5929_cell_03013,64,64,35.64898591216022,139.60477270054352,15125.2,Residential,land_use,6.9,42.5,17729.5
ghsl_5929_cell_03014,65,64,35.64898591216022,139.61612129808856,16706.4,Civic,land_use,3.5,44.7,16735.1
ghsl_5929_cell_03015,66,64,35.64898591216022,139.62746989563362,15658.2,Civic,land_use,1.0,42.2,15745.0
ghsl_5929_cell_03016,67,64,35.648985912160214,139.6388184931787,14295.1,Civic,land_use,2.7,38.6,14760.1
ghsl_5929_cell_03017,68,64,35.64898591216022,139.65016709072373,15147.6,Civic,land_use,3.3,34.1,13781.5
ghsl_5929_cell_03018,69,64,35.64898591216022,139.6615156882688,17952.4,Civic,land_use,1.9,38.7,12810.7
ghsl_5929_cell_03019,70,64,35.648985912160214,139.67286428581386,19756.8,Civic,land_use,3.8,27.2,11849.5
ghsl_5929_cell_03020,71,64,35.64898591216022,139.68421288335892,19101.5,Civic,land_use,6.6,29.3,10900.5
ghsl_5929_cell_03021,72,64,35.64898591216022,139.695561480904,19897.4,Civic,land_use,5.7,15.5,9967.2
ghsl_5929_cell_03022,73,64,35.64898591216022,139.70691007844903,17481.9,Civic,land_use,2.1,23.8,9054.4
ghsl_5929_cell_03023,74,64,35.64898591216022,139.7182586759941,16988.2,Civic,land_use,10.1,14.0,8169.1
ghsl_5929_cell_03024,75,64,35.648985912160214,139.72960727353913,10614.8,Civic,land_use,4.0,24.5,7321.1
ghsl_5929_cell_03025,76,64,35.64898591216022,139.7409558710842,13870.5,Civic,land_use,6.7,12.8,6524.9
ghsl_5929_cell_03026,77,64,35.64898591216022,139.7523044686293,12632.1,Commercial,land_use,7.7,19.0,5757.0
ghsl_5929_cell_03027,78,64,35.64898591216022,139.76365306617436,2862.9,Residential,heuristic,0.3,0.0,4989.1
ghsl_5929_cell_03028,79,64,35.64898591216022,139.7750016637194,3822.6,Civic,land_use,22.0,6.5,4221.2
ghsl_5929_cell_03029,80,64,35.64898591216022,139.78635026126443,3681.2,Commercial,land_use,18.7,5.7,3457.9
ghsl_5929_cell_03030,81,64,35.64898591216022,139.7976988588095,11209.9,Civic,land_use,2.7,0.0,2819.7
ghsl_5929_cell_03031,82,64,35.64898591216022,139.80904745635456,10077.4,Residential,land_use,35.0,5.1,2461.1
ghsl_5929_cell_03032,83,64,35.64898591216022,139.82039605389963,2866.9,Green,land_use,60.8,0.0,2427.1
ghsl_5929_cell_03033,84,64,35.64898591216022,139.83174465144467,3584.5,Commercial,land_use,11.5,8.1,1933.4
ghsl_5929_cell_03034,85,64,35.648985912160214,139.84309324898976,2537.9,Commercial,land_use,9.2,0.0,1476.6
ghsl_5929_cell_03035,86,64,35.64898591216022,139.85444184653483,7891.9,Residential,land_use,7.3,15.8,1456.3
ghsl_5929_cell_03036,87,64,35.64898591216022,139.8657904440799,14638.7,Industrial,land_use,4.2,10.7,1456.3
ghsl_5929_cell_03037,88,64,35.64898591216022,139.87713904162493,17043.2,Residential,land_use,15.4,3.2,1654.1
ghsl_5929_cell_03038,89,64,35.64898591216022,139.88848763916997,10267.6,Residential,land_use,2.7,2.3,2324.7
ghsl_5929_cell_03039,90,64,35.648985912160214,139.89983623671503,8504.1,Residential,land_use,4.6,8.2,2033.3
ghsl_5929_cell_03040,91,64,35.64898591216022,139.91118483426013,9210.8,Residential,land_use,7.2,3.3,1064.0
ghsl_5929_cell_03041,92,64,35.64898591216022,139.92253343180516,7858.2,Residential,land_use,3.9,5.7,485.5
ghsl_5929_cell_03042,93,64,35.64898591216022,139.93388202935023,1629.4,Residential,land_use,2.2,0.0,383.5
ghsl_5929_cell_03043,100,64,35.648985912160214,140.0133222121656,18.9,Residential,heuristic,0.0,0.0,383.4
ghsl_5929_cell_03044,101,64,35.64898591216022,140.0246708097107,445.4,Industrial,land_use,11.9,4.3,485.4
ghsl_5929_cell_03045,102,64,35.64898591216022,140.03601940725576,8594.8,Commercial,land_use,2.3,10.7,1064.3
ghsl_5929_cell_03046,103,64,35.64898591216022,140.0473680048008,7107.9,Commercial,land_use,25.4,8.9,1654.8
ghsl_5929_cell_03047,104,64,35.64898591216022,140.05871660234587,4526.4,Residential,land_use,12.9,10.2,2326.0
ghsl_5929_cell_03048,105,64,35.64898591216022,140.07006519989093,7750.4,Residential,land_use,4.4,17.2,3192.9
ghsl_5929_cell_03049,106,64,35.64898591216022,140.081413797436,5779.1,Residential,land_use,3.2,19.1,4134.3
ghsl_5929_cell_03050,107,64,35.648985912160214,140.09276239498104,8605.8,Residential,land_use,5.8,20.6,4911.5
ghsl_5929_cell_03051,108,64,35.64898591216022,140.10411099252613,7759.9,Residential,land_use,2.2,22.9,5526.5
ghsl_5929_cell_03052,109,64,35.64898591216022,140.1154595900711,5867.7,Residential,land_use,10.3,20.8,5241.6
ghsl_5929_cell_03053,110,64,35.648985912160214,140.1268081876162,3162.7,Green,land_use,44.6,34.5,4219.3
ghsl_5929_cell_03054,111,64,35.648985912160214,140.13815678516124,6063.5,Industrial,land_use,1.0,30.8,3200.5
ghsl_5929_cell_03055,112,64,35.648985912160214,140.14950538270634,4478.7,Utility,land_use,1.6,32.8,2190.2
ghsl_5929_cell_03056,113,64,35.64898591216022,140.1608539802514,3857.3,Residential,heuristic,2.0,24.5,1209.6
ghsl_5929_cell_03057,114,64,35.64898591216022,140.17220257779644,3396.3,Residential,land_use,2.9,26.3,383.2
ghsl_5929_cell_03058,36,65,35.640235507424876,139.27749648602898,5036.6,Civic,land_use,0.7,249.0,384.4
ghsl_5929_cell_03059,37,65,35.64023550742488,139.28884430828725,6934.6,Industrial,land_use,3.6,188.7,1062.2
ghsl_5929_cell_03060,38,65,35.64023550742488,139.3001921305454,8533.6,Civic,land_use,3.6,186.7,1456.2
ghsl_5929_cell_03061,39,65,35.640235507424876,139.3115399528036,9995.3,Residential,heuristic,3.8,159.8,1651.3
ghsl_5929_cell_03062,40,65,35.64023550742488,139.32288777506184,4498.6,Green,land_use,44.9,120.7,2320.4
ghsl_5929_cell_03063,41,65,35.640235507424876,139.33423559732003,4421.6,Civic,land_use,19.8,135.9,3186.6
ghsl_5929_cell_03064,42,65,35.640235507424876,139.34558341957822,7279.5,Civic,land_use,3.1,120.7,4127.7
ghsl_5929_cell_03065,43,65,35.64023550742488,139.35693124183643,7233.8,Residential,heuristic,1.4,117.9,5102.3
ghsl_5929_cell_03066,44,65,35.64023550742488,139.36827906409465,4816.4,Green,land_use,43.7,106.4,6094.5
ghsl_5929_cell_03067,45,65,35.64023550742488,139.37962688635284,3905.8,Residential,heuristic,3.2,174.5,7096.9
ghsl_5929_cell_03068,46,65,35.64023550742488,139.39097470861105,792.8,Civic,land_use,2.5,159.3,8105.6
ghsl_5929_cell_03069,47,65,35.640235507424876,139.40232253086924,1527.6,Civic,land_use,12.0,128.5,9118.6
ghsl_5929_cell_03070,48,65,35.64023550742488,139.41367035312746,6316.9,Civic,land_use,2.9,93.2,10134.7
ghsl_5929_cell_03071,49,65,35.64023550742488,139.42501817538565,6937.8,Residential,land_use,5.3,68.1,11152.8
ghsl_5929_cell_03072,50,65,35.64023550742488,139.43636599764383,10192.9,Residential,land_use,5.2,74.7,12164.0
ghsl_5929_cell_03073,51,65,35.64023550742488,139.44771381990202,7984.7,Residential,land_use,8.0,97.2,13172.8
ghsl_5929_cell_03074,52,65,35.64023550742488,139.45906164216024,4774.8,Green,land_use,51.9,87.7,14184.4
ghsl_5929_cell_03075,53,65,35.64023550742488,139.47040946441848,582.7,Utility,land_use,100.0,160.9,15198.2
ghsl_5929_cell_03076,54,65,35.64023550742488,139.4817572866766,1272.6,Utility,land_use,8.9,153.2,16213.8
ghsl_5929_cell_03077,55,65,35.64023550742488,139.49310510893486,7834.8,Civic,land_use,8.2,68.4,17148.0
ghsl_5929_cell_03078,56,65,35.64023550742488,139.50445293119304,10009.9,Civic,land_use,3.2,38.6,18056.2
ghsl_5929_cell_03079,57,65,35.64023550742488,139.51580075345123,9360.5,Civic,land_use,8.3,34.8,18976.7
ghsl_5929_cell_03080,58,65,35.640235507424876,139.52714857570942,8363.7,Residential,land_use,9.0,33.4,19907.7
ghsl_5929_cell_03081,59,65,35.64023550742488,139.53849639796763,7466.9,Civic,land_use,10.3,21.0,20847.8
ghsl_5929_cell_03082,60,65,35.64023550742488,139.54984422022588,8599.6,Civic,land_use,5.0,29.5,21796.0
ghsl_5929_cell_03083,61,65,35.64023550742488,139.56119204248404,11831.7,Residential,land_use,2.0,35.9,21403.1
ghsl_5929_cell_03084,62,65,35.64023550742488,139.57253986474223,13103.5,Residential,land_use,0.9,29.0,20388.8
ghsl_5929_cell_03085,63,65,35.640235507424876,139.58388768700044,14572.4,Industrial,land_use,8.7,27.3,19375.9
ghsl_5929_cell_03086,64,65,35.64023550742488,139.59523550925866,14907.3,Civic,land_use,1.8,45.3,18364.8
ghsl_5929_cell_03087,65,65,35.640235507424876,139.60658333151684,14215.6,Civic,land_use,1.1,44.9,17355.6
ghsl_5929_cell_03088,66,65,35.64023550742488,139.61793115377506,16996.6,Industrial,land_use,2.1,46.1,16348.7
ghsl_5929_cell_03089,67,65,35.64023550742488,139.62927897603328,15865.3,Civic,land_use,4.7,46.4,15344.7
ghsl_5929_cell_03090,68,65,35.64023550742488,139.64062679829144,14655.5,Civic,land_use,19.6,43.1,14344.0
ghsl_5929_cell_03091,69,65,35.64023550742488,139.65197462054965,18154.0,Civic,land_use,1.9,40.8,13347.5
ghsl_5929_cell_03092,70,65,35.64023550742488,139.66332244280787,17937.3,Civic,land_use,1.7,35.0,12356.1
ghsl_5929_cell_03093,71,65,35.64023550742488,139.67467026506608,18410.3,Utility,land_use,13.2,38.3,11371.3
ghsl_5929_cell_03094,72,65,35.64023550742488,139.68601808732427,17229.8,Civic,land_use,2.0,27.1,10394.8
ghsl_5929_cell_03095,73,65,35.64023550742488,139.69736590958246,20455.3,Civic,land_use,3.4,27.0,9429.3
ghsl_5929_cell_03096,74,65,35.64023550742488,139.70871373184065,21237.9,Utility,land_use,6.3,28.9,8478.5
ghsl_5929_cell_03097,75,65,35.640235507424876,139.72006155409886,11473.1,Civic,land_use,27.7,32.0,7547.9
ghsl_5929_cell_03098,76,65,35.640235507424876,139.73140937635708,11259.8,Civic,land_use,12.2,20.6,6646.1
ghsl_5929_cell_03099,77,65,35.64023550742488,139.74275719861527,11742.7,Civic,land_use,5.3,3.6,5786.5
ghsl_5929_cell_03100,78,65,35.64023550742488,139.75410502087348,9728.8,Civic,land_use,2.0,5.0,4989.9
ghsl_5929_cell_03101,79,65,35.64023550742488,139.76545284313167,175.4,Industrial,land_use,1.5,0.0,4222.0
ghsl_5929_cell_03102,80,65,35.64023550742488,139.77680066538986,1639.0,Industrial,land_use,2.1,0.0,3454.1
ghsl_5929_cell_03103,81,65,35.64023550742488,139.78814848764804,4788.7,Residential,heuristic,18.5,4.4,2686.4
ghsl_5929_cell_03104,82,65,35.640235507424876,139.7994963099063,7708.1,Civic,land_use,6.5,12.5,1933.8
ghsl_5929_cell_03105,83,65,35.64023550742488,139.81084413216445,5864.3,Residential,heuristic,0.4,0.0,1476.6
ghsl_5929_cell_03106,84,65,35.64023550742488,139.8221919544227,4878.8,Residential,heuristic,1.7,5.8,1456.2
ghsl_5929_cell_03107,85,65,35.64023550742488,139.83353977668088,7525.1,Industrial,land_use,0.8,0.0,1151.1
ghsl_5929_cell_03108,86,65,35.64023550742488,139.84488759893904,1619.5,Residential,heuristic,9.6,0.0,492.2
ghsl_5929_cell_03109,87,65,35.64023550742488,139.85623542119725,1036.7,Green,land_use,100.0,5.6,485.4
ghsl_5929_cell_03110,88,65,35.64023550742488,139.86758324345547,4203.7,Residential,land_use,18.6,3.0,485.4
ghsl_5929_cell_03111,89,65,35.64023550742488,139.87893106571366,2626.5,Residential,land_use,3.7,3.7,1063.8
ghsl_5929_cell_03112,90,65,35.64023550742488,139.8902788879719,7606.5,Residential,land_use,13.8,5.6,2033.2
ghsl_5929_cell_03113,91,65,35.64023550742488,139.9016267102301,8644.7,Residential,land_use,7.8,7.2,1933.2
ghsl_5929_cell_03114,92,65,35.64023550742488,139.91297453248828,7953.8,Residential,land_use,14.0,11.2,1476.5
ghsl_5929_cell_03115,93,65,35.64023550742488,139.92432235474647,12547.1,Residential,land_use,15.5,7.0,1063.9
ghsl_5929_cell_03116,94,65,35.64023550742488,139.93567017700468,2212.3,Residential,land_use,10.7,4.6,383.6
ghsl_5929_cell_03117,102,65,35.64023550742488,140.0264527550703,269.0,Residential,heuristic,0.9,0.0,383.5
ghsl_5929_cell_03118,103,65,35.640235507424876,140.0378005773285,4775.9,Green,land_use,53.0,5.3,485.4
ghsl_5929_cell_03119,104,65,35.640235507424876,140.0491483995867,5558.1,Residential,land_use,19.0,5.7,1064.3
ghsl_5929_cell_03120,105,65,35.64023550742488,140.0604962218449,9124.1,Residential,land_use,13.9,10.8,2033.7
ghsl_5929_cell_03121,106,65,35.64023550742488,140.0718440441031,7724.0,Residential,land_use,6.9,9.2,2935.7
ghsl_5929_cell_03122,107,65,35.640235507424876,140.0831918663613,8124.8,Residential,land_use,3.5,2.9,3615.4
ghsl_5929_cell_03123,108,65,35.64023550742488,140.0945396886195,8853.6,Civic,land_use,3.0,17.6,4229.0
ghsl_5929_cell_03124,109,65,35.64023550742488,140.1058875108777,8102.1,Civic,land_use,5.4,27.0,4911.0
ghsl_5929_cell_03125,110,65,35.64023550742488,140.11723533313588,5690.8,Civic,land_use,1.9,17.7,5081.7
ghsl_5929_cell_03126,111,65,35.64023550742488,140.1285831553941,5061.8,Utility,land_use,0.7,23.0,4059.8
ghsl_5929_cell_03127,112,65,35.64023550742488,140.1399309776523,6550.0,Residential,land_use,5.4,29.8,3041.9
ghsl_5929_cell_03128,113,65,35.64023550742488,140.15127879991053,6397.6,Civic,land_use,3.1,31.3,2034.0
ghsl_5929_cell_03129,114,65,35.64023550742488,140.16262662216872,4388.6,Civic,land_use,0.4,34.2,1064.6
ghsl_5929_cell_03130,115,65,35.640235507424876,140.1739744444269,2615.8,Civic,land_use,0.0,35.8,383.2
ghsl_5929_cell_03131,37,66,35.63148546314521,139.27933221375727,2660.9,Civic,land_use,15.3,249.8,384.4
ghsl_5929_cell_03132,38,66,35.631485463145204,139.29067926106785,3965.3,Residential,land_use,1.9,189.5,485.3
ghsl_5929_cell_03133,39,66,35.63148546314521,139.30202630837843,5667.5,Residential,land_use,4.7,165.5,485.4
ghsl_5929_cell_03134,40,66,35.631485463145204,139.313373355689,4746.4,Residential,heuristic,6.0,134.0,1062.2
ghsl_5929_cell_03135,41,66,35.63148546314521,139.32472040299962,9436.4,Residential,land_use,4.7,155.5,2031.5
ghsl_5929_cell_03136,42,66,35.631485463145204,139.33606745031017,4286.8,Civic,land_use,3.6,146.0,3039.5
ghsl_5929_cell_03137,43,66,35.63148546314521,139.34741449762078,6455.2,Civic,land_use,7.5,145.6,4057.5
ghsl_5929_cell_03138,44,66,35.631485463145204,139.35876154493135,6099.5,Civic,land_use,3.5,165.1,5079.4
ghsl_5929_cell_03139,45,66,35.631485463145204,139.37010859224193,4230.7,Residential,heuristic,0.6,136.0,6094.4
ghsl_5929_cell_03140,46,66,35.63148546314521,139.3814556395525,3451.8,Civic,land_use,1.9,147.0,7096.8
ghsl_5929_cell_03141,47,66,35.631485463145204,139.3928026868631,6387.8,Residential,land_use,2.1,113.8,8105.6
ghsl_5929_cell_03142,48,66,35.63148546314521,139.4041497341737,7247.7,Civic,land_use,6.6,81.3,9118.6
ghsl_5929_cell_03143,49,66,35.631485463145204,139.41549678148428,6726.5,Residential,land_use,14.1,100.5,10134.7
ghsl_5929_cell_03144,50,66,35.631485463145204,139.42684382879483,7210.5,Residential,land_use,11.6,122.9,11152.9
ghsl_5929_cell_03145,51,66,35.631485463145204,139.4381908761054,7943.2,Residential,land_use,13.7,75.1,12172.8
ghsl_5929_cell_03146,52,66,35.63148546314521,139.44953792341602,9726.7,Residential,land_use,4.4,95.6,13193.9
ghsl_5929_cell_03147,53,66,35.631485463145204,139.4608849707266,6368.9,Residential,land_use,11.9,123.0,14132.9
ghsl_5929_cell_03148,54,66,35.631485463145204,139.47223201803718,2892.9,Green,land_use,83.5,136.9,15023.6
ghsl_5929_cell_03149,55,66,35.63148546314521,139.48357906534778,5334.4,Civic,land_use,25.4,105.3,15930.9
ghsl_5929_cell_03150,56,66,35.631485463145204,139.49492611265833,3957.0,Civic,land_use,7.2,56.5,16852.0
ghsl_5929_cell_03151,57,66,35.63148546314521,139.5062731599689,2763.7,Civic,land_use,4.8,93.1,17784.9
ghsl_5929_cell_03152,58,66,35.631485463145204,139.5176202072795,4277.6,Civic,land_use,5.3,75.3,18727.8
ghsl_5929_cell_03153,59,66,35.63148546314521,139.52896725459007,9882.2,Civic,land_use,3.5,31.9,19679.3
ghsl_5929_cell_03154,60,66,35.631485463145204,139.54031430190065,10844.8,Civic,land_use,0.8,28.5,20638.1
ghsl_5929_cell_03155,61,66,35.631485463145204,139.55166134921126,10086.3,Civic,land_use,1.1,26.9,21603.3
ghsl_5929_cell_03156,62,66,35.63148546314521,139.56300839652187,7721.3,Civic,land_use,5.4,22.7,21108.2
ghsl_5929_cell_03157,63,66,35.63148546314521,139.57435544383245,11006.4,Residential,land_use,4.9,24.0,20087.4
ghsl_5929_cell_03158,64,66,35.63148546314521,139.58570249114302,16067.7,Civic,land_use,5.3,24.4,19067.4
ghsl_5929_cell_03159,65,66,35.631485463145204,139.59704953845358,13174.1,Civic,land_use,6.0,21.0,18048.3
ghsl_5929_cell_03160,66,66,35.63148546314521,139.60839658576418,13789.2,Civic,land_use,17.5,26.3,17030.2
ghsl_5929_cell_03161,67,66,35.631485463145204,139.61974363307476,7718.0,Green,land_use,66.0,35.8,16013.4
ghsl_5929_cell_03162,68,66,35.631485463145204,139.63109068038537,14889.6,Civic,land_use,6.5,38.7,14998.1
ghsl_5929_cell_03163,69,66,35.631485463145204,139.6424377276959,19276.6,Civic,land_use,1.3,52.9,13984.7
ghsl_5929_cell_03164,70,66,35.631485463145204,139.6537847750065,19072.7,Civic,land_use,2.7,44.8,12973.5
ghsl_5929_cell_03165,71,66,35.63148546314521,139.6651318223171,15505.9,Civic,land_use,2.4,38.3,11965.2
ghsl_5929_cell_03166,72,66,35.631485463145204,139.6764788696277,19363.8,Civic,land_use,3.6,36.6,10960.6
ghsl_5929_cell_03167,73,66,35.63148546314521,139.6878259169383,18852.7,Civic,land_use,2.5,32.1,9960.8
ghsl_5929_cell_03168,74,66,35.631485463145204,139.69917296424887,18257.3,Residential,land_use,3.3,33.1,8967.3
ghsl_5929_cell_03169,75,66,35.631485463145204,139.71052001155945,21702.2,Civic,land_use,2.3,12.7,7982.5
ghsl_5929_cell_03170,76,66,35.631485463145204,139.72186705887003,20225.5,Civic,land_use,3.4,29.7,7010.2
ghsl_5929_cell_03171,77,66,35.63148546314521,139.7332141061806,12339.3,Commercial,land_use,2.9,42.9,6056.2
ghsl_5929_cell_03172,78,66,35.631485463145204,139.7445611534912,7978.9,Utility,land_use,11.8,3.0,5131.0
ghsl_5929_cell_03173,79,66,35.631485463145204,139.75590820080177,4013.4,Civic,land_use,5.5,26.2,4253.2
ghsl_5929_cell_03174,80,66,35.631485463145204,139.76725524811235,423.4,Residential,heuristic,3.1,0.0,3454.7
ghsl_5929_cell_03175,81,66,35.631485463145204,139.77860229542293,5538.6,Residential,land_use,33.4,10.9,2686.8
ghsl_5929_cell_03176,82,66,35.63148546314521,139.78994934273354,9116.4,Civic,land_use,37.1,23.1,1919.0
ghsl_5929_cell_03177,83,66,35.631485463145204,139.8012963900441,3576.8,Commercial,land_use,1.1,0.0,1151.3
ghsl_5929_cell_03178,84,66,35.631485463145204,139.81264343735467,205.1,Residential,heuristic,0.0,0.0,492.2
ghsl_5929_cell_03179,85,66,35.631485463145204,139.82399048466527,1162.3,Residential,heuristic,0.0,0.0,485.4
ghsl_5929_cell_03180,86,66,35.63148546314521,139.83533753197588,987.5,Utility,land_use,5.0,5.2,383.7
ghsl_5929_cell_03181,89,66,35.63148546314521,139.86937867390762,1249.8,Residential,heuristic,0.5,0.0,383.7
ghsl_5929_cell_03182,90,66,35.631485463145204,139.88072572121817,7489.8,Utility,land_use,3.2,9.8,1063.7
ghsl_5929_cell_03183,91,66,35.63148546314521,139.8920727685288,5511.0,Industrial,land_use,28.0,2.5,1456.2
ghsl_5929_cell_03184,92,66,35.631485463145204,139.90341981583938,3492.9,Industrial,land_use,6.1,4.7,1151.0
ghsl_5929_cell_03185,93,66,35.63148546314521,139.91476686314994,6333.3,Industrial,land_use,22.5,4.0,492.2
ghsl_5929_cell_03186,94,66,35.63148546314521,139.92611391046054,204.2,Utility,land_use,22.7,0.0,383.6
ghsl_5929_cell_03187,104,66,35.631485463145204,140.03958438356636,462.0,Residential,land_use,4.3,0.0,383.5
ghsl_5929_cell_03188,105,66,35.63148546314521,140.05093143087694,4529.6,Residential,land_use,9.9,9.6,1064.2
ghsl_5929_cell_03189,106,66,35.631485463145204,140.06227847818752,7670.9,Residential,land_use,7.6,5.8,1654.4
ghsl_5929_cell_03190,107,66,35.63148546314521,140.07362552549813,8571.4,Residential,land_use,5.1,4.4,2325.5
ghsl_5929_cell_03191,108,66,35.631485463145204,140.08497257280868,7276.8,Residential,land_use,8.5,3.1,2935.4
ghsl_5929_cell_03192,109,66,35.631485463145204,140.09631962011926,8768.9,Civic,land_use,5.6,19.0,3615.0
ghsl_5929_cell_03193,110,66,35.631485463145204,140.10766666742984,8846.4,Civic,land_use,7.8,21.8,4431.0
ghsl_5929_cell_03194,111,66,35.63148546314521,140.11901371474042,7260.8,Residential,land_use,2.8,14.0,5081.8
ghsl_5929_cell_03195,112,66,35.63148546314521,140.13036076205103,6040.9,Civic,land_use,5.1,31.7,4059.9
ghsl_5929_cell_03196,113,66,35.631485463145204,140.1417078093616,5342.9,Residential,heuristic,2.0,30.4,3041.9
ghsl_5929_cell_03197,114,66,35.63148546314521,140.1530548566722,7827.3,Civic,land_use,0.3,29.7,2033.9
ghsl_5929_cell_03198,115,66,35.631485463145204,140.16440190398276,6039.7,Civic,land_use,1.7,21.3,1064.5
ghsl_5929_cell_03199,116,66,35.63148546314521,140.17574895129337,5934.3,Civic,land_use,3.0,33.8,485.4
ghsl_5929_cell_03200,117,66,35.631485463145204,140.18709599860395,3194.9,Civic,land_use,1.6,47.8,485.5
ghsl_5929_cell_03201,118,66,35.63148546314521,140.19844304591453,3639.5,Civic,land_use,7.0,45.1,383.3
ghsl_5929_cell_03202,40,67,35.62273577917863,139.30386309931677,3017.5,Residential,land_use,1.5,171.8,384.4
ghsl_5929_cell_03203,41,67,35.62273577917862,139.3152093720188,6319.0,Residential,land_use,1.7,186.8,1062.1
ghsl_5929_cell_03204,42,67,35.62273577917863,139.32655564472088,7259.0,Industrial,land_use,6.5,148.4,2031.4
ghsl_5929_cell_03205,43,67,35.622735779178626,139.33790191742293,4463.3,Civic,land_use,2.8,184.1,3039.5
ghsl_5929_cell_03206,44,67,35.62273577917863,139.34924819012494,2089.9,Civic,land_use,0.9,194.3,4057.5
ghsl_5929_cell_03207,45,67,35.62273577917862,139.36059446282698,691.2,Civic,land_use,3.0,143.5,5079.5
ghsl_5929_cell_03208,46,67,35.622735779178626,139.37194073552905,4661.5,Civic,land_use,26.6,108.0,6103.5
ghsl_5929_cell_03209,47,67,35.622735779178626,139.3832870082311,6361.0,Civic,land_use,18.1,125.1,7128.6
ghsl_5929_cell_03210,48,67,35.62273577917863,139.3946332809331,8148.4,Civic,land_use,11.3,108.0,8154.4
ghsl_5929_cell_03211,49,67,35.622735779178626,139.40597955363518,4299.0,Green,land_use,87.5,124.1,9180.7
ghsl_5929_cell_03212,50,67,35.62273577917863,139.41732582633722,11261.1,Commercial,land_use,9.2,97.1,10207.3
ghsl_5929_cell_03213,51,67,35.622735779178626,139.42867209903926,9596.6,Residential,land_use,18.2,100.1,11151.5
ghsl_5929_cell_03214,52,67,35.622735779178626,139.44001837174127,8283.6,Residential,land_use,9.6,109.3,12013.5
ghsl_5929_cell_03215,53,67,35.622735779178626,139.45136464444334,7783.2,Residential,land_use,16.1,109.9,12899.8
ghsl_5929_cell_03216,54,67,35.62273577917863,139.4627109171454,6765.2,Civic,land_use,24.7,111.8,13805.8
ghsl_5929_cell_03217,55,67,35.62273577917862,139.4740571898474,6348.9,Utility,land_use,7.4,90.8,14727.9
ghsl_5929_cell_03218,56,67,35.622735779178626,139.48540346254944,3138.8,Residential,land_use,11.3,92.1,15663.2
ghsl_5929_cell_03219,57,67,35.622735779178626,139.49674973525148,679.4,Green,land_use,100.0,123.0,16609.5
ghsl_5929_cell_03220,58,67,35.62273577917863,139.50809600795353,4672.1,Residential,land_use,3.0,120.1,17565.0
ghsl_5929_cell_03221,59,67,35.62273577917863,139.5194422806556,9928.1,Residential,land_use,9.0,100.6,18528.3
ghsl_5929_cell_03222,60,67,35.62273577917862,139.5307885533576,7122.4,Civic,land_use,5.7,83.1,19498.2
ghsl_5929_cell_03223,61,67,35.622735779178626,139.54213482605968,9345.5,Residential,land_use,3.3,30.8,20473.8
ghsl_5929_cell_03224,62,67,35.62273577917863,139.55348109876172,11713.6,Civic,land_use,3.9,26.6,21454.4
ghsl_5929_cell_03225,63,67,35.622735779178626,139.56482737146374,11358.8,Civic,land_use,2.5,24.3,20738.2
ghsl_5929_cell_03226,64,67,35.622735779178626,139.57617364416578,9677.0,Civic,land_use,12.9,10.0,19734.3
ghsl_5929_cell_03227,65,67,35.622735779178626,139.58751991686785,8219.3,Civic,land_use,18.4,20.2,18733.1
ghsl_5929_cell_03228,66,67,35.622735779178626,139.59886618956986,8891.5,Civic,land_use,2.7,19.1,17734.9
ghsl_5929_cell_03229,67,67,35.62273577917862,139.6102124622719,12775.8,Civic,land_use,4.5,17.5,16740.4
ghsl_5929_cell_03230,68,67,35.62273577917863,139.62155873497397,14955.0,Civic,land_use,2.8,33.6,15732.4
ghsl_5929_cell_03231,69,67,35.62273577917863,139.63290500767596,17399.0,Civic,land_use,1.5,38.8,14709.1
ghsl_5929_cell_03232,70,67,35.62273577917862,139.64425128037803,18292.5,Civic,land_use,4.1,46.4,13686.6
ghsl_5929_cell_03233,71,67,35.622735779178626,139.65559755308007,12672.6,Green,land_use,56.9,43.5,12664.9
ghsl_5929_cell_03234,72,67,35.622735779178626,139.6669438257821,16769.4,Civic,land_use,6.5,38.8,11644.4
ghsl_5929_cell_03235,73,67,35.62273577917862,139.67829009848415,19528.5,Civic,land_use,7.7,38.8,10625.3
ghsl_5929_cell_03236,74,67,35.62273577917863,139.68963637118623,18644.4,Civic,land_use,3.6,29.3,9608.1
ghsl_5929_cell_03237,75,67,35.62273577917863,139.70098264388827,14071.7,Civic,land_use,16.1,30.0,8593.4
ghsl_5929_cell_03238,76,67,35.622735779178626,139.71232891659028,18368.0,Civic,land_use,4.2,27.8,7582.3
ghsl_5929_cell_03239,77,67,35.622735779178626,139.72367518929235,24145.7,Civic,land_use,2.2,13.3,6576.5
ghsl_5929_cell_03240,78,67,35.62273577917863,139.7350214619944,16512.4,Commercial,land_use,8.9,24.3,5578.7
ghsl_5929_cell_03241,79,67,35.62273577917863,139.74636773469646,14212.1,Civic,land_use,3.1,0.0,4594.2
ghsl_5929_cell_03242,80,67,35.62273577917863,139.75771400739848,5594.1,Industrial,land_use,12.4,5.9,3633.9
ghsl_5929_cell_03243,81,67,35.62273577917862,139.7690602801005,2853.0,Commercial,land_use,35.8,7.9,2723.4
ghsl_5929_cell_03244,82,67,35.62273577917862,139.78040655280253,7949.2,Commercial,land_use,20.2,6.7,1919.3
ghsl_5929_cell_03245,83,67,35.62273577917863,139.7917528255046,4414.3,Residential,heuristic,0.1,5.0,1151.5
ghsl_5929_cell_03246,84,67,35.622735779178626,139.80309909820662,284.2,Residential,heuristic,0.0,0.0,383.8
ghsl_5929_cell_03247,86,67,35.622735779178626,139.8257916436107,0.0,Unbuilt,heuristic,0.2,0.0,383.8
ghsl_5929_cell_03248,87,67,35.62273577917863,139.83713791631277,0.0,Green,land_use,100.0,8.4,383.8
ghsl_5929_cell_03249,90,67,35.622735779178626,139.87117673441884,2851.8,Residential,heuristic,1.4,0.0,383.8
ghsl_5929_cell_03250,91,67,35.622735779178626,139.88252300712094,3362.4,Residential,heuristic,1.8,0.0,485.3
ghsl_5929_cell_03251,92,67,35.62273577917863,139.89386927982295,2548.6,Industrial,land_use,1.1,0.0,485.4
ghsl_5929_cell_03252,93,67,35.62273577917862,139.90521555252496,2559.5,Industrial,land_use,0.0,4.0,383.7
ghsl_5929_cell_03253,105,67,35.62273577917862,140.04137082494947,21.5,Residential,heuristic,0.0,0.0,383.6
ghsl_5929_cell_03254,106,67,35.622735779178626,140.05271709765157,1619.3,Civic,land_use,0.7,0.0,485.4
ghsl_5929_cell_03255,107,67,35.62273577917863,140.06406337035358,5776.2,Green,land_use,83.6,4.7,1064.1
ghsl_5929_cell_03256,108,67,35.62273577917863,140.07540964305562,7000.4,Residential,land_use,6.7,6.1,1654.3
ghsl_5929_cell_03257,109,67,35.62273577917863,140.0867559157577,7446.6,Residential,land_use,2.2,8.1,2325.3
ghsl_5929_cell_03258,110,67,35.62273577917862,140.0981021884597,8802.7,Residential,land_use,8.0,19.1,3192.4
ghsl_5929_cell_03259,111,67,35.622735779178626,140.10944846116175,7657.5,Civic,land_use,4.2,17.2,4133.8
ghsl_5929_cell_03260,112,67,35.622735779178626,140.1207947338638,7489.9,Civic,land_use,24.2,20.2,4909.9
ghsl_5929_cell_03261,113,67,35.62273577917862,140.13214100656583,6328.7,Residential,land_use,1.6,25.6,4134.6
ghsl_5929_cell_03262,114,67,35.622735779178626,140.14348727926787,2680.1,Residential,heuristic,0.9,28.8,3193.3
ghsl_5929_cell_03263,115,67,35.62273577917863,140.15483355196992,5091.2,Civic,land_use,3.3,31.5,2326.3
ghsl_5929_cell_03264,116,67,35.62273577917863,140.16617982467196,3618.3,Civic,land_use,31.0,28.7,1655.0
ghsl_5929_cell_03265,117,67,35.622735779178626,140.17752609737397,4549.8,Civic,land_use,3.2,32.3,1456.3
ghsl_5929_cell_03266,118,67,35.622735779178626,140.188872370076,5483.5,Civic,land_use,3.5,41.4,1064.4
ghsl_5929_cell_03267,119,67,35.622735779178626,140.20021864277805,2280.3,Civic,land_use,3.0,38.2,383.3
ghsl_5929_cell_03268,41,68,35.613986455382715,139.30570250235232,383.7,Green,land_use,89.2,185.3,384.5
ghsl_5929_cell_03269,42,68,35.613986455382715,139.31704800078472,2004.5,Industrial,land_use,1.8,229.4,1212.7
ghsl_5929_cell_03270,43,68,35.613986455382715,139.3283934992171,772.0,Civic,land_use,18.8,190.7,2193.6
ghsl_5929_cell_03271,44,68,35.61398645538271,139.3397389976495,843.3,Residential,heuristic,9.4,196.3,3204.0
ghsl_5929_cell_03272,45,68,35.613986455382715,139.35108449608194,3405.9,Civic,land_use,11.3,144.0,4222.9
ghsl_5929_cell_03273,46,68,35.61398645538271,139.36242999451432,8146.1,Residential,land_use,5.5,134.9,5245.3
ghsl_5929_cell_03274,47,68,35.613986455382715,139.37377549294675,10215.4,Residential,land_use,2.8,147.3,6269.5
ghsl_5929_cell_03275,48,68,35.613986455382715,139.38512099137915,9968.3,Residential,land_use,14.5,112.8,7294.8
ghsl_5929_cell_03276,49,68,35.613986455382715,139.3964664898116,6216.9,Residential,land_use,11.3,135.5,8240.0
ghsl_5929_cell_03277,50,68,35.61398645538271,139.407811988244,4716.3,Residential,land_use,10.2,136.2,9047.8
ghsl_5929_cell_03278,51,68,35.61398645538271,139.4191574866764,6179.4,Residential,land_use,18.1,140.7,9896.6
ghsl_5929_cell_03279,52,68,35.61398645538271,139.43050298510877,8106.6,Residential,land_use,12.5,128.7,10776.7
ghsl_5929_cell_03280,53,68,35.613986455382715,139.4418484835412,7297.7,Residential,land_use,11.0,112.2,11681.0
ghsl_5929_cell_03281,54,68,35.61398645538271,139.4531939819736,2288.9,Civic,land_use,3.1,106.9,12604.4
ghsl_5929_cell_03282,55,68,35.613986455382715,139.46453948040602,5419.9,Commercial,land_use,6.4,100.3,13542.8
ghsl_5929_cell_03283,56,68,35.613986455382715,139.47588497883845,4063.1,Civic,land_use,23.2,101.8,14493.4
ghsl_5929_cell_03284,57,68,35.613986455382715,139.48723047727086,5908.4,Civic,land_use,7.4,80.1,15454.0
ghsl_5929_cell_03285,58,68,35.61398645538271,139.49857597570326,9900.3,Civic,land_use,4.4,76.2,16422.8
ghsl_5929_cell_03286,59,68,35.61398645538271,139.5099214741357,13602.7,Civic,land_use,5.2,88.7,17398.4
ghsl_5929_cell_03287,60,68,35.613986455382715,139.52126697256807,13745.6,Civic,land_use,1.5,68.4,18379.7
ghsl_5929_cell_03288,61,68,35.613986455382715,139.5326124710005,12585.8,Civic,land_use,0.9,49.1,19365.9
ghsl_5929_cell_03289,62,68,35.61398645538271,139.54395796943288,12809.8,Civic,land_use,2.2,56.2,20356.2
ghsl_5929_cell_03290,63,68,35.61398645538271,139.55530346786531,10816.8,Civic,land_use,7.1,47.5,21350.2
ghsl_5929_cell_03291,64,68,35.613986455382715,139.56664896629772,9616.7,Green,land_use,48.4,23.6,20393.9
ghsl_5929_cell_03292,65,68,35.613986455382715,139.57799446473012,12090.5,Civic,land_use,0.4,22.4,19381.0
ghsl_5929_cell_03293,66,68,35.61398645538271,139.58933996316253,9752.2,Civic,land_use,3.2,17.0,18369.7
ghsl_5929_cell_03294,67,68,35.61398645538271,139.60068546159496,9162.3,Civic,land_use,0.5,17.1,17360.3
ghsl_5929_cell_03295,68,68,35.61398645538271,139.61203096002737,6968.9,Green,land_use,63.3,8.6,16353.3
ghsl_5929_cell_03296,69,68,35.61398645538271,139.62337645845977,10651.9,Civic,land_use,19.9,16.5,15349.1
ghsl_5929_cell_03297,70,68,35.613986455382715,139.63472195689218,17404.3,Civic,land_use,3.0,28.0,14348.3
ghsl_5929_cell_03298,71,68,35.61398645538271,139.6460674553246,16072.9,Residential,land_use,6.3,38.8,13351.7
ghsl_5929_cell_03299,72,68,35.61398645538271,139.65741295375702,18777.2,Civic,land_use,1.7,40.2,12360.2
ghsl_5929_cell_03300,73,68,35.613986455382715,139.6687584521894,18819.1,Civic,land_use,2.0,42.0,11375.2
ghsl_5929_cell_03301,74,68,35.61398645538271,139.6801039506218,18345.1,Civic,land_use,2.5,28.8,10372.6
ghsl_5929_cell_03302,75,68,35.61398645538271,139.6914494490542,20034.4,Civic,land_use,1.8,32.5,9345.9
ghsl_5929_cell_03303,76,68,35.613986455382715,139.70279494748664,21112.4,Civic,land_use,1.9,27.5,8319.6
ghsl_5929_cell_03304,77,68,35.61398645538271,139.71414044591904,17064.6,Civic,land_use,2.9,29.6,7293.6
ghsl_5929_cell_03305,78,68,35.613986455382715,139.72548594435148,15277.7,Civic,land_use,7.4,13.1,6268.3
ghsl_5929_cell_03306,79,68,35.61398645538271,139.73683144278388,12096.4,Utility,land_use,4.8,7.9,5244.1
ghsl_5929_cell_03307,80,68,35.61398645538271,139.74817694121631,14535.9,Commercial,land_use,6.8,6.2,4221.6
ghsl_5929_cell_03308,81,68,35.613986455382715,139.7595224396487,5149.2,Residential,heuristic,3.3,7.6,3202.7
ghsl_5929_cell_03309,82,68,35.613986455382715,139.77086793808112,2703.4,Residential,heuristic,1.4,0.0,2192.2
ghsl_5929_cell_03310,83,68,35.61398645538271,139.78221343651353,9649.8,Civic,land_use,4.6,7.2,1211.3
ghsl_5929_cell_03311,84,68,35.613986455382715,139.79355893494593,4283.2,Residential,heuristic,0.0,0.0,383.9
ghsl_5929_cell_03312,93,68,35.613986455382715,139.89566842083764,143.1,Residential,heuristic,0.0,0.0,383.7
ghsl_5929_cell_03313,107,68,35.613986455382715,140.05450539889137,30.2,Residential,heuristic,0.0,0.0,383.6
ghsl_5929_cell_03314,108,68,35.61398645538271,140.0658508973238,2032.8,Residential,land_use,6.5,6.2,485.4
ghsl_5929_cell_03315,109,68,35.61398645538271,140.0771963957562,5997.0,Industrial,land_use,0.0,3.9,1064.1
ghsl_5929_cell_03316,110,68,35.613986455382715,140.0885418941886,7054.7,Industrial,land_use,0.7,5.4,2033.6
ghsl_5929_cell_03317,111,68,35.61398645538271,140.099887392621,10117.8,Residential,land_use,7.0,4.8,2934.7
ghsl_5929_cell_03318,112,68,35.613986455382715,140.11123289105342,10738.0,Residential,land_use,1.3,10.6,3614.3
ghsl_5929_cell_03319,113,68,35.61398645538271,140.12257838948582,10568.7,Civic,land_use,2.1,8.4,4430.2
ghsl_5929_cell_03320,114,68,35.61398645538271,140.13392388791826,7462.4,Civic,land_use,1.2,8.5,4432.0
ghsl_5929_cell_03321,115,68,35.61398645538271,140.14526938635066,7199.1,Civic,land_use,3.0,15.3,3616.1
ghsl_5929_cell_03322,116,68,35.613986455382715,140.15661488478307,5567.2,Civic,land_use,6.2,31.1,2936.4
ghsl_5929_cell_03323,117,68,35.61398645538271,140.16796038321547,2914.8,Civic,land_use,0.4,33.3,2191.0
ghsl_5929_cell_03324,118,68,35.613986455382715,140.17930588164785,1957.5,Residential,land_use,0.1,34.3,1210.2
ghsl_5929_cell_03325,119,68,35.61398645538271,140.19065138008028,2860.7,Civic,land_use,5.3,36.4,383.4
ghsl_5929_cell_03326,41,69,35.60523749161503,139.29619979197605,1847.6,Residential,land_use,0.0,171.0,384.5
ghsl_5929_cell_03327,42,69,35.60523749161502,139.30754451647755,4343.6,Civic,land_use,1.4,156.5,1153.5
ghsl_5929_cell_03328,43,69,35.60523749161503,139.3188892409791,7211.9,Residential,land_use,4.4,148.2,1922.5
ghsl_5929_cell_03329,44,69,35.60523749161503,139.33023396548057,8114.4,Residential,land_use,3.6,141.5,2727.3
ghsl_5929_cell_03330,45,69,35.60523749161502,139.34157868998213,7486.7,Residential,land_use,2.8,135.5,3638.0
ghsl_5929_cell_03331,46,69,35.60523749161503,139.35292341448366,5625.1,Residential,land_use,19.3,150.2,4598.4
ghsl_5929_cell_03332,47,69,35.60523749161502,139.36426813898518,4578.3,Green,land_use,56.1,178.4,5510.0
ghsl_5929_cell_03333,48,69,35.60523749161502,139.3756128634867,5794.3,Residential,land_use,6.0,161.0,6190.7
ghsl_5929_cell_03334,49,69,35.60523749161502,139.38695758798823,3045.7,Green,land_use,56.6,142.7,6957.3
ghsl_5929_cell_03335,50,69,35.60523749161502,139.3983023124898,228.5,Residential,heuristic,0.4,135.0,7784.4
ghsl_5929_cell_03336,51,69,35.60523749161502,139.40964703699126,366.7,Green,land_use,58.7,132.7,8654.8
ghsl_5929_cell_03337,52,69,35.60523749161503,139.42099176149284,1743.0,Residential,land_use,14.8,100.8,9556.5
ghsl_5929_cell_03338,53,69,35.60523749161503,139.43233648599434,1411.0,Civic,land_use,16.5,122.9,10481.6
ghsl_5929_cell_03339,54,69,35.60523749161502,139.44368121049584,1075.4,Residential,land_use,3.1,94.6,11424.3
ghsl_5929_cell_03340,55,69,35.60523749161502,139.45502593499742,1399.6,Civic,land_use,5.3,117.3,12380.7
ghsl_5929_cell_03341,56,69,35.60523749161503,139.4663706594989,4901.4,Industrial,land_use,8.1,87.6,13347.7
ghsl_5929_cell_03342,57,69,35.60523749161502,139.47771538400042,10436.2,Civic,land_use,7.5,64.2,14323.3
ghsl_5929_cell_03343,58,69,35.60523749161503,139.48906010850195,9603.8,Residential,land_use,5.8,98.9,15305.7
ghsl_5929_cell_03344,59,69,35.60523749161503,139.5004048330035,12214.3,Civic,land_use,11.7,48.4,16293.8
ghsl_5929_cell_03345,60,69,35.60523749161502,139.511749557505,14642.1,Commercial,land_use,3.6,74.8,17286.6
ghsl_5929_cell_03346,61,69,35.60523749161503,139.52309428200655,15079.3,Residential,heuristic,3.5,99.9,18283.3
ghsl_5929_cell_03347,62,69,35.60523749161503,139.53443900650808,11530.6,Civic,land_use,13.1,82.8,19283.3
ghsl_5929_cell_03348,63,69,35.60523749161502,139.54578373100955,9569.1,Civic,land_use,2.1,82.0,20286.1
ghsl_5929_cell_03349,64,69,35.60523749161502,139.5571284555111,3954.3,Green,land_use,69.4,83.6,21112.8
ghsl_5929_cell_03350,65,69,35.60523749161503,139.56847318001263,7021.1,Civic,land_use,2.1,61.9,20091.8
ghsl_5929_cell_03351,66,69,35.60523749161502,139.5798179045142,10762.3,Civic,land_use,1.7,67.8,19071.7
ghsl_5929_cell_03352,67,69,35.60523749161503,139.59116262901568,6219.9,Green,land_use,62.6,54.7,18052.4
ghsl_5929_cell_03353,68,69,35.60523749161503,139.6025073535172,11544.6,Civic,land_use,1.4,31.7,17034.2
ghsl_5929_cell_03354,69,69,35.60523749161502,139.61385207801874,15603.1,Industrial,land_use,2.4,23.2,16017.3
ghsl_5929_cell_03355,70,69,35.60523749161503,139.6251968025203,10855.7,Residential,land_use,24.5,14.4,15001.8
ghsl_5929_cell_03356,71,69,35.60523749161503,139.63654152702182,9564.1,Civic,land_use,28.1,13.8,13988.3
ghsl_5929_cell_03357,72,69,35.60523749161502,139.6478862515233,13996.4,Utility,land_use,9.3,35.9,12977.0
ghsl_5929_cell_03358,73,69,35.60523749161502,139.65923097602482,14530.6,Civic,land_use,4.5,31.9,11968.6
ghsl_5929_cell_03359,74,69,35.60523749161502,139.67057570052637,16060.5,Civic,land_use,0.5,33.2,10963.8
ghsl_5929_cell_03360,75,69,35.60523749161502,139.68192042502787,15662.3,Civic,land_use,4.1,26.7,9963.8
ghsl_5929_cell_03361,76,69,35.60523749161503,139.6932651495294,14493.3,Civic,land_use,9.7,36.6,8970.2
ghsl_5929_cell_03362,77,69,35.60523749161502,139.70460987403092,19764.2,Civic,land_use,2.6,22.1,7985.3
ghsl_5929_cell_03363,78,69,35.60523749161503,139.71595459853245,17320.3,Civic,land_use,3.0,26.6,7012.7
ghsl_5929_cell_03364,79,69,35.60523749161503,139.727299323034,17656.7,Commercial,land_use,6.4,16.8,6058.6
ghsl_5929_cell_03365,80,69,35.60523749161502,139.73864404753553,21053.1,Residential,land_use,5.5,19.6,5080.8
ghsl_5929_cell_03366,81,69,35.60523749161502,139.749988772037,12772.8,Civic,land_use,10.6,4.5,4058.8
ghsl_5929_cell_03367,82,69,35.60523749161503,139.76133349653855,6920.6,Industrial,land_use,3.4,9.0,3040.7
ghsl_5929_cell_03368,83,69,35.60523749161503,139.7726782210401,2997.7,Residential,heuristic,0.0,0.0,2032.6
ghsl_5929_cell_03369,84,69,35.60523749161502,139.7840229455416,4306.5,Commercial,land_use,1.8,0.0,1063.2
ghsl_5929_cell_03370,85,69,35.60523749161503,139.79536767004313,7.5,Residential,heuristic,0.0,0.0,485.4
ghsl_5929_cell_03371,86,69,35.60523749161502,139.80671239454466,0.0,Green,land_use,62.5,24.0,383.9
ghsl_5929_cell_03372,109,69,35.60523749161503,140.06764105807974,302.6,Residential,heuristic,0.0,0.0,383.6
ghsl_5929_cell_03373,110,69,35.60523749161502,140.07898578258124,1561.3,Industrial,land_use,0.0,2.6,1064.0
ghsl_5929_cell_03374,111,69,35.60523749161502,140.0903305070828,5122.0,Industrial,land_use,0.4,0.0,1653.9
ghsl_5929_cell_03375,112,69,35.60523749161502,140.10167523158432,8215.7,Industrial,land_use,6.5,10.9,2324.9
ghsl_5929_cell_03376,113,69,35.60523749161502,140.11301995608585,12076.4,Civic,land_use,2.9,6.0,3191.9
ghsl_5929_cell_03377,114,69,35.60523749161503,140.1243646805874,12034.9,Civic,land_use,8.1,4.5,4133.5
ghsl_5929_cell_03378,115,69,35.60523749161502,140.13570940508887,7341.3,Civic,land_use,1.2,27.3,4911.7
ghsl_5929_cell_03379,116,69,35.60523749161502,140.1470541295904,5511.6,Commercial,land_use,4.5,8.2,4060.0
ghsl_5929_cell_03380,117,69,35.60523749161502,140.1583988540919,1339.7,Commercial,land_use,6.4,14.2,3042.0
ghsl_5929_cell_03381,118,69,35.60523749161503,140.16974357859345,1382.7,Civic,land_use,2.8,8.8,2033.8
ghsl_5929_cell_03382,119,69,35.60523749161502,140.18108830309498,1744.7,Residential,heuristic,2.1,20.5,1064.2
ghsl_5929_cell_03383,120,69,35.60523749161502,140.19243302759654,641.9,Residential,heuristic,0.3,12.9,383.4
ghsl_5929_cell_03384,40,70,35.596488887733216,139.27535728795854,128.1,Residential,heuristic,0.2,181.5,384.6
ghsl_5929_cell_03385,41,70,35.596488887733216,139.28670123886775,1661.1,Civic,land_use,1.0,241.6,492.5
ghsl_5929_cell_03386,42,70,35.596488887733216,139.29804518977699,4293.0,Civic,land_use,3.3,162.6,1153.7
ghsl_5929_cell_03387,43,70,35.59648888773321,139.3093891406862,7846.0,Residential,land_use,3.5,156.5,1922.8
ghsl_5929_cell_03388,44,70,35.596488887733216,139.32073309159543,8286.0,Residential,land_use,5.6,150.8,2501.8
ghsl_5929_cell_03389,45,70,35.596488887733216,139.33207704250464,11012.5,Industrial,land_use,2.6,150.8,2927.3
ghsl_5929_cell_03390,46,70,35.59648888773321,139.34342099341384,15500.2,Residential,land_use,1.3,145.5,3604.5
ghsl_5929_cell_03391,47,70,35.59648888773321,139.35476494432305,8627.8,Residential,land_use,1.6,137.3,4216.5
ghsl_5929_cell_03392,48,70,35.596488887733216,139.36610889523232,8251.2,Civic,land_use,2.5,122.4,4896.2
ghsl_5929_cell_03393,49,70,35.596488887733216,139.37745284614152,8073.2,Civic,land_use,8.0,132.5,5681.6
ghsl_5929_cell_03394,50,70,35.596488887733216,139.38879679705076,4123.3,Civic,land_use,8.1,148.5,6534.8
ghsl_5929_cell_03395,51,70,35.596488887733216,139.40014074795997,3424.8,Civic,land_use,9.0,118.7,7432.4
ghsl_5929_cell_03396,52,70,35.596488887733216,139.4114846988692,2498.7,Residential,heuristic,2.3,84.0,8360.1
ghsl_5929_cell_03397,53,70,35.596488887733216,139.4228286497784,419.6,Civic,land_use,31.0,108.3,9309.0
ghsl_5929_cell_03398,54,70,35.596488887733216,139.43417260068765,542.5,Civic,land_use,0.7,77.7,10273.1
ghsl_5929_cell_03399,55,70,35.596488887733216,139.44551655159685,2474.6,Green,land_use,60.2,92.3,11248.6
ghsl_5929_cell_03400,56,70,35.596488887733216,139.45686050250606,4533.1,Civic,land_use,13.4,105.5,12232.7
ghsl_5929_cell_03401,57,70,35.596488887733216,139.4682044534153,8668.7,Residential,land_use,7.9,73.5,13223.6
ghsl_5929_cell_03402,58,70,35.596488887733216,139.47954840432453,6560.0,Civic,land_use,11.1,92.9,14219.7
ghsl_5929_cell_03403,59,70,35.596488887733216,139.4908923552337,9633.6,Civic,land_use,14.5,49.6,15220.1
ghsl_5929_cell_03404,60,70,35.59648888773321,139.50223630614295,12893.6,Residential,land_use,7.1,63.4,16224.0
ghsl_5929_cell_03405,61,70,35.596488887733216,139.51358025705215,11841.8,Civic,land_use,2.7,63.3,17230.7
ghsl_5929_cell_03406,62,70,35.596488887733216,139.5249242079614,13851.9,Civic,land_use,2.1,78.0,18239.9
ghsl_5929_cell_03407,63,70,35.59648888773321,139.53626815887063,10992.4,Industrial,land_use,4.3,83.2,19251.0
ghsl_5929_cell_03408,64,70,35.596488887733216,139.54761210977983,13297.3,Civic,land_use,1.5,66.4,20263.9
ghsl_5929_cell_03409,65,70,35.59648888773321,139.5589560606891,9035.2,Civic,land_use,8.7,45.2,20483.1
ghsl_5929_cell_03410,66,70,35.596488887733216,139.57030001159833,12364.0,Civic,land_use,1.0,57.2,19799.1
ghsl_5929_cell_03411,67,70,35.596488887733216,139.5816439625075,11870.4,Civic,land_use,4.1,66.8,18808.6
ghsl_5929_cell_03412,68,70,35.596488887733216,139.59298791341672,13779.0,Civic,land_use,3.1,39.1,17783.8
ghsl_5929_cell_03413,69,70,35.59648888773321,139.60433186432593,15548.2,Civic,land_use,1.3,49.6,16759.4
ghsl_5929_cell_03414,70,70,35.596488887733216,139.6156758152352,20056.5,Civic,land_use,4.3,15.6,15735.5
ghsl_5929_cell_03415,71,70,35.596488887733216,139.62701976614437,16130.0,Civic,land_use,2.8,13.6,14712.1
ghsl_5929_cell_03416,72,70,35.59648888773321,139.6383637170536,9876.1,Industrial,land_use,13.7,14.0,13689.4
ghsl_5929_cell_03417,73,70,35.59648888773321,139.6497076679628,10271.5,Green,land_use,55.0,11.8,12667.7
ghsl_5929_cell_03418,74,70,35.596488887733216,139.66105161887202,15754.7,Civic,land_use,6.1,45.0,11647.0
ghsl_5929_cell_03419,75,70,35.596488887733216,139.6723955697813,16634.0,Civic,land_use,2.5,28.7,10627.8
ghsl_5929_cell_03420,76,70,35.596488887733216,139.6837395206905,17670.3,Civic,land_use,2.2,16.0,9610.4
ghsl_5929_cell_03421,77,70,35.596488887733216,139.69508347159973,18735.1,Civic,land_use,2.5,21.1,8595.6
ghsl_5929_cell_03422,78,70,35.596488887733216,139.70642742250894,18436.1,Civic,land_use,2.4,28.8,7584.4
ghsl_5929_cell_03423,79,70,35.59648888773321,139.71777137341815,17169.0,Civic,land_use,2.6,16.5,6578.4
ghsl_5929_cell_03424,80,70,35.596488887733216,139.72911532432738,17779.1,Civic,land_use,2.7,19.1,5580.4
ghsl_5929_cell_03425,81,70,35.596488887733216,139.7404592752366,15216.1,Civic,land_use,16.9,5.2,4595.8
ghsl_5929_cell_03426,82,70,35.596488887733216,139.75180322614582,8053.2,Industrial,land_use,7.1,10.0,3635.3
ghsl_5929_cell_03427,83,70,35.596488887733216,139.76314717705503,10750.4,Utility,land_use,6.8,19.4,2724.5
ghsl_5929_cell_03428,84,70,35.596488887733216,139.7744911279643,6949.6,Residential,heuristic,0.0,0.0,1920.2
ghsl_5929_cell_03429,85,70,35.596488887733216,139.78583507887348,0.0,Residential,heuristic,0.0,0.0,1152.1
ghsl_5929_cell_03430,86,70,35.59648888773321,139.7971790297827,0.0,Commercial,land_use,0.4,0.0,384.0
ghsl_5929_cell_03431,110,70,35.596488887733216,140.069433851604,0.0,Residential,heuristic,0.0,0.0,383.7
ghsl_5929_cell_03432,111,70,35.596488887733216,140.08077780251318,506.0,Residential,heuristic,0.0,0.0,485.3
ghsl_5929_cell_03433,112,70,35.59648888773321,140.09212175342245,1608.8,Residential,heuristic,26.2,3.9,1063.9
ghsl_5929_cell_03434,113,70,35.596488887733216,140.10346570433168,2114.5,Commercial,land_use,0.0,0.0,2033.6
ghsl_5929_cell_03435,114,70,35.596488887733216,140.1148096552409,6341.9,Residential,heuristic,0.5,0.3,3041.8
ghsl_5929_cell_03436,115,70,35.59648888773321,140.1261536061501,6768.9,Civic,land_use,5.3,4.9,4060.0
ghsl_5929_cell_03437,116,70,35.596488887733216,140.1374975570593,4642.5,Green,land_use,55.3,20.8,4250.7
ghsl_5929_cell_03438,117,70,35.59648888773321,140.14884150796854,3206.8,Civic,land_use,4.3,18.1,3452.4
ghsl_5929_cell_03439,118,70,35.59648888773321,140.16018545887778,3339.8,Civic,land_use,3.6,11.0,2685.1
ghsl_5929_cell_03440,119,70,35.59648888773321,140.17152940978698,2065.8,Civic,land_use,1.2,21.9,1917.8
ghsl_5929_cell_03441,120,70,35.596488887733216,140.1828733606962,2557.9,Civic,land_use,2.6,33.9,1064.2
ghsl_5929_cell_03442,121,70,35.596488887733216,140.1942173116054,1915.0,Civic,land_use,7.4,34.8,383.5
ghsl_5929_cell_03443,37,71,35.58774064359499,139.23183413038535,2105.9,Residential,land_use,0.0,200.3,384.7
ghsl_5929_cell_03444,38,71,35.58774064359499,139.24317730804069,1549.1,Residential,heuristic,38.7,174.8,485.2
ghsl_5929_cell_03445,39,71,35.587740643595,139.25452048569602,2532.3,Civic,land_use,0.0,166.4,485.3
ghsl_5929_cell_03446,40,71,35.58774064359499,139.26586366335135,971.7,Residential,heuristic,0.0,116.0,492.5
ghsl_5929_cell_03447,41,71,35.58774064359499,139.2772068410067,1670.6,Utility,land_use,6.9,116.0,1154.0
ghsl_5929_cell_03448,42,71,35.58774064359499,139.28855001866202,1580.5,Industrial,land_use,1.7,137.3,1455.8
ghsl_5929_cell_03449,43,71,35.58774064359499,139.29989319631736,3271.0,Commercial,land_use,9.8,123.6,1455.8
ghsl_5929_cell_03450,44,71,35.58774064359499,139.3112363739727,3222.9,Residential,land_use,36.9,134.9,1455.8
ghsl_5929_cell_03451,45,71,35.58774064359499,139.32257955162802,5312.4,Civic,land_use,1.7,156.3,1650.1
ghsl_5929_cell_03452,46,71,35.587740643595,139.33392272928336,7437.1,Industrial,land_use,16.5,143.7,2318.7
ghsl_5929_cell_03453,47,71,35.58774064359499,139.34526590693872,9131.2,Industrial,land_use,1.1,139.5,2927.0
ghsl_5929_cell_03454,48,71,35.58774064359499,139.35660908459403,7851.7,Industrial,land_use,9.0,138.3,3604.2
ghsl_5929_cell_03455,49,71,35.587740643595,139.36795226224936,6409.7,Utility,land_use,4.3,132.6,4419.1
ghsl_5929_cell_03456,50,71,35.58774064359499,139.3792954399047,5431.8,Civic,land_use,15.0,117.9,5308.5
ghsl_5929_cell_03457,51,71,35.587740643594984,139.39063861756006,7111.5,Civic,land_use,2.1,114.6,6240.7
ghsl_5929_cell_03458,52,71,35.587740643595,139.40198179521536,5326.1,Residential,land_use,17.5,133.4,7199.1
ghsl_5929_cell_03459,53,71,35.58774064359499,139.41332497287067,3612.4,Industrial,land_use,5.7,139.9,8174.4
ghsl_5929_cell_03460,54,71,35.587740643594984,139.42466815052603,2253.6,Civic,land_use,0.6,101.5,9161.4
ghsl_5929_cell_03461,55,71,35.58774064359499,139.43601132818137,3423.1,Civic,land_use,3.8,121.1,10156.5
ghsl_5929_cell_03462,56,71,35.587740643594984,139.44735450583667,3011.1,Utility,land_use,7.9,50.9,11157.6
ghsl_5929_cell_03463,57,71,35.58774064359499,139.458697683492,8350.9,Civic,land_use,3.8,44.2,12163.2
ghsl_5929_cell_03464,58,71,35.58774064359499,139.47004086114734,8662.7,Residential,land_use,5.0,53.4,13172.3
ghsl_5929_cell_03465,59,71,35.587740643594984,139.48138403880267,9003.3,Civic,land_use,2.6,41.2,14184.2
ghsl_5929_cell_03466,60,71,35.587740643595,139.49272721645806,10237.9,Civic,land_use,5.7,58.7,15198.2
ghsl_5929_cell_03467,61,71,35.58774064359499,139.50407039411337,14451.8,Residential,land_use,3.2,46.1,16214.0
ghsl_5929_cell_03468,62,71,35.58774064359499,139.51541357176868,11903.4,Residential,land_use,2.5,56.9,17230.5
ghsl_5929_cell_03469,63,71,35.587740643595,139.526756749424,7209.6,Civic,land_use,13.8,56.1,18239.7
ghsl_5929_cell_03470,64,71,35.58774064359499,139.53809992707934,9310.4,Commercial,land_use,23.1,55.2,19250.9
ghsl_5929_cell_03471,65,71,35.587740643595,139.54944310473468,11042.5,Civic,land_use,6.7,78.3,20263.8
ghsl_5929_cell_03472,66,71,35.587740643594984,139.56078628239,13560.3,Civic,land_use,3.8,65.8,19665.6
ghsl_5929_cell_03473,67,71,35.58774064359499,139.5721294600454,14742.2,Commercial,land_use,4.7,44.1,18961.0
ghsl_5929_cell_03474,68,71,35.58774064359499,139.5834726377007,17166.7,Civic,land_use,3.4,58.7,18287.3
ghsl_5929_cell_03475,69,71,35.58774064359499,139.59481581535604,15513.5,Civic,land_use,1.9,30.0,17566.1
ghsl_5929_cell_03476,70,71,35.587740643595,139.60615899301135,13986.0,Civic,land_use,6.9,33.6,16538.5
ghsl_5929_cell_03477,71,71,35.587740643594984,139.61750217066668,15299.2,Civic,land_use,4.7,14.9,15510.9
ghsl_5929_cell_03478,72,71,35.587740643595,139.62884534832205,17287.4,Civic,land_use,2.0,15.0,14483.4
ghsl_5929_cell_03479,73,71,35.58774064359499,139.64018852597735,13210.2,Industrial,land_use,3.2,13.4,13455.9
ghsl_5929_cell_03480,74,71,35.58774064359499,139.65153170363268,6187.4,Green,land_use,48.3,7.8,12428.6
ghsl_5929_cell_03481,75,71,35.58774064359499,139.66287488128802,8186.9,Civic,land_use,15.9,6.1,11401.4
ghsl_5929_cell_03482,76,71,35.58774064359499,139.67421805894335,13206.2,Utility,land_use,3.1,27.7,10374.3
ghsl_5929_cell_03483,77,71,35.58774064359499,139.6855612365987,16452.3,Utility,land_use,5.8,19.3,9347.5
ghsl_5929_cell_03484,78,71,35.58774064359499,139.696904414254,16590.3,Civic,land_use,2.6,9.5,8321.0
ghsl_5929_cell_03485,79,71,35.587740643595,139.70824759190933,15817.0,Civic,land_use,4.3,14.9,7294.9
ghsl_5929_cell_03486,80,71,35.58774064359499,139.7195907695647,15326.0,Residential,land_use,1.8,10.1,6269.5
ghsl_5929_cell_03487,81,71,35.58774064359499,139.73093394722002,20970.9,Civic,land_use,2.2,16.9,5245.1
ghsl_5929_cell_03488,82,71,35.587740643594984,139.74227712487533,8805.5,Commercial,land_use,21.0,6.6,4222.5
ghsl_5929_cell_03489,83,71,35.587740643595,139.7536203025307,8223.8,Commercial,land_use,37.1,6.2,3203.5
ghsl_5929_cell_03490,84,71,35.58774064359499,139.76496348018605,12320.9,Residential,heuristic,2.2,30.4,2192.8
ghsl_5929_cell_03491,85,71,35.587740643594984,139.77630665784133,4915.0,Industrial,land_use,0.0,0.0,1211.8
ghsl_5929_cell_03492,86,71,35.587740643595,139.7876498354967,606.2,Residential,heuristic,1.3,0.0,384.0
ghsl_5929_cell_03493,112,71,35.58774064359499,140.08257245453532,127.1,Residential,heuristic,0.0,2.4,383.7
ghsl_5929_cell_03494,113,71,35.587740643594984,140.0939156321907,1158.3,Residential,heuristic,0.0,6.6,1210.9
ghsl_5929_cell_03495,114,71,35.58774064359499,140.10525880984602,490.0,Residential,heuristic,0.0,0.0,2191.8
ghsl_5929_cell_03496,115,71,35.58774064359499,140.11660198750135,3889.3,Residential,heuristic,0.3,5.4,3202.4
ghsl_5929_cell_03497,116,71,35.587740643594984,140.1279451651567,6849.3,Civic,land_use,1.9,3.5,4221.4
ghsl_5929_cell_03498,117,71,35.587740643595,140.139288342812,7120.4,Civic,land_use,4.4,23.0,3632.4
ghsl_5929_cell_03499,118,71,35.58774064359499,140.15063152046736,5388.9,Civic,land_use,9.0,27.4,2721.9
ghsl_5929_cell_03500,119,71,35.58774064359499,140.1619746981227,4443.9,Civic,land_use,0.7,33.0,1918.1
ghsl_5929_cell_03501,120,71,35.58774064359499,140.17331787577803,2467.9,Civic,land_use,0.3,40.7,1150.8
ghsl_5929_cell_03502,121,71,35.58774064359499,140.18466105343333,1657.6,Green,land_use,40.1,31.5,383.6
ghsl_5929_cell_03503,40,72,35.57899275905812,139.25637419163394,544.5,Residential,heuristic,0.0,263.2,384.8
ghsl_5929_cell_03504,41,72,35.57899275905812,139.26771659637362,2648.8,Residential,heuristic,1.1,226.7,1061.5
ghsl_5929_cell_03505,42,72,35.57899275905812,139.27905900111332,592.1,Green,land_use,73.2,221.6,492.5
ghsl_5929_cell_03506,43,72,35.57899275905812,139.290401405853,908.4,Residential,heuristic,0.0,165.2,485.2
ghsl_5929_cell_03507,44,72,35.57899275905812,139.3017438105927,980.9,Industrial,land_use,17.7,70.6,485.2
ghsl_5929_cell_03508,45,72,35.57899275905812,139.31308621533242,3721.2,Civic,land_use,15.1,124.5,485.3
ghsl_5929_cell_03509,46,72,35.57899275905812,139.3244286200721,4200.4,Civic,land_use,17.7,122.2,1061.6
ghsl_5929_cell_03510,47,72,35.57899275905812,139.3357710248118,9314.2,Residential,land_use,0.2,125.7,1649.9
ghsl_5929_cell_03511,48,72,35.57899275905812,139.3471134295515,8206.2,Industrial,land_use,2.0,134.8,2318.6
ghsl_5929_cell_03512,49,72,35.57899275905812,139.3584558342912,11577.4,Industrial,land_use,1.5,135.9,3184.9
ghsl_5929_cell_03513,50,72,35.57899275905812,139.3697982390309,12137.9,Residential,land_use,0.9,127.9,4126.2
ghsl_5929_cell_03514,51,72,35.57899275905812,139.38114064377058,7448.7,Utility,land_use,0.1,123.9,5101.2
ghsl_5929_cell_03515,52,72,35.57899275905811,139.3924830485103,7472.7,Civic,land_use,2.8,116.3,6093.6
ghsl_5929_cell_03516,53,72,35.57899275905812,139.40382545325,7975.5,Civic,land_use,9.4,110.0,7096.3
ghsl_5929_cell_03517,54,72,35.57899275905811,139.4151678579897,7987.9,Civic,land_use,2.5,109.6,8105.3
ghsl_5929_cell_03518,55,72,35.57899275905812,139.42651026272938,7334.7,Residential,land_use,5.2,95.4,9118.6
ghsl_5929_cell_03519,56,72,35.57899275905812,139.4378526674691,3864.1,Residential,land_use,19.8,77.1,10134.9
ghsl_5929_cell_03520,57,72,35.57899275905812,139.44919507220877,4984.4,Civic,land_use,37.8,70.1,11153.4
ghsl_5929_cell_03521,58,72,35.57899275905811,139.46053747694847,8572.8,Civic,land_use,10.3,52.7,12163.1
ghsl_5929_cell_03522,59,72,35.57899275905812,139.47187988168815,9051.5,Residential,heuristic,3.2,77.6,13172.2
ghsl_5929_cell_03523,60,72,35.57899275905811,139.4832222864279,5487.6,Civic,land_use,6.4,61.9,14184.1
ghsl_5929_cell_03524,61,72,35.57899275905811,139.49456469116754,7688.0,Residential,land_use,5.5,35.3,15198.2
ghsl_5929_cell_03525,62,72,35.57899275905812,139.50590709590725,9529.3,Civic,land_use,5.7,32.7,16214.1
ghsl_5929_cell_03526,63,72,35.57899275905812,139.51724950064695,6719.3,Residential,land_use,7.5,44.9,17230.3
ghsl_5929_cell_03527,64,72,35.57899275905812,139.52859190538666,9128.2,Residential,land_use,6.4,47.9,18239.5
ghsl_5929_cell_03528,65,72,35.57899275905812,139.53993431012634,7209.0,Civic,land_use,5.6,62.6,19250.8
ghsl_5929_cell_03529,66,72,35.57899275905812,139.55127671486605,12004.7,Civic,land_use,4.8,65.5,19617.2
ghsl_5929_cell_03530,67,72,35.57899275905812,139.56261911960576,12522.3,Commercial,land_use,2.1,68.4,18863.8
ghsl_5929_cell_03531,68,72,35.57899275905812,139.57396152434544,14742.4,Utility,land_use,4.6,69.7,18137.6
ghsl_5929_cell_03532,69,72,35.57899275905812,139.58530392908511,14356.1,Civic,land_use,4.1,53.4,17441.8
ghsl_5929_cell_03533,70,72,35.57899275905812,139.59664633382485,12849.8,Civic,land_use,3.0,45.0,16780.2
ghsl_5929_cell_03534,71,72,35.57899275905812,139.60798873856456,15123.4,Utility,land_use,4.4,24.3,16157.2
ghsl_5929_cell_03535,72,72,35.57899275905812,139.6193311433043,11347.4,Civic,land_use,3.0,45.1,15346.0
ghsl_5929_cell_03536,73,72,35.57899275905812,139.63067354804397,15729.8,Civic,land_use,3.2,10.7,14318.5
ghsl_5929_cell_03537,74,72,35.57899275905811,139.64201595278362,16099.5,Residential,land_use,4.5,10.1,13291.1
ghsl_5929_cell_03538,75,72,35.57899275905811,139.65335835752333,15491.0,Civic,land_use,1.7,11.1,12263.8
ghsl_5929_cell_03539,76,72,35.57899275905812,139.664700762263,12620.5,Industrial,land_use,1.9,13.2,11236.6
ghsl_5929_cell_03540,77,72,35.57899275905812,139.67604316700272,12419.4,Green,land_use,54.2,13.0,10209.6
ghsl_5929_cell_03541,78,72,35.57899275905811,139.68738557174242,18175.0,Civic,land_use,2.4,21.1,9182.9
ghsl_5929_cell_03542,79,72,35.57899275905812,139.6987279764821,18697.9,Utility,land_use,4.3,7.9,8156.4
ghsl_5929_cell_03543,80,72,35.57899275905812,139.7100703812218,13468.5,Civic,land_use,18.0,10.4,7130.5
ghsl_5929_cell_03544,81,72,35.57899275905812,139.72141278596152,16324.3,Utility,land_use,1.6,5.4,6105.2
ghsl_5929_cell_03545,82,72,35.57899275905811,139.73275519070123,17133.6,Civic,land_use,14.6,5.6,5081.1
ghsl_5929_cell_03546,83,72,35.57899275905812,139.74409759544093,9741.6,Commercial,land_use,22.8,5.6,4058.9
ghsl_5929_cell_03547,84,72,35.57899275905812,139.7554400001806,3400.9,Commercial,land_use,4.3,11.0,3040.7
ghsl_5929_cell_03548,85,72,35.57899275905811,139.76678240492032,3598.4,Utility,land_use,38.1,0.0,2032.4
ghsl_5929_cell_03549,86,72,35.57899275905812,139.77812480966,7593.7,Utility,land_use,19.5,4.9,1062.9
ghsl_5929_cell_03550,87,72,35.57899275905811,139.78946721439968,191.3,Residential,heuristic,0.4,0.0,384.1
ghsl_5929_cell_03551,112,72,35.57899275905812,140.07302733289214,0.5,Residential,heuristic,0.0,0.0,383.8
ghsl_5929_cell_03552,113,72,35.57899275905812,140.08436973763185,2157.5,Residential,heuristic,0.0,3.5,1063.7
ghsl_5929_cell_03553,114,72,35.57899275905812,140.09571214237153,4535.6,Industrial,land_use,0.0,11.2,1653.2
ghsl_5929_cell_03554,115,72,35.57899275905812,140.1070545471112,2929.9,Residential,heuristic,0.0,0.0,2324.0
ghsl_5929_cell_03555,116,72,35.57899275905812,140.11839695185094,4822.7,Industrial,land_use,2.9,3.7,3191.2
ghsl_5929_cell_03556,117,72,35.57899275905811,140.12973935659062,6448.2,Green,land_use,54.6,3.1,4132.8
ghsl_5929_cell_03557,118,72,35.57899275905812,140.14108176133033,7749.4,Civic,land_use,3.6,23.7,3202.5
ghsl_5929_cell_03558,119,72,35.57899275905812,140.15242416607003,3879.0,Civic,land_use,1.5,11.7,2191.8
ghsl_5929_cell_03559,120,72,35.57899275905812,140.1637665708097,3948.4,Civic,land_use,5.8,35.8,1210.8
ghsl_5929_cell_03560,121,72,35.57899275905812,140.1751089755494,1183.7,Civic,land_use,0.0,17.5,383.6
ghsl_5929_cell_03561,41,73,35.570245233980394,139.2582305029509,1923.5,Civic,land_use,0.0,289.9,384.8
ghsl_5929_cell_03562,42,73,35.5702452339804,139.26957213511304,2875.0,Industrial,land_use,0.0,206.0,384.8
ghsl_5929_cell_03563,46,73,35.570245233980394,139.3149386637616,3211.3,Commercial,land_use,0.1,66.3,384.8
ghsl_5929_cell_03564,47,73,35.570245233980394,139.32628029592374,3284.4,Green,land_use,49.4,117.9,485.3
ghsl_5929_cell_03565,48,73,35.5702452339804,139.33762192808587,6906.3,Industrial,land_use,7.2,115.5,1061.6
ghsl_5929_cell_03566,49,73,35.570245233980394,139.34896356024808,7193.8,Industrial,land_use,0.5,130.5,2031.2
ghsl_5929_cell_03567,50,73,35.57024523398041,139.3603051924102,10763.4,Civic,land_use,3.0,126.0,3039.5
ghsl_5929_cell_03568,51,73,35.570245233980394,139.37164682457234,11770.6,Civic,land_use,0.3,127.0,4057.8
ghsl_5929_cell_03569,52,73,35.5702452339804,139.3829884567345,11555.1,Residential,land_use,2.6,122.4,5080.0
ghsl_5929_cell_03570,53,73,35.570245233980394,139.39433008889668,10180.7,Civic,land_use,7.0,120.9,6093.5
ghsl_5929_cell_03571,54,73,35.5702452339804,139.4056717210588,8665.4,Civic,land_use,6.2,110.7,7096.2
ghsl_5929_cell_03572,55,73,35.570245233980394,139.41701335322097,8000.1,Civic,land_use,14.0,112.9,8105.3
ghsl_5929_cell_03573,56,73,35.5702452339804,139.42835498538312,6851.8,Residential,land_use,5.5,101.7,9118.6
ghsl_5929_cell_03574,57,73,35.5702452339804,139.43969661754525,6954.5,Residential,land_use,8.3,100.7,10135.0
ghsl_5929_cell_03575,58,73,35.5702452339804,139.4510382497074,7229.8,Residential,land_use,11.8,92.9,11153.5
ghsl_5929_cell_03576,59,73,35.5702452339804,139.46237988186954,9468.8,Civic,land_use,3.2,76.4,12162.9
ghsl_5929_cell_03577,60,73,35.5702452339804,139.4737215140317,4255.0,Civic,land_use,12.1,78.4,13172.1
ghsl_5929_cell_03578,61,73,35.570245233980394,139.48506314619385,4274.4,Commercial,land_use,14.0,75.6,14184.0
ghsl_5929_cell_03579,62,73,35.570245233980394,139.496404778356,1225.4,Civic,land_use,5.7,72.3,15198.2
ghsl_5929_cell_03580,63,73,35.5702452339804,139.50774641051814,2805.0,Civic,land_use,23.5,48.6,16214.1
ghsl_5929_cell_03581,64,73,35.5702452339804,139.5190880426803,3971.0,Civic,land_use,16.9,70.6,17231.4
ghsl_5929_cell_03582,65,73,35.570245233980394,139.53042967484248,8449.4,Civic,land_use,15.0,29.4,18250.0
ghsl_5929_cell_03583,66,73,35.5702452339804,139.54177130700458,11339.9,Residential,land_use,5.5,65.6,19269.7
ghsl_5929_cell_03584,67,73,35.570245233980394,139.55311293916674,11638.7,Residential,land_use,8.2,33.5,18849.5
ghsl_5929_cell_03585,68,73,35.5702452339804,139.56445457132887,11015.6,Civic,land_use,7.0,34.1,18080.0
ghsl_5929_cell_03586,69,73,35.570245233980394,139.57579620349108,10647.1,Civic,land_use,8.4,60.0,17330.8
ghsl_5929_cell_03587,70,73,35.5702452339804,139.5871378356532,12820.0,Civic,land_use,6.2,34.4,16611.5
ghsl_5929_cell_03588,71,73,35.570245233980394,139.59847946781537,10926.2,Civic,land_use,5.7,21.8,15926.2
ghsl_5929_cell_03589,72,73,35.5702452339804,139.6098210999775,13558.1,Civic,land_use,4.2,49.6,15279.5
ghsl_5929_cell_03590,73,73,35.5702452339804,139.62116273213968,12318.7,Civic,land_use,7.5,21.5,14676.5
ghsl_5929_cell_03591,74,73,35.5702452339804,139.63250436430178,13823.6,Residential,land_use,5.0,11.3,14122.7
ghsl_5929_cell_03592,75,73,35.570245233980394,139.64384599646397,13939.6,Civic,land_use,7.7,11.1,13197.6
ghsl_5929_cell_03593,76,73,35.5702452339804,139.6551876286261,15533.9,Civic,land_use,1.9,10.3,12176.4
ghsl_5929_cell_03594,77,73,35.570245233980394,139.66652926078825,11632.9,Civic,land_use,9.8,7.4,11156.4
ghsl_5929_cell_03595,78,73,35.5702452339804,139.6778708929504,11073.0,Green,land_use,45.5,22.7,10138.0
ghsl_5929_cell_03596,79,73,35.570245233980394,139.68921252511257,15526.1,Commercial,land_use,4.9,8.6,9121.9
ghsl_5929_cell_03597,80,73,35.5702452339804,139.70055415727472,15406.3,Civic,land_use,2.1,7.4,8108.7
ghsl_5929_cell_03598,81,73,35.5702452339804,139.71189578943685,19036.0,Civic,land_use,2.9,5.8,7099.7
ghsl_5929_cell_03599,82,73,35.5702452339804,139.72323742159898,20400.3,Civic,land_use,2.7,7.0,6097.2
ghsl_5929_cell_03600,83,73,35.570245233980394,139.73457905376114,16790.8,Civic,land_use,5.5,5.4,5081.1
ghsl_5929_cell_03601,84,73,35.5702452339804,139.7459206859233,9284.6,Industrial,land_use,13.5,0.0,4058.9
ghsl_5929_cell_03602,85,73,35.57024523398041,139.75726231808545,3624.1,Industrial,land_use,5.1,0.0,3040.7
ghsl_5929_cell_03603,86,73,35.5702452339804,139.7686039502476,3073.7,Industrial,land_use,10.6,7.0,2032.4
ghsl_5929_cell_03604,87,73,35.5702452339804,139.77994558240974,16.5,Residential,heuristic,20.6,0.0,1062.8
ghsl_5929_cell_03605,88,73,35.570245233980394,139.7912872145719,4.6,Residential,heuristic,16.7,0.0,384.1
ghsl_5929_cell_03606,113,73,35.5702452339804,140.07482801862562,0.3,Residential,heuristic,0.0,0.0,383.8
ghsl_5929_cell_03607,114,73,35.570245233980394,140.08616965078775,1343.5,Industrial,land_use,0.0,3.2,485.3
ghsl_5929_cell_03608,115,73,35.5702452339804,140.09751128294994,2096.2,Residential,heuristic,0.0,5.0,1063.7
ghsl_5929_cell_03609,116,73,35.570245233980394,140.1088529151121,1476.8,Industrial,land_use,0.0,0.0,2033.4
ghsl_5929_cell_03610,117,73,35.5702452339804,140.12019454727422,997.3,Residential,heuristic,12.3,3.3,3041.8
ghsl_5929_cell_03611,118,73,35.570245233980394,140.13153617943638,5727.0,Civic,land_use,2.1,5.0,4060.1
ghsl_5929_cell_03612,119,73,35.5702452339804,140.14287781159854,4209.2,Civic,land_use,3.1,16.5,3041.9
ghsl_5929_cell_03613,120,73,35.5702452339804,140.1542194437607,1669.5,Residential,heuristic,0.1,42.2,2033.6
ghsl_5929_cell_03614,121,73,35.5702452339804,140.1655610759228,365.0,Residential,heuristic,0.1,49.6,1063.8
ghsl_5929_cell_03615,122,73,35.570245233980394,140.17690270808495,2375.8,Civic,land_use,1.1,39.5,383.7
ghsl_5929_cell_03616,48,74,35.56149806821972,139.32813457818003,5037.2,Industrial,land_use,6.9,108.6,384.8
ghsl_5929_cell_03617,49,74,35.56149806821972,139.33947543810257,5713.4,Industrial,land_use,5.2,107.6,1061.5
ghsl_5929_cell_03618,50,74,35.56149806821973,139.35081629802505,8373.9,Industrial,land_use,0.6,102.0,2031.1
ghsl_5929_cell_03619,51,74,35.56149806821973,139.3621571579476,8024.4,Civic,land_use,18.6,125.3,3039.5
ghsl_5929_cell_03620,52,74,35.56149806821972,139.3734980178701,10293.6,Civic,land_use,1.6,123.1,4057.8
ghsl_5929_cell_03621,53,74,35.561498068219734,139.38483887779265,10587.5,Civic,land_use,1.0,117.9,5080.1
ghsl_5929_cell_03622,54,74,35.56149806821973,139.39617973771516,6522.8,Commercial,land_use,3.0,115.5,6093.4
ghsl_5929_cell_03623,55,74,35.56149806821972,139.4075205976377,8246.5,Industrial,land_use,3.8,110.8,7096.1
ghsl_5929_cell_03624,56,74,35.56149806821973,139.4188614575602,9902.5,Residential,land_use,2.4,89.9,8105.2
ghsl_5929_cell_03625,57,74,35.561498068219734,139.43020231748275,8615.6,Residential,land_use,9.4,103.8,9118.6
ghsl_5929_cell_03626,58,74,35.56149806821973,139.44154317740526,8244.3,Residential,land_use,9.2,84.8,10135.0
ghsl_5929_cell_03627,59,74,35.56149806821973,139.4528840373278,10318.2,Residential,land_use,1.6,86.1,11153.6
ghsl_5929_cell_03628,60,74,35.561498068219734,139.46422489725035,10450.8,Residential,land_use,1.1,91.7,12173.8
ghsl_5929_cell_03629,61,74,35.56149806821972,139.4755657571728,8872.6,Residential,land_use,3.9,76.8,13195.2
ghsl_5929_cell_03630,62,74,35.56149806821972,139.48690661709537,3358.3,Residential,land_use,6.3,44.0,14217.6
ghsl_5929_cell_03631,63,74,35.56149806821973,139.4982474770179,3865.1,Civic,land_use,11.1,52.2,15240.8
ghsl_5929_cell_03632,64,74,35.56149806821973,139.5095883369404,8062.0,Civic,land_use,4.6,44.4,16264.7
ghsl_5929_cell_03633,65,74,35.56149806821972,139.52092919686294,6026.6,Civic,land_use,1.9,22.1,17289.0
ghsl_5929_cell_03634,66,74,35.56149806821973,139.53227005678545,9157.7,Commercial,land_use,7.9,40.9,18313.8
ghsl_5929_cell_03635,67,74,35.56149806821972,139.543610916708,11488.3,Civic,land_use,7.9,61.8,18852.6
ghsl_5929_cell_03636,68,74,35.56149806821973,139.5549517766305,9477.6,Residential,land_use,9.0,33.4,18082.0
ghsl_5929_cell_03637,69,74,35.56149806821973,139.56629263655304,9885.9,Residential,land_use,10.7,36.8,17311.5
ghsl_5929_cell_03638,70,74,35.56149806821973,139.57763349647558,8230.2,Civic,land_use,19.1,44.5,16543.1
ghsl_5929_cell_03639,71,74,35.56149806821973,139.5889743563981,11561.4,Residential,land_use,8.7,32.6,15798.8
ghsl_5929_cell_03640,72,74,35.56149806821973,139.6003152163206,11996.7,Civic,land_use,6.9,31.3,15087.9
ghsl_5929_cell_03641,73,74,35.56149806821973,139.61165607624315,11752.8,Civic,land_use,3.8,35.0,14415.5
ghsl_5929_cell_03642,74,74,35.561498068219734,139.62299693616566,9935.3,Green,land_use,44.2,43.9,13787.1
ghsl_5929_cell_03643,75,74,35.56149806821972,139.63433779608818,13574.7,Civic,land_use,2.0,43.2,13209.0
ghsl_5929_cell_03644,76,74,35.56149806821972,139.64567865601072,13839.4,Civic,land_use,4.9,8.6,12688.2
ghsl_5929_cell_03645,77,74,35.56149806821973,139.65701951593323,13216.7,Utility,land_use,0.5,8.7,11928.8
ghsl_5929_cell_03646,78,74,35.56149806821972,139.66836037585577,14888.1,Industrial,land_use,0.6,9.2,11156.5
ghsl_5929_cell_03647,79,74,35.56149806821972,139.6797012357783,10533.8,Civic,land_use,8.9,3.2,10138.1
ghsl_5929_cell_03648,80,74,35.56149806821973,139.69104209570082,14799.7,Civic,land_use,3.5,8.3,9121.8
ghsl_5929_cell_03649,81,74,35.56149806821973,139.70238295562334,18496.4,Civic,land_use,0.9,7.2,8108.6
ghsl_5929_cell_03650,82,74,35.56149806821973,139.71372381554585,20811.1,Commercial,land_use,4.5,12.4,7099.6
ghsl_5929_cell_03651,83,74,35.56149806821973,139.72506467546836,19606.4,Residential,land_use,2.3,6.3,6097.0
ghsl_5929_cell_03652,84,74,35.56149806821973,139.73640553539093,19382.9,Civic,land_use,4.5,4.5,5081.2
ghsl_5929_cell_03653,85,74,35.56149806821972,139.74774639531344,12300.1,Civic,land_use,11.4,2.5,4059.0
ghsl_5929_cell_03654,86,74,35.56149806821973,139.75908725523595,1431.7,Residential,heuristic,0.3,10.5,3040.7
ghsl_5929_cell_03655,87,74,35.56149806821973,139.77042811515847,128.5,Green,land_use,41.0,5.0,2032.4
ghsl_5929_cell_03656,88,74,35.56149806821973,139.78176897508104,1237.7,Utility,land_use,10.8,4.0,1062.7
ghsl_5929_cell_03657,89,74,35.56149806821973,139.79310983500352,195.3,Residential,heuristic,15.3,0.0,384.2
ghsl_5929_cell_03658,115,74,35.56149806821973,140.08797219298916,29.1,Residential,heuristic,0.0,0.0,383.9
ghsl_5929_cell_03659,116,74,35.56149806821972,140.09931305291173,2272.4,Industrial,land_use,0.0,6.2,1211.4
ghsl_5929_cell_03660,117,74,35.56149806821972,140.11065391283427,3879.5,Residential,heuristic,0.0,4.9,2192.4
ghsl_5929_cell_03661,118,74,35.56149806821972,140.12199477275675,2904.7,Industrial,land_use,0.9,4.1,3203.2
ghsl_5929_cell_03662,119,74,35.56149806821973,140.1333356326793,5319.2,Civic,land_use,5.4,4.2,4060.1
ghsl_5929_cell_03663,120,74,35.56149806821973,140.14467649260183,4664.9,Civic,land_use,17.4,7.2,3041.9
ghsl_5929_cell_03664,121,74,35.56149806821973,140.15601735252432,5167.1,Civic,land_use,4.5,25.2,2033.5
ghsl_5929_cell_03665,122,74,35.56149806821973,140.16735821244686,5787.9,Civic,land_use,10.1,20.7,1063.8
ghsl_5929_cell_03666,123,74,35.56149806821972,140.17869907236937,5329.2,Civic,land_use,35.8,41.0,485.3
ghsl_5929_cell_03667,124,74,35.56149806821973,140.19003993229188,1024.5,Civic,land_use,4.6,52.3,485.4
ghsl_5929_cell_03668,125,74,35.56149806821973,140.20138079221442,1628.4,Civic,land_use,0.0,49.1,383.7
ghsl_5929_cell_03669,49,75,35.55275126163404,139.3299914658388,5332.3,Civic,land_use,16.4,100.0,384.8
ghsl_5929_cell_03670,50,75,35.55275126163405,139.3413315538594,6636.4,Civic,land_use,0.5,99.2,1061.4
ghsl_5929_cell_03671,51,75,35.55275126163405,139.35267164188005,6053.8,Civic,land_use,7.9,98.2,2031.1
ghsl_5929_cell_03672,52,75,35.55275126163404,139.36401172990077,8942.4,Civic,land_use,0.9,93.8,3039.5
ghsl_5929_cell_03673,53,75,35.55275126163405,139.3753518179214,8172.5,Residential,land_use,6.6,118.8,4057.8
ghsl_5929_cell_03674,54,75,35.55275126163406,139.3866919059421,6922.0,Civic,land_use,26.6,115.0,5080.2
ghsl_5929_cell_03675,55,75,35.55275126163405,139.39803199396275,6976.5,Residential,heuristic,0.3,110.8,6104.5
ghsl_5929_cell_03676,56,75,35.55275126163404,139.40937208198343,8165.5,Industrial,land_use,1.4,107.9,7130.0
ghsl_5929_cell_03677,57,75,35.55275126163405,139.42071217000407,8356.7,Commercial,land_use,1.3,104.9,8156.1
ghsl_5929_cell_03678,58,75,35.55275126163405,139.4320522580247,8348.0,Residential,land_use,8.1,102.9,9182.7
ghsl_5929_cell_03679,59,75,35.55275126163406,139.44339234604539,10135.6,Civic,land_use,5.5,96.5,10209.7
ghsl_5929_cell_03680,60,75,35.55275126163405,139.45473243406602,9255.6,Residential,land_use,2.1,83.2,11236.8
ghsl_5929_cell_03681,61,75,35.55275126163404,139.46607252208668,6614.3,Civic,land_use,17.3,80.4,12264.2
ghsl_5929_cell_03682,62,75,35.55275126163404,139.47741261010734,8585.8,Civic,land_use,8.0,72.2,13291.7
ghsl_5929_cell_03683,63,75,35.55275126163404,139.48875269812797,8668.7,Civic,land_use,4.0,42.0,14319.3
ghsl_5929_cell_03684,64,75,35.55275126163404,139.50009278614866,6935.6,Industrial,land_use,4.8,56.3,15347.0
ghsl_5929_cell_03685,65,75,35.55275126163405,139.51143287416932,11584.1,Civic,land_use,9.8,40.8,16374.7
ghsl_5929_cell_03686,66,75,35.55275126163405,139.52277296218998,10757.7,Civic,land_use,19.8,43.9,17402.5
ghsl_5929_cell_03687,67,75,35.55275126163404,139.53411305021064,8731.1,Civic,land_use,14.7,19.6,18430.4
ghsl_5929_cell_03688,68,75,35.55275126163405,139.54545313823132,10522.3,Residential,land_use,7.3,62.2,18085.0
ghsl_5929_cell_03689,69,75,35.55275126163406,139.55679322625195,8090.6,Civic,land_use,16.6,57.3,17314.4
ghsl_5929_cell_03690,70,75,35.55275126163404,139.56813331427264,7147.8,Residential,land_use,13.1,16.8,16543.8
ghsl_5929_cell_03691,71,75,35.55275126163405,139.57947340229327,9447.0,Commercial,land_use,31.8,35.1,15773.4
ghsl_5929_cell_03692,72,75,35.55275126163405,139.59081349031396,10161.3,Civic,land_use,6.2,19.9,15006.5
ghsl_5929_cell_03693,73,75,35.55275126163405,139.60215357833462,7690.7,Industrial,land_use,8.7,9.1,14268.2
ghsl_5929_cell_03694,74,75,35.55275126163405,139.61349366635525,10293.0,Civic,land_use,7.2,12.1,13567.8
ghsl_5929_cell_03695,75,75,35.55275126163404,139.62483375437594,11731.5,Residential,land_use,3.4,47.6,12911.4
ghsl_5929_cell_03696,76,75,35.55275126163405,139.6361738423966,12691.3,Civic,land_use,6.3,11.8,12306.2
ghsl_5929_cell_03697,77,75,35.55275126163404,139.6475139304172,13529.0,Civic,land_use,3.3,26.3,11759.9
ghsl_5929_cell_03698,78,75,35.55275126163404,139.65885401843792,11225.7,Industrial,land_use,4.7,8.8,11152.2
ghsl_5929_cell_03699,79,75,35.55275126163404,139.67019410645855,14339.8,Civic,land_use,5.4,6.0,10395.5
ghsl_5929_cell_03700,80,75,35.55275126163404,139.68153419447924,17562.0,Civic,land_use,7.9,6.1,9687.8
ghsl_5929_cell_03701,81,75,35.55275126163404,139.69287428249987,6696.6,Industrial,land_use,37.5,5.8,8975.8
ghsl_5929_cell_03702,82,75,35.55275126163405,139.70421437052056,9852.6,Utility,land_use,18.7,2.0,7990.6
ghsl_5929_cell_03703,83,75,35.55275126163406,139.71555445854122,18783.1,Utility,land_use,2.5,4.9,7017.7
ghsl_5929_cell_03704,84,75,35.55275126163404,139.72689454656188,22513.6,Civic,land_use,2.5,7.7,6063.2
ghsl_5929_cell_03705,85,75,35.55275126163404,139.73823463458254,17295.5,Civic,land_use,13.2,2.7,5081.3
ghsl_5929_cell_03706,86,75,35.55275126163405,139.7495747226032,10666.1,Commercial,land_use,6.8,1.5,4059.0
ghsl_5929_cell_03707,87,75,35.55275126163404,139.76091481062383,1008.1,Green,land_use,41.7,3.0,3040.7
ghsl_5929_cell_03708,88,75,35.55275126163406,139.77225489864455,929.4,Residential,heuristic,20.6,3.5,2032.3
ghsl_5929_cell_03709,89,75,35.55275126163405,139.78359498666518,5277.3,Utility,land_use,12.4,2.1,1062.6
ghsl_5929_cell_03710,90,75,35.55275126163404,139.79493507468584,1214.6,Residential,heuristic,19.7,5.5,485.2
ghsl_5929_cell_03711,91,75,35.55275126163405,139.8062751627065,0.5,Residential,heuristic,4.2,0.0,384.3
ghsl_5929_cell_03712,115,75,35.55275126163405,140.07843727520233,61.0,Residential,heuristic,0.0,0.0,383.9
ghsl_5929_cell_03713,116,75,35.55275126163405,140.089777363223,2670.3,Industrial,land_use,0.0,0.0,1151.6
ghsl_5929_cell_03714,117,75,35.55275126163404,140.10111745124362,4440.2,Industrial,land_use,0.0,4.4,1919.3
ghsl_5929_cell_03715,118,75,35.55275126163404,140.1124575392643,4114.2,Residential,heuristic,0.0,0.0,2723.4
ghsl_5929_cell_03716,119,75,35.55275126163406,140.12379762728494,4713.1,Civic,land_use,0.2,6.7,3634.1
ghsl_5929_cell_03717,120,75,35.55275126163404,140.13513771530563,5878.2,Residential,land_use,1.4,5.5,4132.8
ghsl_5929_cell_03718,121,75,35.55275126163405,140.14647780332626,2786.2,Commercial,land_use,33.3,6.2,3191.1
ghsl_5929_cell_03719,122,75,35.55275126163406,140.15781789134695,3081.3,Green,land_use,49.3,7.9,2324.0
ghsl_5929_cell_03720,123,75,35.55275126163404,140.16915797936764,5828.5,Civic,land_use,10.8,30.4,1653.2
ghsl_5929_cell_03721,124,75,35.55275126163405,140.18049806738827,4168.0,Civic,land_use,13.2,45.3,1455.8
ghsl_5929_cell_03722,125,75,35.55275126163405,140.19183815540893,3778.8,Residential,land_use,3.2,49.0,1063.7
ghsl_5929_cell_03723,126,75,35.55275126163404,140.20317824342956,1656.3,Civic,land_use,3.6,54.4,485.2
ghsl_5929_cell_03724,127,75,35.55275126163404,140.21451833145025,2712.8,Residential,heuristic,2.6,58.9,485.3
ghsl_5929_cell_03725,128,75,35.55275126163405,140.22585841947088,2065.1,Civic,land_use,0.8,50.6,383.7
ghsl_5929_cell_03726,50,76,35.54400481408134,139.33185095789884,5289.0,Industrial,land_use,6.9,55.2,384.9
ghsl_5929_cell_03727,51,76,35.54400481408135,139.34319027435524,5874.1,Green,land_use,100.0,78.3,1213.8
ghsl_5929_cell_03728,52,76,35.54400481408135,139.35452959081164,5572.0,Residential,heuristic,0.6,89.9,2195.1
ghsl_5929_cell_03729,53,76,35.54400481408135,139.365868907268,6622.3,Civic,land_use,0.2,88.9,3206.0
ghsl_5929_cell_03730,54,76,35.54400481408135,139.3772082237244,4626.7,Civic,land_use,28.6,94.4,4225.2
ghsl_5929_cell_03731,55,76,35.54400481408134,139.38854754018078,2901.7,Residential,heuristic,5.3,115.1,5248.0
ghsl_5929_cell_03732,56,76,35.54400481408134,139.39988685663718,3255.2,Green,land_use,100.0,110.1,6272.5
ghsl_5929_cell_03733,57,76,35.54400481408133,139.41122617309355,2972.1,Commercial,land_use,8.2,118.5,7298.1
ghsl_5929_cell_03734,58,76,35.54400481408135,139.42256548954992,5638.9,Residential,land_use,2.3,103.2,8324.3
ghsl_5929_cell_03735,59,76,35.54400481408135,139.43390480600638,9930.5,Residential,land_use,2.1,100.4,9351.0
ghsl_5929_cell_03736,60,76,35.54400481408135,139.44524412246275,13821.6,Residential,land_use,3.1,99.4,10377.9
ghsl_5929_cell_03737,61,76,35.54400481408135,139.45658343891915,10668.5,Residential,land_use,18.7,88.5,11405.1
ghsl_5929_cell_03738,62,76,35.54400481408135,139.46792275537555,9730.9,Residential,land_use,5.5,52.9,12432.5
ghsl_5929_cell_03739,63,76,35.54400481408135,139.4792620718319,6021.3,Residential,land_use,8.1,77.9,13460.0
ghsl_5929_cell_03740,64,76,35.54400481408135,139.49060138828833,6892.3,Utility,land_use,8.0,43.6,14487.6
ghsl_5929_cell_03741,65,76,35.54400481408134,139.5019407047447,9818.0,Commercial,land_use,14.1,62.9,15515.3
ghsl_5929_cell_03742,66,76,35.54400481408134,139.5132800212011,13562.4,Residential,land_use,2.4,33.5,16543.0
ghsl_5929_cell_03743,67,76,35.54400481408135,139.5246193376575,12002.4,Civic,land_use,5.3,49.2,17570.8
ghsl_5929_cell_03744,68,76,35.54400481408135,139.53595865411387,8367.9,Civic,land_use,17.2,24.3,18121.6
ghsl_5929_cell_03745,69,76,35.54400481408135,139.54729797057024,10496.0,Civic,land_use,13.7,49.1,17322.4
ghsl_5929_cell_03746,70,76,35.54400481408135,139.55863728702667,8223.4,Civic,land_use,16.6,62.8,16546.6
ghsl_5929_cell_03747,71,76,35.54400481408135,139.56997660348304,11255.8,Utility,land_use,2.6,48.2,15776.0
ghsl_5929_cell_03748,72,76,35.54400481408134,139.5813159199394,11321.1,Civic,land_use,6.2,16.8,15005.5
ghsl_5929_cell_03749,73,76,35.54400481408134,139.59265523639584,9133.1,Residential,land_use,6.6,21.6,14235.1
ghsl_5929_cell_03750,74,76,35.54400481408135,139.6039945528522,5545.8,Industrial,land_use,12.1,34.9,13470.4
ghsl_5929_cell_03751,75,76,35.54400481408135,139.61533386930859,8588.6,Industrial,land_use,15.2,8.8,12739.6
ghsl_5929_cell_03752,76,76,35.54400481408134,139.626673185765,12292.5,Civic,land_use,5.0,6.1,12052.4
ghsl_5929_cell_03753,77,76,35.54400481408135,139.6380125022214,10751.6,Civic,land_use,8.0,6.0,11416.7
ghsl_5929_cell_03754,78,76,35.54400481408135,139.6493518186778,10489.6,Civic,land_use,1.8,9.7,10841.5
ghsl_5929_cell_03755,79,76,35.54400481408135,139.66069113513416,13521.2,Civic,land_use,4.9,7.0,10336.9
ghsl_5929_cell_03756,80,76,35.54400481408135,139.67203045159056,18719.2,Civic,land_use,0.5,5.5,9614.4
ghsl_5929_cell_03757,81,76,35.54400481408135,139.68336976804696,19813.6,Civic,land_use,2.0,7.8,8864.2
ghsl_5929_cell_03758,82,76,35.54400481408135,139.69470908450333,13296.8,Civic,land_use,36.8,8.4,8174.2
ghsl_5929_cell_03759,83,76,35.54400481408135,139.70604840095973,12269.3,Civic,land_use,7.4,7.1,7561.6
ghsl_5929_cell_03760,84,76,35.54400481408134,139.71738771741613,14126.1,Civic,land_use,18.5,6.9,6582.1
ghsl_5929_cell_03761,85,76,35.54400481408135,139.7287270338725,6080.8,Commercial,land_use,21.0,0.0,5583.9
ghsl_5929_cell_03762,86,76,35.54400481408134,139.7400663503289,4670.4,Civic,land_use,6.7,0.0,4598.9
ghsl_5929_cell_03763,87,76,35.54400481408134,139.75140566678527,2790.0,Commercial,land_use,2.9,0.0,3638.0
ghsl_5929_cell_03764,88,76,35.54400481408135,139.76274498324167,2597.3,Industrial,land_use,6.8,0.0,2726.8
ghsl_5929_cell_03765,89,76,35.54400481408135,139.77408429969805,3155.5,Utility,land_use,11.3,3.0,1921.7
ghsl_5929_cell_03766,90,76,35.54400481408135,139.78542361615447,2534.3,Residential,heuristic,21.5,4.0,1153.0
ghsl_5929_cell_03767,91,76,35.54400481408134,139.79676293261085,3178.9,Residential,heuristic,18.6,4.0,384.3
ghsl_5929_cell_03768,114,76,35.54400481408135,140.05756721110782,53.6,Residential,heuristic,0.0,0.0,384.0
ghsl_5929_cell_03769,115,76,35.54400481408135,140.06890652756422,1769.1,Industrial,land_use,1.8,0.0,492.1
ghsl_5929_cell_03770,116,76,35.54400481408135,140.0802458440206,1872.0,Industrial,land_use,0.0,4.2,1151.8
ghsl_5929_cell_03771,117,76,35.54400481408135,140.09158516047702,2575.5,Industrial,land_use,0.0,1.7,1919.6
ghsl_5929_cell_03772,118,76,35.54400481408135,140.1029244769334,3970.2,Industrial,land_use,0.0,5.1,2687.3
ghsl_5929_cell_03773,119,76,35.54400481408135,140.1142637933898,3904.9,Industrial,land_use,0.7,22.3,3454.9
ghsl_5929_cell_03774,120,76,35.54400481408135,140.1256031098462,4551.4,Residential,land_use,1.6,4.4,3755.6
ghsl_5929_cell_03775,121,76,35.54400481408134,140.13694242630257,3591.1,Civic,land_use,0.7,5.5,3444.5
ghsl_5929_cell_03776,122,76,35.54400481408135,140.14828174275897,2630.7,Residential,heuristic,9.8,9.4,2820.2
ghsl_5929_cell_03777,123,76,35.54400481408134,140.15962105921537,2693.2,Residential,heuristic,39.1,8.6,2460.3
ghsl_5929_cell_03778,124,76,35.54400481408134,140.17096037567174,3374.0,Commercial,land_use,20.3,22.1,2425.9
ghsl_5929_cell_03779,125,76,35.54400481408134,140.1822996921281,4022.3,Civic,land_use,14.8,39.4,1919.3
ghsl_5929_cell_03780,126,76,35.54400481408135,140.19363900858454,2847.5,Civic,land_use,14.9,54.5,1151.5
ghsl_5929_cell_03781,127,76,35.54400481408135,140.2049783250409,3261.8,Civic,land_use,0.6,57.3,492.0
ghsl_5929_cell_03782,128,76,35.54400481408135,140.21631764149728,3402.1,Civic,land_use,0.5,48.4,383.8
ghsl_5929_cell_03783,50,77,35.53525872541967,139.3223745081304,1517.5,Industrial,land_use,3.5,111.9,384.9
ghsl_5929_cell_03784,51,77,35.53525872541967,139.3337130533599,2120.2,Industrial,land_use,6.9,51.0,1061.2
ghsl_5929_cell_03785,52,77,35.53525872541967,139.34505159858946,3835.2,Industrial,land_use,15.5,47.1,1924.4
ghsl_5929_cell_03786,53,77,35.53525872541967,139.35639014381903,6321.2,Commercial,land_use,35.8,71.8,2730.1
ghsl_5929_cell_03787,54,77,35.53525872541967,139.3677286890486,3697.0,Civic,land_use,6.1,81.9,3641.4
ghsl_5929_cell_03788,55,77,35.53525872541967,139.37906723427815,5225.7,Utility,land_use,8.3,79.3,4602.3
ghsl_5929_cell_03789,56,77,35.535258725419666,139.39040577950766,4501.8,Civic,land_use,35.6,103.4,5587.2
ghsl_5929_cell_03790,57,77,35.53525872541968,139.40174432473722,4898.9,Industrial,land_use,2.4,113.0,6585.4
ghsl_5929_cell_03791,58,77,35.53525872541967,139.4130828699668,4848.5,Civic,land_use,1.4,97.2,7591.6
ghsl_5929_cell_03792,59,77,35.53525872541967,139.42442141519635,8136.4,Civic,land_use,1.2,97.6,8602.9
ghsl_5929_cell_03793,60,77,35.53525872541967,139.43575996042588,9950.2,Residential,land_use,5.1,94.7,9617.9
ghsl_5929_cell_03794,61,77,35.53525872541967,139.44709850565548,10195.3,Residential,land_use,5.5,78.4,10635.4
ghsl_5929_cell_03795,62,77,35.53525872541967,139.45843705088498,8391.2,Residential,land_use,9.0,86.5,11654.8
ghsl_5929_cell_03796,63,77,35.53525872541967,139.46977559611457,9351.6,Residential,land_use,3.9,68.7,12675.6
ghsl_5929_cell_03797,64,77,35.53525872541967,139.4811141413441,8080.2,Civic,land_use,7.9,40.5,13697.5
ghsl_5929_cell_03798,65,77,35.53525872541967,139.49245268657367,8091.4,Residential,land_use,16.5,49.0,14720.3
ghsl_5929_cell_03799,66,77,35.53525872541967,139.5037912318032,8507.6,Residential,land_use,13.1,25.6,15743.8
ghsl_5929_cell_03800,67,77,35.53525872541967,139.51512977703277,11703.9,Civic,land_use,12.1,35.1,16767.9
ghsl_5929_cell_03801,68,77,35.53525872541967,139.5264683222623,12201.6,Industrial,land_use,3.4,37.0,17792.4
ghsl_5929_cell_03802,69,77,35.53525872541967,139.53780686749187,5524.4,Residential,land_use,19.8,34.5,17405.2
ghsl_5929_cell_03803,70,77,35.53525872541967,139.5491454127214,9664.5,Residential,land_use,7.3,35.9,16581.8
ghsl_5929_cell_03804,71,77,35.53525872541967,139.56048395795096,11237.2,Civic,land_use,10.4,56.2,15782.7
ghsl_5929_cell_03805,72,77,35.53525872541967,139.57182250318056,6263.3,Green,land_use,50.3,53.2,15008.0
ghsl_5929_cell_03806,73,77,35.53525872541967,139.5831610484101,7497.7,Residential,land_use,30.2,39.4,14237.5
ghsl_5929_cell_03807,74,77,35.53525872541967,139.59449959363963,7782.0,Civic,land_use,19.6,37.7,13467.1
ghsl_5929_cell_03808,75,77,35.53525872541967,139.60583813886916,6773.4,Industrial,land_use,17.8,9.0,12696.7
ghsl_5929_cell_03809,76,77,35.53525872541967,139.61717668409872,8909.5,Civic,land_use,6.9,6.7,11935.1
ghsl_5929_cell_03810,77,77,35.535258725419666,139.6285152293283,10880.0,Civic,land_use,7.5,5.5,11214.0
ghsl_5929_cell_03811,78,77,35.53525872541967,139.63985377455785,9075.2,Civic,land_use,3.9,4.7,10544.0
ghsl_5929_cell_03812,79,77,35.53525872541967,139.6511923197874,7149.7,Civic,land_use,3.6,6.0,9935.6
ghsl_5929_cell_03813,80,77,35.53525872541967,139.66253086501695,10383.8,Civic,land_use,8.3,5.8,9400.7
ghsl_5929_cell_03814,81,77,35.53525872541967,139.67386941024648,13635.3,Civic,land_use,4.2,5.5,8846.2
ghsl_5929_cell_03815,82,77,35.53525872541967,139.68520795547605,17087.7,Civic,land_use,4.7,3.8,8076.4
ghsl_5929_cell_03816,83,77,35.53525872541967,139.6965465007056,12149.6,Residential,land_use,7.0,5.5,7335.9
ghsl_5929_cell_03817,84,77,35.53525872541967,139.70788504593517,9532.7,Residential,land_use,11.2,4.9,6672.2
ghsl_5929_cell_03818,85,77,35.535258725419666,139.71922359116473,9309.7,Industrial,land_use,4.1,4.4,6110.4
ghsl_5929_cell_03819,86,77,35.53525872541967,139.7305621363943,13826.4,Commercial,land_use,13.8,3.5,5247.1
ghsl_5929_cell_03820,87,77,35.53525872541967,139.74190068162378,14056.1,Civic,land_use,3.5,3.0,4224.3
ghsl_5929_cell_03821,88,77,35.53525872541967,139.75323922685337,6278.4,Industrial,land_use,1.1,4.2,3205.0
ghsl_5929_cell_03822,89,77,35.53525872541967,139.7645777720829,2915.9,Industrial,land_use,0.0,10.2,2194.0
ghsl_5929_cell_03823,90,77,35.53525872541967,139.77591631731252,1351.1,Residential,heuristic,3.9,0.0,1212.7
ghsl_5929_cell_03824,91,77,35.53525872541967,139.78725486254206,3216.4,Residential,heuristic,7.8,0.0,384.4
ghsl_5929_cell_03825,114,77,35.53525872541967,140.04804140282175,7.8,Residential,heuristic,0.0,0.0,384.0
ghsl_5929_cell_03826,115,77,35.535258725419666,140.0593799480513,1539.0,Industrial,land_use,0.0,4.4,1063.2
ghsl_5929_cell_03827,116,77,35.53525872541967,140.07071849328085,1292.2,Industrial,land_use,0.0,4.1,1476.3
ghsl_5929_cell_03828,117,77,35.53525872541967,140.0820570385104,2022.2,Industrial,land_use,0.0,5.0,1934.8
ghsl_5929_cell_03829,118,77,35.53525872541967,140.09339558373995,1014.3,Industrial,land_use,0.0,6.3,2687.7
ghsl_5929_cell_03830,119,77,35.53525872541967,140.1047341289695,2909.2,Industrial,land_use,0.6,4.0,3455.4
ghsl_5929_cell_03831,120,77,35.53525872541967,140.11607267419902,5027.1,Commercial,land_use,4.1,5.3,3460.3
ghsl_5929_cell_03832,121,77,35.53525872541967,140.1274112194286,2555.5,Civic,land_use,11.7,4.5,2820.6
ghsl_5929_cell_03833,122,77,35.53525872541967,140.13874976465817,1866.2,Residential,heuristic,12.8,20.8,2460.3
ghsl_5929_cell_03834,123,77,35.53525872541967,140.15008830988774,1705.9,Civic,land_use,22.0,6.6,1934.6
ghsl_5929_cell_03835,124,77,35.53525872541967,140.16142685511727,1414.5,Residential,heuristic,27.8,10.0,1476.2
ghsl_5929_cell_03836,125,77,35.535258725419666,140.1727654003468,1781.7,Residential,heuristic,4.8,22.9,1455.5
ghsl_5929_cell_03837,126,77,35.53525872541967,140.18410394557637,1624.5,Residential,heuristic,0.9,39.4,1151.7
ghsl_5929_cell_03838,127,77,35.53525872541967,140.19544249080593,3576.2,Civic,land_use,7.1,43.8,383.9
ghsl_5929_cell_03839,51,78,35.52651299550713,139.3242399768826,2450.0,Civic,land_use,22.1,123.6,385.0
ghsl_5929_cell_03840,52,78,35.52651299550713,139.3355777512226,5286.7,Civic,land_use,0.4,112.7,1061.1
ghsl_5929_cell_03841,53,78,35.52651299550714,139.34691552556257,4162.0,Industrial,land_use,6.1,103.6,2030.9
ghsl_5929_cell_03842,54,78,35.52651299550713,139.35825329990254,3594.5,Industrial,land_use,8.2,45.9,3039.4
ghsl_5929_cell_03843,55,78,35.52651299550713,139.36959107424252,4725.7,Civic,land_use,0.3,47.2,4057.9
ghsl_5929_cell_03844,56,78,35.52651299550713,139.38092884858253,4897.9,Green,land_use,68.4,73.2,5080.4
ghsl_5929_cell_03845,57,78,35.52651299550713,139.39226662292253,3813.6,Industrial,land_use,17.3,90.0,6069.3
ghsl_5929_cell_03846,58,78,35.52651299550713,139.40360439726248,8158.8,Civic,land_use,0.2,95.6,7023.8
ghsl_5929_cell_03847,59,78,35.52651299550713,139.4149421716025,7600.9,Civic,land_use,2.4,94.8,7996.6
ghsl_5929_cell_03848,60,78,35.52651299550713,139.42627994594247,8577.4,Residential,land_use,1.6,91.9,8981.7
ghsl_5929_cell_03849,61,78,35.52651299550713,139.43761772028245,9753.9,Utility,land_use,2.8,95.2,9975.6
ghsl_5929_cell_03850,62,78,35.52651299550713,139.44895549462242,9558.3,Residential,land_use,0.3,92.1,10975.8
ghsl_5929_cell_03851,63,78,35.52651299550713,139.46029326896237,8231.6,Civic,land_use,3.3,81.9,11980.7
ghsl_5929_cell_03852,64,78,35.52651299550713,139.47163104330238,10713.1,Residential,land_use,3.5,72.0,12989.2
ghsl_5929_cell_03853,65,78,35.52651299550713,139.48296881764236,7857.7,Civic,land_use,7.6,74.4,14000.7
ghsl_5929_cell_03854,66,78,35.52651299550713,139.49430659198237,10218.9,Residential,land_use,3.7,45.3,15014.4
ghsl_5929_cell_03855,67,78,35.52651299550713,139.50564436632231,10154.0,Residential,land_use,4.3,61.1,16029.9
ghsl_5929_cell_03856,68,78,35.52651299550714,139.51698214066232,8770.1,Civic,land_use,17.3,39.9,17047.0
ghsl_5929_cell_03857,69,78,35.52651299550713,139.5283199150023,6494.5,Commercial,land_use,20.4,15.3,17583.4
ghsl_5929_cell_03858,70,78,35.52651299550713,139.53965768934228,5510.3,Residential,land_use,6.0,48.2,16715.9
ghsl_5929_cell_03859,71,78,35.52651299550713,139.55099546368228,8038.5,Industrial,land_use,15.9,18.5,15867.7
ghsl_5929_cell_03860,72,78,35.52651299550713,139.5623332380223,6029.5,Civic,land_use,24.4,40.6,15042.0
ghsl_5929_cell_03861,73,78,35.52651299550713,139.57367101236224,4405.8,Civic,land_use,27.6,32.4,14242.9
ghsl_5929_cell_03862,74,78,35.52651299550714,139.58500878670222,5312.3,Industrial,land_use,23.1,25.3,13469.3
ghsl_5929_cell_03863,75,78,35.52651299550713,139.5963465610422,8055.5,Commercial,land_use,22.4,26.8,12698.9
ghsl_5929_cell_03864,76,78,35.52651299550713,139.60768433538217,9198.6,Civic,land_use,12.7,8.7,11928.5
ghsl_5929_cell_03865,77,78,35.52651299550713,139.61902210972218,11415.6,Civic,land_use,7.4,10.2,11158.2
ghsl_5929_cell_03866,78,78,35.52651299550713,139.63035988406213,12902.1,Civic,land_use,10.4,11.1,10401.0
ghsl_5929_cell_03867,79,78,35.526512995507126,139.6416976584021,12194.8,Industrial,land_use,7.7,33.1,9692.7
ghsl_5929_cell_03868,80,78,35.52651299550713,139.6530354327421,14154.5,Commercial,land_use,1.6,7.9,9046.1
ghsl_5929_cell_03869,81,78,35.52651299550713,139.6643732070821,10610.4,Civic,land_use,33.7,26.1,8475.3
ghsl_5929_cell_03870,82,78,35.52651299550713,139.67571098142207,14849.3,Industrial,land_use,3.9,0.0,7996.7
ghsl_5929_cell_03871,83,78,35.52651299550714,139.68704875576208,13413.5,Industrial,land_use,4.2,4.6,7308.0
ghsl_5929_cell_03872,84,78,35.52651299550713,139.69838653010203,23381.9,Civic,land_use,4.0,5.6,6538.5
ghsl_5929_cell_03873,85,78,35.52651299550714,139.70972430444203,17112.2,Civic,land_use,11.2,5.0,5813.5
ghsl_5929_cell_03874,86,78,35.52651299550713,139.72106207878204,16315.3,Civic,land_use,2.3,2.5,5192.1
ghsl_5929_cell_03875,87,78,35.52651299550713,139.732399853122,13992.6,Industrial,land_use,1.7,3.3,4715.5
ghsl_5929_cell_03876,88,78,35.52651299550713,139.743737627462,9437.6,Utility,land_use,2.8,2.4,4059.1
ghsl_5929_cell_03877,89,78,35.52651299550714,139.75507540180195,5174.5,Industrial,land_use,0.2,0.0,3040.6
ghsl_5929_cell_03878,90,78,35.52651299550713,139.76641317614192,4603.6,Industrial,land_use,0.0,4.6,2032.1
ghsl_5929_cell_03879,91,78,35.52651299550713,139.77775095048193,4577.0,Industrial,land_use,0.1,2.6,1062.3
ghsl_5929_cell_03880,92,78,35.52651299550713,139.7890887248219,1491.1,Residential,heuristic,0.0,0.0,384.4
ghsl_5929_cell_03881,115,78,35.52651299550713,140.04985753464152,2797.5,Industrial,land_use,0.0,3.6,384.1
ghsl_5929_cell_03882,116,78,35.52651299550713,140.0611953089815,3295.1,Industrial,land_use,0.0,11.6,1212.1
ghsl_5929_cell_03883,117,78,35.52651299550713,140.07253308332147,3153.4,Utility,land_use,30.9,8.9,2193.4
ghsl_5929_cell_03884,118,78,35.52651299550713,140.08387085766148,4075.3,Residential,heuristic,1.2,2.0,2820.7
ghsl_5929_cell_03885,119,78,35.52651299550713,140.09520863200146,3829.8,Civic,land_use,4.9,5.8,3460.2
ghsl_5929_cell_03886,120,78,35.52651299550713,140.10654640634144,4405.3,Civic,land_use,4.4,4.2,3456.7
ghsl_5929_cell_03887,121,78,35.52651299550713,140.11788418068141,2368.9,Civic,land_use,9.0,4.9,2688.3
ghsl_5929_cell_03888,122,78,35.52651299550713,140.1292219550214,1950.7,Civic,land_use,24.8,9.6,1935.0
ghsl_5929_cell_03889,123,78,35.52651299550713,140.1405597293614,2154.2,Residential,heuristic,1.0,16.4,1476.2
ghsl_5929_cell_03890,124,78,35.52651299550713,140.15189750370135,2848.8,Civic,land_use,37.8,29.1,1151.9
ghsl_5929_cell_03891,125,78,35.52651299550713,140.16323527804138,1124.5,Residential,heuristic,38.9,8.8,492.1
ghsl_5929_cell_03892,126,78,35.52651299550713,140.17457305238136,1600.0,Commercial,land_use,32.2,18.3,485.1
ghsl_5929_cell_03893,127,78,35.52651299550713,140.18591082672134,2317.5,Commercial,land_use,7.4,30.2,383.9
ghsl_5929_cell_03894,52,79,35.51776762420192,139.32610804670082,1973.0,Civic,land_use,37.0,60.3,385.1
ghsl_5929_cell_03895,53,79,35.517767624201916,139.33744505048836,4976.6,Industrial,land_use,7.0,108.1,1061.0
ghsl_5929_cell_03896,54,79,35.517767624201916,139.3487820542759,3355.3,Industrial,land_use,3.8,95.4,2030.8
ghsl_5929_cell_03897,55,79,35.517767624201916,139.3601190580634,3617.3,Industrial,land_use,0.0,54.5,3039.4
ghsl_5929_cell_03898,56,79,35.51776762420192,139.3714560618509,3047.7,Industrial,land_use,9.9,35.1,4057.9
ghsl_5929_cell_03899,57,79,35.517767624201916,139.38279306563842,3446.8,Industrial,land_use,7.9,58.6,5080.5
ghsl_5929_cell_03900,58,79,35.517767624201916,139.39413006942593,2485.5,Civic,land_use,15.2,93.4,6092.5
ghsl_5929_cell_03901,59,79,35.517767624201916,139.40546707321346,7365.7,Civic,land_use,7.1,89.9,7095.5
ghsl_5929_cell_03902,60,79,35.517767624201916,139.416804077001,8657.4,Residential,land_use,1.2,91.7,8104.8
ghsl_5929_cell_03903,61,79,35.517767624201916,139.42814108078852,11333.3,Residential,land_use,2.0,88.4,9118.4
ghsl_5929_cell_03904,62,79,35.517767624201916,139.43947808457602,9532.3,Civic,land_use,1.0,88.7,10135.0
ghsl_5929_cell_03905,63,79,35.517767624201916,139.45081508836353,7872.7,Residential,land_use,10.0,79.7,11153.8
ghsl_5929_cell_03906,64,79,35.51776762420192,139.46215209215106,9519.9,Civic,land_use,14.5,71.4,12174.2
ghsl_5929_cell_03907,65,79,35.517767624201916,139.47348909593856,11059.9,Civic,land_use,6.9,85.1,13195.9
ghsl_5929_cell_03908,66,79,35.517767624201916,139.48482609972612,5772.2,Civic,land_use,5.1,87.3,14218.5
ghsl_5929_cell_03909,67,79,35.517767624201916,139.49616310351362,4107.1,Commercial,land_use,30.2,65.8,15241.9
ghsl_5929_cell_03910,68,79,35.517767624201916,139.50750010730113,9808.6,Residential,land_use,9.7,51.1,16266.0
ghsl_5929_cell_03911,69,79,35.517767624201916,139.51883711108866,6434.1,Residential,land_use,6.9,31.3,17290.6
ghsl_5929_cell_03912,70,79,35.517767624201916,139.53017411487616,9778.4,Industrial,land_use,15.7,31.0,16948.3
ghsl_5929_cell_03913,71,79,35.517767624201916,139.54151111866366,11154.1,Residential,land_use,7.4,13.7,16057.3
ghsl_5929_cell_03914,72,79,35.51776762420192,139.5528481224512,9127.8,Industrial,land_use,8.2,14.6,15183.6
ghsl_5929_cell_03915,73,79,35.517767624201916,139.56418512623875,10824.5,Industrial,land_use,1.8,9.1,14330.6
ghsl_5929_cell_03916,74,79,35.51776762420192,139.57552213002623,10064.4,Industrial,land_use,8.5,6.7,13502.1
ghsl_5929_cell_03917,75,79,35.517767624201916,139.58685913381373,8486.2,Industrial,land_use,4.0,9.4,12703.0
ghsl_5929_cell_03918,76,79,35.517767624201916,139.5981961376013,6643.2,Industrial,land_use,18.1,6.1,11930.5
ghsl_5929_cell_03919,77,79,35.517767624201916,139.60953314138877,7876.0,Civic,land_use,23.1,16.6,11160.1
ghsl_5929_cell_03920,78,79,35.517767624201916,139.6208701451763,10604.2,Civic,land_use,15.4,8.0,10389.8
ghsl_5929_cell_03921,79,79,35.517767624201916,139.63220714896383,12886.2,Industrial,land_use,3.0,6.7,9619.6
ghsl_5929_cell_03922,80,79,35.517767624201916,139.64354415275136,12688.5,Industrial,land_use,8.7,14.3,8868.8
ghsl_5929_cell_03923,81,79,35.517767624201916,139.65488115653883,13673.6,Civic,land_use,4.2,42.8,8178.2
ghsl_5929_cell_03924,82,79,35.517767624201916,139.6662181603264,14586.3,Civic,land_use,0.5,35.8,7564.9
ghsl_5929_cell_03925,83,79,35.51776762420192,139.6775551641139,10667.2,Industrial,land_use,5.1,2.7,7049.0
ghsl_5929_cell_03926,84,79,35.51776762420191,139.6888921679014,13741.5,Civic,land_use,2.4,3.0,6539.4
ghsl_5929_cell_03927,85,79,35.517767624201916,139.70022917168893,17300.4,Civic,land_use,2.0,2.6,5769.7
ghsl_5929_cell_03928,86,79,35.51776762420192,139.71156617547646,18379.2,Civic,land_use,3.1,3.7,5001.2
ghsl_5929_cell_03929,87,79,35.517767624201916,139.72290317926394,11637.5,Civic,land_use,5.7,2.2,4303.1
ghsl_5929_cell_03930,88,79,35.51776762420192,139.7342401830515,5839.8,Industrial,land_use,2.0,3.7,3760.0
ghsl_5929_cell_03931,89,79,35.517767624201916,139.74557718683897,4061.9,Industrial,land_use,0.0,0.0,3445.9
ghsl_5929_cell_03932,90,79,35.517767624201916,139.7569141906265,7133.5,Industrial,land_use,0.0,3.2,2824.1
ghsl_5929_cell_03933,91,79,35.51776762420192,139.76825119441403,5169.6,Industrial,land_use,0.0,3.1,2032.1
ghsl_5929_cell_03934,92,79,35.517767624201916,139.77958819820157,7945.8,Industrial,land_use,2.3,6.5,1062.2
ghsl_5929_cell_03935,93,79,35.51776762420192,139.79092520198907,1568.8,Industrial,land_use,0.0,4.4,485.1
ghsl_5929_cell_03936,94,79,35.51776762420191,139.80226220577657,4.9,Residential,heuristic,0.0,0.0,384.5
ghsl_5929_cell_03937,115,79,35.517767624201916,140.04033928531447,165.0,Residential,heuristic,0.0,8.0,384.1
ghsl_5929_cell_03938,116,79,35.51776762420192,140.05167628910198,1832.5,Industrial,land_use,0.0,6.3,1152.3
ghsl_5929_cell_03939,117,79,35.51776762420191,140.0630132928895,3568.9,Industrial,land_use,3.6,5.0,1920.6
ghsl_5929_cell_03940,118,79,35.51776762420192,140.074350296677,4605.2,Civic,land_use,2.3,3.0,2725.2
ghsl_5929_cell_03941,119,79,35.51776762420191,140.0856873004645,4617.8,Civic,land_use,0.5,2.7,3444.7
ghsl_5929_cell_03942,120,79,35.517767624201916,140.09702430425207,4543.4,Civic,land_use,2.8,5.7,3395.7
ghsl_5929_cell_03943,121,79,35.517767624201916,140.10836130803958,727.5,Green,land_use,100.0,4.2,2688.8
ghsl_5929_cell_03944,122,79,35.51776762420191,140.11969831182705,1372.1,Residential,heuristic,1.6,10.7,1920.5
ghsl_5929_cell_03945,123,79,35.51776762420192,140.13103531561464,2252.2,Residential,heuristic,0.0,21.1,1152.2
ghsl_5929_cell_03946,124,79,35.51776762420191,140.1423723194021,1856.1,Civic,land_use,0.3,35.1,492.1
ghsl_5929_cell_03947,125,79,35.517767624201916,140.15370932318964,2471.9,Civic,land_use,4.1,31.1,384.0
ghsl_5929_cell_03948,53,80,35.50902261136224,139.32797871658758,1023.5,Civic,land_use,0.1,57.4,385.1
ghsl_5929_cell_03949,54,80,35.50902261136224,139.33931495015963,3319.9,Industrial,land_use,6.2,91.4,1061.0
ghsl_5929_cell_03950,55,80,35.50902261136224,139.3506511837316,3594.0,Industrial,land_use,0.6,90.0,2030.8
ghsl_5929_cell_03951,56,80,35.50902261136224,139.3619874173036,4035.8,Civic,land_use,9.3,88.8,3039.4
ghsl_5929_cell_03952,57,80,35.50902261136224,139.3733236508756,934.9,Industrial,land_use,4.2,39.2,4058.0
ghsl_5929_cell_03953,58,80,35.50902261136224,139.3846598844476,5572.6,Residential,heuristic,4.2,50.6,5080.5
ghsl_5929_cell_03954,59,80,35.509022611362234,139.39599611801958,4028.6,Civic,land_use,2.1,94.1,6105.1
ghsl_5929_cell_03955,60,80,35.50902261136224,139.40733235159155,8312.7,Residential,land_use,4.7,87.1,7130.7
ghsl_5929_cell_03956,61,80,35.509022611362234,139.41866858516357,10459.3,Civic,land_use,1.1,85.6,8157.1
ghsl_5929_cell_03957,62,80,35.50902261136224,139.4300048187356,6150.5,Green,land_use,65.9,89.1,9183.9
ghsl_5929_cell_03958,63,80,35.50902261136224,139.44134105230754,6689.1,Residential,land_use,5.8,87.0,10211.1
ghsl_5929_cell_03959,64,80,35.50902261136224,139.4526772858795,9323.5,Civic,land_use,9.9,79.4,11238.5
ghsl_5929_cell_03960,65,80,35.50902261136223,139.4640135194515,8224.5,Civic,land_use,16.7,74.5,12266.0
ghsl_5929_cell_03961,66,80,35.509022611362234,139.47534975302355,7386.9,Commercial,land_use,2.8,80.1,13293.7
ghsl_5929_cell_03962,67,80,35.509022611362234,139.48668598659555,1838.6,Residential,heuristic,6.3,90.7,14321.5
ghsl_5929_cell_03963,68,80,35.50902261136224,139.49802222016754,6243.5,Residential,land_use,13.8,65.8,15349.4
ghsl_5929_cell_03964,69,80,35.509022611362234,139.50935845373948,2659.3,Civic,land_use,5.3,66.7,16377.4
ghsl_5929_cell_03965,70,80,35.50902261136224,139.5206946873115,4657.4,Residential,land_use,5.3,43.8,17275.1
ghsl_5929_cell_03966,71,80,35.50902261136224,139.5320309208835,9662.1,Civic,land_use,6.8,49.5,16347.7
ghsl_5929_cell_03967,72,80,35.50902261136224,139.54336715445555,10533.1,Civic,land_use,1.1,26.7,15433.2
ghsl_5929_cell_03968,73,80,35.50902261136224,139.55470338802752,10076.6,Residential,land_use,9.8,10.3,14533.9
ghsl_5929_cell_03969,74,80,35.50902261136224,139.56603962159946,10551.5,Civic,land_use,6.7,39.8,13653.0
ghsl_5929_cell_03970,75,80,35.50902261136224,139.57737585517148,10485.2,Residential,land_use,7.2,32.0,12794.2
ghsl_5929_cell_03971,76,80,35.509022611362234,139.5887120887435,9114.5,Civic,land_use,10.7,19.9,11962.2
ghsl_5929_cell_03972,77,80,35.50902261136224,139.6000483223155,8252.2,Residential,land_use,24.2,6.2,11163.1
ghsl_5929_cell_03973,78,80,35.50902261136224,139.61138455588747,15480.7,Civic,land_use,15.7,6.5,10391.5
ghsl_5929_cell_03974,79,80,35.509022611362234,139.62272078945946,16046.7,Industrial,land_use,0.8,36.9,9621.2
ghsl_5929_cell_03975,80,80,35.509022611362234,139.63405702303146,13751.4,Civic,land_use,2.0,15.6,8850.9
ghsl_5929_cell_03976,81,80,35.509022611362234,139.64539325660343,14367.5,Civic,land_use,4.9,32.5,8080.8
ghsl_5929_cell_03977,82,80,35.50902261136223,139.65672949017542,13304.9,Civic,land_use,2.4,29.5,7339.7
ghsl_5929_cell_03978,83,80,35.50902261136223,139.6680657237474,12496.9,Civic,land_use,0.2,17.4,6675.4
ghsl_5929_cell_03979,84,80,35.509022611362234,139.67940195731939,15897.3,Civic,land_use,1.5,8.2,6112.7
ghsl_5929_cell_03980,85,80,35.50902261136224,139.69073819089144,13165.4,Civic,land_use,8.8,3.8,5682.2
ghsl_5929_cell_03981,86,80,35.50902261136224,139.7020744244634,17353.6,Industrial,land_use,3.8,4.8,5001.0
ghsl_5929_cell_03982,87,80,35.509022611362234,139.71341065803537,6921.7,Industrial,land_use,2.9,5.4,4231.3
ghsl_5929_cell_03983,88,80,35.50902261136224,139.7247468916074,3730.9,Industrial,land_use,0.0,4.2,3466.0
ghsl_5929_cell_03984,89,80,35.50902261136224,139.7360831251794,7054.7,Industrial,land_use,0.0,16.9,2824.5
ghsl_5929_cell_03985,90,80,35.50902261136224,139.7474193587514,5451.1,Industrial,land_use,0.0,3.4,2461.4
ghsl_5929_cell_03986,91,80,35.50902261136224,139.75875559232335,1712.6,Industrial,land_use,4.7,0.0,1937.7
ghsl_5929_cell_03987,92,80,35.50902261136224,139.77009182589538,1752.4,Residential,heuristic,0.0,0.0,1476.8
ghsl_5929_cell_03988,93,80,35.50902261136223,139.78142805946734,362.1,Industrial,land_use,0.0,0.0,1153.7
ghsl_5929_cell_03989,94,80,35.50902261136224,139.79276429303937,23.4,Residential,heuristic,0.0,0.0,384.6
ghsl_5929_cell_03990,115,80,35.50902261136224,140.03082519805122,480.4,Residential,heuristic,0.0,0.0,384.1
ghsl_5929_cell_03991,116,80,35.50902261136224,140.0421614316232,1846.4,Residential,heuristic,0.0,0.0,1152.5
ghsl_5929_cell_03992,117,80,35.50902261136224,140.0534976651952,1177.7,Industrial,land_use,8.6,4.7,1920.8
ghsl_5929_cell_03993,118,80,35.50902261136224,140.06483389876723,5272.6,Residential,heuristic,4.2,3.8,2689.0
ghsl_5929_cell_03994,119,80,35.50902261136224,140.0761701323392,3292.9,Civic,land_use,0.4,1.2,2821.8
ghsl_5929_cell_03995,120,80,35.50902261136224,140.08750636591122,3353.8,Residential,land_use,4.0,4.0,2460.5
ghsl_5929_cell_03996,121,80,35.50902261136224,140.0988425994832,1469.2,Green,land_use,45.7,5.0,2425.4
ghsl_5929_cell_03997,122,80,35.509022611362234,140.1101788330552,1496.3,Commercial,land_use,8.5,6.2,1920.8
ghsl_5929_cell_03998,123,80,35.50902261136224,140.12151506662718,3368.7,Civic,land_use,4.1,22.1,1152.4
ghsl_5929_cell_03999,124,80,35.509022611362234,140.13285130019915,1394.2,Civic,land_use,0.0,34.6,384.1
ghsl_5929_cell_04000,54,81,35.500277956846375,139.32985198554638,927.0,Industrial,land_use,0.8,171.2,385.1
ghsl_5929_cell_04001,55,81,35.50027795684637,139.34118744923964,1113.1,Industrial,land_use,10.7,48.4,1214.6
ghsl_5929_cell_04002,56,81,35.50027795684637,139.35252291293287,4557.1,Green,land_use,57.4,42.5,2196.2
ghsl_5929_cell_04003,57,81,35.500277956846375,139.3638583766261,2294.5,Green,land_use,71.8,74.2,3207.2
ghsl_5929_cell_04004,58,81,35.50027795684637,139.37519384031935,529.0,Industrial,land_use,2.7,29.3,4226.7
ghsl_5929_cell_04005,59,81,35.500277956846375,139.3865293040126,4381.7,Civic,land_use,2.0,41.7,5249.7
ghsl_5929_cell_04006,60,81,35.50027795684637,139.39786476770587,3525.7,Utility,land_use,0.8,90.2,6274.4
ghsl_5929_cell_04007,61,81,35.500277956846375,139.40920023139913,9175.2,Residential,land_use,4.2,80.6,7300.2
ghsl_5929_cell_04008,62,81,35.50027795684637,139.42053569509235,7333.8,Commercial,land_use,2.7,79.1,8326.6
ghsl_5929_cell_04009,63,81,35.50027795684637,139.4318711587856,8104.9,Civic,land_use,4.5,79.4,9353.5
ghsl_5929_cell_04010,64,81,35.500277956846375,139.44320662247887,11160.4,Civic,land_use,5.8,79.3,10380.7
ghsl_5929_cell_04011,65,81,35.50027795684637,139.4545420861721,10068.0,Industrial,land_use,11.2,76.8,11408.1
ghsl_5929_cell_04012,66,81,35.500277956846375,139.46587754986535,10368.3,Residential,land_use,3.7,63.3,12435.7
ghsl_5929_cell_04013,67,81,35.500277956846375,139.47721301355864,8012.2,Industrial,land_use,2.3,74.6,13463.4
ghsl_5929_cell_04014,68,81,35.500277956846375,139.48854847725184,4814.4,Industrial,land_use,2.3,89.6,14491.2
ghsl_5929_cell_04015,69,81,35.50027795684637,139.49988394094507,5163.8,Civic,land_use,13.9,57.6,15519.1
ghsl_5929_cell_04016,70,81,35.500277956846375,139.51121940463833,1159.3,Utility,land_use,3.1,87.2,16547.1
ghsl_5929_cell_04017,71,81,35.500277956846375,139.52255486833158,2108.8,Residential,land_use,5.4,86.5,16561.7
ghsl_5929_cell_04018,72,81,35.50027795684637,139.5338903320248,5115.9,Green,land_use,50.1,78.6,15785.5
ghsl_5929_cell_04019,73,81,35.50027795684637,139.54522579571807,8338.1,Industrial,land_use,19.2,67.7,14848.0
ghsl_5929_cell_04020,74,81,35.500277956846375,139.55656125941132,9266.2,Civic,land_use,15.1,44.0,13923.4
ghsl_5929_cell_04021,75,81,35.500277956846375,139.56789672310455,8252.9,Residential,land_use,18.5,61.4,13014.5
ghsl_5929_cell_04022,76,81,35.50027795684637,139.5792321867978,8637.2,Residential,land_use,8.9,38.1,12124.7
ghsl_5929_cell_04023,77,81,35.50027795684637,139.59056765049107,8259.7,Residential,land_use,12.9,25.9,11258.7
ghsl_5929_cell_04024,78,81,35.50027795684637,139.60190311418432,10108.0,Civic,land_use,10.7,31.1,10422.3
ghsl_5929_cell_04025,79,81,35.500277956846375,139.61323857787755,12512.9,Civic,land_use,3.2,43.6,9623.2
ghsl_5929_cell_04026,80,81,35.50027795684637,139.6245740415708,14759.0,Civic,land_use,1.4,39.0,8852.4
ghsl_5929_cell_04027,81,81,35.500277956846375,139.63590950526407,14049.4,Civic,land_use,6.0,34.5,8082.1
ghsl_5929_cell_04028,82,81,35.50027795684637,139.6472449689573,11448.8,Civic,land_use,5.4,10.6,7312.0
ghsl_5929_cell_04029,83,81,35.500277956846375,139.65858043265058,15139.9,Civic,land_use,1.7,35.3,6542.0
ghsl_5929_cell_04030,84,81,35.50027795684637,139.6699158963438,13801.6,Civic,land_use,7.5,29.9,5816.4
ghsl_5929_cell_04031,85,81,35.500277956846375,139.68125136003704,11269.7,Civic,land_use,2.0,7.7,5194.3
ghsl_5929_cell_04032,86,81,35.500277956846375,139.6925868237303,12575.0,Civic,land_use,9.2,2.8,4716.8
ghsl_5929_cell_04033,87,81,35.500277956846375,139.70392228742352,4938.2,Industrial,land_use,1.0,2.7,4262.7
ghsl_5929_cell_04034,88,81,35.500277956846375,139.7152577511168,3645.6,Industrial,land_use,0.2,0.0,3462.3
ghsl_5929_cell_04035,89,81,35.50027795684637,139.72659321481004,5265.5,Industrial,land_use,0.0,4.6,2692.8
ghsl_5929_cell_04036,90,81,35.50027795684637,139.73792867850327,639.8,Industrial,land_use,0.0,0.0,1938.1
ghsl_5929_cell_04037,91,81,35.500277956846375,139.74926414219652,2098.7,Residential,heuristic,0.3,0.0,1476.8
ghsl_5929_cell_04038,92,81,35.50027795684637,139.76059960588978,8253.3,Industrial,land_use,3.7,4.4,1153.8
ghsl_5929_cell_04039,93,81,35.500277956846375,139.77193506958304,8430.1,Residential,heuristic,16.0,8.1,492.3
ghsl_5929_cell_04040,94,81,35.50027795684637,139.7832705332763,77.4,Residential,heuristic,0.0,0.0,384.6
ghsl_5929_cell_04041,115,81,35.500277956846375,140.0213152708345,271.3,Residential,heuristic,0.0,0.0,384.2
ghsl_5929_cell_04042,116,81,35.50027795684637,140.03265073452766,2661.3,Industrial,land_use,0.0,5.4,1152.6
ghsl_5929_cell_04043,117,81,35.500277956846375,140.04398619822095,2850.2,Industrial,land_use,0.9,6.7,1921.0
ghsl_5929_cell_04044,118,81,35.500277956846375,140.0553216619142,3865.3,Civic,land_use,3.3,2.6,2689.4
ghsl_5929_cell_04045,119,81,35.50027795684637,140.06665712560743,2512.1,Civic,land_use,0.0,3.3,2460.6
ghsl_5929_cell_04046,120,81,35.50027795684637,140.0779925893007,1545.1,Residential,heuristic,26.6,2.8,1936.0
ghsl_5929_cell_04047,121,81,35.500277956846375,140.08932805299392,584.0,Green,land_use,51.0,4.9,1476.3
ghsl_5929_cell_04048,122,81,35.50027795684637,140.10066351668718,1449.0,Residential,heuristic,25.3,8.4,1455.2
ghsl_5929_cell_04049,123,81,35.500277956846375,140.1119989803804,2763.5,Civic,land_use,1.1,26.2,1212.3
ghsl_5929_cell_04050,124,81,35.500277956846375,140.1233344440737,2700.8,Civic,land_use,3.7,28.7,384.2
ghsl_5929_cell_04051,54,82,35.49153366051269,139.32039315843033,2555.8,Civic,land_use,5.0,82.6,385.2
ghsl_5929_cell_04052,55,82,35.49153366051269,139.33172785258142,3616.8,Civic,land_use,11.8,96.5,1060.8
ghsl_5929_cell_04053,56,82,35.49153366051269,139.3430625467326,2778.7,Industrial,land_use,10.9,71.7,1925.7
ghsl_5929_cell_04054,57,82,35.49153366051269,139.35439724088369,1748.7,Green,land_use,69.3,41.3,2732.0
ghsl_5929_cell_04055,58,82,35.49153366051269,139.3657319350348,3133.6,Industrial,land_use,7.1,66.4,3643.7
ghsl_5929_cell_04056,59,82,35.49153366051269,139.37706662918592,595.6,Green,land_use,100.0,33.5,4604.9
ghsl_5929_cell_04057,60,82,35.49153366051269,139.38840132333704,5220.4,Residential,land_use,0.1,34.9,5590.1
ghsl_5929_cell_04058,61,82,35.49153366051269,139.39973601748818,6711.1,Residential,heuristic,8.9,99.0,6588.5
ghsl_5929_cell_04059,62,82,35.49153366051269,139.4110707116393,6062.3,Green,land_use,58.2,70.7,7594.9
ghsl_5929_cell_04060,63,82,35.49153366051269,139.42240540579039,6157.8,Industrial,land_use,1.0,74.5,8606.5
ghsl_5929_cell_04061,64,82,35.49153366051269,139.4337400999415,12100.7,Civic,land_use,1.1,77.0,9621.7
ghsl_5929_cell_04062,65,82,35.49153366051269,139.44507479409265,13080.4,Civic,land_use,2.9,75.4,10639.4
ghsl_5929_cell_04063,66,82,35.49153366051269,139.45640948824374,11289.7,Commercial,land_use,3.2,79.0,11659.0
ghsl_5929_cell_04064,67,82,35.49153366051269,139.46774418239488,6342.9,Commercial,land_use,11.3,69.9,12680.0
ghsl_5929_cell_04065,68,82,35.491533660512694,139.47907887654597,2501.0,Civic,land_use,3.8,65.4,13702.2
ghsl_5929_cell_04066,69,82,35.49153366051269,139.49041357069706,787.0,Civic,land_use,6.1,66.6,14725.2
ghsl_5929_cell_04067,70,82,35.49153366051269,139.50174826484817,2657.0,Commercial,land_use,2.5,86.6,15748.9
ghsl_5929_cell_04068,71,82,35.49153366051269,139.5130829589993,7311.8,Civic,land_use,8.7,51.9,16562.5
ghsl_5929_cell_04069,72,82,35.49153366051269,139.5244176531504,6048.2,Civic,land_use,5.9,78.2,15791.2
ghsl_5929_cell_04070,73,82,35.49153366051269,139.53575234730158,9233.5,Residential,land_use,8.8,61.1,15023.4
ghsl_5929_cell_04071,74,82,35.49153366051269,139.54708704145267,11542.3,Residential,land_use,6.3,80.0,14283.9
ghsl_5929_cell_04072,75,82,35.49153366051269,139.55842173560376,9880.6,Residential,land_use,15.7,58.0,13357.4
ghsl_5929_cell_04073,76,82,35.491533660512694,139.56975642975485,7425.4,Residential,land_use,18.3,51.2,12421.0
ghsl_5929_cell_04074,77,82,35.49153366051269,139.581091123906,4664.7,Green,land_use,46.3,56.3,11500.4
ghsl_5929_cell_04075,78,82,35.49153366051269,139.59242581805714,8829.4,Residential,land_use,15.3,45.0,10599.8
ghsl_5929_cell_04076,79,82,35.49153366051269,139.60376051220825,8361.4,Civic,land_use,12.2,50.3,9724.6
ghsl_5929_cell_04077,80,82,35.49153366051269,139.61509520635934,10698.9,Civic,land_use,24.0,34.2,8882.4
ghsl_5929_cell_04078,81,82,35.49153366051269,139.62642990051046,14426.3,Civic,land_use,3.8,23.9,8083.5
ghsl_5929_cell_04079,82,82,35.49153366051269,139.6377645946616,15219.9,Civic,land_use,2.0,25.4,7313.2
ghsl_5929_cell_04080,83,82,35.49153366051269,139.6490992888127,14720.0,Industrial,land_use,6.6,8.8,6543.0
ghsl_5929_cell_04081,84,82,35.49153366051269,139.66043398296378,12284.0,Civic,land_use,5.8,9.3,5772.8
ghsl_5929_cell_04082,85,82,35.49153366051269,139.67176867711495,6342.0,Industrial,land_use,1.6,7.8,5003.9
ghsl_5929_cell_04083,86,82,35.49153366051269,139.68310337126604,5204.0,Industrial,land_use,0.3,9.1,4305.2
ghsl_5929_cell_04084,87,82,35.49153366051269,139.69443806541713,5333.4,Industrial,land_use,0.3,4.8,3761.2
ghsl_5929_cell_04085,88,82,35.49153366051269,139.70577275956825,3715.4,Industrial,land_use,0.9,2.3,3446.1
ghsl_5929_cell_04086,89,82,35.49153366051269,139.71710745371936,722.3,Residential,heuristic,0.0,0.0,2729.4
ghsl_5929_cell_04087,90,82,35.49153366051269,139.72844214787054,584.0,Industrial,land_use,1.1,3.6,1923.6
ghsl_5929_cell_04088,91,82,35.49153366051269,139.7397768420216,3445.1,Industrial,land_use,0.0,16.5,1154.1
ghsl_5929_cell_04089,92,82,35.491533660512694,139.75111153617271,5685.5,Industrial,land_use,0.2,4.5,492.3
ghsl_5929_cell_04090,93,82,35.49153366051269,139.76244623032383,1824.0,Residential,heuristic,0.0,0.0,384.6
ghsl_5929_cell_04091,115,82,35.491533660512694,140.01180950164837,42.5,Residential,heuristic,0.0,0.0,384.3
ghsl_5929_cell_04092,116,82,35.49153366051269,140.0231441957995,3430.6,Residential,heuristic,0.0,5.5,1062.7
ghsl_5929_cell_04093,117,82,35.49153366051269,140.03447888995058,2266.7,Industrial,land_use,0.0,4.2,1921.4
ghsl_5929_cell_04094,118,82,35.49153366051269,140.0458135841017,2445.3,Industrial,land_use,4.1,2.3,2689.8
ghsl_5929_cell_04095,119,82,35.49153366051269,140.0571482782528,4108.6,Residential,heuristic,3.8,3.7,1936.4
ghsl_5929_cell_04096,120,82,35.49153366051269,140.06848297240396,771.5,Green,land_use,56.9,4.1,1476.3
ghsl_5929_cell_04097,121,82,35.49153366051269,140.07981766655504,686.3,Green,land_use,60.1,5.0,1152.8
ghsl_5929_cell_04098,122,82,35.49153366051269,140.09115236070616,408.1,Civic,land_use,20.5,5.0,492.1
ghsl_5929_cell_04099,123,82,35.49153366051269,140.10248705485725,687.9,Green,land_use,54.8,8.1,485.0
ghsl_5929_cell_04100,124,82,35.491533660512694,140.1138217490084,2441.6,Civic,land_use,9.7,32.3,485.0
ghsl_5929_cell_04101,125,82,35.49153366051269,140.1251564431595,1423.5,Residential,land_use,5.9,38.8,384.2
ghsl_5929_cell_04102,55,83,35.482789722219586,139.32227239175265,1581.7,Industrial,land_use,38.6,61.0,385.3
ghsl_5929_cell_04103,56,83,35.482789722219586,139.33360631669808,2462.6,Civic,land_use,39.6,59.2,1060.7
ghsl_5929_cell_04104,57,83,35.48278972221958,139.3449402416435,3526.1,Industrial,land_use,18.1,61.0,2030.6
ghsl_5929_cell_04105,58,83,35.482789722219586,139.35627416658895,2149.0,Industrial,land_use,34.7,38.2,3039.4
ghsl_5929_cell_04106,59,83,35.48278972221957,139.36760809153438,2704.5,Industrial,land_use,26.5,54.9,4058.1
ghsl_5929_cell_04107,60,83,35.482789722219586,139.37894201647984,894.6,Residential,heuristic,32.7,29.3,5080.7
ghsl_5929_cell_04108,61,83,35.48278972221957,139.39027594142522,6022.2,Civic,land_use,15.8,30.0,6073.1
ghsl_5929_cell_04109,62,83,35.482789722219586,139.40160986637073,7720.2,Civic,land_use,5.9,83.1,7027.9
ghsl_5929_cell_04110,63,83,35.482789722219586,139.41294379131614,8996.1,Civic,land_use,19.9,50.3,8001.0
ghsl_5929_cell_04111,64,83,35.48278972221957,139.42427771626154,8221.3,Civic,land_use,0.4,69.5,8986.4
ghsl_5929_cell_04112,65,83,35.48278972221957,139.43561164120698,10268.7,Industrial,land_use,2.2,73.5,9980.5
ghsl_5929_cell_04113,66,83,35.482789722219586,139.4469455661525,7535.2,Civic,land_use,1.5,63.3,10981.0
ghsl_5929_cell_04114,67,83,35.482789722219586,139.45827949109787,4947.8,Civic,land_use,6.8,72.9,11986.1
ghsl_5929_cell_04115,68,83,35.482789722219586,139.4696134160433,6109.6,Civic,land_use,12.2,54.3,12994.9
ghsl_5929_cell_04116,69,83,35.48278972221958,139.48094734098876,4273.7,Residential,land_use,12.6,68.6,14006.6
ghsl_5929_cell_04117,70,83,35.48278972221958,139.49228126593417,3065.2,Green,land_use,78.6,68.8,15020.5
ghsl_5929_cell_04118,71,83,35.482789722219586,139.5036151908796,636.0,Civic,land_use,14.6,80.0,16036.2
ghsl_5929_cell_04119,72,83,35.482789722219586,139.51494911582503,5359.3,Industrial,land_use,17.6,53.0,15798.0
ghsl_5929_cell_04120,73,83,35.48278972221957,139.52628304077047,7519.8,Residential,land_use,13.9,46.7,15022.5
ghsl_5929_cell_04121,74,83,35.48278972221958,139.53761696571587,9988.3,Civic,land_use,7.5,58.2,14251.2
ghsl_5929_cell_04122,75,83,35.48278972221957,139.54895089066133,11657.3,Civic,land_use,3.8,59.6,13485.5
ghsl_5929_cell_04123,76,83,35.482789722219586,139.56028481560676,9938.2,Civic,land_use,10.7,62.1,12753.5
ghsl_5929_cell_04124,77,83,35.482789722219586,139.5716187405522,10349.3,Residential,land_use,13.6,51.2,11879.4
ghsl_5929_cell_04125,78,83,35.48278972221958,139.58295266549763,6004.7,Industrial,land_use,16.7,50.5,10929.1
ghsl_5929_cell_04126,79,83,35.48278972221957,139.5942865904431,5716.3,Utility,land_use,16.0,41.2,9994.4
ghsl_5929_cell_04127,80,83,35.482789722219586,139.60562051538852,11951.4,Residential,land_use,11.1,40.3,9080.0
ghsl_5929_cell_04128,81,83,35.482789722219586,139.61695444033396,14061.6,Civic,land_use,5.6,37.4,8192.9
ghsl_5929_cell_04129,82,83,35.48278972221958,139.6282883652794,16847.1,Civic,land_use,3.5,8.1,7342.8
ghsl_5929_cell_04130,83,83,35.482789722219586,139.63962229022482,12258.7,Civic,land_use,2.7,9.0,6544.0
ghsl_5929_cell_04131,84,83,35.48278972221957,139.65095621517025,7647.6,Industrial,land_use,0.1,0.0,5773.8
ghsl_5929_cell_04132,85,83,35.482789722219586,139.6622901401157,4445.1,Industrial,land_use,0.0,7.8,5003.7
ghsl_5929_cell_04133,86,83,35.48278972221958,139.6736240650611,4407.8,Industrial,land_use,0.0,11.2,4233.6
ghsl_5929_cell_04134,87,83,35.48278972221957,139.68495799000652,2351.8,Industrial,land_use,0.8,5.0,3467.8
ghsl_5929_cell_04135,88,83,35.48278972221957,139.69629191495198,1124.1,Residential,heuristic,0.1,0.0,2825.7
ghsl_5929_cell_04136,89,83,35.482789722219586,139.70762583989742,1976.5,Industrial,land_use,0.0,2.2,2461.5
ghsl_5929_cell_04137,90,83,35.48278972221958,139.71895976484285,3697.2,Industrial,land_use,0.0,5.0,1938.7
ghsl_5929_cell_04138,91,83,35.482789722219586,139.7302936897883,9746.4,Residential,heuristic,0.0,18.6,1213.7
ghsl_5929_cell_04139,92,83,35.482789722219586,139.74162761473374,1407.8,Residential,heuristic,3.4,0.0,384.7
ghsl_5929_cell_04140,116,83,35.482789722219586,140.01364181342413,1270.6,Industrial,land_use,0.0,1.8,384.4
ghsl_5929_cell_04141,117,83,35.482789722219586,140.02497573836956,2311.1,Residential,heuristic,0.0,6.1,1212.9
ghsl_5929_cell_04142,118,83,35.48278972221958,140.03630966331502,3013.1,Industrial,land_use,0.0,5.0,2194.5
ghsl_5929_cell_04143,119,83,35.48278972221957,140.04764358826046,3936.0,Industrial,land_use,0.3,3.9,1921.9
ghsl_5929_cell_04144,120,83,35.482789722219586,140.05897751320592,1783.7,Civic,land_use,2.1,6.5,1153.1
ghsl_5929_cell_04145,121,83,35.48278972221958,140.0703114381513,806.7,Green,land_use,51.5,3.6,492.1
ghsl_5929_cell_04146,122,83,35.48278972221958,140.08164536309675,383.1,Green,land_use,76.2,10.9,384.3
ghsl_5929_cell_04147,56,84,35.47404614182549,139.3241542208263,612.8,Green,land_use,100.0,86.5,385.3
ghsl_5929_cell_04148,57,84,35.4740461418255,139.33548737690236,2006.3,Civic,land_use,10.5,65.5,1060.6
ghsl_5929_cell_04149,58,84,35.4740461418255,139.34682053297843,4169.7,Commercial,land_use,8.2,51.2,2030.6
ghsl_5929_cell_04150,59,84,35.4740461418255,139.35815368905446,2024.8,Industrial,land_use,34.0,30.8,3039.3
ghsl_5929_cell_04151,60,84,35.4740461418255,139.36948684513047,3027.6,Industrial,land_use,7.9,37.3,4058.1
ghsl_5929_cell_04152,61,84,35.47404614182549,139.38082000120653,2396.1,Residential,heuristic,28.6,26.6,5080.8
ghsl_5929_cell_04153,62,84,35.4740461418255,139.3921531572826,3775.0,Civic,land_use,39.7,28.3,6105.5
ghsl_5929_cell_04154,63,84,35.4740461418255,139.40348631335863,6636.6,Residential,land_use,10.1,87.1,7131.4
ghsl_5929_cell_04155,64,84,35.4740461418255,139.4148194694347,10504.3,Civic,land_use,2.1,58.2,8157.9
ghsl_5929_cell_04156,65,84,35.47404614182549,139.42615262551072,11300.8,Residential,land_use,1.6,66.8,9184.9
ghsl_5929_cell_04157,66,84,35.47404614182549,139.43748578158673,7995.8,Residential,land_use,4.2,67.8,10212.2
ghsl_5929_cell_04158,67,84,35.4740461418255,139.4488189376628,5090.6,Utility,land_use,10.2,59.7,11239.8
ghsl_5929_cell_04159,68,84,35.4740461418255,139.46015209373886,11076.7,Utility,land_use,4.4,69.4,12267.5
ghsl_5929_cell_04160,69,84,35.4740461418255,139.47148524981486,8678.7,Industrial,land_use,15.0,50.1,13295.4
ghsl_5929_cell_04161,70,84,35.47404614182549,139.4828184058909,11963.0,Civic,land_use,5.4,68.0,14323.3
ghsl_5929_cell_04162,71,84,35.47404614182549,139.49415156196696,7968.3,Civic,land_use,3.7,65.0,15351.4
ghsl_5929_cell_04163,72,84,35.4740461418255,139.50548471804302,9889.4,Residential,land_use,4.2,71.4,15883.1
ghsl_5929_cell_04164,73,84,35.4740461418255,139.51681787411906,11679.0,Civic,land_use,3.9,63.9,15056.7
ghsl_5929_cell_04165,74,84,35.4740461418255,139.52815103019506,7968.3,Civic,land_use,16.6,64.3,14256.7
ghsl_5929_cell_04166,75,84,35.47404614182549,139.53948418627115,9242.5,Commercial,land_use,7.6,65.5,13482.3
ghsl_5929_cell_04167,76,84,35.47404614182549,139.5508173423472,9268.1,Residential,land_use,7.1,51.6,12711.1
ghsl_5929_cell_04168,77,84,35.4740461418255,139.56215049842322,6720.1,Residential,land_use,9.8,47.7,11948.5
ghsl_5929_cell_04169,78,84,35.4740461418255,139.57348365449926,9287.0,Civic,land_use,8.8,19.5,11226.1
ghsl_5929_cell_04170,79,84,35.4740461418255,139.58481681057532,11188.9,Civic,land_use,4.9,57.2,10419.5
ghsl_5929_cell_04171,80,84,35.4740461418255,139.59614996665138,9884.4,Residential,land_use,5.6,40.4,9452.8
ghsl_5929_cell_04172,81,84,35.47404614182549,139.60748312272736,10222.8,Civic,land_use,27.5,41.5,8500.7
ghsl_5929_cell_04173,82,84,35.4740461418255,139.61881627880345,15766.8,Civic,land_use,4.0,37.3,7568.7
ghsl_5929_cell_04174,83,84,35.4740461418255,139.63014943487946,14279.8,Civic,land_use,7.0,6.1,6665.2
ghsl_5929_cell_04175,84,84,35.4740461418255,139.64148259095552,9175.6,Industrial,land_use,0.7,7.1,5803.6
ghsl_5929_cell_04176,85,84,35.4740461418255,139.65281574703155,3808.1,Industrial,land_use,0.3,0.0,5004.5
ghsl_5929_cell_04177,86,84,35.47404614182549,139.6641489031076,354.7,Residential,heuristic,0.0,0.0,4234.3
ghsl_5929_cell_04178,87,84,35.4740461418255,139.6754820591836,3053.7,Industrial,land_use,3.0,10.8,3464.2
ghsl_5929_cell_04179,88,84,35.4740461418255,139.68681521525966,130.7,Residential,heuristic,0.0,0.0,2694.2
ghsl_5929_cell_04180,89,84,35.47404614182549,139.69814837133572,1341.3,Industrial,land_use,0.3,0.0,1939.1
ghsl_5929_cell_04181,90,84,35.4740461418255,139.70948152741175,2973.6,Industrial,land_use,0.0,19.1,1476.9
ghsl_5929_cell_04182,91,84,35.47404614182549,139.7208146834878,11376.4,Industrial,land_use,0.0,10.5,1154.5
ghsl_5929_cell_04183,92,84,35.47404614182549,139.73214783956385,12673.5,Residential,heuristic,0.0,3.4,492.3
ghsl_5929_cell_04184,93,84,35.4740461418255,139.74348099563989,5.6,Residential,heuristic,0.0,0.0,384.8
ghsl_5929_cell_04185,113,84,35.4740461418255,139.97014411716074,22.9,Residential,heuristic,0.0,0.0,384.5
ghsl_5929_cell_04186,114,84,35.4740461418255,139.98147727323678,484.2,Industrial,land_use,0.0,8.8,485.2
ghsl_5929_cell_04187,115,84,35.4740461418255,139.9928104293128,322.8,Residential,heuristic,0.0,0.0,485.1
ghsl_5929_cell_04188,116,84,35.4740461418255,140.00414358538887,1243.6,Industrial,land_use,0.0,13.3,492.1
ghsl_5929_cell_04189,117,84,35.4740461418255,140.01547674146488,1346.8,Industrial,land_use,0.0,0.0,1153.4
ghsl_5929_cell_04190,118,84,35.4740461418255,140.02680989754097,2072.4,Industrial,land_use,2.5,3.8,1922.1
ghsl_5929_cell_04191,119,84,35.4740461418255,140.038143053617,3468.4,Civic,land_use,0.8,7.6,1476.4
ghsl_5929_cell_04192,120,84,35.4740461418255,140.04947620969304,2763.0,Civic,land_use,0.0,20.6,1153.3
ghsl_5929_cell_04193,121,84,35.47404614182549,140.06080936576905,2162.0,Residential,land_use,27.3,39.3,384.4
ghsl_5929_cell_04194,57,85,35.465302919188964,139.32603864465852,2653.7,Industrial,land_use,18.5,50.0,385.3
ghsl_5929_cell_04195,58,85,35.46530291918896,139.3373710322013,2966.5,Civic,land_use,32.1,37.1,1215.2
ghsl_5929_cell_04196,59,85,35.46530291918896,139.3487034197441,3442.0,Industrial,land_use,15.0,31.8,2197.0
ghsl_5929_cell_04197,60,85,35.465302919188964,139.36003580728686,4270.7,Commercial,land_use,6.3,27.9,3208.3
ghsl_5929_cell_04198,61,85,35.46530291918896,139.37136819482967,3043.2,Industrial,land_use,26.4,28.3,4227.9
ghsl_5929_cell_04199,62,85,35.465302919188964,139.38270058237242,3396.4,Industrial,land_use,3.6,26.2,5251.0
ghsl_5929_cell_04200,63,85,35.46530291918896,139.3940329699152,4604.3,Civic,land_use,23.2,22.7,6276.0
ghsl_5929_cell_04201,64,85,35.46530291918896,139.40536535745795,7374.9,Civic,land_use,10.9,63.7,7301.9
ghsl_5929_cell_04202,65,85,35.46530291918896,139.41669774500073,7440.9,Utility,land_use,2.9,68.8,8328.5
ghsl_5929_cell_04203,66,85,35.46530291918896,139.42803013254354,6682.4,Residential,land_use,5.8,62.5,9355.6
ghsl_5929_cell_04204,67,85,35.46530291918896,139.43936252008632,4214.2,Residential,land_use,29.1,62.2,10382.9
ghsl_5929_cell_04205,68,85,35.465302919188964,139.45069490762907,3606.3,Green,land_use,42.6,60.5,11410.5
ghsl_5929_cell_04206,69,85,35.46530291918896,139.46202729517182,9200.5,Civic,land_use,5.7,62.0,12438.2
ghsl_5929_cell_04207,70,85,35.46530291918896,139.47335968271466,11107.0,Civic,land_use,3.7,50.6,13466.1
ghsl_5929_cell_04208,71,85,35.46530291918896,139.48469207025738,12409.0,Commercial,land_use,1.5,68.0,14494.1
ghsl_5929_cell_04209,72,85,35.46530291918896,139.4960244578002,11640.5,Residential,land_use,4.7,66.4,15522.1
ghsl_5929_cell_04210,73,85,35.465302919188964,139.50735684534297,13242.7,Civic,land_use,3.8,75.3,15198.2
ghsl_5929_cell_04211,74,85,35.465302919188964,139.51868923288572,13016.2,Civic,land_use,3.4,82.5,14344.5
ghsl_5929_cell_04212,75,85,35.46530291918896,139.5300216204285,12273.7,Residential,land_use,2.7,59.0,13515.3
ghsl_5929_cell_04213,76,85,35.465302919188964,139.5413540079713,10482.7,Residential,land_use,7.0,62.9,12715.3
ghsl_5929_cell_04214,77,85,35.46530291918896,139.55268639551406,8244.7,Residential,land_use,16.7,65.4,11942.0
ghsl_5929_cell_04215,78,85,35.46530291918896,139.56401878305684,7314.7,Residential,land_use,8.7,58.0,11170.8
ghsl_5929_cell_04216,79,85,35.46530291918896,139.57535117059962,12993.0,Residential,land_use,7.0,47.7,10412.6
ghsl_5929_cell_04217,80,85,35.465302919188964,139.58668355814243,11838.9,Residential,land_use,14.5,12.8,9702.9
ghsl_5929_cell_04218,81,85,35.46530291918896,139.59801594568515,13848.5,Civic,land_use,2.9,52.3,8986.6
ghsl_5929_cell_04219,82,85,35.46530291918896,139.6093483332279,16692.6,Civic,land_use,3.4,21.8,8000.8
ghsl_5929_cell_04220,83,85,35.465302919188964,139.6206807207707,17453.6,Civic,land_use,4.6,9.1,7027.3
ghsl_5929_cell_04221,84,85,35.46530291918896,139.63201310831352,9415.6,Residential,land_use,7.7,3.6,6072.1
ghsl_5929_cell_04222,85,85,35.465302919188964,139.64334549585627,1964.2,Utility,land_use,0.3,0.0,5145.4
ghsl_5929_cell_04223,86,85,35.46530291918896,139.65467788339902,141.5,Residential,heuristic,0.0,0.0,4265.7
ghsl_5929_cell_04224,87,85,35.46530291918896,139.66601027094183,234.1,Residential,heuristic,0.0,0.0,3464.8
ghsl_5929_cell_04225,88,85,35.465302919188964,139.6773426584846,2387.0,Residential,heuristic,6.6,1.3,2694.7
ghsl_5929_cell_04226,89,85,35.46530291918896,139.68867504602736,7121.3,Residential,heuristic,0.0,31.4,1924.7
ghsl_5929_cell_04227,90,85,35.46530291918896,139.70000743357014,139.2,Residential,heuristic,0.0,0.0,1154.7
ghsl_5929_cell_04228,91,85,35.46530291918896,139.71133982111292,1298.1,Industrial,land_use,0.0,0.0,492.3
ghsl_5929_cell_04229,92,85,35.46530291918896,139.72267220865567,48.4,Residential,heuristic,0.0,0.0,384.8
ghsl_5929_cell_04230,113,85,35.46530291918896,139.96065234705398,71.8,Residential,heuristic,0.0,0.0,384.5
ghsl_5929_cell_04231,114,85,35.46530291918896,139.9719847345968,2162.7,Residential,heuristic,0.4,11.1,1153.6
ghsl_5929_cell_04232,115,85,35.46530291918896,139.98331712213954,1690.2,Industrial,land_use,0.9,9.1,1455.2
ghsl_5929_cell_04233,116,85,35.46530291918896,139.99464950968232,2127.6,Utility,land_use,0.0,5.6,1455.2
ghsl_5929_cell_04234,117,85,35.465302919188964,140.00598189722507,3398.1,Residential,heuristic,0.0,4.2,1476.4
ghsl_5929_cell_04235,118,85,35.46530291918896,140.01731428476785,693.4,Industrial,land_use,0.0,4.4,1476.4
ghsl_5929_cell_04236,119,85,35.46530291918896,140.02864667231063,1380.3,Residential,heuristic,0.1,39.0,1153.5
ghsl_5929_cell_04237,120,85,35.46530291918896,140.0399790598534,1591.3,Residential,land_use,0.3,37.6,492.1
ghsl_5929_cell_04238,121,85,35.465302919188964,140.05131144739616,3141.1,Residential,land_use,3.9,31.9,384.5
ghsl_5929_cell_04239,57,86,35.45656005416855,139.31659404291187,1339.3,Industrial,land_use,3.7,68.2,385.3
ghsl_5929_cell_04240,58,86,35.45656005416855,139.32792566225734,2650.5,Industrial,land_use,15.3,72.7,1156.1
ghsl_5929_cell_04241,59,86,35.45656005416855,139.3392572816028,3540.5,Industrial,land_use,63.1,60.6,1926.8
ghsl_5929_cell_04242,60,86,35.45656005416854,139.35058890094828,6687.6,Civic,land_use,3.7,29.7,2733.5
ghsl_5929_cell_04243,61,86,35.45656005416855,139.36192052029372,5467.2,Civic,land_use,2.9,24.5,3645.6
ghsl_5929_cell_04244,62,86,35.45656005416855,139.37325213963922,1902.7,Industrial,land_use,17.4,26.9,4607.0
ghsl_5929_cell_04245,63,86,35.45656005416855,139.3845837589847,3806.3,Industrial,land_use,23.2,22.2,5592.4
ghsl_5929_cell_04246,64,86,35.45656005416855,139.3959153783302,6212.5,Commercial,land_use,10.9,32.7,6591.0
ghsl_5929_cell_04247,65,86,35.45656005416855,139.40724699767566,5553.5,Industrial,land_use,8.7,53.1,7597.6
ghsl_5929_cell_04248,66,86,35.45656005416855,139.41857861702113,6018.0,Industrial,land_use,4.4,68.5,8609.4
ghsl_5929_cell_04249,67,86,35.45656005416855,139.4299102363666,5207.5,Residential,land_use,7.6,58.9,9624.8
ghsl_5929_cell_04250,68,86,35.45656005416854,139.44124185571204,2134.7,Green,land_use,100.0,58.9,10642.7
ghsl_5929_cell_04251,69,86,35.45656005416855,139.45257347505753,2828.7,Civic,land_use,32.5,56.8,11662.4
ghsl_5929_cell_04252,70,86,35.45656005416855,139.463905094403,8348.5,Civic,land_use,18.8,60.4,12683.6
ghsl_5929_cell_04253,71,86,35.45656005416855,139.4752367137485,7776.4,Civic,land_use,14.2,48.3,13705.9
ghsl_5929_cell_04254,72,86,35.45656005416855,139.48656833309394,9699.0,Civic,land_use,5.0,62.2,14729.1
ghsl_5929_cell_04255,73,86,35.45656005416855,139.49789995243944,8704.5,Civic,land_use,14.4,65.2,15447.4
ghsl_5929_cell_04256,74,86,35.45656005416855,139.5092315717849,12493.2,Civic,land_use,7.2,79.6,14547.6
ghsl_5929_cell_04257,75,86,35.45656005416855,139.52056319113038,13677.2,Civic,land_use,2.7,59.6,13666.1
ghsl_5929_cell_04258,76,86,35.45656005416855,139.53189481047582,11053.9,Residential,land_use,8.4,83.4,12806.6
ghsl_5929_cell_04259,77,86,35.45656005416855,139.54322642982132,6296.0,Civic,land_use,10.8,71.6,11973.9
ghsl_5929_cell_04260,78,86,35.45656005416855,139.5545580491668,7789.4,Industrial,land_use,13.5,80.9,11173.9
ghsl_5929_cell_04261,79,86,35.45656005416855,139.56588966851228,5361.5,Residential,land_use,12.9,71.5,10401.5
ghsl_5929_cell_04262,80,86,35.45656005416854,139.57722128785772,7814.6,Residential,land_use,14.4,75.3,9630.4
ghsl_5929_cell_04263,81,86,35.45656005416855,139.5885529072032,9888.4,Green,land_use,43.6,54.5,8878.6
ghsl_5929_cell_04264,82,86,35.45656005416855,139.5998845265487,14875.7,Commercial,land_use,4.7,8.8,8186.6
ghsl_5929_cell_04265,83,86,35.45656005416855,139.61121614589416,12710.2,Commercial,land_use,4.6,2.5,7570.8
ghsl_5929_cell_04266,84,86,35.45656005416855,139.6225477652396,16782.5,Residential,land_use,2.4,5.4,6589.2
ghsl_5929_cell_04267,85,86,35.45656005416855,139.63387938458507,12098.7,Commercial,land_use,19.3,27.0,5590.4
ghsl_5929_cell_04268,86,86,35.45656005416855,139.64521100393057,1326.6,Commercial,land_use,14.8,0.0,4604.9
ghsl_5929_cell_04269,87,86,35.45656005416855,139.65654262327607,33.3,Residential,heuristic,0.3,0.0,3643.4
ghsl_5929_cell_04270,88,86,35.45656005416855,139.66787424262154,82.3,Residential,heuristic,1.0,0.0,2731.3
ghsl_5929_cell_04271,89,86,35.45656005416855,139.67920586196698,3495.5,Industrial,land_use,1.3,0.0,1925.0
ghsl_5929_cell_04272,90,86,35.45656005416855,139.69053748131248,3865.9,Residential,heuristic,0.0,1.6,1154.9
ghsl_5929_cell_04273,91,86,35.45656005416855,139.70186910065792,1782.1,Residential,heuristic,0.0,0.0,384.9
ghsl_5929_cell_04274,113,86,35.45656005416855,139.95116472625833,63.8,Industrial,land_use,8.2,0.0,384.6
ghsl_5929_cell_04275,114,86,35.45656005416855,139.96249634560382,548.6,Residential,heuristic,0.0,5.3,1062.1
ghsl_5929_cell_04276,115,86,35.45656005416855,139.97382796494927,796.5,Residential,heuristic,1.0,11.4,1922.9
ghsl_5929_cell_04277,116,86,35.45656005416855,139.98515958429473,853.5,Industrial,land_use,0.6,6.3,2425.2
ghsl_5929_cell_04278,117,86,35.45656005416854,139.99649120364023,1613.7,Industrial,land_use,0.0,0.0,1923.0
ghsl_5929_cell_04279,118,86,35.45656005416855,140.00782282298567,1127.1,Residential,heuristic,4.3,6.0,1153.7
ghsl_5929_cell_04280,119,86,35.45656005416855,140.01915444233117,1688.7,Residential,heuristic,1.8,31.3,492.1
ghsl_5929_cell_04281,120,86,35.45656005416855,140.0304860616766,213.8,Residential,land_use,15.3,46.3,384.5
ghsl_5929_cell_04282,57,87,35.44781754662288,139.30715356966374,3265.0,Civic,land_use,34.2,94.4,385.4
ghsl_5929_cell_04283,58,87,35.44781754662288,139.31848442114773,600.8,Industrial,land_use,15.0,129.6,1156.3
ghsl_5929_cell_04284,59,87,35.44781754662287,139.32981527263166,3963.6,Industrial,land_use,10.1,35.5,1927.0
ghsl_5929_cell_04285,60,87,35.44781754662288,139.34114612411565,4977.1,Industrial,land_use,9.1,61.1,2697.8
ghsl_5929_cell_04286,61,87,35.44781754662287,139.35247697559964,6458.0,Industrial,land_use,3.8,26.2,3468.4
ghsl_5929_cell_04287,62,87,35.447817546622886,139.36380782708363,6094.2,Civic,land_use,10.0,22.9,4269.7
ghsl_5929_cell_04288,63,87,35.44781754662288,139.3751386785676,5974.8,Civic,land_use,1.4,23.5,5149.5
ghsl_5929_cell_04289,64,87,35.44781754662288,139.38646953005153,5707.1,Residential,land_use,23.3,18.6,6076.2
ghsl_5929_cell_04290,65,87,35.44781754662288,139.39780038153552,7036.3,Residential,land_use,15.6,33.0,7031.3
ghsl_5929_cell_04291,66,87,35.44781754662287,139.40913123301948,5178.6,Residential,land_use,7.6,34.3,8004.6
ghsl_5929_cell_04292,67,87,35.44781754662287,139.42046208450344,4736.2,Industrial,land_use,1.8,65.1,8990.2
ghsl_5929_cell_04293,68,87,35.44781754662288,139.4317929359874,4291.3,Civic,land_use,19.0,56.8,9984.5
ghsl_5929_cell_04294,69,87,35.44781754662287,139.44312378747136,2007.5,Green,land_use,65.2,48.4,10985.1
ghsl_5929_cell_04295,70,87,35.44781754662288,139.45445463895535,3623.7,Industrial,land_use,36.3,56.1,11990.5
ghsl_5929_cell_04296,71,87,35.44781754662287,139.46578549043932,8268.9,Residential,land_use,5.9,57.4,12999.5
ghsl_5929_cell_04297,72,87,35.44781754662288,139.4771163419233,5722.1,Industrial,land_use,17.3,49.0,14011.3
ghsl_5929_cell_04298,73,87,35.44781754662288,139.48844719340727,4956.6,Civic,land_use,31.5,58.0,15025.4
ghsl_5929_cell_04299,74,87,35.44781754662287,139.49977804489123,10271.2,Civic,land_use,9.2,61.8,14861.1
ghsl_5929_cell_04300,75,87,35.44781754662288,139.51110889637516,7864.1,Civic,land_use,4.3,71.7,13936.0
ghsl_5929_cell_04301,76,87,35.44781754662287,139.52243974785915,5800.9,Commercial,land_use,2.1,79.0,13026.5
ghsl_5929_cell_04302,77,87,35.44781754662288,139.53377059934317,579.7,Green,land_use,64.3,84.9,12136.2
ghsl_5929_cell_04303,78,87,35.44781754662288,139.5451014508271,1498.6,Civic,land_use,24.5,80.4,11269.5
ghsl_5929_cell_04304,79,87,35.44781754662288,139.5564323023111,4539.3,Green,land_use,100.0,69.3,10432.4
ghsl_5929_cell_04305,80,87,35.44781754662288,139.56776315379503,9465.1,Residential,land_use,12.9,65.4,9632.5
ghsl_5929_cell_04306,81,87,35.44781754662288,139.57909400527902,12578.4,Civic,land_use,3.8,21.9,8860.9
ghsl_5929_cell_04307,82,87,35.44781754662288,139.590424856763,16020.1,Civic,land_use,1.4,42.5,8089.9
ghsl_5929_cell_04308,83,87,35.44781754662288,139.60175570824697,15631.8,Civic,land_use,1.4,19.5,7347.7
ghsl_5929_cell_04309,84,87,35.447817546622865,139.6130865597309,14905.1,Civic,land_use,18.8,28.8,6681.9
ghsl_5929_cell_04310,85,87,35.44781754662288,139.62441741121492,14826.2,Civic,land_use,9.9,41.7,6073.8
ghsl_5929_cell_04311,86,87,35.44781754662287,139.63574826269885,16824.4,Commercial,land_use,2.0,12.7,5146.9
ghsl_5929_cell_04312,87,87,35.44781754662288,139.64707911418282,10023.7,Residential,heuristic,23.1,2.7,4227.6
ghsl_5929_cell_04313,88,87,35.44781754662288,139.6584099656668,2289.5,Industrial,land_use,0.8,6.1,3207.8
ghsl_5929_cell_04314,89,87,35.44781754662288,139.66974081715077,1275.1,Industrial,land_use,0.0,5.2,2196.4
ghsl_5929_cell_04315,90,87,35.44781754662288,139.68107166863473,209.3,Residential,heuristic,0.0,0.0,1214.5
ghsl_5929_cell_04316,91,87,35.44781754662287,139.69240252011872,47.9,Residential,heuristic,3.3,0.0,385.0
ghsl_5929_cell_04317,114,87,35.44781754662288,139.95301210425,783.5,Residential,heuristic,0.0,6.6,384.7
ghsl_5929_cell_04318,115,87,35.44781754662287,139.96434295573397,499.9,Industrial,land_use,0.0,0.0,1062.0
ghsl_5929_cell_04319,116,87,35.44781754662287,139.97567380721793,1294.5,Industrial,land_use,0.0,5.4,1938.1
ghsl_5929_cell_04320,117,87,35.44781754662288,139.98700465870192,2007.9,Residential,land_use,2.4,4.1,1476.5
ghsl_5929_cell_04321,118,87,35.44781754662288,139.9983355101859,3340.1,Civic,land_use,0.6,19.3,1153.9
ghsl_5929_cell_04322,119,87,35.44781754662288,140.00966636166984,2244.0,Residential,heuristic,2.2,18.4,384.6
ghsl_5929_cell_04323,57,88,35.439075396410665,139.29771722291707,1905.9,Green,land_use,43.5,85.7,385.5
ghsl_5929_cell_04324,58,88,35.439075396410665,139.3090473068752,2126.9,Civic,land_use,19.1,70.7,1060.2
ghsl_5929_cell_04325,59,88,35.43907539641066,139.32037739083327,2303.5,Industrial,land_use,11.4,87.2,1927.3
ghsl_5929_cell_04326,60,88,35.439075396410665,139.33170747479141,6932.6,Civic,land_use,15.9,57.1,2698.2
ghsl_5929_cell_04327,61,88,35.439075396410665,139.34303755874953,4778.9,Civic,land_use,29.1,29.5,3468.9
ghsl_5929_cell_04328,62,88,35.439075396410665,139.35436764270762,7175.0,Commercial,land_use,3.9,21.2,4239.5
ghsl_5929_cell_04329,63,88,35.439075396410665,139.3656977266657,9367.6,Commercial,land_use,2.9,24.7,5010.1
ghsl_5929_cell_04330,64,88,35.439075396410665,139.37702781062382,5633.7,Residential,land_use,5.5,24.0,5809.6
ghsl_5929_cell_04331,65,88,35.439075396410665,139.38835789458193,3274.1,Civic,land_use,36.6,18.3,6671.4
ghsl_5929_cell_04332,66,88,35.43907539641066,139.39968797854004,4876.8,Residential,land_use,21.0,52.5,7575.0
ghsl_5929_cell_04333,67,88,35.439075396410665,139.41101806249813,4163.1,Residential,land_use,10.5,33.9,8506.9
ghsl_5929_cell_04334,68,88,35.439075396410665,139.42234814645624,4604.2,Residential,land_use,33.7,48.0,9458.9
ghsl_5929_cell_04335,69,88,35.43907539641066,139.43367823041433,4939.4,Residential,land_use,2.4,54.8,10425.5
ghsl_5929_cell_04336,70,88,35.439075396410665,139.44500831437244,2722.5,Green,land_use,46.7,35.1,11402.9
ghsl_5929_cell_04337,71,88,35.439075396410665,139.45633839833056,7828.0,Green,land_use,41.2,49.7,12388.6
ghsl_5929_cell_04338,72,88,35.43907539641066,139.46766848228864,7710.7,Civic,land_use,11.0,56.3,13380.8
ghsl_5929_cell_04339,73,88,35.439075396410665,139.4789985662468,6413.1,Residential,land_use,21.1,47.4,14071.3
ghsl_5929_cell_04340,74,88,35.439075396410665,139.49032865020487,4145.0,Civic,land_use,36.7,45.8,14151.1
ghsl_5929_cell_04341,75,88,35.439075396410665,139.50165873416296,5534.5,Civic,land_use,7.4,66.3,14304.8
ghsl_5929_cell_04342,76,88,35.43907539641066,139.51298881812104,6824.0,Residential,heuristic,4.0,47.5,13368.8
ghsl_5929_cell_04343,77,88,35.439075396410665,139.5243189020792,8924.3,Residential,land_use,3.6,46.2,12432.0
ghsl_5929_cell_04344,78,88,35.439075396410665,139.53564898603727,1848.1,Green,land_use,100.0,60.0,11510.9
ghsl_5929_cell_04345,79,88,35.43907539641066,139.54697906999542,2240.4,Residential,land_use,17.9,76.0,10609.8
ghsl_5929_cell_04346,80,88,35.439075396410665,139.5583091539535,4280.5,Industrial,land_use,13.6,91.9,9734.0
ghsl_5929_cell_04347,81,88,35.439075396410665,139.5696392379116,11434.1,Civic,land_use,6.9,72.0,8891.0
ghsl_5929_cell_04348,82,88,35.43907539641066,139.5809693218697,8467.5,Residential,land_use,20.4,62.8,8091.3
ghsl_5929_cell_04349,83,88,35.439075396410665,139.59229940582784,14462.3,Civic,land_use,2.5,17.9,7320.2
ghsl_5929_cell_04350,84,88,35.43907539641066,139.6036294897859,12903.5,Civic,land_use,15.0,52.0,6549.3
ghsl_5929_cell_04351,85,88,35.439075396410665,139.61495957374404,14718.4,Civic,land_use,3.4,12.4,5822.6
ghsl_5929_cell_04352,86,88,35.439075396410665,139.62628965770213,21006.7,Civic,land_use,5.1,3.9,5199.0
ghsl_5929_cell_04353,87,88,35.439075396410665,139.63761974166025,18480.2,Commercial,land_use,2.0,10.6,4606.0
ghsl_5929_cell_04354,88,88,35.439075396410665,139.64894982561833,14098.7,Civic,land_use,17.0,36.0,3644.4
ghsl_5929_cell_04355,89,88,35.439075396410665,139.66027990957645,10314.0,Civic,land_use,2.3,12.1,2732.1
ghsl_5929_cell_04356,90,88,35.439075396410665,139.67160999353453,8779.1,Civic,land_use,0.0,3.9,1925.5
ghsl_5929_cell_04357,91,88,35.43907539641066,139.68294007749265,6805.5,Residential,heuristic,0.0,0.0,1061.1
ghsl_5929_cell_04358,92,88,35.439075396410665,139.69427016145076,950.0,Residential,heuristic,5.7,0.0,385.1
ghsl_5929_cell_04359,115,88,35.439075396410665,139.95486209248713,909.1,Residential,land_use,10.4,2.5,384.8
ghsl_5929_cell_04360,116,88,35.439075396410665,139.96619217644525,1314.6,Civic,land_use,8.9,4.4,1062.0
ghsl_5929_cell_04361,117,88,35.439075396410665,139.97752226040336,1352.8,Residential,heuristic,0.8,35.4,1154.2
ghsl_5929_cell_04362,118,88,35.439075396410665,139.98885234436148,2228.4,Commercial,land_use,0.8,31.0,492.2
ghsl_5929_cell_04363,119,88,35.439075396410665,140.0001824283196,2773.6,Civic,land_use,4.2,34.4,384.7
ghsl_5929_cell_04364,58,89,35.430333603390636,139.29961431744405,740.8,Civic,land_use,19.6,79.2,385.6
ghsl_5929_cell_04365,59,89,35.430333603390636,139.31094363421178,1163.7,Industrial,land_use,4.9,65.7,1060.1
ghsl_5929_cell_04366,60,89,35.430333603390636,139.32227295097948,1381.5,Industrial,land_use,27.8,58.6,2030.2
ghsl_5929_cell_04367,61,89,35.43033360339063,139.3336022677472,2781.6,Industrial,land_use,35.9,27.3,3039.2
ghsl_5929_cell_04368,62,89,35.43033360339064,139.34493158451494,4020.4,Civic,land_use,19.2,32.3,4058.2
ghsl_5929_cell_04369,63,89,35.43033360339064,139.35626090128264,7489.3,Civic,land_use,5.6,28.6,5010.9
ghsl_5929_cell_04370,64,89,35.430333603390636,139.36759021805034,4005.2,Industrial,land_use,6.9,20.5,5781.5
ghsl_5929_cell_04371,65,89,35.43033360339063,139.37891953481804,2484.7,Civic,land_use,25.2,18.5,6552.0
ghsl_5929_cell_04372,66,89,35.430333603390636,139.39024885158577,4820.1,Industrial,land_use,26.6,18.3,7351.1
ghsl_5929_cell_04373,67,89,35.43033360339063,139.4015781683535,5048.4,Residential,land_use,16.7,45.3,8201.5
ghsl_5929_cell_04374,68,89,35.43033360339064,139.4129074851212,3901.5,Residential,land_use,33.3,43.4,9088.8
ghsl_5929_cell_04375,69,89,35.43033360339064,139.42423680188892,1605.2,Green,land_use,75.8,43.3,10003.2
ghsl_5929_cell_04376,70,89,35.43033360339063,139.43556611865662,3611.2,Residential,land_use,10.9,36.8,10937.8
ghsl_5929_cell_04377,71,89,35.43033360339063,139.44689543542435,1693.2,Green,land_use,100.0,55.9,11888.0
ghsl_5929_cell_04378,72,89,35.430333603390636,139.45822475219208,6988.6,Civic,land_use,14.6,34.1,12850.3
ghsl_5929_cell_04379,73,89,35.430333603390636,139.4695540689598,7149.4,Residential,land_use,9.4,42.1,13089.4
ghsl_5929_cell_04380,74,89,35.430333603390636,139.4808833857275,6790.1,Civic,land_use,23.3,46.6,13111.0
ghsl_5929_cell_04381,75,89,35.430333603390636,139.4922127024952,7397.2,Residential,land_use,15.6,44.6,13210.0
ghsl_5929_cell_04382,76,89,35.430333603390636,139.50354201926294,6415.5,Residential,land_use,13.1,71.8,13387.6
ghsl_5929_cell_04383,77,89,35.43033360339063,139.51487133603064,8879.0,Residential,land_use,7.0,32.2,12852.0
ghsl_5929_cell_04384,78,89,35.43033360339064,139.5262006527984,7375.2,Civic,land_use,4.7,34.2,11889.2
ghsl_5929_cell_04385,79,89,35.43033360339064,139.5375299695661,5803.4,Residential,land_use,7.0,22.3,10938.5
ghsl_5929_cell_04386,80,89,35.43033360339063,139.5488592863338,10479.2,Residential,land_use,6.4,53.3,10003.3
ghsl_5929_cell_04387,81,89,35.430333603390636,139.5601886031015,15101.5,Residential,land_use,5.1,41.7,9088.5
ghsl_5929_cell_04388,82,89,35.430333603390636,139.57151791986925,11919.8,Residential,land_use,7.9,56.5,8200.7
ghsl_5929_cell_04389,83,89,35.430333603390636,139.58284723663695,12391.4,Civic,land_use,3.7,61.7,7349.9
ghsl_5929_cell_04390,84,89,35.430333603390636,139.59417655340465,13847.9,Civic,land_use,2.7,15.9,6550.3
ghsl_5929_cell_04391,85,89,35.43033360339064,139.60550587017238,14095.1,Civic,land_use,4.3,5.5,5779.4
ghsl_5929_cell_04392,86,89,35.430333603390636,139.6168351869401,14987.1,Civic,land_use,3.3,7.9,5009.5
ghsl_5929_cell_04393,87,89,35.43033360339063,139.62816450370778,14743.0,Civic,land_use,3.3,23.8,4309.5
ghsl_5929_cell_04394,88,89,35.430333603390636,139.6394938204755,15242.3,Residential,land_use,9.2,38.3,3763.8
ghsl_5929_cell_04395,89,89,35.430333603390636,139.65082313724324,15441.6,Residential,land_use,0.4,12.2,3208.3
ghsl_5929_cell_04396,90,89,35.43033360339063,139.66215245401096,13915.8,Commercial,land_use,2.5,13.4,2196.8
ghsl_5929_cell_04397,91,89,35.43033360339064,139.67348177077866,9291.1,Industrial,land_use,1.5,1.8,1214.8
ghsl_5929_cell_04398,92,89,35.43033360339064,139.6848110875464,5830.4,Residential,heuristic,0.2,4.4,385.1
ghsl_5929_cell_04399,116,89,35.43033360339063,139.95671468997153,2024.4,Commercial,land_use,3.1,4.6,384.8
ghsl_5929_cell_04400,117,89,35.43033360339064,139.96804400673926,2314.5,Civic,land_use,2.3,31.2,492.2
ghsl_5929_cell_04401,118,89,35.43033360339063,139.979373323507,234.2,Residential,heuristic,0.5,22.3,384.7
ghsl_5929_cell_04402,59,90,35.42159216742159,139.30151400077276,1275.1,Civic,land_use,22.3,54.4,385.6
ghsl_5929_cell_04403,60,90,35.4215921674216,139.31284255068545,854.7,Industrial,land_use,4.8,51.5,1216.0
ghsl_5929_cell_04404,61,90,35.42159216742159,139.32417110059808,1967.6,Civic,land_use,6.4,42.1,2198.1
ghsl_5929_cell_04405,62,90,35.4215921674216,139.3354996505107,4732.5,Residential,land_use,10.2,31.0,3209.6
ghsl_5929_cell_04406,63,90,35.4215921674216,139.34682820042332,5001.8,Industrial,land_use,13.2,29.3,4229.5
ghsl_5929_cell_04407,64,90,35.4215921674216,139.35815675033598,2518.3,Industrial,land_use,10.8,19.4,5252.8
ghsl_5929_cell_04408,65,90,35.4215921674216,139.36948530024864,2124.4,Industrial,land_use,5.6,12.0,6277.9
ghsl_5929_cell_04409,66,90,35.4215921674216,139.38081385016125,4088.0,Civic,land_use,18.6,17.2,7304.1
ghsl_5929_cell_04410,67,90,35.4215921674216,139.3921424000739,3672.6,Residential,land_use,28.8,16.2,8094.0
ghsl_5929_cell_04411,68,90,35.42159216742159,139.4034709499865,4276.9,Residential,land_use,13.8,30.9,8893.4
ghsl_5929_cell_04412,69,90,35.4215921674216,139.41479949989917,2300.5,Industrial,land_use,25.3,15.9,9735.9
ghsl_5929_cell_04413,70,90,35.4215921674216,139.4261280498118,3059.4,Industrial,land_use,7.6,42.6,10611.3
ghsl_5929_cell_04414,71,90,35.4215921674216,139.43745659972444,2585.6,Residential,land_use,28.6,30.2,11512.0
ghsl_5929_cell_04415,72,90,35.4215921674216,139.4487851496371,4438.4,Residential,land_use,9.3,44.7,12118.8
ghsl_5929_cell_04416,73,90,35.4215921674216,139.46011369954974,7146.9,Civic,land_use,7.8,30.4,12119.2
ghsl_5929_cell_04417,74,90,35.42159216742159,139.47144224946237,6064.9,Utility,land_use,19.5,43.8,12119.6
ghsl_5929_cell_04418,75,90,35.4215921674216,139.482770799375,8053.3,Commercial,land_use,13.2,40.7,12154.7
ghsl_5929_cell_04419,76,90,35.4215921674216,139.49409934928767,8612.6,Civic,land_use,16.3,42.9,12275.8
ghsl_5929_cell_04420,77,90,35.4215921674216,139.50542789920033,5966.2,Civic,land_use,26.8,55.4,12480.9
ghsl_5929_cell_04421,78,90,35.4215921674216,139.51675644911293,10901.5,Civic,land_use,4.8,44.6,12391.7
ghsl_5929_cell_04422,79,90,35.42159216742159,139.52808499902557,9826.9,Industrial,land_use,4.9,49.3,11405.5
ghsl_5929_cell_04423,80,90,35.4215921674216,139.53941354893823,12796.8,Residential,land_use,3.4,29.0,10427.6
ghsl_5929_cell_04424,81,90,35.4215921674216,139.55074209885086,10147.2,Residential,land_use,1.7,20.7,9460.5
ghsl_5929_cell_04425,82,90,35.42159216742159,139.5620706487635,10782.1,Industrial,land_use,6.8,53.3,8508.0
ghsl_5929_cell_04426,83,90,35.4215921674216,139.57339919867613,12286.3,Civic,land_use,0.9,74.0,7575.5
ghsl_5929_cell_04427,84,90,35.4215921674216,139.5847277485888,12614.1,Civic,land_use,4.8,47.2,6671.5
ghsl_5929_cell_04428,85,90,35.4215921674216,139.5960562985014,12597.2,Residential,land_use,6.3,22.4,5809.3
ghsl_5929_cell_04429,86,90,35.4215921674216,139.60738484841406,15121.9,Civic,land_use,5.3,45.0,5009.3
ghsl_5929_cell_04430,87,90,35.42159216742159,139.61871339832666,15408.4,Residential,land_use,1.5,9.6,4238.4
ghsl_5929_cell_04431,88,90,35.42159216742159,139.63004194823932,10715.4,Utility,land_use,5.7,42.3,3471.7
ghsl_5929_cell_04432,89,90,35.4215921674216,139.64137049815199,12698.1,Civic,land_use,23.5,51.5,2828.0
ghsl_5929_cell_04433,90,90,35.4215921674216,139.65269904806462,10051.4,Civic,land_use,6.8,22.8,2461.8
ghsl_5929_cell_04434,91,90,35.4215921674216,139.66402759797725,9275.4,Civic,land_use,26.4,8.3,2031.2
ghsl_5929_cell_04435,92,90,35.4215921674216,139.6753561478899,7472.8,Industrial,land_use,0.1,4.2,1060.9
ghsl_5929_cell_04436,93,90,35.42159216742159,139.68668469780252,267.7,Residential,heuristic,0.0,0.0,385.1
ghsl_5929_cell_04437,117,90,35.4215921674216,139.9585698957059,2018.7,Residential,land_use,4.5,7.2,384.8
ghsl_5929_cell_04438,59,91,35.41285108836244,139.29208848852352,2382.1,Civic,land_use,2.7,65.1,385.7
ghsl_5929_cell_04439,60,91,35.41285108836243,139.30341627191626,2063.7,Green,land_use,53.1,42.5,1157.0
ghsl_5929_cell_04440,61,91,35.41285108836243,139.31474405530895,1416.9,Civic,land_use,18.0,32.4,1928.3
ghsl_5929_cell_04441,62,91,35.41285108836244,139.32607183870164,6207.8,Residential,land_use,3.2,38.2,2735.6
ghsl_5929_cell_04442,63,91,35.41285108836243,139.33739962209435,6868.3,Civic,land_use,2.5,16.4,3648.1
ghsl_5929_cell_04443,64,91,35.41285108836243,139.34872740548707,4703.0,Industrial,land_use,15.7,19.0,4609.8
ghsl_5929_cell_04444,65,91,35.41285108836242,139.36005518887978,2646.9,Industrial,land_use,20.7,13.7,5595.5
ghsl_5929_cell_04445,66,91,35.41285108836243,139.3713829722725,2603.1,Industrial,land_use,22.7,12.7,6594.3
ghsl_5929_cell_04446,67,91,35.41285108836243,139.38271075566524,2037.7,Industrial,land_use,36.2,14.6,7601.2
ghsl_5929_cell_04447,68,91,35.41285108836244,139.39403853905793,3107.7,Civic,land_use,23.4,26.2,8613.2
ghsl_5929_cell_04448,69,91,35.41285108836242,139.40536632245067,2663.9,Green,land_use,51.7,24.4,9628.8
ghsl_5929_cell_04449,70,91,35.41285108836243,139.41669410584336,2055.9,Residential,heuristic,24.8,33.5,10436.3
ghsl_5929_cell_04450,71,91,35.41285108836243,139.42802188923608,1378.1,Residential,heuristic,10.3,39.1,11148.7
ghsl_5929_cell_04451,72,91,35.41285108836243,139.4393496726288,3610.8,Green,land_use,62.9,45.3,11148.8
ghsl_5929_cell_04452,73,91,35.41285108836242,139.45067745602154,5613.8,Civic,land_use,11.5,26.9,11149.1
ghsl_5929_cell_04453,74,91,35.41285108836243,139.46200523941422,5927.3,Civic,land_use,12.1,40.9,11149.4
ghsl_5929_cell_04454,75,91,35.41285108836244,139.47333302280694,6814.7,Residential,heuristic,15.5,30.0,11150.0
ghsl_5929_cell_04455,76,91,35.41285108836243,139.48466080619966,7634.5,Civic,land_use,14.5,40.9,11203.4
ghsl_5929_cell_04456,77,91,35.41285108836242,139.49598858959237,9072.2,Civic,land_use,7.7,37.4,11350.3
ghsl_5929_cell_04457,78,91,35.41285108836243,139.50731637298512,9401.4,Civic,land_use,9.2,48.2,11587.1
ghsl_5929_cell_04458,79,91,35.41285108836244,139.51864415637783,10227.3,Industrial,land_use,7.0,59.2,11908.5
ghsl_5929_cell_04459,80,91,35.41285108836242,139.52997193977052,11256.7,Residential,land_use,5.7,32.1,10988.7
ghsl_5929_cell_04460,81,91,35.41285108836243,139.54129972316326,9827.0,Industrial,land_use,1.9,17.2,9987.6
ghsl_5929_cell_04461,82,91,35.41285108836243,139.55262750655595,9987.3,Civic,land_use,10.1,43.2,8992.8
ghsl_5929_cell_04462,83,91,35.41285108836244,139.56395528994872,12949.7,Civic,land_use,1.4,54.2,8006.7
ghsl_5929_cell_04463,84,91,35.41285108836243,139.5752830733414,13386.5,Civic,land_use,2.2,66.1,7032.9
ghsl_5929_cell_04464,85,91,35.41285108836243,139.58661085673413,14710.8,Civic,land_use,1.1,24.7,6077.3
ghsl_5929_cell_04465,86,91,35.41285108836244,139.59793864012684,14827.6,Civic,land_use,0.8,15.2,5150.1
ghsl_5929_cell_04466,87,91,35.41285108836243,139.6092664235195,11932.1,Civic,land_use,8.1,28.2,4269.8
ghsl_5929_cell_04467,88,91,35.41285108836243,139.62059420691227,16136.1,Residential,land_use,1.6,28.2,3468.1
ghsl_5929_cell_04468,89,91,35.41285108836243,139.63192199030496,7172.1,Industrial,land_use,2.9,3.9,2697.3
ghsl_5929_cell_04469,90,91,35.41285108836243,139.6432497736977,6038.7,Industrial,land_use,0.0,2.7,1941.1
ghsl_5929_cell_04470,91,91,35.41285108836243,139.6545775570904,2382.8,Green,land_use,41.4,10.6,1477.1
ghsl_5929_cell_04471,92,91,35.41285108836243,139.6659053404831,7928.7,Industrial,land_use,1.7,6.1,1454.6
ghsl_5929_cell_04472,93,91,35.41285108836243,139.67723312387582,5118.5,Industrial,land_use,0.0,8.0,1060.9
ghsl_5929_cell_04473,94,91,35.41285108836243,139.68856090726857,487.7,Residential,heuristic,0.0,0.0,484.9
ghsl_5929_cell_04474,95,91,35.41285108836243,139.69988869066125,5.2,Residential,heuristic,0.0,0.0,385.2
ghsl_5929_cell_04475,51,92,35.40411036607205,139.19205095781047,1697.6,Residential,heuristic,2.2,216.1,385.9
ghsl_5929_cell_04476,59,92,35.404110366072054,139.2826670954727,1160.2,Civic,land_use,0.7,69.6,385.7
ghsl_5929_cell_04477,60,92,35.40411036607205,139.29399411268045,3422.5,Industrial,land_use,10.4,55.3,1157.2
ghsl_5929_cell_04478,61,92,35.40411036607205,139.30532112988826,5704.8,Civic,land_use,5.3,44.8,1928.5
ghsl_5929_cell_04479,62,92,35.40411036607205,139.31664814709603,4131.9,Civic,land_use,12.2,23.0,2699.8
ghsl_5929_cell_04480,63,92,35.40411036607205,139.3279751643038,1448.8,Green,land_use,45.8,15.6,3471.0
ghsl_5929_cell_04481,64,92,35.40411036607205,139.33930218151156,1219.5,Industrial,land_use,35.2,12.4,4272.9
ghsl_5929_cell_04482,65,92,35.40411036607205,139.35062919871936,3509.5,Industrial,land_use,3.7,13.3,5153.2
ghsl_5929_cell_04483,66,92,35.40411036607205,139.36195621592714,2664.3,Industrial,land_use,16.7,13.2,6080.3
ghsl_5929_cell_04484,67,92,35.40411036607205,139.37328323313494,3632.8,Industrial,land_use,8.3,13.9,7035.8
ghsl_5929_cell_04485,68,92,35.404110366072054,139.3846102503427,4469.6,Industrial,land_use,13.0,13.5,8009.4
ghsl_5929_cell_04486,69,92,35.40411036607205,139.39593726755052,3732.3,Industrial,land_use,12.3,25.2,8995.3
ghsl_5929_cell_04487,70,92,35.40411036607205,139.40726428475827,2521.9,Residential,heuristic,16.1,15.1,9989.8
ghsl_5929_cell_04488,71,92,35.40411036607205,139.41859130196605,4376.2,Civic,land_use,10.4,43.1,10178.9
ghsl_5929_cell_04489,72,92,35.40411036607205,139.42991831917385,3302.6,Residential,heuristic,22.5,45.3,10178.9
ghsl_5929_cell_04490,73,92,35.40411036607205,139.44124533638163,5420.6,Industrial,land_use,10.6,35.5,10179.1
ghsl_5929_cell_04491,74,92,35.404110366072054,139.4525723535894,4835.7,Commercial,land_use,1.5,42.8,10179.3
ghsl_5929_cell_04492,75,92,35.40411036607204,139.46389937079718,8052.8,Civic,land_use,9.0,35.3,10179.7
ghsl_5929_cell_04493,76,92,35.40411036607205,139.47522638800493,3874.4,Civic,land_use,25.8,22.8,10182.8
ghsl_5929_cell_04494,77,92,35.40411036607205,139.48655340521273,5335.0,Commercial,land_use,16.1,29.8,10258.5
ghsl_5929_cell_04495,78,92,35.40411036607205,139.49788042242054,8350.7,Civic,land_use,12.3,42.4,10435.7
ghsl_5929_cell_04496,79,92,35.40411036607205,139.50920743962834,8271.9,Residential,land_use,4.3,38.9,10709.3
ghsl_5929_cell_04497,80,92,35.404110366072054,139.5205344568361,11513.2,Residential,land_use,6.0,51.7,11072.3
ghsl_5929_cell_04498,81,92,35.40411036607205,139.5318614740439,11943.7,Residential,land_use,3.6,23.6,10646.7
ghsl_5929_cell_04499,82,92,35.40411036607205,139.54318849125164,7755.8,Industrial,land_use,3.6,31.8,9628.3
ghsl_5929_cell_04500,83,92,35.40411036607205,139.55451550845945,6696.4,Residential,land_use,12.5,47.3,8612.6
ghsl_5929_cell_04501,84,92,35.404110366072054,139.56584252566722,11743.7,Residential,land_use,3.6,37.9,7600.3
ghsl_5929_cell_04502,85,92,35.40411036607204,139.57716954287497,14908.8,Civic,land_use,3.6,67.5,6593.3
ghsl_5929_cell_04503,86,92,35.40411036607205,139.58849656008277,14136.5,Civic,land_use,0.7,24.8,5594.2
ghsl_5929_cell_04504,87,92,35.40411036607205,139.59982357729052,12995.5,Residential,land_use,30.1,26.9,4608.4
ghsl_5929_cell_04505,88,92,35.404110366072054,139.61115059449833,11427.4,Residential,land_use,3.6,53.4,3646.5
ghsl_5929_cell_04506,89,92,35.40411036607205,139.6224776117061,7840.1,Industrial,land_use,0.2,5.6,2733.9
ghsl_5929_cell_04507,90,92,35.40411036607205,139.6338046289139,3090.3,Industrial,land_use,0.0,3.8,1926.8
ghsl_5929_cell_04508,91,92,35.40411036607204,139.64513164612168,2434.3,Industrial,land_use,0.0,4.2,1156.0
ghsl_5929_cell_04509,92,92,35.404110366072054,139.65645866332943,264.6,Residential,heuristic,0.0,0.0,492.4
ghsl_5929_cell_04510,93,92,35.40411036607205,139.6677856805372,1384.7,Industrial,land_use,0.0,2.1,484.9
ghsl_5929_cell_04511,94,92,35.40411036607205,139.67911269774498,4888.7,Industrial,land_use,0.0,7.9,1060.8
ghsl_5929_cell_04512,95,92,35.40411036607205,139.6904397149528,381.9,Residential,heuristic,0.0,0.0,385.3
ghsl_5929_cell_04513,51,93,35.395370000409415,139.1826398087692,3082.3,Civic,land_use,10.4,215.3,385.9
ghsl_5929_cell_04514,52,93,35.39537000040942,139.19396606012685,3269.5,Residential,heuristic,2.5,190.0,484.9
ghsl_5929_cell_04515,53,93,35.39537000040941,139.20529231148456,2490.5,Residential,heuristic,4.7,168.3,385.9
ghsl_5929_cell_04516,58,93,35.395370000409415,139.26192356827292,10.8,Residential,heuristic,0.0,256.1,385.9
ghsl_5929_cell_04517,59,93,35.39537000040942,139.2732498196306,176.3,Residential,heuristic,17.0,197.5,492.6
ghsl_5929_cell_04518,60,93,35.395370000409415,139.28457607098827,2943.6,Industrial,land_use,0.8,52.4,1157.4
ghsl_5929_cell_04519,61,93,35.39537000040942,139.29590232234594,5090.1,Industrial,land_use,3.6,36.9,1928.9
ghsl_5929_cell_04520,62,93,35.39537000040941,139.3072285737036,7451.4,Industrial,land_use,2.3,40.7,2700.3
ghsl_5929_cell_04521,63,93,35.39537000040942,139.31855482506128,6304.9,Industrial,land_use,4.9,25.3,3471.6
ghsl_5929_cell_04522,64,93,35.395370000409415,139.32988107641899,3377.9,Industrial,land_use,15.1,27.0,4242.8
ghsl_5929_cell_04523,65,93,35.39537000040942,139.34120732777663,1350.2,Green,land_use,58.1,10.2,5013.9
ghsl_5929_cell_04524,66,93,35.395370000409415,139.3525335791343,1403.0,Green,land_use,51.9,13.4,5814.1
ghsl_5929_cell_04525,67,93,35.395370000409415,139.363859830492,1218.0,Commercial,land_use,34.0,11.2,6676.4
ghsl_5929_cell_04526,68,93,35.395370000409415,139.37518608184962,1869.9,Industrial,land_use,7.4,7.1,7580.4
ghsl_5929_cell_04527,69,93,35.39537000040942,139.38651233320735,5005.8,Industrial,land_use,6.0,12.9,8512.7
ghsl_5929_cell_04528,70,93,35.39537000040942,139.39783858456502,2548.5,Green,land_use,100.0,11.5,9209.4
ghsl_5929_cell_04529,71,93,35.395370000409415,139.40916483592264,3710.2,Civic,land_use,19.6,18.9,9209.3
ghsl_5929_cell_04530,72,93,35.395370000409415,139.42049108728034,1830.5,Residential,heuristic,30.7,39.8,9209.2
ghsl_5929_cell_04531,73,93,35.39537000040942,139.43181733863804,1567.4,Residential,heuristic,27.7,41.5,9209.2
ghsl_5929_cell_04532,74,93,35.395370000409415,139.44314358999569,4827.2,Industrial,land_use,8.0,36.2,9209.4
ghsl_5929_cell_04533,75,93,35.395370000409415,139.4544698413534,6461.1,Civic,land_use,0.0,35.6,9209.7
ghsl_5929_cell_04534,76,93,35.39537000040942,139.46579609271103,9192.3,Commercial,land_use,4.9,37.0,9210.1
ghsl_5929_cell_04535,77,93,35.39537000040942,139.47712234406873,6367.1,Civic,land_use,15.6,17.2,9219.4
ghsl_5929_cell_04536,78,93,35.395370000409415,139.48844859542638,6851.3,Civic,land_use,17.5,38.6,9322.0
ghsl_5929_cell_04537,79,93,35.395370000409415,139.49977484678405,4048.2,Civic,land_use,13.1,42.8,9535.2
ghsl_5929_cell_04538,80,93,35.395370000409415,139.51110109814172,8466.6,Civic,land_use,19.7,38.8,9852.0
ghsl_5929_cell_04539,81,93,35.39537000040941,139.5224273494994,11810.5,Civic,land_use,10.6,49.0,10210.4
ghsl_5929_cell_04540,82,93,35.39537000040942,139.53375360085707,13720.7,Residential,land_use,3.7,12.4,10179.7
ghsl_5929_cell_04541,83,93,35.39537000040942,139.54507985221474,8309.4,Residential,land_use,8.6,50.0,9359.1
ghsl_5929_cell_04542,84,93,35.39537000040942,139.5564061035724,9766.0,Civic,land_use,3.0,51.1,8331.7
ghsl_5929_cell_04543,85,93,35.395370000409415,139.56773235493011,11579.7,Utility,land_use,7.1,62.4,7304.7
ghsl_5929_cell_04544,86,93,35.39537000040942,139.57905860628776,12962.4,Residential,land_use,1.4,49.7,6278.3
ghsl_5929_cell_04545,87,93,35.39537000040941,139.5903848576454,12309.7,Civic,land_use,1.3,37.5,5253.0
ghsl_5929_cell_04546,88,93,35.39537000040942,139.60171110900313,12028.0,Residential,land_use,2.3,42.8,4229.5
ghsl_5929_cell_04547,89,93,35.39537000040942,139.61303736036078,12073.3,Industrial,land_use,1.2,5.2,3209.4
ghsl_5929_cell_04548,90,93,35.39537000040942,139.62436361171845,2487.6,Industrial,land_use,0.0,0.0,2197.8
ghsl_5929_cell_04549,91,93,35.39537000040941,139.63568986307612,1437.7,Residential,heuristic,0.0,0.0,1215.5
ghsl_5929_cell_04550,92,93,35.39537000040942,139.6470161144338,0.1,Residential,heuristic,0.0,0.0,385.4
ghsl_5929_cell_04551,94,93,35.39537000040942,139.66966861714914,0.1,Residential,heuristic,0.0,0.0,385.4
ghsl_5929_cell_04552,95,93,35.395370000409415,139.68099486850684,236.1,Industrial,land_use,0.0,0.0,385.3
ghsl_5929_cell_04553,51,94,35.38662999123358,139.1732327722711,2972.2,Civic,land_use,0.1,199.3,386.0
ghsl_5929_cell_04554,52,94,35.38662999123358,139.18455825811336,5971.8,Industrial,land_use,5.1,185.2,1059.3
ghsl_5929_cell_04555,53,94,35.38662999123358,139.1958837439556,5522.0,Industrial,land_use,0.4,166.8,1059.3
ghsl_5929_cell_04556,54,94,35.386629991233576,139.20720922979785,3984.9,Industrial,land_use,0.4,150.3,484.8
ghsl_5929_cell_04557,55,94,35.386629991233576,139.21853471564006,4680.8,Industrial,land_use,1.9,153.4,485.0
ghsl_5929_cell_04558,56,94,35.38662999123358,139.2298602014823,1504.6,Civic,land_use,2.5,175.1,485.1
ghsl_5929_cell_04559,57,94,35.386629991233576,139.24118568732453,1687.7,Commercial,land_use,0.3,130.6,485.0
ghsl_5929_cell_04560,58,94,35.38662999123358,139.25251117316674,325.0,Residential,heuristic,0.0,261.0,492.6
ghsl_5929_cell_04561,59,94,35.38662999123358,139.26383665900897,284.6,Industrial,land_use,2.3,101.7,1157.7
ghsl_5929_cell_04562,60,94,35.38662999123358,139.27516214485124,3461.5,Residential,land_use,7.1,60.3,1477.7
ghsl_5929_cell_04563,61,94,35.38662999123358,139.28648763069344,2981.6,Green,land_use,44.6,24.8,1943.8
ghsl_5929_cell_04564,62,94,35.38662999123358,139.2978131165357,1399.2,Green,land_use,82.6,21.8,2700.7
ghsl_5929_cell_04565,63,94,35.386629991233576,139.3091386023779,6197.9,Civic,land_use,3.1,40.6,3472.1
ghsl_5929_cell_04566,64,94,35.38662999123358,139.32046408822012,4005.5,Civic,land_use,1.8,28.7,4201.9
ghsl_5929_cell_04567,65,94,35.38662999123358,139.33178957406236,1199.3,Green,land_use,49.2,10.2,4880.1
ghsl_5929_cell_04568,66,94,35.38662999123358,139.3431150599046,1030.0,Green,land_use,49.3,8.9,5665.1
ghsl_5929_cell_04569,67,94,35.38662999123358,139.35444054574685,1420.4,Green,land_use,56.9,9.7,6518.4
ghsl_5929_cell_04570,68,94,35.38662999123358,139.3657660315891,4767.4,Industrial,land_use,5.7,12.3,7356.8
ghsl_5929_cell_04571,69,94,35.38662999123358,139.3770915174313,1820.2,Industrial,land_use,7.5,2.0,8207.7
ghsl_5929_cell_04572,70,94,35.38662999123358,139.38841700327356,2578.4,Civic,land_use,32.9,9.1,8240.0
ghsl_5929_cell_04573,71,94,35.38662999123358,139.3997424891158,3371.2,Civic,land_use,0.5,13.5,8239.7
ghsl_5929_cell_04574,72,94,35.38662999123358,139.411067974958,1989.1,Green,land_use,51.3,15.1,8239.5
ghsl_5929_cell_04575,73,94,35.386629991233576,139.42239346080024,2069.3,Green,land_use,56.6,36.1,8239.5
ghsl_5929_cell_04576,74,94,35.38662999123358,139.43371894664247,2732.8,Civic,land_use,25.7,30.0,8239.6
ghsl_5929_cell_04577,75,94,35.38662999123358,139.44504443248468,5138.5,Industrial,land_use,19.8,35.2,8239.7
ghsl_5929_cell_04578,76,94,35.386629991233576,139.4563699183269,5528.6,Industrial,land_use,3.8,31.5,8240.0
ghsl_5929_cell_04579,77,94,35.38662999123358,139.46769540416915,7230.0,Civic,land_use,2.1,37.6,8240.5
ghsl_5929_cell_04580,78,94,35.38662999123358,139.4790208900114,5054.2,Civic,land_use,25.3,40.4,8261.2
ghsl_5929_cell_04581,79,94,35.38662999123358,139.49034637585362,7755.7,Residential,land_use,26.2,42.9,8396.7
ghsl_5929_cell_04582,80,94,35.38662999123358,139.50167186169585,7821.8,Civic,land_use,16.6,44.9,8653.3
ghsl_5929_cell_04583,81,94,35.38662999123358,139.51299734753812,7922.6,Residential,land_use,12.9,59.5,9020.9
ghsl_5929_cell_04584,82,94,35.38662999123358,139.52432283338032,12093.7,Residential,land_use,6.0,31.2,9230.8
ghsl_5929_cell_04585,83,94,35.386629991233576,139.53564831922256,10605.4,Industrial,land_use,0.8,22.8,9210.0
ghsl_5929_cell_04586,84,94,35.38662999123358,139.5469738050648,7290.4,Green,land_use,43.1,67.9,9187.8
ghsl_5929_cell_04587,85,94,35.38662999123358,139.55829929090703,5307.8,Civic,land_use,8.3,78.0,8160.4
ghsl_5929_cell_04588,86,94,35.38662999123358,139.56962477674924,9104.3,Residential,land_use,6.3,73.2,7133.5
ghsl_5929_cell_04589,87,94,35.38662999123358,139.58095026259147,9835.2,Civic,land_use,7.8,19.7,6107.3
ghsl_5929_cell_04590,88,94,35.38662999123358,139.5922757484337,11025.4,Residential,land_use,3.8,54.4,5082.2
ghsl_5929_cell_04591,89,94,35.38662999123358,139.60360123427597,12736.3,Civic,land_use,4.1,41.1,4059.1
ghsl_5929_cell_04592,90,94,35.38662999123358,139.6149267201182,11223.7,Civic,land_use,0.8,6.8,3040.0
ghsl_5929_cell_04593,91,94,35.38662999123358,139.6262522059604,5881.0,Industrial,land_use,9.4,2.7,2030.9
ghsl_5929_cell_04594,92,94,35.38662999123358,139.63757769180262,1304.8,Industrial,land_use,0.0,0.0,1060.5
ghsl_5929_cell_04595,93,94,35.38662999123358,139.64890317764488,3416.2,Industrial,land_use,0.0,4.9,484.8
ghsl_5929_cell_04596,94,94,35.38662999123358,139.66022866348712,3.7,Residential,heuristic,0.0,0.0,385.4
ghsl_5929_cell_04597,52,95,35.37789033840363,139.1751545669921,5272.5,Civic,land_use,1.1,183.6,386.1
ghsl_5929_cell_04598,53,95,35.37789033840364,139.18647928765344,6111.0,Industrial,land_use,2.0,166.8,1059.2
ghsl_5929_cell_04599,54,95,35.37789033840364,139.1978040083147,5960.0,Industrial,land_use,23.3,161.9,1454.2
ghsl_5929_cell_04600,55,95,35.37789033840364,139.20912872897603,6986.3,Civic,land_use,1.6,125.7,1454.4
ghsl_5929_cell_04601,56,95,35.37789033840364,139.22045344963732,5815.7,Civic,land_use,1.6,113.9,1454.7
ghsl_5929_cell_04602,57,95,35.377890338403645,139.2317781702986,6411.8,Civic,land_use,2.4,99.7,1454.7
ghsl_5929_cell_04603,58,95,35.37789033840363,139.24310289095988,1718.6,Residential,land_use,2.3,108.5,1454.6
ghsl_5929_cell_04604,59,95,35.37789033840363,139.25442761162117,49.2,Residential,heuristic,4.8,101.8,1477.7
ghsl_5929_cell_04605,60,95,35.37789033840364,139.2657523322825,5103.6,Residential,land_use,6.2,62.1,1944.2
ghsl_5929_cell_04606,61,95,35.37789033840364,139.27707705294378,6751.9,Utility,land_use,3.2,35.3,2423.7
ghsl_5929_cell_04607,62,95,35.37789033840364,139.28840177360507,995.2,Residential,heuristic,35.3,14.7,2423.8
ghsl_5929_cell_04608,63,95,35.37789033840364,139.29972649426637,3609.6,Residential,heuristic,35.1,22.6,2495.5
ghsl_5929_cell_04609,64,95,35.37789033840364,139.31105121492766,3464.2,Civic,land_use,0.0,21.7,2916.8
ghsl_5929_cell_04610,65,95,35.37789033840364,139.32237593558895,1857.9,Residential,heuristic,9.9,18.2,3592.6
ghsl_5929_cell_04611,66,95,35.37789033840364,139.33370065625027,1269.0,Green,land_use,75.0,8.7,4407.3
ghsl_5929_cell_04612,67,95,35.37789033840364,139.34502537691156,1441.6,Residential,heuristic,33.2,9.5,5297.2
ghsl_5929_cell_04613,68,95,35.37789033840364,139.35635009757286,3845.5,Civic,land_use,14.3,10.5,6230.1
ghsl_5929_cell_04614,69,95,35.37789033840364,139.36767481823415,4794.5,Industrial,land_use,8.4,11.7,7189.3
ghsl_5929_cell_04615,70,95,35.37789033840364,139.37899953889544,2749.3,Residential,heuristic,9.0,11.4,7270.7
ghsl_5929_cell_04616,71,95,35.37789033840363,139.39032425955673,4125.0,Industrial,land_use,14.7,19.5,7270.3
ghsl_5929_cell_04617,72,95,35.37789033840363,139.40164898021806,2899.7,Industrial,land_use,30.1,21.1,7270.0
ghsl_5929_cell_04618,73,95,35.37789033840364,139.41297370087935,621.1,Green,land_use,51.1,18.0,7269.9
ghsl_5929_cell_04619,74,95,35.37789033840364,139.4242984215406,3088.0,Residential,heuristic,27.8,41.1,7269.9
ghsl_5929_cell_04620,75,95,35.37789033840364,139.43562314220193,4790.1,Residential,heuristic,11.8,36.5,7269.9
ghsl_5929_cell_04621,76,95,35.37789033840364,139.4469478628632,7539.0,Industrial,land_use,2.1,32.5,7270.1
ghsl_5929_cell_04622,77,95,35.37789033840364,139.45827258352452,6529.1,Residential,heuristic,4.3,13.4,7270.5
ghsl_5929_cell_04623,78,95,35.377890338403645,139.4695973041858,4906.6,Civic,land_use,7.3,41.5,7270.9
ghsl_5929_cell_04624,79,95,35.37789033840363,139.48092202484708,3121.2,Green,land_use,73.6,40.1,7310.1
ghsl_5929_cell_04625,80,95,35.37789033840364,139.4922467455084,4705.0,Residential,land_use,14.3,11.5,7486.6
ghsl_5929_cell_04626,81,95,35.37789033840364,139.5035714661697,7900.1,Residential,land_use,7.9,46.6,7796.3
ghsl_5929_cell_04627,82,95,35.37789033840364,139.514896186831,6267.9,Civic,land_use,5.9,42.8,8224.0
ghsl_5929_cell_04628,83,95,35.37789033840364,139.52622090749227,6173.5,Industrial,land_use,12.9,12.0,8252.5
ghsl_5929_cell_04629,84,95,35.37789033840363,139.5375456281536,12008.3,Civic,land_use,3.5,28.5,8240.3
ghsl_5929_cell_04630,85,95,35.37789033840363,139.54887034881486,9960.1,Residential,land_use,4.3,57.7,8260.9
ghsl_5929_cell_04631,86,95,35.37789033840364,139.56019506947618,9956.3,Civic,land_use,7.0,74.1,8105.7
ghsl_5929_cell_04632,87,95,35.37789033840363,139.57151979013744,11532.2,Residential,land_use,4.0,49.6,7095.9
ghsl_5929_cell_04633,88,95,35.37789033840364,139.58284451079876,11134.0,Residential,land_use,6.8,55.1,6092.4
ghsl_5929_cell_04634,89,95,35.37789033840364,139.59416923146006,13341.0,Residential,land_use,5.8,53.3,5099.1
ghsl_5929_cell_04635,90,95,35.37789033840363,139.60549395212138,11347.4,Civic,land_use,4.0,51.9,4123.4
ghsl_5929_cell_04636,91,95,35.37789033840364,139.61681867278264,13486.2,Industrial,land_use,4.1,28.4,3181.3
ghsl_5929_cell_04637,92,95,35.37789033840364,139.62814339344396,7471.8,Residential,land_use,24.9,9.7,2314.5
ghsl_5929_cell_04638,93,95,35.37789033840363,139.63946811410523,6227.1,Commercial,land_use,8.6,9.6,1646.4
ghsl_5929_cell_04639,94,95,35.37789033840364,139.65079283476655,2551.8,Industrial,land_use,0.3,0.0,1060.4
ghsl_5929_cell_04640,95,95,35.37789033840364,139.6621175554278,69.0,Industrial,land_use,0.0,0.0,385.4
ghsl_5929_cell_04641,53,96,35.369151041778714,139.17707894059384,4904.2,Civic,land_use,0.9,220.6,386.1
ghsl_5929_cell_04642,54,96,35.369151041778714,139.18840289640852,6143.1,Residential,heuristic,0.5,170.6,484.6
ghsl_5929_cell_04643,55,96,35.369151041778714,139.19972685222325,4449.2,Commercial,land_use,1.6,142.9,484.6
ghsl_5929_cell_04644,56,96,35.36915104177871,139.21105080803792,5350.4,Civic,land_use,2.3,120.4,484.8
ghsl_5929_cell_04645,57,96,35.36915104177871,139.2223747638526,7333.8,Civic,land_use,2.8,102.5,1059.2
ghsl_5929_cell_04646,58,96,35.369151041778714,139.2336987196673,5530.4,Residential,land_use,2.5,89.9,1477.8
ghsl_5929_cell_04647,59,96,35.369151041778714,139.245022675482,1766.8,Residential,land_use,13.3,134.3,1454.2
ghsl_5929_cell_04648,60,96,35.369151041778714,139.25634663129674,4605.9,Utility,land_use,1.9,60.9,1454.0
ghsl_5929_cell_04649,61,96,35.369151041778714,139.26767058711144,6591.9,Civic,land_use,0.8,46.0,1454.0
ghsl_5929_cell_04650,62,96,35.369151041778714,139.2789945429261,5603.6,Commercial,land_use,2.6,23.7,1454.1
ghsl_5929_cell_04651,63,96,35.369151041778714,139.29031849874085,1894.4,Commercial,land_use,40.0,17.2,1454.3
ghsl_5929_cell_04652,64,96,35.369151041778714,139.30164245455555,1635.1,Civic,land_use,25.0,14.1,1644.4
ghsl_5929_cell_04653,65,96,35.369151041778714,139.31296641037028,1670.4,Commercial,land_use,29.2,10.8,2311.5
ghsl_5929_cell_04654,66,96,35.369151041778714,139.32429036618498,886.4,Civic,land_use,32.7,8.5,3178.1
ghsl_5929_cell_04655,67,96,35.369151041778714,139.33561432199966,906.3,Green,land_use,63.3,7.1,4120.2
ghsl_5929_cell_04656,68,96,35.36915104177871,139.34693827781436,3447.3,Civic,land_use,14.3,9.9,5096.1
ghsl_5929_cell_04657,69,96,35.369151041778714,139.35826223362903,5175.8,Green,land_use,42.0,8.7,6089.5
ghsl_5929_cell_04658,70,96,35.369151041778714,139.36958618944374,2508.5,Industrial,land_use,0.0,4.0,6302.3
ghsl_5929_cell_04659,71,96,35.369151041778714,139.38091014525847,5169.0,Civic,land_use,2.7,9.7,6301.0
ghsl_5929_cell_04660,72,96,35.369151041778714,139.39223410107317,4612.7,Civic,land_use,6.3,18.9,6300.6
ghsl_5929_cell_04661,73,96,35.369151041778714,139.40355805688787,1884.5,Residential,heuristic,27.8,18.7,6300.4
ghsl_5929_cell_04662,74,96,35.369151041778714,139.41488201270258,2859.4,Civic,land_use,3.3,47.7,6300.3
ghsl_5929_cell_04663,75,96,35.369151041778714,139.42620596851725,4619.3,Civic,land_use,0.9,33.7,6300.3
ghsl_5929_cell_04664,76,96,35.369151041778714,139.43752992433195,7631.9,Civic,land_use,3.5,35.2,6300.4
ghsl_5929_cell_04665,77,96,35.369151041778714,139.44885388014666,7519.0,Civic,land_use,8.0,29.0,6300.6
ghsl_5929_cell_04666,78,96,35.36915104177871,139.46017783596136,2332.4,Residential,land_use,29.9,42.0,6300.9
ghsl_5929_cell_04667,79,96,35.369151041778714,139.47150179177606,6161.7,Residential,land_use,17.1,41.8,6301.4
ghsl_5929_cell_04668,80,96,35.36915104177871,139.48282574759074,4466.8,Civic,land_use,38.8,50.7,6369.3
ghsl_5929_cell_04669,81,96,35.369151041778714,139.49414970340547,4942.4,Commercial,land_use,24.7,31.4,6598.3
ghsl_5929_cell_04670,82,96,35.369151041778714,139.50547365922017,5989.5,Commercial,land_use,12.3,55.7,6973.2
ghsl_5929_cell_04671,83,96,35.369151041778714,139.51679761503487,6571.0,Industrial,land_use,13.9,23.0,7309.7
ghsl_5929_cell_04672,84,96,35.369151041778714,139.5281215708496,8280.5,Industrial,land_use,5.5,19.5,7275.9
ghsl_5929_cell_04673,85,96,35.369151041778714,139.5394455266643,9762.2,Commercial,land_use,4.3,17.3,7270.7
ghsl_5929_cell_04674,86,96,35.36915104177871,139.55076948247898,13939.1,Residential,land_use,2.4,26.8,7309.9
ghsl_5929_cell_04675,87,96,35.369151041778714,139.56209343829366,11096.1,Residential,land_use,3.4,27.3,7486.7
ghsl_5929_cell_04676,88,96,35.369151041778714,139.57341739410842,10324.1,Residential,land_use,8.5,55.1,7193.9
ghsl_5929_cell_04677,89,96,35.36915104177871,139.58474134992306,10210.6,Residential,land_use,6.0,62.2,6234.8
ghsl_5929_cell_04678,90,96,35.369151041778714,139.59606530573777,8239.7,Civic,land_use,6.5,81.0,5301.9
ghsl_5929_cell_04679,91,96,35.369151041778714,139.6073892615525,5600.1,Green,land_use,68.6,68.3,4411.9
ghsl_5929_cell_04680,92,96,35.36915104177871,139.61871321736717,11553.9,Civic,land_use,3.9,83.0,3596.9
ghsl_5929_cell_04681,93,96,35.369151041778714,139.6300371731819,11424.1,Civic,land_use,5.2,30.7,2735.4
ghsl_5929_cell_04682,94,96,35.369151041778714,139.64136112899658,7138.5,Residential,land_use,10.5,5.4,1927.8
ghsl_5929_cell_04683,95,96,35.369151041778714,139.6526850848113,3088.7,Industrial,land_use,0.0,9.5,1060.3
ghsl_5929_cell_04684,96,96,35.369151041778714,139.66400904062598,2.0,Residential,heuristic,0.0,0.0,385.5
ghsl_5929_cell_04685,57,97,35.360412101218046,139.21297546600331,1525.5,Residential,heuristic,2.9,159.0,386.1
ghsl_5929_cell_04686,58,97,35.360412101218046,139.22429865730558,3948.6,Civic,land_use,13.9,144.7,484.8
ghsl_5929_cell_04687,59,97,35.36041210121804,139.23562184860788,3746.8,Residential,land_use,6.5,98.2,492.6
ghsl_5929_cell_04688,60,97,35.360412101218046,139.24694503991014,1724.3,Residential,land_use,15.0,57.4,484.6
ghsl_5929_cell_04689,61,97,35.360412101218046,139.25826823121244,3623.9,Residential,land_use,24.6,60.7,484.4
ghsl_5929_cell_04690,62,97,35.36041210121804,139.26959142251474,3642.4,Civic,land_use,14.3,50.4,484.4
ghsl_5929_cell_04691,63,97,35.360412101218046,139.28091461381703,2628.8,Civic,land_use,15.0,27.7,484.5
ghsl_5929_cell_04692,64,97,35.36041210121804,139.29223780511933,2982.7,Green,land_use,50.8,20.3,484.8
ghsl_5929_cell_04693,65,97,35.36041210121805,139.30356099642162,2715.1,Residential,heuristic,28.8,16.6,1059.3
ghsl_5929_cell_04694,66,97,35.36041210121804,139.3148841877239,835.3,Civic,land_use,39.7,9.5,2029.8
ghsl_5929_cell_04695,67,97,35.36041210121804,139.32620737902621,3613.0,Residential,heuristic,0.2,10.2,3039.1
ghsl_5929_cell_04696,68,97,35.360412101218046,139.33753057032845,3174.2,Civic,land_use,18.5,6.5,4058.4
ghsl_5929_cell_04697,69,97,35.360412101218046,139.34885376163075,4950.6,Civic,land_use,3.9,8.6,5081.7
ghsl_5929_cell_04698,70,97,35.36041210121804,139.36017695293302,6239.5,Commercial,land_use,0.5,10.2,5332.3
ghsl_5929_cell_04699,71,97,35.360412101218046,139.37150014423537,2897.7,Industrial,land_use,1.4,3.9,5331.8
ghsl_5929_cell_04700,72,97,35.360412101218046,139.38282333553764,5245.7,Industrial,land_use,7.0,8.2,5331.4
ghsl_5929_cell_04701,73,97,35.36041210121804,139.3941465268399,4484.1,Civic,land_use,29.2,9.2,5331.0
ghsl_5929_cell_04702,74,97,35.36041210121804,139.40546971814223,6395.2,Residential,heuristic,4.3,20.3,5330.8
ghsl_5929_cell_04703,75,97,35.36041210121804,139.41679290944452,2411.2,Green,land_use,60.4,28.9,5330.7
ghsl_5929_cell_04704,76,97,35.36041210121805,139.4281161007468,2476.3,Green,land_use,60.5,39.8,5330.7
ghsl_5929_cell_04705,77,97,35.36041210121804,139.43943929204906,4852.9,Civic,land_use,38.5,31.3,5330.8
ghsl_5929_cell_04706,78,97,35.36041210121804,139.45076248335138,4738.0,Civic,land_use,28.1,32.3,5331.1
ghsl_5929_cell_04707,79,97,35.36041210121805,139.46208567465368,5246.7,Industrial,land_use,3.1,49.7,5331.4
ghsl_5929_cell_04708,80,97,35.360412101218046,139.47340886595595,6727.7,Industrial,land_use,2.0,52.0,5332.4
ghsl_5929_cell_04709,81,97,35.360412101218046,139.48473205725824,5052.7,Residential,land_use,8.4,8.9,5444.3
ghsl_5929_cell_04710,82,97,35.360412101218046,139.49605524856057,4707.4,Green,land_use,40.8,59.4,5741.6
ghsl_5929_cell_04711,83,97,35.360412101218046,139.50737843986283,4028.0,Civic,land_use,15.1,48.6,6197.7
ghsl_5929_cell_04712,84,97,35.360412101218046,139.51870163116516,6764.2,Civic,land_use,9.6,36.9,6369.0
ghsl_5929_cell_04713,85,97,35.36041210121804,139.53002482246742,10897.8,Residential,land_use,3.0,11.1,6302.0
ghsl_5929_cell_04714,86,97,35.360412101218046,139.5413480137697,10873.4,Civic,land_use,3.5,14.0,6301.2
ghsl_5929_cell_04715,87,97,35.360412101218046,139.55267120507202,8933.7,Civic,land_use,1.7,32.7,6369.2
ghsl_5929_cell_04716,88,97,35.36041210121804,139.56399439637426,10041.5,Civic,land_use,3.3,57.4,6598.4
ghsl_5929_cell_04717,89,97,35.36041210121804,139.57531758767658,6105.3,Civic,land_use,8.9,54.9,6973.5
ghsl_5929_cell_04718,90,97,35.36041210121805,139.58664077897888,4365.4,Residential,land_use,13.3,77.9,6279.8
ghsl_5929_cell_04719,91,97,35.36041210121804,139.59796397028117,1339.7,Utility,land_use,8.3,146.1,5254.3
ghsl_5929_cell_04720,92,97,35.36041210121804,139.60928716158344,6266.1,Civic,land_use,5.3,80.8,4230.6
ghsl_5929_cell_04721,93,97,35.36041210121804,139.62061035288573,10585.3,Civic,land_use,12.2,54.3,3210.4
ghsl_5929_cell_04722,94,97,35.360412101218046,139.63193354418803,10484.0,Residential,land_use,8.3,58.2,2198.6
ghsl_5929_cell_04723,95,97,35.360412101218046,139.6432567354903,5607.1,Residential,land_use,35.8,10.6,1216.1
ghsl_5929_cell_04724,96,97,35.36041210121804,139.6545799267926,1676.0,Industrial,land_use,0.9,0.0,385.6
ghsl_5929_cell_04725,59,98,35.35167351658089,139.22622512901663,3029.0,Residential,land_use,10.0,123.1,386.1
ghsl_5929_cell_04726,65,98,35.35167351658088,139.29415969176003,4886.2,Residential,heuristic,1.0,44.4,386.1
ghsl_5929_cell_04727,66,98,35.35167351658089,139.3054821188839,1692.3,Green,land_use,55.9,12.2,1059.2
ghsl_5929_cell_04728,67,98,35.35167351658088,139.31680454600783,3266.4,Civic,land_use,21.8,10.5,2029.7
ghsl_5929_cell_04729,68,98,35.35167351658088,139.32812697313167,4686.1,Civic,land_use,5.3,8.8,3039.1
ghsl_5929_cell_04730,69,98,35.35167351658088,139.33944940025557,6159.4,Industrial,land_use,1.0,11.7,4058.4
ghsl_5929_cell_04731,70,98,35.35167351658089,139.3507718273795,8019.1,Industrial,land_use,0.4,9.9,4362.3
ghsl_5929_cell_04732,71,98,35.35167351658089,139.3620942545034,7208.3,Industrial,land_use,0.1,10.0,4369.1
ghsl_5929_cell_04733,72,98,35.35167351658089,139.37341668162733,2692.6,Industrial,land_use,11.0,8.4,4362.2
ghsl_5929_cell_04734,73,98,35.35167351658089,139.3847391087512,3114.5,Industrial,land_use,29.2,9.8,4361.8
ghsl_5929_cell_04735,74,98,35.35167351658089,139.3960615358751,6314.5,Industrial,land_use,0.3,7.3,4361.5
ghsl_5929_cell_04736,75,98,35.35167351658089,139.40738396299903,8314.0,Civic,land_use,0.0,14.0,4361.3
ghsl_5929_cell_04737,76,98,35.35167351658089,139.41870639012288,5584.9,Civic,land_use,0.0,16.7,4361.2
ghsl_5929_cell_04738,77,98,35.35167351658089,139.43002881724678,2196.7,Residential,heuristic,11.2,49.5,4361.2
ghsl_5929_cell_04739,78,98,35.35167351658089,139.44135124437068,3681.8,Civic,land_use,7.0,56.2,4361.3
ghsl_5929_cell_04740,79,98,35.35167351658088,139.4526736714946,1736.7,Green,land_use,63.9,38.5,4361.6
ghsl_5929_cell_04741,80,98,35.35167351658089,139.46399609861848,6719.2,Industrial,land_use,7.3,47.8,4362.0
ghsl_5929_cell_04742,81,98,35.35167351658089,139.47531852574238,7247.0,Civic,land_use,1.3,12.4,4369.2
ghsl_5929_cell_04743,82,98,35.35167351658089,139.48664095286625,6314.7,Civic,land_use,5.8,24.8,4544.7
ghsl_5929_cell_04744,83,98,35.35167351658089,139.49796337999018,8002.2,Residential,heuristic,2.7,38.6,4933.3
ghsl_5929_cell_04745,84,98,35.35167351658089,139.50928580711408,7705.4,Civic,land_use,2.5,56.5,5332.1
ghsl_5929_cell_04746,85,98,35.35167351658089,139.52060823423795,6472.5,Civic,land_use,6.3,31.4,5417.0
ghsl_5929_cell_04747,86,98,35.35167351658089,139.5319306613619,8582.0,Industrial,land_use,1.1,16.4,5331.6
ghsl_5929_cell_04748,87,98,35.35167351658088,139.54325308848576,10018.7,Industrial,land_use,2.2,25.2,5332.1
ghsl_5929_cell_04749,88,98,35.35167351658089,139.55457551560968,8751.2,Civic,land_use,2.6,86.1,5444.3
ghsl_5929_cell_04750,89,98,35.35167351658089,139.56589794273356,7284.2,Civic,land_use,16.8,63.9,5741.8
ghsl_5929_cell_04751,90,98,35.35167351658088,139.57722036985746,8901.5,Residential,land_use,4.9,49.0,6198.1
ghsl_5929_cell_04752,91,98,35.35167351658089,139.5885427969814,4122.8,Civic,land_use,2.6,91.2,6082.6
ghsl_5929_cell_04753,92,98,35.35167351658089,139.59986522410526,858.1,Green,land_use,67.0,89.1,5082.6
ghsl_5929_cell_04754,93,98,35.35167351658089,139.61118765122916,8665.3,Civic,land_use,4.7,49.7,4059.3
ghsl_5929_cell_04755,94,98,35.35167351658089,139.6225100783531,9466.9,Civic,land_use,7.5,36.5,3040.0
ghsl_5929_cell_04756,95,98,35.35167351658089,139.63383250547696,7155.6,Residential,land_use,12.5,84.0,2030.7
ghsl_5929_cell_04757,96,98,35.35167351658089,139.64515493260086,4502.3,Industrial,land_use,17.2,8.4,1060.1
ghsl_5929_cell_04758,97,98,35.35167351658089,139.65647735972473,2925.6,Industrial,land_use,8.1,4.7,385.6
ghsl_5929_cell_04759,51,99,35.34293528772655,139.1262592084927,2255.0,Civic,land_use,14.3,53.8,386.4
ghsl_5929_cell_04760,52,99,35.342935287726554,139.13758087177212,3935.0,Civic,land_use,2.8,53.8,484.9
ghsl_5929_cell_04761,53,99,35.342935287726554,139.14890253505146,3935.7,Utility,land_use,0.0,63.6,386.3
ghsl_5929_cell_04762,66,99,35.342935287726554,139.29608415768323,3997.8,Residential,land_use,2.2,39.3,386.1
ghsl_5929_cell_04763,67,99,35.342935287726554,139.30740582096263,4703.8,Residential,land_use,16.0,9.7,1217.4
ghsl_5929_cell_04764,68,99,35.34293528772655,139.31872748424195,5912.9,Civic,land_use,0.1,11.0,2200.0
ghsl_5929_cell_04765,69,99,35.34293528772655,139.3300491475213,8361.1,Civic,land_use,0.0,11.4,3211.9
ghsl_5929_cell_04766,70,99,35.34293528772655,139.3413708108007,4595.2,Civic,land_use,35.8,9.1,3392.8
ghsl_5929_cell_04767,71,99,35.34293528772655,139.35269247408007,9341.2,Industrial,land_use,0.0,12.2,3392.8
ghsl_5929_cell_04768,72,99,35.34293528772655,139.36401413735945,2692.8,Industrial,land_use,0.0,5.7,3418.3
ghsl_5929_cell_04769,73,99,35.34293528772655,139.3753358006388,5998.9,Commercial,land_use,4.8,6.5,3392.7
ghsl_5929_cell_04770,74,99,35.34293528772655,139.38665746391814,5702.8,Civic,land_use,10.6,4.0,3392.2
ghsl_5929_cell_04771,75,99,35.34293528772655,139.39797912719746,9679.1,Civic,land_use,0.0,7.0,3391.9
ghsl_5929_cell_04772,76,99,35.34293528772655,139.4093007904769,7822.3,Industrial,land_use,0.7,6.3,3391.7
ghsl_5929_cell_04773,77,99,35.34293528772655,139.42062245375624,9309.3,Civic,land_use,0.5,7.5,3391.7
ghsl_5929_cell_04774,78,99,35.34293528772655,139.4319441170356,8505.5,Civic,land_use,0.0,13.1,3391.7
ghsl_5929_cell_04775,79,99,35.342935287726554,139.443265780315,8983.6,Residential,land_use,1.5,18.0,3391.9
ghsl_5929_cell_04776,80,99,35.34293528772655,139.45458744359436,9735.7,Commercial,land_use,2.0,15.4,3392.2
ghsl_5929_cell_04777,81,99,35.34293528772655,139.4659091068737,7548.2,Industrial,land_use,1.0,7.4,3392.6
ghsl_5929_cell_04778,82,99,35.342935287726554,139.4772307701531,7455.6,Industrial,land_use,1.4,13.8,3418.6
ghsl_5929_cell_04779,83,99,35.34293528772655,139.48855243343246,12517.6,Commercial,land_use,1.0,10.7,3689.0
ghsl_5929_cell_04780,84,99,35.342935287726554,139.49987409671186,8655.3,Civic,land_use,2.4,18.5,4201.2
ghsl_5929_cell_04781,85,99,35.34293528772655,139.5111957599912,7107.8,Commercial,land_use,2.1,16.1,4369.0
ghsl_5929_cell_04782,86,99,35.342935287726554,139.52251742327056,5876.0,Industrial,land_use,0.3,11.1,4432.1
ghsl_5929_cell_04783,87,99,35.34293528772655,139.5338390865499,10865.3,Civic,land_use,1.0,20.6,4362.2
ghsl_5929_cell_04784,88,99,35.34293528772655,139.5451607498293,6932.5,Civic,land_use,9.3,58.3,4369.1
ghsl_5929_cell_04785,89,99,35.34293528772655,139.55648241310863,3368.2,Residential,heuristic,4.2,47.3,4544.7
ghsl_5929_cell_04786,90,99,35.34293528772655,139.56780407638806,1000.3,Green,land_use,100.0,68.1,4933.5
ghsl_5929_cell_04787,91,99,35.342935287726554,139.57912573966738,1784.5,Residential,heuristic,1.7,76.8,5490.4
ghsl_5929_cell_04788,92,99,35.342935287726554,139.59044740294672,2048.6,Civic,land_use,3.2,135.4,5598.2
ghsl_5929_cell_04789,93,99,35.34293528772655,139.60176906622607,10423.2,Civic,land_use,3.3,10.4,4612.0
ghsl_5929_cell_04790,94,99,35.342935287726554,139.6130907295055,11171.8,Residential,land_use,1.9,3.1,3649.7
ghsl_5929_cell_04791,95,99,35.342935287726554,139.62441239278485,9404.5,Civic,land_use,2.8,11.8,2736.5
ghsl_5929_cell_04792,96,99,35.342935287726554,139.63573405606422,8018.3,Residential,land_use,7.9,7.4,1928.6
ghsl_5929_cell_04793,97,99,35.342935287726554,139.64705571934357,4916.6,Industrial,land_use,2.6,13.9,1060.1
ghsl_5929_cell_04794,98,99,35.342935287726554,139.65837738262294,207.7,Industrial,land_use,2.9,0.0,385.7
ghsl_5929_cell_04795,50,100,35.334197414514435,139.1055559058451,1808.7,Civic,land_use,0.0,56.4,386.4
ghsl_5929_cell_04796,51,100,35.334197414514435,139.11687680561366,3907.5,Civic,land_use,1.2,52.7,492.7
ghsl_5929_cell_04797,52,100,35.33419741451443,139.12819770538218,3518.2,Civic,land_use,17.1,53.6,1159.1
ghsl_5929_cell_04798,53,100,35.334197414514435,139.13951860515073,3051.4,Civic,land_use,1.9,45.6,1058.6
ghsl_5929_cell_04799,54,100,35.334197414514435,139.15083950491928,3804.9,Civic,land_use,0.2,48.3,386.3
ghsl_5929_cell_04800,66,100,35.33419741451443,139.28669030214164,211.5,Residential,heuristic,5.7,135.7,386.2
ghsl_5929_cell_04801,67,100,35.334197414514435,139.29801120191019,2157.7,Residential,heuristic,13.2,39.7,1158.5
ghsl_5929_cell_04802,68,100,35.334197414514435,139.3093321016787,8055.7,Civic,land_use,1.3,9.8,1930.7
ghsl_5929_cell_04803,69,100,35.334197414514435,139.32065300144725,5366.9,Civic,land_use,2.6,1.5,2739.0
ghsl_5929_cell_04804,70,100,35.33419741451443,139.33197390121578,7663.9,Civic,land_use,0.8,10.4,2462.8
ghsl_5929_cell_04805,71,100,35.334197414514435,139.3432948009843,8881.2,Industrial,land_use,2.1,7.3,2423.4
ghsl_5929_cell_04806,72,100,35.33419741451443,139.35461570075284,9661.4,Commercial,land_use,1.1,8.6,2423.4
ghsl_5929_cell_04807,73,100,35.334197414514435,139.3659366005214,3831.2,Industrial,land_use,2.6,2.9,2462.7
ghsl_5929_cell_04808,74,100,35.33419741451443,139.3772575002899,6462.8,Residential,land_use,20.0,4.2,2423.1
ghsl_5929_cell_04809,75,100,35.334197414514435,139.3885784000584,9333.5,Industrial,land_use,1.7,4.3,2422.7
ghsl_5929_cell_04810,76,100,35.33419741451443,139.39989929982693,9909.8,Industrial,land_use,4.6,7.8,2422.5
ghsl_5929_cell_04811,77,100,35.334197414514435,139.41122019959548,9893.4,Commercial,land_use,0.4,9.8,2422.3
ghsl_5929_cell_04812,78,100,35.334197414514435,139.42254109936405,8974.0,Industrial,land_use,0.1,12.5,2422.2
ghsl_5929_cell_04813,79,100,35.334197414514435,139.43386199913257,10591.1,Industrial,land_use,0.0,12.5,2422.3
ghsl_5929_cell_04814,80,100,35.334197414514435,139.4451828989011,10368.6,Residential,heuristic,0.2,13.4,2422.5
ghsl_5929_cell_04815,81,100,35.334197414514435,139.45650379866967,10022.4,Civic,land_use,0.8,11.7,2422.8
ghsl_5929_cell_04816,82,100,35.33419741451443,139.46782469843816,6426.8,Commercial,land_use,6.7,9.9,2423.2
ghsl_5929_cell_04817,83,100,35.334197414514435,139.4791455982067,10737.8,Civic,land_use,0.4,13.0,2494.9
ghsl_5929_cell_04818,84,100,35.334197414514435,139.49046649797523,9955.5,Industrial,land_use,2.3,8.7,2916.3
ghsl_5929_cell_04819,85,100,35.334197414514435,139.50178739774378,7433.7,Industrial,land_use,4.4,13.0,3392.7
ghsl_5929_cell_04820,86,100,35.334197414514435,139.51310829751233,6792.9,Commercial,land_use,1.8,8.0,3418.5
ghsl_5929_cell_04821,87,100,35.334197414514435,139.52442919728082,6933.1,Civic,land_use,1.6,40.2,3447.2
ghsl_5929_cell_04822,88,100,35.33419741451443,139.53575009704934,3876.9,Green,land_use,42.2,57.5,3392.7
ghsl_5929_cell_04823,89,100,35.334197414514435,139.5470709968179,1409.3,Utility,land_use,1.2,54.7,3418.6
ghsl_5929_cell_04824,90,100,35.334197414514435,139.55839189658644,2137.9,Civic,land_use,1.8,97.5,3689.1
ghsl_5929_cell_04825,91,100,35.334197414514435,139.56971279635496,762.4,Residential,land_use,0.0,101.2,4201.5
ghsl_5929_cell_04826,92,100,35.334197414514435,139.58103369612348,214.9,Residential,heuristic,19.6,132.0,4880.1
ghsl_5929_cell_04827,93,100,35.334197414514435,139.59235459589203,2448.3,Commercial,land_use,3.8,68.6,5255.4
ghsl_5929_cell_04828,94,100,35.334197414514435,139.60367549566055,8515.3,Civic,land_use,1.2,32.6,4231.5
ghsl_5929_cell_04829,95,100,35.334197414514435,139.61499639542907,11831.2,Industrial,land_use,4.1,11.9,3211.2
ghsl_5929_cell_04830,96,100,35.33419741451443,139.62631729519765,9998.7,Civic,land_use,35.3,5.3,2199.2
ghsl_5929_cell_04831,97,100,35.33419741451443,139.63763819496614,1738.4,Industrial,land_use,2.2,0.0,1216.6
ghsl_5929_cell_04832,98,100,35.33419741451443,139.6489590947347,18.5,Residential,heuristic,0.6,0.0,385.7
ghsl_5929_cell_04833,50,101,35.32545989680396,139.09617836482073,1727.7,Civic,land_use,0.0,83.0,386.5
ghsl_5929_cell_04834,51,101,35.32545989680396,139.10749850141195,2829.4,Civic,land_use,0.8,76.4,1058.4
ghsl_5929_cell_04835,52,101,35.32545989680396,139.1188186380032,2717.1,Civic,land_use,0.0,42.3,1478.0
ghsl_5929_cell_04836,53,101,35.32545989680396,139.13013877459443,3640.7,Residential,heuristic,1.9,41.3,1946.5
ghsl_5929_cell_04837,54,101,35.32545989680396,139.14145891118568,969.8,Civic,land_use,15.3,36.8,1058.5
ghsl_5929_cell_04838,55,101,35.325459896803956,139.1527790477769,2086.8,Civic,land_use,0.1,36.9,484.7
ghsl_5929_cell_04839,56,101,35.32545989680396,139.16409918436815,2185.6,Residential,heuristic,3.0,87.2,386.4
ghsl_5929_cell_04840,65,101,35.32545989680396,139.26598041368925,209.4,Residential,heuristic,0.0,104.1,386.3
ghsl_5929_cell_04841,66,101,35.32545989680396,139.27730055028053,40.8,Residential,heuristic,0.0,112.9,492.6
ghsl_5929_cell_04842,67,101,35.32545989680396,139.28862068687172,511.4,Residential,heuristic,1.2,26.2,1158.7
ghsl_5929_cell_04843,68,101,35.32545989680396,139.29994082346295,2506.8,Residential,heuristic,11.2,68.8,1931.0
ghsl_5929_cell_04844,69,101,35.32545989680396,139.3112609600542,2373.6,Civic,land_use,3.7,67.5,2423.3
ghsl_5929_cell_04845,70,101,35.32545989680396,139.32258109664545,2411.4,Civic,land_use,2.4,27.9,1945.6
ghsl_5929_cell_04846,71,101,35.32545989680396,139.3339012332367,6729.6,Utility,land_use,1.9,6.0,1477.7
ghsl_5929_cell_04847,72,101,35.32545989680396,139.34522136982793,9932.5,Utility,land_use,2.2,8.1,1454.0
ghsl_5929_cell_04848,73,101,35.32545989680396,139.35654150641918,8717.2,Industrial,land_use,2.9,7.9,1454.0
ghsl_5929_cell_04849,74,101,35.32545989680396,139.36786164301037,3317.3,Utility,land_use,9.1,0.0,1477.6
ghsl_5929_cell_04850,75,101,35.32545989680396,139.37918177960162,4123.1,Green,land_use,67.3,4.2,1453.7
ghsl_5929_cell_04851,76,101,35.32545989680396,139.39050191619287,9917.3,Residential,land_use,2.1,3.7,1453.3
ghsl_5929_cell_04852,77,101,35.32545989680396,139.40182205278413,12087.4,Civic,land_use,0.9,8.1,1453.0
ghsl_5929_cell_04853,78,101,35.32545989680396,139.41314218937535,10317.1,Residential,heuristic,0.0,8.7,1452.9
ghsl_5929_cell_04854,79,101,35.32545989680396,139.42446232596657,9183.3,Civic,land_use,0.9,11.1,1452.8
ghsl_5929_cell_04855,80,101,35.32545989680396,139.43578246255782,9011.1,Civic,land_use,21.9,10.1,1452.9
ghsl_5929_cell_04856,81,101,35.32545989680396,139.44710259914905,6519.1,Civic,land_use,28.6,11.5,1453.1
ghsl_5929_cell_04857,82,101,35.32545989680396,139.4584227357403,7045.8,Residential,land_use,3.9,9.8,1453.5
ghsl_5929_cell_04858,83,101,35.32545989680396,139.46974287233152,7799.0,Civic,land_use,1.0,5.3,1453.9
ghsl_5929_cell_04859,84,101,35.32545989680396,139.48106300892277,9164.2,Civic,land_use,1.6,9.7,1644.1
ghsl_5929_cell_04860,85,101,35.32545989680396,139.49238314551403,5180.9,Civic,land_use,1.0,49.1,2311.4
ghsl_5929_cell_04861,86,101,35.32545989680396,139.50370328210525,5845.4,Civic,land_use,3.2,38.7,2423.3
ghsl_5929_cell_04862,87,101,35.32545989680396,139.51502341869647,7757.2,Residential,heuristic,3.6,51.8,2494.8
ghsl_5929_cell_04863,88,101,35.32545989680396,139.52634355528772,4883.5,Civic,land_use,9.2,61.1,2462.3
ghsl_5929_cell_04864,89,101,35.32545989680396,139.53766369187895,1537.4,Civic,land_use,7.7,98.8,2423.3
ghsl_5929_cell_04865,90,101,35.32545989680396,139.5489838284702,3503.1,Utility,land_use,0.2,49.8,2494.9
ghsl_5929_cell_04866,91,101,35.32545989680396,139.5603039650614,4444.0,Civic,land_use,1.1,15.9,2916.5
ghsl_5929_cell_04867,92,101,35.32545989680396,139.57162410165265,3748.7,Residential,heuristic,1.0,52.9,3592.6
ghsl_5929_cell_04868,93,101,35.32545989680396,139.5829442382439,543.3,Residential,heuristic,0.0,43.3,4407.7
ghsl_5929_cell_04869,94,101,35.32545989680396,139.59426437483515,2759.6,Civic,land_use,1.5,75.3,5082.8
ghsl_5929_cell_04870,95,101,35.32545989680396,139.60558451142637,10907.2,Civic,land_use,3.6,41.4,4059.4
ghsl_5929_cell_04871,96,101,35.32545989680396,139.61690464801762,9923.1,Residential,land_use,2.4,3.7,3040.0
ghsl_5929_cell_04872,97,101,35.325459896803956,139.62822478460885,6471.8,Civic,land_use,7.6,1.8,2030.5
ghsl_5929_cell_04873,98,101,35.32545989680396,139.63954492120007,1689.9,Residential,land_use,15.3,7.2,1059.9
ghsl_5929_cell_04874,99,101,35.32545989680396,139.6508650577913,2634.1,Industrial,land_use,0.0,8.3,484.7
ghsl_5929_cell_04875,100,101,35.32545989680396,139.66218519438254,1257.5,Residential,heuristic,0.0,0.0,385.8
ghsl_5929_cell_04876,51,102,35.316722734454615,139.09812429391286,3417.0,Utility,land_use,0.0,58.8,386.5
ghsl_5929_cell_04877,52,102,35.316722734454615,139.10944366766014,4622.1,Industrial,land_use,1.2,38.7,484.7
ghsl_5929_cell_04878,53,102,35.316722734454615,139.12076304140749,4405.4,Industrial,land_use,0.1,38.2,1058.4
ghsl_5929_cell_04879,54,102,35.31672273445462,139.13208241515483,2180.2,Residential,heuristic,12.4,31.8,1642.4
ghsl_5929_cell_04880,55,102,35.31672273445462,139.14340178890214,1355.1,Civic,land_use,20.0,31.5,1642.7
ghsl_5929_cell_04881,56,102,35.316722734454615,139.15472116264948,2574.5,Industrial,land_use,7.2,33.1,1058.4
ghsl_5929_cell_04882,57,102,35.316722734454615,139.16604053639674,1543.0,Civic,land_use,2.3,32.0,386.4
ghsl_5929_cell_04883,64,102,35.316722734454615,139.245276152628,3099.0,Civic,land_use,0.1,75.0,386.4
ghsl_5929_cell_04884,65,102,35.31672273445462,139.25659552637535,875.7,Industrial,land_use,0.0,121.6,492.6
ghsl_5929_cell_04885,66,102,35.316722734454615,139.2679149001226,537.8,Industrial,land_use,1.0,87.6,1158.9
ghsl_5929_cell_04886,67,102,35.316722734454615,139.27923427386995,1793.4,Civic,land_use,0.0,17.7,1477.8
ghsl_5929_cell_04887,68,102,35.31672273445462,139.2905536476173,84.2,Residential,heuristic,2.6,58.5,1945.8
ghsl_5929_cell_04888,69,102,35.316722734454615,139.30187302136457,181.4,Residential,heuristic,0.3,119.6,1477.7
ghsl_5929_cell_04889,70,102,35.31672273445462,139.31319239511188,1180.0,Residential,heuristic,0.2,107.4,1453.9
ghsl_5929_cell_04890,71,102,35.316722734454615,139.32451176885922,5424.6,Residential,land_use,3.5,4.8,1158.8
ghsl_5929_cell_04891,72,102,35.316722734454615,139.33583114260654,5977.6,Civic,land_use,1.4,8.1,492.6
ghsl_5929_cell_04892,73,102,35.316722734454615,139.34715051635388,5469.5,Civic,land_use,0.8,9.5,484.6
ghsl_5929_cell_04893,74,102,35.31672273445462,139.35846989010116,3238.1,Civic,land_use,7.9,12.6,484.7
ghsl_5929_cell_04894,75,102,35.316722734454615,139.3697892638485,546.8,Utility,land_use,8.9,0.0,492.5
ghsl_5929_cell_04895,76,102,35.31672273445462,139.38110863759584,3127.9,Civic,land_use,2.0,10.6,484.2
ghsl_5929_cell_04896,77,102,35.316722734454615,139.39242801134316,3085.3,Civic,land_use,0.0,0.0,483.9
ghsl_5929_cell_04897,78,102,35.31672273445462,139.40374738509047,2036.1,Residential,heuristic,6.0,0.0,483.6
ghsl_5929_cell_04898,79,102,35.31672273445461,139.41506675883778,1601.6,Civic,land_use,2.3,3.1,483.5
ghsl_5929_cell_04899,80,102,35.31672273445462,139.42638613258507,341.7,Residential,heuristic,0.0,0.0,483.5
ghsl_5929_cell_04900,81,102,35.316722734454615,139.43770550633238,46.0,Residential,heuristic,1.9,0.0,483.6
ghsl_5929_cell_04901,82,102,35.316722734454615,139.4490248800797,831.5,Commercial,land_use,0.0,0.0,483.8
ghsl_5929_cell_04902,83,102,35.316722734454615,139.46034425382706,2904.2,Civic,land_use,0.7,0.0,484.2
ghsl_5929_cell_04903,84,102,35.316722734454615,139.47166362757437,4087.8,Commercial,land_use,3.2,3.8,484.6
ghsl_5929_cell_04904,85,102,35.316722734454615,139.48298300132166,6762.9,Civic,land_use,3.2,8.0,1059.4
ghsl_5929_cell_04905,86,102,35.316722734454615,139.49430237506897,7410.2,Civic,land_use,0.8,54.6,1477.4
ghsl_5929_cell_04906,87,102,35.316722734454615,139.5056217488163,7893.0,Civic,land_use,1.2,17.7,1454.0
ghsl_5929_cell_04907,88,102,35.316722734454615,139.51694112256362,4094.4,Residential,heuristic,36.1,75.1,1644.0
ghsl_5929_cell_04908,89,102,35.31672273445461,139.52826049631093,3312.6,Residential,heuristic,0.5,67.3,1477.4
ghsl_5929_cell_04909,90,102,35.316722734454615,139.53957987005825,4791.6,Civic,land_use,0.3,60.7,1454.0
ghsl_5929_cell_04910,91,102,35.316722734454615,139.5508992438056,7795.6,Civic,land_use,0.2,3.3,1644.2
ghsl_5929_cell_04911,92,102,35.316722734454615,139.5622186175529,3517.6,Residential,land_use,0.4,54.9,2311.6
ghsl_5929_cell_04912,93,102,35.316722734454615,139.5735379913002,2682.7,Civic,land_use,1.0,40.4,3178.5
ghsl_5929_cell_04913,94,102,35.31672273445462,139.58485736504753,569.7,Residential,heuristic,0.0,97.4,4120.9
ghsl_5929_cell_04914,95,102,35.316722734454615,139.59617673879487,188.4,Utility,land_use,3.6,103.1,4879.0
ghsl_5929_cell_04915,96,102,35.316722734454615,139.6074961125422,6710.1,Residential,land_use,7.7,31.4,4121.7
ghsl_5929_cell_04916,97,102,35.316722734454615,139.61881548628952,9223.4,Civic,land_use,1.4,10.9,3179.4
ghsl_5929_cell_04917,98,102,35.31672273445461,139.6301348600368,8890.1,Civic,land_use,8.8,5.8,2199.6
ghsl_5929_cell_04918,99,102,35.316722734454615,139.64145423378412,5173.0,Industrial,land_use,1.6,5.7,1216.9
ghsl_5929_cell_04919,100,102,35.316722734454615,139.65277360753143,632.3,Residential,heuristic,0.0,0.0,385.8
ghsl_5929_cell_04920,53,103,35.307985927325966,139.11139140361644,2581.4,Residential,heuristic,0.0,37.7,386.6
ghsl_5929_cell_04921,54,103,35.307985927325966,139.12271001485306,3148.5,Civic,land_use,0.0,31.1,484.6
ghsl_5929_cell_04922,55,103,35.307985927325966,139.13402862608964,4400.1,Civic,land_use,0.0,29.6,1058.3
ghsl_5929_cell_04923,56,103,35.30798592732596,139.14534723732626,3113.6,Residential,land_use,9.2,30.0,2028.9
ghsl_5929_cell_04924,57,103,35.307985927325966,139.15666584856285,1151.7,Residential,land_use,6.5,24.9,1058.4
ghsl_5929_cell_04925,58,103,35.307985927325966,139.16798445979947,1422.7,Residential,heuristic,0.6,25.9,386.5
ghsl_5929_cell_04926,63,103,35.307985927325966,139.22457751598253,1152.6,Residential,land_use,0.6,58.8,386.4
ghsl_5929_cell_04927,64,103,35.307985927325966,139.23589612721915,3775.4,Civic,land_use,0.5,60.8,492.6
ghsl_5929_cell_04928,65,103,35.307985927325966,139.2472147384558,4165.4,Industrial,land_use,0.2,26.2,1159.2
ghsl_5929_cell_04929,66,103,35.307985927325966,139.25853334969244,5227.2,Utility,land_use,7.6,28.4,1477.8
ghsl_5929_cell_04930,67,103,35.307985927325966,139.269851960929,4017.8,Civic,land_use,1.3,36.0,1453.8
ghsl_5929_cell_04931,68,103,35.307985927325966,139.2811705721656,4201.6,Residential,heuristic,3.1,14.6,1453.8
ghsl_5929_cell_04932,69,103,35.307985927325966,139.29248918340227,2158.7,Commercial,land_use,29.4,22.6,1159.0
ghsl_5929_cell_04933,70,103,35.307985927325966,139.3038077946389,4258.4,Residential,land_use,5.6,19.6,492.6
ghsl_5929_cell_04934,71,103,35.307985927325966,139.31512640587547,3392.3,Residential,land_use,0.3,14.0,484.6
ghsl_5929_cell_04935,72,103,35.307985927325966,139.32644501711212,3.8,Residential,heuristic,0.0,0.0,386.3
ghsl_5929_cell_04936,75,103,35.307985927325966,139.36040085082192,0.1,Residential,heuristic,0.0,0.0,386.2
ghsl_5929_cell_04937,85,103,35.307985927325966,139.47358696318807,713.4,Commercial,land_use,28.3,0.0,386.1
ghsl_5929_cell_04938,86,103,35.307985927325966,139.4849055744247,3472.5,Civic,land_use,1.3,8.5,1059.3
ghsl_5929_cell_04939,87,103,35.307985927325966,139.4962241856613,4700.1,Civic,land_use,0.9,24.7,492.5
ghsl_5929_cell_04940,88,103,35.307985927325966,139.50754279689795,3715.3,Civic,land_use,1.2,64.1,484.6
ghsl_5929_cell_04941,89,103,35.307985927325966,139.51886140813454,5152.0,Civic,land_use,1.5,63.0,1059.4
ghsl_5929_cell_04942,90,103,35.307985927325966,139.53018001937116,3728.0,Civic,land_use,0.2,59.4,492.5
ghsl_5929_cell_04943,91,103,35.307985927325966,139.54149863060778,2291.8,Commercial,land_use,3.1,0.0,484.6
ghsl_5929_cell_04944,92,103,35.307985927325966,139.5528172418444,5424.2,Utility,land_use,2.1,9.2,1059.5
ghsl_5929_cell_04945,93,103,35.307985927325966,139.564135853081,3906.3,Civic,land_use,1.0,82.7,2030.2
ghsl_5929_cell_04946,94,103,35.307985927325966,139.57545446431763,4216.2,Residential,heuristic,0.0,40.0,2915.8
ghsl_5929_cell_04947,95,103,35.307985927325966,139.58677307555425,2003.4,Civic,land_use,37.0,37.0,3591.9
ghsl_5929_cell_04948,96,103,35.307985927325966,139.59809168679087,4573.7,Civic,land_use,0.0,43.5,4200.1
ghsl_5929_cell_04949,97,103,35.307985927325966,139.60941029802748,2121.8,Residential,land_use,1.5,56.0,4059.4
ghsl_5929_cell_04950,98,103,35.307985927325966,139.62072890926407,7237.0,Civic,land_use,2.0,46.9,3039.9
ghsl_5929_cell_04951,99,103,35.307985927325966,139.63204752050072,8705.8,Industrial,land_use,1.4,59.3,2030.4
ghsl_5929_cell_04952,100,103,35.307985927325966,139.6433661317373,1411.0,Utility,land_use,0.1,5.7,1059.7
ghsl_5929_cell_04953,101,103,35.307985927325966,139.6546847429739,93.7,Residential,heuristic,0.0,0.0,385.9
ghsl_5929_cell_04954,55,104,35.29924947527762,139.12465955736698,3250.3,Residential,heuristic,0.1,38.5,386.6
ghsl_5929_cell_04955,56,104,35.29924947527763,139.135977406426,2678.7,Civic,land_use,10.1,23.8,1058.2
ghsl_5929_cell_04956,57,104,35.29924947527761,139.14729525548492,4300.9,Residential,land_use,4.3,24.4,1642.0
ghsl_5929_cell_04957,58,104,35.29924947527762,139.1586131045439,1948.5,Industrial,land_use,8.6,24.8,1058.3
ghsl_5929_cell_04958,59,104,35.29924947527762,139.16993095360291,2407.6,Residential,heuristic,6.1,20.0,484.6
ghsl_5929_cell_04959,60,104,35.29924947527762,139.18124880266186,3964.6,Civic,land_use,0.5,27.8,484.8
ghsl_5929_cell_04960,61,104,35.29924947527762,139.19256665172085,2083.3,Civic,land_use,0.8,25.0,484.9
ghsl_5929_cell_04961,62,104,35.29924947527762,139.2038845007798,219.2,Residential,heuristic,0.2,223.7,484.8
ghsl_5929_cell_04962,63,104,35.29924947527762,139.21520234983873,152.8,Residential,heuristic,0.0,88.2,492.6
ghsl_5929_cell_04963,64,104,35.29924947527761,139.2265201988977,2625.5,Civic,land_use,0.6,33.7,1159.4
ghsl_5929_cell_04964,65,104,35.29924947527762,139.2378380479567,3405.7,Civic,land_use,0.2,40.2,1477.9
ghsl_5929_cell_04965,66,104,35.29924947527761,139.24915589701567,2134.3,Civic,land_use,3.1,128.8,1159.3
ghsl_5929_cell_04966,67,104,35.29924947527761,139.26047374607467,4865.6,Industrial,land_use,0.1,22.4,492.6
ghsl_5929_cell_04967,68,104,35.29924947527762,139.2717915951336,2537.0,Civic,land_use,15.2,26.6,484.5
ghsl_5929_cell_04968,69,104,35.29924947527762,139.28310944419258,826.6,Commercial,land_use,0.4,0.0,484.5
ghsl_5929_cell_04969,70,104,35.29924947527762,139.29442729325154,36.4,Residential,heuristic,0.1,0.0,386.4
ghsl_5929_cell_04970,86,104,35.29924947527762,139.47551287819502,161.8,Residential,heuristic,2.7,49.4,386.2
ghsl_5929_cell_04971,87,104,35.29924947527762,139.486830727254,152.3,Commercial,land_use,0.6,0.0,386.1
ghsl_5929_cell_04972,89,104,35.29924947527761,139.50946642537195,6.6,Residential,heuristic,0.0,0.0,386.1
ghsl_5929_cell_04973,90,104,35.29924947527761,139.5207842744309,84.0,Residential,heuristic,0.6,0.0,386.1
ghsl_5929_cell_04974,92,104,35.29924947527761,139.54341997254883,30.0,Residential,heuristic,0.0,0.0,386.1
ghsl_5929_cell_04975,93,104,35.29924947527762,139.5547378216078,7674.9,Residential,land_use,1.3,53.2,1059.4
ghsl_5929_cell_04976,94,104,35.29924947527762,139.56605567066677,6968.3,Civic,land_use,1.3,41.3,1643.8
ghsl_5929_cell_04977,95,104,35.29924947527762,139.57737351972577,7392.2,Civic,land_use,0.0,43.6,2311.1
ghsl_5929_cell_04978,96,104,35.29924947527762,139.5886913687847,8419.2,Utility,land_use,6.9,6.9,2915.5
ghsl_5929_cell_04979,97,104,35.29924947527762,139.60000921784368,5492.2,Civic,land_use,0.0,10.0,3447.0
ghsl_5929_cell_04980,98,104,35.29924947527762,139.61132706690265,3243.9,Utility,land_use,0.1,26.2,3392.1
ghsl_5929_cell_04981,99,104,35.29924947527761,139.62264491596162,4934.9,Civic,land_use,1.0,42.6,3039.9
ghsl_5929_cell_04982,100,104,35.29924947527762,139.63396276502058,3546.1,Industrial,land_use,2.4,0.0,2030.4
ghsl_5929_cell_04983,101,104,35.29924947527762,139.64528061407955,1476.5,Utility,land_use,0.0,13.9,1059.6
ghsl_5929_cell_04984,102,104,35.29924947527762,139.65659846313852,306.6,Utility,land_use,0.0,0.0,484.6
ghsl_5929_cell_04985,103,104,35.29924947527762,139.6679163121975,3294.8,Industrial,land_use,0.3,22.7,484.7
ghsl_5929_cell_04986,104,104,35.29924947527762,139.67923416125643,1724.2,Residential,heuristic,0.1,0.0,385.9
ghsl_5929_cell_04987,56,105,35.290513378169216,139.12661166797758,2385.5,Residential,land_use,0.0,62.6,386.7
ghsl_5929_cell_04988,57,105,35.290513378169216,139.1379287551918,4212.9,Civic,land_use,0.9,19.6,484.6
ghsl_5929_cell_04989,58,105,35.290513378169216,139.149245842406,5287.3,Civic,land_use,3.0,19.9,1058.2
ghsl_5929_cell_04990,59,105,35.290513378169216,139.16056292962028,3214.9,Residential,heuristic,1.9,23.8,1642.1
ghsl_5929_cell_04991,60,105,35.29051337816922,139.17188001683448,3722.5,Civic,land_use,0.5,19.9,1453.9
ghsl_5929_cell_04992,61,105,35.290513378169216,139.1831971040487,4830.7,Civic,land_use,1.1,16.6,1454.1
ghsl_5929_cell_04993,62,105,35.29051337816922,139.1945141912629,3079.2,Industrial,land_use,1.3,10.6,1454.1
ghsl_5929_cell_04994,63,105,35.290513378169216,139.2058312784771,1596.6,Residential,heuristic,2.9,76.0,1454.0
ghsl_5929_cell_04995,64,105,35.290513378169216,139.21714836569134,171.2,Residential,heuristic,0.1,135.5,1477.9
ghsl_5929_cell_04996,65,105,35.290513378169216,139.22846545290554,2120.5,Civic,land_use,0.2,40.9,1159.6
ghsl_5929_cell_04997,66,105,35.290513378169216,139.2397825401198,3321.2,Residential,heuristic,0.4,24.1,492.6
ghsl_5929_cell_04998,67,105,35.29051337816922,139.251099627334,221.2,Residential,heuristic,0.0,0.0,386.5
ghsl_5929_cell_04999,93,105,35.29051337816922,139.54534389490362,19.2,Residential,heuristic,0.0,0.0,386.2
ghsl_5929_cell_05000,94,105,35.290513378169216,139.55666098211785,265.2,Residential,heuristic,1.3,0.0,484.6
ghsl_5929_cell_05001,95,105,35.290513378169216,139.56797806933207,1564.3,Civic,land_use,0.1,0.0,1059.3
ghsl_5929_cell_05002,96,105,35.290513378169216,139.5792951565463,5070.4,Civic,land_use,4.7,5.5,1643.6
ghsl_5929_cell_05003,97,105,35.29051337816922,139.5906122437605,5590.9,Civic,land_use,1.0,81.6,2310.9
ghsl_5929_cell_05004,98,105,35.29051337816922,139.6019293309747,3194.1,Civic,land_use,2.1,74.2,2462.1
ghsl_5929_cell_05005,99,105,35.290513378169216,139.61324641818894,1090.9,Industrial,land_use,0.6,97.2,2422.9
ghsl_5929_cell_05006,100,105,35.29051337816922,139.62456350540316,1466.4,Residential,land_use,0.2,64.4,2422.9
ghsl_5929_cell_05007,101,105,35.290513378169216,139.63588059261738,4013.4,Utility,land_use,0.9,19.5,2311.7
ghsl_5929_cell_05008,102,105,35.290513378169216,139.64719767983163,2265.7,Civic,land_use,1.4,10.3,1644.2
ghsl_5929_cell_05009,103,105,35.290513378169216,139.65851476704583,2534.8,Utility,land_use,0.0,5.1,1453.9
ghsl_5929_cell_05010,104,105,35.290513378169216,139.66983185426,6575.8,Utility,land_use,2.0,44.7,1059.6
ghsl_5929_cell_05011,105,105,35.29051337816922,139.68114894147422,722.5,Residential,heuristic,3.1,0.0,385.9
ghsl_5929_cell_05012,58,106,35.28177763586052,139.13988267141605,1487.6,Civic,land_use,3.8,31.9,386.7
ghsl_5929_cell_05013,59,106,35.281777635860514,139.15119899711829,4223.6,Residential,land_use,3.1,14.2,1058.1
ghsl_5929_cell_05014,60,106,35.28177763586051,139.16251532282047,4758.4,Industrial,land_use,2.5,12.4,2028.9
ghsl_5929_cell_05015,61,106,35.28177763586052,139.17383164852265,5321.1,Civic,land_use,0.5,14.8,2423.2
ghsl_5929_cell_05016,62,106,35.281777635860514,139.18514797422486,5760.6,Commercial,land_use,0.4,15.3,1947.6
ghsl_5929_cell_05017,63,106,35.28177763586052,139.19646429992707,4994.3,Commercial,land_use,1.7,21.5,1478.0
ghsl_5929_cell_05018,64,106,35.281777635860514,139.20778062562923,3696.7,Commercial,land_use,0.0,14.5,1159.8
ghsl_5929_cell_05019,65,106,35.281777635860514,139.2190969513314,1480.2,Utility,land_use,0.1,14.1,492.6
ghsl_5929_cell_05020,66,106,35.28177763586052,139.23041327703368,79.5,Residential,heuristic,0.2,0.0,386.5
ghsl_5929_cell_05021,95,106,35.281777635860514,139.5585867223975,23.7,Residential,heuristic,0.0,0.0,386.2
ghsl_5929_cell_05022,96,106,35.281777635860514,139.5699030480997,706.9,Residential,heuristic,0.0,13.4,484.6
ghsl_5929_cell_05023,97,106,35.28177763586052,139.58121937380193,4417.5,Civic,land_use,0.0,51.7,1059.3
ghsl_5929_cell_05024,98,106,35.281777635860514,139.59253569950408,770.8,Civic,land_use,0.1,24.0,1945.1
ghsl_5929_cell_05025,99,106,35.281777635860514,139.6038520252063,0.5,Industrial,land_use,8.5,170.5,1477.3
ghsl_5929_cell_05026,100,106,35.281777635860514,139.61516835090848,0.0,Unbuilt,heuristic,0.0,139.8,1453.7
ghsl_5929_cell_05027,101,106,35.281777635860514,139.62648467661072,19.8,Residential,heuristic,14.4,73.2,1453.7
ghsl_5929_cell_05028,102,106,35.281777635860514,139.6378010023129,848.2,Utility,land_use,9.7,57.1,1643.7
ghsl_5929_cell_05029,103,106,35.281777635860514,139.6491173280151,3420.0,Utility,land_use,2.0,12.9,2311.1
ghsl_5929_cell_05030,104,106,35.281777635860514,139.66043365371732,7662.8,Commercial,land_use,6.0,7.4,2030.3
ghsl_5929_cell_05031,105,106,35.281777635860514,139.67174997941953,10654.1,Civic,land_use,6.4,5.4,1059.5
ghsl_5929_cell_05032,106,106,35.28177763586052,139.68306630512174,1888.6,Residential,heuristic,0.9,0.0,484.6
ghsl_5929_cell_05033,107,106,35.281777635860514,139.69438263082392,1.9,Residential,heuristic,0.1,0.0,386.0
ghsl_5929_cell_05034,59,107,35.273042248211254,139.14183915412838,3161.7,Civic,land_use,6.8,41.2,386.8
ghsl_5929_cell_05035,60,107,35.27304224821127,139.15315471865117,5021.7,Civic,land_use,10.8,14.5,1058.0
ghsl_5929_cell_05036,61,107,35.273042248211254,139.16447028317393,4558.4,Industrial,land_use,0.2,4.5,2028.8
ghsl_5929_cell_05037,62,107,35.273042248211254,139.1757858476967,5196.7,Utility,land_use,1.1,9.3,1933.6
ghsl_5929_cell_05038,63,107,35.27304224821126,139.18710141221945,5369.3,Industrial,land_use,0.9,10.2,1160.1
ghsl_5929_cell_05039,64,107,35.273042248211254,139.19841697674218,6133.9,Civic,land_use,0.7,8.2,492.7
ghsl_5929_cell_05040,65,107,35.27304224821126,139.20973254126494,0.8,Residential,heuristic,0.0,0.0,386.6
ghsl_5929_cell_05041,97,107,35.27304224821126,139.5718306059933,4257.5,Residential,heuristic,0.0,5.5,386.2
ghsl_5929_cell_05042,98,107,35.273042248211254,139.58314617051607,3362.8,Civic,land_use,2.4,41.1,1217.8
ghsl_5929_cell_05043,99,107,35.27304224821126,139.59446173503886,1932.2,Industrial,land_use,0.0,126.6,1158.6
ghsl_5929_cell_05044,100,107,35.273042248211254,139.6057772995616,26.6,Residential,heuristic,1.0,78.7,492.4
ghsl_5929_cell_05045,101,107,35.27304224821126,139.61709286408433,117.5,Civic,land_use,0.6,66.2,484.5
ghsl_5929_cell_05046,102,107,35.27304224821126,139.62840842860712,21.7,Civic,land_use,0.0,114.9,484.6
ghsl_5929_cell_05047,103,107,35.273042248211254,139.63972399312988,635.1,Residential,heuristic,0.6,94.2,1059.3
ghsl_5929_cell_05048,104,107,35.27304224821127,139.65103955765264,8546.7,Commercial,land_use,2.5,61.1,2030.3
ghsl_5929_cell_05049,105,107,35.273042248211254,139.6623551221754,9278.0,Civic,land_use,4.1,36.2,2311.4
ghsl_5929_cell_05050,106,107,35.27304224821126,139.6736706866982,11268.2,Civic,land_use,8.3,35.6,1643.9
ghsl_5929_cell_05051,107,107,35.273042248211254,139.6849862512209,6362.9,Civic,land_use,0.6,0.0,1059.4
ghsl_5929_cell_05052,108,107,35.27304224821126,139.69630181574368,304.0,Residential,heuristic,3.0,0.0,386.0
ghsl_5929_cell_05053,60,108,35.26430721508131,139.14379820235948,3742.5,Civic,land_use,2.9,70.8,386.8
ghsl_5929_cell_05054,61,108,35.2643072150813,139.1551130060352,8105.3,Civic,land_use,0.7,13.7,1057.9
ghsl_5929_cell_05055,62,108,35.26430721508131,139.16642780971097,6022.8,Industrial,land_use,2.1,8.8,1478.0
ghsl_5929_cell_05056,63,108,35.26430721508131,139.1777426133867,4650.3,Residential,heuristic,8.7,3.9,1160.3
ghsl_5929_cell_05057,64,108,35.26430721508131,139.1890574170624,2076.6,Civic,land_use,0.4,7.6,386.7
ghsl_5929_cell_05058,97,108,35.26430721508131,139.5624459383617,377.8,Residential,heuristic,0.0,0.0,386.3
ghsl_5929_cell_05059,98,108,35.26430721508131,139.57376074203745,401.8,Residential,heuristic,29.0,0.0,484.5
ghsl_5929_cell_05060,99,108,35.26430721508131,139.58507554571315,7176.8,Civic,land_use,0.0,15.4,492.4
ghsl_5929_cell_05061,100,108,35.26430721508131,139.59639034938888,1847.5,Residential,heuristic,1.5,56.4,386.2
ghsl_5929_cell_05062,103,108,35.26430721508131,139.6303347604161,1077.2,Green,land_use,54.9,51.5,386.2
ghsl_5929_cell_05063,104,108,35.26430721508131,139.64164956409184,5602.9,Residential,land_use,1.3,61.2,1059.3
ghsl_5929_cell_05064,105,108,35.26430721508131,139.6529643677676,10300.9,Civic,land_use,0.3,52.0,2030.2
ghsl_5929_cell_05065,106,108,35.26430721508131,139.66427917144333,9264.7,Civic,land_use,12.6,55.3,2915.7
ghsl_5929_cell_05066,107,108,35.2643072150813,139.67559397511906,8455.8,Civic,land_use,0.4,57.5,2030.3
ghsl_5929_cell_05067,108,108,35.26430721508131,139.6869087787948,7991.9,Utility,land_use,2.2,8.3,1059.4
ghsl_5929_cell_05068,109,108,35.2643072150813,139.69822358247052,4388.3,Utility,land_use,3.9,0.0,484.6
ghsl_5929_cell_05069,110,108,35.2643072150813,139.70953838614622,3314.5,Residential,heuristic,3.9,0.0,484.8
ghsl_5929_cell_05070,111,108,35.26430721508131,139.72085318982198,868.5,Commercial,land_use,0.2,0.0,484.9
ghsl_5929_cell_05071,112,108,35.26430721508131,139.73216799349774,878.0,Residential,heuristic,0.2,0.0,484.9
ghsl_5929_cell_05072,113,108,35.26430721508131,139.7434827971735,220.3,Residential,heuristic,0.5,0.0,386.0
ghsl_5929_cell_05073,61,109,35.25557253633054,139.14575981514074,2997.1,Civic,land_use,12.9,66.6,386.8
ghsl_5929_cell_05074,62,109,35.25557253633054,139.1570738583017,7874.0,Civic,land_use,1.4,13.7,1160.5
ghsl_5929_cell_05075,63,109,35.25557253633054,139.16838790146267,8875.6,Civic,land_use,1.3,6.2,492.7
ghsl_5929_cell_05076,64,109,35.25557253633054,139.17970194462362,236.2,Residential,heuristic,0.0,0.0,386.8
ghsl_5929_cell_05077,99,109,35.25557253633054,139.57569345525744,674.7,Civic,land_use,1.6,0.0,386.3
ghsl_5929_cell_05078,104,109,35.25557253633054,139.63226367106228,302.9,Residential,heuristic,0.0,113.2,386.3
ghsl_5929_cell_05079,105,109,35.25557253633054,139.64357771422323,4407.6,Industrial,land_use,3.5,54.6,1218.0
ghsl_5929_cell_05080,106,109,35.25557253633054,139.6548917573842,8047.2,Civic,land_use,1.1,31.7,2201.0
ghsl_5929_cell_05081,107,109,35.25557253633054,139.66620580054519,7909.9,Civic,land_use,0.1,12.6,3177.9
ghsl_5929_cell_05082,108,109,35.25557253633054,139.67751984370614,9985.8,Civic,land_use,0.6,6.9,2310.9
ghsl_5929_cell_05083,109,109,35.25557253633055,139.6888338868671,8656.5,Civic,land_use,4.2,28.9,1643.5
ghsl_5929_cell_05084,110,109,35.25557253633054,139.70014793002807,7947.7,Civic,land_use,1.9,50.5,1453.7
ghsl_5929_cell_05085,111,109,35.25557253633054,139.711461973189,8751.0,Civic,land_use,1.7,34.5,1453.9
ghsl_5929_cell_05086,112,109,35.25557253633055,139.72277601635002,7869.7,Utility,land_use,4.6,73.0,1454.0
ghsl_5929_cell_05087,113,109,35.25557253633054,139.73409005951095,4362.4,Green,land_use,70.2,41.2,1059.4
ghsl_5929_cell_05088,114,109,35.25557253633054,139.74540410267196,194.5,Residential,heuristic,0.5,24.2,386.1
ghsl_5929_cell_05089,61,110,35.24683821181891,139.1364107085262,2474.3,Residential,land_use,0.8,67.6,386.9
ghsl_5929_cell_05090,62,110,35.24683821181891,139.1477239915045,5706.3,Civic,land_use,17.4,25.4,484.5
ghsl_5929_cell_05091,63,110,35.246838211818904,139.15903727448276,4905.4,Civic,land_use,1.9,10.8,386.9
ghsl_5929_cell_05092,104,110,35.246838211818904,139.62288187659277,5.2,Residential,heuristic,0.0,208.3,386.3
ghsl_5929_cell_05093,105,110,35.24683821181891,139.63419515957105,89.7,Industrial,land_use,0.0,155.6,1158.8
ghsl_5929_cell_05094,106,110,35.24683821181891,139.64550844254939,9.5,Residential,heuristic,0.0,100.8,1931.3
ghsl_5929_cell_05095,107,110,35.246838211818904,139.65682172552764,773.9,Residential,heuristic,0.0,40.9,2740.1
ghsl_5929_cell_05096,108,110,35.246838211818904,139.6681350085059,6286.9,Civic,land_use,2.6,36.4,3590.9
ghsl_5929_cell_05097,109,110,35.24683821181891,139.67944829148428,8018.3,Residential,land_use,0.0,33.2,2915.0
ghsl_5929_cell_05098,110,110,35.246838211818904,139.69076157446253,8870.6,Civic,land_use,4.1,44.5,2493.8
ghsl_5929_cell_05099,111,110,35.24683821181891,139.7020748574408,7159.1,Civic,land_use,0.9,16.1,2422.8
ghsl_5929_cell_05100,112,110,35.246838211818904,139.71338814041908,7653.5,Civic,land_use,1.8,13.8,1931.1
ghsl_5929_cell_05101,113,110,35.24683821181891,139.7247014233974,8716.6,Civic,land_use,0.0,23.8,1158.6
ghsl_5929_cell_05102,114,110,35.24683821181891,139.73601470637567,3322.5,Residential,heuristic,0.3,0.0,386.2
ghsl_5929_cell_05103,63,111,35.23810424140641,139.14969073048397,876.9,Residential,heuristic,0.2,0.0,386.9
ghsl_5929_cell_05104,103,111,35.23810424140641,139.60219165558615,1565.2,Residential,heuristic,0.0,18.6,386.4
ghsl_5929_cell_05105,104,111,35.23810424140642,139.61350417871375,1779.7,Civic,land_use,0.0,72.2,492.4
ghsl_5929_cell_05106,105,111,35.23810424140642,139.6248167018413,210.2,Residential,heuristic,1.8,76.6,1159.0
ghsl_5929_cell_05107,106,111,35.23810424140641,139.6361292249688,82.8,Residential,heuristic,1.4,60.2,1931.6
ghsl_5929_cell_05108,107,111,35.23810424140641,139.6474417480964,40.9,Residential,heuristic,0.0,78.1,2704.0
ghsl_5929_cell_05109,108,111,35.23810424140641,139.65875427122396,2321.9,Residential,heuristic,0.0,38.1,3416.1
ghsl_5929_cell_05110,109,111,35.23810424140642,139.6700667943515,5132.1,Civic,land_use,27.3,23.6,3685.0
ghsl_5929_cell_05111,110,111,35.238104241406404,139.68137931747904,5894.0,Industrial,land_use,6.6,21.7,3446.8
ghsl_5929_cell_05112,111,111,35.23810424140641,139.69269184060659,5080.8,Industrial,land_use,2.5,7.2,3213.7
ghsl_5929_cell_05113,112,111,35.23810424140642,139.70400436373413,7754.8,Utility,land_use,3.7,16.0,2201.2
ghsl_5929_cell_05114,113,111,35.23810424140641,139.71531688686173,6799.9,Civic,land_use,1.7,51.3,1218.0
ghsl_5929_cell_05115,114,111,35.23810424140642,139.72662940998927,2290.0,Residential,land_use,0.8,0.0,386.2
ghsl_5929_cell_05116,103,112,35.22937062495313,139.59281881184847,8.0,Residential,heuristic,0.0,0.0,386.4
ghsl_5929_cell_05117,104,112,35.22937062495313,139.60413057545705,1179.1,Residential,heuristic,0.0,17.2,1058.8
ghsl_5929_cell_05118,105,112,35.22937062495313,139.6154423390656,2697.8,Civic,land_use,2.6,46.7,1477.3
ghsl_5929_cell_05119,106,112,35.22937062495312,139.6267541026742,3353.2,Civic,land_use,2.5,24.0,1946.2
ghsl_5929_cell_05120,107,112,35.22937062495312,139.6380658662828,2084.7,Residential,heuristic,5.9,31.0,2422.2
ghsl_5929_cell_05121,108,112,35.22937062495313,139.64937762989138,4702.4,Residential,heuristic,0.8,39.6,2422.2
ghsl_5929_cell_05122,109,112,35.22937062495313,139.66068939349998,2604.2,Residential,heuristic,0.0,58.4,2492.6
ghsl_5929_cell_05123,110,112,35.22937062495313,139.67200115710853,5307.0,Residential,land_use,4.4,65.6,2833.9
ghsl_5929_cell_05124,111,112,35.22937062495312,139.68331292071719,3807.9,Residential,heuristic,0.2,93.2,2462.0
ghsl_5929_cell_05125,112,112,35.22937062495312,139.69462468432576,8147.5,Industrial,land_use,0.7,14.8,2422.1
ghsl_5929_cell_05126,113,112,35.22937062495313,139.70593644793436,8889.0,Utility,land_use,1.9,4.1,2030.1
ghsl_5929_cell_05127,114,112,35.22937062495312,139.71724821154294,3981.4,Commercial,land_use,0.2,32.3,1059.1
ghsl_5929_cell_05128,115,112,35.22937062495312,139.72855997515157,636.8,Commercial,land_use,3.2,4.2,386.3
ghsl_5929_cell_05129,104,113,35.22063736231915,139.59476106485602,9.7,Residential,heuristic,0.0,0.0,386.5
ghsl_5929_cell_05130,105,113,35.22063736231915,139.60607206927727,1052.8,Commercial,land_use,0.1,0.0,484.4
ghsl_5929_cell_05131,106,113,35.22063736231915,139.6173830736985,945.3,Residential,heuristic,0.7,0.0,1058.7
ghsl_5929_cell_05132,107,113,35.22063736231915,139.6286940781198,4898.1,Civic,land_use,2.3,9.2,1477.3
ghsl_5929_cell_05133,108,113,35.22063736231915,139.64000508254102,6855.5,Civic,land_use,0.9,16.4,1453.2
ghsl_5929_cell_05134,109,113,35.22063736231915,139.65131608696228,1055.8,Civic,land_use,4.8,151.3,1453.3
ghsl_5929_cell_05135,110,113,35.22063736231915,139.6626270913835,417.5,Commercial,land_use,1.2,138.1,1642.2
ghsl_5929_cell_05136,111,113,35.22063736231917,139.67393809580474,1423.5,Residential,heuristic,0.3,54.8,1946.4
ghsl_5929_cell_05137,112,113,35.22063736231915,139.685249100226,6167.3,Civic,land_use,3.5,46.4,1477.2
ghsl_5929_cell_05138,113,113,35.22063736231915,139.69656010464726,4183.6,Green,land_use,60.9,94.9,1453.2
ghsl_5929_cell_05139,114,113,35.22063736231915,139.7078711090685,1891.5,Commercial,land_use,3.5,56.2,1453.2
ghsl_5929_cell_05140,115,113,35.22063736231915,139.71918211348978,960.3,Commercial,land_use,0.2,0.0,1059.0
ghsl_5929_cell_05141,116,113,35.22063736231915,139.730493117911,30.5,Residential,heuristic,0.0,0.0,386.3
ghsl_5929_cell_05142,106,114,35.21190445336469,139.6080161360764,11.4,Residential,heuristic,0.0,0.0,386.5
ghsl_5929_cell_05143,107,114,35.211904453364674,139.6193263816417,912.4,Residential,land_use,0.2,0.0,1159.6
ghsl_5929_cell_05144,108,114,35.211904453364674,139.63063662720708,2131.1,Utility,land_use,2.3,5.8,492.4
ghsl_5929_cell_05145,109,114,35.211904453364674,139.64194687277245,1279.5,Residential,heuristic,0.0,32.7,484.4
ghsl_5929_cell_05146,110,114,35.211904453364674,139.65325711833782,415.7,Residential,heuristic,0.0,69.5,484.4
ghsl_5929_cell_05147,111,114,35.211904453364674,139.6645673639032,621.1,Residential,heuristic,0.0,62.1,1058.8
ghsl_5929_cell_05148,112,114,35.21190445336469,139.67587760946856,4394.7,Civic,land_use,0.2,44.5,1159.4
ghsl_5929_cell_05149,113,114,35.211904453364674,139.68718785503395,8872.6,Civic,land_use,1.0,41.5,492.4
ghsl_5929_cell_05150,114,114,35.211904453364674,139.69849810059927,2068.2,Civic,land_use,1.2,21.5,484.3
ghsl_5929_cell_05151,115,114,35.21190445336469,139.70980834616464,1255.1,Civic,land_use,0.0,42.7,484.3
ghsl_5929_cell_05152,116,114,35.211904453364674,139.72111859173,1424.2,Residential,heuristic,17.0,1.0,386.4
ghsl_5929_cell_05153,106,115,35.203171897949936,139.59865328784383,3.2,Residential,heuristic,0.0,0.0,386.6
ghsl_5929_cell_05154,107,115,35.20317189794994,139.60996277488456,3230.0,Civic,land_use,0.1,13.9,492.5
ghsl_5929_cell_05155,108,115,35.203171897949936,139.62127226192536,2377.4,Utility,land_use,26.9,4.1,386.5
ghsl_5929_cell_05156,111,115,35.203171897949936,139.6552007230477,510.9,Residential,heuristic,0.0,55.9,386.5
ghsl_5929_cell_05157,112,115,35.203171897949936,139.66651021008846,3977.6,Civic,land_use,0.0,13.5,1058.7
ghsl_5929_cell_05158,113,115,35.20317189794994,139.67781969712928,4027.1,Civic,land_use,2.1,9.8,386.5
ghsl_5929_cell_05159,107,116,35.19443969593521,139.60060325588574,746.2,Residential,heuristic,4.5,9.7,386.6
ghsl_5929_cell_05160,112,116,35.194439695935216,139.6571469001224,3281.3,Civic,land_use,0.3,41.1,386.6
ghsl_5929_cell_05161,113,116,35.19443969593521,139.66845562896975,1577.1,Residential,heuristic,0.0,0.0,386.6
ghsl_5929_cell_05162,112,117,35.18570784718084,139.64778767760848,4504.9,Residential,land_use,14.2,16.1,386.6
ghsl_5929_cell_05163,113,117,35.18570784718084,139.6590956485934,1172.8,Industrial,land_use,1.3,0.0,386.6
ghsl_5929_cell_05164,112,118,35.176976351547246,139.6384325405864,3249.2,Residential,land_use,25.9,17.1,386.7
