:START_ID(City),:END_ID(GridCell)
ghsl_5929,ghsl_5929_cell_00000
ghsl_5929,ghsl_5929_cell_00001
ghsl_5929,ghsl_5929_cell_00002
ghsl_5929,ghsl_5929_cell_00003
ghsl_5929,ghsl_5929_cell_00004
ghsl_5929,ghsl_5929_cell_00005
ghsl_5929,ghsl_5929_cell_00006
ghsl_5929,ghsl_5929_cell_00007
ghsl_5929,ghsl_5929_cell_00008
ghsl_5929,ghsl_5929_cell_00009
ghsl_5929,ghsl_5929_cell_00010
ghsl_5929,ghsl_5929_cell_00011
ghsl_5929,ghsl_5929_cell_00012
ghsl_5929,ghsl_5929_cell_00013
ghsl_5929,ghsl_5929_cell_00014
ghsl_5929,ghsl_5929_cell_00015
ghsl_5929,ghsl_5929_cell_00016
ghsl_5929,ghsl_5929_cell_00017
ghsl_5929,ghsl_5929_cell_00018
ghsl_5929,ghsl_5929_cell_00019
ghsl_5929,ghsl_5929_cell_00020
ghsl_5929,ghsl_5929_cell_00021
ghsl_5929,ghsl_5929_cell_00022
ghsl_5929,ghsl_5929_cell_00023
ghsl_5929,ghsl_5929_cell_00024
ghsl_5929,ghsl_5929_cell_00025
ghsl_5929,ghsl_5929_cell_00026
ghsl_5929,ghsl_5929_cell_00027
ghsl_5929,ghsl_5929_cell_00028
ghsl_5929,ghsl_5929_cell_00029
ghsl_5929,ghsl_5929_cell_00030
ghsl_5929,ghsl_5929_cell_00031
ghsl_5929,ghsl_5929_cell_00032
ghsl_5929,ghsl_5929_cell_00033
ghsl_5929,ghsl_5929_cell_00034
ghsl_5929,ghsl_5929_cell_00035
ghsl_5929,ghsl_5929_cell_00036
ghsl_5929,ghsl_5929_cell_00037
ghsl_5929,ghsl_5929_cell_00038
ghsl_5929,ghsl_5929_cell_00039
ghsl_5929,ghsl_5929_cell_00040
ghsl_5929,ghsl_5929_cell_00041
ghsl_5929,ghsl_5929_cell_00042
ghsl_5929,ghsl_5929_cell_00043
ghsl_5929,ghsl_5929_cell_00044
ghsl_5929,ghsl_5929_cell_00045
ghsl_5929,ghsl_5929_cell_00046
ghsl_5929,ghsl_5929_cell_00047
ghsl_5929,ghsl_5929_cell_00048
ghsl_5929,ghsl_5929_cell_00049
ghsl_5929,ghsl_5929_cell_00050
ghsl_5929,ghsl_5929_cell_00051
ghsl_5929,ghsl_5929_cell_00052
ghsl_5929,ghsl_5929_cell_00053
ghsl_5929,ghsl_5929_cell_00054
ghsl_5929,ghsl_5929_cell_00055
ghsl_5929,ghsl_5929_cell_00056
ghsl_5929,ghsl_5929_cell_00057
ghsl_5929,ghsl_5929_cell_00058
ghsl_5929,ghsl_5929_cell_00059
ghsl_5929,ghsl_5929_cell_00060
ghsl_5929,ghsl_5929_cell_00061
ghsl_5929,ghsl_5929_cell_00062
ghsl_5929,ghsl_5929_cell_00063
ghsl_5929,ghsl_5929_cell_00064
ghsl_5929,ghsl_5929_cell_00065
ghsl_5929,ghsl_5929_cell_00066
ghsl_5929,ghsl_5929_cell_00067
ghsl_5929,ghsl_5929_cell_00068
ghsl_5929,ghsl_5929_cell_00069
ghsl_5929,ghsl_5929_cell_00070
ghsl_5929,ghsl_5929_cell_00071
ghsl_5929,ghsl_5929_cell_00072
ghsl_5929,ghsl_5929_cell_00073
ghsl_5929,ghsl_5929_cell_00074
ghsl_5929,ghsl_5929_cell_00075
ghsl_5929,ghsl_5929_cell_00076
ghsl_5929,ghsl_5929_cell_00077
ghsl_5929,ghsl_5929_cell_00078
ghsl_5929,ghsl_5929_cell_00079
ghsl_5929,ghsl_5929_cell_00080
ghsl_5929,ghsl_5929_cell_00081
ghsl_5929,ghsl_5929_cell_00082
ghsl_5929,ghsl_5929_cell_00083
ghsl_5929,ghsl_5929_cell_00084
ghsl_5929,ghsl_5929_cell_00085
ghsl_5929,ghsl_5929_cell_00086
ghsl_5929,ghsl_5929_cell_00087
ghsl_5929,ghsl_5929_cell_00088
ghsl_5929,ghsl_5929_cell_00089
ghsl_5929,ghsl_5929_cell_00090
ghsl_5929,ghsl_5929_cell_00091
ghsl_5929,ghsl_5929_cell_00092
ghsl_5929,ghsl_5929_cell_00093
ghsl_5929,ghsl_5929_cell_00094
ghsl_5929,ghsl_5929_cell_00095
ghsl_5929,ghsl_5929_cell_00096
ghsl_5929,ghsl_5929_cell_00097
ghsl_5929,ghsl_5929_cell_00098
ghsl_5929,ghsl_5929_cell_00099
ghsl_5929,ghsl_5929_cell_00100
ghsl_5929,ghsl_5929_cell_00101
ghsl_5929,ghsl_5929_cell_00102
ghsl_5929,ghsl_5929_cell_00103
ghsl_5929,ghsl_5929_cell_00104
ghsl_5929,ghsl_5929_cell_00105
ghsl_5929,ghsl_5929_cell_00106
ghsl_5929,ghsl_5929_cell_00107
ghsl_5929,ghsl_5929_cell_00108
ghsl_5929,ghsl_5929_cell_00109
ghsl_5929,ghsl_5929_cell_00110
ghsl_5929,ghsl_5929_cell_00111
ghsl_5929,ghsl_5929_cell_00112
ghsl_5929,ghsl_5929_cell_00113
ghsl_5929,ghsl_5929_cell_00114
ghsl_5929,ghsl_5929_cell_00115
ghsl_5929,ghsl_5929_cell_00116
ghsl_5929,ghsl_5929_cell_00117
ghsl_5929,ghsl_5929_cell_00118
ghsl_5929,ghsl_5929_cell_00119
ghsl_5929,ghsl_5929_cell_00120
ghsl_5929,ghsl_5929_cell_00121
ghsl_5929,ghsl_5929_cell_00122
ghsl_5929,ghsl_5929_cell_00123
ghsl_5929,ghsl_5929_cell_00124
ghsl_5929,ghsl_5929_cell_00125
ghsl_5929,ghsl_5929_cell_00126
ghsl_5929,ghsl_5929_cell_00127
ghsl_5929,ghsl_5929_cell_00128
ghsl_5929,ghsl_5929_cell_00129
ghsl_5929,ghsl_5929_cell_00130
ghsl_5929,ghsl_5929_cell_00131
ghsl_5929,ghsl_5929_cell_00132
ghsl_5929,ghsl_5929_cell_00133
ghsl_5929,ghsl_5929_cell_00134
ghsl_5929,ghsl_5929_cell_00135
ghsl_5929,ghsl_5929_cell_00136
ghsl_5929,ghsl_5929_cell_00137
ghsl_5929,ghsl_5929_cell_00138
ghsl_5929,ghsl_5929_cell_00139
ghsl_5929,ghsl_5929_cell_00140
ghsl_5929,ghsl_5929_cell_00141
ghsl_5929,ghsl_5929_cell_00142
ghsl_5929,ghsl_5929_cell_00143
ghsl_5929,ghsl_5929_cell_00144
ghsl_5929,ghsl_5929_cell_00145
ghsl_5929,ghsl_5929_cell_00146
ghsl_5929,ghsl_5929_cell_00147
ghsl_5929,ghsl_5929_cell_00148
ghsl_5929,ghsl_5929_cell_00149
ghsl_5929,ghsl_5929_cell_00150
ghsl_5929,ghsl_5929_cell_00151
ghsl_5929,ghsl_5929_cell_00152
ghsl_5929,ghsl_5929_cell_00153
ghsl_5929,ghsl_5929_cell_00154
ghsl_5929,ghsl_5929_cell_00155
ghsl_5929,ghsl_5929_cell_00156
ghsl_5929,ghsl_5929_cell_00157
ghsl_5929,ghsl_5929_cell_00158
ghsl_5929,ghsl_5929_cell_00159
ghsl_5929,ghsl_5929_cell_00160
ghsl_5929,ghsl_5929_cell_00161
ghsl_5929,ghsl_5929_cell_00162
ghsl_5929,ghsl_5929_cell_00163
ghsl_5929,ghsl_5929_cell_00164
ghsl_5929,ghsl_5929_cell_00165
ghsl_5929,ghsl_5929_cell_00166
ghsl_5929,ghsl_5929_cell_00167
ghsl_5929,ghsl_5929_cell_00168
ghsl_5929,ghsl_5929_cell_00169
ghsl_5929,ghsl_5929_cell_00170
ghsl_5929,ghsl_5929_cell_00171
ghsl_5929,ghsl_5929_cell_00172
ghsl_5929,ghsl_5929_cell_00173
ghsl_5929,ghsl_5929_cell_00174
ghsl_5929,ghsl_5929_cell_00175
ghsl_5929,ghsl_5929_cell_00176
ghsl_5929,ghsl_5929_cell_00177
ghsl_5929,ghsl_5929_cell_00178
ghsl_5929,ghsl_5929_cell_00179
ghsl_5929,ghsl_5929_cell_00180
ghsl_5929,ghsl_5929_cell_00181
ghsl_5929,ghsl_5929_cell_00182
ghsl_5929,ghsl_5929_cell_00183
ghsl_5929,ghsl_5929_cell_00184
ghsl_5929,ghsl_5929_cell_00185
ghsl_5929,ghsl_5929_cell_00186
ghsl_5929,ghsl_5929_cell_00187
ghsl_5929,ghsl_5929_cell_00188
ghsl_5929,ghsl_5929_cell_00189
ghsl_5929,ghsl_5929_cell_00190
ghsl_5929,ghsl_5929_cell_00191
ghsl_5929,ghsl_5929_cell_00192
ghsl_5929,ghsl_5929_cell_00193
ghsl_5929,ghsl_5929_cell_00194
ghsl_5929,ghsl_5929_cell_00195
ghsl_5929,ghsl_5929_cell_00196
ghsl_5929,ghsl_5929_cell_00197
ghsl_5929,ghsl_5929_cell_00198
ghsl_5929,ghsl_5929_cell_00199
ghsl_5929,ghsl_5929_cell_00200
ghsl_5929,ghsl_5929_cell_00201
ghsl_5929,ghsl_5929_cell_00202
ghsl_5929,ghsl_5929_cell_00203
ghsl_5929,ghsl_5929_cell_00204
ghsl_5929,ghsl_5929_cell_00205
ghsl_5929,ghsl_5929_cell_00206
ghsl_5929,ghsl_5929_cell_00207
ghsl_5929,ghsl_5929_cell_00208
ghsl_5929,ghsl_5929_cell_00209
ghsl_5929,ghsl_5929_cell_00210
ghsl_5929,ghsl_5929_cell_00211
ghsl_5929,ghsl_5929_cell_00212
ghsl_5929,ghsl_5929_cell_00213
ghsl_5929,ghsl_5929_cell_00214
ghsl_5929,ghsl_5929_cell_00215
ghsl_5929,ghsl_5929_cell_00216
ghsl_5929,ghsl_5929_cell_00217
ghsl_5929,ghsl_5929_cell_00218
ghsl_5929,ghsl_5929_cell_00219
ghsl_5929,ghsl_5929_cell_00220
ghsl_5929,ghsl_5929_cell_00221
ghsl_5929,ghsl_5929_cell_00222
ghsl_5929,ghsl_5929_cell_00223
ghsl_5929,ghsl_5929_cell_00224
ghsl_5929,ghsl_5929_cell_00225
ghsl_5929,ghsl_5929_cell_00226
ghsl_5929,ghsl_5929_cell_00227
ghsl_5929,ghsl_5929_cell_00228
ghsl_5929,ghsl_5929_cell_00229
ghsl_5929,ghsl_5929_cell_00230
ghsl_5929,ghsl_5929_cell_00231
ghsl_5929,ghsl_5929_cell_00232
ghsl_5929,ghsl_5929_cell_00233
ghsl_5929,ghsl_5929_cell_00234
ghsl_5929,ghsl_5929_cell_00235
ghsl_5929,ghsl_5929_cell_00236
ghsl_5929,ghsl_5929_cell_00237
ghsl_5929,ghsl_5929_cell_00238
ghsl_5929,ghsl_5929_cell_00239
ghsl_5929,ghsl_5929_cell_00240
ghsl_5929,ghsl_5929_cell_00241
ghsl_5929,ghsl_5929_cell_00242
ghsl_5929,ghsl_5929_cell_00243
ghsl_5929,ghsl_5929_cell_00244
ghsl_5929,ghsl_5929_cell_00245
ghsl_5929,ghsl_5929_cell_00246
ghsl_5929,ghsl_5929_cell_00247
ghsl_5929,ghsl_5929_cell_00248
ghsl_5929,ghsl_5929_cell_00249
ghsl_5929,ghsl_5929_cell_00250
ghsl_5929,ghsl_5929_cell_00251
ghsl_5929,ghsl_5929_cell_00252
ghsl_5929,ghsl_5929_cell_00253
ghsl_5929,ghsl_5929_cell_00254
ghsl_5929,ghsl_5929_cell_00255
ghsl_5929,ghsl_5929_cell_00256
ghsl_5929,ghsl_5929_cell_00257
ghsl_5929,ghsl_5929_cell_00258
ghsl_5929,ghsl_5929_cell_00259
ghsl_5929,ghsl_5929_cell_00260
ghsl_5929,ghsl_5929_cell_00261
ghsl_5929,ghsl_5929_cell_00262
ghsl_5929,ghsl_5929_cell_00263
ghsl_5929,ghsl_5929_cell_00264
ghsl_5929,ghsl_5929_cell_00265
ghsl_5929,ghsl_5929_cell_00266
ghsl_5929,ghsl_5929_cell_00267
ghsl_5929,ghsl_5929_cell_00268
ghsl_5929,ghsl_5929_cell_00269
ghsl_5929,ghsl_5929_cell_00270
ghsl_5929,ghsl_5929_cell_00271
ghsl_5929,ghsl_5929_cell_00272
ghsl_5929,ghsl_5929_cell_00273
ghsl_5929,ghsl_5929_cell_00274
ghsl_5929,ghsl_5929_cell_00275
ghsl_5929,ghsl_5929_cell_00276
ghsl_5929,ghsl_5929_cell_00277
ghsl_5929,ghsl_5929_cell_00278
ghsl_5929,ghsl_5929_cell_00279
ghsl_5929,ghsl_5929_cell_00280
ghsl_5929,ghsl_5929_cell_00281
ghsl_5929,ghsl_5929_cell_00282
ghsl_5929,ghsl_5929_cell_00283
ghsl_5929,ghsl_5929_cell_00284
ghsl_5929,ghsl_5929_cell_00285
ghsl_5929,ghsl_5929_cell_00286
ghsl_5929,ghsl_5929_cell_00287
ghsl_5929,ghsl_5929_cell_00288
ghsl_5929,ghsl_5929_cell_00289
ghsl_5929,ghsl_5929_cell_00290
ghsl_5929,ghsl_5929_cell_00291
ghsl_5929,ghsl_5929_cell_00292
ghsl_5929,ghsl_5929_cell_00293
ghsl_5929,ghsl_5929_cell_00294
ghsl_5929,ghsl_5929_cell_00295
ghsl_5929,ghsl_5929_cell_00296
ghsl_5929,ghsl_5929_cell_00297
ghsl_5929,ghsl_5929_cell_00298
ghsl_5929,ghsl_5929_cell_00299
ghsl_5929,ghsl_5929_cell_00300
ghsl_5929,ghsl_5929_cell_00301
ghsl_5929,ghsl_5929_cell_00302
ghsl_5929,ghsl_5929_cell_00303
ghsl_5929,ghsl_5929_cell_00304
ghsl_5929,ghsl_5929_cell_00305
ghsl_5929,ghsl_5929_cell_00306
ghsl_5929,ghsl_5929_cell_00307
ghsl_5929,ghsl_5929_cell_00308
ghsl_5929,ghsl_5929_cell_00309
ghsl_5929,ghsl_5929_cell_00310
ghsl_5929,ghsl_5929_cell_00311
ghsl_5929,ghsl_5929_cell_00312
ghsl_5929,ghsl_5929_cell_00313
ghsl_5929,ghsl_5929_cell_00314
ghsl_5929,ghsl_5929_cell_00315
ghsl_5929,ghsl_5929_cell_00316
ghsl_5929,ghsl_5929_cell_00317
ghsl_5929,ghsl_5929_cell_00318
ghsl_5929,ghsl_5929_cell_00319
ghsl_5929,ghsl_5929_cell_00320
ghsl_5929,ghsl_5929_cell_00321
ghsl_5929,ghsl_5929_cell_00322
ghsl_5929,ghsl_5929_cell_00323
ghsl_5929,ghsl_5929_cell_00324
ghsl_5929,ghsl_5929_cell_00325
ghsl_5929,ghsl_5929_cell_00326
ghsl_5929,ghsl_5929_cell_00327
ghsl_5929,ghsl_5929_cell_00328
ghsl_5929,ghsl_5929_cell_00329
ghsl_5929,ghsl_5929_cell_00330
ghsl_5929,ghsl_5929_cell_00331
ghsl_5929,ghsl_5929_cell_00332
ghsl_5929,ghsl_5929_cell_00333
ghsl_5929,ghsl_5929_cell_00334
ghsl_5929,ghsl_5929_cell_00335
ghsl_5929,ghsl_5929_cell_00336
ghsl_5929,ghsl_5929_cell_00337
ghsl_5929,ghsl_5929_cell_00338
ghsl_5929,ghsl_5929_cell_00339
ghsl_5929,ghsl_5929_cell_00340
ghsl_5929,ghsl_5929_cell_00341
ghsl_5929,ghsl_5929_cell_00342
ghsl_5929,ghsl_5929_cell_00343
ghsl_5929,ghsl_5929_cell_00344
ghsl_5929,ghsl_5929_cell_00345
ghsl_5929,ghsl_5929_cell_00346
ghsl_5929,ghsl_5929_cell_00347
ghsl_5929,ghsl_5929_cell_00348
ghsl_5929,ghsl_5929_cell_00349
ghsl_5929,ghsl_5929_cell_00350
ghsl_5929,ghsl_5929_cell_00351
ghsl_5929,ghsl_5929_cell_00352
ghsl_5929,ghsl_5929_cell_00353
ghsl_5929,ghsl_5929_cell_00354
ghsl_5929,ghsl_5929_cell_00355
ghsl_5929,ghsl_5929_cell_00356
ghsl_5929,ghsl_5929_cell_00357
ghsl_5929,ghsl_5929_cell_00358
ghsl_5929,ghsl_5929_cell_00359
ghsl_5929,ghsl_5929_cell_00360
ghsl_5929,ghsl_5929_cell_00361
ghsl_5929,ghsl_5929_cell_00362
ghsl_5929,ghsl_5929_cell_00363
ghsl_5929,ghsl_5929_cell_00364
ghsl_5929,ghsl_5929_cell_00365
ghsl_5929,ghsl_5929_cell_00366
ghsl_5929,ghsl_5929_cell_00367
ghsl_5929,ghsl_5929_cell_00368
ghsl_5929,ghsl_5929_cell_00369
ghsl_5929,ghsl_5929_cell_00370
ghsl_5929,ghsl_5929_cell_00371
ghsl_5929,ghsl_5929_cell_00372
ghsl_5929,ghsl_5929_cell_00373
ghsl_5929,ghsl_5929_cell_00374
ghsl_5929,ghsl_5929_cell_00375
ghsl_5929,ghsl_5929_cell_00376
ghsl_5929,ghsl_5929_cell_00377
ghsl_5929,ghsl_5929_cell_00378
ghsl_5929,ghsl_5929_cell_00379
ghsl_5929,ghsl_5929_cell_00380
ghsl_5929,ghsl_5929_cell_00381
ghsl_5929,ghsl_5929_cell_00382
ghsl_5929,ghsl_5929_cell_00383
ghsl_5929,ghsl_5929_cell_00384
ghsl_5929,ghsl_5929_cell_00385
ghsl_5929,ghsl_5929_cell_00386
ghsl_5929,ghsl_5929_cell_00387
ghsl_5929,ghsl_5929_cell_00388
ghsl_5929,ghsl_5929_cell_00389
ghsl_5929,ghsl_5929_cell_00390
ghsl_5929,ghsl_5929_cell_00391
ghsl_5929,ghsl_5929_cell_00392
ghsl_5929,ghsl_5929_cell_00393
ghsl_5929,ghsl_5929_cell_00394
ghsl_5929,ghsl_5929_cell_00395
ghsl_5929,ghsl_5929_cell_00396
ghsl_5929,ghsl_5929_cell_00397
ghsl_5929,ghsl_5929_cell_00398
ghsl_5929,ghsl_5929_cell_00399
ghsl_5929,ghsl_5929_cell_00400
ghsl_5929,ghsl_5929_cell_00401
ghsl_5929,ghsl_5929_cell_00402
ghsl_5929,ghsl_5929_cell_00403
ghsl_5929,ghsl_5929_cell_00404
ghsl_5929,ghsl_5929_cell_00405
ghsl_5929,ghsl_5929_cell_00406
ghsl_5929,ghsl_5929_cell_00407
ghsl_5929,ghsl_5929_cell_00408
ghsl_5929,ghsl_5929_cell_00409
ghsl_5929,ghsl_5929_cell_00410
ghsl_5929,ghsl_5929_cell_00411
ghsl_5929,ghsl_5929_cell_00412
ghsl_5929,ghsl_5929_cell_00413
ghsl_5929,ghsl_5929_cell_00414
ghsl_5929,ghsl_5929_cell_00415
ghsl_5929,ghsl_5929_cell_00416
ghsl_5929,ghsl_5929_cell_00417
ghsl_5929,ghsl_5929_cell_00418
ghsl_5929,ghsl_5929_cell_00419
ghsl_5929,ghsl_5929_cell_00420
ghsl_5929,ghsl_5929_cell_00421
ghsl_5929,ghsl_5929_cell_00422
ghsl_5929,ghsl_5929_cell_00423
ghsl_5929,ghsl_5929_cell_00424
ghsl_5929,ghsl_5929_cell_00425
ghsl_5929,ghsl_5929_cell_00426
ghsl_5929,ghsl_5929_cell_00427
ghsl_5929,ghsl_5929_cell_00428
ghsl_5929,ghsl_5929_cell_00429
ghsl_5929,ghsl_5929_cell_00430
ghsl_5929,ghsl_5929_cell_00431
ghsl_5929,ghsl_5929_cell_00432
ghsl_5929,ghsl_5929_cell_00433
ghsl_5929,ghsl_5929_cell_00434
ghsl_5929,ghsl_5929_cell_00435
ghsl_5929,ghsl_5929_cell_00436
ghsl_5929,ghsl_5929_cell_00437
ghsl_5929,ghsl_5929_cell_00438
ghsl_5929,ghsl_5929_cell_00439
ghsl_5929,ghsl_5929_cell_00440
ghsl_5929,ghsl_5929_cell_00441
ghsl_5929,ghsl_5929_cell_00442
ghsl_5929,ghsl_5929_cell_00443
ghsl_5929,ghsl_5929_cell_00444
ghsl_5929,ghsl_5929_cell_00445
ghsl_5929,ghsl_5929_cell_00446
ghsl_5929,ghsl_5929_cell_00447
ghsl_5929,ghsl_5929_cell_00448
ghsl_5929,ghsl_5929_cell_00449
ghsl_5929,ghsl_5929_cell_00450
ghsl_5929,ghsl_5929_cell_00451
ghsl_5929,ghsl_5929_cell_00452
ghsl_5929,ghsl_5929_cell_00453
ghsl_5929,ghsl_5929_cell_00454
ghsl_5929,ghsl_5929_cell_00455
ghsl_5929,ghsl_5929_cell_00456
ghsl_5929,ghsl_5929_cell_00457
ghsl_5929,ghsl_5929_cell_00458
ghsl_5929,ghsl_5929_cell_00459
ghsl_5929,ghsl_5929_cell_00460
ghsl_5929,ghsl_5929_cell_00461
ghsl_5929,ghsl_5929_cell_00462
ghsl_5929,ghsl_5929_cell_00463
ghsl_5929,ghsl_5929_cell_00464
ghsl_5929,ghsl_5929_cell_00465
ghsl_5929,ghsl_5929_cell_00466
ghsl_5929,ghsl_5929_cell_00467
ghsl_5929,ghsl_5929_cell_00468
ghsl_5929,ghsl_5929_cell_00469
ghsl_5929,ghsl_5929_cell_00470
ghsl_5929,ghsl_5929_cell_00471
ghsl_5929,ghsl_5929_cell_00472
ghsl_5929,ghsl_5929_cell_00473
ghsl_5929,ghsl_5929_cell_00474
ghsl_5929,ghsl_5929_cell_00475
ghsl_5929,ghsl_5929_cell_00476
ghsl_5929,ghsl_5929_cell_00477
ghsl_5929,ghsl_5929_cell_00478
ghsl_5929,ghsl_5929_cell_00479
ghsl_5929,ghsl_5929_cell_00480
ghsl_5929,ghsl_5929_cell_00481
ghsl_5929,ghsl_5929_cell_00482
ghsl_5929,ghsl_5929_cell_00483
ghsl_5929,ghsl_5929_cell_00484
ghsl_5929,ghsl_5929_cell_00485
ghsl_5929,ghsl_5929_cell_00486
ghsl_5929,ghsl_5929_cell_00487
ghsl_5929,ghsl_5929_cell_00488
ghsl_5929,ghsl_5929_cell_00489
ghsl_5929,ghsl_5929_cell_00490
ghsl_5929,ghsl_5929_cell_00491
ghsl_5929,ghsl_5929_cell_00492
ghsl_5929,ghsl_5929_cell_00493
ghsl_5929,ghsl_5929_cell_00494
ghsl_5929,ghsl_5929_cell_00495
ghsl_5929,ghsl_5929_cell_00496
ghsl_5929,ghsl_5929_cell_00497
ghsl_5929,ghsl_5929_cell_00498
ghsl_5929,ghsl_5929_cell_00499
ghsl_5929,ghsl_5929_cell_00500
ghsl_5929,ghsl_5929_cell_00501
ghsl_5929,ghsl_5929_cell_00502
ghsl_5929,ghsl_5929_cell_00503
ghsl_5929,ghsl_5929_cell_00504
ghsl_5929,ghsl_5929_cell_00505
ghsl_5929,ghsl_5929_cell_00506
ghsl_5929,ghsl_5929_cell_00507
ghsl_5929,ghsl_5929_cell_00508
ghsl_5929,ghsl_5929_cell_00509
ghsl_5929,ghsl_5929_cell_00510
ghsl_5929,ghsl_5929_cell_00511
ghsl_5929,ghsl_5929_cell_00512
ghsl_5929,ghsl_5929_cell_00513
ghsl_5929,ghsl_5929_cell_00514
ghsl_5929,ghsl_5929_cell_00515
ghsl_5929,ghsl_5929_cell_00516
ghsl_5929,ghsl_5929_cell_00517
ghsl_5929,ghsl_5929_cell_00518
ghsl_5929,ghsl_5929_cell_00519
ghsl_5929,ghsl_5929_cell_00520
ghsl_5929,ghsl_5929_cell_00521
ghsl_5929,ghsl_5929_cell_00522
ghsl_5929,ghsl_5929_cell_00523
ghsl_5929,ghsl_5929_cell_00524
ghsl_5929,ghsl_5929_cell_00525
ghsl_5929,ghsl_5929_cell_00526
ghsl_5929,ghsl_5929_cell_00527
ghsl_5929,ghsl_5929_cell_00528
ghsl_5929,ghsl_5929_cell_00529
ghsl_5929,ghsl_5929_cell_00530
ghsl_5929,ghsl_5929_cell_00531
ghsl_5929,ghsl_5929_cell_00532
ghsl_5929,ghsl_5929_cell_00533
ghsl_5929,ghsl_5929_cell_00534
ghsl_5929,ghsl_5929_cell_00535
ghsl_5929,ghsl_5929_cell_00536
ghsl_5929,ghsl_5929_cell_00537
ghsl_5929,ghsl_5929_cell_00538
ghsl_5929,ghsl_5929_cell_00539
ghsl_5929,ghsl_5929_cell_00540
ghsl_5929,ghsl_5929_cell_00541
ghsl_5929,ghsl_5929_cell_00542
ghsl_5929,ghsl_5929_cell_00543
ghsl_5929,ghsl_5929_cell_00544
ghsl_5929,ghsl_5929_cell_00545
ghsl_5929,ghsl_5929_cell_00546
ghsl_5929,ghsl_5929_cell_00547
ghsl_5929,ghsl_5929_cell_00548
ghsl_5929,ghsl_5929_cell_00549
ghsl_5929,ghsl_5929_cell_00550
ghsl_5929,ghsl_5929_cell_00551
ghsl_5929,ghsl_5929_cell_00552
ghsl_5929,ghsl_5929_cell_00553
ghsl_5929,ghsl_5929_cell_00554
ghsl_5929,ghsl_5929_cell_00555
ghsl_5929,ghsl_5929_cell_00556
ghsl_5929,ghsl_5929_cell_00557
ghsl_5929,ghsl_5929_cell_00558
ghsl_5929,ghsl_5929_cell_00559
ghsl_5929,ghsl_5929_cell_00560
ghsl_5929,ghsl_5929_cell_00561
ghsl_5929,ghsl_5929_cell_00562
ghsl_5929,ghsl_5929_cell_00563
ghsl_5929,ghsl_5929_cell_00564
ghsl_5929,ghsl_5929_cell_00565
ghsl_5929,ghsl_5929_cell_00566
ghsl_5929,ghsl_5929_cell_00567
ghsl_5929,ghsl_5929_cell_00568
ghsl_5929,ghsl_5929_cell_00569
ghsl_5929,ghsl_5929_cell_00570
ghsl_5929,ghsl_5929_cell_00571
ghsl_5929,ghsl_5929_cell_00572
ghsl_5929,ghsl_5929_cell_00573
ghsl_5929,ghsl_5929_cell_00574
ghsl_5929,ghsl_5929_cell_00575
ghsl_5929,ghsl_5929_cell_00576
ghsl_5929,ghsl_5929_cell_00577
ghsl_5929,ghsl_5929_cell_00578
ghsl_5929,ghsl_5929_cell_00579
ghsl_5929,ghsl_5929_cell_00580
ghsl_5929,ghsl_5929_cell_00581
ghsl_5929,ghsl_5929_cell_00582
ghsl_5929,ghsl_5929_cell_00583
ghsl_5929,ghsl_5929_cell_00584
ghsl_5929,ghsl_5929_cell_00585
ghsl_5929,ghsl_5929_cell_00586
ghsl_5929,ghsl_5929_cell_00587
ghsl_5929,ghsl_5929_cell_00588
ghsl_5929,ghsl_5929_cell_00589
ghsl_5929,ghsl_5929_cell_00590
ghsl_5929,ghsl_5929_cell_00591
ghsl_5929,ghsl_5929_cell_00592
ghsl_5929,ghsl_5929_cell_00593
ghsl_5929,ghsl_5929_cell_00594
ghsl_5929,ghsl_5929_cell_00595
ghsl_5929,ghsl_5929_cell_00596
ghsl_5929,ghsl_5929_cell_00597
ghsl_5929,ghsl_5929_cell_00598
ghsl_5929,ghsl_5929_cell_00599
ghsl_5929,ghsl_5929_cell_00600
ghsl_5929,ghsl_5929_cell_00601
ghsl_5929,ghsl_5929_cell_00602
ghsl_5929,ghsl_5929_cell_00603
ghsl_5929,ghsl_5929_cell_00604
ghsl_5929,ghsl_5929_cell_00605
ghsl_5929,ghsl_5929_cell_00606
ghsl_5929,ghsl_5929_cell_00607
ghsl_5929,ghsl_5929_cell_00608
ghsl_5929,ghsl_5929_cell_00609
ghsl_5929,ghsl_5929_cell_00610
ghsl_5929,ghsl_5929_cell_00611
ghsl_5929,ghsl_5929_cell_00612
ghsl_5929,ghsl_5929_cell_00613
ghsl_5929,ghsl_5929_cell_00614
ghsl_5929,ghsl_5929_cell_00615
ghsl_5929,ghsl_5929_cell_00616
ghsl_5929,ghsl_5929_cell_00617
ghsl_5929,ghsl_5929_cell_00618
ghsl_5929,ghsl_5929_cell_00619
ghsl_5929,ghsl_5929_cell_00620
ghsl_5929,ghsl_5929_cell_00621
ghsl_5929,ghsl_5929_cell_00622
ghsl_5929,ghsl_5929_cell_00623
ghsl_5929,ghsl_5929_cell_00624
ghsl_5929,ghsl_5929_cell_00625
ghsl_5929,ghsl_5929_cell_00626
ghsl_5929,ghsl_5929_cell_00627
ghsl_5929,ghsl_5929_cell_00628
ghsl_5929,ghsl_5929_cell_00629
ghsl_5929,ghsl_5929_cell_00630
ghsl_5929,ghsl_5929_cell_00631
ghsl_5929,ghsl_5929_cell_00632
ghsl_5929,ghsl_5929_cell_00633
ghsl_5929,ghsl_5929_cell_00634
ghsl_5929,ghsl_5929_cell_00635
ghsl_5929,ghsl_5929_cell_00636
ghsl_5929,ghsl_5929_cell_00637
ghsl_5929,ghsl_5929_cell_00638
ghsl_5929,ghsl_5929_cell_00639
ghsl_5929,ghsl_5929_cell_00640
ghsl_5929,ghsl_5929_cell_00641
ghsl_5929,ghsl_5929_cell_00642
ghsl_5929,ghsl_5929_cell_00643
ghsl_5929,ghsl_5929_cell_00644
ghsl_5929,ghsl_5929_cell_00645
ghsl_5929,ghsl_5929_cell_00646
ghsl_5929,ghsl_5929_cell_00647
ghsl_5929,ghsl_5929_cell_00648
ghsl_5929,ghsl_5929_cell_00649
ghsl_5929,ghsl_5929_cell_00650
ghsl_5929,ghsl_5929_cell_00651
ghsl_5929,ghsl_5929_cell_00652
ghsl_5929,ghsl_5929_cell_00653
ghsl_5929,ghsl_5929_cell_00654
ghsl_5929,ghsl_5929_cell_00655
ghsl_5929,ghsl_5929_cell_00656
ghsl_5929,ghsl_5929_cell_00657
ghsl_5929,ghsl_5929_cell_00658
ghsl_5929,ghsl_5929_cell_00659
ghsl_5929,ghsl_5929_cell_00660
ghsl_5929,ghsl_5929_cell_00661
ghsl_5929,ghsl_5929_cell_00662
ghsl_5929,ghsl_5929_cell_00663
ghsl_5929,ghsl_5929_cell_00664
ghsl_5929,ghsl_5929_cell_00665
ghsl_5929,ghsl_5929_cell_00666
ghsl_5929,ghsl_5929_cell_00667
ghsl_5929,ghsl_5929_cell_00668
ghsl_5929,ghsl_5929_cell_00669
ghsl_5929,ghsl_5929_cell_00670
ghsl_5929,ghsl_5929_cell_00671
ghsl_5929,ghsl_5929_cell_00672
ghsl_5929,ghsl_5929_cell_00673
ghsl_5929,ghsl_5929_cell_00674
ghsl_5929,ghsl_5929_cell_00675
ghsl_5929,ghsl_5929_cell_00676
ghsl_5929,ghsl_5929_cell_00677
ghsl_5929,ghsl_5929_cell_00678
ghsl_5929,ghsl_5929_cell_00679
ghsl_5929,ghsl_5929_cell_00680
ghsl_5929,ghsl_5929_cell_00681
ghsl_5929,ghsl_5929_cell_00682
ghsl_5929,ghsl_5929_cell_00683
ghsl_5929,ghsl_5929_cell_00684
ghsl_5929,ghsl_5929_cell_00685
ghsl_5929,ghsl_5929_cell_00686
ghsl_5929,ghsl_5929_cell_00687
ghsl_5929,ghsl_5929_cell_00688
ghsl_5929,ghsl_5929_cell_00689
ghsl_5929,ghsl_5929_cell_00690
ghsl_5929,ghsl_5929_cell_00691
ghsl_5929,ghsl_5929_cell_00692
ghsl_5929,ghsl_5929_cell_00693
ghsl_5929,ghsl_5929_cell_00694
ghsl_5929,ghsl_5929_cell_00695
ghsl_5929,ghsl_5929_cell_00696
ghsl_5929,ghsl_5929_cell_00697
ghsl_5929,ghsl_5929_cell_00698
ghsl_5929,ghsl_5929_cell_00699
ghsl_5929,ghsl_5929_cell_00700
ghsl_5929,ghsl_5929_cell_00701
ghsl_5929,ghsl_5929_cell_00702
ghsl_5929,ghsl_5929_cell_00703
ghsl_5929,ghsl_5929_cell_00704
ghsl_5929,ghsl_5929_cell_00705
ghsl_5929,ghsl_5929_cell_00706
ghsl_5929,ghsl_5929_cell_00707
ghsl_5929,ghsl_5929_cell_00708
ghsl_5929,ghsl_5929_cell_00709
ghsl_5929,ghsl_5929_cell_00710
ghsl_5929,ghsl_5929_cell_00711
ghsl_5929,ghsl_5929_cell_00712
ghsl_5929,ghsl_5929_cell_00713
ghsl_5929,ghsl_5929_cell_00714
ghsl_5929,ghsl_5929_cell_00715
ghsl_5929,ghsl_5929_cell_00716
ghsl_5929,ghsl_5929_cell_00717
ghsl_5929,ghsl_5929_cell_00718
ghsl_5929,ghsl_5929_cell_00719
ghsl_5929,ghsl_5929_cell_00720
ghsl_5929,ghsl_5929_cell_00721
ghsl_5929,ghsl_5929_cell_00722
ghsl_5929,ghsl_5929_cell_00723
ghsl_5929,ghsl_5929_cell_00724
ghsl_5929,ghsl_5929_cell_00725
ghsl_5929,ghsl_5929_cell_00726
ghsl_5929,ghsl_5929_cell_00727
ghsl_5929,ghsl_5929_cell_00728
ghsl_5929,ghsl_5929_cell_00729
ghsl_5929,ghsl_5929_cell_00730
ghsl_5929,ghsl_5929_cell_00731
ghsl_5929,ghsl_5929_cell_00732
ghsl_5929,ghsl_5929_cell_00733
ghsl_5929,ghsl_5929_cell_00734
ghsl_5929,ghsl_5929_cell_00735
ghsl_5929,ghsl_5929_cell_00736
ghsl_5929,ghsl_5929_cell_00737
ghsl_5929,ghsl_5929_cell_00738
ghsl_5929,ghsl_5929_cell_00739
ghsl_5929,ghsl_5929_cell_00740
ghsl_5929,ghsl_5929_cell_00741
ghsl_5929,ghsl_5929_cell_00742
ghsl_5929,ghsl_5929_cell_00743
ghsl_5929,ghsl_5929_cell_00744
ghsl_5929,ghsl_5929_cell_00745
ghsl_5929,ghsl_5929_cell_00746
ghsl_5929,ghsl_5929_cell_00747
ghsl_5929,ghsl_5929_cell_00748
ghsl_5929,ghsl_5929_cell_00749
ghsl_5929,ghsl_5929_cell_00750
ghsl_5929,ghsl_5929_cell_00751
ghsl_5929,ghsl_5929_cell_00752
ghsl_5929,ghsl_5929_cell_00753
ghsl_5929,ghsl_5929_cell_00754
ghsl_5929,ghsl_5929_cell_00755
ghsl_5929,ghsl_5929_cell_00756
ghsl_5929,ghsl_5929_cell_00757
ghsl_5929,ghsl_5929_cell_00758
ghsl_5929,ghsl_5929_cell_00759
ghsl_5929,ghsl_5929_cell_00760
ghsl_5929,ghsl_5929_cell_00761
ghsl_5929,ghsl_5929_cell_00762
ghsl_5929,ghsl_5929_cell_00763
ghsl_5929,ghsl_5929_cell_00764
ghsl_5929,ghsl_5929_cell_00765
ghsl_5929,ghsl_5929_cell_00766
ghsl_5929,ghsl_5929_cell_00767
ghsl_5929,ghsl_5929_cell_00768
ghsl_5929,ghsl_5929_cell_00769
ghsl_5929,ghsl_5929_cell_00770
ghsl_5929,ghsl_5929_cell_00771
ghsl_5929,ghsl_5929_cell_00772
ghsl_5929,ghsl_5929_cell_00773
ghsl_5929,ghsl_5929_cell_00774
ghsl_5929,ghsl_5929_cell_00775
ghsl_5929,ghsl_5929_cell_00776
ghsl_5929,ghsl_5929_cell_00777
ghsl_5929,ghsl_5929_cell_00778
ghsl_5929,ghsl_5929_cell_00779
ghsl_5929,ghsl_5929_cell_00780
ghsl_5929,ghsl_5929_cell_00781
ghsl_5929,ghsl_5929_cell_00782
ghsl_5929,ghsl_5929_cell_00783
ghsl_5929,ghsl_5929_cell_00784
ghsl_5929,ghsl_5929_cell_00785
ghsl_5929,ghsl_5929_cell_00786
ghsl_5929,ghsl_5929_cell_00787
ghsl_5929,ghsl_5929_cell_00788
ghsl_5929,ghsl_5929_cell_00789
ghsl_5929,ghsl_5929_cell_00790
ghsl_5929,ghsl_5929_cell_00791
ghsl_5929,ghsl_5929_cell_00792
ghsl_5929,ghsl_5929_cell_00793
ghsl_5929,ghsl_5929_cell_00794
ghsl_5929,ghsl_5929_cell_00795
ghsl_5929,ghsl_5929_cell_00796
ghsl_5929,ghsl_5929_cell_00797
ghsl_5929,ghsl_5929_cell_00798
ghsl_5929,ghsl_5929_cell_00799
ghsl_5929,ghsl_5929_cell_00800
ghsl_5929,ghsl_5929_cell_00801
ghsl_5929,ghsl_5929_cell_00802
ghsl_5929,ghsl_5929_cell_00803
ghsl_5929,ghsl_5929_cell_00804
ghsl_5929,ghsl_5929_cell_00805
ghsl_5929,ghsl_5929_cell_00806
ghsl_5929,ghsl_5929_cell_00807
ghsl_5929,ghsl_5929_cell_00808
ghsl_5929,ghsl_5929_cell_00809
ghsl_5929,ghsl_5929_cell_00810
ghsl_5929,ghsl_5929_cell_00811
ghsl_5929,ghsl_5929_cell_00812
ghsl_5929,ghsl_5929_cell_00813
ghsl_5929,ghsl_5929_cell_00814
ghsl_5929,ghsl_5929_cell_00815
ghsl_5929,ghsl_5929_cell_00816
ghsl_5929,ghsl_5929_cell_00817
ghsl_5929,ghsl_5929_cell_00818
ghsl_5929,ghsl_5929_cell_00819
ghsl_5929,ghsl_5929_cell_00820
ghsl_5929,ghsl_5929_cell_00821
ghsl_5929,ghsl_5929_cell_00822
ghsl_5929,ghsl_5929_cell_00823
ghsl_5929,ghsl_5929_cell_00824
ghsl_5929,ghsl_5929_cell_00825
ghsl_5929,ghsl_5929_cell_00826
ghsl_5929,ghsl_5929_cell_00827
ghsl_5929,ghsl_5929_cell_00828
ghsl_5929,ghsl_5929_cell_00829
ghsl_5929,ghsl_5929_cell_00830
ghsl_5929,ghsl_5929_cell_00831
ghsl_5929,ghsl_5929_cell_00832
ghsl_5929,ghsl_5929_cell_00833
ghsl_5929,ghsl_5929_cell_00834
ghsl_5929,ghsl_5929_cell_00835
ghsl_5929,ghsl_5929_cell_00836
ghsl_5929,ghsl_5929_cell_00837
ghsl_5929,ghsl_5929_cell_00838
ghsl_5929,ghsl_5929_cell_00839
ghsl_5929,ghsl_5929_cell_00840
ghsl_5929,ghsl_5929_cell_00841
ghsl_5929,ghsl_5929_cell_00842
ghsl_5929,ghsl_5929_cell_00843
ghsl_5929,ghsl_5929_cell_00844
ghsl_5929,ghsl_5929_cell_00845
ghsl_5929,ghsl_5929_cell_00846
ghsl_5929,ghsl_5929_cell_00847
ghsl_5929,ghsl_5929_cell_00848
ghsl_5929,ghsl_5929_cell_00849
ghsl_5929,ghsl_5929_cell_00850
ghsl_5929,ghsl_5929_cell_00851
ghsl_5929,ghsl_5929_cell_00852
ghsl_5929,ghsl_5929_cell_00853
ghsl_5929,ghsl_5929_cell_00854
ghsl_5929,ghsl_5929_cell_00855
ghsl_5929,ghsl_5929_cell_00856
ghsl_5929,ghsl_5929_cell_00857
ghsl_5929,ghsl_5929_cell_00858
ghsl_5929,ghsl_5929_cell_00859
ghsl_5929,ghsl_5929_cell_00860
ghsl_5929,ghsl_5929_cell_00861
ghsl_5929,ghsl_5929_cell_00862
ghsl_5929,ghsl_5929_cell_00863
ghsl_5929,ghsl_5929_cell_00864
ghsl_5929,ghsl_5929_cell_00865
ghsl_5929,ghsl_5929_cell_00866
ghsl_5929,ghsl_5929_cell_00867
ghsl_5929,ghsl_5929_cell_00868
ghsl_5929,ghsl_5929_cell_00869
ghsl_5929,ghsl_5929_cell_00870
ghsl_5929,ghsl_5929_cell_00871
ghsl_5929,ghsl_5929_cell_00872
ghsl_5929,ghsl_5929_cell_00873
ghsl_5929,ghsl_5929_cell_00874
ghsl_5929,ghsl_5929_cell_00875
ghsl_5929,ghsl_5929_cell_00876
ghsl_5929,ghsl_5929_cell_00877
ghsl_5929,ghsl_5929_cell_00878
ghsl_5929,ghsl_5929_cell_00879
ghsl_5929,ghsl_5929_cell_00880
ghsl_5929,ghsl_5929_cell_00881
ghsl_5929,ghsl_5929_cell_00882
ghsl_5929,ghsl_5929_cell_00883
ghsl_5929,ghsl_5929_cell_00884
ghsl_5929,ghsl_5929_cell_00885
ghsl_5929,ghsl_5929_cell_00886
ghsl_5929,ghsl_5929_cell_00887
ghsl_5929,ghsl_5929_cell_00888
ghsl_5929,ghsl_5929_cell_00889
ghsl_5929,ghsl_5929_cell_00890
ghsl_5929,ghsl_5929_cell_00891
ghsl_5929,ghsl_5929_cell_00892
ghsl_5929,ghsl_5929_cell_00893
ghsl_5929,ghsl_5929_cell_00894
ghsl_5929,ghsl_5929_cell_00895
ghsl_5929,ghsl_5929_cell_00896
ghsl_5929,ghsl_5929_cell_00897
ghsl_5929,ghsl_5929_cell_00898
ghsl_5929,ghsl_5929_cell_00899
ghsl_5929,ghsl_5929_cell_00900
ghsl_5929,ghsl_5929_cell_00901
ghsl_5929,ghsl_5929_cell_00902
ghsl_5929,ghsl_5929_cell_00903
ghsl_5929,ghsl_5929_cell_00904
ghsl_5929,ghsl_5929_cell_00905
ghsl_5929,ghsl_5929_cell_00906
ghsl_5929,ghsl_5929_cell_00907
ghsl_5929,ghsl_5929_cell_00908
ghsl_5929,ghsl_5929_cell_00909
ghsl_5929,ghsl_5929_cell_00910
ghsl_5929,ghsl_5929_cell_00911
ghsl_5929,ghsl_5929_cell_00912
ghsl_5929,ghsl_5929_cell_00913
ghsl_5929,ghsl_5929_cell_00914
ghsl_5929,ghsl_5929_cell_00915
ghsl_5929,ghsl_5929_cell_00916
ghsl_5929,ghsl_5929_cell_00917
ghsl_5929,ghsl_5929_cell_00918
ghsl_5929,ghsl_5929_cell_00919
ghsl_5929,ghsl_5929_cell_00920
ghsl_5929,ghsl_5929_cell_00921
ghsl_5929,ghsl_5929_cell_00922
ghsl_5929,ghsl_5929_cell_00923
ghsl_5929,ghsl_5929_cell_00924
ghsl_5929,ghsl_5929_cell_00925
ghsl_5929,ghsl_5929_cell_00926
ghsl_5929,ghsl_5929_cell_00927
ghsl_5929,ghsl_5929_cell_00928
ghsl_5929,ghsl_5929_cell_00929
ghsl_5929,ghsl_5929_cell_00930
ghsl_5929,ghsl_5929_cell_00931
ghsl_5929,ghsl_5929_cell_00932
ghsl_5929,ghsl_5929_cell_00933
ghsl_5929,ghsl_5929_cell_00934
ghsl_5929,ghsl_5929_cell_00935
ghsl_5929,ghsl_5929_cell_00936
ghsl_5929,ghsl_5929_cell_00937
ghsl_5929,ghsl_5929_cell_00938
ghsl_5929,ghsl_5929_cell_00939
ghsl_5929,ghsl_5929_cell_00940
ghsl_5929,ghsl_5929_cell_00941
ghsl_5929,ghsl_5929_cell_00942
ghsl_5929,ghsl_5929_cell_00943
ghsl_5929,ghsl_5929_cell_00944
ghsl_5929,ghsl_5929_cell_00945
ghsl_5929,ghsl_5929_cell_00946
ghsl_5929,ghsl_5929_cell_00947
ghsl_5929,ghsl_5929_cell_00948
ghsl_5929,ghsl_5929_cell_00949
ghsl_5929,ghsl_5929_cell_00950
ghsl_5929,ghsl_5929_cell_00951
ghsl_5929,ghsl_5929_cell_00952
ghsl_5929,ghsl_5929_cell_00953
ghsl_5929,ghsl_5929_cell_00954
ghsl_5929,ghsl_5929_cell_00955
ghsl_5929,ghsl_5929_cell_00956
ghsl_5929,ghsl_5929_cell_00957
ghsl_5929,ghsl_5929_cell_00958
ghsl_5929,ghsl_5929_cell_00959
ghsl_5929,ghsl_5929_cell_00960
ghsl_5929,ghsl_5929_cell_00961
ghsl_5929,ghsl_5929_cell_00962
ghsl_5929,ghsl_5929_cell_00963
ghsl_5929,ghsl_5929_cell_00964
ghsl_5929,ghsl_5929_cell_00965
ghsl_5929,ghsl_5929_cell_00966
ghsl_5929,ghsl_5929_cell_00967
ghsl_5929,ghsl_5929_cell_00968
ghsl_5929,ghsl_5929_cell_00969
ghsl_5929,ghsl_5929_cell_00970
ghsl_5929,ghsl_5929_cell_00971
ghsl_5929,ghsl_5929_cell_00972
ghsl_5929,ghsl_5929_cell_00973
ghsl_5929,ghsl_5929_cell_00974
ghsl_5929,ghsl_5929_cell_00975
ghsl_5929,ghsl_5929_cell_00976
ghsl_5929,ghsl_5929_cell_00977
ghsl_5929,ghsl_5929_cell_00978
ghsl_5929,ghsl_5929_cell_00979
ghsl_5929,ghsl_5929_cell_00980
ghsl_5929,ghsl_5929_cell_00981
ghsl_5929,ghsl_5929_cell_00982
ghsl_5929,ghsl_5929_cell_00983
ghsl_5929,ghsl_5929_cell_00984
ghsl_5929,ghsl_5929_cell_00985
ghsl_5929,ghsl_5929_cell_00986
ghsl_5929,ghsl_5929_cell_00987
ghsl_5929,ghsl_5929_cell_00988
ghsl_5929,ghsl_5929_cell_00989
ghsl_5929,ghsl_5929_cell_00990
ghsl_5929,ghsl_5929_cell_00991
ghsl_5929,ghsl_5929_cell_00992
ghsl_5929,ghsl_5929_cell_00993
ghsl_5929,ghsl_5929_cell_00994
ghsl_5929,ghsl_5929_cell_00995
ghsl_5929,ghsl_5929_cell_00996
ghsl_5929,ghsl_5929_cell_00997
ghsl_5929,ghsl_5929_cell_00998
ghsl_5929,ghsl_5929_cell_00999
ghsl_5929,ghsl_5929_cell_01000
ghsl_5929,ghsl_5929_cell_01001
ghsl_5929,ghsl_5929_cell_01002
ghsl_5929,ghsl_5929_cell_01003
ghsl_5929,ghsl_5929_cell_01004
ghsl_5929,ghsl_5929_cell_01005
ghsl_5929,ghsl_5929_cell_01006
ghsl_5929,ghsl_5929_cell_01007
ghsl_5929,ghsl_5929_cell_01008
ghsl_5929,ghsl_5929_cell_01009
ghsl_5929,ghsl_5929_cell_01010
ghsl_5929,ghsl_5929_cell_01011
ghsl_5929,ghsl_5929_cell_01012
ghsl_5929,ghsl_5929_cell_01013
ghsl_5929,ghsl_5929_cell_01014
ghsl_5929,ghsl_5929_cell_01015
ghsl_5929,ghsl_5929_cell_01016
ghsl_5929,ghsl_5929_cell_01017
ghsl_5929,ghsl_5929_cell_01018
ghsl_5929,ghsl_5929_cell_01019
ghsl_5929,ghsl_5929_cell_01020
ghsl_5929,ghsl_5929_cell_01021
ghsl_5929,ghsl_5929_cell_01022
ghsl_5929,ghsl_5929_cell_01023
ghsl_5929,ghsl_5929_cell_01024
ghsl_5929,ghsl_5929_cell_01025
ghsl_5929,ghsl_5929_cell_01026
ghsl_5929,ghsl_5929_cell_01027
ghsl_5929,ghsl_5929_cell_01028
ghsl_5929,ghsl_5929_cell_01029
ghsl_5929,ghsl_5929_cell_01030
ghsl_5929,ghsl_5929_cell_01031
ghsl_5929,ghsl_5929_cell_01032
ghsl_5929,ghsl_5929_cell_01033
ghsl_5929,ghsl_5929_cell_01034
ghsl_5929,ghsl_5929_cell_01035
ghsl_5929,ghsl_5929_cell_01036
ghsl_5929,ghsl_5929_cell_01037
ghsl_5929,ghsl_5929_cell_01038
ghsl_5929,ghsl_5929_cell_01039
ghsl_5929,ghsl_5929_cell_01040
ghsl_5929,ghsl_5929_cell_01041
ghsl_5929,ghsl_5929_cell_01042
ghsl_5929,ghsl_5929_cell_01043
ghsl_5929,ghsl_5929_cell_01044
ghsl_5929,ghsl_5929_cell_01045
ghsl_5929,ghsl_5929_cell_01046
ghsl_5929,ghsl_5929_cell_01047
ghsl_5929,ghsl_5929_cell_01048
ghsl_5929,ghsl_5929_cell_01049
ghsl_5929,ghsl_5929_cell_01050
ghsl_5929,ghsl_5929_cell_01051
ghsl_5929,ghsl_5929_cell_01052
ghsl_5929,ghsl_5929_cell_01053
ghsl_5929,ghsl_5929_cell_01054
ghsl_5929,ghsl_5929_cell_01055
ghsl_5929,ghsl_5929_cell_01056
ghsl_5929,ghsl_5929_cell_01057
ghsl_5929,ghsl_5929_cell_01058
ghsl_5929,ghsl_5929_cell_01059
ghsl_5929,ghsl_5929_cell_01060
ghsl_5929,ghsl_5929_cell_01061
ghsl_5929,ghsl_5929_cell_01062
ghsl_5929,ghsl_5929_cell_01063
ghsl_5929,ghsl_5929_cell_01064
ghsl_5929,ghsl_5929_cell_01065
ghsl_5929,ghsl_5929_cell_01066
ghsl_5929,ghsl_5929_cell_01067
ghsl_5929,ghsl_5929_cell_01068
ghsl_5929,ghsl_5929_cell_01069
ghsl_5929,ghsl_5929_cell_01070
ghsl_5929,ghsl_5929_cell_01071
ghsl_5929,ghsl_5929_cell_01072
ghsl_5929,ghsl_5929_cell_01073
ghsl_5929,ghsl_5929_cell_01074
ghsl_5929,ghsl_5929_cell_01075
ghsl_5929,ghsl_5929_cell_01076
ghsl_5929,ghsl_5929_cell_01077
ghsl_5929,ghsl_5929_cell_01078
ghsl_5929,ghsl_5929_cell_01079
ghsl_5929,ghsl_5929_cell_01080
ghsl_5929,ghsl_5929_cell_01081
ghsl_5929,ghsl_5929_cell_01082
ghsl_5929,ghsl_5929_cell_01083
ghsl_5929,ghsl_5929_cell_01084
ghsl_5929,ghsl_5929_cell_01085
ghsl_5929,ghsl_5929_cell_01086
ghsl_5929,ghsl_5929_cell_01087
ghsl_5929,ghsl_5929_cell_01088
ghsl_5929,ghsl_5929_cell_01089
ghsl_5929,ghsl_5929_cell_01090
ghsl_5929,ghsl_5929_cell_01091
ghsl_5929,ghsl_5929_cell_01092
ghsl_5929,ghsl_5929_cell_01093
ghsl_5929,ghsl_5929_cell_01094
ghsl_5929,ghsl_5929_cell_01095
ghsl_5929,ghsl_5929_cell_01096
ghsl_5929,ghsl_5929_cell_01097
ghsl_5929,ghsl_5929_cell_01098
ghsl_5929,ghsl_5929_cell_01099
ghsl_5929,ghsl_5929_cell_01100
ghsl_5929,ghsl_5929_cell_01101
ghsl_5929,ghsl_5929_cell_01102
ghsl_5929,ghsl_5929_cell_01103
ghsl_5929,ghsl_5929_cell_01104
ghsl_5929,ghsl_5929_cell_01105
ghsl_5929,ghsl_5929_cell_01106
ghsl_5929,ghsl_5929_cell_01107
ghsl_5929,ghsl_5929_cell_01108
ghsl_5929,ghsl_5929_cell_01109
ghsl_5929,ghsl_5929_cell_01110
ghsl_5929,ghsl_5929_cell_01111
ghsl_5929,ghsl_5929_cell_01112
ghsl_5929,ghsl_5929_cell_01113
ghsl_5929,ghsl_5929_cell_01114
ghsl_5929,ghsl_5929_cell_01115
ghsl_5929,ghsl_5929_cell_01116
ghsl_5929,ghsl_5929_cell_01117
ghsl_5929,ghsl_5929_cell_01118
ghsl_5929,ghsl_5929_cell_01119
ghsl_5929,ghsl_5929_cell_01120
ghsl_5929,ghsl_5929_cell_01121
ghsl_5929,ghsl_5929_cell_01122
ghsl_5929,ghsl_5929_cell_01123
ghsl_5929,ghsl_5929_cell_01124
ghsl_5929,ghsl_5929_cell_01125
ghsl_5929,ghsl_5929_cell_01126
ghsl_5929,ghsl_5929_cell_01127
ghsl_5929,ghsl_5929_cell_01128
ghsl_5929,ghsl_5929_cell_01129
ghsl_5929,ghsl_5929_cell_01130
ghsl_5929,ghsl_5929_cell_01131
ghsl_5929,ghsl_5929_cell_01132
ghsl_5929,ghsl_5929_cell_01133
ghsl_5929,ghsl_5929_cell_01134
ghsl_5929,ghsl_5929_cell_01135
ghsl_5929,ghsl_5929_cell_01136
ghsl_5929,ghsl_5929_cell_01137
ghsl_5929,ghsl_5929_cell_01138
ghsl_5929,ghsl_5929_cell_01139
ghsl_5929,ghsl_5929_cell_01140
ghsl_5929,ghsl_5929_cell_01141
ghsl_5929,ghsl_5929_cell_01142
ghsl_5929,ghsl_5929_cell_01143
ghsl_5929,ghsl_5929_cell_01144
ghsl_5929,ghsl_5929_cell_01145
ghsl_5929,ghsl_5929_cell_01146
ghsl_5929,ghsl_5929_cell_01147
ghsl_5929,ghsl_5929_cell_01148
ghsl_5929,ghsl_5929_cell_01149
ghsl_5929,ghsl_5929_cell_01150
ghsl_5929,ghsl_5929_cell_01151
ghsl_5929,ghsl_5929_cell_01152
ghsl_5929,ghsl_5929_cell_01153
ghsl_5929,ghsl_5929_cell_01154
ghsl_5929,ghsl_5929_cell_01155
ghsl_5929,ghsl_5929_cell_01156
ghsl_5929,ghsl_5929_cell_01157
ghsl_5929,ghsl_5929_cell_01158
ghsl_5929,ghsl_5929_cell_01159
ghsl_5929,ghsl_5929_cell_01160
ghsl_5929,ghsl_5929_cell_01161
ghsl_5929,ghsl_5929_cell_01162
ghsl_5929,ghsl_5929_cell_01163
ghsl_5929,ghsl_5929_cell_01164
ghsl_5929,ghsl_5929_cell_01165
ghsl_5929,ghsl_5929_cell_01166
ghsl_5929,ghsl_5929_cell_01167
ghsl_5929,ghsl_5929_cell_01168
ghsl_5929,ghsl_5929_cell_01169
ghsl_5929,ghsl_5929_cell_01170
ghsl_5929,ghsl_5929_cell_01171
ghsl_5929,ghsl_5929_cell_01172
ghsl_5929,ghsl_5929_cell_01173
ghsl_5929,ghsl_5929_cell_01174
ghsl_5929,ghsl_5929_cell_01175
ghsl_5929,ghsl_5929_cell_01176
ghsl_5929,ghsl_5929_cell_01177
ghsl_5929,ghsl_5929_cell_01178
ghsl_5929,ghsl_5929_cell_01179
ghsl_5929,ghsl_5929_cell_01180
ghsl_5929,ghsl_5929_cell_01181
ghsl_5929,ghsl_5929_cell_01182
ghsl_5929,ghsl_5929_cell_01183
ghsl_5929,ghsl_5929_cell_01184
ghsl_5929,ghsl_5929_cell_01185
ghsl_5929,ghsl_5929_cell_01186
ghsl_5929,ghsl_5929_cell_01187
ghsl_5929,ghsl_5929_cell_01188
ghsl_5929,ghsl_5929_cell_01189
ghsl_5929,ghsl_5929_cell_01190
ghsl_5929,ghsl_5929_cell_01191
ghsl_5929,ghsl_5929_cell_01192
ghsl_5929,ghsl_5929_cell_01193
ghsl_5929,ghsl_5929_cell_01194
ghsl_5929,ghsl_5929_cell_01195
ghsl_5929,ghsl_5929_cell_01196
ghsl_5929,ghsl_5929_cell_01197
ghsl_5929,ghsl_5929_cell_01198
ghsl_5929,ghsl_5929_cell_01199
ghsl_5929,ghsl_5929_cell_01200
ghsl_5929,ghsl_5929_cell_01201
ghsl_5929,ghsl_5929_cell_01202
ghsl_5929,ghsl_5929_cell_01203
ghsl_5929,ghsl_5929_cell_01204
ghsl_5929,ghsl_5929_cell_01205
ghsl_5929,ghsl_5929_cell_01206
ghsl_5929,ghsl_5929_cell_01207
ghsl_5929,ghsl_5929_cell_01208
ghsl_5929,ghsl_5929_cell_01209
ghsl_5929,ghsl_5929_cell_01210
ghsl_5929,ghsl_5929_cell_01211
ghsl_5929,ghsl_5929_cell_01212
ghsl_5929,ghsl_5929_cell_01213
ghsl_5929,ghsl_5929_cell_01214
ghsl_5929,ghsl_5929_cell_01215
ghsl_5929,ghsl_5929_cell_01216
ghsl_5929,ghsl_5929_cell_01217
ghsl_5929,ghsl_5929_cell_01218
ghsl_5929,ghsl_5929_cell_01219
ghsl_5929,ghsl_5929_cell_01220
ghsl_5929,ghsl_5929_cell_01221
ghsl_5929,ghsl_5929_cell_01222
ghsl_5929,ghsl_5929_cell_01223
ghsl_5929,ghsl_5929_cell_01224
ghsl_5929,ghsl_5929_cell_01225
ghsl_5929,ghsl_5929_cell_01226
ghsl_5929,ghsl_5929_cell_01227
ghsl_5929,ghsl_5929_cell_01228
ghsl_5929,ghsl_5929_cell_01229
ghsl_5929,ghsl_5929_cell_01230
ghsl_5929,ghsl_5929_cell_01231
ghsl_5929,ghsl_5929_cell_01232
ghsl_5929,ghsl_5929_cell_01233
ghsl_5929,ghsl_5929_cell_01234
ghsl_5929,ghsl_5929_cell_01235
ghsl_5929,ghsl_5929_cell_01236
ghsl_5929,ghsl_5929_cell_01237
ghsl_5929,ghsl_5929_cell_01238
ghsl_5929,ghsl_5929_cell_01239
ghsl_5929,ghsl_5929_cell_01240
ghsl_5929,ghsl_5929_cell_01241
ghsl_5929,ghsl_5929_cell_01242
ghsl_5929,ghsl_5929_cell_01243
ghsl_5929,ghsl_5929_cell_01244
ghsl_5929,ghsl_5929_cell_01245
ghsl_5929,ghsl_5929_cell_01246
ghsl_5929,ghsl_5929_cell_01247
ghsl_5929,ghsl_5929_cell_01248
ghsl_5929,ghsl_5929_cell_01249
ghsl_5929,ghsl_5929_cell_01250
ghsl_5929,ghsl_5929_cell_01251
ghsl_5929,ghsl_5929_cell_01252
ghsl_5929,ghsl_5929_cell_01253
ghsl_5929,ghsl_5929_cell_01254
ghsl_5929,ghsl_5929_cell_01255
ghsl_5929,ghsl_5929_cell_01256
ghsl_5929,ghsl_5929_cell_01257
ghsl_5929,ghsl_5929_cell_01258
ghsl_5929,ghsl_5929_cell_01259
ghsl_5929,ghsl_5929_cell_01260
ghsl_5929,ghsl_5929_cell_01261
ghsl_5929,ghsl_5929_cell_01262
ghsl_5929,ghsl_5929_cell_01263
ghsl_5929,ghsl_5929_cell_01264
ghsl_5929,ghsl_5929_cell_01265
ghsl_5929,ghsl_5929_cell_01266
ghsl_5929,ghsl_5929_cell_01267
ghsl_5929,ghsl_5929_cell_01268
ghsl_5929,ghsl_5929_cell_01269
ghsl_5929,ghsl_5929_cell_01270
ghsl_5929,ghsl_5929_cell_01271
ghsl_5929,ghsl_5929_cell_01272
ghsl_5929,ghsl_5929_cell_01273
ghsl_5929,ghsl_5929_cell_01274
ghsl_5929,ghsl_5929_cell_01275
ghsl_5929,ghsl_5929_cell_01276
ghsl_5929,ghsl_5929_cell_01277
ghsl_5929,ghsl_5929_cell_01278
ghsl_5929,ghsl_5929_cell_01279
ghsl_5929,ghsl_5929_cell_01280
ghsl_5929,ghsl_5929_cell_01281
ghsl_5929,ghsl_5929_cell_01282
ghsl_5929,ghsl_5929_cell_01283
ghsl_5929,ghsl_5929_cell_01284
ghsl_5929,ghsl_5929_cell_01285
ghsl_5929,ghsl_5929_cell_01286
ghsl_5929,ghsl_5929_cell_01287
ghsl_5929,ghsl_5929_cell_01288
ghsl_5929,ghsl_5929_cell_01289
ghsl_5929,ghsl_5929_cell_01290
ghsl_5929,ghsl_5929_cell_01291
ghsl_5929,ghsl_5929_cell_01292
ghsl_5929,ghsl_5929_cell_01293
ghsl_5929,ghsl_5929_cell_01294
ghsl_5929,ghsl_5929_cell_01295
ghsl_5929,ghsl_5929_cell_01296
ghsl_5929,ghsl_5929_cell_01297
ghsl_5929,ghsl_5929_cell_01298
ghsl_5929,ghsl_5929_cell_01299
ghsl_5929,ghsl_5929_cell_01300
ghsl_5929,ghsl_5929_cell_01301
ghsl_5929,ghsl_5929_cell_01302
ghsl_5929,ghsl_5929_cell_01303
ghsl_5929,ghsl_5929_cell_01304
ghsl_5929,ghsl_5929_cell_01305
ghsl_5929,ghsl_5929_cell_01306
ghsl_5929,ghsl_5929_cell_01307
ghsl_5929,ghsl_5929_cell_01308
ghsl_5929,ghsl_5929_cell_01309
ghsl_5929,ghsl_5929_cell_01310
ghsl_5929,ghsl_5929_cell_01311
ghsl_5929,ghsl_5929_cell_01312
ghsl_5929,ghsl_5929_cell_01313
ghsl_5929,ghsl_5929_cell_01314
ghsl_5929,ghsl_5929_cell_01315
ghsl_5929,ghsl_5929_cell_01316
ghsl_5929,ghsl_5929_cell_01317
ghsl_5929,ghsl_5929_cell_01318
ghsl_5929,ghsl_5929_cell_01319
ghsl_5929,ghsl_5929_cell_01320
ghsl_5929,ghsl_5929_cell_01321
ghsl_5929,ghsl_5929_cell_01322
ghsl_5929,ghsl_5929_cell_01323
ghsl_5929,ghsl_5929_cell_01324
ghsl_5929,ghsl_5929_cell_01325
ghsl_5929,ghsl_5929_cell_01326
ghsl_5929,ghsl_5929_cell_01327
ghsl_5929,ghsl_5929_cell_01328
ghsl_5929,ghsl_5929_cell_01329
ghsl_5929,ghsl_5929_cell_01330
ghsl_5929,ghsl_5929_cell_01331
ghsl_5929,ghsl_5929_cell_01332
ghsl_5929,ghsl_5929_cell_01333
ghsl_5929,ghsl_5929_cell_01334
ghsl_5929,ghsl_5929_cell_01335
ghsl_5929,ghsl_5929_cell_01336
ghsl_5929,ghsl_5929_cell_01337
ghsl_5929,ghsl_5929_cell_01338
ghsl_5929,ghsl_5929_cell_01339
ghsl_5929,ghsl_5929_cell_01340
ghsl_5929,ghsl_5929_cell_01341
ghsl_5929,ghsl_5929_cell_01342
ghsl_5929,ghsl_5929_cell_01343
ghsl_5929,ghsl_5929_cell_01344
ghsl_5929,ghsl_5929_cell_01345
ghsl_5929,ghsl_5929_cell_01346
ghsl_5929,ghsl_5929_cell_01347
ghsl_5929,ghsl_5929_cell_01348
ghsl_5929,ghsl_5929_cell_01349
ghsl_5929,ghsl_5929_cell_01350
ghsl_5929,ghsl_5929_cell_01351
ghsl_5929,ghsl_5929_cell_01352
ghsl_5929,ghsl_5929_cell_01353
ghsl_5929,ghsl_5929_cell_01354
ghsl_5929,ghsl_5929_cell_01355
ghsl_5929,ghsl_5929_cell_01356
ghsl_5929,ghsl_5929_cell_01357
ghsl_5929,ghsl_5929_cell_01358
ghsl_5929,ghsl_5929_cell_01359
ghsl_5929,ghsl_5929_cell_01360
ghsl_5929,ghsl_5929_cell_01361
ghsl_5929,ghsl_5929_cell_01362
ghsl_5929,ghsl_5929_cell_01363
ghsl_5929,ghsl_5929_cell_01364
ghsl_5929,ghsl_5929_cell_01365
ghsl_5929,ghsl_5929_cell_01366
ghsl_5929,ghsl_5929_cell_01367
ghsl_5929,ghsl_5929_cell_01368
ghsl_5929,ghsl_5929_cell_01369
ghsl_5929,ghsl_5929_cell_01370
ghsl_5929,ghsl_5929_cell_01371
ghsl_5929,ghsl_5929_cell_01372
ghsl_5929,ghsl_5929_cell_01373
ghsl_5929,ghsl_5929_cell_01374
ghsl_5929,ghsl_5929_cell_01375
ghsl_5929,ghsl_5929_cell_01376
ghsl_5929,ghsl_5929_cell_01377
ghsl_5929,ghsl_5929_cell_01378
ghsl_5929,ghsl_5929_cell_01379
ghsl_5929,ghsl_5929_cell_01380
ghsl_5929,ghsl_5929_cell_01381
ghsl_5929,ghsl_5929_cell_01382
ghsl_5929,ghsl_5929_cell_01383
ghsl_5929,ghsl_5929_cell_01384
ghsl_5929,ghsl_5929_cell_01385
ghsl_5929,ghsl_5929_cell_01386
ghsl_5929,ghsl_5929_cell_01387
ghsl_5929,ghsl_5929_cell_01388
ghsl_5929,ghsl_5929_cell_01389
ghsl_5929,ghsl_5929_cell_01390
ghsl_5929,ghsl_5929_cell_01391
ghsl_5929,ghsl_5929_cell_01392
ghsl_5929,ghsl_5929_cell_01393
ghsl_5929,ghsl_5929_cell_01394
ghsl_5929,ghsl_5929_cell_01395
ghsl_5929,ghsl_5929_cell_01396
ghsl_5929,ghsl_5929_cell_01397
ghsl_5929,ghsl_5929_cell_01398
ghsl_5929,ghsl_5929_cell_01399
ghsl_5929,ghsl_5929_cell_01400
ghsl_5929,ghsl_5929_cell_01401
ghsl_5929,ghsl_5929_cell_01402
ghsl_5929,ghsl_5929_cell_01403
ghsl_5929,ghsl_5929_cell_01404
ghsl_5929,ghsl_5929_cell_01405
ghsl_5929,ghsl_5929_cell_01406
ghsl_5929,ghsl_5929_cell_01407
ghsl_5929,ghsl_5929_cell_01408
ghsl_5929,ghsl_5929_cell_01409
ghsl_5929,ghsl_5929_cell_01410
ghsl_5929,ghsl_5929_cell_01411
ghsl_5929,ghsl_5929_cell_01412
ghsl_5929,ghsl_5929_cell_01413
ghsl_5929,ghsl_5929_cell_01414
ghsl_5929,ghsl_5929_cell_01415
ghsl_5929,ghsl_5929_cell_01416
ghsl_5929,ghsl_5929_cell_01417
ghsl_5929,ghsl_5929_cell_01418
ghsl_5929,ghsl_5929_cell_01419
ghsl_5929,ghsl_5929_cell_01420
ghsl_5929,ghsl_5929_cell_01421
ghsl_5929,ghsl_5929_cell_01422
ghsl_5929,ghsl_5929_cell_01423
ghsl_5929,ghsl_5929_cell_01424
ghsl_5929,ghsl_5929_cell_01425
ghsl_5929,ghsl_5929_cell_01426
ghsl_5929,ghsl_5929_cell_01427
ghsl_5929,ghsl_5929_cell_01428
ghsl_5929,ghsl_5929_cell_01429
ghsl_5929,ghsl_5929_cell_01430
ghsl_5929,ghsl_5929_cell_01431
ghsl_5929,ghsl_5929_cell_01432
ghsl_5929,ghsl_5929_cell_01433
ghsl_5929,ghsl_5929_cell_01434
ghsl_5929,ghsl_5929_cell_01435
ghsl_5929,ghsl_5929_cell_01436
ghsl_5929,ghsl_5929_cell_01437
ghsl_5929,ghsl_5929_cell_01438
ghsl_5929,ghsl_5929_cell_01439
ghsl_5929,ghsl_5929_cell_01440
ghsl_5929,ghsl_5929_cell_01441
ghsl_5929,ghsl_5929_cell_01442
ghsl_5929,ghsl_5929_cell_01443
ghsl_5929,ghsl_5929_cell_01444
ghsl_5929,ghsl_5929_cell_01445
ghsl_5929,ghsl_5929_cell_01446
ghsl_5929,ghsl_5929_cell_01447
ghsl_5929,ghsl_5929_cell_01448
ghsl_5929,ghsl_5929_cell_01449
ghsl_5929,ghsl_5929_cell_01450
ghsl_5929,ghsl_5929_cell_01451
ghsl_5929,ghsl_5929_cell_01452
ghsl_5929,ghsl_5929_cell_01453
ghsl_5929,ghsl_5929_cell_01454
ghsl_5929,ghsl_5929_cell_01455
ghsl_5929,ghsl_5929_cell_01456
ghsl_5929,ghsl_5929_cell_01457
ghsl_5929,ghsl_5929_cell_01458
ghsl_5929,ghsl_5929_cell_01459
ghsl_5929,ghsl_5929_cell_01460
ghsl_5929,ghsl_5929_cell_01461
ghsl_5929,ghsl_5929_cell_01462
ghsl_5929,ghsl_5929_cell_01463
ghsl_5929,ghsl_5929_cell_01464
ghsl_5929,ghsl_5929_cell_01465
ghsl_5929,ghsl_5929_cell_01466
ghsl_5929,ghsl_5929_cell_01467
ghsl_5929,ghsl_5929_cell_01468
ghsl_5929,ghsl_5929_cell_01469
ghsl_5929,ghsl_5929_cell_01470
ghsl_5929,ghsl_5929_cell_01471
ghsl_5929,ghsl_5929_cell_01472
ghsl_5929,ghsl_5929_cell_01473
ghsl_5929,ghsl_5929_cell_01474
ghsl_5929,ghsl_5929_cell_01475
ghsl_5929,ghsl_5929_cell_01476
ghsl_5929,ghsl_5929_cell_01477
ghsl_5929,ghsl_5929_cell_01478
ghsl_5929,ghsl_5929_cell_01479
ghsl_5929,ghsl_5929_cell_01480
ghsl_5929,ghsl_5929_cell_01481
ghsl_5929,ghsl_5929_cell_01482
ghsl_5929,ghsl_5929_cell_01483
ghsl_5929,ghsl_5929_cell_01484
ghsl_5929,ghsl_5929_cell_01485
ghsl_5929,ghsl_5929_cell_01486
ghsl_5929,ghsl_5929_cell_01487
ghsl_5929,ghsl_5929_cell_01488
ghsl_5929,ghsl_5929_cell_01489
ghsl_5929,ghsl_5929_cell_01490
ghsl_5929,ghsl_5929_cell_01491
ghsl_5929,ghsl_5929_cell_01492
ghsl_5929,ghsl_5929_cell_01493
ghsl_5929,ghsl_5929_cell_01494
ghsl_5929,ghsl_5929_cell_01495
ghsl_5929,ghsl_5929_cell_01496
ghsl_5929,ghsl_5929_cell_01497
ghsl_5929,ghsl_5929_cell_01498
ghsl_5929,ghsl_5929_cell_01499
ghsl_5929,ghsl_5929_cell_01500
ghsl_5929,ghsl_5929_cell_01501
ghsl_5929,ghsl_5929_cell_01502
ghsl_5929,ghsl_5929_cell_01503
ghsl_5929,ghsl_5929_cell_01504
ghsl_5929,ghsl_5929_cell_01505
ghsl_5929,ghsl_5929_cell_01506
ghsl_5929,ghsl_5929_cell_01507
ghsl_5929,ghsl_5929_cell_01508
ghsl_5929,ghsl_5929_cell_01509
ghsl_5929,ghsl_5929_cell_01510
ghsl_5929,ghsl_5929_cell_01511
ghsl_5929,ghsl_5929_cell_01512
ghsl_5929,ghsl_5929_cell_01513
ghsl_5929,ghsl_5929_cell_01514
ghsl_5929,ghsl_5929_cell_01515
ghsl_5929,ghsl_5929_cell_01516
ghsl_5929,ghsl_5929_cell_01517
ghsl_5929,ghsl_5929_cell_01518
ghsl_5929,ghsl_5929_cell_01519
ghsl_5929,ghsl_5929_cell_01520
ghsl_5929,ghsl_5929_cell_01521
ghsl_5929,ghsl_5929_cell_01522
ghsl_5929,ghsl_5929_cell_01523
ghsl_5929,ghsl_5929_cell_01524
ghsl_5929,ghsl_5929_cell_01525
ghsl_5929,ghsl_5929_cell_01526
ghsl_5929,ghsl_5929_cell_01527
ghsl_5929,ghsl_5929_cell_01528
ghsl_5929,ghsl_5929_cell_01529
ghsl_5929,ghsl_5929_cell_01530
ghsl_5929,ghsl_5929_cell_01531
ghsl_5929,ghsl_5929_cell_01532
ghsl_5929,ghsl_5929_cell_01533
ghsl_5929,ghsl_5929_cell_01534
ghsl_5929,ghsl_5929_cell_01535
ghsl_5929,ghsl_5929_cell_01536
ghsl_5929,ghsl_5929_cell_01537
ghsl_5929,ghsl_5929_cell_01538
ghsl_5929,ghsl_5929_cell_01539
ghsl_5929,ghsl_5929_cell_01540
ghsl_5929,ghsl_5929_cell_01541
ghsl_5929,ghsl_5929_cell_01542
ghsl_5929,ghsl_5929_cell_01543
ghsl_5929,ghsl_5929_cell_01544
ghsl_5929,ghsl_5929_cell_01545
ghsl_5929,ghsl_5929_cell_01546
ghsl_5929,ghsl_5929_cell_01547
ghsl_5929,ghsl_5929_cell_01548
ghsl_5929,ghsl_5929_cell_01549
ghsl_5929,ghsl_5929_cell_01550
ghsl_5929,ghsl_5929_cell_01551
ghsl_5929,ghsl_5929_cell_01552
ghsl_5929,ghsl_5929_cell_01553
ghsl_5929,ghsl_5929_cell_01554
ghsl_5929,ghsl_5929_cell_01555
ghsl_5929,ghsl_5929_cell_01556
ghsl_5929,ghsl_5929_cell_01557
ghsl_5929,ghsl_5929_cell_01558
ghsl_5929,ghsl_5929_cell_01559
ghsl_5929,ghsl_5929_cell_01560
ghsl_5929,ghsl_5929_cell_01561
ghsl_5929,ghsl_5929_cell_01562
ghsl_5929,ghsl_5929_cell_01563
ghsl_5929,ghsl_5929_cell_01564
ghsl_5929,ghsl_5929_cell_01565
ghsl_5929,ghsl_5929_cell_01566
ghsl_5929,ghsl_5929_cell_01567
ghsl_5929,ghsl_5929_cell_01568
ghsl_5929,ghsl_5929_cell_01569
ghsl_5929,ghsl_5929_cell_01570
ghsl_5929,ghsl_5929_cell_01571
ghsl_5929,ghsl_5929_cell_01572
ghsl_5929,ghsl_5929_cell_01573
ghsl_5929,ghsl_5929_cell_01574
ghsl_5929,ghsl_5929_cell_01575
ghsl_5929,ghsl_5929_cell_01576
ghsl_5929,ghsl_5929_cell_01577
ghsl_5929,ghsl_5929_cell_01578
ghsl_5929,ghsl_5929_cell_01579
ghsl_5929,ghsl_5929_cell_01580
ghsl_5929,ghsl_5929_cell_01581
ghsl_5929,ghsl_5929_cell_01582
ghsl_5929,ghsl_5929_cell_01583
ghsl_5929,ghsl_5929_cell_01584
ghsl_5929,ghsl_5929_cell_01585
ghsl_5929,ghsl_5929_cell_01586
ghsl_5929,ghsl_5929_cell_01587
ghsl_5929,ghsl_5929_cell_01588
ghsl_5929,ghsl_5929_cell_01589
ghsl_5929,ghsl_5929_cell_01590
ghsl_5929,ghsl_5929_cell_01591
ghsl_5929,ghsl_5929_cell_01592
ghsl_5929,ghsl_5929_cell_01593
ghsl_5929,ghsl_5929_cell_01594
ghsl_5929,ghsl_5929_cell_01595
ghsl_5929,ghsl_5929_cell_01596
ghsl_5929,ghsl_5929_cell_01597
ghsl_5929,ghsl_5929_cell_01598
ghsl_5929,ghsl_5929_cell_01599
ghsl_5929,ghsl_5929_cell_01600
ghsl_5929,ghsl_5929_cell_01601
ghsl_5929,ghsl_5929_cell_01602
ghsl_5929,ghsl_5929_cell_01603
ghsl_5929,ghsl_5929_cell_01604
ghsl_5929,ghsl_5929_cell_01605
ghsl_5929,ghsl_5929_cell_01606
ghsl_5929,ghsl_5929_cell_01607
ghsl_5929,ghsl_5929_cell_01608
ghsl_5929,ghsl_5929_cell_01609
ghsl_5929,ghsl_5929_cell_01610
ghsl_5929,ghsl_5929_cell_01611
ghsl_5929,ghsl_5929_cell_01612
ghsl_5929,ghsl_5929_cell_01613
ghsl_5929,ghsl_5929_cell_01614
ghsl_5929,ghsl_5929_cell_01615
ghsl_5929,ghsl_5929_cell_01616
ghsl_5929,ghsl_5929_cell_01617
ghsl_5929,ghsl_5929_cell_01618
ghsl_5929,ghsl_5929_cell_01619
ghsl_5929,ghsl_5929_cell_01620
ghsl_5929,ghsl_5929_cell_01621
ghsl_5929,ghsl_5929_cell_01622
ghsl_5929,ghsl_5929_cell_01623
ghsl_5929,ghsl_5929_cell_01624
ghsl_5929,ghsl_5929_cell_01625
ghsl_5929,ghsl_5929_cell_01626
ghsl_5929,ghsl_5929_cell_01627
ghsl_5929,ghsl_5929_cell_01628
ghsl_5929,ghsl_5929_cell_01629
ghsl_5929,ghsl_5929_cell_01630
ghsl_5929,ghsl_5929_cell_01631
ghsl_5929,ghsl_5929_cell_01632
ghsl_5929,ghsl_5929_cell_01633
ghsl_5929,ghsl_5929_cell_01634
ghsl_5929,ghsl_5929_cell_01635
ghsl_5929,ghsl_5929_cell_01636
ghsl_5929,ghsl_5929_cell_01637
ghsl_5929,ghsl_5929_cell_01638
ghsl_5929,ghsl_5929_cell_01639
ghsl_5929,ghsl_5929_cell_01640
ghsl_5929,ghsl_5929_cell_01641
ghsl_5929,ghsl_5929_cell_01642
ghsl_5929,ghsl_5929_cell_01643
ghsl_5929,ghsl_5929_cell_01644
ghsl_5929,ghsl_5929_cell_01645
ghsl_5929,ghsl_5929_cell_01646
ghsl_5929,ghsl_5929_cell_01647
ghsl_5929,ghsl_5929_cell_01648
ghsl_5929,ghsl_5929_cell_01649
ghsl_5929,ghsl_5929_cell_01650
ghsl_5929,ghsl_5929_cell_01651
ghsl_5929,ghsl_5929_cell_01652
ghsl_5929,ghsl_5929_cell_01653
ghsl_5929,ghsl_5929_cell_01654
ghsl_5929,ghsl_5929_cell_01655
ghsl_5929,ghsl_5929_cell_01656
ghsl_5929,ghsl_5929_cell_01657
ghsl_5929,ghsl_5929_cell_01658
ghsl_5929,ghsl_5929_cell_01659
ghsl_5929,ghsl_5929_cell_01660
ghsl_5929,ghsl_5929_cell_01661
ghsl_5929,ghsl_5929_cell_01662
ghsl_5929,ghsl_5929_cell_01663
ghsl_5929,ghsl_5929_cell_01664
ghsl_5929,ghsl_5929_cell_01665
ghsl_5929,ghsl_5929_cell_01666
ghsl_5929,ghsl_5929_cell_01667
ghsl_5929,ghsl_5929_cell_01668
ghsl_5929,ghsl_5929_cell_01669
ghsl_5929,ghsl_5929_cell_01670
ghsl_5929,ghsl_5929_cell_01671
ghsl_5929,ghsl_5929_cell_01672
ghsl_5929,ghsl_5929_cell_01673
ghsl_5929,ghsl_5929_cell_01674
ghsl_5929,ghsl_5929_cell_01675
ghsl_5929,ghsl_5929_cell_01676
ghsl_5929,ghsl_5929_cell_01677
ghsl_5929,ghsl_5929_cell_01678
ghsl_5929,ghsl_5929_cell_01679
ghsl_5929,ghsl_5929_cell_01680
ghsl_5929,ghsl_5929_cell_01681
ghsl_5929,ghsl_5929_cell_01682
ghsl_5929,ghsl_5929_cell_01683
ghsl_5929,ghsl_5929_cell_01684
ghsl_5929,ghsl_5929_cell_01685
ghsl_5929,ghsl_5929_cell_01686
ghsl_5929,ghsl_5929_cell_01687
ghsl_5929,ghsl_5929_cell_01688
ghsl_5929,ghsl_5929_cell_01689
ghsl_5929,ghsl_5929_cell_01690
ghsl_5929,ghsl_5929_cell_01691
ghsl_5929,ghsl_5929_cell_01692
ghsl_5929,ghsl_5929_cell_01693
ghsl_5929,ghsl_5929_cell_01694
ghsl_5929,ghsl_5929_cell_01695
ghsl_5929,ghsl_5929_cell_01696
ghsl_5929,ghsl_5929_cell_01697
ghsl_5929,ghsl_5929_cell_01698
ghsl_5929,ghsl_5929_cell_01699
ghsl_5929,ghsl_5929_cell_01700
ghsl_5929,ghsl_5929_cell_01701
ghsl_5929,ghsl_5929_cell_01702
ghsl_5929,ghsl_5929_cell_01703
ghsl_5929,ghsl_5929_cell_01704
ghsl_5929,ghsl_5929_cell_01705
ghsl_5929,ghsl_5929_cell_01706
ghsl_5929,ghsl_5929_cell_01707
ghsl_5929,ghsl_5929_cell_01708
ghsl_5929,ghsl_5929_cell_01709
ghsl_5929,ghsl_5929_cell_01710
ghsl_5929,ghsl_5929_cell_01711
ghsl_5929,ghsl_5929_cell_01712
ghsl_5929,ghsl_5929_cell_01713
ghsl_5929,ghsl_5929_cell_01714
ghsl_5929,ghsl_5929_cell_01715
ghsl_5929,ghsl_5929_cell_01716
ghsl_5929,ghsl_5929_cell_01717
ghsl_5929,ghsl_5929_cell_01718
ghsl_5929,ghsl_5929_cell_01719
ghsl_5929,ghsl_5929_cell_01720
ghsl_5929,ghsl_5929_cell_01721
ghsl_5929,ghsl_5929_cell_01722
ghsl_5929,ghsl_5929_cell_01723
ghsl_5929,ghsl_5929_cell_01724
ghsl_5929,ghsl_5929_cell_01725
ghsl_5929,ghsl_5929_cell_01726
ghsl_5929,ghsl_5929_cell_01727
ghsl_5929,ghsl_5929_cell_01728
ghsl_5929,ghsl_5929_cell_01729
ghsl_5929,ghsl_5929_cell_01730
ghsl_5929,ghsl_5929_cell_01731
ghsl_5929,ghsl_5929_cell_01732
ghsl_5929,ghsl_5929_cell_01733
ghsl_5929,ghsl_5929_cell_01734
ghsl_5929,ghsl_5929_cell_01735
ghsl_5929,ghsl_5929_cell_01736
ghsl_5929,ghsl_5929_cell_01737
ghsl_5929,ghsl_5929_cell_01738
ghsl_5929,ghsl_5929_cell_01739
ghsl_5929,ghsl_5929_cell_01740
ghsl_5929,ghsl_5929_cell_01741
ghsl_5929,ghsl_5929_cell_01742
ghsl_5929,ghsl_5929_cell_01743
ghsl_5929,ghsl_5929_cell_01744
ghsl_5929,ghsl_5929_cell_01745
ghsl_5929,ghsl_5929_cell_01746
ghsl_5929,ghsl_5929_cell_01747
ghsl_5929,ghsl_5929_cell_01748
ghsl_5929,ghsl_5929_cell_01749
ghsl_5929,ghsl_5929_cell_01750
ghsl_5929,ghsl_5929_cell_01751
ghsl_5929,ghsl_5929_cell_01752
ghsl_5929,ghsl_5929_cell_01753
ghsl_5929,ghsl_5929_cell_01754
ghsl_5929,ghsl_5929_cell_01755
ghsl_5929,ghsl_5929_cell_01756
ghsl_5929,ghsl_5929_cell_01757
ghsl_5929,ghsl_5929_cell_01758
ghsl_5929,ghsl_5929_cell_01759
ghsl_5929,ghsl_5929_cell_01760
ghsl_5929,ghsl_5929_cell_01761
ghsl_5929,ghsl_5929_cell_01762
ghsl_5929,ghsl_5929_cell_01763
ghsl_5929,ghsl_5929_cell_01764
ghsl_5929,ghsl_5929_cell_01765
ghsl_5929,ghsl_5929_cell_01766
ghsl_5929,ghsl_5929_cell_01767
ghsl_5929,ghsl_5929_cell_01768
ghsl_5929,ghsl_5929_cell_01769
ghsl_5929,ghsl_5929_cell_01770
ghsl_5929,ghsl_5929_cell_01771
ghsl_5929,ghsl_5929_cell_01772
ghsl_5929,ghsl_5929_cell_01773
ghsl_5929,ghsl_5929_cell_01774
ghsl_5929,ghsl_5929_cell_01775
ghsl_5929,ghsl_5929_cell_01776
ghsl_5929,ghsl_5929_cell_01777
ghsl_5929,ghsl_5929_cell_01778
ghsl_5929,ghsl_5929_cell_01779
ghsl_5929,ghsl_5929_cell_01780
ghsl_5929,ghsl_5929_cell_01781
ghsl_5929,ghsl_5929_cell_01782
ghsl_5929,ghsl_5929_cell_01783
ghsl_5929,ghsl_5929_cell_01784
ghsl_5929,ghsl_5929_cell_01785
ghsl_5929,ghsl_5929_cell_01786
ghsl_5929,ghsl_5929_cell_01787
ghsl_5929,ghsl_5929_cell_01788
ghsl_5929,ghsl_5929_cell_01789
ghsl_5929,ghsl_5929_cell_01790
ghsl_5929,ghsl_5929_cell_01791
ghsl_5929,ghsl_5929_cell_01792
ghsl_5929,ghsl_5929_cell_01793
ghsl_5929,ghsl_5929_cell_01794
ghsl_5929,ghsl_5929_cell_01795
ghsl_5929,ghsl_5929_cell_01796
ghsl_5929,ghsl_5929_cell_01797
ghsl_5929,ghsl_5929_cell_01798
ghsl_5929,ghsl_5929_cell_01799
ghsl_5929,ghsl_5929_cell_01800
ghsl_5929,ghsl_5929_cell_01801
ghsl_5929,ghsl_5929_cell_01802
ghsl_5929,ghsl_5929_cell_01803
ghsl_5929,ghsl_5929_cell_01804
ghsl_5929,ghsl_5929_cell_01805
ghsl_5929,ghsl_5929_cell_01806
ghsl_5929,ghsl_5929_cell_01807
ghsl_5929,ghsl_5929_cell_01808
ghsl_5929,ghsl_5929_cell_01809
ghsl_5929,ghsl_5929_cell_01810
ghsl_5929,ghsl_5929_cell_01811
ghsl_5929,ghsl_5929_cell_01812
ghsl_5929,ghsl_5929_cell_01813
ghsl_5929,ghsl_5929_cell_01814
ghsl_5929,ghsl_5929_cell_01815
ghsl_5929,ghsl_5929_cell_01816
ghsl_5929,ghsl_5929_cell_01817
ghsl_5929,ghsl_5929_cell_01818
ghsl_5929,ghsl_5929_cell_01819
ghsl_5929,ghsl_5929_cell_01820
ghsl_5929,ghsl_5929_cell_01821
ghsl_5929,ghsl_5929_cell_01822
ghsl_5929,ghsl_5929_cell_01823
ghsl_5929,ghsl_5929_cell_01824
ghsl_5929,ghsl_5929_cell_01825
ghsl_5929,ghsl_5929_cell_01826
ghsl_5929,ghsl_5929_cell_01827
ghsl_5929,ghsl_5929_cell_01828
ghsl_5929,ghsl_5929_cell_01829
ghsl_5929,ghsl_5929_cell_01830
ghsl_5929,ghsl_5929_cell_01831
ghsl_5929,ghsl_5929_cell_01832
ghsl_5929,ghsl_5929_cell_01833
ghsl_5929,ghsl_5929_cell_01834
ghsl_5929,ghsl_5929_cell_01835
ghsl_5929,ghsl_5929_cell_01836
ghsl_5929,ghsl_5929_cell_01837
ghsl_5929,ghsl_5929_cell_01838
ghsl_5929,ghsl_5929_cell_01839
ghsl_5929,ghsl_5929_cell_01840
ghsl_5929,ghsl_5929_cell_01841
ghsl_5929,ghsl_5929_cell_01842
ghsl_5929,ghsl_5929_cell_01843
ghsl_5929,ghsl_5929_cell_01844
ghsl_5929,ghsl_5929_cell_01845
ghsl_5929,ghsl_5929_cell_01846
ghsl_5929,ghsl_5929_cell_01847
ghsl_5929,ghsl_5929_cell_01848
ghsl_5929,ghsl_5929_cell_01849
ghsl_5929,ghsl_5929_cell_01850
ghsl_5929,ghsl_5929_cell_01851
ghsl_5929,ghsl_5929_cell_01852
ghsl_5929,ghsl_5929_cell_01853
ghsl_5929,ghsl_5929_cell_01854
ghsl_5929,ghsl_5929_cell_01855
ghsl_5929,ghsl_5929_cell_01856
ghsl_5929,ghsl_5929_cell_01857
ghsl_5929,ghsl_5929_cell_01858
ghsl_5929,ghsl_5929_cell_01859
ghsl_5929,ghsl_5929_cell_01860
ghsl_5929,ghsl_5929_cell_01861
ghsl_5929,ghsl_5929_cell_01862
ghsl_5929,ghsl_5929_cell_01863
ghsl_5929,ghsl_5929_cell_01864
ghsl_5929,ghsl_5929_cell_01865
ghsl_5929,ghsl_5929_cell_01866
ghsl_5929,ghsl_5929_cell_01867
ghsl_5929,ghsl_5929_cell_01868
ghsl_5929,ghsl_5929_cell_01869
ghsl_5929,ghsl_5929_cell_01870
ghsl_5929,ghsl_5929_cell_01871
ghsl_5929,ghsl_5929_cell_01872
ghsl_5929,ghsl_5929_cell_01873
ghsl_5929,ghsl_5929_cell_01874
ghsl_5929,ghsl_5929_cell_01875
ghsl_5929,ghsl_5929_cell_01876
ghsl_5929,ghsl_5929_cell_01877
ghsl_5929,ghsl_5929_cell_01878
ghsl_5929,ghsl_5929_cell_01879
ghsl_5929,ghsl_5929_cell_01880
ghsl_5929,ghsl_5929_cell_01881
ghsl_5929,ghsl_5929_cell_01882
ghsl_5929,ghsl_5929_cell_01883
ghsl_5929,ghsl_5929_cell_01884
ghsl_5929,ghsl_5929_cell_01885
ghsl_5929,ghsl_5929_cell_01886
ghsl_5929,ghsl_5929_cell_01887
ghsl_5929,ghsl_5929_cell_01888
ghsl_5929,ghsl_5929_cell_01889
ghsl_5929,ghsl_5929_cell_01890
ghsl_5929,ghsl_5929_cell_01891
ghsl_5929,ghsl_5929_cell_01892
ghsl_5929,ghsl_5929_cell_01893
ghsl_5929,ghsl_5929_cell_01894
ghsl_5929,ghsl_5929_cell_01895
ghsl_5929,ghsl_5929_cell_01896
ghsl_5929,ghsl_5929_cell_01897
ghsl_5929,ghsl_5929_cell_01898
ghsl_5929,ghsl_5929_cell_01899
ghsl_5929,ghsl_5929_cell_01900
ghsl_5929,ghsl_5929_cell_01901
ghsl_5929,ghsl_5929_cell_01902
ghsl_5929,ghsl_5929_cell_01903
ghsl_5929,ghsl_5929_cell_01904
ghsl_5929,ghsl_5929_cell_01905
ghsl_5929,ghsl_5929_cell_01906
ghsl_5929,ghsl_5929_cell_01907
ghsl_5929,ghsl_5929_cell_01908
ghsl_5929,ghsl_5929_cell_01909
ghsl_5929,ghsl_5929_cell_01910
ghsl_5929,ghsl_5929_cell_01911
ghsl_5929,ghsl_5929_cell_01912
ghsl_5929,ghsl_5929_cell_01913
ghsl_5929,ghsl_5929_cell_01914
ghsl_5929,ghsl_5929_cell_01915
ghsl_5929,ghsl_5929_cell_01916
ghsl_5929,ghsl_5929_cell_01917
ghsl_5929,ghsl_5929_cell_01918
ghsl_5929,ghsl_5929_cell_01919
ghsl_5929,ghsl_5929_cell_01920
ghsl_5929,ghsl_5929_cell_01921
ghsl_5929,ghsl_5929_cell_01922
ghsl_5929,ghsl_5929_cell_01923
ghsl_5929,ghsl_5929_cell_01924
ghsl_5929,ghsl_5929_cell_01925
ghsl_5929,ghsl_5929_cell_01926
ghsl_5929,ghsl_5929_cell_01927
ghsl_5929,ghsl_5929_cell_01928
ghsl_5929,ghsl_5929_cell_01929
ghsl_5929,ghsl_5929_cell_01930
ghsl_5929,ghsl_5929_cell_01931
ghsl_5929,ghsl_5929_cell_01932
ghsl_5929,ghsl_5929_cell_01933
ghsl_5929,ghsl_5929_cell_01934
ghsl_5929,ghsl_5929_cell_01935
ghsl_5929,ghsl_5929_cell_01936
ghsl_5929,ghsl_5929_cell_01937
ghsl_5929,ghsl_5929_cell_01938
ghsl_5929,ghsl_5929_cell_01939
ghsl_5929,ghsl_5929_cell_01940
ghsl_5929,ghsl_5929_cell_01941
ghsl_5929,ghsl_5929_cell_01942
ghsl_5929,ghsl_5929_cell_01943
ghsl_5929,ghsl_5929_cell_01944
ghsl_5929,ghsl_5929_cell_01945
ghsl_5929,ghsl_5929_cell_01946
ghsl_5929,ghsl_5929_cell_01947
ghsl_5929,ghsl_5929_cell_01948
ghsl_5929,ghsl_5929_cell_01949
ghsl_5929,ghsl_5929_cell_01950
ghsl_5929,ghsl_5929_cell_01951
ghsl_5929,ghsl_5929_cell_01952
ghsl_5929,ghsl_5929_cell_01953
ghsl_5929,ghsl_5929_cell_01954
ghsl_5929,ghsl_5929_cell_01955
ghsl_5929,ghsl_5929_cell_01956
ghsl_5929,ghsl_5929_cell_01957
ghsl_5929,ghsl_5929_cell_01958
ghsl_5929,ghsl_5929_cell_01959
ghsl_5929,ghsl_5929_cell_01960
ghsl_5929,ghsl_5929_cell_01961
ghsl_5929,ghsl_5929_cell_01962
ghsl_5929,ghsl_5929_cell_01963
ghsl_5929,ghsl_5929_cell_01964
ghsl_5929,ghsl_5929_cell_01965
ghsl_5929,ghsl_5929_cell_01966
ghsl_5929,ghsl_5929_cell_01967
ghsl_5929,ghsl_5929_cell_01968
ghsl_5929,ghsl_5929_cell_01969
ghsl_5929,ghsl_5929_cell_01970
ghsl_5929,ghsl_5929_cell_01971
ghsl_5929,ghsl_5929_cell_01972
ghsl_5929,ghsl_5929_cell_01973
ghsl_5929,ghsl_5929_cell_01974
ghsl_5929,ghsl_5929_cell_01975
ghsl_5929,ghsl_5929_cell_01976
ghsl_5929,ghsl_5929_cell_01977
ghsl_5929,ghsl_5929_cell_01978
ghsl_5929,ghsl_5929_cell_01979
ghsl_5929,ghsl_5929_cell_01980
ghsl_5929,ghsl_5929_cell_01981
ghsl_5929,ghsl_5929_cell_01982
ghsl_5929,ghsl_5929_cell_01983
ghsl_5929,ghsl_5929_cell_01984
ghsl_5929,ghsl_5929_cell_01985
ghsl_5929,ghsl_5929_cell_01986
ghsl_5929,ghsl_5929_cell_01987
ghsl_5929,ghsl_5929_cell_01988
ghsl_5929,ghsl_5929_cell_01989
ghsl_5929,ghsl_5929_cell_01990
ghsl_5929,ghsl_5929_cell_01991
ghsl_5929,ghsl_5929_cell_01992
ghsl_5929,ghsl_5929_cell_01993
ghsl_5929,ghsl_5929_cell_01994
ghsl_5929,ghsl_5929_cell_01995
ghsl_5929,ghsl_5929_cell_01996
ghsl_5929,ghsl_5929_cell_01997
ghsl_5929,ghsl_5929_cell_01998
ghsl_5929,ghsl_5929_cell_01999
ghsl_5929,ghsl_5929_cell_02000
ghsl_5929,ghsl_5929_cell_02001
ghsl_5929,ghsl_5929_cell_02002
ghsl_5929,ghsl_5929_cell_02003
ghsl_5929,ghsl_5929_cell_02004
ghsl_5929,ghsl_5929_cell_02005
ghsl_5929,ghsl_5929_cell_02006
ghsl_5929,ghsl_5929_cell_02007
ghsl_5929,ghsl_5929_cell_02008
ghsl_5929,ghsl_5929_cell_02009
ghsl_5929,ghsl_5929_cell_02010
ghsl_5929,ghsl_5929_cell_02011
ghsl_5929,ghsl_5929_cell_02012
ghsl_5929,ghsl_5929_cell_02013
ghsl_5929,ghsl_5929_cell_02014
ghsl_5929,ghsl_5929_cell_02015
ghsl_5929,ghsl_5929_cell_02016
ghsl_5929,ghsl_5929_cell_02017
ghsl_5929,ghsl_5929_cell_02018
ghsl_5929,ghsl_5929_cell_02019
ghsl_5929,ghsl_5929_cell_02020
ghsl_5929,ghsl_5929_cell_02021
ghsl_5929,ghsl_5929_cell_02022
ghsl_5929,ghsl_5929_cell_02023
ghsl_5929,ghsl_5929_cell_02024
ghsl_5929,ghsl_5929_cell_02025
ghsl_5929,ghsl_5929_cell_02026
ghsl_5929,ghsl_5929_cell_02027
ghsl_5929,ghsl_5929_cell_02028
ghsl_5929,ghsl_5929_cell_02029
ghsl_5929,ghsl_5929_cell_02030
ghsl_5929,ghsl_5929_cell_02031
ghsl_5929,ghsl_5929_cell_02032
ghsl_5929,ghsl_5929_cell_02033
ghsl_5929,ghsl_5929_cell_02034
ghsl_5929,ghsl_5929_cell_02035
ghsl_5929,ghsl_5929_cell_02036
ghsl_5929,ghsl_5929_cell_02037
ghsl_5929,ghsl_5929_cell_02038
ghsl_5929,ghsl_5929_cell_02039
ghsl_5929,ghsl_5929_cell_02040
ghsl_5929,ghsl_5929_cell_02041
ghsl_5929,ghsl_5929_cell_02042
ghsl_5929,ghsl_5929_cell_02043
ghsl_5929,ghsl_5929_cell_02044
ghsl_5929,ghsl_5929_cell_02045
ghsl_5929,ghsl_5929_cell_02046
ghsl_5929,ghsl_5929_cell_02047
ghsl_5929,ghsl_5929_cell_02048
ghsl_5929,ghsl_5929_cell_02049
ghsl_5929,ghsl_5929_cell_02050
ghsl_5929,ghsl_5929_cell_02051
ghsl_5929,ghsl_5929_cell_02052
ghsl_5929,ghsl_5929_cell_02053
ghsl_5929,ghsl_5929_cell_02054
ghsl_5929,ghsl_5929_cell_02055
ghsl_5929,ghsl_5929_cell_02056
ghsl_5929,ghsl_5929_cell_02057
ghsl_5929,ghsl_5929_cell_02058
ghsl_5929,ghsl_5929_cell_02059
ghsl_5929,ghsl_5929_cell_02060
ghsl_5929,ghsl_5929_cell_02061
ghsl_5929,ghsl_5929_cell_02062
ghsl_5929,ghsl_5929_cell_02063
ghsl_5929,ghsl_5929_cell_02064
ghsl_5929,ghsl_5929_cell_02065
ghsl_5929,ghsl_5929_cell_02066
ghsl_5929,ghsl_5929_cell_02067
ghsl_5929,ghsl_5929_cell_02068
ghsl_5929,ghsl_5929_cell_02069
ghsl_5929,ghsl_5929_cell_02070
ghsl_5929,ghsl_5929_cell_02071
ghsl_5929,ghsl_5929_cell_02072
ghsl_5929,ghsl_5929_cell_02073
ghsl_5929,ghsl_5929_cell_02074
ghsl_5929,ghsl_5929_cell_02075
ghsl_5929,ghsl_5929_cell_02076
ghsl_5929,ghsl_5929_cell_02077
ghsl_5929,ghsl_5929_cell_02078
ghsl_5929,ghsl_5929_cell_02079
ghsl_5929,ghsl_5929_cell_02080
ghsl_5929,ghsl_5929_cell_02081
ghsl_5929,ghsl_5929_cell_02082
ghsl_5929,ghsl_5929_cell_02083
ghsl_5929,ghsl_5929_cell_02084
ghsl_5929,ghsl_5929_cell_02085
ghsl_5929,ghsl_5929_cell_02086
ghsl_5929,ghsl_5929_cell_02087
ghsl_5929,ghsl_5929_cell_02088
ghsl_5929,ghsl_5929_cell_02089
ghsl_5929,ghsl_5929_cell_02090
ghsl_5929,ghsl_5929_cell_02091
ghsl_5929,ghsl_5929_cell_02092
ghsl_5929,ghsl_5929_cell_02093
ghsl_5929,ghsl_5929_cell_02094
ghsl_5929,ghsl_5929_cell_02095
ghsl_5929,ghsl_5929_cell_02096
ghsl_5929,ghsl_5929_cell_02097
ghsl_5929,ghsl_5929_cell_02098
ghsl_5929,ghsl_5929_cell_02099
ghsl_5929,ghsl_5929_cell_02100
ghsl_5929,ghsl_5929_cell_02101
ghsl_5929,ghsl_5929_cell_02102
ghsl_5929,ghsl_5929_cell_02103
ghsl_5929,ghsl_5929_cell_02104
ghsl_5929,ghsl_5929_cell_02105
ghsl_5929,ghsl_5929_cell_02106
ghsl_5929,ghsl_5929_cell_02107
ghsl_5929,ghsl_5929_cell_02108
ghsl_5929,ghsl_5929_cell_02109
ghsl_5929,ghsl_5929_cell_02110
ghsl_5929,ghsl_5929_cell_02111
ghsl_5929,ghsl_5929_cell_02112
ghsl_5929,ghsl_5929_cell_02113
ghsl_5929,ghsl_5929_cell_02114
ghsl_5929,ghsl_5929_cell_02115
ghsl_5929,ghsl_5929_cell_02116
ghsl_5929,ghsl_5929_cell_02117
ghsl_5929,ghsl_5929_cell_02118
ghsl_5929,ghsl_5929_cell_02119
ghsl_5929,ghsl_5929_cell_02120
ghsl_5929,ghsl_5929_cell_02121
ghsl_5929,ghsl_5929_cell_02122
ghsl_5929,ghsl_5929_cell_02123
ghsl_5929,ghsl_5929_cell_02124
ghsl_5929,ghsl_5929_cell_02125
ghsl_5929,ghsl_5929_cell_02126
ghsl_5929,ghsl_5929_cell_02127
ghsl_5929,ghsl_5929_cell_02128
ghsl_5929,ghsl_5929_cell_02129
ghsl_5929,ghsl_5929_cell_02130
ghsl_5929,ghsl_5929_cell_02131
ghsl_5929,ghsl_5929_cell_02132
ghsl_5929,ghsl_5929_cell_02133
ghsl_5929,ghsl_5929_cell_02134
ghsl_5929,ghsl_5929_cell_02135
ghsl_5929,ghsl_5929_cell_02136
ghsl_5929,ghsl_5929_cell_02137
ghsl_5929,ghsl_5929_cell_02138
ghsl_5929,ghsl_5929_cell_02139
ghsl_5929,ghsl_5929_cell_02140
ghsl_5929,ghsl_5929_cell_02141
ghsl_5929,ghsl_5929_cell_02142
ghsl_5929,ghsl_5929_cell_02143
ghsl_5929,ghsl_5929_cell_02144
ghsl_5929,ghsl_5929_cell_02145
ghsl_5929,ghsl_5929_cell_02146
ghsl_5929,ghsl_5929_cell_02147
ghsl_5929,ghsl_5929_cell_02148
ghsl_5929,ghsl_5929_cell_02149
ghsl_5929,ghsl_5929_cell_02150
ghsl_5929,ghsl_5929_cell_02151
ghsl_5929,ghsl_5929_cell_02152
ghsl_5929,ghsl_5929_cell_02153
ghsl_5929,ghsl_5929_cell_02154
ghsl_5929,ghsl_5929_cell_02155
ghsl_5929,ghsl_5929_cell_02156
ghsl_5929,ghsl_5929_cell_02157
ghsl_5929,ghsl_5929_cell_02158
ghsl_5929,ghsl_5929_cell_02159
ghsl_5929,ghsl_5929_cell_02160
ghsl_5929,ghsl_5929_cell_02161
ghsl_5929,ghsl_5929_cell_02162
ghsl_5929,ghsl_5929_cell_02163
ghsl_5929,ghsl_5929_cell_02164
ghsl_5929,ghsl_5929_cell_02165
ghsl_5929,ghsl_5929_cell_02166
ghsl_5929,ghsl_5929_cell_02167
ghsl_5929,ghsl_5929_cell_02168
ghsl_5929,ghsl_5929_cell_02169
ghsl_5929,ghsl_5929_cell_02170
ghsl_5929,ghsl_5929_cell_02171
ghsl_5929,ghsl_5929_cell_02172
ghsl_5929,ghsl_5929_cell_02173
ghsl_5929,ghsl_5929_cell_02174
ghsl_5929,ghsl_5929_cell_02175
ghsl_5929,ghsl_5929_cell_02176
ghsl_5929,ghsl_5929_cell_02177
ghsl_5929,ghsl_5929_cell_02178
ghsl_5929,ghsl_5929_cell_02179
ghsl_5929,ghsl_5929_cell_02180
ghsl_5929,ghsl_5929_cell_02181
ghsl_5929,ghsl_5929_cell_02182
ghsl_5929,ghsl_5929_cell_02183
ghsl_5929,ghsl_5929_cell_02184
ghsl_5929,ghsl_5929_cell_02185
ghsl_5929,ghsl_5929_cell_02186
ghsl_5929,ghsl_5929_cell_02187
ghsl_5929,ghsl_5929_cell_02188
ghsl_5929,ghsl_5929_cell_02189
ghsl_5929,ghsl_5929_cell_02190
ghsl_5929,ghsl_5929_cell_02191
ghsl_5929,ghsl_5929_cell_02192
ghsl_5929,ghsl_5929_cell_02193
ghsl_5929,ghsl_5929_cell_02194
ghsl_5929,ghsl_5929_cell_02195
ghsl_5929,ghsl_5929_cell_02196
ghsl_5929,ghsl_5929_cell_02197
ghsl_5929,ghsl_5929_cell_02198
ghsl_5929,ghsl_5929_cell_02199
ghsl_5929,ghsl_5929_cell_02200
ghsl_5929,ghsl_5929_cell_02201
ghsl_5929,ghsl_5929_cell_02202
ghsl_5929,ghsl_5929_cell_02203
ghsl_5929,ghsl_5929_cell_02204
ghsl_5929,ghsl_5929_cell_02205
ghsl_5929,ghsl_5929_cell_02206
ghsl_5929,ghsl_5929_cell_02207
ghsl_5929,ghsl_5929_cell_02208
ghsl_5929,ghsl_5929_cell_02209
ghsl_5929,ghsl_5929_cell_02210
ghsl_5929,ghsl_5929_cell_02211
ghsl_5929,ghsl_5929_cell_02212
ghsl_5929,ghsl_5929_cell_02213
ghsl_5929,ghsl_5929_cell_02214
ghsl_5929,ghsl_5929_cell_02215
ghsl_5929,ghsl_5929_cell_02216
ghsl_5929,ghsl_5929_cell_02217
ghsl_5929,ghsl_5929_cell_02218
ghsl_5929,ghsl_5929_cell_02219
ghsl_5929,ghsl_5929_cell_02220
ghsl_5929,ghsl_5929_cell_02221
ghsl_5929,ghsl_5929_cell_02222
ghsl_5929,ghsl_5929_cell_02223
ghsl_5929,ghsl_5929_cell_02224
ghsl_5929,ghsl_5929_cell_02225
ghsl_5929,ghsl_5929_cell_02226
ghsl_5929,ghsl_5929_cell_02227
ghsl_5929,ghsl_5929_cell_02228
ghsl_5929,ghsl_5929_cell_02229
ghsl_5929,ghsl_5929_cell_02230
ghsl_5929,ghsl_5929_cell_02231
ghsl_5929,ghsl_5929_cell_02232
ghsl_5929,ghsl_5929_cell_02233
ghsl_5929,ghsl_5929_cell_02234
ghsl_5929,ghsl_5929_cell_02235
ghsl_5929,ghsl_5929_cell_02236
ghsl_5929,ghsl_5929_cell_02237
ghsl_5929,ghsl_5929_cell_02238
ghsl_5929,ghsl_5929_cell_02239
ghsl_5929,ghsl_5929_cell_02240
ghsl_5929,ghsl_5929_cell_02241
ghsl_5929,ghsl_5929_cell_02242
ghsl_5929,ghsl_5929_cell_02243
ghsl_5929,ghsl_5929_cell_02244
ghsl_5929,ghsl_5929_cell_02245
ghsl_5929,ghsl_5929_cell_02246
ghsl_5929,ghsl_5929_cell_02247
ghsl_5929,ghsl_5929_cell_02248
ghsl_5929,ghsl_5929_cell_02249
ghsl_5929,ghsl_5929_cell_02250
ghsl_5929,ghsl_5929_cell_02251
ghsl_5929,ghsl_5929_cell_02252
ghsl_5929,ghsl_5929_cell_02253
ghsl_5929,ghsl_5929_cell_02254
ghsl_5929,ghsl_5929_cell_02255
ghsl_5929,ghsl_5929_cell_02256
ghsl_5929,ghsl_5929_cell_02257
ghsl_5929,ghsl_5929_cell_02258
ghsl_5929,ghsl_5929_cell_02259
ghsl_5929,ghsl_5929_cell_02260
ghsl_5929,ghsl_5929_cell_02261
ghsl_5929,ghsl_5929_cell_02262
ghsl_5929,ghsl_5929_cell_02263
ghsl_5929,ghsl_5929_cell_02264
ghsl_5929,ghsl_5929_cell_02265
ghsl_5929,ghsl_5929_cell_02266
ghsl_5929,ghsl_5929_cell_02267
ghsl_5929,ghsl_5929_cell_02268
ghsl_5929,ghsl_5929_cell_02269
ghsl_5929,ghsl_5929_cell_02270
ghsl_5929,ghsl_5929_cell_02271
ghsl_5929,ghsl_5929_cell_02272
ghsl_5929,ghsl_5929_cell_02273
ghsl_5929,ghsl_5929_cell_02274
ghsl_5929,ghsl_5929_cell_02275
ghsl_5929,ghsl_5929_cell_02276
ghsl_5929,ghsl_5929_cell_02277
ghsl_5929,ghsl_5929_cell_02278
ghsl_5929,ghsl_5929_cell_02279
ghsl_5929,ghsl_5929_cell_02280
ghsl_5929,ghsl_5929_cell_02281
ghsl_5929,ghsl_5929_cell_02282
ghsl_5929,ghsl_5929_cell_02283
ghsl_5929,ghsl_5929_cell_02284
ghsl_5929,ghsl_5929_cell_02285
ghsl_5929,ghsl_5929_cell_02286
ghsl_5929,ghsl_5929_cell_02287
ghsl_5929,ghsl_5929_cell_02288
ghsl_5929,ghsl_5929_cell_02289
ghsl_5929,ghsl_5929_cell_02290
ghsl_5929,ghsl_5929_cell_02291
ghsl_5929,ghsl_5929_cell_02292
ghsl_5929,ghsl_5929_cell_02293
ghsl_5929,ghsl_5929_cell_02294
ghsl_5929,ghsl_5929_cell_02295
ghsl_5929,ghsl_5929_cell_02296
ghsl_5929,ghsl_5929_cell_02297
ghsl_5929,ghsl_5929_cell_02298
ghsl_5929,ghsl_5929_cell_02299
ghsl_5929,ghsl_5929_cell_02300
ghsl_5929,ghsl_5929_cell_02301
ghsl_5929,ghsl_5929_cell_02302
ghsl_5929,ghsl_5929_cell_02303
ghsl_5929,ghsl_5929_cell_02304
ghsl_5929,ghsl_5929_cell_02305
ghsl_5929,ghsl_5929_cell_02306
ghsl_5929,ghsl_5929_cell_02307
ghsl_5929,ghsl_5929_cell_02308
ghsl_5929,ghsl_5929_cell_02309
ghsl_5929,ghsl_5929_cell_02310
ghsl_5929,ghsl_5929_cell_02311
ghsl_5929,ghsl_5929_cell_02312
ghsl_5929,ghsl_5929_cell_02313
ghsl_5929,ghsl_5929_cell_02314
ghsl_5929,ghsl_5929_cell_02315
ghsl_5929,ghsl_5929_cell_02316
ghsl_5929,ghsl_5929_cell_02317
ghsl_5929,ghsl_5929_cell_02318
ghsl_5929,ghsl_5929_cell_02319
ghsl_5929,ghsl_5929_cell_02320
ghsl_5929,ghsl_5929_cell_02321
ghsl_5929,ghsl_5929_cell_02322
ghsl_5929,ghsl_5929_cell_02323
ghsl_5929,ghsl_5929_cell_02324
ghsl_5929,ghsl_5929_cell_02325
ghsl_5929,ghsl_5929_cell_02326
ghsl_5929,ghsl_5929_cell_02327
ghsl_5929,ghsl_5929_cell_02328
ghsl_5929,ghsl_5929_cell_02329
ghsl_5929,ghsl_5929_cell_02330
ghsl_5929,ghsl_5929_cell_02331
ghsl_5929,ghsl_5929_cell_02332
ghsl_5929,ghsl_5929_cell_02333
ghsl_5929,ghsl_5929_cell_02334
ghsl_5929,ghsl_5929_cell_02335
ghsl_5929,ghsl_5929_cell_02336
ghsl_5929,ghsl_5929_cell_02337
ghsl_5929,ghsl_5929_cell_02338
ghsl_5929,ghsl_5929_cell_02339
ghsl_5929,ghsl_5929_cell_02340
ghsl_5929,ghsl_5929_cell_02341
ghsl_5929,ghsl_5929_cell_02342
ghsl_5929,ghsl_5929_cell_02343
ghsl_5929,ghsl_5929_cell_02344
ghsl_5929,ghsl_5929_cell_02345
ghsl_5929,ghsl_5929_cell_02346
ghsl_5929,ghsl_5929_cell_02347
ghsl_5929,ghsl_5929_cell_02348
ghsl_5929,ghsl_5929_cell_02349
ghsl_5929,ghsl_5929_cell_02350
ghsl_5929,ghsl_5929_cell_02351
ghsl_5929,ghsl_5929_cell_02352
ghsl_5929,ghsl_5929_cell_02353
ghsl_5929,ghsl_5929_cell_02354
ghsl_5929,ghsl_5929_cell_02355
ghsl_5929,ghsl_5929_cell_02356
ghsl_5929,ghsl_5929_cell_02357
ghsl_5929,ghsl_5929_cell_02358
ghsl_5929,ghsl_5929_cell_02359
ghsl_5929,ghsl_5929_cell_02360
ghsl_5929,ghsl_5929_cell_02361
ghsl_5929,ghsl_5929_cell_02362
ghsl_5929,ghsl_5929_cell_02363
ghsl_5929,ghsl_5929_cell_02364
ghsl_5929,ghsl_5929_cell_02365
ghsl_5929,ghsl_5929_cell_02366
ghsl_5929,ghsl_5929_cell_02367
ghsl_5929,ghsl_5929_cell_02368
ghsl_5929,ghsl_5929_cell_02369
ghsl_5929,ghsl_5929_cell_02370
ghsl_5929,ghsl_5929_cell_02371
ghsl_5929,ghsl_5929_cell_02372
ghsl_5929,ghsl_5929_cell_02373
ghsl_5929,ghsl_5929_cell_02374
ghsl_5929,ghsl_5929_cell_02375
ghsl_5929,ghsl_5929_cell_02376
ghsl_5929,ghsl_5929_cell_02377
ghsl_5929,ghsl_5929_cell_02378
ghsl_5929,ghsl_5929_cell_02379
ghsl_5929,ghsl_5929_cell_02380
ghsl_5929,ghsl_5929_cell_02381
ghsl_5929,ghsl_5929_cell_02382
ghsl_5929,ghsl_5929_cell_02383
ghsl_5929,ghsl_5929_cell_02384
ghsl_5929,ghsl_5929_cell_02385
ghsl_5929,ghsl_5929_cell_02386
ghsl_5929,ghsl_5929_cell_02387
ghsl_5929,ghsl_5929_cell_02388
ghsl_5929,ghsl_5929_cell_02389
ghsl_5929,ghsl_5929_cell_02390
ghsl_5929,ghsl_5929_cell_02391
ghsl_5929,ghsl_5929_cell_02392
ghsl_5929,ghsl_5929_cell_02393
ghsl_5929,ghsl_5929_cell_02394
ghsl_5929,ghsl_5929_cell_02395
ghsl_5929,ghsl_5929_cell_02396
ghsl_5929,ghsl_5929_cell_02397
ghsl_5929,ghsl_5929_cell_02398
ghsl_5929,ghsl_5929_cell_02399
ghsl_5929,ghsl_5929_cell_02400
ghsl_5929,ghsl_5929_cell_02401
ghsl_5929,ghsl_5929_cell_02402
ghsl_5929,ghsl_5929_cell_02403
ghsl_5929,ghsl_5929_cell_02404
ghsl_5929,ghsl_5929_cell_02405
ghsl_5929,ghsl_5929_cell_02406
ghsl_5929,ghsl_5929_cell_02407
ghsl_5929,ghsl_5929_cell_02408
ghsl_5929,ghsl_5929_cell_02409
ghsl_5929,ghsl_5929_cell_02410
ghsl_5929,ghsl_5929_cell_02411
ghsl_5929,ghsl_5929_cell_02412
ghsl_5929,ghsl_5929_cell_02413
ghsl_5929,ghsl_5929_cell_02414
ghsl_5929,ghsl_5929_cell_02415
ghsl_5929,ghsl_5929_cell_02416
ghsl_5929,ghsl_5929_cell_02417
ghsl_5929,ghsl_5929_cell_02418
ghsl_5929,ghsl_5929_cell_02419
ghsl_5929,ghsl_5929_cell_02420
ghsl_5929,ghsl_5929_cell_02421
ghsl_5929,ghsl_5929_cell_02422
ghsl_5929,ghsl_5929_cell_02423
ghsl_5929,ghsl_5929_cell_02424
ghsl_5929,ghsl_5929_cell_02425
ghsl_5929,ghsl_5929_cell_02426
ghsl_5929,ghsl_5929_cell_02427
ghsl_5929,ghsl_5929_cell_02428
ghsl_5929,ghsl_5929_cell_02429
ghsl_5929,ghsl_5929_cell_02430
ghsl_5929,ghsl_5929_cell_02431
ghsl_5929,ghsl_5929_cell_02432
ghsl_5929,ghsl_5929_cell_02433
ghsl_5929,ghsl_5929_cell_02434
ghsl_5929,ghsl_5929_cell_02435
ghsl_5929,ghsl_5929_cell_02436
ghsl_5929,ghsl_5929_cell_02437
ghsl_5929,ghsl_5929_cell_02438
ghsl_5929,ghsl_5929_cell_02439
ghsl_5929,ghsl_5929_cell_02440
ghsl_5929,ghsl_5929_cell_02441
ghsl_5929,ghsl_5929_cell_02442
ghsl_5929,ghsl_5929_cell_02443
ghsl_5929,ghsl_5929_cell_02444
ghsl_5929,ghsl_5929_cell_02445
ghsl_5929,ghsl_5929_cell_02446
ghsl_5929,ghsl_5929_cell_02447
ghsl_5929,ghsl_5929_cell_02448
ghsl_5929,ghsl_5929_cell_02449
ghsl_5929,ghsl_5929_cell_02450
ghsl_5929,ghsl_5929_cell_02451
ghsl_5929,ghsl_5929_cell_02452
ghsl_5929,ghsl_5929_cell_02453
ghsl_5929,ghsl_5929_cell_02454
ghsl_5929,ghsl_5929_cell_02455
ghsl_5929,ghsl_5929_cell_02456
ghsl_5929,ghsl_5929_cell_02457
ghsl_5929,ghsl_5929_cell_02458
ghsl_5929,ghsl_5929_cell_02459
ghsl_5929,ghsl_5929_cell_02460
ghsl_5929,ghsl_5929_cell_02461
ghsl_5929,ghsl_5929_cell_02462
ghsl_5929,ghsl_5929_cell_02463
ghsl_5929,ghsl_5929_cell_02464
ghsl_5929,ghsl_5929_cell_02465
ghsl_5929,ghsl_5929_cell_02466
ghsl_5929,ghsl_5929_cell_02467
ghsl_5929,ghsl_5929_cell_02468
ghsl_5929,ghsl_5929_cell_02469
ghsl_5929,ghsl_5929_cell_02470
ghsl_5929,ghsl_5929_cell_02471
ghsl_5929,ghsl_5929_cell_02472
ghsl_5929,ghsl_5929_cell_02473
ghsl_5929,ghsl_5929_cell_02474
ghsl_5929,ghsl_5929_cell_02475
ghsl_5929,ghsl_5929_cell_02476
ghsl_5929,ghsl_5929_cell_02477
ghsl_5929,ghsl_5929_cell_02478
ghsl_5929,ghsl_5929_cell_02479
ghsl_5929,ghsl_5929_cell_02480
ghsl_5929,ghsl_5929_cell_02481
ghsl_5929,ghsl_5929_cell_02482
ghsl_5929,ghsl_5929_cell_02483
ghsl_5929,ghsl_5929_cell_02484
ghsl_5929,ghsl_5929_cell_02485
ghsl_5929,ghsl_5929_cell_02486
ghsl_5929,ghsl_5929_cell_02487
ghsl_5929,ghsl_5929_cell_02488
ghsl_5929,ghsl_5929_cell_02489
ghsl_5929,ghsl_5929_cell_02490
ghsl_5929,ghsl_5929_cell_02491
ghsl_5929,ghsl_5929_cell_02492
ghsl_5929,ghsl_5929_cell_02493
ghsl_5929,ghsl_5929_cell_02494
ghsl_5929,ghsl_5929_cell_02495
ghsl_5929,ghsl_5929_cell_02496
ghsl_5929,ghsl_5929_cell_02497
ghsl_5929,ghsl_5929_cell_02498
ghsl_5929,ghsl_5929_cell_02499
ghsl_5929,ghsl_5929_cell_02500
ghsl_5929,ghsl_5929_cell_02501
ghsl_5929,ghsl_5929_cell_02502
ghsl_5929,ghsl_5929_cell_02503
ghsl_5929,ghsl_5929_cell_02504
ghsl_5929,ghsl_5929_cell_02505
ghsl_5929,ghsl_5929_cell_02506
ghsl_5929,ghsl_5929_cell_02507
ghsl_5929,ghsl_5929_cell_02508
ghsl_5929,ghsl_5929_cell_02509
ghsl_5929,ghsl_5929_cell_02510
ghsl_5929,ghsl_5929_cell_02511
ghsl_5929,ghsl_5929_cell_02512
ghsl_5929,ghsl_5929_cell_02513
ghsl_5929,ghsl_5929_cell_02514
ghsl_5929,ghsl_5929_cell_02515
ghsl_5929,ghsl_5929_cell_02516
ghsl_5929,ghsl_5929_cell_02517
ghsl_5929,ghsl_5929_cell_02518
ghsl_5929,ghsl_5929_cell_02519
ghsl_5929,ghsl_5929_cell_02520
ghsl_5929,ghsl_5929_cell_02521
ghsl_5929,ghsl_5929_cell_02522
ghsl_5929,ghsl_5929_cell_02523
ghsl_5929,ghsl_5929_cell_02524
ghsl_5929,ghsl_5929_cell_02525
ghsl_5929,ghsl_5929_cell_02526
ghsl_5929,ghsl_5929_cell_02527
ghsl_5929,ghsl_5929_cell_02528
ghsl_5929,ghsl_5929_cell_02529
ghsl_5929,ghsl_5929_cell_02530
ghsl_5929,ghsl_5929_cell_02531
ghsl_5929,ghsl_5929_cell_02532
ghsl_5929,ghsl_5929_cell_02533
ghsl_5929,ghsl_5929_cell_02534
ghsl_5929,ghsl_5929_cell_02535
ghsl_5929,ghsl_5929_cell_02536
ghsl_5929,ghsl_5929_cell_02537
ghsl_5929,ghsl_5929_cell_02538
ghsl_5929,ghsl_5929_cell_02539
ghsl_5929,ghsl_5929_cell_02540
ghsl_5929,ghsl_5929_cell_02541
ghsl_5929,ghsl_5929_cell_02542
ghsl_5929,ghsl_5929_cell_02543
ghsl_5929,ghsl_5929_cell_02544
ghsl_5929,ghsl_5929_cell_02545
ghsl_5929,ghsl_5929_cell_02546
ghsl_5929,ghsl_5929_cell_02547
ghsl_5929,ghsl_5929_cell_02548
ghsl_5929,ghsl_5929_cell_02549
ghsl_5929,ghsl_5929_cell_02550
ghsl_5929,ghsl_5929_cell_02551
ghsl_5929,ghsl_5929_cell_02552
ghsl_5929,ghsl_5929_cell_02553
ghsl_5929,ghsl_5929_cell_02554
ghsl_5929,ghsl_5929_cell_02555
ghsl_5929,ghsl_5929_cell_02556
ghsl_5929,ghsl_5929_cell_02557
ghsl_5929,ghsl_5929_cell_02558
ghsl_5929,ghsl_5929_cell_02559
ghsl_5929,ghsl_5929_cell_02560
ghsl_5929,ghsl_5929_cell_02561
ghsl_5929,ghsl_5929_cell_02562
ghsl_5929,ghsl_5929_cell_02563
ghsl_5929,ghsl_5929_cell_02564
ghsl_5929,ghsl_5929_cell_02565
ghsl_5929,ghsl_5929_cell_02566
ghsl_5929,ghsl_5929_cell_02567
ghsl_5929,ghsl_5929_cell_02568
ghsl_5929,ghsl_5929_cell_02569
ghsl_5929,ghsl_5929_cell_02570
ghsl_5929,ghsl_5929_cell_02571
ghsl_5929,ghsl_5929_cell_02572
ghsl_5929,ghsl_5929_cell_02573
ghsl_5929,ghsl_5929_cell_02574
ghsl_5929,ghsl_5929_cell_02575
ghsl_5929,ghsl_5929_cell_02576
ghsl_5929,ghsl_5929_cell_02577
ghsl_5929,ghsl_5929_cell_02578
ghsl_5929,ghsl_5929_cell_02579
ghsl_5929,ghsl_5929_cell_02580
ghsl_5929,ghsl_5929_cell_02581
ghsl_5929,ghsl_5929_cell_02582
ghsl_5929,ghsl_5929_cell_02583
ghsl_5929,ghsl_5929_cell_02584
ghsl_5929,ghsl_5929_cell_02585
ghsl_5929,ghsl_5929_cell_02586
ghsl_5929,ghsl_5929_cell_02587
ghsl_5929,ghsl_5929_cell_02588
ghsl_5929,ghsl_5929_cell_02589
ghsl_5929,ghsl_5929_cell_02590
ghsl_5929,ghsl_5929_cell_02591
ghsl_5929,ghsl_5929_cell_02592
ghsl_5929,ghsl_5929_cell_02593
ghsl_5929,ghsl_5929_cell_02594
ghsl_5929,ghsl_5929_cell_02595
ghsl_5929,ghsl_5929_cell_02596
ghsl_5929,ghsl_5929_cell_02597
ghsl_5929,ghsl_5929_cell_02598
ghsl_5929,ghsl_5929_cell_02599
ghsl_5929,ghsl_5929_cell_02600
ghsl_5929,ghsl_5929_cell_02601
ghsl_5929,ghsl_5929_cell_02602
ghsl_5929,ghsl_5929_cell_02603
ghsl_5929,ghsl_5929_cell_02604
ghsl_5929,ghsl_5929_cell_02605
ghsl_5929,ghsl_5929_cell_02606
ghsl_5929,ghsl_5929_cell_02607
ghsl_5929,ghsl_5929_cell_02608
ghsl_5929,ghsl_5929_cell_02609
ghsl_5929,ghsl_5929_cell_02610
ghsl_5929,ghsl_5929_cell_02611
ghsl_5929,ghsl_5929_cell_02612
ghsl_5929,ghsl_5929_cell_02613
ghsl_5929,ghsl_5929_cell_02614
ghsl_5929,ghsl_5929_cell_02615
ghsl_5929,ghsl_5929_cell_02616
ghsl_5929,ghsl_5929_cell_02617
ghsl_5929,ghsl_5929_cell_02618
ghsl_5929,ghsl_5929_cell_02619
ghsl_5929,ghsl_5929_cell_02620
ghsl_5929,ghsl_5929_cell_02621
ghsl_5929,ghsl_5929_cell_02622
ghsl_5929,ghsl_5929_cell_02623
ghsl_5929,ghsl_5929_cell_02624
ghsl_5929,ghsl_5929_cell_02625
ghsl_5929,ghsl_5929_cell_02626
ghsl_5929,ghsl_5929_cell_02627
ghsl_5929,ghsl_5929_cell_02628
ghsl_5929,ghsl_5929_cell_02629
ghsl_5929,ghsl_5929_cell_02630
ghsl_5929,ghsl_5929_cell_02631
ghsl_5929,ghsl_5929_cell_02632
ghsl_5929,ghsl_5929_cell_02633
ghsl_5929,ghsl_5929_cell_02634
ghsl_5929,ghsl_5929_cell_02635
ghsl_5929,ghsl_5929_cell_02636
ghsl_5929,ghsl_5929_cell_02637
ghsl_5929,ghsl_5929_cell_02638
ghsl_5929,ghsl_5929_cell_02639
ghsl_5929,ghsl_5929_cell_02640
ghsl_5929,ghsl_5929_cell_02641
ghsl_5929,ghsl_5929_cell_02642
ghsl_5929,ghsl_5929_cell_02643
ghsl_5929,ghsl_5929_cell_02644
ghsl_5929,ghsl_5929_cell_02645
ghsl_5929,ghsl_5929_cell_02646
ghsl_5929,ghsl_5929_cell_02647
ghsl_5929,ghsl_5929_cell_02648
ghsl_5929,ghsl_5929_cell_02649
ghsl_5929,ghsl_5929_cell_02650
ghsl_5929,ghsl_5929_cell_02651
ghsl_5929,ghsl_5929_cell_02652
ghsl_5929,ghsl_5929_cell_02653
ghsl_5929,ghsl_5929_cell_02654
ghsl_5929,ghsl_5929_cell_02655
ghsl_5929,ghsl_5929_cell_02656
ghsl_5929,ghsl_5929_cell_02657
ghsl_5929,ghsl_5929_cell_02658
ghsl_5929,ghsl_5929_cell_02659
ghsl_5929,ghsl_5929_cell_02660
ghsl_5929,ghsl_5929_cell_02661
ghsl_5929,ghsl_5929_cell_02662
ghsl_5929,ghsl_5929_cell_02663
ghsl_5929,ghsl_5929_cell_02664
ghsl_5929,ghsl_5929_cell_02665
ghsl_5929,ghsl_5929_cell_02666
ghsl_5929,ghsl_5929_cell_02667
ghsl_5929,ghsl_5929_cell_02668
ghsl_5929,ghsl_5929_cell_02669
ghsl_5929,ghsl_5929_cell_02670
ghsl_5929,ghsl_5929_cell_02671
ghsl_5929,ghsl_5929_cell_02672
ghsl_5929,ghsl_5929_cell_02673
ghsl_5929,ghsl_5929_cell_02674
ghsl_5929,ghsl_5929_cell_02675
ghsl_5929,ghsl_5929_cell_02676
ghsl_5929,ghsl_5929_cell_02677
ghsl_5929,ghsl_5929_cell_02678
ghsl_5929,ghsl_5929_cell_02679
ghsl_5929,ghsl_5929_cell_02680
ghsl_5929,ghsl_5929_cell_02681
ghsl_5929,ghsl_5929_cell_02682
ghsl_5929,ghsl_5929_cell_02683
ghsl_5929,ghsl_5929_cell_02684
ghsl_5929,ghsl_5929_cell_02685
ghsl_5929,ghsl_5929_cell_02686
ghsl_5929,ghsl_5929_cell_02687
ghsl_5929,ghsl_5929_cell_02688
ghsl_5929,ghsl_5929_cell_02689
ghsl_5929,ghsl_5929_cell_02690
ghsl_5929,ghsl_5929_cell_02691
ghsl_5929,ghsl_5929_cell_02692
ghsl_5929,ghsl_5929_cell_02693
ghsl_5929,ghsl_5929_cell_02694
ghsl_5929,ghsl_5929_cell_02695
ghsl_5929,ghsl_5929_cell_02696
ghsl_5929,ghsl_5929_cell_02697
ghsl_5929,ghsl_5929_cell_02698
ghsl_5929,ghsl_5929_cell_02699
ghsl_5929,ghsl_5929_cell_02700
ghsl_5929,ghsl_5929_cell_02701
ghsl_5929,ghsl_5929_cell_02702
ghsl_5929,ghsl_5929_cell_02703
ghsl_5929,ghsl_5929_cell_02704
ghsl_5929,ghsl_5929_cell_02705
ghsl_5929,ghsl_5929_cell_02706
ghsl_5929,ghsl_5929_cell_02707
ghsl_5929,ghsl_5929_cell_02708
ghsl_5929,ghsl_5929_cell_02709
ghsl_5929,ghsl_5929_cell_02710
ghsl_5929,ghsl_5929_cell_02711
ghsl_5929,ghsl_5929_cell_02712
ghsl_5929,ghsl_5929_cell_02713
ghsl_5929,ghsl_5929_cell_02714
ghsl_5929,ghsl_5929_cell_02715
ghsl_5929,ghsl_5929_cell_02716
ghsl_5929,ghsl_5929_cell_02717
ghsl_5929,ghsl_5929_cell_02718
ghsl_5929,ghsl_5929_cell_02719
ghsl_5929,ghsl_5929_cell_02720
ghsl_5929,ghsl_5929_cell_02721
ghsl_5929,ghsl_5929_cell_02722
ghsl_5929,ghsl_5929_cell_02723
ghsl_5929,ghsl_5929_cell_02724
ghsl_5929,ghsl_5929_cell_02725
ghsl_5929,ghsl_5929_cell_02726
ghsl_5929,ghsl_5929_cell_02727
ghsl_5929,ghsl_5929_cell_02728
ghsl_5929,ghsl_5929_cell_02729
ghsl_5929,ghsl_5929_cell_02730
ghsl_5929,ghsl_5929_cell_02731
ghsl_5929,ghsl_5929_cell_02732
ghsl_5929,ghsl_5929_cell_02733
ghsl_5929,ghsl_5929_cell_02734
ghsl_5929,ghsl_5929_cell_02735
ghsl_5929,ghsl_5929_cell_02736
ghsl_5929,ghsl_5929_cell_02737
ghsl_5929,ghsl_5929_cell_02738
ghsl_5929,ghsl_5929_cell_02739
ghsl_5929,ghsl_5929_cell_02740
ghsl_5929,ghsl_5929_cell_02741
ghsl_5929,ghsl_5929_cell_02742
ghsl_5929,ghsl_5929_cell_02743
ghsl_5929,ghsl_5929_cell_02744
ghsl_5929,ghsl_5929_cell_02745
ghsl_5929,ghsl_5929_cell_02746
ghsl_5929,ghsl_5929_cell_02747
ghsl_5929,ghsl_5929_cell_02748
ghsl_5929,ghsl_5929_cell_02749
ghsl_5929,ghsl_5929_cell_02750
ghsl_5929,ghsl_5929_cell_02751
ghsl_5929,ghsl_5929_cell_02752
ghsl_5929,ghsl_5929_cell_02753
ghsl_5929,ghsl_5929_cell_02754
ghsl_5929,ghsl_5929_cell_02755
ghsl_5929,ghsl_5929_cell_02756
ghsl_5929,ghsl_5929_cell_02757
ghsl_5929,ghsl_5929_cell_02758
ghsl_5929,ghsl_5929_cell_02759
ghsl_5929,ghsl_5929_cell_02760
ghsl_5929,ghsl_5929_cell_02761
ghsl_5929,ghsl_5929_cell_02762
ghsl_5929,ghsl_5929_cell_02763
ghsl_5929,ghsl_5929_cell_02764
ghsl_5929,ghsl_5929_cell_02765
ghsl_5929,ghsl_5929_cell_02766
ghsl_5929,ghsl_5929_cell_02767
ghsl_5929,ghsl_5929_cell_02768
ghsl_5929,ghsl_5929_cell_02769
ghsl_5929,ghsl_5929_cell_02770
ghsl_5929,ghsl_5929_cell_02771
ghsl_5929,ghsl_5929_cell_02772
ghsl_5929,ghsl_5929_cell_02773
ghsl_5929,ghsl_5929_cell_02774
ghsl_5929,ghsl_5929_cell_02775
ghsl_5929,ghsl_5929_cell_02776
ghsl_5929,ghsl_5929_cell_02777
ghsl_5929,ghsl_5929_cell_02778
ghsl_5929,ghsl_5929_cell_02779
ghsl_5929,ghsl_5929_cell_02780
ghsl_5929,ghsl_5929_cell_02781
ghsl_5929,ghsl_5929_cell_02782
ghsl_5929,ghsl_5929_cell_02783
ghsl_5929,ghsl_5929_cell_02784
ghsl_5929,ghsl_5929_cell_02785
ghsl_5929,ghsl_5929_cell_02786
ghsl_5929,ghsl_5929_cell_02787
ghsl_5929,ghsl_5929_cell_02788
ghsl_5929,ghsl_5929_cell_02789
ghsl_5929,ghsl_5929_cell_02790
ghsl_5929,ghsl_5929_cell_02791
ghsl_5929,ghsl_5929_cell_02792
ghsl_5929,ghsl_5929_cell_02793
ghsl_5929,ghsl_5929_cell_02794
ghsl_5929,ghsl_5929_cell_02795
ghsl_5929,ghsl_5929_cell_02796
ghsl_5929,ghsl_5929_cell_02797
ghsl_5929,ghsl_5929_cell_02798
ghsl_5929,ghsl_5929_cell_02799
ghsl_5929,ghsl_5929_cell_02800
ghsl_5929,ghsl_5929_cell_02801
ghsl_5929,ghsl_5929_cell_02802
ghsl_5929,ghsl_5929_cell_02803
ghsl_5929,ghsl_5929_cell_02804
ghsl_5929,ghsl_5929_cell_02805
ghsl_5929,ghsl_5929_cell_02806
ghsl_5929,ghsl_5929_cell_02807
ghsl_5929,ghsl_5929_cell_02808
ghsl_5929,ghsl_5929_cell_02809
ghsl_5929,ghsl_5929_cell_02810
ghsl_5929,ghsl_5929_cell_02811
ghsl_5929,ghsl_5929_cell_02812
ghsl_5929,ghsl_5929_cell_02813
ghsl_5929,ghsl_5929_cell_02814
ghsl_5929,ghsl_5929_cell_02815
ghsl_5929,ghsl_5929_cell_02816
ghsl_5929,ghsl_5929_cell_02817
ghsl_5929,ghsl_5929_cell_02818
ghsl_5929,ghsl_5929_cell_02819
ghsl_5929,ghsl_5929_cell_02820
ghsl_5929,ghsl_5929_cell_02821
ghsl_5929,ghsl_5929_cell_02822
ghsl_5929,ghsl_5929_cell_02823
ghsl_5929,ghsl_5929_cell_02824
ghsl_5929,ghsl_5929_cell_02825
ghsl_5929,ghsl_5929_cell_02826
ghsl_5929,ghsl_5929_cell_02827
ghsl_5929,ghsl_5929_cell_02828
ghsl_5929,ghsl_5929_cell_02829
ghsl_5929,ghsl_5929_cell_02830
ghsl_5929,ghsl_5929_cell_02831
ghsl_5929,ghsl_5929_cell_02832
ghsl_5929,ghsl_5929_cell_02833
ghsl_5929,ghsl_5929_cell_02834
ghsl_5929,ghsl_5929_cell_02835
ghsl_5929,ghsl_5929_cell_02836
ghsl_5929,ghsl_5929_cell_02837
ghsl_5929,ghsl_5929_cell_02838
ghsl_5929,ghsl_5929_cell_02839
ghsl_5929,ghsl_5929_cell_02840
ghsl_5929,ghsl_5929_cell_02841
ghsl_5929,ghsl_5929_cell_02842
ghsl_5929,ghsl_5929_cell_02843
ghsl_5929,ghsl_5929_cell_02844
ghsl_5929,ghsl_5929_cell_02845
ghsl_5929,ghsl_5929_cell_02846
ghsl_5929,ghsl_5929_cell_02847
ghsl_5929,ghsl_5929_cell_02848
ghsl_5929,ghsl_5929_cell_02849
ghsl_5929,ghsl_5929_cell_02850
ghsl_5929,ghsl_5929_cell_02851
ghsl_5929,ghsl_5929_cell_02852
ghsl_5929,ghsl_5929_cell_02853
ghsl_5929,ghsl_5929_cell_02854
ghsl_5929,ghsl_5929_cell_02855
ghsl_5929,ghsl_5929_cell_02856
ghsl_5929,ghsl_5929_cell_02857
ghsl_5929,ghsl_5929_cell_02858
ghsl_5929,ghsl_5929_cell_02859
ghsl_5929,ghsl_5929_cell_02860
ghsl_5929,ghsl_5929_cell_02861
ghsl_5929,ghsl_5929_cell_02862
ghsl_5929,ghsl_5929_cell_02863
ghsl_5929,ghsl_5929_cell_02864
ghsl_5929,ghsl_5929_cell_02865
ghsl_5929,ghsl_5929_cell_02866
ghsl_5929,ghsl_5929_cell_02867
ghsl_5929,ghsl_5929_cell_02868
ghsl_5929,ghsl_5929_cell_02869
ghsl_5929,ghsl_5929_cell_02870
ghsl_5929,ghsl_5929_cell_02871
ghsl_5929,ghsl_5929_cell_02872
ghsl_5929,ghsl_5929_cell_02873
ghsl_5929,ghsl_5929_cell_02874
ghsl_5929,ghsl_5929_cell_02875
ghsl_5929,ghsl_5929_cell_02876
ghsl_5929,ghsl_5929_cell_02877
ghsl_5929,ghsl_5929_cell_02878
ghsl_5929,ghsl_5929_cell_02879
ghsl_5929,ghsl_5929_cell_02880
ghsl_5929,ghsl_5929_cell_02881
ghsl_5929,ghsl_5929_cell_02882
ghsl_5929,ghsl_5929_cell_02883
ghsl_5929,ghsl_5929_cell_02884
ghsl_5929,ghsl_5929_cell_02885
ghsl_5929,ghsl_5929_cell_02886
ghsl_5929,ghsl_5929_cell_02887
ghsl_5929,ghsl_5929_cell_02888
ghsl_5929,ghsl_5929_cell_02889
ghsl_5929,ghsl_5929_cell_02890
ghsl_5929,ghsl_5929_cell_02891
ghsl_5929,ghsl_5929_cell_02892
ghsl_5929,ghsl_5929_cell_02893
ghsl_5929,ghsl_5929_cell_02894
ghsl_5929,ghsl_5929_cell_02895
ghsl_5929,ghsl_5929_cell_02896
ghsl_5929,ghsl_5929_cell_02897
ghsl_5929,ghsl_5929_cell_02898
ghsl_5929,ghsl_5929_cell_02899
ghsl_5929,ghsl_5929_cell_02900
ghsl_5929,ghsl_5929_cell_02901
ghsl_5929,ghsl_5929_cell_02902
ghsl_5929,ghsl_5929_cell_02903
ghsl_5929,ghsl_5929_cell_02904
ghsl_5929,ghsl_5929_cell_02905
ghsl_5929,ghsl_5929_cell_02906
ghsl_5929,ghsl_5929_cell_02907
ghsl_5929,ghsl_5929_cell_02908
ghsl_5929,ghsl_5929_cell_02909
ghsl_5929,ghsl_5929_cell_02910
ghsl_5929,ghsl_5929_cell_02911
ghsl_5929,ghsl_5929_cell_02912
ghsl_5929,ghsl_5929_cell_02913
ghsl_5929,ghsl_5929_cell_02914
ghsl_5929,ghsl_5929_cell_02915
ghsl_5929,ghsl_5929_cell_02916
ghsl_5929,ghsl_5929_cell_02917
ghsl_5929,ghsl_5929_cell_02918
ghsl_5929,ghsl_5929_cell_02919
ghsl_5929,ghsl_5929_cell_02920
ghsl_5929,ghsl_5929_cell_02921
ghsl_5929,ghsl_5929_cell_02922
ghsl_5929,ghsl_5929_cell_02923
ghsl_5929,ghsl_5929_cell_02924
ghsl_5929,ghsl_5929_cell_02925
ghsl_5929,ghsl_5929_cell_02926
ghsl_5929,ghsl_5929_cell_02927
ghsl_5929,ghsl_5929_cell_02928
ghsl_5929,ghsl_5929_cell_02929
ghsl_5929,ghsl_5929_cell_02930
ghsl_5929,ghsl_5929_cell_02931
ghsl_5929,ghsl_5929_cell_02932
ghsl_5929,ghsl_5929_cell_02933
ghsl_5929,ghsl_5929_cell_02934
ghsl_5929,ghsl_5929_cell_02935
ghsl_5929,ghsl_5929_cell_02936
ghsl_5929,ghsl_5929_cell_02937
ghsl_5929,ghsl_5929_cell_02938
ghsl_5929,ghsl_5929_cell_02939
ghsl_5929,ghsl_5929_cell_02940
ghsl_5929,ghsl_5929_cell_02941
ghsl_5929,ghsl_5929_cell_02942
ghsl_5929,ghsl_5929_cell_02943
ghsl_5929,ghsl_5929_cell_02944
ghsl_5929,ghsl_5929_cell_02945
ghsl_5929,ghsl_5929_cell_02946
ghsl_5929,ghsl_5929_cell_02947
ghsl_5929,ghsl_5929_cell_02948
ghsl_5929,ghsl_5929_cell_02949
ghsl_5929,ghsl_5929_cell_02950
ghsl_5929,ghsl_5929_cell_02951
ghsl_5929,ghsl_5929_cell_02952
ghsl_5929,ghsl_5929_cell_02953
ghsl_5929,ghsl_5929_cell_02954
ghsl_5929,ghsl_5929_cell_02955
ghsl_5929,ghsl_5929_cell_02956
ghsl_5929,ghsl_5929_cell_02957
ghsl_5929,ghsl_5929_cell_02958
ghsl_5929,ghsl_5929_cell_02959
ghsl_5929,ghsl_5929_cell_02960
ghsl_5929,ghsl_5929_cell_02961
ghsl_5929,ghsl_5929_cell_02962
ghsl_5929,ghsl_5929_cell_02963
ghsl_5929,ghsl_5929_cell_02964
ghsl_5929,ghsl_5929_cell_02965
ghsl_5929,ghsl_5929_cell_02966
ghsl_5929,ghsl_5929_cell_02967
ghsl_5929,ghsl_5929_cell_02968
ghsl_5929,ghsl_5929_cell_02969
ghsl_5929,ghsl_5929_cell_02970
ghsl_5929,ghsl_5929_cell_02971
ghsl_5929,ghsl_5929_cell_02972
ghsl_5929,ghsl_5929_cell_02973
ghsl_5929,ghsl_5929_cell_02974
ghsl_5929,ghsl_5929_cell_02975
ghsl_5929,ghsl_5929_cell_02976
ghsl_5929,ghsl_5929_cell_02977
ghsl_5929,ghsl_5929_cell_02978
ghsl_5929,ghsl_5929_cell_02979
ghsl_5929,ghsl_5929_cell_02980
ghsl_5929,ghsl_5929_cell_02981
ghsl_5929,ghsl_5929_cell_02982
ghsl_5929,ghsl_5929_cell_02983
ghsl_5929,ghsl_5929_cell_02984
ghsl_5929,ghsl_5929_cell_02985
ghsl_5929,ghsl_5929_cell_02986
ghsl_5929,ghsl_5929_cell_02987
ghsl_5929,ghsl_5929_cell_02988
ghsl_5929,ghsl_5929_cell_02989
ghsl_5929,ghsl_5929_cell_02990
ghsl_5929,ghsl_5929_cell_02991
ghsl_5929,ghsl_5929_cell_02992
ghsl_5929,ghsl_5929_cell_02993
ghsl_5929,ghsl_5929_cell_02994
ghsl_5929,ghsl_5929_cell_02995
ghsl_5929,ghsl_5929_cell_02996
ghsl_5929,ghsl_5929_cell_02997
ghsl_5929,ghsl_5929_cell_02998
ghsl_5929,ghsl_5929_cell_02999
ghsl_5929,ghsl_5929_cell_03000
ghsl_5929,ghsl_5929_cell_03001
ghsl_5929,ghsl_5929_cell_03002
ghsl_5929,ghsl_5929_cell_03003
ghsl_5929,ghsl_5929_cell_03004
ghsl_5929,ghsl_5929_cell_03005
ghsl_5929,ghsl_5929_cell_03006
ghsl_5929,ghsl_5929_cell_03007
ghsl_5929,ghsl_5929_cell_03008
ghsl_5929,ghsl_5929_cell_03009
ghsl_5929,ghsl_5929_cell_03010
ghsl_5929,ghsl_5929_cell_03011
ghsl_5929,ghsl_5929_cell_03012
ghsl_5929,ghsl_5929_cell_03013
ghsl_5929,ghsl_5929_cell_03014
ghsl_5929,ghsl_5929_cell_03015
ghsl_5929,ghsl_5929_cell_03016
ghsl_5929,ghsl_5929_cell_03017
ghsl_5929,ghsl_5929_cell_03018
ghsl_5929,ghsl_5929_cell_03019
ghsl_5929,ghsl_5929_cell_03020
ghsl_5929,ghsl_5929_cell_03021
ghsl_5929,ghsl_5929_cell_03022
ghsl_5929,ghsl_5929_cell_03023
ghsl_5929,ghsl_5929_cell_03024
ghsl_5929,ghsl_5929_cell_03025
ghsl_5929,ghsl_5929_cell_03026
ghsl_5929,ghsl_5929_cell_03027
ghsl_5929,ghsl_5929_cell_03028
ghsl_5929,ghsl_5929_cell_03029
ghsl_5929,ghsl_5929_cell_03030
ghsl_5929,ghsl_5929_cell_03031
ghsl_5929,ghsl_5929_cell_03032
ghsl_5929,ghsl_5929_cell_03033
ghsl_5929,ghsl_5929_cell_03034
ghsl_5929,ghsl_5929_cell_03035
ghsl_5929,ghsl_5929_cell_03036
ghsl_5929,ghsl_5929_cell_03037
ghsl_5929,ghsl_5929_cell_03038
ghsl_5929,ghsl_5929_cell_03039
ghsl_5929,ghsl_5929_cell_03040
ghsl_5929,ghsl_5929_cell_03041
ghsl_5929,ghsl_5929_cell_03042
ghsl_5929,ghsl_5929_cell_03043
ghsl_5929,ghsl_5929_cell_03044
ghsl_5929,ghsl_5929_cell_03045
ghsl_5929,ghsl_5929_cell_03046
ghsl_5929,ghsl_5929_cell_03047
ghsl_5929,ghsl_5929_cell_03048
ghsl_5929,ghsl_5929_cell_03049
ghsl_5929,ghsl_5929_cell_03050
ghsl_5929,ghsl_5929_cell_03051
ghsl_5929,ghsl_5929_cell_03052
ghsl_5929,ghsl_5929_cell_03053
ghsl_5929,ghsl_5929_cell_03054
ghsl_5929,ghsl_5929_cell_03055
ghsl_5929,ghsl_5929_cell_03056
ghsl_5929,ghsl_5929_cell_03057
ghsl_5929,ghsl_5929_cell_03058
ghsl_5929,ghsl_5929_cell_03059
ghsl_5929,ghsl_5929_cell_03060
ghsl_5929,ghsl_5929_cell_03061
ghsl_5929,ghsl_5929_cell_03062
ghsl_5929,ghsl_5929_cell_03063
ghsl_5929,ghsl_5929_cell_03064
ghsl_5929,ghsl_5929_cell_03065
ghsl_5929,ghsl_5929_cell_03066
ghsl_5929,ghsl_5929_cell_03067
ghsl_5929,ghsl_5929_cell_03068
ghsl_5929,ghsl_5929_cell_03069
ghsl_5929,ghsl_5929_cell_03070
ghsl_5929,ghsl_5929_cell_03071
ghsl_5929,ghsl_5929_cell_03072
ghsl_5929,ghsl_5929_cell_03073
ghsl_5929,ghsl_5929_cell_03074
ghsl_5929,ghsl_5929_cell_03075
ghsl_5929,ghsl_5929_cell_03076
ghsl_5929,ghsl_5929_cell_03077
ghsl_5929,ghsl_5929_cell_03078
ghsl_5929,ghsl_5929_cell_03079
ghsl_5929,ghsl_5929_cell_03080
ghsl_5929,ghsl_5929_cell_03081
ghsl_5929,ghsl_5929_cell_03082
ghsl_5929,ghsl_5929_cell_03083
ghsl_5929,ghsl_5929_cell_03084
ghsl_5929,ghsl_5929_cell_03085
ghsl_5929,ghsl_5929_cell_03086
ghsl_5929,ghsl_5929_cell_03087
ghsl_5929,ghsl_5929_cell_03088
ghsl_5929,ghsl_5929_cell_03089
ghsl_5929,ghsl_5929_cell_03090
ghsl_5929,ghsl_5929_cell_03091
ghsl_5929,ghsl_5929_cell_03092
ghsl_5929,ghsl_5929_cell_03093
ghsl_5929,ghsl_5929_cell_03094
ghsl_5929,ghsl_5929_cell_03095
ghsl_5929,ghsl_5929_cell_03096
ghsl_5929,ghsl_5929_cell_03097
ghsl_5929,ghsl_5929_cell_03098
ghsl_5929,ghsl_5929_cell_03099
ghsl_5929,ghsl_5929_cell_03100
ghsl_5929,ghsl_5929_cell_03101
ghsl_5929,ghsl_5929_cell_03102
ghsl_5929,ghsl_5929_cell_03103
ghsl_5929,ghsl_5929_cell_03104
ghsl_5929,ghsl_5929_cell_03105
ghsl_5929,ghsl_5929_cell_03106
ghsl_5929,ghsl_5929_cell_03107
ghsl_5929,ghsl_5929_cell_03108
ghsl_5929,ghsl_5929_cell_03109
ghsl_5929,ghsl_5929_cell_03110
ghsl_5929,ghsl_5929_cell_03111
ghsl_5929,ghsl_5929_cell_03112
ghsl_5929,ghsl_5929_cell_03113
ghsl_5929,ghsl_5929_cell_03114
ghsl_5929,ghsl_5929_cell_03115
ghsl_5929,ghsl_5929_cell_03116
ghsl_5929,ghsl_5929_cell_03117
ghsl_5929,ghsl_5929_cell_03118
ghsl_5929,ghsl_5929_cell_03119
ghsl_5929,ghsl_5929_cell_03120
ghsl_5929,ghsl_5929_cell_03121
ghsl_5929,ghsl_5929_cell_03122
ghsl_5929,ghsl_5929_cell_03123
ghsl_5929,ghsl_5929_cell_03124
ghsl_5929,ghsl_5929_cell_03125
ghsl_5929,ghsl_5929_cell_03126
ghsl_5929,ghsl_5929_cell_03127
ghsl_5929,ghsl_5929_cell_03128
ghsl_5929,ghsl_5929_cell_03129
ghsl_5929,ghsl_5929_cell_03130
ghsl_5929,ghsl_5929_cell_03131
ghsl_5929,ghsl_5929_cell_03132
ghsl_5929,ghsl_5929_cell_03133
ghsl_5929,ghsl_5929_cell_03134
ghsl_5929,ghsl_5929_cell_03135
ghsl_5929,ghsl_5929_cell_03136
ghsl_5929,ghsl_5929_cell_03137
ghsl_5929,ghsl_5929_cell_03138
ghsl_5929,ghsl_5929_cell_03139
ghsl_5929,ghsl_5929_cell_03140
ghsl_5929,ghsl_5929_cell_03141
ghsl_5929,ghsl_5929_cell_03142
ghsl_5929,ghsl_5929_cell_03143
ghsl_5929,ghsl_5929_cell_03144
ghsl_5929,ghsl_5929_cell_03145
ghsl_5929,ghsl_5929_cell_03146
ghsl_5929,ghsl_5929_cell_03147
ghsl_5929,ghsl_5929_cell_03148
ghsl_5929,ghsl_5929_cell_03149
ghsl_5929,ghsl_5929_cell_03150
ghsl_5929,ghsl_5929_cell_03151
ghsl_5929,ghsl_5929_cell_03152
ghsl_5929,ghsl_5929_cell_03153
ghsl_5929,ghsl_5929_cell_03154
ghsl_5929,ghsl_5929_cell_03155
ghsl_5929,ghsl_5929_cell_03156
ghsl_5929,ghsl_5929_cell_03157
ghsl_5929,ghsl_5929_cell_03158
ghsl_5929,ghsl_5929_cell_03159
ghsl_5929,ghsl_5929_cell_03160
ghsl_5929,ghsl_5929_cell_03161
ghsl_5929,ghsl_5929_cell_03162
ghsl_5929,ghsl_5929_cell_03163
ghsl_5929,ghsl_5929_cell_03164
ghsl_5929,ghsl_5929_cell_03165
ghsl_5929,ghsl_5929_cell_03166
ghsl_5929,ghsl_5929_cell_03167
ghsl_5929,ghsl_5929_cell_03168
ghsl_5929,ghsl_5929_cell_03169
ghsl_5929,ghsl_5929_cell_03170
ghsl_5929,ghsl_5929_cell_03171
ghsl_5929,ghsl_5929_cell_03172
ghsl_5929,ghsl_5929_cell_03173
ghsl_5929,ghsl_5929_cell_03174
ghsl_5929,ghsl_5929_cell_03175
ghsl_5929,ghsl_5929_cell_03176
ghsl_5929,ghsl_5929_cell_03177
ghsl_5929,ghsl_5929_cell_03178
ghsl_5929,ghsl_5929_cell_03179
ghsl_5929,ghsl_5929_cell_03180
ghsl_5929,ghsl_5929_cell_03181
ghsl_5929,ghsl_5929_cell_03182
ghsl_5929,ghsl_5929_cell_03183
ghsl_5929,ghsl_5929_cell_03184
ghsl_5929,ghsl_5929_cell_03185
ghsl_5929,ghsl_5929_cell_03186
ghsl_5929,ghsl_5929_cell_03187
ghsl_5929,ghsl_5929_cell_03188
ghsl_5929,ghsl_5929_cell_03189
ghsl_5929,ghsl_5929_cell_03190
ghsl_5929,ghsl_5929_cell_03191
ghsl_5929,ghsl_5929_cell_03192
ghsl_5929,ghsl_5929_cell_03193
ghsl_5929,ghsl_5929_cell_03194
ghsl_5929,ghsl_5929_cell_03195
ghsl_5929,ghsl_5929_cell_03196
ghsl_5929,ghsl_5929_cell_03197
ghsl_5929,ghsl_5929_cell_03198
ghsl_5929,ghsl_5929_cell_03199
ghsl_5929,ghsl_5929_cell_03200
ghsl_5929,ghsl_5929_cell_03201
ghsl_5929,ghsl_5929_cell_03202
ghsl_5929,ghsl_5929_cell_03203
ghsl_5929,ghsl_5929_cell_03204
ghsl_5929,ghsl_5929_cell_03205
ghsl_5929,ghsl_5929_cell_03206
ghsl_5929,ghsl_5929_cell_03207
ghsl_5929,ghsl_5929_cell_03208
ghsl_5929,ghsl_5929_cell_03209
ghsl_5929,ghsl_5929_cell_03210
ghsl_5929,ghsl_5929_cell_03211
ghsl_5929,ghsl_5929_cell_03212
ghsl_5929,ghsl_5929_cell_03213
ghsl_5929,ghsl_5929_cell_03214
ghsl_5929,ghsl_5929_cell_03215
ghsl_5929,ghsl_5929_cell_03216
ghsl_5929,ghsl_5929_cell_03217
ghsl_5929,ghsl_5929_cell_03218
ghsl_5929,ghsl_5929_cell_03219
ghsl_5929,ghsl_5929_cell_03220
ghsl_5929,ghsl_5929_cell_03221
ghsl_5929,ghsl_5929_cell_03222
ghsl_5929,ghsl_5929_cell_03223
ghsl_5929,ghsl_5929_cell_03224
ghsl_5929,ghsl_5929_cell_03225
ghsl_5929,ghsl_5929_cell_03226
ghsl_5929,ghsl_5929_cell_03227
ghsl_5929,ghsl_5929_cell_03228
ghsl_5929,ghsl_5929_cell_03229
ghsl_5929,ghsl_5929_cell_03230
ghsl_5929,ghsl_5929_cell_03231
ghsl_5929,ghsl_5929_cell_03232
ghsl_5929,ghsl_5929_cell_03233
ghsl_5929,ghsl_5929_cell_03234
ghsl_5929,ghsl_5929_cell_03235
ghsl_5929,ghsl_5929_cell_03236
ghsl_5929,ghsl_5929_cell_03237
ghsl_5929,ghsl_5929_cell_03238
ghsl_5929,ghsl_5929_cell_03239
ghsl_5929,ghsl_5929_cell_03240
ghsl_5929,ghsl_5929_cell_03241
ghsl_5929,ghsl_5929_cell_03242
ghsl_5929,ghsl_5929_cell_03243
ghsl_5929,ghsl_5929_cell_03244
ghsl_5929,ghsl_5929_cell_03245
ghsl_5929,ghsl_5929_cell_03246
ghsl_5929,ghsl_5929_cell_03247
ghsl_5929,ghsl_5929_cell_03248
ghsl_5929,ghsl_5929_cell_03249
ghsl_5929,ghsl_5929_cell_03250
ghsl_5929,ghsl_5929_cell_03251
ghsl_5929,ghsl_5929_cell_03252
ghsl_5929,ghsl_5929_cell_03253
ghsl_5929,ghsl_5929_cell_03254
ghsl_5929,ghsl_5929_cell_03255
ghsl_5929,ghsl_5929_cell_03256
ghsl_5929,ghsl_5929_cell_03257
ghsl_5929,ghsl_5929_cell_03258
ghsl_5929,ghsl_5929_cell_03259
ghsl_5929,ghsl_5929_cell_03260
ghsl_5929,ghsl_5929_cell_03261
ghsl_5929,ghsl_5929_cell_03262
ghsl_5929,ghsl_5929_cell_03263
ghsl_5929,ghsl_5929_cell_03264
ghsl_5929,ghsl_5929_cell_03265
ghsl_5929,ghsl_5929_cell_03266
ghsl_5929,ghsl_5929_cell_03267
ghsl_5929,ghsl_5929_cell_03268
ghsl_5929,ghsl_5929_cell_03269
ghsl_5929,ghsl_5929_cell_03270
ghsl_5929,ghsl_5929_cell_03271
ghsl_5929,ghsl_5929_cell_03272
ghsl_5929,ghsl_5929_cell_03273
ghsl_5929,ghsl_5929_cell_03274
ghsl_5929,ghsl_5929_cell_03275
ghsl_5929,ghsl_5929_cell_03276
ghsl_5929,ghsl_5929_cell_03277
ghsl_5929,ghsl_5929_cell_03278
ghsl_5929,ghsl_5929_cell_03279
ghsl_5929,ghsl_5929_cell_03280
ghsl_5929,ghsl_5929_cell_03281
ghsl_5929,ghsl_5929_cell_03282
ghsl_5929,ghsl_5929_cell_03283
ghsl_5929,ghsl_5929_cell_03284
ghsl_5929,ghsl_5929_cell_03285
ghsl_5929,ghsl_5929_cell_03286
ghsl_5929,ghsl_5929_cell_03287
ghsl_5929,ghsl_5929_cell_03288
ghsl_5929,ghsl_5929_cell_03289
ghsl_5929,ghsl_5929_cell_03290
ghsl_5929,ghsl_5929_cell_03291
ghsl_5929,ghsl_5929_cell_03292
ghsl_5929,ghsl_5929_cell_03293
ghsl_5929,ghsl_5929_cell_03294
ghsl_5929,ghsl_5929_cell_03295
ghsl_5929,ghsl_5929_cell_03296
ghsl_5929,ghsl_5929_cell_03297
ghsl_5929,ghsl_5929_cell_03298
ghsl_5929,ghsl_5929_cell_03299
ghsl_5929,ghsl_5929_cell_03300
ghsl_5929,ghsl_5929_cell_03301
ghsl_5929,ghsl_5929_cell_03302
ghsl_5929,ghsl_5929_cell_03303
ghsl_5929,ghsl_5929_cell_03304
ghsl_5929,ghsl_5929_cell_03305
ghsl_5929,ghsl_5929_cell_03306
ghsl_5929,ghsl_5929_cell_03307
ghsl_5929,ghsl_5929_cell_03308
ghsl_5929,ghsl_5929_cell_03309
ghsl_5929,ghsl_5929_cell_03310
ghsl_5929,ghsl_5929_cell_03311
ghsl_5929,ghsl_5929_cell_03312
ghsl_5929,ghsl_5929_cell_03313
ghsl_5929,ghsl_5929_cell_03314
ghsl_5929,ghsl_5929_cell_03315
ghsl_5929,ghsl_5929_cell_03316
ghsl_5929,ghsl_5929_cell_03317
ghsl_5929,ghsl_5929_cell_03318
ghsl_5929,ghsl_5929_cell_03319
ghsl_5929,ghsl_5929_cell_03320
ghsl_5929,ghsl_5929_cell_03321
ghsl_5929,ghsl_5929_cell_03322
ghsl_5929,ghsl_5929_cell_03323
ghsl_5929,ghsl_5929_cell_03324
ghsl_5929,ghsl_5929_cell_03325
ghsl_5929,ghsl_5929_cell_03326
ghsl_5929,ghsl_5929_cell_03327
ghsl_5929,ghsl_5929_cell_03328
ghsl_5929,ghsl_5929_cell_03329
ghsl_5929,ghsl_5929_cell_03330
ghsl_5929,ghsl_5929_cell_03331
ghsl_5929,ghsl_5929_cell_03332
ghsl_5929,ghsl_5929_cell_03333
ghsl_5929,ghsl_5929_cell_03334
ghsl_5929,ghsl_5929_cell_03335
ghsl_5929,ghsl_5929_cell_03336
ghsl_5929,ghsl_5929_cell_03337
ghsl_5929,ghsl_5929_cell_03338
ghsl_5929,ghsl_5929_cell_03339
ghsl_5929,ghsl_5929_cell_03340
ghsl_5929,ghsl_5929_cell_03341
ghsl_5929,ghsl_5929_cell_03342
ghsl_5929,ghsl_5929_cell_03343
ghsl_5929,ghsl_5929_cell_03344
ghsl_5929,ghsl_5929_cell_03345
ghsl_5929,ghsl_5929_cell_03346
ghsl_5929,ghsl_5929_cell_03347
ghsl_5929,ghsl_5929_cell_03348
ghsl_5929,ghsl_5929_cell_03349
ghsl_5929,ghsl_5929_cell_03350
ghsl_5929,ghsl_5929_cell_03351
ghsl_5929,ghsl_5929_cell_03352
ghsl_5929,ghsl_5929_cell_03353
ghsl_5929,ghsl_5929_cell_03354
ghsl_5929,ghsl_5929_cell_03355
ghsl_5929,ghsl_5929_cell_03356
ghsl_5929,ghsl_5929_cell_03357
ghsl_5929,ghsl_5929_cell_03358
ghsl_5929,ghsl_5929_cell_03359
ghsl_5929,ghsl_5929_cell_03360
ghsl_5929,ghsl_5929_cell_03361
ghsl_5929,ghsl_5929_cell_03362
ghsl_5929,ghsl_5929_cell_03363
ghsl_5929,ghsl_5929_cell_03364
ghsl_5929,ghsl_5929_cell_03365
ghsl_5929,ghsl_5929_cell_03366
ghsl_5929,ghsl_5929_cell_03367
ghsl_5929,ghsl_5929_cell_03368
ghsl_5929,ghsl_5929_cell_03369
ghsl_5929,ghsl_5929_cell_03370
ghsl_5929,ghsl_5929_cell_03371
ghsl_5929,ghsl_5929_cell_03372
ghsl_5929,ghsl_5929_cell_03373
ghsl_5929,ghsl_5929_cell_03374
ghsl_5929,ghsl_5929_cell_03375
ghsl_5929,ghsl_5929_cell_03376
ghsl_5929,ghsl_5929_cell_03377
ghsl_5929,ghsl_5929_cell_03378
ghsl_5929,ghsl_5929_cell_03379
ghsl_5929,ghsl_5929_cell_03380
ghsl_5929,ghsl_5929_cell_03381
ghsl_5929,ghsl_5929_cell_03382
ghsl_5929,ghsl_5929_cell_03383
ghsl_5929,ghsl_5929_cell_03384
ghsl_5929,ghsl_5929_cell_03385
ghsl_5929,ghsl_5929_cell_03386
ghsl_5929,ghsl_5929_cell_03387
ghsl_5929,ghsl_5929_cell_03388
ghsl_5929,ghsl_5929_cell_03389
ghsl_5929,ghsl_5929_cell_03390
ghsl_5929,ghsl_5929_cell_03391
ghsl_5929,ghsl_5929_cell_03392
ghsl_5929,ghsl_5929_cell_03393
ghsl_5929,ghsl_5929_cell_03394
ghsl_5929,ghsl_5929_cell_03395
ghsl_5929,ghsl_5929_cell_03396
ghsl_5929,ghsl_5929_cell_03397
ghsl_5929,ghsl_5929_cell_03398
ghsl_5929,ghsl_5929_cell_03399
ghsl_5929,ghsl_5929_cell_03400
ghsl_5929,ghsl_5929_cell_03401
ghsl_5929,ghsl_5929_cell_03402
ghsl_5929,ghsl_5929_cell_03403
ghsl_5929,ghsl_5929_cell_03404
ghsl_5929,ghsl_5929_cell_03405
ghsl_5929,ghsl_5929_cell_03406
ghsl_5929,ghsl_5929_cell_03407
ghsl_5929,ghsl_5929_cell_03408
ghsl_5929,ghsl_5929_cell_03409
ghsl_5929,ghsl_5929_cell_03410
ghsl_5929,ghsl_5929_cell_03411
ghsl_5929,ghsl_5929_cell_03412
ghsl_5929,ghsl_5929_cell_03413
ghsl_5929,ghsl_5929_cell_03414
ghsl_5929,ghsl_5929_cell_03415
ghsl_5929,ghsl_5929_cell_03416
ghsl_5929,ghsl_5929_cell_03417
ghsl_5929,ghsl_5929_cell_03418
ghsl_5929,ghsl_5929_cell_03419
ghsl_5929,ghsl_5929_cell_03420
ghsl_5929,ghsl_5929_cell_03421
ghsl_5929,ghsl_5929_cell_03422
ghsl_5929,ghsl_5929_cell_03423
ghsl_5929,ghsl_5929_cell_03424
ghsl_5929,ghsl_5929_cell_03425
ghsl_5929,ghsl_5929_cell_03426
ghsl_5929,ghsl_5929_cell_03427
ghsl_5929,ghsl_5929_cell_03428
ghsl_5929,ghsl_5929_cell_03429
ghsl_5929,ghsl_5929_cell_03430
ghsl_5929,ghsl_5929_cell_03431
ghsl_5929,ghsl_5929_cell_03432
ghsl_5929,ghsl_5929_cell_03433
ghsl_5929,ghsl_5929_cell_03434
ghsl_5929,ghsl_5929_cell_03435
ghsl_5929,ghsl_5929_cell_03436
ghsl_5929,ghsl_5929_cell_03437
ghsl_5929,ghsl_5929_cell_03438
ghsl_5929,ghsl_5929_cell_03439
ghsl_5929,ghsl_5929_cell_03440
ghsl_5929,ghsl_5929_cell_03441
ghsl_5929,ghsl_5929_cell_03442
ghsl_5929,ghsl_5929_cell_03443
ghsl_5929,ghsl_5929_cell_03444
ghsl_5929,ghsl_5929_cell_03445
ghsl_5929,ghsl_5929_cell_03446
ghsl_5929,ghsl_5929_cell_03447
ghsl_5929,ghsl_5929_cell_03448
ghsl_5929,ghsl_5929_cell_03449
ghsl_5929,ghsl_5929_cell_03450
ghsl_5929,ghsl_5929_cell_03451
ghsl_5929,ghsl_5929_cell_03452
ghsl_5929,ghsl_5929_cell_03453
ghsl_5929,ghsl_5929_cell_03454
ghsl_5929,ghsl_5929_cell_03455
ghsl_5929,ghsl_5929_cell_03456
ghsl_5929,ghsl_5929_cell_03457
ghsl_5929,ghsl_5929_cell_03458
ghsl_5929,ghsl_5929_cell_03459
ghsl_5929,ghsl_5929_cell_03460
ghsl_5929,ghsl_5929_cell_03461
ghsl_5929,ghsl_5929_cell_03462
ghsl_5929,ghsl_5929_cell_03463
ghsl_5929,ghsl_5929_cell_03464
ghsl_5929,ghsl_5929_cell_03465
ghsl_5929,ghsl_5929_cell_03466
ghsl_5929,ghsl_5929_cell_03467
ghsl_5929,ghsl_5929_cell_03468
ghsl_5929,ghsl_5929_cell_03469
ghsl_5929,ghsl_5929_cell_03470
ghsl_5929,ghsl_5929_cell_03471
ghsl_5929,ghsl_5929_cell_03472
ghsl_5929,ghsl_5929_cell_03473
ghsl_5929,ghsl_5929_cell_03474
ghsl_5929,ghsl_5929_cell_03475
ghsl_5929,ghsl_5929_cell_03476
ghsl_5929,ghsl_5929_cell_03477
ghsl_5929,ghsl_5929_cell_03478
ghsl_5929,ghsl_5929_cell_03479
ghsl_5929,ghsl_5929_cell_03480
ghsl_5929,ghsl_5929_cell_03481
ghsl_5929,ghsl_5929_cell_03482
ghsl_5929,ghsl_5929_cell_03483
ghsl_5929,ghsl_5929_cell_03484
ghsl_5929,ghsl_5929_cell_03485
ghsl_5929,ghsl_5929_cell_03486
ghsl_5929,ghsl_5929_cell_03487
ghsl_5929,ghsl_5929_cell_03488
ghsl_5929,ghsl_5929_cell_03489
ghsl_5929,ghsl_5929_cell_03490
ghsl_5929,ghsl_5929_cell_03491
ghsl_5929,ghsl_5929_cell_03492
ghsl_5929,ghsl_5929_cell_03493
ghsl_5929,ghsl_5929_cell_03494
ghsl_5929,ghsl_5929_cell_03495
ghsl_5929,ghsl_5929_cell_03496
ghsl_5929,ghsl_5929_cell_03497
ghsl_5929,ghsl_5929_cell_03498
ghsl_5929,ghsl_5929_cell_03499
ghsl_5929,ghsl_5929_cell_03500
ghsl_5929,ghsl_5929_cell_03501
ghsl_5929,ghsl_5929_cell_03502
ghsl_5929,ghsl_5929_cell_03503
ghsl_5929,ghsl_5929_cell_03504
ghsl_5929,ghsl_5929_cell_03505
ghsl_5929,ghsl_5929_cell_03506
ghsl_5929,ghsl_5929_cell_03507
ghsl_5929,ghsl_5929_cell_03508
ghsl_5929,ghsl_5929_cell_03509
ghsl_5929,ghsl_5929_cell_03510
ghsl_5929,ghsl_5929_cell_03511
ghsl_5929,ghsl_5929_cell_03512
ghsl_5929,ghsl_5929_cell_03513
ghsl_5929,ghsl_5929_cell_03514
ghsl_5929,ghsl_5929_cell_03515
ghsl_5929,ghsl_5929_cell_03516
ghsl_5929,ghsl_5929_cell_03517
ghsl_5929,ghsl_5929_cell_03518
ghsl_5929,ghsl_5929_cell_03519
ghsl_5929,ghsl_5929_cell_03520
ghsl_5929,ghsl_5929_cell_03521
ghsl_5929,ghsl_5929_cell_03522
ghsl_5929,ghsl_5929_cell_03523
ghsl_5929,ghsl_5929_cell_03524
ghsl_5929,ghsl_5929_cell_03525
ghsl_5929,ghsl_5929_cell_03526
ghsl_5929,ghsl_5929_cell_03527
ghsl_5929,ghsl_5929_cell_03528
ghsl_5929,ghsl_5929_cell_03529
ghsl_5929,ghsl_5929_cell_03530
ghsl_5929,ghsl_5929_cell_03531
ghsl_5929,ghsl_5929_cell_03532
ghsl_5929,ghsl_5929_cell_03533
ghsl_5929,ghsl_5929_cell_03534
ghsl_5929,ghsl_5929_cell_03535
ghsl_5929,ghsl_5929_cell_03536
ghsl_5929,ghsl_5929_cell_03537
ghsl_5929,ghsl_5929_cell_03538
ghsl_5929,ghsl_5929_cell_03539
ghsl_5929,ghsl_5929_cell_03540
ghsl_5929,ghsl_5929_cell_03541
ghsl_5929,ghsl_5929_cell_03542
ghsl_5929,ghsl_5929_cell_03543
ghsl_5929,ghsl_5929_cell_03544
ghsl_5929,ghsl_5929_cell_03545
ghsl_5929,ghsl_5929_cell_03546
ghsl_5929,ghsl_5929_cell_03547
ghsl_5929,ghsl_5929_cell_03548
ghsl_5929,ghsl_5929_cell_03549
ghsl_5929,ghsl_5929_cell_03550
ghsl_5929,ghsl_5929_cell_03551
ghsl_5929,ghsl_5929_cell_03552
ghsl_5929,ghsl_5929_cell_03553
ghsl_5929,ghsl_5929_cell_03554
ghsl_5929,ghsl_5929_cell_03555
ghsl_5929,ghsl_5929_cell_03556
ghsl_5929,ghsl_5929_cell_03557
ghsl_5929,ghsl_5929_cell_03558
ghsl_5929,ghsl_5929_cell_03559
ghsl_5929,ghsl_5929_cell_03560
ghsl_5929,ghsl_5929_cell_03561
ghsl_5929,ghsl_5929_cell_03562
ghsl_5929,ghsl_5929_cell_03563
ghsl_5929,ghsl_5929_cell_03564
ghsl_5929,ghsl_5929_cell_03565
ghsl_5929,ghsl_5929_cell_03566
ghsl_5929,ghsl_5929_cell_03567
ghsl_5929,ghsl_5929_cell_03568
ghsl_5929,ghsl_5929_cell_03569
ghsl_5929,ghsl_5929_cell_03570
ghsl_5929,ghsl_5929_cell_03571
ghsl_5929,ghsl_5929_cell_03572
ghsl_5929,ghsl_5929_cell_03573
ghsl_5929,ghsl_5929_cell_03574
ghsl_5929,ghsl_5929_cell_03575
ghsl_5929,ghsl_5929_cell_03576
ghsl_5929,ghsl_5929_cell_03577
ghsl_5929,ghsl_5929_cell_03578
ghsl_5929,ghsl_5929_cell_03579
ghsl_5929,ghsl_5929_cell_03580
ghsl_5929,ghsl_5929_cell_03581
ghsl_5929,ghsl_5929_cell_03582
ghsl_5929,ghsl_5929_cell_03583
ghsl_5929,ghsl_5929_cell_03584
ghsl_5929,ghsl_5929_cell_03585
ghsl_5929,ghsl_5929_cell_03586
ghsl_5929,ghsl_5929_cell_03587
ghsl_5929,ghsl_5929_cell_03588
ghsl_5929,ghsl_5929_cell_03589
ghsl_5929,ghsl_5929_cell_03590
ghsl_5929,ghsl_5929_cell_03591
ghsl_5929,ghsl_5929_cell_03592
ghsl_5929,ghsl_5929_cell_03593
ghsl_5929,ghsl_5929_cell_03594
ghsl_5929,ghsl_5929_cell_03595
ghsl_5929,ghsl_5929_cell_03596
ghsl_5929,ghsl_5929_cell_03597
ghsl_5929,ghsl_5929_cell_03598
ghsl_5929,ghsl_5929_cell_03599
ghsl_5929,ghsl_5929_cell_03600
ghsl_5929,ghsl_5929_cell_03601
ghsl_5929,ghsl_5929_cell_03602
ghsl_5929,ghsl_5929_cell_03603
ghsl_5929,ghsl_5929_cell_03604
ghsl_5929,ghsl_5929_cell_03605
ghsl_5929,ghsl_5929_cell_03606
ghsl_5929,ghsl_5929_cell_03607
ghsl_5929,ghsl_5929_cell_03608
ghsl_5929,ghsl_5929_cell_03609
ghsl_5929,ghsl_5929_cell_03610
ghsl_5929,ghsl_5929_cell_03611
ghsl_5929,ghsl_5929_cell_03612
ghsl_5929,ghsl_5929_cell_03613
ghsl_5929,ghsl_5929_cell_03614
ghsl_5929,ghsl_5929_cell_03615
ghsl_5929,ghsl_5929_cell_03616
ghsl_5929,ghsl_5929_cell_03617
ghsl_5929,ghsl_5929_cell_03618
ghsl_5929,ghsl_5929_cell_03619
ghsl_5929,ghsl_5929_cell_03620
ghsl_5929,ghsl_5929_cell_03621
ghsl_5929,ghsl_5929_cell_03622
ghsl_5929,ghsl_5929_cell_03623
ghsl_5929,ghsl_5929_cell_03624
ghsl_5929,ghsl_5929_cell_03625
ghsl_5929,ghsl_5929_cell_03626
ghsl_5929,ghsl_5929_cell_03627
ghsl_5929,ghsl_5929_cell_03628
ghsl_5929,ghsl_5929_cell_03629
ghsl_5929,ghsl_5929_cell_03630
ghsl_5929,ghsl_5929_cell_03631
ghsl_5929,ghsl_5929_cell_03632
ghsl_5929,ghsl_5929_cell_03633
ghsl_5929,ghsl_5929_cell_03634
ghsl_5929,ghsl_5929_cell_03635
ghsl_5929,ghsl_5929_cell_03636
ghsl_5929,ghsl_5929_cell_03637
ghsl_5929,ghsl_5929_cell_03638
ghsl_5929,ghsl_5929_cell_03639
ghsl_5929,ghsl_5929_cell_03640
ghsl_5929,ghsl_5929_cell_03641
ghsl_5929,ghsl_5929_cell_03642
ghsl_5929,ghsl_5929_cell_03643
ghsl_5929,ghsl_5929_cell_03644
ghsl_5929,ghsl_5929_cell_03645
ghsl_5929,ghsl_5929_cell_03646
ghsl_5929,ghsl_5929_cell_03647
ghsl_5929,ghsl_5929_cell_03648
ghsl_5929,ghsl_5929_cell_03649
ghsl_5929,ghsl_5929_cell_03650
ghsl_5929,ghsl_5929_cell_03651
ghsl_5929,ghsl_5929_cell_03652
ghsl_5929,ghsl_5929_cell_03653
ghsl_5929,ghsl_5929_cell_03654
ghsl_5929,ghsl_5929_cell_03655
ghsl_5929,ghsl_5929_cell_03656
ghsl_5929,ghsl_5929_cell_03657
ghsl_5929,ghsl_5929_cell_03658
ghsl_5929,ghsl_5929_cell_03659
ghsl_5929,ghsl_5929_cell_03660
ghsl_5929,ghsl_5929_cell_03661
ghsl_5929,ghsl_5929_cell_03662
ghsl_5929,ghsl_5929_cell_03663
ghsl_5929,ghsl_5929_cell_03664
ghsl_5929,ghsl_5929_cell_03665
ghsl_5929,ghsl_5929_cell_03666
ghsl_5929,ghsl_5929_cell_03667
ghsl_5929,ghsl_5929_cell_03668
ghsl_5929,ghsl_5929_cell_03669
ghsl_5929,ghsl_5929_cell_03670
ghsl_5929,ghsl_5929_cell_03671
ghsl_5929,ghsl_5929_cell_03672
ghsl_5929,ghsl_5929_cell_03673
ghsl_5929,ghsl_5929_cell_03674
ghsl_5929,ghsl_5929_cell_03675
ghsl_5929,ghsl_5929_cell_03676
ghsl_5929,ghsl_5929_cell_03677
ghsl_5929,ghsl_5929_cell_03678
ghsl_5929,ghsl_5929_cell_03679
ghsl_5929,ghsl_5929_cell_03680
ghsl_5929,ghsl_5929_cell_03681
ghsl_5929,ghsl_5929_cell_03682
ghsl_5929,ghsl_5929_cell_03683
ghsl_5929,ghsl_5929_cell_03684
ghsl_5929,ghsl_5929_cell_03685
ghsl_5929,ghsl_5929_cell_03686
ghsl_5929,ghsl_5929_cell_03687
ghsl_5929,ghsl_5929_cell_03688
ghsl_5929,ghsl_5929_cell_03689
ghsl_5929,ghsl_5929_cell_03690
ghsl_5929,ghsl_5929_cell_03691
ghsl_5929,ghsl_5929_cell_03692
ghsl_5929,ghsl_5929_cell_03693
ghsl_5929,ghsl_5929_cell_03694
ghsl_5929,ghsl_5929_cell_03695
ghsl_5929,ghsl_5929_cell_03696
ghsl_5929,ghsl_5929_cell_03697
ghsl_5929,ghsl_5929_cell_03698
ghsl_5929,ghsl_5929_cell_03699
ghsl_5929,ghsl_5929_cell_03700
ghsl_5929,ghsl_5929_cell_03701
ghsl_5929,ghsl_5929_cell_03702
ghsl_5929,ghsl_5929_cell_03703
ghsl_5929,ghsl_5929_cell_03704
ghsl_5929,ghsl_5929_cell_03705
ghsl_5929,ghsl_5929_cell_03706
ghsl_5929,ghsl_5929_cell_03707
ghsl_5929,ghsl_5929_cell_03708
ghsl_5929,ghsl_5929_cell_03709
ghsl_5929,ghsl_5929_cell_03710
ghsl_5929,ghsl_5929_cell_03711
ghsl_5929,ghsl_5929_cell_03712
ghsl_5929,ghsl_5929_cell_03713
ghsl_5929,ghsl_5929_cell_03714
ghsl_5929,ghsl_5929_cell_03715
ghsl_5929,ghsl_5929_cell_03716
ghsl_5929,ghsl_5929_cell_03717
ghsl_5929,ghsl_5929_cell_03718
ghsl_5929,ghsl_5929_cell_03719
ghsl_5929,ghsl_5929_cell_03720
ghsl_5929,ghsl_5929_cell_03721
ghsl_5929,ghsl_5929_cell_03722
ghsl_5929,ghsl_5929_cell_03723
ghsl_5929,ghsl_5929_cell_03724
ghsl_5929,ghsl_5929_cell_03725
ghsl_5929,ghsl_5929_cell_03726
ghsl_5929,ghsl_5929_cell_03727
ghsl_5929,ghsl_5929_cell_03728
ghsl_5929,ghsl_5929_cell_03729
ghsl_5929,ghsl_5929_cell_03730
ghsl_5929,ghsl_5929_cell_03731
ghsl_5929,ghsl_5929_cell_03732
ghsl_5929,ghsl_5929_cell_03733
ghsl_5929,ghsl_5929_cell_03734
ghsl_5929,ghsl_5929_cell_03735
ghsl_5929,ghsl_5929_cell_03736
ghsl_5929,ghsl_5929_cell_03737
ghsl_5929,ghsl_5929_cell_03738
ghsl_5929,ghsl_5929_cell_03739
ghsl_5929,ghsl_5929_cell_03740
ghsl_5929,ghsl_5929_cell_03741
ghsl_5929,ghsl_5929_cell_03742
ghsl_5929,ghsl_5929_cell_03743
ghsl_5929,ghsl_5929_cell_03744
ghsl_5929,ghsl_5929_cell_03745
ghsl_5929,ghsl_5929_cell_03746
ghsl_5929,ghsl_5929_cell_03747
ghsl_5929,ghsl_5929_cell_03748
ghsl_5929,ghsl_5929_cell_03749
ghsl_5929,ghsl_5929_cell_03750
ghsl_5929,ghsl_5929_cell_03751
ghsl_5929,ghsl_5929_cell_03752
ghsl_5929,ghsl_5929_cell_03753
ghsl_5929,ghsl_5929_cell_03754
ghsl_5929,ghsl_5929_cell_03755
ghsl_5929,ghsl_5929_cell_03756
ghsl_5929,ghsl_5929_cell_03757
ghsl_5929,ghsl_5929_cell_03758
ghsl_5929,ghsl_5929_cell_03759
ghsl_5929,ghsl_5929_cell_03760
ghsl_5929,ghsl_5929_cell_03761
ghsl_5929,ghsl_5929_cell_03762
ghsl_5929,ghsl_5929_cell_03763
ghsl_5929,ghsl_5929_cell_03764
ghsl_5929,ghsl_5929_cell_03765
ghsl_5929,ghsl_5929_cell_03766
ghsl_5929,ghsl_5929_cell_03767
ghsl_5929,ghsl_5929_cell_03768
ghsl_5929,ghsl_5929_cell_03769
ghsl_5929,ghsl_5929_cell_03770
ghsl_5929,ghsl_5929_cell_03771
ghsl_5929,ghsl_5929_cell_03772
ghsl_5929,ghsl_5929_cell_03773
ghsl_5929,ghsl_5929_cell_03774
ghsl_5929,ghsl_5929_cell_03775
ghsl_5929,ghsl_5929_cell_03776
ghsl_5929,ghsl_5929_cell_03777
ghsl_5929,ghsl_5929_cell_03778
ghsl_5929,ghsl_5929_cell_03779
ghsl_5929,ghsl_5929_cell_03780
ghsl_5929,ghsl_5929_cell_03781
ghsl_5929,ghsl_5929_cell_03782
ghsl_5929,ghsl_5929_cell_03783
ghsl_5929,ghsl_5929_cell_03784
ghsl_5929,ghsl_5929_cell_03785
ghsl_5929,ghsl_5929_cell_03786
ghsl_5929,ghsl_5929_cell_03787
ghsl_5929,ghsl_5929_cell_03788
ghsl_5929,ghsl_5929_cell_03789
ghsl_5929,ghsl_5929_cell_03790
ghsl_5929,ghsl_5929_cell_03791
ghsl_5929,ghsl_5929_cell_03792
ghsl_5929,ghsl_5929_cell_03793
ghsl_5929,ghsl_5929_cell_03794
ghsl_5929,ghsl_5929_cell_03795
ghsl_5929,ghsl_5929_cell_03796
ghsl_5929,ghsl_5929_cell_03797
ghsl_5929,ghsl_5929_cell_03798
ghsl_5929,ghsl_5929_cell_03799
ghsl_5929,ghsl_5929_cell_03800
ghsl_5929,ghsl_5929_cell_03801
ghsl_5929,ghsl_5929_cell_03802
ghsl_5929,ghsl_5929_cell_03803
ghsl_5929,ghsl_5929_cell_03804
ghsl_5929,ghsl_5929_cell_03805
ghsl_5929,ghsl_5929_cell_03806
ghsl_5929,ghsl_5929_cell_03807
ghsl_5929,ghsl_5929_cell_03808
ghsl_5929,ghsl_5929_cell_03809
ghsl_5929,ghsl_5929_cell_03810
ghsl_5929,ghsl_5929_cell_03811
ghsl_5929,ghsl_5929_cell_03812
ghsl_5929,ghsl_5929_cell_03813
ghsl_5929,ghsl_5929_cell_03814
ghsl_5929,ghsl_5929_cell_03815
ghsl_5929,ghsl_5929_cell_03816
ghsl_5929,ghsl_5929_cell_03817
ghsl_5929,ghsl_5929_cell_03818
ghsl_5929,ghsl_5929_cell_03819
ghsl_5929,ghsl_5929_cell_03820
ghsl_5929,ghsl_5929_cell_03821
ghsl_5929,ghsl_5929_cell_03822
ghsl_5929,ghsl_5929_cell_03823
ghsl_5929,ghsl_5929_cell_03824
ghsl_5929,ghsl_5929_cell_03825
ghsl_5929,ghsl_5929_cell_03826
ghsl_5929,ghsl_5929_cell_03827
ghsl_5929,ghsl_5929_cell_03828
ghsl_5929,ghsl_5929_cell_03829
ghsl_5929,ghsl_5929_cell_03830
ghsl_5929,ghsl_5929_cell_03831
ghsl_5929,ghsl_5929_cell_03832
ghsl_5929,ghsl_5929_cell_03833
ghsl_5929,ghsl_5929_cell_03834
ghsl_5929,ghsl_5929_cell_03835
ghsl_5929,ghsl_5929_cell_03836
ghsl_5929,ghsl_5929_cell_03837
ghsl_5929,ghsl_5929_cell_03838
ghsl_5929,ghsl_5929_cell_03839
ghsl_5929,ghsl_5929_cell_03840
ghsl_5929,ghsl_5929_cell_03841
ghsl_5929,ghsl_5929_cell_03842
ghsl_5929,ghsl_5929_cell_03843
ghsl_5929,ghsl_5929_cell_03844
ghsl_5929,ghsl_5929_cell_03845
ghsl_5929,ghsl_5929_cell_03846
ghsl_5929,ghsl_5929_cell_03847
ghsl_5929,ghsl_5929_cell_03848
ghsl_5929,ghsl_5929_cell_03849
ghsl_5929,ghsl_5929_cell_03850
ghsl_5929,ghsl_5929_cell_03851
ghsl_5929,ghsl_5929_cell_03852
ghsl_5929,ghsl_5929_cell_03853
ghsl_5929,ghsl_5929_cell_03854
ghsl_5929,ghsl_5929_cell_03855
ghsl_5929,ghsl_5929_cell_03856
ghsl_5929,ghsl_5929_cell_03857
ghsl_5929,ghsl_5929_cell_03858
ghsl_5929,ghsl_5929_cell_03859
ghsl_5929,ghsl_5929_cell_03860
ghsl_5929,ghsl_5929_cell_03861
ghsl_5929,ghsl_5929_cell_03862
ghsl_5929,ghsl_5929_cell_03863
ghsl_5929,ghsl_5929_cell_03864
ghsl_5929,ghsl_5929_cell_03865
ghsl_5929,ghsl_5929_cell_03866
ghsl_5929,ghsl_5929_cell_03867
ghsl_5929,ghsl_5929_cell_03868
ghsl_5929,ghsl_5929_cell_03869
ghsl_5929,ghsl_5929_cell_03870
ghsl_5929,ghsl_5929_cell_03871
ghsl_5929,ghsl_5929_cell_03872
ghsl_5929,ghsl_5929_cell_03873
ghsl_5929,ghsl_5929_cell_03874
ghsl_5929,ghsl_5929_cell_03875
ghsl_5929,ghsl_5929_cell_03876
ghsl_5929,ghsl_5929_cell_03877
ghsl_5929,ghsl_5929_cell_03878
ghsl_5929,ghsl_5929_cell_03879
ghsl_5929,ghsl_5929_cell_03880
ghsl_5929,ghsl_5929_cell_03881
ghsl_5929,ghsl_5929_cell_03882
ghsl_5929,ghsl_5929_cell_03883
ghsl_5929,ghsl_5929_cell_03884
ghsl_5929,ghsl_5929_cell_03885
ghsl_5929,ghsl_5929_cell_03886
ghsl_5929,ghsl_5929_cell_03887
ghsl_5929,ghsl_5929_cell_03888
ghsl_5929,ghsl_5929_cell_03889
ghsl_5929,ghsl_5929_cell_03890
ghsl_5929,ghsl_5929_cell_03891
ghsl_5929,ghsl_5929_cell_03892
ghsl_5929,ghsl_5929_cell_03893
ghsl_5929,ghsl_5929_cell_03894
ghsl_5929,ghsl_5929_cell_03895
ghsl_5929,ghsl_5929_cell_03896
ghsl_5929,ghsl_5929_cell_03897
ghsl_5929,ghsl_5929_cell_03898
ghsl_5929,ghsl_5929_cell_03899
ghsl_5929,ghsl_5929_cell_03900
ghsl_5929,ghsl_5929_cell_03901
ghsl_5929,ghsl_5929_cell_03902
ghsl_5929,ghsl_5929_cell_03903
ghsl_5929,ghsl_5929_cell_03904
ghsl_5929,ghsl_5929_cell_03905
ghsl_5929,ghsl_5929_cell_03906
ghsl_5929,ghsl_5929_cell_03907
ghsl_5929,ghsl_5929_cell_03908
ghsl_5929,ghsl_5929_cell_03909
ghsl_5929,ghsl_5929_cell_03910
ghsl_5929,ghsl_5929_cell_03911
ghsl_5929,ghsl_5929_cell_03912
ghsl_5929,ghsl_5929_cell_03913
ghsl_5929,ghsl_5929_cell_03914
ghsl_5929,ghsl_5929_cell_03915
ghsl_5929,ghsl_5929_cell_03916
ghsl_5929,ghsl_5929_cell_03917
ghsl_5929,ghsl_5929_cell_03918
ghsl_5929,ghsl_5929_cell_03919
ghsl_5929,ghsl_5929_cell_03920
ghsl_5929,ghsl_5929_cell_03921
ghsl_5929,ghsl_5929_cell_03922
ghsl_5929,ghsl_5929_cell_03923
ghsl_5929,ghsl_5929_cell_03924
ghsl_5929,ghsl_5929_cell_03925
ghsl_5929,ghsl_5929_cell_03926
ghsl_5929,ghsl_5929_cell_03927
ghsl_5929,ghsl_5929_cell_03928
ghsl_5929,ghsl_5929_cell_03929
ghsl_5929,ghsl_5929_cell_03930
ghsl_5929,ghsl_5929_cell_03931
ghsl_5929,ghsl_5929_cell_03932
ghsl_5929,ghsl_5929_cell_03933
ghsl_5929,ghsl_5929_cell_03934
ghsl_5929,ghsl_5929_cell_03935
ghsl_5929,ghsl_5929_cell_03936
ghsl_5929,ghsl_5929_cell_03937
ghsl_5929,ghsl_5929_cell_03938
ghsl_5929,ghsl_5929_cell_03939
ghsl_5929,ghsl_5929_cell_03940
ghsl_5929,ghsl_5929_cell_03941
ghsl_5929,ghsl_5929_cell_03942
ghsl_5929,ghsl_5929_cell_03943
ghsl_5929,ghsl_5929_cell_03944
ghsl_5929,ghsl_5929_cell_03945
ghsl_5929,ghsl_5929_cell_03946
ghsl_5929,ghsl_5929_cell_03947
ghsl_5929,ghsl_5929_cell_03948
ghsl_5929,ghsl_5929_cell_03949
ghsl_5929,ghsl_5929_cell_03950
ghsl_5929,ghsl_5929_cell_03951
ghsl_5929,ghsl_5929_cell_03952
ghsl_5929,ghsl_5929_cell_03953
ghsl_5929,ghsl_5929_cell_03954
ghsl_5929,ghsl_5929_cell_03955
ghsl_5929,ghsl_5929_cell_03956
ghsl_5929,ghsl_5929_cell_03957
ghsl_5929,ghsl_5929_cell_03958
ghsl_5929,ghsl_5929_cell_03959
ghsl_5929,ghsl_5929_cell_03960
ghsl_5929,ghsl_5929_cell_03961
ghsl_5929,ghsl_5929_cell_03962
ghsl_5929,ghsl_5929_cell_03963
ghsl_5929,ghsl_5929_cell_03964
ghsl_5929,ghsl_5929_cell_03965
ghsl_5929,ghsl_5929_cell_03966
ghsl_5929,ghsl_5929_cell_03967
ghsl_5929,ghsl_5929_cell_03968
ghsl_5929,ghsl_5929_cell_03969
ghsl_5929,ghsl_5929_cell_03970
ghsl_5929,ghsl_5929_cell_03971
ghsl_5929,ghsl_5929_cell_03972
ghsl_5929,ghsl_5929_cell_03973
ghsl_5929,ghsl_5929_cell_03974
ghsl_5929,ghsl_5929_cell_03975
ghsl_5929,ghsl_5929_cell_03976
ghsl_5929,ghsl_5929_cell_03977
ghsl_5929,ghsl_5929_cell_03978
ghsl_5929,ghsl_5929_cell_03979
ghsl_5929,ghsl_5929_cell_03980
ghsl_5929,ghsl_5929_cell_03981
ghsl_5929,ghsl_5929_cell_03982
ghsl_5929,ghsl_5929_cell_03983
ghsl_5929,ghsl_5929_cell_03984
ghsl_5929,ghsl_5929_cell_03985
ghsl_5929,ghsl_5929_cell_03986
ghsl_5929,ghsl_5929_cell_03987
ghsl_5929,ghsl_5929_cell_03988
ghsl_5929,ghsl_5929_cell_03989
ghsl_5929,ghsl_5929_cell_03990
ghsl_5929,ghsl_5929_cell_03991
ghsl_5929,ghsl_5929_cell_03992
ghsl_5929,ghsl_5929_cell_03993
ghsl_5929,ghsl_5929_cell_03994
ghsl_5929,ghsl_5929_cell_03995
ghsl_5929,ghsl_5929_cell_03996
ghsl_5929,ghsl_5929_cell_03997
ghsl_5929,ghsl_5929_cell_03998
ghsl_5929,ghsl_5929_cell_03999
ghsl_5929,ghsl_5929_cell_04000
ghsl_5929,ghsl_5929_cell_04001
ghsl_5929,ghsl_5929_cell_04002
ghsl_5929,ghsl_5929_cell_04003
ghsl_5929,ghsl_5929_cell_04004
ghsl_5929,ghsl_5929_cell_04005
ghsl_5929,ghsl_5929_cell_04006
ghsl_5929,ghsl_5929_cell_04007
ghsl_5929,ghsl_5929_cell_04008
ghsl_5929,ghsl_5929_cell_04009
ghsl_5929,ghsl_5929_cell_04010
ghsl_5929,ghsl_5929_cell_04011
ghsl_5929,ghsl_5929_cell_04012
ghsl_5929,ghsl_5929_cell_04013
ghsl_5929,ghsl_5929_cell_04014
ghsl_5929,ghsl_5929_cell_04015
ghsl_5929,ghsl_5929_cell_04016
ghsl_5929,ghsl_5929_cell_04017
ghsl_5929,ghsl_5929_cell_04018
ghsl_5929,ghsl_5929_cell_04019
ghsl_5929,ghsl_5929_cell_04020
ghsl_5929,ghsl_5929_cell_04021
ghsl_5929,ghsl_5929_cell_04022
ghsl_5929,ghsl_5929_cell_04023
ghsl_5929,ghsl_5929_cell_04024
ghsl_5929,ghsl_5929_cell_04025
ghsl_5929,ghsl_5929_cell_04026
ghsl_5929,ghsl_5929_cell_04027
ghsl_5929,ghsl_5929_cell_04028
ghsl_5929,ghsl_5929_cell_04029
ghsl_5929,ghsl_5929_cell_04030
ghsl_5929,ghsl_5929_cell_04031
ghsl_5929,ghsl_5929_cell_04032
ghsl_5929,ghsl_5929_cell_04033
ghsl_5929,ghsl_5929_cell_04034
ghsl_5929,ghsl_5929_cell_04035
ghsl_5929,ghsl_5929_cell_04036
ghsl_5929,ghsl_5929_cell_04037
ghsl_5929,ghsl_5929_cell_04038
ghsl_5929,ghsl_5929_cell_04039
ghsl_5929,ghsl_5929_cell_04040
ghsl_5929,ghsl_5929_cell_04041
ghsl_5929,ghsl_5929_cell_04042
ghsl_5929,ghsl_5929_cell_04043
ghsl_5929,ghsl_5929_cell_04044
ghsl_5929,ghsl_5929_cell_04045
ghsl_5929,ghsl_5929_cell_04046
ghsl_5929,ghsl_5929_cell_04047
ghsl_5929,ghsl_5929_cell_04048
ghsl_5929,ghsl_5929_cell_04049
ghsl_5929,ghsl_5929_cell_04050
ghsl_5929,ghsl_5929_cell_04051
ghsl_5929,ghsl_5929_cell_04052
ghsl_5929,ghsl_5929_cell_04053
ghsl_5929,ghsl_5929_cell_04054
ghsl_5929,ghsl_5929_cell_04055
ghsl_5929,ghsl_5929_cell_04056
ghsl_5929,ghsl_5929_cell_04057
ghsl_5929,ghsl_5929_cell_04058
ghsl_5929,ghsl_5929_cell_04059
ghsl_5929,ghsl_5929_cell_04060
ghsl_5929,ghsl_5929_cell_04061
ghsl_5929,ghsl_5929_cell_04062
ghsl_5929,ghsl_5929_cell_04063
ghsl_5929,ghsl_5929_cell_04064
ghsl_5929,ghsl_5929_cell_04065
ghsl_5929,ghsl_5929_cell_04066
ghsl_5929,ghsl_5929_cell_04067
ghsl_5929,ghsl_5929_cell_04068
ghsl_5929,ghsl_5929_cell_04069
ghsl_5929,ghsl_5929_cell_04070
ghsl_5929,ghsl_5929_cell_04071
ghsl_5929,ghsl_5929_cell_04072
ghsl_5929,ghsl_5929_cell_04073
ghsl_5929,ghsl_5929_cell_04074
ghsl_5929,ghsl_5929_cell_04075
ghsl_5929,ghsl_5929_cell_04076
ghsl_5929,ghsl_5929_cell_04077
ghsl_5929,ghsl_5929_cell_04078
ghsl_5929,ghsl_5929_cell_04079
ghsl_5929,ghsl_5929_cell_04080
ghsl_5929,ghsl_5929_cell_04081
ghsl_5929,ghsl_5929_cell_04082
ghsl_5929,ghsl_5929_cell_04083
ghsl_5929,ghsl_5929_cell_04084
ghsl_5929,ghsl_5929_cell_04085
ghsl_5929,ghsl_5929_cell_04086
ghsl_5929,ghsl_5929_cell_04087
ghsl_5929,ghsl_5929_cell_04088
ghsl_5929,ghsl_5929_cell_04089
ghsl_5929,ghsl_5929_cell_04090
ghsl_5929,ghsl_5929_cell_04091
ghsl_5929,ghsl_5929_cell_04092
ghsl_5929,ghsl_5929_cell_04093
ghsl_5929,ghsl_5929_cell_04094
ghsl_5929,ghsl_5929_cell_04095
ghsl_5929,ghsl_5929_cell_04096
ghsl_5929,ghsl_5929_cell_04097
ghsl_5929,ghsl_5929_cell_04098
ghsl_5929,ghsl_5929_cell_04099
ghsl_5929,ghsl_5929_cell_04100
ghsl_5929,ghsl_5929_cell_04101
ghsl_5929,ghsl_5929_cell_04102
ghsl_5929,ghsl_5929_cell_04103
ghsl_5929,ghsl_5929_cell_04104
ghsl_5929,ghsl_5929_cell_04105
ghsl_5929,ghsl_5929_cell_04106
ghsl_5929,ghsl_5929_cell_04107
ghsl_5929,ghsl_5929_cell_04108
ghsl_5929,ghsl_5929_cell_04109
ghsl_5929,ghsl_5929_cell_04110
ghsl_5929,ghsl_5929_cell_04111
ghsl_5929,ghsl_5929_cell_04112
ghsl_5929,ghsl_5929_cell_04113
ghsl_5929,ghsl_5929_cell_04114
ghsl_5929,ghsl_5929_cell_04115
ghsl_5929,ghsl_5929_cell_04116
ghsl_5929,ghsl_5929_cell_04117
ghsl_5929,ghsl_5929_cell_04118
ghsl_5929,ghsl_5929_cell_04119
ghsl_5929,ghsl_5929_cell_04120
ghsl_5929,ghsl_5929_cell_04121
ghsl_5929,ghsl_5929_cell_04122
ghsl_5929,ghsl_5929_cell_04123
ghsl_5929,ghsl_5929_cell_04124
ghsl_5929,ghsl_5929_cell_04125
ghsl_5929,ghsl_5929_cell_04126
ghsl_5929,ghsl_5929_cell_04127
ghsl_5929,ghsl_5929_cell_04128
ghsl_5929,ghsl_5929_cell_04129
ghsl_5929,ghsl_5929_cell_04130
ghsl_5929,ghsl_5929_cell_04131
ghsl_5929,ghsl_5929_cell_04132
ghsl_5929,ghsl_5929_cell_04133
ghsl_5929,ghsl_5929_cell_04134
ghsl_5929,ghsl_5929_cell_04135
ghsl_5929,ghsl_5929_cell_04136
ghsl_5929,ghsl_5929_cell_04137
ghsl_5929,ghsl_5929_cell_04138
ghsl_5929,ghsl_5929_cell_04139
ghsl_5929,ghsl_5929_cell_04140
ghsl_5929,ghsl_5929_cell_04141
ghsl_5929,ghsl_5929_cell_04142
ghsl_5929,ghsl_5929_cell_04143
ghsl_5929,ghsl_5929_cell_04144
ghsl_5929,ghsl_5929_cell_04145
ghsl_5929,ghsl_5929_cell_04146
ghsl_5929,ghsl_5929_cell_04147
ghsl_5929,ghsl_5929_cell_04148
ghsl_5929,ghsl_5929_cell_04149
ghsl_5929,ghsl_5929_cell_04150
ghsl_5929,ghsl_5929_cell_04151
ghsl_5929,ghsl_5929_cell_04152
ghsl_5929,ghsl_5929_cell_04153
ghsl_5929,ghsl_5929_cell_04154
ghsl_5929,ghsl_5929_cell_04155
ghsl_5929,ghsl_5929_cell_04156
ghsl_5929,ghsl_5929_cell_04157
ghsl_5929,ghsl_5929_cell_04158
ghsl_5929,ghsl_5929_cell_04159
ghsl_5929,ghsl_5929_cell_04160
ghsl_5929,ghsl_5929_cell_04161
ghsl_5929,ghsl_5929_cell_04162
ghsl_5929,ghsl_5929_cell_04163
ghsl_5929,ghsl_5929_cell_04164
ghsl_5929,ghsl_5929_cell_04165
ghsl_5929,ghsl_5929_cell_04166
ghsl_5929,ghsl_5929_cell_04167
ghsl_5929,ghsl_5929_cell_04168
ghsl_5929,ghsl_5929_cell_04169
ghsl_5929,ghsl_5929_cell_04170
ghsl_5929,ghsl_5929_cell_04171
ghsl_5929,ghsl_5929_cell_04172
ghsl_5929,ghsl_5929_cell_04173
ghsl_5929,ghsl_5929_cell_04174
ghsl_5929,ghsl_5929_cell_04175
ghsl_5929,ghsl_5929_cell_04176
ghsl_5929,ghsl_5929_cell_04177
ghsl_5929,ghsl_5929_cell_04178
ghsl_5929,ghsl_5929_cell_04179
ghsl_5929,ghsl_5929_cell_04180
ghsl_5929,ghsl_5929_cell_04181
ghsl_5929,ghsl_5929_cell_04182
ghsl_5929,ghsl_5929_cell_04183
ghsl_5929,ghsl_5929_cell_04184
ghsl_5929,ghsl_5929_cell_04185
ghsl_5929,ghsl_5929_cell_04186
ghsl_5929,ghsl_5929_cell_04187
ghsl_5929,ghsl_5929_cell_04188
ghsl_5929,ghsl_5929_cell_04189
ghsl_5929,ghsl_5929_cell_04190
ghsl_5929,ghsl_5929_cell_04191
ghsl_5929,ghsl_5929_cell_04192
ghsl_5929,ghsl_5929_cell_04193
ghsl_5929,ghsl_5929_cell_04194
ghsl_5929,ghsl_5929_cell_04195
ghsl_5929,ghsl_5929_cell_04196
ghsl_5929,ghsl_5929_cell_04197
ghsl_5929,ghsl_5929_cell_04198
ghsl_5929,ghsl_5929_cell_04199
ghsl_5929,ghsl_5929_cell_04200
ghsl_5929,ghsl_5929_cell_04201
ghsl_5929,ghsl_5929_cell_04202
ghsl_5929,ghsl_5929_cell_04203
ghsl_5929,ghsl_5929_cell_04204
ghsl_5929,ghsl_5929_cell_04205
ghsl_5929,ghsl_5929_cell_04206
ghsl_5929,ghsl_5929_cell_04207
ghsl_5929,ghsl_5929_cell_04208
ghsl_5929,ghsl_5929_cell_04209
ghsl_5929,ghsl_5929_cell_04210
ghsl_5929,ghsl_5929_cell_04211
ghsl_5929,ghsl_5929_cell_04212
ghsl_5929,ghsl_5929_cell_04213
ghsl_5929,ghsl_5929_cell_04214
ghsl_5929,ghsl_5929_cell_04215
ghsl_5929,ghsl_5929_cell_04216
ghsl_5929,ghsl_5929_cell_04217
ghsl_5929,ghsl_5929_cell_04218
ghsl_5929,ghsl_5929_cell_04219
ghsl_5929,ghsl_5929_cell_04220
ghsl_5929,ghsl_5929_cell_04221
ghsl_5929,ghsl_5929_cell_04222
ghsl_5929,ghsl_5929_cell_04223
ghsl_5929,ghsl_5929_cell_04224
ghsl_5929,ghsl_5929_cell_04225
ghsl_5929,ghsl_5929_cell_04226
ghsl_5929,ghsl_5929_cell_04227
ghsl_5929,ghsl_5929_cell_04228
ghsl_5929,ghsl_5929_cell_04229
ghsl_5929,ghsl_5929_cell_04230
ghsl_5929,ghsl_5929_cell_04231
ghsl_5929,ghsl_5929_cell_04232
ghsl_5929,ghsl_5929_cell_04233
ghsl_5929,ghsl_5929_cell_04234
ghsl_5929,ghsl_5929_cell_04235
ghsl_5929,ghsl_5929_cell_04236
ghsl_5929,ghsl_5929_cell_04237
ghsl_5929,ghsl_5929_cell_04238
ghsl_5929,ghsl_5929_cell_04239
ghsl_5929,ghsl_5929_cell_04240
ghsl_5929,ghsl_5929_cell_04241
ghsl_5929,ghsl_5929_cell_04242
ghsl_5929,ghsl_5929_cell_04243
ghsl_5929,ghsl_5929_cell_04244
ghsl_5929,ghsl_5929_cell_04245
ghsl_5929,ghsl_5929_cell_04246
ghsl_5929,ghsl_5929_cell_04247
ghsl_5929,ghsl_5929_cell_04248
ghsl_5929,ghsl_5929_cell_04249
ghsl_5929,ghsl_5929_cell_04250
ghsl_5929,ghsl_5929_cell_04251
ghsl_5929,ghsl_5929_cell_04252
ghsl_5929,ghsl_5929_cell_04253
ghsl_5929,ghsl_5929_cell_04254
ghsl_5929,ghsl_5929_cell_04255
ghsl_5929,ghsl_5929_cell_04256
ghsl_5929,ghsl_5929_cell_04257
ghsl_5929,ghsl_5929_cell_04258
ghsl_5929,ghsl_5929_cell_04259
ghsl_5929,ghsl_5929_cell_04260
ghsl_5929,ghsl_5929_cell_04261
ghsl_5929,ghsl_5929_cell_04262
ghsl_5929,ghsl_5929_cell_04263
ghsl_5929,ghsl_5929_cell_04264
ghsl_5929,ghsl_5929_cell_04265
ghsl_5929,ghsl_5929_cell_04266
ghsl_5929,ghsl_5929_cell_04267
ghsl_5929,ghsl_5929_cell_04268
ghsl_5929,ghsl_5929_cell_04269
ghsl_5929,ghsl_5929_cell_04270
ghsl_5929,ghsl_5929_cell_04271
ghsl_5929,ghsl_5929_cell_04272
ghsl_5929,ghsl_5929_cell_04273
ghsl_5929,ghsl_5929_cell_04274
ghsl_5929,ghsl_5929_cell_04275
ghsl_5929,ghsl_5929_cell_04276
ghsl_5929,ghsl_5929_cell_04277
ghsl_5929,ghsl_5929_cell_04278
ghsl_5929,ghsl_5929_cell_04279
ghsl_5929,ghsl_5929_cell_04280
ghsl_5929,ghsl_5929_cell_04281
ghsl_5929,ghsl_5929_cell_04282
ghsl_5929,ghsl_5929_cell_04283
ghsl_5929,ghsl_5929_cell_04284
ghsl_5929,ghsl_5929_cell_04285
ghsl_5929,ghsl_5929_cell_04286
ghsl_5929,ghsl_5929_cell_04287
ghsl_5929,ghsl_5929_cell_04288
ghsl_5929,ghsl_5929_cell_04289
ghsl_5929,ghsl_5929_cell_04290
ghsl_5929,ghsl_5929_cell_04291
ghsl_5929,ghsl_5929_cell_04292
ghsl_5929,ghsl_5929_cell_04293
ghsl_5929,ghsl_5929_cell_04294
ghsl_5929,ghsl_5929_cell_04295
ghsl_5929,ghsl_5929_cell_04296
ghsl_5929,ghsl_5929_cell_04297
ghsl_5929,ghsl_5929_cell_04298
ghsl_5929,ghsl_5929_cell_04299
ghsl_5929,ghsl_5929_cell_04300
ghsl_5929,ghsl_5929_cell_04301
ghsl_5929,ghsl_5929_cell_04302
ghsl_5929,ghsl_5929_cell_04303
ghsl_5929,ghsl_5929_cell_04304
ghsl_5929,ghsl_5929_cell_04305
ghsl_5929,ghsl_5929_cell_04306
ghsl_5929,ghsl_5929_cell_04307
ghsl_5929,ghsl_5929_cell_04308
ghsl_5929,ghsl_5929_cell_04309
ghsl_5929,ghsl_5929_cell_04310
ghsl_5929,ghsl_5929_cell_04311
ghsl_5929,ghsl_5929_cell_04312
ghsl_5929,ghsl_5929_cell_04313
ghsl_5929,ghsl_5929_cell_04314
ghsl_5929,ghsl_5929_cell_04315
ghsl_5929,ghsl_5929_cell_04316
ghsl_5929,ghsl_5929_cell_04317
ghsl_5929,ghsl_5929_cell_04318
ghsl_5929,ghsl_5929_cell_04319
ghsl_5929,ghsl_5929_cell_04320
ghsl_5929,ghsl_5929_cell_04321
ghsl_5929,ghsl_5929_cell_04322
ghsl_5929,ghsl_5929_cell_04323
ghsl_5929,ghsl_5929_cell_04324
ghsl_5929,ghsl_5929_cell_04325
ghsl_5929,ghsl_5929_cell_04326
ghsl_5929,ghsl_5929_cell_04327
ghsl_5929,ghsl_5929_cell_04328
ghsl_5929,ghsl_5929_cell_04329
ghsl_5929,ghsl_5929_cell_04330
ghsl_5929,ghsl_5929_cell_04331
ghsl_5929,ghsl_5929_cell_04332
ghsl_5929,ghsl_5929_cell_04333
ghsl_5929,ghsl_5929_cell_04334
ghsl_5929,ghsl_5929_cell_04335
ghsl_5929,ghsl_5929_cell_04336
ghsl_5929,ghsl_5929_cell_04337
ghsl_5929,ghsl_5929_cell_04338
ghsl_5929,ghsl_5929_cell_04339
ghsl_5929,ghsl_5929_cell_04340
ghsl_5929,ghsl_5929_cell_04341
ghsl_5929,ghsl_5929_cell_04342
ghsl_5929,ghsl_5929_cell_04343
ghsl_5929,ghsl_5929_cell_04344
ghsl_5929,ghsl_5929_cell_04345
ghsl_5929,ghsl_5929_cell_04346
ghsl_5929,ghsl_5929_cell_04347
ghsl_5929,ghsl_5929_cell_04348
ghsl_5929,ghsl_5929_cell_04349
ghsl_5929,ghsl_5929_cell_04350
ghsl_5929,ghsl_5929_cell_04351
ghsl_5929,ghsl_5929_cell_04352
ghsl_5929,ghsl_5929_cell_04353
ghsl_5929,ghsl_5929_cell_04354
ghsl_5929,ghsl_5929_cell_04355
ghsl_5929,ghsl_5929_cell_04356
ghsl_5929,ghsl_5929_cell_04357
ghsl_5929,ghsl_5929_cell_04358
ghsl_5929,ghsl_5929_cell_04359
ghsl_5929,ghsl_5929_cell_04360
ghsl_5929,ghsl_5929_cell_04361
ghsl_5929,ghsl_5929_cell_04362
ghsl_5929,ghsl_5929_cell_04363
ghsl_5929,ghsl_5929_cell_04364
ghsl_5929,ghsl_5929_cell_04365
ghsl_5929,ghsl_5929_cell_04366
ghsl_5929,ghsl_5929_cell_04367
ghsl_5929,ghsl_5929_cell_04368
ghsl_5929,ghsl_5929_cell_04369
ghsl_5929,ghsl_5929_cell_04370
ghsl_5929,ghsl_5929_cell_04371
ghsl_5929,ghsl_5929_cell_04372
ghsl_5929,ghsl_5929_cell_04373
ghsl_5929,ghsl_5929_cell_04374
ghsl_5929,ghsl_5929_cell_04375
ghsl_5929,ghsl_5929_cell_04376
ghsl_5929,ghsl_5929_cell_04377
ghsl_5929,ghsl_5929_cell_04378
ghsl_5929,ghsl_5929_cell_04379
ghsl_5929,ghsl_5929_cell_04380
ghsl_5929,ghsl_5929_cell_04381
ghsl_5929,ghsl_5929_cell_04382
ghsl_5929,ghsl_5929_cell_04383
ghsl_5929,ghsl_5929_cell_04384
ghsl_5929,ghsl_5929_cell_04385
ghsl_5929,ghsl_5929_cell_04386
ghsl_5929,ghsl_5929_cell_04387
ghsl_5929,ghsl_5929_cell_04388
ghsl_5929,ghsl_5929_cell_04389
ghsl_5929,ghsl_5929_cell_04390
ghsl_5929,ghsl_5929_cell_04391
ghsl_5929,ghsl_5929_cell_04392
ghsl_5929,ghsl_5929_cell_04393
ghsl_5929,ghsl_5929_cell_04394
ghsl_5929,ghsl_5929_cell_04395
ghsl_5929,ghsl_5929_cell_04396
ghsl_5929,ghsl_5929_cell_04397
ghsl_5929,ghsl_5929_cell_04398
ghsl_5929,ghsl_5929_cell_04399
ghsl_5929,ghsl_5929_cell_04400
ghsl_5929,ghsl_5929_cell_04401
ghsl_5929,ghsl_5929_cell_04402
ghsl_5929,ghsl_5929_cell_04403
ghsl_5929,ghsl_5929_cell_04404
ghsl_5929,ghsl_5929_cell_04405
ghsl_5929,ghsl_5929_cell_04406
ghsl_5929,ghsl_5929_cell_04407
ghsl_5929,ghsl_5929_cell_04408
ghsl_5929,ghsl_5929_cell_04409
ghsl_5929,ghsl_5929_cell_04410
ghsl_5929,ghsl_5929_cell_04411
ghsl_5929,ghsl_5929_cell_04412
ghsl_5929,ghsl_5929_cell_04413
ghsl_5929,ghsl_5929_cell_04414
ghsl_5929,ghsl_5929_cell_04415
ghsl_5929,ghsl_5929_cell_04416
ghsl_5929,ghsl_5929_cell_04417
ghsl_5929,ghsl_5929_cell_04418
ghsl_5929,ghsl_5929_cell_04419
ghsl_5929,ghsl_5929_cell_04420
ghsl_5929,ghsl_5929_cell_04421
ghsl_5929,ghsl_5929_cell_04422
ghsl_5929,ghsl_5929_cell_04423
ghsl_5929,ghsl_5929_cell_04424
ghsl_5929,ghsl_5929_cell_04425
ghsl_5929,ghsl_5929_cell_04426
ghsl_5929,ghsl_5929_cell_04427
ghsl_5929,ghsl_5929_cell_04428
ghsl_5929,ghsl_5929_cell_04429
ghsl_5929,ghsl_5929_cell_04430
ghsl_5929,ghsl_5929_cell_04431
ghsl_5929,ghsl_5929_cell_04432
ghsl_5929,ghsl_5929_cell_04433
ghsl_5929,ghsl_5929_cell_04434
ghsl_5929,ghsl_5929_cell_04435
ghsl_5929,ghsl_5929_cell_04436
ghsl_5929,ghsl_5929_cell_04437
ghsl_5929,ghsl_5929_cell_04438
ghsl_5929,ghsl_5929_cell_04439
ghsl_5929,ghsl_5929_cell_04440
ghsl_5929,ghsl_5929_cell_04441
ghsl_5929,ghsl_5929_cell_04442
ghsl_5929,ghsl_5929_cell_04443
ghsl_5929,ghsl_5929_cell_04444
ghsl_5929,ghsl_5929_cell_04445
ghsl_5929,ghsl_5929_cell_04446
ghsl_5929,ghsl_5929_cell_04447
ghsl_5929,ghsl_5929_cell_04448
ghsl_5929,ghsl_5929_cell_04449
ghsl_5929,ghsl_5929_cell_04450
ghsl_5929,ghsl_5929_cell_04451
ghsl_5929,ghsl_5929_cell_04452
ghsl_5929,ghsl_5929_cell_04453
ghsl_5929,ghsl_5929_cell_04454
ghsl_5929,ghsl_5929_cell_04455
ghsl_5929,ghsl_5929_cell_04456
ghsl_5929,ghsl_5929_cell_04457
ghsl_5929,ghsl_5929_cell_04458
ghsl_5929,ghsl_5929_cell_04459
ghsl_5929,ghsl_5929_cell_04460
ghsl_5929,ghsl_5929_cell_04461
ghsl_5929,ghsl_5929_cell_04462
ghsl_5929,ghsl_5929_cell_04463
ghsl_5929,ghsl_5929_cell_04464
ghsl_5929,ghsl_5929_cell_04465
ghsl_5929,ghsl_5929_cell_04466
ghsl_5929,ghsl_5929_cell_04467
ghsl_5929,ghsl_5929_cell_04468
ghsl_5929,ghsl_5929_cell_04469
ghsl_5929,ghsl_5929_cell_04470
ghsl_5929,ghsl_5929_cell_04471
ghsl_5929,ghsl_5929_cell_04472
ghsl_5929,ghsl_5929_cell_04473
ghsl_5929,ghsl_5929_cell_04474
ghsl_5929,ghsl_5929_cell_04475
ghsl_5929,ghsl_5929_cell_04476
ghsl_5929,ghsl_5929_cell_04477
ghsl_5929,ghsl_5929_cell_04478
ghsl_5929,ghsl_5929_cell_04479
ghsl_5929,ghsl_5929_cell_04480
ghsl_5929,ghsl_5929_cell_04481
ghsl_5929,ghsl_5929_cell_04482
ghsl_5929,ghsl_5929_cell_04483
ghsl_5929,ghsl_5929_cell_04484
ghsl_5929,ghsl_5929_cell_04485
ghsl_5929,ghsl_5929_cell_04486
ghsl_5929,ghsl_5929_cell_04487
ghsl_5929,ghsl_5929_cell_04488
ghsl_5929,ghsl_5929_cell_04489
ghsl_5929,ghsl_5929_cell_04490
ghsl_5929,ghsl_5929_cell_04491
ghsl_5929,ghsl_5929_cell_04492
ghsl_5929,ghsl_5929_cell_04493
ghsl_5929,ghsl_5929_cell_04494
ghsl_5929,ghsl_5929_cell_04495
ghsl_5929,ghsl_5929_cell_04496
ghsl_5929,ghsl_5929_cell_04497
ghsl_5929,ghsl_5929_cell_04498
ghsl_5929,ghsl_5929_cell_04499
ghsl_5929,ghsl_5929_cell_04500
ghsl_5929,ghsl_5929_cell_04501
ghsl_5929,ghsl_5929_cell_04502
ghsl_5929,ghsl_5929_cell_04503
ghsl_5929,ghsl_5929_cell_04504
ghsl_5929,ghsl_5929_cell_04505
ghsl_5929,ghsl_5929_cell_04506
ghsl_5929,ghsl_5929_cell_04507
ghsl_5929,ghsl_5929_cell_04508
ghsl_5929,ghsl_5929_cell_04509
ghsl_5929,ghsl_5929_cell_04510
ghsl_5929,ghsl_5929_cell_04511
ghsl_5929,ghsl_5929_cell_04512
ghsl_5929,ghsl_5929_cell_04513
ghsl_5929,ghsl_5929_cell_04514
ghsl_5929,ghsl_5929_cell_04515
ghsl_5929,ghsl_5929_cell_04516
ghsl_5929,ghsl_5929_cell_04517
ghsl_5929,ghsl_5929_cell_04518
ghsl_5929,ghsl_5929_cell_04519
ghsl_5929,ghsl_5929_cell_04520
ghsl_5929,ghsl_5929_cell_04521
ghsl_5929,ghsl_5929_cell_04522
ghsl_5929,ghsl_5929_cell_04523
ghsl_5929,ghsl_5929_cell_04524
ghsl_5929,ghsl_5929_cell_04525
ghsl_5929,ghsl_5929_cell_04526
ghsl_5929,ghsl_5929_cell_04527
ghsl_5929,ghsl_5929_cell_04528
ghsl_5929,ghsl_5929_cell_04529
ghsl_5929,ghsl_5929_cell_04530
ghsl_5929,ghsl_5929_cell_04531
ghsl_5929,ghsl_5929_cell_04532
ghsl_5929,ghsl_5929_cell_04533
ghsl_5929,ghsl_5929_cell_04534
ghsl_5929,ghsl_5929_cell_04535
ghsl_5929,ghsl_5929_cell_04536
ghsl_5929,ghsl_5929_cell_04537
ghsl_5929,ghsl_5929_cell_04538
ghsl_5929,ghsl_5929_cell_04539
ghsl_5929,ghsl_5929_cell_04540
ghsl_5929,ghsl_5929_cell_04541
ghsl_5929,ghsl_5929_cell_04542
ghsl_5929,ghsl_5929_cell_04543
ghsl_5929,ghsl_5929_cell_04544
ghsl_5929,ghsl_5929_cell_04545
ghsl_5929,ghsl_5929_cell_04546
ghsl_5929,ghsl_5929_cell_04547
ghsl_5929,ghsl_5929_cell_04548
ghsl_5929,ghsl_5929_cell_04549
ghsl_5929,ghsl_5929_cell_04550
ghsl_5929,ghsl_5929_cell_04551
ghsl_5929,ghsl_5929_cell_04552
ghsl_5929,ghsl_5929_cell_04553
ghsl_5929,ghsl_5929_cell_04554
ghsl_5929,ghsl_5929_cell_04555
ghsl_5929,ghsl_5929_cell_04556
ghsl_5929,ghsl_5929_cell_04557
ghsl_5929,ghsl_5929_cell_04558
ghsl_5929,ghsl_5929_cell_04559
ghsl_5929,ghsl_5929_cell_04560
ghsl_5929,ghsl_5929_cell_04561
ghsl_5929,ghsl_5929_cell_04562
ghsl_5929,ghsl_5929_cell_04563
ghsl_5929,ghsl_5929_cell_04564
ghsl_5929,ghsl_5929_cell_04565
ghsl_5929,ghsl_5929_cell_04566
ghsl_5929,ghsl_5929_cell_04567
ghsl_5929,ghsl_5929_cell_04568
ghsl_5929,ghsl_5929_cell_04569
ghsl_5929,ghsl_5929_cell_04570
ghsl_5929,ghsl_5929_cell_04571
ghsl_5929,ghsl_5929_cell_04572
ghsl_5929,ghsl_5929_cell_04573
ghsl_5929,ghsl_5929_cell_04574
ghsl_5929,ghsl_5929_cell_04575
ghsl_5929,ghsl_5929_cell_04576
ghsl_5929,ghsl_5929_cell_04577
ghsl_5929,ghsl_5929_cell_04578
ghsl_5929,ghsl_5929_cell_04579
ghsl_5929,ghsl_5929_cell_04580
ghsl_5929,ghsl_5929_cell_04581
ghsl_5929,ghsl_5929_cell_04582
ghsl_5929,ghsl_5929_cell_04583
ghsl_5929,ghsl_5929_cell_04584
ghsl_5929,ghsl_5929_cell_04585
ghsl_5929,ghsl_5929_cell_04586
ghsl_5929,ghsl_5929_cell_04587
ghsl_5929,ghsl_5929_cell_04588
ghsl_5929,ghsl_5929_cell_04589
ghsl_5929,ghsl_5929_cell_04590
ghsl_5929,ghsl_5929_cell_04591
ghsl_5929,ghsl_5929_cell_04592
ghsl_5929,ghsl_5929_cell_04593
ghsl_5929,ghsl_5929_cell_04594
ghsl_5929,ghsl_5929_cell_04595
ghsl_5929,ghsl_5929_cell_04596
ghsl_5929,ghsl_5929_cell_04597
ghsl_5929,ghsl_5929_cell_04598
ghsl_5929,ghsl_5929_cell_04599
ghsl_5929,ghsl_5929_cell_04600
ghsl_5929,ghsl_5929_cell_04601
ghsl_5929,ghsl_5929_cell_04602
ghsl_5929,ghsl_5929_cell_04603
ghsl_5929,ghsl_5929_cell_04604
ghsl_5929,ghsl_5929_cell_04605
ghsl_5929,ghsl_5929_cell_04606
ghsl_5929,ghsl_5929_cell_04607
ghsl_5929,ghsl_5929_cell_04608
ghsl_5929,ghsl_5929_cell_04609
ghsl_5929,ghsl_5929_cell_04610
ghsl_5929,ghsl_5929_cell_04611
ghsl_5929,ghsl_5929_cell_04612
ghsl_5929,ghsl_5929_cell_04613
ghsl_5929,ghsl_5929_cell_04614
ghsl_5929,ghsl_5929_cell_04615
ghsl_5929,ghsl_5929_cell_04616
ghsl_5929,ghsl_5929_cell_04617
ghsl_5929,ghsl_5929_cell_04618
ghsl_5929,ghsl_5929_cell_04619
ghsl_5929,ghsl_5929_cell_04620
ghsl_5929,ghsl_5929_cell_04621
ghsl_5929,ghsl_5929_cell_04622
ghsl_5929,ghsl_5929_cell_04623
ghsl_5929,ghsl_5929_cell_04624
ghsl_5929,ghsl_5929_cell_04625
ghsl_5929,ghsl_5929_cell_04626
ghsl_5929,ghsl_5929_cell_04627
ghsl_5929,ghsl_5929_cell_04628
ghsl_5929,ghsl_5929_cell_04629
ghsl_5929,ghsl_5929_cell_04630
ghsl_5929,ghsl_5929_cell_04631
ghsl_5929,ghsl_5929_cell_04632
ghsl_5929,ghsl_5929_cell_04633
ghsl_5929,ghsl_5929_cell_04634
ghsl_5929,ghsl_5929_cell_04635
ghsl_5929,ghsl_5929_cell_04636
ghsl_5929,ghsl_5929_cell_04637
ghsl_5929,ghsl_5929_cell_04638
ghsl_5929,ghsl_5929_cell_04639
ghsl_5929,ghsl_5929_cell_04640
ghsl_5929,ghsl_5929_cell_04641
ghsl_5929,ghsl_5929_cell_04642
ghsl_5929,ghsl_5929_cell_04643
ghsl_5929,ghsl_5929_cell_04644
ghsl_5929,ghsl_5929_cell_04645
ghsl_5929,ghsl_5929_cell_04646
ghsl_5929,ghsl_5929_cell_04647
ghsl_5929,ghsl_5929_cell_04648
ghsl_5929,ghsl_5929_cell_04649
ghsl_5929,ghsl_5929_cell_04650
ghsl_5929,ghsl_5929_cell_04651
ghsl_5929,ghsl_5929_cell_04652
ghsl_5929,ghsl_5929_cell_04653
ghsl_5929,ghsl_5929_cell_04654
ghsl_5929,ghsl_5929_cell_04655
ghsl_5929,ghsl_5929_cell_04656
ghsl_5929,ghsl_5929_cell_04657
ghsl_5929,ghsl_5929_cell_04658
ghsl_5929,ghsl_5929_cell_04659
ghsl_5929,ghsl_5929_cell_04660
ghsl_5929,ghsl_5929_cell_04661
ghsl_5929,ghsl_5929_cell_04662
ghsl_5929,ghsl_5929_cell_04663
ghsl_5929,ghsl_5929_cell_04664
ghsl_5929,ghsl_5929_cell_04665
ghsl_5929,ghsl_5929_cell_04666
ghsl_5929,ghsl_5929_cell_04667
ghsl_5929,ghsl_5929_cell_04668
ghsl_5929,ghsl_5929_cell_04669
ghsl_5929,ghsl_5929_cell_04670
ghsl_5929,ghsl_5929_cell_04671
ghsl_5929,ghsl_5929_cell_04672
ghsl_5929,ghsl_5929_cell_04673
ghsl_5929,ghsl_5929_cell_04674
ghsl_5929,ghsl_5929_cell_04675
ghsl_5929,ghsl_5929_cell_04676
ghsl_5929,ghsl_5929_cell_04677
ghsl_5929,ghsl_5929_cell_04678
ghsl_5929,ghsl_5929_cell_04679
ghsl_5929,ghsl_5929_cell_04680
ghsl_5929,ghsl_5929_cell_04681
ghsl_5929,ghsl_5929_cell_04682
ghsl_5929,ghsl_5929_cell_04683
ghsl_5929,ghsl_5929_cell_04684
ghsl_5929,ghsl_5929_cell_04685
ghsl_5929,ghsl_5929_cell_04686
ghsl_5929,ghsl_5929_cell_04687
ghsl_5929,ghsl_5929_cell_04688
ghsl_5929,ghsl_5929_cell_04689
ghsl_5929,ghsl_5929_cell_04690
ghsl_5929,ghsl_5929_cell_04691
ghsl_5929,ghsl_5929_cell_04692
ghsl_5929,ghsl_5929_cell_04693
ghsl_5929,ghsl_5929_cell_04694
ghsl_5929,ghsl_5929_cell_04695
ghsl_5929,ghsl_5929_cell_04696
ghsl_5929,ghsl_5929_cell_04697
ghsl_5929,ghsl_5929_cell_04698
ghsl_5929,ghsl_5929_cell_04699
ghsl_5929,ghsl_5929_cell_04700
ghsl_5929,ghsl_5929_cell_04701
ghsl_5929,ghsl_5929_cell_04702
ghsl_5929,ghsl_5929_cell_04703
ghsl_5929,ghsl_5929_cell_04704
ghsl_5929,ghsl_5929_cell_04705
ghsl_5929,ghsl_5929_cell_04706
ghsl_5929,ghsl_5929_cell_04707
ghsl_5929,ghsl_5929_cell_04708
ghsl_5929,ghsl_5929_cell_04709
ghsl_5929,ghsl_5929_cell_04710
ghsl_5929,ghsl_5929_cell_04711
ghsl_5929,ghsl_5929_cell_04712
ghsl_5929,ghsl_5929_cell_04713
ghsl_5929,ghsl_5929_cell_04714
ghsl_5929,ghsl_5929_cell_04715
ghsl_5929,ghsl_5929_cell_04716
ghsl_5929,ghsl_5929_cell_04717
ghsl_5929,ghsl_5929_cell_04718
ghsl_5929,ghsl_5929_cell_04719
ghsl_5929,ghsl_5929_cell_04720
ghsl_5929,ghsl_5929_cell_04721
ghsl_5929,ghsl_5929_cell_04722
ghsl_5929,ghsl_5929_cell_04723
ghsl_5929,ghsl_5929_cell_04724
ghsl_5929,ghsl_5929_cell_04725
ghsl_5929,ghsl_5929_cell_04726
ghsl_5929,ghsl_5929_cell_04727
ghsl_5929,ghsl_5929_cell_04728
ghsl_5929,ghsl_5929_cell_04729
ghsl_5929,ghsl_5929_cell_04730
ghsl_5929,ghsl_5929_cell_04731
ghsl_5929,ghsl_5929_cell_04732
ghsl_5929,ghsl_5929_cell_04733
ghsl_5929,ghsl_5929_cell_04734
ghsl_5929,ghsl_5929_cell_04735
ghsl_5929,ghsl_5929_cell_04736
ghsl_5929,ghsl_5929_cell_04737
ghsl_5929,ghsl_5929_cell_04738
ghsl_5929,ghsl_5929_cell_04739
ghsl_5929,ghsl_5929_cell_04740
ghsl_5929,ghsl_5929_cell_04741
ghsl_5929,ghsl_5929_cell_04742
ghsl_5929,ghsl_5929_cell_04743
ghsl_5929,ghsl_5929_cell_04744
ghsl_5929,ghsl_5929_cell_04745
ghsl_5929,ghsl_5929_cell_04746
ghsl_5929,ghsl_5929_cell_04747
ghsl_5929,ghsl_5929_cell_04748
ghsl_5929,ghsl_5929_cell_04749
ghsl_5929,ghsl_5929_cell_04750
ghsl_5929,ghsl_5929_cell_04751
ghsl_5929,ghsl_5929_cell_04752
ghsl_5929,ghsl_5929_cell_04753
ghsl_5929,ghsl_5929_cell_04754
ghsl_5929,ghsl_5929_cell_04755
ghsl_5929,ghsl_5929_cell_04756
ghsl_5929,ghsl_5929_cell_04757
ghsl_5929,ghsl_5929_cell_04758
ghsl_5929,ghsl_5929_cell_04759
ghsl_5929,ghsl_5929_cell_04760
ghsl_5929,ghsl_5929_cell_04761
ghsl_5929,ghsl_5929_cell_04762
ghsl_5929,ghsl_5929_cell_04763
ghsl_5929,ghsl_5929_cell_04764
ghsl_5929,ghsl_5929_cell_04765
ghsl_5929,ghsl_5929_cell_04766
ghsl_5929,ghsl_5929_cell_04767
ghsl_5929,ghsl_5929_cell_04768
ghsl_5929,ghsl_5929_cell_04769
ghsl_5929,ghsl_5929_cell_04770
ghsl_5929,ghsl_5929_cell_04771
ghsl_5929,ghsl_5929_cell_04772
ghsl_5929,ghsl_5929_cell_04773
ghsl_5929,ghsl_5929_cell_04774
ghsl_5929,ghsl_5929_cell_04775
ghsl_5929,ghsl_5929_cell_04776
ghsl_5929,ghsl_5929_cell_04777
ghsl_5929,ghsl_5929_cell_04778
ghsl_5929,ghsl_5929_cell_04779
ghsl_5929,ghsl_5929_cell_04780
ghsl_5929,ghsl_5929_cell_04781
ghsl_5929,ghsl_5929_cell_04782
ghsl_5929,ghsl_5929_cell_04783
ghsl_5929,ghsl_5929_cell_04784
ghsl_5929,ghsl_5929_cell_04785
ghsl_5929,ghsl_5929_cell_04786
ghsl_5929,ghsl_5929_cell_04787
ghsl_5929,ghsl_5929_cell_04788
ghsl_5929,ghsl_5929_cell_04789
ghsl_5929,ghsl_5929_cell_04790
ghsl_5929,ghsl_5929_cell_04791
ghsl_5929,ghsl_5929_cell_04792
ghsl_5929,ghsl_5929_cell_04793
ghsl_5929,ghsl_5929_cell_04794
ghsl_5929,ghsl_5929_cell_04795
ghsl_5929,ghsl_5929_cell_04796
ghsl_5929,ghsl_5929_cell_04797
ghsl_5929,ghsl_5929_cell_04798
ghsl_5929,ghsl_5929_cell_04799
ghsl_5929,ghsl_5929_cell_04800
ghsl_5929,ghsl_5929_cell_04801
ghsl_5929,ghsl_5929_cell_04802
ghsl_5929,ghsl_5929_cell_04803
ghsl_5929,ghsl_5929_cell_04804
ghsl_5929,ghsl_5929_cell_04805
ghsl_5929,ghsl_5929_cell_04806
ghsl_5929,ghsl_5929_cell_04807
ghsl_5929,ghsl_5929_cell_04808
ghsl_5929,ghsl_5929_cell_04809
ghsl_5929,ghsl_5929_cell_04810
ghsl_5929,ghsl_5929_cell_04811
ghsl_5929,ghsl_5929_cell_04812
ghsl_5929,ghsl_5929_cell_04813
ghsl_5929,ghsl_5929_cell_04814
ghsl_5929,ghsl_5929_cell_04815
ghsl_5929,ghsl_5929_cell_04816
ghsl_5929,ghsl_5929_cell_04817
ghsl_5929,ghsl_5929_cell_04818
ghsl_5929,ghsl_5929_cell_04819
ghsl_5929,ghsl_5929_cell_04820
ghsl_5929,ghsl_5929_cell_04821
ghsl_5929,ghsl_5929_cell_04822
ghsl_5929,ghsl_5929_cell_04823
ghsl_5929,ghsl_5929_cell_04824
ghsl_5929,ghsl_5929_cell_04825
ghsl_5929,ghsl_5929_cell_04826
ghsl_5929,ghsl_5929_cell_04827
ghsl_5929,ghsl_5929_cell_04828
ghsl_5929,ghsl_5929_cell_04829
ghsl_5929,ghsl_5929_cell_04830
ghsl_5929,ghsl_5929_cell_04831
ghsl_5929,ghsl_5929_cell_04832
ghsl_5929,ghsl_5929_cell_04833
ghsl_5929,ghsl_5929_cell_04834
ghsl_5929,ghsl_5929_cell_04835
ghsl_5929,ghsl_5929_cell_04836
ghsl_5929,ghsl_5929_cell_04837
ghsl_5929,ghsl_5929_cell_04838
ghsl_5929,ghsl_5929_cell_04839
ghsl_5929,ghsl_5929_cell_04840
ghsl_5929,ghsl_5929_cell_04841
ghsl_5929,ghsl_5929_cell_04842
ghsl_5929,ghsl_5929_cell_04843
ghsl_5929,ghsl_5929_cell_04844
ghsl_5929,ghsl_5929_cell_04845
ghsl_5929,ghsl_5929_cell_04846
ghsl_5929,ghsl_5929_cell_04847
ghsl_5929,ghsl_5929_cell_04848
ghsl_5929,ghsl_5929_cell_04849
ghsl_5929,ghsl_5929_cell_04850
ghsl_5929,ghsl_5929_cell_04851
ghsl_5929,ghsl_5929_cell_04852
ghsl_5929,ghsl_5929_cell_04853
ghsl_5929,ghsl_5929_cell_04854
ghsl_5929,ghsl_5929_cell_04855
ghsl_5929,ghsl_5929_cell_04856
ghsl_5929,ghsl_5929_cell_04857
ghsl_5929,ghsl_5929_cell_04858
ghsl_5929,ghsl_5929_cell_04859
ghsl_5929,ghsl_5929_cell_04860
ghsl_5929,ghsl_5929_cell_04861
ghsl_5929,ghsl_5929_cell_04862
ghsl_5929,ghsl_5929_cell_04863
ghsl_5929,ghsl_5929_cell_04864
ghsl_5929,ghsl_5929_cell_04865
ghsl_5929,ghsl_5929_cell_04866
ghsl_5929,ghsl_5929_cell_04867
ghsl_5929,ghsl_5929_cell_04868
ghsl_5929,ghsl_5929_cell_04869
ghsl_5929,ghsl_5929_cell_04870
ghsl_5929,ghsl_5929_cell_04871
ghsl_5929,ghsl_5929_cell_04872
ghsl_5929,ghsl_5929_cell_04873
ghsl_5929,ghsl_5929_cell_04874
ghsl_5929,ghsl_5929_cell_04875
ghsl_5929,ghsl_5929_cell_04876
ghsl_5929,ghsl_5929_cell_04877
ghsl_5929,ghsl_5929_cell_04878
ghsl_5929,ghsl_5929_cell_04879
ghsl_5929,ghsl_5929_cell_04880
ghsl_5929,ghsl_5929_cell_04881
ghsl_5929,ghsl_5929_cell_04882
ghsl_5929,ghsl_5929_cell_04883
ghsl_5929,ghsl_5929_cell_04884
ghsl_5929,ghsl_5929_cell_04885
ghsl_5929,ghsl_5929_cell_04886
ghsl_5929,ghsl_5929_cell_04887
ghsl_5929,ghsl_5929_cell_04888
ghsl_5929,ghsl_5929_cell_04889
ghsl_5929,ghsl_5929_cell_04890
ghsl_5929,ghsl_5929_cell_04891
ghsl_5929,ghsl_5929_cell_04892
ghsl_5929,ghsl_5929_cell_04893
ghsl_5929,ghsl_5929_cell_04894
ghsl_5929,ghsl_5929_cell_04895
ghsl_5929,ghsl_5929_cell_04896
ghsl_5929,ghsl_5929_cell_04897
ghsl_5929,ghsl_5929_cell_04898
ghsl_5929,ghsl_5929_cell_04899
ghsl_5929,ghsl_5929_cell_04900
ghsl_5929,ghsl_5929_cell_04901
ghsl_5929,ghsl_5929_cell_04902
ghsl_5929,ghsl_5929_cell_04903
ghsl_5929,ghsl_5929_cell_04904
ghsl_5929,ghsl_5929_cell_04905
ghsl_5929,ghsl_5929_cell_04906
ghsl_5929,ghsl_5929_cell_04907
ghsl_5929,ghsl_5929_cell_04908
ghsl_5929,ghsl_5929_cell_04909
ghsl_5929,ghsl_5929_cell_04910
ghsl_5929,ghsl_5929_cell_04911
ghsl_5929,ghsl_5929_cell_04912
ghsl_5929,ghsl_5929_cell_04913
ghsl_5929,ghsl_5929_cell_04914
ghsl_5929,ghsl_5929_cell_04915
ghsl_5929,ghsl_5929_cell_04916
ghsl_5929,ghsl_5929_cell_04917
ghsl_5929,ghsl_5929_cell_04918
ghsl_5929,ghsl_5929_cell_04919
ghsl_5929,ghsl_5929_cell_04920
ghsl_5929,ghsl_5929_cell_04921
ghsl_5929,ghsl_5929_cell_04922
ghsl_5929,ghsl_5929_cell_04923
ghsl_5929,ghsl_5929_cell_04924
ghsl_5929,ghsl_5929_cell_04925
ghsl_5929,ghsl_5929_cell_04926
ghsl_5929,ghsl_5929_cell_04927
ghsl_5929,ghsl_5929_cell_04928
ghsl_5929,ghsl_5929_cell_04929
ghsl_5929,ghsl_5929_cell_04930
ghsl_5929,ghsl_5929_cell_04931
ghsl_5929,ghsl_5929_cell_04932
ghsl_5929,ghsl_5929_cell_04933
ghsl_5929,ghsl_5929_cell_04934
ghsl_5929,ghsl_5929_cell_04935
ghsl_5929,ghsl_5929_cell_04936
ghsl_5929,ghsl_5929_cell_04937
ghsl_5929,ghsl_5929_cell_04938
ghsl_5929,ghsl_5929_cell_04939
ghsl_5929,ghsl_5929_cell_04940
ghsl_5929,ghsl_5929_cell_04941
ghsl_5929,ghsl_5929_cell_04942
ghsl_5929,ghsl_5929_cell_04943
ghsl_5929,ghsl_5929_cell_04944
ghsl_5929,ghsl_5929_cell_04945
ghsl_5929,ghsl_5929_cell_04946
ghsl_5929,ghsl_5929_cell_04947
ghsl_5929,ghsl_5929_cell_04948
ghsl_5929,ghsl_5929_cell_04949
ghsl_5929,ghsl_5929_cell_04950
ghsl_5929,ghsl_5929_cell_04951
ghsl_5929,ghsl_5929_cell_04952
ghsl_5929,ghsl_5929_cell_04953
ghsl_5929,ghsl_5929_cell_04954
ghsl_5929,ghsl_5929_cell_04955
ghsl_5929,ghsl_5929_cell_04956
ghsl_5929,ghsl_5929_cell_04957
ghsl_5929,ghsl_5929_cell_04958
ghsl_5929,ghsl_5929_cell_04959
ghsl_5929,ghsl_5929_cell_04960
ghsl_5929,ghsl_5929_cell_04961
ghsl_5929,ghsl_5929_cell_04962
ghsl_5929,ghsl_5929_cell_04963
ghsl_5929,ghsl_5929_cell_04964
ghsl_5929,ghsl_5929_cell_04965
ghsl_5929,ghsl_5929_cell_04966
ghsl_5929,ghsl_5929_cell_04967
ghsl_5929,ghsl_5929_cell_04968
ghsl_5929,ghsl_5929_cell_04969
ghsl_5929,ghsl_5929_cell_04970
ghsl_5929,ghsl_5929_cell_04971
ghsl_5929,ghsl_5929_cell_04972
ghsl_5929,ghsl_5929_cell_04973
ghsl_5929,ghsl_5929_cell_04974
ghsl_5929,ghsl_5929_cell_04975
ghsl_5929,ghsl_5929_cell_04976
ghsl_5929,ghsl_5929_cell_04977
ghsl_5929,ghsl_5929_cell_04978
ghsl_5929,ghsl_5929_cell_04979
ghsl_5929,ghsl_5929_cell_04980
ghsl_5929,ghsl_5929_cell_04981
ghsl_5929,ghsl_5929_cell_04982
ghsl_5929,ghsl_5929_cell_04983
ghsl_5929,ghsl_5929_cell_04984
ghsl_5929,ghsl_5929_cell_04985
ghsl_5929,ghsl_5929_cell_04986
ghsl_5929,ghsl_5929_cell_04987
ghsl_5929,ghsl_5929_cell_04988
ghsl_5929,ghsl_5929_cell_04989
ghsl_5929,ghsl_5929_cell_04990
ghsl_5929,ghsl_5929_cell_04991
ghsl_5929,ghsl_5929_cell_04992
ghsl_5929,ghsl_5929_cell_04993
ghsl_5929,ghsl_5929_cell_04994
ghsl_5929,ghsl_5929_cell_04995
ghsl_5929,ghsl_5929_cell_04996
ghsl_5929,ghsl_5929_cell_04997
ghsl_5929,ghsl_5929_cell_04998
ghsl_5929,ghsl_5929_cell_04999
ghsl_5929,ghsl_5929_cell_05000
ghsl_5929,ghsl_5929_cell_05001
ghsl_5929,ghsl_5929_cell_05002
ghsl_5929,ghsl_5929_cell_05003
ghsl_5929,ghsl_5929_cell_05004
ghsl_5929,ghsl_5929_cell_05005
ghsl_5929,ghsl_5929_cell_05006
ghsl_5929,ghsl_5929_cell_05007
ghsl_5929,ghsl_5929_cell_05008
ghsl_5929,ghsl_5929_cell_05009
ghsl_5929,ghsl_5929_cell_05010
ghsl_5929,ghsl_5929_cell_05011
ghsl_5929,ghsl_5929_cell_05012
ghsl_5929,ghsl_5929_cell_05013
ghsl_5929,ghsl_5929_cell_05014
ghsl_5929,ghsl_5929_cell_05015
ghsl_5929,ghsl_5929_cell_05016
ghsl_5929,ghsl_5929_cell_05017
ghsl_5929,ghsl_5929_cell_05018
ghsl_5929,ghsl_5929_cell_05019
ghsl_5929,ghsl_5929_cell_05020
ghsl_5929,ghsl_5929_cell_05021
ghsl_5929,ghsl_5929_cell_05022
ghsl_5929,ghsl_5929_cell_05023
ghsl_5929,ghsl_5929_cell_05024
ghsl_5929,ghsl_5929_cell_05025
ghsl_5929,ghsl_5929_cell_05026
ghsl_5929,ghsl_5929_cell_05027
ghsl_5929,ghsl_5929_cell_05028
ghsl_5929,ghsl_5929_cell_05029
ghsl_5929,ghsl_5929_cell_05030
ghsl_5929,ghsl_5929_cell_05031
ghsl_5929,ghsl_5929_cell_05032
ghsl_5929,ghsl_5929_cell_05033
ghsl_5929,ghsl_5929_cell_05034
ghsl_5929,ghsl_5929_cell_05035
ghsl_5929,ghsl_5929_cell_05036
ghsl_5929,ghsl_5929_cell_05037
ghsl_5929,ghsl_5929_cell_05038
ghsl_5929,ghsl_5929_cell_05039
ghsl_5929,ghsl_5929_cell_05040
ghsl_5929,ghsl_5929_cell_05041
ghsl_5929,ghsl_5929_cell_05042
ghsl_5929,ghsl_5929_cell_05043
ghsl_5929,ghsl_5929_cell_05044
ghsl_5929,ghsl_5929_cell_05045
ghsl_5929,ghsl_5929_cell_05046
ghsl_5929,ghsl_5929_cell_05047
ghsl_5929,ghsl_5929_cell_05048
ghsl_5929,ghsl_5929_cell_05049
ghsl_5929,ghsl_5929_cell_05050
ghsl_5929,ghsl_5929_cell_05051
ghsl_5929,ghsl_5929_cell_05052
ghsl_5929,ghsl_5929_cell_05053
ghsl_5929,ghsl_5929_cell_05054
ghsl_5929,ghsl_5929_cell_05055
ghsl_5929,ghsl_5929_cell_05056
ghsl_5929,ghsl_5929_cell_05057
ghsl_5929,ghsl_5929_cell_05058
ghsl_5929,ghsl_5929_cell_05059
ghsl_5929,ghsl_5929_cell_05060
ghsl_5929,ghsl_5929_cell_05061
ghsl_5929,ghsl_5929_cell_05062
ghsl_5929,ghsl_5929_cell_05063
ghsl_5929,ghsl_5929_cell_05064
ghsl_5929,ghsl_5929_cell_05065
ghsl_5929,ghsl_5929_cell_05066
ghsl_5929,ghsl_5929_cell_05067
ghsl_5929,ghsl_5929_cell_05068
ghsl_5929,ghsl_5929_cell_05069
ghsl_5929,ghsl_5929_cell_05070
ghsl_5929,ghsl_5929_cell_05071
ghsl_5929,ghsl_5929_cell_05072
ghsl_5929,ghsl_5929_cell_05073
ghsl_5929,ghsl_5929_cell_05074
ghsl_5929,ghsl_5929_cell_05075
ghsl_5929,ghsl_5929_cell_05076
ghsl_5929,ghsl_5929_cell_05077
ghsl_5929,ghsl_5929_cell_05078
ghsl_5929,ghsl_5929_cell_05079
ghsl_5929,ghsl_5929_cell_05080
ghsl_5929,ghsl_5929_cell_05081
ghsl_5929,ghsl_5929_cell_05082
ghsl_5929,ghsl_5929_cell_05083
ghsl_5929,ghsl_5929_cell_05084
ghsl_5929,ghsl_5929_cell_05085
ghsl_5929,ghsl_5929_cell_05086
ghsl_5929,ghsl_5929_cell_05087
ghsl_5929,ghsl_5929_cell_05088
ghsl_5929,ghsl_5929_cell_05089
ghsl_5929,ghsl_5929_cell_05090
ghsl_5929,ghsl_5929_cell_05091
ghsl_5929,ghsl_5929_cell_05092
ghsl_5929,ghsl_5929_cell_05093
ghsl_5929,ghsl_5929_cell_05094
ghsl_5929,ghsl_5929_cell_05095
ghsl_5929,ghsl_5929_cell_05096
ghsl_5929,ghsl_5929_cell_05097
ghsl_5929,ghsl_5929_cell_05098
ghsl_5929,ghsl_5929_cell_05099
ghsl_5929,ghsl_5929_cell_05100
ghsl_5929,ghsl_5929_cell_05101
ghsl_5929,ghsl_5929_cell_05102
ghsl_5929,ghsl_5929_cell_05103
ghsl_5929,ghsl_5929_cell_05104
ghsl_5929,ghsl_5929_cell_05105
ghsl_5929,ghsl_5929_cell_05106
ghsl_5929,ghsl_5929_cell_05107
ghsl_5929,ghsl_5929_cell_05108
ghsl_5929,ghsl_5929_cell_05109
ghsl_5929,ghsl_5929_cell_05110
ghsl_5929,ghsl_5929_cell_05111
ghsl_5929,ghsl_5929_cell_05112
ghsl_5929,ghsl_5929_cell_05113
ghsl_5929,ghsl_5929_cell_05114
ghsl_5929,ghsl_5929_cell_05115
ghsl_5929,ghsl_5929_cell_05116
ghsl_5929,ghsl_5929_cell_05117
ghsl_5929,ghsl_5929_cell_05118
ghsl_5929,ghsl_5929_cell_05119
ghsl_5929,ghsl_5929_cell_05120
ghsl_5929,ghsl_5929_cell_05121
ghsl_5929,ghsl_5929_cell_05122
ghsl_5929,ghsl_5929_cell_05123
ghsl_5929,ghsl_5929_cell_05124
ghsl_5929,ghsl_5929_cell_05125
ghsl_5929,ghsl_5929_cell_05126
ghsl_5929,ghsl_5929_cell_05127
ghsl_5929,ghsl_5929_cell_05128
ghsl_5929,ghsl_5929_cell_05129
ghsl_5929,ghsl_5929_cell_05130
ghsl_5929,ghsl_5929_cell_05131
ghsl_5929,ghsl_5929_cell_05132
ghsl_5929,ghsl_5929_cell_05133
ghsl_5929,ghsl_5929_cell_05134
ghsl_5929,ghsl_5929_cell_05135
ghsl_5929,ghsl_5929_cell_05136
ghsl_5929,ghsl_5929_cell_05137
ghsl_5929,ghsl_5929_cell_05138
ghsl_5929,ghsl_5929_cell_05139
ghsl_5929,ghsl_5929_cell_05140
ghsl_5929,ghsl_5929_cell_05141
ghsl_5929,ghsl_5929_cell_05142
ghsl_5929,ghsl_5929_cell_05143
ghsl_5929,ghsl_5929_cell_05144
ghsl_5929,ghsl_5929_cell_05145
ghsl_5929,ghsl_5929_cell_05146
ghsl_5929,ghsl_5929_cell_05147
ghsl_5929,ghsl_5929_cell_05148
ghsl_5929,ghsl_5929_cell_05149
ghsl_5929,ghsl_5929_cell_05150
ghsl_5929,ghsl_5929_cell_05151
ghsl_5929,ghsl_5929_cell_05152
ghsl_5929,ghsl_5929_cell_05153
ghsl_5929,ghsl_5929_cell_05154
ghsl_5929,ghsl_5929_cell_05155
ghsl_5929,ghsl_5929_cell_05156
ghsl_5929,ghsl_5929_cell_05157
ghsl_5929,ghsl_5929_cell_05158
ghsl_5929,ghsl_5929_cell_05159
ghsl_5929,ghsl_5929_cell_05160
ghsl_5929,ghsl_5929_cell_05161
ghsl_5929,ghsl_5929_cell_05162
ghsl_5929,ghsl_5929_cell_05163
ghsl_5929,ghsl_5929_cell_05164
ghsl_178,ghsl_178_cell_00000
ghsl_178,ghsl_178_cell_00001
ghsl_178,ghsl_178_cell_00002
ghsl_178,ghsl_178_cell_00003
ghsl_178,ghsl_178_cell_00004
ghsl_178,ghsl_178_cell_00005
ghsl_178,ghsl_178_cell_00006
ghsl_178,ghsl_178_cell_00007
ghsl_178,ghsl_178_cell_00008
ghsl_178,ghsl_178_cell_00009
ghsl_178,ghsl_178_cell_00010
ghsl_178,ghsl_178_cell_00011
ghsl_178,ghsl_178_cell_00012
ghsl_178,ghsl_178_cell_00013
ghsl_178,ghsl_178_cell_00014
ghsl_178,ghsl_178_cell_00015
ghsl_178,ghsl_178_cell_00016
ghsl_178,ghsl_178_cell_00017
ghsl_178,ghsl_178_cell_00018
ghsl_178,ghsl_178_cell_00019
ghsl_178,ghsl_178_cell_00020
ghsl_178,ghsl_178_cell_00021
ghsl_178,ghsl_178_cell_00022
ghsl_178,ghsl_178_cell_00023
ghsl_178,ghsl_178_cell_00024
ghsl_178,ghsl_178_cell_00025
ghsl_178,ghsl_178_cell_00026
ghsl_178,ghsl_178_cell_00027
ghsl_178,ghsl_178_cell_00028
ghsl_178,ghsl_178_cell_00029
ghsl_178,ghsl_178_cell_00030
ghsl_178,ghsl_178_cell_00031
ghsl_178,ghsl_178_cell_00032
ghsl_178,ghsl_178_cell_00033
ghsl_178,ghsl_178_cell_00034
ghsl_178,ghsl_178_cell_00035
ghsl_178,ghsl_178_cell_00036
ghsl_178,ghsl_178_cell_00037
ghsl_178,ghsl_178_cell_00038
ghsl_178,ghsl_178_cell_00039
ghsl_178,ghsl_178_cell_00040
ghsl_178,ghsl_178_cell_00041
ghsl_178,ghsl_178_cell_00042
ghsl_178,ghsl_178_cell_00043
ghsl_178,ghsl_178_cell_00044
ghsl_178,ghsl_178_cell_00045
ghsl_178,ghsl_178_cell_00046
ghsl_178,ghsl_178_cell_00047
ghsl_178,ghsl_178_cell_00048
ghsl_178,ghsl_178_cell_00049
ghsl_178,ghsl_178_cell_00050
ghsl_178,ghsl_178_cell_00051
ghsl_178,ghsl_178_cell_00052
ghsl_178,ghsl_178_cell_00053
ghsl_178,ghsl_178_cell_00054
ghsl_178,ghsl_178_cell_00055
ghsl_178,ghsl_178_cell_00056
ghsl_178,ghsl_178_cell_00057
ghsl_178,ghsl_178_cell_00058
ghsl_178,ghsl_178_cell_00059
ghsl_178,ghsl_178_cell_00060
ghsl_178,ghsl_178_cell_00061
ghsl_178,ghsl_178_cell_00062
ghsl_178,ghsl_178_cell_00063
ghsl_178,ghsl_178_cell_00064
ghsl_178,ghsl_178_cell_00065
ghsl_178,ghsl_178_cell_00066
ghsl_178,ghsl_178_cell_00067
ghsl_178,ghsl_178_cell_00068
ghsl_178,ghsl_178_cell_00069
ghsl_178,ghsl_178_cell_00070
ghsl_178,ghsl_178_cell_00071
ghsl_178,ghsl_178_cell_00072
ghsl_178,ghsl_178_cell_00073
ghsl_178,ghsl_178_cell_00074
ghsl_178,ghsl_178_cell_00075
ghsl_178,ghsl_178_cell_00076
ghsl_178,ghsl_178_cell_00077
ghsl_178,ghsl_178_cell_00078
ghsl_178,ghsl_178_cell_00079
ghsl_178,ghsl_178_cell_00080
ghsl_178,ghsl_178_cell_00081
ghsl_178,ghsl_178_cell_00082
ghsl_178,ghsl_178_cell_00083
ghsl_178,ghsl_178_cell_00084
ghsl_178,ghsl_178_cell_00085
ghsl_178,ghsl_178_cell_00086
ghsl_178,ghsl_178_cell_00087
ghsl_178,ghsl_178_cell_00088
ghsl_178,ghsl_178_cell_00089
ghsl_178,ghsl_178_cell_00090
ghsl_178,ghsl_178_cell_00091
ghsl_178,ghsl_178_cell_00092
ghsl_178,ghsl_178_cell_00093
ghsl_178,ghsl_178_cell_00094
ghsl_178,ghsl_178_cell_00095
ghsl_178,ghsl_178_cell_00096
ghsl_178,ghsl_178_cell_00097
ghsl_178,ghsl_178_cell_00098
ghsl_178,ghsl_178_cell_00099
ghsl_178,ghsl_178_cell_00100
ghsl_178,ghsl_178_cell_00101
ghsl_178,ghsl_178_cell_00102
ghsl_178,ghsl_178_cell_00103
ghsl_178,ghsl_178_cell_00104
ghsl_178,ghsl_178_cell_00105
ghsl_178,ghsl_178_cell_00106
ghsl_178,ghsl_178_cell_00107
ghsl_178,ghsl_178_cell_00108
ghsl_178,ghsl_178_cell_00109
ghsl_178,ghsl_178_cell_00110
ghsl_178,ghsl_178_cell_00111
ghsl_178,ghsl_178_cell_00112
ghsl_178,ghsl_178_cell_00113
ghsl_178,ghsl_178_cell_00114
ghsl_178,ghsl_178_cell_00115
ghsl_178,ghsl_178_cell_00116
ghsl_178,ghsl_178_cell_00117
ghsl_178,ghsl_178_cell_00118
ghsl_178,ghsl_178_cell_00119
ghsl_178,ghsl_178_cell_00120
ghsl_178,ghsl_178_cell_00121
ghsl_178,ghsl_178_cell_00122
ghsl_178,ghsl_178_cell_00123
ghsl_178,ghsl_178_cell_00124
ghsl_178,ghsl_178_cell_00125
ghsl_178,ghsl_178_cell_00126
ghsl_178,ghsl_178_cell_00127
ghsl_178,ghsl_178_cell_00128
ghsl_178,ghsl_178_cell_00129
ghsl_178,ghsl_178_cell_00130
ghsl_178,ghsl_178_cell_00131
ghsl_178,ghsl_178_cell_00132
ghsl_178,ghsl_178_cell_00133
ghsl_178,ghsl_178_cell_00134
ghsl_178,ghsl_178_cell_00135
ghsl_178,ghsl_178_cell_00136
ghsl_178,ghsl_178_cell_00137
ghsl_178,ghsl_178_cell_00138
ghsl_178,ghsl_178_cell_00139
ghsl_178,ghsl_178_cell_00140
ghsl_178,ghsl_178_cell_00141
ghsl_178,ghsl_178_cell_00142
ghsl_178,ghsl_178_cell_00143
ghsl_178,ghsl_178_cell_00144
ghsl_178,ghsl_178_cell_00145
ghsl_178,ghsl_178_cell_00146
ghsl_178,ghsl_178_cell_00147
ghsl_178,ghsl_178_cell_00148
ghsl_178,ghsl_178_cell_00149
ghsl_178,ghsl_178_cell_00150
ghsl_178,ghsl_178_cell_00151
ghsl_178,ghsl_178_cell_00152
ghsl_178,ghsl_178_cell_00153
ghsl_178,ghsl_178_cell_00154
ghsl_178,ghsl_178_cell_00155
ghsl_178,ghsl_178_cell_00156
ghsl_178,ghsl_178_cell_00157
ghsl_178,ghsl_178_cell_00158
ghsl_178,ghsl_178_cell_00159
ghsl_178,ghsl_178_cell_00160
ghsl_178,ghsl_178_cell_00161
ghsl_178,ghsl_178_cell_00162
ghsl_178,ghsl_178_cell_00163
ghsl_178,ghsl_178_cell_00164
ghsl_178,ghsl_178_cell_00165
ghsl_178,ghsl_178_cell_00166
ghsl_178,ghsl_178_cell_00167
ghsl_178,ghsl_178_cell_00168
ghsl_178,ghsl_178_cell_00169
ghsl_178,ghsl_178_cell_00170
ghsl_178,ghsl_178_cell_00171
ghsl_178,ghsl_178_cell_00172
ghsl_178,ghsl_178_cell_00173
ghsl_178,ghsl_178_cell_00174
ghsl_178,ghsl_178_cell_00175
ghsl_178,ghsl_178_cell_00176
ghsl_178,ghsl_178_cell_00177
ghsl_178,ghsl_178_cell_00178
ghsl_178,ghsl_178_cell_00179
ghsl_178,ghsl_178_cell_00180
ghsl_178,ghsl_178_cell_00181
ghsl_178,ghsl_178_cell_00182
ghsl_178,ghsl_178_cell_00183
ghsl_178,ghsl_178_cell_00184
ghsl_178,ghsl_178_cell_00185
ghsl_178,ghsl_178_cell_00186
ghsl_178,ghsl_178_cell_00187
ghsl_178,ghsl_178_cell_00188
ghsl_178,ghsl_178_cell_00189
ghsl_178,ghsl_178_cell_00190
ghsl_178,ghsl_178_cell_00191
ghsl_178,ghsl_178_cell_00192
ghsl_178,ghsl_178_cell_00193
ghsl_178,ghsl_178_cell_00194
ghsl_178,ghsl_178_cell_00195
ghsl_178,ghsl_178_cell_00196
ghsl_178,ghsl_178_cell_00197
ghsl_178,ghsl_178_cell_00198
ghsl_178,ghsl_178_cell_00199
ghsl_178,ghsl_178_cell_00200
ghsl_178,ghsl_178_cell_00201
ghsl_178,ghsl_178_cell_00202
ghsl_178,ghsl_178_cell_00203
ghsl_178,ghsl_178_cell_00204
ghsl_178,ghsl_178_cell_00205
ghsl_178,ghsl_178_cell_00206
ghsl_178,ghsl_178_cell_00207
ghsl_178,ghsl_178_cell_00208
ghsl_178,ghsl_178_cell_00209
ghsl_178,ghsl_178_cell_00210
ghsl_178,ghsl_178_cell_00211
ghsl_178,ghsl_178_cell_00212
ghsl_178,ghsl_178_cell_00213
ghsl_178,ghsl_178_cell_00214
ghsl_178,ghsl_178_cell_00215
ghsl_178,ghsl_178_cell_00216
ghsl_178,ghsl_178_cell_00217
ghsl_178,ghsl_178_cell_00218
ghsl_178,ghsl_178_cell_00219
ghsl_178,ghsl_178_cell_00220
ghsl_178,ghsl_178_cell_00221
ghsl_178,ghsl_178_cell_00222
ghsl_178,ghsl_178_cell_00223
ghsl_178,ghsl_178_cell_00224
ghsl_178,ghsl_178_cell_00225
ghsl_178,ghsl_178_cell_00226
ghsl_178,ghsl_178_cell_00227
ghsl_178,ghsl_178_cell_00228
ghsl_178,ghsl_178_cell_00229
ghsl_178,ghsl_178_cell_00230
ghsl_178,ghsl_178_cell_00231
ghsl_178,ghsl_178_cell_00232
ghsl_178,ghsl_178_cell_00233
ghsl_178,ghsl_178_cell_00234
ghsl_178,ghsl_178_cell_00235
ghsl_178,ghsl_178_cell_00236
ghsl_178,ghsl_178_cell_00237
ghsl_178,ghsl_178_cell_00238
ghsl_178,ghsl_178_cell_00239
ghsl_178,ghsl_178_cell_00240
ghsl_178,ghsl_178_cell_00241
ghsl_178,ghsl_178_cell_00242
ghsl_178,ghsl_178_cell_00243
ghsl_178,ghsl_178_cell_00244
ghsl_178,ghsl_178_cell_00245
ghsl_178,ghsl_178_cell_00246
ghsl_178,ghsl_178_cell_00247
ghsl_178,ghsl_178_cell_00248
ghsl_178,ghsl_178_cell_00249
ghsl_178,ghsl_178_cell_00250
ghsl_178,ghsl_178_cell_00251
ghsl_178,ghsl_178_cell_00252
ghsl_178,ghsl_178_cell_00253
ghsl_178,ghsl_178_cell_00254
ghsl_178,ghsl_178_cell_00255
ghsl_178,ghsl_178_cell_00256
ghsl_178,ghsl_178_cell_00257
ghsl_178,ghsl_178_cell_00258
ghsl_178,ghsl_178_cell_00259
ghsl_178,ghsl_178_cell_00260
ghsl_178,ghsl_178_cell_00261
ghsl_178,ghsl_178_cell_00262
ghsl_178,ghsl_178_cell_00263
ghsl_178,ghsl_178_cell_00264
ghsl_178,ghsl_178_cell_00265
ghsl_178,ghsl_178_cell_00266
ghsl_178,ghsl_178_cell_00267
ghsl_178,ghsl_178_cell_00268
ghsl_178,ghsl_178_cell_00269
ghsl_178,ghsl_178_cell_00270
ghsl_178,ghsl_178_cell_00271
ghsl_178,ghsl_178_cell_00272
ghsl_178,ghsl_178_cell_00273
ghsl_178,ghsl_178_cell_00274
ghsl_178,ghsl_178_cell_00275
ghsl_178,ghsl_178_cell_00276
ghsl_178,ghsl_178_cell_00277
ghsl_178,ghsl_178_cell_00278
ghsl_178,ghsl_178_cell_00279
ghsl_178,ghsl_178_cell_00280
ghsl_178,ghsl_178_cell_00281
ghsl_178,ghsl_178_cell_00282
ghsl_178,ghsl_178_cell_00283
ghsl_178,ghsl_178_cell_00284
ghsl_178,ghsl_178_cell_00285
ghsl_178,ghsl_178_cell_00286
ghsl_178,ghsl_178_cell_00287
ghsl_178,ghsl_178_cell_00288
ghsl_178,ghsl_178_cell_00289
ghsl_178,ghsl_178_cell_00290
ghsl_178,ghsl_178_cell_00291
ghsl_178,ghsl_178_cell_00292
ghsl_178,ghsl_178_cell_00293
ghsl_178,ghsl_178_cell_00294
ghsl_178,ghsl_178_cell_00295
ghsl_178,ghsl_178_cell_00296
ghsl_178,ghsl_178_cell_00297
ghsl_178,ghsl_178_cell_00298
ghsl_178,ghsl_178_cell_00299
ghsl_178,ghsl_178_cell_00300
ghsl_178,ghsl_178_cell_00301
ghsl_178,ghsl_178_cell_00302
ghsl_178,ghsl_178_cell_00303
ghsl_178,ghsl_178_cell_00304
ghsl_178,ghsl_178_cell_00305
ghsl_178,ghsl_178_cell_00306
ghsl_178,ghsl_178_cell_00307
ghsl_178,ghsl_178_cell_00308
ghsl_178,ghsl_178_cell_00309
ghsl_178,ghsl_178_cell_00310
ghsl_178,ghsl_178_cell_00311
ghsl_178,ghsl_178_cell_00312
ghsl_178,ghsl_178_cell_00313
ghsl_178,ghsl_178_cell_00314
ghsl_178,ghsl_178_cell_00315
ghsl_178,ghsl_178_cell_00316
ghsl_178,ghsl_178_cell_00317
ghsl_178,ghsl_178_cell_00318
ghsl_178,ghsl_178_cell_00319
ghsl_178,ghsl_178_cell_00320
ghsl_178,ghsl_178_cell_00321
ghsl_178,ghsl_178_cell_00322
ghsl_178,ghsl_178_cell_00323
ghsl_178,ghsl_178_cell_00324
ghsl_178,ghsl_178_cell_00325
ghsl_178,ghsl_178_cell_00326
ghsl_178,ghsl_178_cell_00327
ghsl_178,ghsl_178_cell_00328
ghsl_178,ghsl_178_cell_00329
ghsl_178,ghsl_178_cell_00330
ghsl_178,ghsl_178_cell_00331
ghsl_178,ghsl_178_cell_00332
ghsl_178,ghsl_178_cell_00333
ghsl_178,ghsl_178_cell_00334
ghsl_178,ghsl_178_cell_00335
ghsl_178,ghsl_178_cell_00336
ghsl_178,ghsl_178_cell_00337
ghsl_178,ghsl_178_cell_00338
ghsl_178,ghsl_178_cell_00339
ghsl_178,ghsl_178_cell_00340
ghsl_178,ghsl_178_cell_00341
ghsl_178,ghsl_178_cell_00342
ghsl_178,ghsl_178_cell_00343
ghsl_178,ghsl_178_cell_00344
ghsl_178,ghsl_178_cell_00345
ghsl_178,ghsl_178_cell_00346
ghsl_178,ghsl_178_cell_00347
ghsl_178,ghsl_178_cell_00348
ghsl_178,ghsl_178_cell_00349
ghsl_178,ghsl_178_cell_00350
ghsl_178,ghsl_178_cell_00351
ghsl_178,ghsl_178_cell_00352
ghsl_178,ghsl_178_cell_00353
ghsl_178,ghsl_178_cell_00354
ghsl_178,ghsl_178_cell_00355
ghsl_178,ghsl_178_cell_00356
ghsl_178,ghsl_178_cell_00357
ghsl_178,ghsl_178_cell_00358
ghsl_178,ghsl_178_cell_00359
ghsl_178,ghsl_178_cell_00360
ghsl_178,ghsl_178_cell_00361
ghsl_178,ghsl_178_cell_00362
ghsl_178,ghsl_178_cell_00363
ghsl_178,ghsl_178_cell_00364
ghsl_178,ghsl_178_cell_00365
ghsl_178,ghsl_178_cell_00366
ghsl_178,ghsl_178_cell_00367
ghsl_178,ghsl_178_cell_00368
ghsl_178,ghsl_178_cell_00369
ghsl_178,ghsl_178_cell_00370
ghsl_178,ghsl_178_cell_00371
ghsl_178,ghsl_178_cell_00372
ghsl_178,ghsl_178_cell_00373
ghsl_178,ghsl_178_cell_00374
ghsl_178,ghsl_178_cell_00375
ghsl_178,ghsl_178_cell_00376
ghsl_178,ghsl_178_cell_00377
ghsl_178,ghsl_178_cell_00378
ghsl_178,ghsl_178_cell_00379
ghsl_178,ghsl_178_cell_00380
ghsl_178,ghsl_178_cell_00381
ghsl_178,ghsl_178_cell_00382
ghsl_178,ghsl_178_cell_00383
ghsl_178,ghsl_178_cell_00384
ghsl_178,ghsl_178_cell_00385
ghsl_178,ghsl_178_cell_00386
ghsl_178,ghsl_178_cell_00387
ghsl_178,ghsl_178_cell_00388
ghsl_178,ghsl_178_cell_00389
ghsl_178,ghsl_178_cell_00390
ghsl_178,ghsl_178_cell_00391
ghsl_178,ghsl_178_cell_00392
ghsl_178,ghsl_178_cell_00393
ghsl_178,ghsl_178_cell_00394
ghsl_178,ghsl_178_cell_00395
ghsl_178,ghsl_178_cell_00396
ghsl_178,ghsl_178_cell_00397
ghsl_178,ghsl_178_cell_00398
ghsl_178,ghsl_178_cell_00399
ghsl_178,ghsl_178_cell_00400
ghsl_178,ghsl_178_cell_00401
ghsl_178,ghsl_178_cell_00402
ghsl_178,ghsl_178_cell_00403
ghsl_178,ghsl_178_cell_00404
ghsl_178,ghsl_178_cell_00405
ghsl_178,ghsl_178_cell_00406
ghsl_178,ghsl_178_cell_00407
ghsl_178,ghsl_178_cell_00408
ghsl_178,ghsl_178_cell_00409
ghsl_178,ghsl_178_cell_00410
ghsl_178,ghsl_178_cell_00411
ghsl_178,ghsl_178_cell_00412
ghsl_178,ghsl_178_cell_00413
ghsl_178,ghsl_178_cell_00414
ghsl_178,ghsl_178_cell_00415
ghsl_178,ghsl_178_cell_00416
ghsl_178,ghsl_178_cell_00417
ghsl_178,ghsl_178_cell_00418
ghsl_178,ghsl_178_cell_00419
ghsl_178,ghsl_178_cell_00420
ghsl_178,ghsl_178_cell_00421
ghsl_178,ghsl_178_cell_00422
ghsl_178,ghsl_178_cell_00423
ghsl_178,ghsl_178_cell_00424
ghsl_178,ghsl_178_cell_00425
ghsl_178,ghsl_178_cell_00426
ghsl_178,ghsl_178_cell_00427
ghsl_178,ghsl_178_cell_00428
ghsl_178,ghsl_178_cell_00429
ghsl_178,ghsl_178_cell_00430
ghsl_178,ghsl_178_cell_00431
ghsl_178,ghsl_178_cell_00432
ghsl_178,ghsl_178_cell_00433
ghsl_178,ghsl_178_cell_00434
ghsl_178,ghsl_178_cell_00435
ghsl_178,ghsl_178_cell_00436
ghsl_178,ghsl_178_cell_00437
ghsl_698,ghsl_698_cell_00000
ghsl_698,ghsl_698_cell_00001
ghsl_698,ghsl_698_cell_00002
ghsl_698,ghsl_698_cell_00003
ghsl_698,ghsl_698_cell_00004
ghsl_698,ghsl_698_cell_00005
ghsl_698,ghsl_698_cell_00006
ghsl_698,ghsl_698_cell_00007
ghsl_698,ghsl_698_cell_00008
ghsl_698,ghsl_698_cell_00009
ghsl_698,ghsl_698_cell_00010
ghsl_698,ghsl_698_cell_00011
ghsl_698,ghsl_698_cell_00012
ghsl_698,ghsl_698_cell_00013
ghsl_698,ghsl_698_cell_00014
ghsl_698,ghsl_698_cell_00015
ghsl_698,ghsl_698_cell_00016
ghsl_698,ghsl_698_cell_00017
ghsl_698,ghsl_698_cell_00018
ghsl_698,ghsl_698_cell_00019
ghsl_698,ghsl_698_cell_00020
ghsl_698,ghsl_698_cell_00021
ghsl_698,ghsl_698_cell_00022
ghsl_698,ghsl_698_cell_00023
ghsl_698,ghsl_698_cell_00024
ghsl_698,ghsl_698_cell_00025
ghsl_698,ghsl_698_cell_00026
ghsl_698,ghsl_698_cell_00027
ghsl_698,ghsl_698_cell_00028
ghsl_698,ghsl_698_cell_00029
ghsl_698,ghsl_698_cell_00030
ghsl_698,ghsl_698_cell_00031
ghsl_698,ghsl_698_cell_00032
ghsl_698,ghsl_698_cell_00033
ghsl_698,ghsl_698_cell_00034
ghsl_698,ghsl_698_cell_00035
ghsl_698,ghsl_698_cell_00036
ghsl_698,ghsl_698_cell_00037
ghsl_698,ghsl_698_cell_00038
ghsl_698,ghsl_698_cell_00039
ghsl_698,ghsl_698_cell_00040
ghsl_698,ghsl_698_cell_00041
ghsl_698,ghsl_698_cell_00042
ghsl_698,ghsl_698_cell_00043
ghsl_698,ghsl_698_cell_00044
ghsl_698,ghsl_698_cell_00045
ghsl_698,ghsl_698_cell_00046
ghsl_698,ghsl_698_cell_00047
ghsl_698,ghsl_698_cell_00048
ghsl_698,ghsl_698_cell_00049
ghsl_698,ghsl_698_cell_00050
ghsl_698,ghsl_698_cell_00051
ghsl_698,ghsl_698_cell_00052
ghsl_698,ghsl_698_cell_00053
ghsl_698,ghsl_698_cell_00054
ghsl_698,ghsl_698_cell_00055
ghsl_698,ghsl_698_cell_00056
ghsl_698,ghsl_698_cell_00057
ghsl_698,ghsl_698_cell_00058
ghsl_698,ghsl_698_cell_00059
ghsl_698,ghsl_698_cell_00060
ghsl_698,ghsl_698_cell_00061
ghsl_698,ghsl_698_cell_00062
ghsl_698,ghsl_698_cell_00063
ghsl_698,ghsl_698_cell_00064
ghsl_698,ghsl_698_cell_00065
ghsl_698,ghsl_698_cell_00066
ghsl_698,ghsl_698_cell_00067
ghsl_698,ghsl_698_cell_00068
ghsl_698,ghsl_698_cell_00069
ghsl_698,ghsl_698_cell_00070
ghsl_698,ghsl_698_cell_00071
ghsl_698,ghsl_698_cell_00072
ghsl_698,ghsl_698_cell_00073
ghsl_698,ghsl_698_cell_00074
ghsl_698,ghsl_698_cell_00075
ghsl_698,ghsl_698_cell_00076
ghsl_698,ghsl_698_cell_00077
ghsl_698,ghsl_698_cell_00078
ghsl_698,ghsl_698_cell_00079
ghsl_698,ghsl_698_cell_00080
ghsl_698,ghsl_698_cell_00081
ghsl_698,ghsl_698_cell_00082
ghsl_698,ghsl_698_cell_00083
ghsl_698,ghsl_698_cell_00084
ghsl_698,ghsl_698_cell_00085
ghsl_698,ghsl_698_cell_00086
ghsl_698,ghsl_698_cell_00087
ghsl_698,ghsl_698_cell_00088
ghsl_698,ghsl_698_cell_00089
ghsl_698,ghsl_698_cell_00090
ghsl_698,ghsl_698_cell_00091
ghsl_698,ghsl_698_cell_00092
ghsl_698,ghsl_698_cell_00093
ghsl_698,ghsl_698_cell_00094
ghsl_698,ghsl_698_cell_00095
ghsl_698,ghsl_698_cell_00096
ghsl_698,ghsl_698_cell_00097
ghsl_698,ghsl_698_cell_00098
ghsl_698,ghsl_698_cell_00099
ghsl_698,ghsl_698_cell_00100
ghsl_698,ghsl_698_cell_00101
ghsl_698,ghsl_698_cell_00102
ghsl_698,ghsl_698_cell_00103
ghsl_698,ghsl_698_cell_00104
ghsl_698,ghsl_698_cell_00105
ghsl_698,ghsl_698_cell_00106
ghsl_698,ghsl_698_cell_00107
ghsl_698,ghsl_698_cell_00108
ghsl_698,ghsl_698_cell_00109
ghsl_698,ghsl_698_cell_00110
ghsl_698,ghsl_698_cell_00111
ghsl_698,ghsl_698_cell_00112
ghsl_698,ghsl_698_cell_00113
ghsl_698,ghsl_698_cell_00114
ghsl_698,ghsl_698_cell_00115
ghsl_698,ghsl_698_cell_00116
ghsl_698,ghsl_698_cell_00117
ghsl_698,ghsl_698_cell_00118
ghsl_698,ghsl_698_cell_00119
ghsl_698,ghsl_698_cell_00120
ghsl_698,ghsl_698_cell_00121
ghsl_698,ghsl_698_cell_00122
ghsl_698,ghsl_698_cell_00123
ghsl_698,ghsl_698_cell_00124
ghsl_698,ghsl_698_cell_00125
ghsl_698,ghsl_698_cell_00126
ghsl_698,ghsl_698_cell_00127
ghsl_698,ghsl_698_cell_00128
ghsl_698,ghsl_698_cell_00129
ghsl_698,ghsl_698_cell_00130
ghsl_698,ghsl_698_cell_00131
ghsl_698,ghsl_698_cell_00132
ghsl_698,ghsl_698_cell_00133
ghsl_698,ghsl_698_cell_00134
ghsl_698,ghsl_698_cell_00135
ghsl_698,ghsl_698_cell_00136
ghsl_698,ghsl_698_cell_00137
ghsl_698,ghsl_698_cell_00138
ghsl_698,ghsl_698_cell_00139
ghsl_698,ghsl_698_cell_00140
ghsl_698,ghsl_698_cell_00141
ghsl_698,ghsl_698_cell_00142
ghsl_698,ghsl_698_cell_00143
ghsl_698,ghsl_698_cell_00144
ghsl_698,ghsl_698_cell_00145
ghsl_698,ghsl_698_cell_00146
ghsl_698,ghsl_698_cell_00147
ghsl_698,ghsl_698_cell_00148
ghsl_698,ghsl_698_cell_00149
ghsl_698,ghsl_698_cell_00150
ghsl_698,ghsl_698_cell_00151
ghsl_698,ghsl_698_cell_00152
ghsl_698,ghsl_698_cell_00153
ghsl_698,ghsl_698_cell_00154
ghsl_698,ghsl_698_cell_00155
ghsl_698,ghsl_698_cell_00156
ghsl_698,ghsl_698_cell_00157
ghsl_698,ghsl_698_cell_00158
ghsl_698,ghsl_698_cell_00159
ghsl_698,ghsl_698_cell_00160
ghsl_698,ghsl_698_cell_00161
ghsl_698,ghsl_698_cell_00162
ghsl_698,ghsl_698_cell_00163
ghsl_698,ghsl_698_cell_00164
ghsl_698,ghsl_698_cell_00165
ghsl_698,ghsl_698_cell_00166
ghsl_698,ghsl_698_cell_00167
ghsl_698,ghsl_698_cell_00168
ghsl_698,ghsl_698_cell_00169
ghsl_698,ghsl_698_cell_00170
ghsl_698,ghsl_698_cell_00171
ghsl_698,ghsl_698_cell_00172
ghsl_698,ghsl_698_cell_00173
ghsl_698,ghsl_698_cell_00174
ghsl_698,ghsl_698_cell_00175
ghsl_698,ghsl_698_cell_00176
ghsl_698,ghsl_698_cell_00177
ghsl_698,ghsl_698_cell_00178
ghsl_698,ghsl_698_cell_00179
ghsl_698,ghsl_698_cell_00180
ghsl_698,ghsl_698_cell_00181
ghsl_698,ghsl_698_cell_00182
ghsl_698,ghsl_698_cell_00183
ghsl_698,ghsl_698_cell_00184
ghsl_698,ghsl_698_cell_00185
ghsl_698,ghsl_698_cell_00186
ghsl_698,ghsl_698_cell_00187
ghsl_698,ghsl_698_cell_00188
ghsl_698,ghsl_698_cell_00189
ghsl_698,ghsl_698_cell_00190
ghsl_698,ghsl_698_cell_00191
ghsl_698,ghsl_698_cell_00192
ghsl_698,ghsl_698_cell_00193
ghsl_698,ghsl_698_cell_00194
ghsl_698,ghsl_698_cell_00195
ghsl_698,ghsl_698_cell_00196
ghsl_698,ghsl_698_cell_00197
ghsl_698,ghsl_698_cell_00198
ghsl_698,ghsl_698_cell_00199
ghsl_698,ghsl_698_cell_00200
ghsl_698,ghsl_698_cell_00201
ghsl_698,ghsl_698_cell_00202
ghsl_698,ghsl_698_cell_00203
ghsl_698,ghsl_698_cell_00204
ghsl_698,ghsl_698_cell_00205
ghsl_698,ghsl_698_cell_00206
ghsl_698,ghsl_698_cell_00207
ghsl_698,ghsl_698_cell_00208
ghsl_698,ghsl_698_cell_00209
ghsl_698,ghsl_698_cell_00210
ghsl_698,ghsl_698_cell_00211
ghsl_698,ghsl_698_cell_00212
ghsl_698,ghsl_698_cell_00213
ghsl_698,ghsl_698_cell_00214
ghsl_698,ghsl_698_cell_00215
ghsl_698,ghsl_698_cell_00216
ghsl_698,ghsl_698_cell_00217
ghsl_698,ghsl_698_cell_00218
ghsl_698,ghsl_698_cell_00219
ghsl_698,ghsl_698_cell_00220
ghsl_698,ghsl_698_cell_00221
ghsl_698,ghsl_698_cell_00222
ghsl_698,ghsl_698_cell_00223
ghsl_698,ghsl_698_cell_00224
ghsl_698,ghsl_698_cell_00225
ghsl_698,ghsl_698_cell_00226
ghsl_698,ghsl_698_cell_00227
ghsl_698,ghsl_698_cell_00228
ghsl_698,ghsl_698_cell_00229
ghsl_698,ghsl_698_cell_00230
ghsl_698,ghsl_698_cell_00231
ghsl_698,ghsl_698_cell_00232
ghsl_698,ghsl_698_cell_00233
ghsl_698,ghsl_698_cell_00234
ghsl_698,ghsl_698_cell_00235
ghsl_698,ghsl_698_cell_00236
ghsl_698,ghsl_698_cell_00237
ghsl_698,ghsl_698_cell_00238
ghsl_698,ghsl_698_cell_00239
ghsl_698,ghsl_698_cell_00240
ghsl_698,ghsl_698_cell_00241
ghsl_698,ghsl_698_cell_00242
ghsl_698,ghsl_698_cell_00243
ghsl_698,ghsl_698_cell_00244
ghsl_698,ghsl_698_cell_00245
ghsl_698,ghsl_698_cell_00246
ghsl_698,ghsl_698_cell_00247
ghsl_698,ghsl_698_cell_00248
ghsl_698,ghsl_698_cell_00249
ghsl_698,ghsl_698_cell_00250
ghsl_698,ghsl_698_cell_00251
ghsl_698,ghsl_698_cell_00252
ghsl_698,ghsl_698_cell_00253
ghsl_698,ghsl_698_cell_00254
ghsl_698,ghsl_698_cell_00255
ghsl_698,ghsl_698_cell_00256
ghsl_698,ghsl_698_cell_00257
ghsl_698,ghsl_698_cell_00258
ghsl_698,ghsl_698_cell_00259
ghsl_698,ghsl_698_cell_00260
ghsl_698,ghsl_698_cell_00261
ghsl_698,ghsl_698_cell_00262
ghsl_698,ghsl_698_cell_00263
ghsl_698,ghsl_698_cell_00264
ghsl_698,ghsl_698_cell_00265
ghsl_698,ghsl_698_cell_00266
ghsl_698,ghsl_698_cell_00267
ghsl_698,ghsl_698_cell_00268
ghsl_698,ghsl_698_cell_00269
ghsl_698,ghsl_698_cell_00270
ghsl_698,ghsl_698_cell_00271
ghsl_698,ghsl_698_cell_00272
ghsl_698,ghsl_698_cell_00273
ghsl_698,ghsl_698_cell_00274
ghsl_698,ghsl_698_cell_00275
ghsl_698,ghsl_698_cell_00276
ghsl_698,ghsl_698_cell_00277
ghsl_698,ghsl_698_cell_00278
ghsl_698,ghsl_698_cell_00279
ghsl_698,ghsl_698_cell_00280
ghsl_698,ghsl_698_cell_00281
ghsl_698,ghsl_698_cell_00282
ghsl_698,ghsl_698_cell_00283
ghsl_698,ghsl_698_cell_00284
ghsl_698,ghsl_698_cell_00285
ghsl_698,ghsl_698_cell_00286
ghsl_698,ghsl_698_cell_00287
ghsl_698,ghsl_698_cell_00288
ghsl_698,ghsl_698_cell_00289
ghsl_698,ghsl_698_cell_00290
ghsl_698,ghsl_698_cell_00291
ghsl_698,ghsl_698_cell_00292
ghsl_698,ghsl_698_cell_00293
ghsl_698,ghsl_698_cell_00294
ghsl_698,ghsl_698_cell_00295
ghsl_698,ghsl_698_cell_00296
ghsl_698,ghsl_698_cell_00297
ghsl_698,ghsl_698_cell_00298
ghsl_698,ghsl_698_cell_00299
ghsl_698,ghsl_698_cell_00300
ghsl_698,ghsl_698_cell_00301
ghsl_1590,ghsl_1590_cell_00000
ghsl_1590,ghsl_1590_cell_00001
ghsl_1590,ghsl_1590_cell_00002
ghsl_1590,ghsl_1590_cell_00003
ghsl_1590,ghsl_1590_cell_00004
ghsl_1590,ghsl_1590_cell_00005
ghsl_1590,ghsl_1590_cell_00006
ghsl_1590,ghsl_1590_cell_00007
ghsl_1590,ghsl_1590_cell_00008
ghsl_1590,ghsl_1590_cell_00009
ghsl_1590,ghsl_1590_cell_00010
ghsl_1590,ghsl_1590_cell_00011
ghsl_1590,ghsl_1590_cell_00012
ghsl_1590,ghsl_1590_cell_00013
ghsl_1590,ghsl_1590_cell_00014
ghsl_1590,ghsl_1590_cell_00015
ghsl_1590,ghsl_1590_cell_00016
ghsl_1590,ghsl_1590_cell_00017
ghsl_1590,ghsl_1590_cell_00018
ghsl_1590,ghsl_1590_cell_00019
ghsl_1590,ghsl_1590_cell_00020
ghsl_1590,ghsl_1590_cell_00021
ghsl_1590,ghsl_1590_cell_00022
ghsl_1590,ghsl_1590_cell_00023
ghsl_1590,ghsl_1590_cell_00024
ghsl_1590,ghsl_1590_cell_00025
ghsl_1590,ghsl_1590_cell_00026
ghsl_1590,ghsl_1590_cell_00027
ghsl_1590,ghsl_1590_cell_00028
ghsl_1590,ghsl_1590_cell_00029
ghsl_1590,ghsl_1590_cell_00030
ghsl_1590,ghsl_1590_cell_00031
ghsl_1590,ghsl_1590_cell_00032
ghsl_1590,ghsl_1590_cell_00033
ghsl_1590,ghsl_1590_cell_00034
ghsl_1590,ghsl_1590_cell_00035
ghsl_1590,ghsl_1590_cell_00036
ghsl_1590,ghsl_1590_cell_00037
ghsl_1590,ghsl_1590_cell_00038
ghsl_1590,ghsl_1590_cell_00039
ghsl_1590,ghsl_1590_cell_00040
ghsl_1590,ghsl_1590_cell_00041
ghsl_1590,ghsl_1590_cell_00042
ghsl_1590,ghsl_1590_cell_00043
ghsl_1590,ghsl_1590_cell_00044
ghsl_1590,ghsl_1590_cell_00045
ghsl_1590,ghsl_1590_cell_00046
ghsl_1590,ghsl_1590_cell_00047
ghsl_1590,ghsl_1590_cell_00048
ghsl_1590,ghsl_1590_cell_00049
ghsl_1590,ghsl_1590_cell_00050
ghsl_1590,ghsl_1590_cell_00051
ghsl_1590,ghsl_1590_cell_00052
ghsl_1590,ghsl_1590_cell_00053
ghsl_1590,ghsl_1590_cell_00054
ghsl_1590,ghsl_1590_cell_00055
ghsl_1590,ghsl_1590_cell_00056
ghsl_1590,ghsl_1590_cell_00057
ghsl_1590,ghsl_1590_cell_00058
ghsl_1590,ghsl_1590_cell_00059
ghsl_1590,ghsl_1590_cell_00060
ghsl_1590,ghsl_1590_cell_00061
ghsl_1590,ghsl_1590_cell_00062
ghsl_1590,ghsl_1590_cell_00063
ghsl_1590,ghsl_1590_cell_00064
ghsl_1590,ghsl_1590_cell_00065
ghsl_1590,ghsl_1590_cell_00066
ghsl_1590,ghsl_1590_cell_00067
ghsl_1590,ghsl_1590_cell_00068
ghsl_1590,ghsl_1590_cell_00069
ghsl_1590,ghsl_1590_cell_00070
ghsl_1590,ghsl_1590_cell_00071
ghsl_1590,ghsl_1590_cell_00072
ghsl_1590,ghsl_1590_cell_00073
ghsl_1590,ghsl_1590_cell_00074
ghsl_1590,ghsl_1590_cell_00075
ghsl_1590,ghsl_1590_cell_00076
ghsl_1590,ghsl_1590_cell_00077
ghsl_1590,ghsl_1590_cell_00078
ghsl_1590,ghsl_1590_cell_00079
ghsl_1590,ghsl_1590_cell_00080
ghsl_1590,ghsl_1590_cell_00081
ghsl_1590,ghsl_1590_cell_00082
ghsl_1590,ghsl_1590_cell_00083
ghsl_1590,ghsl_1590_cell_00084
ghsl_1590,ghsl_1590_cell_00085
ghsl_1590,ghsl_1590_cell_00086
ghsl_1590,ghsl_1590_cell_00087
ghsl_1590,ghsl_1590_cell_00088
ghsl_1590,ghsl_1590_cell_00089
ghsl_1590,ghsl_1590_cell_00090
ghsl_1590,ghsl_1590_cell_00091
ghsl_1590,ghsl_1590_cell_00092
ghsl_1590,ghsl_1590_cell_00093
ghsl_1590,ghsl_1590_cell_00094
ghsl_1590,ghsl_1590_cell_00095
ghsl_1590,ghsl_1590_cell_00096
ghsl_1590,ghsl_1590_cell_00097
ghsl_1590,ghsl_1590_cell_00098
ghsl_1590,ghsl_1590_cell_00099
ghsl_1590,ghsl_1590_cell_00100
ghsl_1590,ghsl_1590_cell_00101
ghsl_1590,ghsl_1590_cell_00102
ghsl_1590,ghsl_1590_cell_00103
ghsl_1590,ghsl_1590_cell_00104
ghsl_1590,ghsl_1590_cell_00105
ghsl_1590,ghsl_1590_cell_00106
ghsl_1590,ghsl_1590_cell_00107
ghsl_1590,ghsl_1590_cell_00108
ghsl_1590,ghsl_1590_cell_00109
ghsl_1590,ghsl_1590_cell_00110
ghsl_1590,ghsl_1590_cell_00111
ghsl_1590,ghsl_1590_cell_00112
ghsl_1590,ghsl_1590_cell_00113
ghsl_1590,ghsl_1590_cell_00114
ghsl_1590,ghsl_1590_cell_00115
ghsl_1590,ghsl_1590_cell_00116
ghsl_1590,ghsl_1590_cell_00117
ghsl_1590,ghsl_1590_cell_00118
ghsl_1590,ghsl_1590_cell_00119
ghsl_1590,ghsl_1590_cell_00120
ghsl_1590,ghsl_1590_cell_00121
ghsl_1590,ghsl_1590_cell_00122
ghsl_1590,ghsl_1590_cell_00123
ghsl_1590,ghsl_1590_cell_00124
ghsl_1590,ghsl_1590_cell_00125
ghsl_1590,ghsl_1590_cell_00126
ghsl_1590,ghsl_1590_cell_00127
ghsl_1590,ghsl_1590_cell_00128
ghsl_1590,ghsl_1590_cell_00129
ghsl_1590,ghsl_1590_cell_00130
ghsl_1590,ghsl_1590_cell_00131
ghsl_1590,ghsl_1590_cell_00132
ghsl_1590,ghsl_1590_cell_00133
ghsl_1590,ghsl_1590_cell_00134
ghsl_1590,ghsl_1590_cell_00135
ghsl_1590,ghsl_1590_cell_00136
ghsl_1590,ghsl_1590_cell_00137
ghsl_1590,ghsl_1590_cell_00138
ghsl_1590,ghsl_1590_cell_00139
ghsl_1590,ghsl_1590_cell_00140
ghsl_1590,ghsl_1590_cell_00141
ghsl_1590,ghsl_1590_cell_00142
ghsl_1590,ghsl_1590_cell_00143
ghsl_1590,ghsl_1590_cell_00144
ghsl_1590,ghsl_1590_cell_00145
ghsl_1590,ghsl_1590_cell_00146
ghsl_1590,ghsl_1590_cell_00147
ghsl_1590,ghsl_1590_cell_00148
ghsl_1590,ghsl_1590_cell_00149
ghsl_1590,ghsl_1590_cell_00150
ghsl_1590,ghsl_1590_cell_00151
ghsl_1590,ghsl_1590_cell_00152
ghsl_1590,ghsl_1590_cell_00153
ghsl_1590,ghsl_1590_cell_00154
ghsl_1590,ghsl_1590_cell_00155
ghsl_1590,ghsl_1590_cell_00156
ghsl_1590,ghsl_1590_cell_00157
ghsl_1590,ghsl_1590_cell_00158
ghsl_1590,ghsl_1590_cell_00159
ghsl_1590,ghsl_1590_cell_00160
ghsl_1590,ghsl_1590_cell_00161
ghsl_1590,ghsl_1590_cell_00162
ghsl_1590,ghsl_1590_cell_00163
ghsl_1590,ghsl_1590_cell_00164
ghsl_1590,ghsl_1590_cell_00165
ghsl_1590,ghsl_1590_cell_00166
ghsl_1590,ghsl_1590_cell_00167
ghsl_1590,ghsl_1590_cell_00168
ghsl_1590,ghsl_1590_cell_00169
ghsl_1590,ghsl_1590_cell_00170
ghsl_1590,ghsl_1590_cell_00171
ghsl_1590,ghsl_1590_cell_00172
ghsl_1590,ghsl_1590_cell_00173
ghsl_1590,ghsl_1590_cell_00174
ghsl_1590,ghsl_1590_cell_00175
ghsl_1590,ghsl_1590_cell_00176
ghsl_1590,ghsl_1590_cell_00177
ghsl_1590,ghsl_1590_cell_00178
ghsl_1590,ghsl_1590_cell_00179
ghsl_1590,ghsl_1590_cell_00180
ghsl_1590,ghsl_1590_cell_00181
ghsl_1590,ghsl_1590_cell_00182
ghsl_1590,ghsl_1590_cell_00183
ghsl_1590,ghsl_1590_cell_00184
ghsl_1590,ghsl_1590_cell_00185
ghsl_1590,ghsl_1590_cell_00186
ghsl_1590,ghsl_1590_cell_00187
ghsl_1590,ghsl_1590_cell_00188
ghsl_1590,ghsl_1590_cell_00189
ghsl_1590,ghsl_1590_cell_00190
ghsl_1590,ghsl_1590_cell_00191
ghsl_1590,ghsl_1590_cell_00192
ghsl_1590,ghsl_1590_cell_00193
ghsl_1590,ghsl_1590_cell_00194
ghsl_1590,ghsl_1590_cell_00195
ghsl_1590,ghsl_1590_cell_00196
ghsl_1590,ghsl_1590_cell_00197
ghsl_1590,ghsl_1590_cell_00198
ghsl_1590,ghsl_1590_cell_00199
ghsl_1590,ghsl_1590_cell_00200
ghsl_1590,ghsl_1590_cell_00201
ghsl_1590,ghsl_1590_cell_00202
ghsl_1590,ghsl_1590_cell_00203
ghsl_1590,ghsl_1590_cell_00204
ghsl_1590,ghsl_1590_cell_00205
ghsl_1590,ghsl_1590_cell_00206
ghsl_1590,ghsl_1590_cell_00207
ghsl_1590,ghsl_1590_cell_00208
ghsl_1590,ghsl_1590_cell_00209
ghsl_1590,ghsl_1590_cell_00210
ghsl_1590,ghsl_1590_cell_00211
ghsl_1590,ghsl_1590_cell_00212
ghsl_1590,ghsl_1590_cell_00213
ghsl_1590,ghsl_1590_cell_00214
ghsl_1590,ghsl_1590_cell_00215
ghsl_1590,ghsl_1590_cell_00216
ghsl_1590,ghsl_1590_cell_00217
ghsl_1590,ghsl_1590_cell_00218
ghsl_1590,ghsl_1590_cell_00219
ghsl_1590,ghsl_1590_cell_00220
ghsl_1590,ghsl_1590_cell_00221
ghsl_1590,ghsl_1590_cell_00222
ghsl_1590,ghsl_1590_cell_00223
ghsl_1590,ghsl_1590_cell_00224
ghsl_1590,ghsl_1590_cell_00225
ghsl_1590,ghsl_1590_cell_00226
ghsl_1590,ghsl_1590_cell_00227
ghsl_1590,ghsl_1590_cell_00228
ghsl_1590,ghsl_1590_cell_00229
ghsl_1590,ghsl_1590_cell_00230
ghsl_1590,ghsl_1590_cell_00231
ghsl_1590,ghsl_1590_cell_00232
ghsl_1590,ghsl_1590_cell_00233
ghsl_1590,ghsl_1590_cell_00234
ghsl_1590,ghsl_1590_cell_00235
ghsl_1590,ghsl_1590_cell_00236
ghsl_1590,ghsl_1590_cell_00237
ghsl_1590,ghsl_1590_cell_00238
ghsl_1590,ghsl_1590_cell_00239
ghsl_1590,ghsl_1590_cell_00240
ghsl_1590,ghsl_1590_cell_00241
ghsl_1590,ghsl_1590_cell_00242
ghsl_1590,ghsl_1590_cell_00243
ghsl_1590,ghsl_1590_cell_00244
ghsl_1590,ghsl_1590_cell_00245
ghsl_1590,ghsl_1590_cell_00246
ghsl_1590,ghsl_1590_cell_00247
ghsl_1590,ghsl_1590_cell_00248
ghsl_1590,ghsl_1590_cell_00249
ghsl_1590,ghsl_1590_cell_00250
ghsl_1590,ghsl_1590_cell_00251
ghsl_1590,ghsl_1590_cell_00252
ghsl_1590,ghsl_1590_cell_00253
ghsl_1590,ghsl_1590_cell_00254
ghsl_1590,ghsl_1590_cell_00255
ghsl_1590,ghsl_1590_cell_00256
ghsl_1590,ghsl_1590_cell_00257
ghsl_1590,ghsl_1590_cell_00258
ghsl_1590,ghsl_1590_cell_00259
ghsl_1590,ghsl_1590_cell_00260
ghsl_1590,ghsl_1590_cell_00261
ghsl_1590,ghsl_1590_cell_00262
ghsl_1590,ghsl_1590_cell_00263
ghsl_1590,ghsl_1590_cell_00264
ghsl_1590,ghsl_1590_cell_00265
ghsl_1590,ghsl_1590_cell_00266
ghsl_1590,ghsl_1590_cell_00267
ghsl_1590,ghsl_1590_cell_00268
ghsl_1590,ghsl_1590_cell_00269
ghsl_1590,ghsl_1590_cell_00270
ghsl_1590,ghsl_1590_cell_00271
ghsl_1590,ghsl_1590_cell_00272
ghsl_1590,ghsl_1590_cell_00273
ghsl_1590,ghsl_1590_cell_00274
ghsl_1590,ghsl_1590_cell_00275
ghsl_1590,ghsl_1590_cell_00276
ghsl_1590,ghsl_1590_cell_00277
ghsl_1590,ghsl_1590_cell_00278
ghsl_1590,ghsl_1590_cell_00279
ghsl_1590,ghsl_1590_cell_00280
ghsl_1590,ghsl_1590_cell_00281
ghsl_1590,ghsl_1590_cell_00282
ghsl_1590,ghsl_1590_cell_00283
ghsl_1590,ghsl_1590_cell_00284
ghsl_1590,ghsl_1590_cell_00285
ghsl_1590,ghsl_1590_cell_00286
ghsl_1590,ghsl_1590_cell_00287
ghsl_1590,ghsl_1590_cell_00288
ghsl_1590,ghsl_1590_cell_00289
ghsl_1590,ghsl_1590_cell_00290
ghsl_1590,ghsl_1590_cell_00291
ghsl_1590,ghsl_1590_cell_00292
ghsl_1590,ghsl_1590_cell_00293
ghsl_1590,ghsl_1590_cell_00294
ghsl_1590,ghsl_1590_cell_00295
ghsl_1590,ghsl_1590_cell_00296
ghsl_1590,ghsl_1590_cell_00297
ghsl_1590,ghsl_1590_cell_00298
ghsl_1590,ghsl_1590_cell_00299
ghsl_1590,ghsl_1590_cell_00300
ghsl_1590,ghsl_1590_cell_00301
ghsl_1590,ghsl_1590_cell_00302
ghsl_1590,ghsl_1590_cell_00303
ghsl_1590,ghsl_1590_cell_00304
ghsl_1590,ghsl_1590_cell_00305
ghsl_1590,ghsl_1590_cell_00306
ghsl_1590,ghsl_1590_cell_00307
ghsl_5071,ghsl_5071_cell_00000
ghsl_5071,ghsl_5071_cell_00001
ghsl_5071,ghsl_5071_cell_00002
ghsl_5071,ghsl_5071_cell_00003
ghsl_5071,ghsl_5071_cell_00004
ghsl_5071,ghsl_5071_cell_00005
ghsl_5071,ghsl_5071_cell_00006
ghsl_5071,ghsl_5071_cell_00007
ghsl_5071,ghsl_5071_cell_00008
ghsl_5071,ghsl_5071_cell_00009
ghsl_5071,ghsl_5071_cell_00010
ghsl_5071,ghsl_5071_cell_00011
ghsl_5071,ghsl_5071_cell_00012
ghsl_5071,ghsl_5071_cell_00013
ghsl_5071,ghsl_5071_cell_00014
ghsl_5071,ghsl_5071_cell_00015
ghsl_5071,ghsl_5071_cell_00016
ghsl_5071,ghsl_5071_cell_00017
ghsl_5071,ghsl_5071_cell_00018
ghsl_5071,ghsl_5071_cell_00019
ghsl_5071,ghsl_5071_cell_00020
ghsl_5071,ghsl_5071_cell_00021
ghsl_5071,ghsl_5071_cell_00022
ghsl_5071,ghsl_5071_cell_00023
ghsl_5071,ghsl_5071_cell_00024
ghsl_5071,ghsl_5071_cell_00025
ghsl_5071,ghsl_5071_cell_00026
ghsl_5071,ghsl_5071_cell_00027
ghsl_5071,ghsl_5071_cell_00028
ghsl_5071,ghsl_5071_cell_00029
ghsl_5071,ghsl_5071_cell_00030
ghsl_5071,ghsl_5071_cell_00031
ghsl_5071,ghsl_5071_cell_00032
ghsl_5071,ghsl_5071_cell_00033
ghsl_5071,ghsl_5071_cell_00034
ghsl_5071,ghsl_5071_cell_00035
ghsl_5071,ghsl_5071_cell_00036
ghsl_5071,ghsl_5071_cell_00037
ghsl_5071,ghsl_5071_cell_00038
ghsl_5071,ghsl_5071_cell_00039
ghsl_5071,ghsl_5071_cell_00040
ghsl_5071,ghsl_5071_cell_00041
ghsl_5071,ghsl_5071_cell_00042
ghsl_5071,ghsl_5071_cell_00043
ghsl_5071,ghsl_5071_cell_00044
ghsl_5071,ghsl_5071_cell_00045
ghsl_5071,ghsl_5071_cell_00046
ghsl_5071,ghsl_5071_cell_00047
ghsl_5071,ghsl_5071_cell_00048
ghsl_5071,ghsl_5071_cell_00049
ghsl_5071,ghsl_5071_cell_00050
ghsl_5071,ghsl_5071_cell_00051
ghsl_5071,ghsl_5071_cell_00052
ghsl_5071,ghsl_5071_cell_00053
ghsl_5071,ghsl_5071_cell_00054
ghsl_5071,ghsl_5071_cell_00055
ghsl_5071,ghsl_5071_cell_00056
ghsl_5071,ghsl_5071_cell_00057
ghsl_5071,ghsl_5071_cell_00058
ghsl_5071,ghsl_5071_cell_00059
ghsl_5071,ghsl_5071_cell_00060
ghsl_5071,ghsl_5071_cell_00061
ghsl_5071,ghsl_5071_cell_00062
ghsl_5071,ghsl_5071_cell_00063
ghsl_5071,ghsl_5071_cell_00064
ghsl_5071,ghsl_5071_cell_00065
ghsl_5071,ghsl_5071_cell_00066
ghsl_5071,ghsl_5071_cell_00067
ghsl_5071,ghsl_5071_cell_00068
ghsl_5071,ghsl_5071_cell_00069
ghsl_5071,ghsl_5071_cell_00070
ghsl_5071,ghsl_5071_cell_00071
ghsl_5071,ghsl_5071_cell_00072
ghsl_5071,ghsl_5071_cell_00073
ghsl_5071,ghsl_5071_cell_00074
ghsl_5071,ghsl_5071_cell_00075
ghsl_5071,ghsl_5071_cell_00076
ghsl_5071,ghsl_5071_cell_00077
ghsl_5071,ghsl_5071_cell_00078
ghsl_5071,ghsl_5071_cell_00079
ghsl_5071,ghsl_5071_cell_00080
ghsl_5071,ghsl_5071_cell_00081
ghsl_5071,ghsl_5071_cell_00082
ghsl_5071,ghsl_5071_cell_00083
ghsl_5071,ghsl_5071_cell_00084
ghsl_5071,ghsl_5071_cell_00085
ghsl_5071,ghsl_5071_cell_00086
ghsl_5071,ghsl_5071_cell_00087
ghsl_5071,ghsl_5071_cell_00088
ghsl_5071,ghsl_5071_cell_00089
ghsl_5071,ghsl_5071_cell_00090
ghsl_5071,ghsl_5071_cell_00091
ghsl_5071,ghsl_5071_cell_00092
ghsl_5071,ghsl_5071_cell_00093
ghsl_5071,ghsl_5071_cell_00094
ghsl_5071,ghsl_5071_cell_00095
ghsl_5071,ghsl_5071_cell_00096
ghsl_5071,ghsl_5071_cell_00097
ghsl_5071,ghsl_5071_cell_00098
ghsl_5071,ghsl_5071_cell_00099
ghsl_5071,ghsl_5071_cell_00100
ghsl_5071,ghsl_5071_cell_00101
ghsl_5071,ghsl_5071_cell_00102
ghsl_5071,ghsl_5071_cell_00103
ghsl_5071,ghsl_5071_cell_00104
ghsl_5071,ghsl_5071_cell_00105
ghsl_5071,ghsl_5071_cell_00106
ghsl_5071,ghsl_5071_cell_00107
ghsl_5071,ghsl_5071_cell_00108
ghsl_5071,ghsl_5071_cell_00109
ghsl_5071,ghsl_5071_cell_00110
ghsl_5071,ghsl_5071_cell_00111
ghsl_5071,ghsl_5071_cell_00112
ghsl_5071,ghsl_5071_cell_00113
ghsl_5071,ghsl_5071_cell_00114
ghsl_5071,ghsl_5071_cell_00115
ghsl_5071,ghsl_5071_cell_00116
ghsl_5071,ghsl_5071_cell_00117
ghsl_5071,ghsl_5071_cell_00118
ghsl_5071,ghsl_5071_cell_00119
ghsl_5071,ghsl_5071_cell_00120
ghsl_5071,ghsl_5071_cell_00121
ghsl_5071,ghsl_5071_cell_00122
ghsl_5071,ghsl_5071_cell_00123
ghsl_5071,ghsl_5071_cell_00124
ghsl_5071,ghsl_5071_cell_00125
ghsl_5071,ghsl_5071_cell_00126
ghsl_5071,ghsl_5071_cell_00127
ghsl_5071,ghsl_5071_cell_00128
ghsl_5071,ghsl_5071_cell_00129
ghsl_5071,ghsl_5071_cell_00130
ghsl_5071,ghsl_5071_cell_00131
ghsl_5071,ghsl_5071_cell_00132
ghsl_5071,ghsl_5071_cell_00133
ghsl_5071,ghsl_5071_cell_00134
ghsl_5071,ghsl_5071_cell_00135
ghsl_5071,ghsl_5071_cell_00136
ghsl_5071,ghsl_5071_cell_00137
ghsl_5071,ghsl_5071_cell_00138
ghsl_5071,ghsl_5071_cell_00139
ghsl_5071,ghsl_5071_cell_00140
ghsl_5071,ghsl_5071_cell_00141
ghsl_5071,ghsl_5071_cell_00142
ghsl_5071,ghsl_5071_cell_00143
ghsl_5071,ghsl_5071_cell_00144
ghsl_5071,ghsl_5071_cell_00145
ghsl_5071,ghsl_5071_cell_00146
ghsl_5071,ghsl_5071_cell_00147
ghsl_5071,ghsl_5071_cell_00148
ghsl_5071,ghsl_5071_cell_00149
ghsl_5071,ghsl_5071_cell_00150
ghsl_5071,ghsl_5071_cell_00151
ghsl_5071,ghsl_5071_cell_00152
ghsl_5071,ghsl_5071_cell_00153
ghsl_5071,ghsl_5071_cell_00154
ghsl_5071,ghsl_5071_cell_00155
ghsl_5071,ghsl_5071_cell_00156
ghsl_5071,ghsl_5071_cell_00157
ghsl_5071,ghsl_5071_cell_00158
ghsl_5071,ghsl_5071_cell_00159
ghsl_5071,ghsl_5071_cell_00160
ghsl_5071,ghsl_5071_cell_00161
ghsl_5071,ghsl_5071_cell_00162
ghsl_5071,ghsl_5071_cell_00163
ghsl_5071,ghsl_5071_cell_00164
ghsl_5071,ghsl_5071_cell_00165
ghsl_5071,ghsl_5071_cell_00166
ghsl_5071,ghsl_5071_cell_00167
ghsl_5071,ghsl_5071_cell_00168
ghsl_5071,ghsl_5071_cell_00169
ghsl_5071,ghsl_5071_cell_00170
ghsl_5071,ghsl_5071_cell_00171
ghsl_5071,ghsl_5071_cell_00172
ghsl_5071,ghsl_5071_cell_00173
ghsl_5071,ghsl_5071_cell_00174
ghsl_5071,ghsl_5071_cell_00175
ghsl_5071,ghsl_5071_cell_00176
ghsl_5071,ghsl_5071_cell_00177
ghsl_5071,ghsl_5071_cell_00178
ghsl_5071,ghsl_5071_cell_00179
ghsl_5071,ghsl_5071_cell_00180
ghsl_5071,ghsl_5071_cell_00181
ghsl_5071,ghsl_5071_cell_00182
ghsl_5071,ghsl_5071_cell_00183
ghsl_5071,ghsl_5071_cell_00184
ghsl_5071,ghsl_5071_cell_00185
ghsl_5071,ghsl_5071_cell_00186
ghsl_5071,ghsl_5071_cell_00187
ghsl_5071,ghsl_5071_cell_00188
ghsl_5071,ghsl_5071_cell_00189
ghsl_5071,ghsl_5071_cell_00190
ghsl_5071,ghsl_5071_cell_00191
ghsl_5071,ghsl_5071_cell_00192
ghsl_5071,ghsl_5071_cell_00193
ghsl_5071,ghsl_5071_cell_00194
ghsl_5071,ghsl_5071_cell_00195
ghsl_5071,ghsl_5071_cell_00196
ghsl_5071,ghsl_5071_cell_00197
ghsl_5071,ghsl_5071_cell_00198
ghsl_5071,ghsl_5071_cell_00199
ghsl_5071,ghsl_5071_cell_00200
ghsl_5071,ghsl_5071_cell_00201
ghsl_5071,ghsl_5071_cell_00202
ghsl_5071,ghsl_5071_cell_00203
ghsl_5071,ghsl_5071_cell_00204
ghsl_5071,ghsl_5071_cell_00205
ghsl_5071,ghsl_5071_cell_00206
ghsl_5071,ghsl_5071_cell_00207
ghsl_5071,ghsl_5071_cell_00208
ghsl_5071,ghsl_5071_cell_00209
ghsl_5071,ghsl_5071_cell_00210
ghsl_5071,ghsl_5071_cell_00211
ghsl_5071,ghsl_5071_cell_00212
ghsl_5071,ghsl_5071_cell_00213
ghsl_5071,ghsl_5071_cell_00214
ghsl_5071,ghsl_5071_cell_00215
ghsl_5071,ghsl_5071_cell_00216
ghsl_5071,ghsl_5071_cell_00217
ghsl_5071,ghsl_5071_cell_00218
ghsl_5071,ghsl_5071_cell_00219
ghsl_5071,ghsl_5071_cell_00220
ghsl_5071,ghsl_5071_cell_00221
ghsl_5071,ghsl_5071_cell_00222
ghsl_5071,ghsl_5071_cell_00223
ghsl_5071,ghsl_5071_cell_00224
ghsl_5071,ghsl_5071_cell_00225
ghsl_5071,ghsl_5071_cell_00226
ghsl_5071,ghsl_5071_cell_00227
ghsl_5071,ghsl_5071_cell_00228
ghsl_5071,ghsl_5071_cell_00229
ghsl_5071,ghsl_5071_cell_00230
ghsl_5071,ghsl_5071_cell_00231
ghsl_5071,ghsl_5071_cell_00232
ghsl_5071,ghsl_5071_cell_00233
ghsl_5071,ghsl_5071_cell_00234
ghsl_5071,ghsl_5071_cell_00235
ghsl_5071,ghsl_5071_cell_00236
ghsl_5071,ghsl_5071_cell_00237
ghsl_5071,ghsl_5071_cell_00238
ghsl_5071,ghsl_5071_cell_00239
ghsl_5071,ghsl_5071_cell_00240
ghsl_5071,ghsl_5071_cell_00241
ghsl_5071,ghsl_5071_cell_00242
ghsl_5071,ghsl_5071_cell_00243
ghsl_5071,ghsl_5071_cell_00244
ghsl_5071,ghsl_5071_cell_00245
ghsl_5071,ghsl_5071_cell_00246
ghsl_5071,ghsl_5071_cell_00247
ghsl_5071,ghsl_5071_cell_00248
ghsl_5071,ghsl_5071_cell_00249
ghsl_5071,ghsl_5071_cell_00250
ghsl_5071,ghsl_5071_cell_00251
ghsl_5071,ghsl_5071_cell_00252
ghsl_5071,ghsl_5071_cell_00253
ghsl_5071,ghsl_5071_cell_00254
ghsl_5071,ghsl_5071_cell_00255
ghsl_5071,ghsl_5071_cell_00256
ghsl_5071,ghsl_5071_cell_00257
ghsl_5071,ghsl_5071_cell_00258
ghsl_5071,ghsl_5071_cell_00259
ghsl_5071,ghsl_5071_cell_00260
ghsl_5071,ghsl_5071_cell_00261
ghsl_5071,ghsl_5071_cell_00262
ghsl_5071,ghsl_5071_cell_00263
ghsl_5071,ghsl_5071_cell_00264
ghsl_5071,ghsl_5071_cell_00265
ghsl_5071,ghsl_5071_cell_00266
ghsl_5071,ghsl_5071_cell_00267
ghsl_5071,ghsl_5071_cell_00268
ghsl_5071,ghsl_5071_cell_00269
ghsl_5071,ghsl_5071_cell_00270
ghsl_5071,ghsl_5071_cell_00271
ghsl_5071,ghsl_5071_cell_00272
ghsl_5071,ghsl_5071_cell_00273
ghsl_5071,ghsl_5071_cell_00274
ghsl_5071,ghsl_5071_cell_00275
ghsl_5071,ghsl_5071_cell_00276
ghsl_5071,ghsl_5071_cell_00277
ghsl_5071,ghsl_5071_cell_00278
ghsl_5071,ghsl_5071_cell_00279
ghsl_5071,ghsl_5071_cell_00280
ghsl_5071,ghsl_5071_cell_00281
ghsl_5071,ghsl_5071_cell_00282
ghsl_5071,ghsl_5071_cell_00283
ghsl_5071,ghsl_5071_cell_00284
ghsl_5071,ghsl_5071_cell_00285
ghsl_5071,ghsl_5071_cell_00286
ghsl_5071,ghsl_5071_cell_00287
ghsl_5071,ghsl_5071_cell_00288
ghsl_5071,ghsl_5071_cell_00289
ghsl_5071,ghsl_5071_cell_00290
ghsl_5071,ghsl_5071_cell_00291
ghsl_5071,ghsl_5071_cell_00292
ghsl_5071,ghsl_5071_cell_00293
ghsl_5071,ghsl_5071_cell_00294
ghsl_5071,ghsl_5071_cell_00295
ghsl_5071,ghsl_5071_cell_00296
ghsl_5071,ghsl_5071_cell_00297
ghsl_5071,ghsl_5071_cell_00298
ghsl_5071,ghsl_5071_cell_00299
ghsl_5071,ghsl_5071_cell_00300
ghsl_5071,ghsl_5071_cell_00301
ghsl_5071,ghsl_5071_cell_00302
ghsl_5071,ghsl_5071_cell_00303
ghsl_5071,ghsl_5071_cell_00304
ghsl_5071,ghsl_5071_cell_00305
ghsl_5071,ghsl_5071_cell_00306
ghsl_5071,ghsl_5071_cell_00307
ghsl_5071,ghsl_5071_cell_00308
ghsl_5071,ghsl_5071_cell_00309
ghsl_5071,ghsl_5071_cell_00310
ghsl_5071,ghsl_5071_cell_00311
ghsl_5071,ghsl_5071_cell_00312
ghsl_5071,ghsl_5071_cell_00313
ghsl_5071,ghsl_5071_cell_00314
ghsl_5071,ghsl_5071_cell_00315
ghsl_5071,ghsl_5071_cell_00316
ghsl_5071,ghsl_5071_cell_00317
ghsl_5071,ghsl_5071_cell_00318
ghsl_5071,ghsl_5071_cell_00319
ghsl_5071,ghsl_5071_cell_00320
ghsl_5071,ghsl_5071_cell_00321
ghsl_5071,ghsl_5071_cell_00322
ghsl_5071,ghsl_5071_cell_00323
ghsl_5071,ghsl_5071_cell_00324
ghsl_5071,ghsl_5071_cell_00325
ghsl_5071,ghsl_5071_cell_00326
ghsl_5071,ghsl_5071_cell_00327
ghsl_5071,ghsl_5071_cell_00328
ghsl_5071,ghsl_5071_cell_00329
ghsl_5071,ghsl_5071_cell_00330
ghsl_5071,ghsl_5071_cell_00331
ghsl_5071,ghsl_5071_cell_00332
ghsl_5071,ghsl_5071_cell_00333
ghsl_5071,ghsl_5071_cell_00334
ghsl_5071,ghsl_5071_cell_00335
ghsl_5071,ghsl_5071_cell_00336
ghsl_5071,ghsl_5071_cell_00337
ghsl_5071,ghsl_5071_cell_00338
ghsl_5071,ghsl_5071_cell_00339
ghsl_5071,ghsl_5071_cell_00340
ghsl_5071,ghsl_5071_cell_00341
ghsl_5071,ghsl_5071_cell_00342
ghsl_5071,ghsl_5071_cell_00343
ghsl_5071,ghsl_5071_cell_00344
ghsl_5071,ghsl_5071_cell_00345
ghsl_5071,ghsl_5071_cell_00346
ghsl_5071,ghsl_5071_cell_00347
ghsl_5071,ghsl_5071_cell_00348
ghsl_5071,ghsl_5071_cell_00349
ghsl_5071,ghsl_5071_cell_00350
ghsl_5071,ghsl_5071_cell_00351
ghsl_5071,ghsl_5071_cell_00352
ghsl_5071,ghsl_5071_cell_00353
ghsl_5071,ghsl_5071_cell_00354
ghsl_5071,ghsl_5071_cell_00355
ghsl_5071,ghsl_5071_cell_00356
ghsl_5071,ghsl_5071_cell_00357
ghsl_5071,ghsl_5071_cell_00358
ghsl_5071,ghsl_5071_cell_00359
ghsl_5071,ghsl_5071_cell_00360
ghsl_5071,ghsl_5071_cell_00361
ghsl_5071,ghsl_5071_cell_00362
ghsl_5071,ghsl_5071_cell_00363
ghsl_5071,ghsl_5071_cell_00364
ghsl_5071,ghsl_5071_cell_00365
ghsl_5071,ghsl_5071_cell_00366
ghsl_5071,ghsl_5071_cell_00367
ghsl_5071,ghsl_5071_cell_00368
ghsl_5071,ghsl_5071_cell_00369
ghsl_5071,ghsl_5071_cell_00370
ghsl_5071,ghsl_5071_cell_00371
ghsl_5071,ghsl_5071_cell_00372
ghsl_5071,ghsl_5071_cell_00373
ghsl_5071,ghsl_5071_cell_00374
ghsl_5071,ghsl_5071_cell_00375
ghsl_5071,ghsl_5071_cell_00376
ghsl_5071,ghsl_5071_cell_00377
ghsl_5071,ghsl_5071_cell_00378
ghsl_5071,ghsl_5071_cell_00379
ghsl_5071,ghsl_5071_cell_00380
ghsl_5071,ghsl_5071_cell_00381
ghsl_5071,ghsl_5071_cell_00382
ghsl_5071,ghsl_5071_cell_00383
ghsl_5071,ghsl_5071_cell_00384
ghsl_5071,ghsl_5071_cell_00385
ghsl_5071,ghsl_5071_cell_00386
ghsl_5071,ghsl_5071_cell_00387
ghsl_5071,ghsl_5071_cell_00388
ghsl_5071,ghsl_5071_cell_00389
ghsl_5071,ghsl_5071_cell_00390
ghsl_5071,ghsl_5071_cell_00391
ghsl_5071,ghsl_5071_cell_00392
ghsl_5071,ghsl_5071_cell_00393
ghsl_5071,ghsl_5071_cell_00394
ghsl_5071,ghsl_5071_cell_00395
ghsl_5071,ghsl_5071_cell_00396
ghsl_5071,ghsl_5071_cell_00397
ghsl_5071,ghsl_5071_cell_00398
ghsl_5071,ghsl_5071_cell_00399
ghsl_5071,ghsl_5071_cell_00400
ghsl_5071,ghsl_5071_cell_00401
ghsl_5071,ghsl_5071_cell_00402
ghsl_5071,ghsl_5071_cell_00403
ghsl_5071,ghsl_5071_cell_00404
ghsl_5071,ghsl_5071_cell_00405
ghsl_5071,ghsl_5071_cell_00406
ghsl_5071,ghsl_5071_cell_00407
ghsl_5071,ghsl_5071_cell_00408
ghsl_5071,ghsl_5071_cell_00409
ghsl_5071,ghsl_5071_cell_00410
ghsl_5071,ghsl_5071_cell_00411
ghsl_5071,ghsl_5071_cell_00412
ghsl_5071,ghsl_5071_cell_00413
ghsl_5071,ghsl_5071_cell_00414
ghsl_5071,ghsl_5071_cell_00415
ghsl_5071,ghsl_5071_cell_00416
ghsl_5071,ghsl_5071_cell_00417
ghsl_5071,ghsl_5071_cell_00418
ghsl_5071,ghsl_5071_cell_00419
ghsl_5071,ghsl_5071_cell_00420
ghsl_5071,ghsl_5071_cell_00421
ghsl_5071,ghsl_5071_cell_00422
ghsl_5071,ghsl_5071_cell_00423
ghsl_5071,ghsl_5071_cell_00424
ghsl_5071,ghsl_5071_cell_00425
ghsl_5071,ghsl_5071_cell_00426
ghsl_5071,ghsl_5071_cell_00427
ghsl_5071,ghsl_5071_cell_00428
ghsl_5071,ghsl_5071_cell_00429
ghsl_5071,ghsl_5071_cell_00430
ghsl_5071,ghsl_5071_cell_00431
ghsl_5071,ghsl_5071_cell_00432
ghsl_5071,ghsl_5071_cell_00433
ghsl_5071,ghsl_5071_cell_00434
ghsl_5071,ghsl_5071_cell_00435
ghsl_5071,ghsl_5071_cell_00436
ghsl_5071,ghsl_5071_cell_00437
ghsl_1689,ghsl_1689_cell_00000
ghsl_1689,ghsl_1689_cell_00001
ghsl_1689,ghsl_1689_cell_00002
ghsl_1689,ghsl_1689_cell_00003
ghsl_1689,ghsl_1689_cell_00004
ghsl_1689,ghsl_1689_cell_00005
ghsl_1689,ghsl_1689_cell_00006
ghsl_1689,ghsl_1689_cell_00007
ghsl_1689,ghsl_1689_cell_00008
ghsl_1689,ghsl_1689_cell_00009
ghsl_1689,ghsl_1689_cell_00010
ghsl_1689,ghsl_1689_cell_00011
ghsl_1689,ghsl_1689_cell_00012
ghsl_1689,ghsl_1689_cell_00013
ghsl_1689,ghsl_1689_cell_00014
ghsl_1689,ghsl_1689_cell_00015
ghsl_1689,ghsl_1689_cell_00016
ghsl_1689,ghsl_1689_cell_00017
ghsl_1689,ghsl_1689_cell_00018
ghsl_1689,ghsl_1689_cell_00019
ghsl_1689,ghsl_1689_cell_00020
ghsl_1689,ghsl_1689_cell_00021
ghsl_1689,ghsl_1689_cell_00022
ghsl_1689,ghsl_1689_cell_00023
ghsl_1689,ghsl_1689_cell_00024
ghsl_1689,ghsl_1689_cell_00025
ghsl_1689,ghsl_1689_cell_00026
ghsl_1689,ghsl_1689_cell_00027
ghsl_1689,ghsl_1689_cell_00028
ghsl_1689,ghsl_1689_cell_00029
ghsl_1689,ghsl_1689_cell_00030
ghsl_1689,ghsl_1689_cell_00031
ghsl_1689,ghsl_1689_cell_00032
ghsl_1689,ghsl_1689_cell_00033
ghsl_1689,ghsl_1689_cell_00034
ghsl_1689,ghsl_1689_cell_00035
ghsl_1689,ghsl_1689_cell_00036
ghsl_1689,ghsl_1689_cell_00037
ghsl_1689,ghsl_1689_cell_00038
ghsl_1689,ghsl_1689_cell_00039
ghsl_1689,ghsl_1689_cell_00040
ghsl_1689,ghsl_1689_cell_00041
ghsl_1689,ghsl_1689_cell_00042
ghsl_1689,ghsl_1689_cell_00043
ghsl_1689,ghsl_1689_cell_00044
ghsl_1689,ghsl_1689_cell_00045
ghsl_1689,ghsl_1689_cell_00046
ghsl_1689,ghsl_1689_cell_00047
ghsl_1689,ghsl_1689_cell_00048
ghsl_1689,ghsl_1689_cell_00049
ghsl_1689,ghsl_1689_cell_00050
ghsl_1689,ghsl_1689_cell_00051
ghsl_1689,ghsl_1689_cell_00052
ghsl_1689,ghsl_1689_cell_00053
ghsl_1689,ghsl_1689_cell_00054
ghsl_1689,ghsl_1689_cell_00055
ghsl_1689,ghsl_1689_cell_00056
ghsl_1689,ghsl_1689_cell_00057
ghsl_1689,ghsl_1689_cell_00058
ghsl_1689,ghsl_1689_cell_00059
ghsl_1689,ghsl_1689_cell_00060
ghsl_1689,ghsl_1689_cell_00061
ghsl_1689,ghsl_1689_cell_00062
ghsl_1689,ghsl_1689_cell_00063
ghsl_1689,ghsl_1689_cell_00064
ghsl_1689,ghsl_1689_cell_00065
ghsl_1689,ghsl_1689_cell_00066
ghsl_1689,ghsl_1689_cell_00067
ghsl_1689,ghsl_1689_cell_00068
ghsl_1689,ghsl_1689_cell_00069
ghsl_1689,ghsl_1689_cell_00070
ghsl_1689,ghsl_1689_cell_00071
ghsl_1689,ghsl_1689_cell_00072
ghsl_1689,ghsl_1689_cell_00073
ghsl_1689,ghsl_1689_cell_00074
ghsl_1689,ghsl_1689_cell_00075
ghsl_1689,ghsl_1689_cell_00076
ghsl_1689,ghsl_1689_cell_00077
ghsl_1689,ghsl_1689_cell_00078
ghsl_1689,ghsl_1689_cell_00079
ghsl_1689,ghsl_1689_cell_00080
ghsl_1689,ghsl_1689_cell_00081
ghsl_1689,ghsl_1689_cell_00082
ghsl_1689,ghsl_1689_cell_00083
ghsl_1689,ghsl_1689_cell_00084
ghsl_1689,ghsl_1689_cell_00085
ghsl_1689,ghsl_1689_cell_00086
ghsl_1689,ghsl_1689_cell_00087
ghsl_1689,ghsl_1689_cell_00088
ghsl_1689,ghsl_1689_cell_00089
ghsl_1689,ghsl_1689_cell_00090
ghsl_1689,ghsl_1689_cell_00091
ghsl_1689,ghsl_1689_cell_00092
ghsl_1689,ghsl_1689_cell_00093
ghsl_1689,ghsl_1689_cell_00094
ghsl_1689,ghsl_1689_cell_00095
ghsl_1689,ghsl_1689_cell_00096
ghsl_1689,ghsl_1689_cell_00097
ghsl_1689,ghsl_1689_cell_00098
ghsl_1689,ghsl_1689_cell_00099
ghsl_1689,ghsl_1689_cell_00100
ghsl_1689,ghsl_1689_cell_00101
ghsl_1689,ghsl_1689_cell_00102
ghsl_1689,ghsl_1689_cell_00103
ghsl_1689,ghsl_1689_cell_00104
ghsl_1689,ghsl_1689_cell_00105
ghsl_1689,ghsl_1689_cell_00106
ghsl_1689,ghsl_1689_cell_00107
ghsl_1689,ghsl_1689_cell_00108
ghsl_1689,ghsl_1689_cell_00109
ghsl_1689,ghsl_1689_cell_00110
ghsl_1689,ghsl_1689_cell_00111
ghsl_1689,ghsl_1689_cell_00112
ghsl_1689,ghsl_1689_cell_00113
ghsl_1689,ghsl_1689_cell_00114
ghsl_1689,ghsl_1689_cell_00115
ghsl_1689,ghsl_1689_cell_00116
ghsl_1689,ghsl_1689_cell_00117
ghsl_1689,ghsl_1689_cell_00118
ghsl_1689,ghsl_1689_cell_00119
ghsl_1689,ghsl_1689_cell_00120
ghsl_1689,ghsl_1689_cell_00121
ghsl_1689,ghsl_1689_cell_00122
ghsl_1689,ghsl_1689_cell_00123
ghsl_1689,ghsl_1689_cell_00124
ghsl_1689,ghsl_1689_cell_00125
ghsl_1689,ghsl_1689_cell_00126
ghsl_1689,ghsl_1689_cell_00127
ghsl_1689,ghsl_1689_cell_00128
ghsl_1689,ghsl_1689_cell_00129
ghsl_1689,ghsl_1689_cell_00130
ghsl_1689,ghsl_1689_cell_00131
ghsl_1689,ghsl_1689_cell_00132
ghsl_1689,ghsl_1689_cell_00133
ghsl_1689,ghsl_1689_cell_00134
ghsl_1689,ghsl_1689_cell_00135
ghsl_1689,ghsl_1689_cell_00136
ghsl_1689,ghsl_1689_cell_00137
ghsl_1689,ghsl_1689_cell_00138
ghsl_1689,ghsl_1689_cell_00139
ghsl_1689,ghsl_1689_cell_00140
ghsl_1689,ghsl_1689_cell_00141
ghsl_1689,ghsl_1689_cell_00142
ghsl_1689,ghsl_1689_cell_00143
ghsl_1689,ghsl_1689_cell_00144
ghsl_1689,ghsl_1689_cell_00145
ghsl_1689,ghsl_1689_cell_00146
ghsl_1689,ghsl_1689_cell_00147
ghsl_1689,ghsl_1689_cell_00148
ghsl_1689,ghsl_1689_cell_00149
ghsl_1689,ghsl_1689_cell_00150
ghsl_1689,ghsl_1689_cell_00151
ghsl_1689,ghsl_1689_cell_00152
ghsl_1689,ghsl_1689_cell_00153
ghsl_1689,ghsl_1689_cell_00154
ghsl_1689,ghsl_1689_cell_00155
ghsl_1689,ghsl_1689_cell_00156
ghsl_1689,ghsl_1689_cell_00157
ghsl_1689,ghsl_1689_cell_00158
ghsl_1689,ghsl_1689_cell_00159
ghsl_1689,ghsl_1689_cell_00160
ghsl_1689,ghsl_1689_cell_00161
ghsl_1689,ghsl_1689_cell_00162
ghsl_1689,ghsl_1689_cell_00163
ghsl_1689,ghsl_1689_cell_00164
ghsl_1689,ghsl_1689_cell_00165
ghsl_1689,ghsl_1689_cell_00166
ghsl_1689,ghsl_1689_cell_00167
ghsl_1689,ghsl_1689_cell_00168
ghsl_1689,ghsl_1689_cell_00169
ghsl_1689,ghsl_1689_cell_00170
ghsl_1689,ghsl_1689_cell_00171
ghsl_1689,ghsl_1689_cell_00172
ghsl_1689,ghsl_1689_cell_00173
ghsl_1689,ghsl_1689_cell_00174
ghsl_1689,ghsl_1689_cell_00175
ghsl_1689,ghsl_1689_cell_00176
ghsl_1689,ghsl_1689_cell_00177
ghsl_1689,ghsl_1689_cell_00178
ghsl_1689,ghsl_1689_cell_00179
ghsl_1689,ghsl_1689_cell_00180
ghsl_1689,ghsl_1689_cell_00181
ghsl_1689,ghsl_1689_cell_00182
ghsl_1689,ghsl_1689_cell_00183
ghsl_1689,ghsl_1689_cell_00184
ghsl_1689,ghsl_1689_cell_00185
ghsl_1689,ghsl_1689_cell_00186
ghsl_1693,ghsl_1693_cell_00000
ghsl_1693,ghsl_1693_cell_00001
ghsl_1693,ghsl_1693_cell_00002
ghsl_1693,ghsl_1693_cell_00003
ghsl_1693,ghsl_1693_cell_00004
ghsl_1693,ghsl_1693_cell_00005
ghsl_1693,ghsl_1693_cell_00006
ghsl_1693,ghsl_1693_cell_00007
ghsl_1693,ghsl_1693_cell_00008
ghsl_1693,ghsl_1693_cell_00009
ghsl_1693,ghsl_1693_cell_00010
ghsl_1693,ghsl_1693_cell_00011
ghsl_1693,ghsl_1693_cell_00012
ghsl_1693,ghsl_1693_cell_00013
ghsl_1693,ghsl_1693_cell_00014
ghsl_1693,ghsl_1693_cell_00015
ghsl_1693,ghsl_1693_cell_00016
ghsl_1693,ghsl_1693_cell_00017
ghsl_1693,ghsl_1693_cell_00018
ghsl_1693,ghsl_1693_cell_00019
ghsl_1693,ghsl_1693_cell_00020
ghsl_1693,ghsl_1693_cell_00021
ghsl_1693,ghsl_1693_cell_00022
ghsl_1693,ghsl_1693_cell_00023
ghsl_1693,ghsl_1693_cell_00024
ghsl_1693,ghsl_1693_cell_00025
ghsl_1693,ghsl_1693_cell_00026
ghsl_1693,ghsl_1693_cell_00027
ghsl_1693,ghsl_1693_cell_00028
ghsl_1693,ghsl_1693_cell_00029
ghsl_1693,ghsl_1693_cell_00030
ghsl_1693,ghsl_1693_cell_00031
ghsl_1693,ghsl_1693_cell_00032
ghsl_1693,ghsl_1693_cell_00033
ghsl_1693,ghsl_1693_cell_00034
ghsl_1693,ghsl_1693_cell_00035
ghsl_1693,ghsl_1693_cell_00036
ghsl_1693,ghsl_1693_cell_00037
ghsl_1693,ghsl_1693_cell_00038
ghsl_1693,ghsl_1693_cell_00039
ghsl_1693,ghsl_1693_cell_00040
ghsl_1693,ghsl_1693_cell_00041
ghsl_1693,ghsl_1693_cell_00042
ghsl_1693,ghsl_1693_cell_00043
ghsl_1693,ghsl_1693_cell_00044
ghsl_1693,ghsl_1693_cell_00045
ghsl_1693,ghsl_1693_cell_00046
ghsl_1693,ghsl_1693_cell_00047
ghsl_1693,ghsl_1693_cell_00048
ghsl_1693,ghsl_1693_cell_00049
ghsl_1693,ghsl_1693_cell_00050
ghsl_1693,ghsl_1693_cell_00051
ghsl_1693,ghsl_1693_cell_00052
ghsl_1693,ghsl_1693_cell_00053
ghsl_1693,ghsl_1693_cell_00054
ghsl_1693,ghsl_1693_cell_00055
ghsl_1693,ghsl_1693_cell_00056
ghsl_1693,ghsl_1693_cell_00057
ghsl_1693,ghsl_1693_cell_00058
ghsl_1693,ghsl_1693_cell_00059
ghsl_1693,ghsl_1693_cell_00060
ghsl_1693,ghsl_1693_cell_00061
ghsl_1693,ghsl_1693_cell_00062
ghsl_1693,ghsl_1693_cell_00063
ghsl_1693,ghsl_1693_cell_00064
ghsl_1693,ghsl_1693_cell_00065
ghsl_1693,ghsl_1693_cell_00066
ghsl_1693,ghsl_1693_cell_00067
ghsl_1693,ghsl_1693_cell_00068
ghsl_1693,ghsl_1693_cell_00069
ghsl_1693,ghsl_1693_cell_00070
ghsl_1693,ghsl_1693_cell_00071
ghsl_1693,ghsl_1693_cell_00072
ghsl_1693,ghsl_1693_cell_00073
ghsl_1693,ghsl_1693_cell_00074
ghsl_1693,ghsl_1693_cell_00075
ghsl_1693,ghsl_1693_cell_00076
ghsl_1693,ghsl_1693_cell_00077
ghsl_1693,ghsl_1693_cell_00078
ghsl_1693,ghsl_1693_cell_00079
ghsl_1693,ghsl_1693_cell_00080
ghsl_1693,ghsl_1693_cell_00081
ghsl_1693,ghsl_1693_cell_00082
ghsl_1693,ghsl_1693_cell_00083
ghsl_1693,ghsl_1693_cell_00084
ghsl_1693,ghsl_1693_cell_00085
ghsl_1693,ghsl_1693_cell_00086
ghsl_1693,ghsl_1693_cell_00087
ghsl_1693,ghsl_1693_cell_00088
ghsl_1693,ghsl_1693_cell_00089
ghsl_1693,ghsl_1693_cell_00090
ghsl_1693,ghsl_1693_cell_00091
ghsl_1693,ghsl_1693_cell_00092
ghsl_1693,ghsl_1693_cell_00093
ghsl_1693,ghsl_1693_cell_00094
ghsl_1693,ghsl_1693_cell_00095
ghsl_1693,ghsl_1693_cell_00096
ghsl_1693,ghsl_1693_cell_00097
ghsl_1693,ghsl_1693_cell_00098
ghsl_1693,ghsl_1693_cell_00099
ghsl_1693,ghsl_1693_cell_00100
ghsl_1693,ghsl_1693_cell_00101
ghsl_1693,ghsl_1693_cell_00102
ghsl_1693,ghsl_1693_cell_00103
ghsl_1693,ghsl_1693_cell_00104
ghsl_1693,ghsl_1693_cell_00105
ghsl_1693,ghsl_1693_cell_00106
ghsl_1693,ghsl_1693_cell_00107
ghsl_1693,ghsl_1693_cell_00108
ghsl_1693,ghsl_1693_cell_00109
ghsl_1693,ghsl_1693_cell_00110
ghsl_1693,ghsl_1693_cell_00111
ghsl_1693,ghsl_1693_cell_00112
ghsl_1693,ghsl_1693_cell_00113
ghsl_1693,ghsl_1693_cell_00114
ghsl_1693,ghsl_1693_cell_00115
ghsl_1693,ghsl_1693_cell_00116
ghsl_1693,ghsl_1693_cell_00117
ghsl_1693,ghsl_1693_cell_00118
ghsl_1693,ghsl_1693_cell_00119
ghsl_1693,ghsl_1693_cell_00120
ghsl_1693,ghsl_1693_cell_00121
ghsl_1693,ghsl_1693_cell_00122
ghsl_1693,ghsl_1693_cell_00123
ghsl_1693,ghsl_1693_cell_00124
ghsl_1693,ghsl_1693_cell_00125
ghsl_1693,ghsl_1693_cell_00126
ghsl_1693,ghsl_1693_cell_00127
ghsl_1693,ghsl_1693_cell_00128
ghsl_1693,ghsl_1693_cell_00129
ghsl_1693,ghsl_1693_cell_00130
ghsl_1693,ghsl_1693_cell_00131
ghsl_1693,ghsl_1693_cell_00132
ghsl_1693,ghsl_1693_cell_00133
ghsl_1693,ghsl_1693_cell_00134
ghsl_1693,ghsl_1693_cell_00135
ghsl_1693,ghsl_1693_cell_00136
ghsl_1693,ghsl_1693_cell_00137
ghsl_1693,ghsl_1693_cell_00138
ghsl_1693,ghsl_1693_cell_00139
ghsl_1693,ghsl_1693_cell_00140
ghsl_1693,ghsl_1693_cell_00141
ghsl_1693,ghsl_1693_cell_00142
ghsl_1693,ghsl_1693_cell_00143
ghsl_1693,ghsl_1693_cell_00144
ghsl_1693,ghsl_1693_cell_00145
ghsl_1693,ghsl_1693_cell_00146
ghsl_1693,ghsl_1693_cell_00147
ghsl_1693,ghsl_1693_cell_00148
ghsl_1693,ghsl_1693_cell_00149
ghsl_1693,ghsl_1693_cell_00150
ghsl_1693,ghsl_1693_cell_00151
ghsl_1693,ghsl_1693_cell_00152
ghsl_1693,ghsl_1693_cell_00153
ghsl_1693,ghsl_1693_cell_00154
ghsl_1693,ghsl_1693_cell_00155
ghsl_1693,ghsl_1693_cell_00156
ghsl_1693,ghsl_1693_cell_00157
ghsl_1693,ghsl_1693_cell_00158
ghsl_1693,ghsl_1693_cell_00159
ghsl_1693,ghsl_1693_cell_00160
ghsl_1693,ghsl_1693_cell_00161
ghsl_1693,ghsl_1693_cell_00162
ghsl_1693,ghsl_1693_cell_00163
ghsl_1693,ghsl_1693_cell_00164
ghsl_1693,ghsl_1693_cell_00165
ghsl_1693,ghsl_1693_cell_00166
ghsl_1693,ghsl_1693_cell_00167
ghsl_1693,ghsl_1693_cell_00168
ghsl_1693,ghsl_1693_cell_00169
ghsl_1693,ghsl_1693_cell_00170
ghsl_1693,ghsl_1693_cell_00171
ghsl_1693,ghsl_1693_cell_00172
ghsl_1693,ghsl_1693_cell_00173
ghsl_1693,ghsl_1693_cell_00174
ghsl_1693,ghsl_1693_cell_00175
ghsl_1693,ghsl_1693_cell_00176
ghsl_1693,ghsl_1693_cell_00177
ghsl_1693,ghsl_1693_cell_00178
ghsl_1693,ghsl_1693_cell_00179
ghsl_1693,ghsl_1693_cell_00180
ghsl_1693,ghsl_1693_cell_00181
ghsl_1693,ghsl_1693_cell_00182
ghsl_1693,ghsl_1693_cell_00183
ghsl_1693,ghsl_1693_cell_00184
ghsl_1693,ghsl_1693_cell_00185
ghsl_1693,ghsl_1693_cell_00186
ghsl_1693,ghsl_1693_cell_00187
ghsl_1693,ghsl_1693_cell_00188
ghsl_1693,ghsl_1693_cell_00189
ghsl_1693,ghsl_1693_cell_00190
ghsl_1693,ghsl_1693_cell_00191
ghsl_1693,ghsl_1693_cell_00192
ghsl_1693,ghsl_1693_cell_00193
ghsl_1693,ghsl_1693_cell_00194
ghsl_1693,ghsl_1693_cell_00195
ghsl_1693,ghsl_1693_cell_00196
ghsl_1693,ghsl_1693_cell_00197
ghsl_1693,ghsl_1693_cell_00198
ghsl_1693,ghsl_1693_cell_00199
ghsl_1693,ghsl_1693_cell_00200
ghsl_1693,ghsl_1693_cell_00201
ghsl_1693,ghsl_1693_cell_00202
ghsl_1693,ghsl_1693_cell_00203
ghsl_1693,ghsl_1693_cell_00204
ghsl_1693,ghsl_1693_cell_00205
ghsl_1693,ghsl_1693_cell_00206
ghsl_1693,ghsl_1693_cell_00207
ghsl_1693,ghsl_1693_cell_00208
ghsl_1693,ghsl_1693_cell_00209
ghsl_1693,ghsl_1693_cell_00210
ghsl_1693,ghsl_1693_cell_00211
ghsl_1693,ghsl_1693_cell_00212
ghsl_1693,ghsl_1693_cell_00213
ghsl_1693,ghsl_1693_cell_00214
ghsl_1693,ghsl_1693_cell_00215
ghsl_1693,ghsl_1693_cell_00216
ghsl_1693,ghsl_1693_cell_00217
ghsl_1693,ghsl_1693_cell_00218
ghsl_1693,ghsl_1693_cell_00219
ghsl_1693,ghsl_1693_cell_00220
ghsl_1693,ghsl_1693_cell_00221
ghsl_1693,ghsl_1693_cell_00222
ghsl_1693,ghsl_1693_cell_00223
ghsl_1693,ghsl_1693_cell_00224
ghsl_1693,ghsl_1693_cell_00225
ghsl_1693,ghsl_1693_cell_00226
ghsl_1693,ghsl_1693_cell_00227
ghsl_1693,ghsl_1693_cell_00228
ghsl_1693,ghsl_1693_cell_00229
ghsl_1693,ghsl_1693_cell_00230
ghsl_1693,ghsl_1693_cell_00231
ghsl_1693,ghsl_1693_cell_00232
ghsl_1693,ghsl_1693_cell_00233
ghsl_1693,ghsl_1693_cell_00234
ghsl_1693,ghsl_1693_cell_00235
ghsl_1693,ghsl_1693_cell_00236
ghsl_1693,ghsl_1693_cell_00237
ghsl_1693,ghsl_1693_cell_00238
ghsl_1693,ghsl_1693_cell_00239
ghsl_1693,ghsl_1693_cell_00240
ghsl_1693,ghsl_1693_cell_00241
ghsl_1693,ghsl_1693_cell_00242
ghsl_1693,ghsl_1693_cell_00243
ghsl_1693,ghsl_1693_cell_00244
ghsl_1693,ghsl_1693_cell_00245
ghsl_1693,ghsl_1693_cell_00246
ghsl_1693,ghsl_1693_cell_00247
ghsl_1693,ghsl_1693_cell_00248
ghsl_1693,ghsl_1693_cell_00249
ghsl_1693,ghsl_1693_cell_00250
ghsl_1693,ghsl_1693_cell_00251
ghsl_1693,ghsl_1693_cell_00252
ghsl_1693,ghsl_1693_cell_00253
ghsl_1693,ghsl_1693_cell_00254
ghsl_1693,ghsl_1693_cell_00255
ghsl_1693,ghsl_1693_cell_00256
ghsl_1693,ghsl_1693_cell_00257
ghsl_1693,ghsl_1693_cell_00258
ghsl_1693,ghsl_1693_cell_00259
ghsl_1693,ghsl_1693_cell_00260
ghsl_1693,ghsl_1693_cell_00261
ghsl_1693,ghsl_1693_cell_00262
ghsl_1693,ghsl_1693_cell_00263
ghsl_1693,ghsl_1693_cell_00264
ghsl_1693,ghsl_1693_cell_00265
ghsl_1693,ghsl_1693_cell_00266
ghsl_1693,ghsl_1693_cell_00267
ghsl_1693,ghsl_1693_cell_00268
ghsl_1693,ghsl_1693_cell_00269
ghsl_1693,ghsl_1693_cell_00270
ghsl_1693,ghsl_1693_cell_00271
ghsl_1693,ghsl_1693_cell_00272
ghsl_1693,ghsl_1693_cell_00273
ghsl_1693,ghsl_1693_cell_00274
ghsl_1693,ghsl_1693_cell_00275
ghsl_1693,ghsl_1693_cell_00276
ghsl_1693,ghsl_1693_cell_00277
ghsl_1693,ghsl_1693_cell_00278
ghsl_1693,ghsl_1693_cell_00279
ghsl_1693,ghsl_1693_cell_00280
ghsl_1693,ghsl_1693_cell_00281
ghsl_1693,ghsl_1693_cell_00282
ghsl_1693,ghsl_1693_cell_00283
ghsl_1693,ghsl_1693_cell_00284
ghsl_1693,ghsl_1693_cell_00285
ghsl_1693,ghsl_1693_cell_00286
ghsl_1693,ghsl_1693_cell_00287
ghsl_1693,ghsl_1693_cell_00288
ghsl_1693,ghsl_1693_cell_00289
ghsl_1693,ghsl_1693_cell_00290
ghsl_1693,ghsl_1693_cell_00291
ghsl_1693,ghsl_1693_cell_00292
ghsl_1693,ghsl_1693_cell_00293
ghsl_1693,ghsl_1693_cell_00294
ghsl_1693,ghsl_1693_cell_00295
ghsl_1693,ghsl_1693_cell_00296
ghsl_1693,ghsl_1693_cell_00297
ghsl_1693,ghsl_1693_cell_00298
ghsl_1693,ghsl_1693_cell_00299
ghsl_1693,ghsl_1693_cell_00300
ghsl_1693,ghsl_1693_cell_00301
ghsl_1693,ghsl_1693_cell_00302
ghsl_1693,ghsl_1693_cell_00303
ghsl_1693,ghsl_1693_cell_00304
ghsl_1693,ghsl_1693_cell_00305
ghsl_1693,ghsl_1693_cell_00306
ghsl_1693,ghsl_1693_cell_00307
ghsl_1693,ghsl_1693_cell_00308
ghsl_1693,ghsl_1693_cell_00309
ghsl_1693,ghsl_1693_cell_00310
ghsl_1693,ghsl_1693_cell_00311
ghsl_1693,ghsl_1693_cell_00312
ghsl_1693,ghsl_1693_cell_00313
ghsl_1693,ghsl_1693_cell_00314
ghsl_1693,ghsl_1693_cell_00315
ghsl_1693,ghsl_1693_cell_00316
ghsl_1693,ghsl_1693_cell_00317
ghsl_1693,ghsl_1693_cell_00318
ghsl_1693,ghsl_1693_cell_00319
ghsl_1693,ghsl_1693_cell_00320
ghsl_1693,ghsl_1693_cell_00321
ghsl_1693,ghsl_1693_cell_00322
ghsl_1693,ghsl_1693_cell_00323
ghsl_1693,ghsl_1693_cell_00324
ghsl_1693,ghsl_1693_cell_00325
ghsl_1693,ghsl_1693_cell_00326
ghsl_1693,ghsl_1693_cell_00327
ghsl_1693,ghsl_1693_cell_00328
ghsl_1693,ghsl_1693_cell_00329
ghsl_1693,ghsl_1693_cell_00330
ghsl_1693,ghsl_1693_cell_00331
ghsl_1693,ghsl_1693_cell_00332
ghsl_1693,ghsl_1693_cell_00333
ghsl_1693,ghsl_1693_cell_00334
ghsl_1693,ghsl_1693_cell_00335
ghsl_1693,ghsl_1693_cell_00336
ghsl_1693,ghsl_1693_cell_00337
ghsl_1693,ghsl_1693_cell_00338
ghsl_5816,ghsl_5816_cell_00000
ghsl_5816,ghsl_5816_cell_00001
ghsl_5816,ghsl_5816_cell_00002
ghsl_5816,ghsl_5816_cell_00003
ghsl_5816,ghsl_5816_cell_00004
ghsl_5816,ghsl_5816_cell_00005
ghsl_5816,ghsl_5816_cell_00006
ghsl_5816,ghsl_5816_cell_00007
ghsl_5816,ghsl_5816_cell_00008
ghsl_5816,ghsl_5816_cell_00009
ghsl_5816,ghsl_5816_cell_00010
ghsl_5816,ghsl_5816_cell_00011
ghsl_5816,ghsl_5816_cell_00012
ghsl_5816,ghsl_5816_cell_00013
ghsl_5816,ghsl_5816_cell_00014
ghsl_5816,ghsl_5816_cell_00015
ghsl_5816,ghsl_5816_cell_00016
ghsl_5816,ghsl_5816_cell_00017
ghsl_5816,ghsl_5816_cell_00018
ghsl_5816,ghsl_5816_cell_00019
ghsl_5816,ghsl_5816_cell_00020
ghsl_5816,ghsl_5816_cell_00021
ghsl_5816,ghsl_5816_cell_00022
ghsl_5816,ghsl_5816_cell_00023
ghsl_5816,ghsl_5816_cell_00024
ghsl_5816,ghsl_5816_cell_00025
ghsl_5816,ghsl_5816_cell_00026
ghsl_5816,ghsl_5816_cell_00027
ghsl_5816,ghsl_5816_cell_00028
ghsl_5816,ghsl_5816_cell_00029
ghsl_5816,ghsl_5816_cell_00030
ghsl_5816,ghsl_5816_cell_00031
ghsl_5816,ghsl_5816_cell_00032
ghsl_5816,ghsl_5816_cell_00033
ghsl_5816,ghsl_5816_cell_00034
ghsl_5816,ghsl_5816_cell_00035
ghsl_5816,ghsl_5816_cell_00036
ghsl_5816,ghsl_5816_cell_00037
ghsl_5816,ghsl_5816_cell_00038
ghsl_5816,ghsl_5816_cell_00039
ghsl_5816,ghsl_5816_cell_00040
ghsl_5816,ghsl_5816_cell_00041
ghsl_5816,ghsl_5816_cell_00042
ghsl_5816,ghsl_5816_cell_00043
ghsl_5816,ghsl_5816_cell_00044
ghsl_5816,ghsl_5816_cell_00045
ghsl_5816,ghsl_5816_cell_00046
ghsl_5816,ghsl_5816_cell_00047
ghsl_5816,ghsl_5816_cell_00048
ghsl_5816,ghsl_5816_cell_00049
ghsl_5816,ghsl_5816_cell_00050
ghsl_5816,ghsl_5816_cell_00051
ghsl_5816,ghsl_5816_cell_00052
ghsl_5816,ghsl_5816_cell_00053
ghsl_5816,ghsl_5816_cell_00054
ghsl_5816,ghsl_5816_cell_00055
ghsl_5816,ghsl_5816_cell_00056
ghsl_5816,ghsl_5816_cell_00057
ghsl_5816,ghsl_5816_cell_00058
ghsl_5816,ghsl_5816_cell_00059
ghsl_5816,ghsl_5816_cell_00060
ghsl_5816,ghsl_5816_cell_00061
ghsl_5816,ghsl_5816_cell_00062
ghsl_5816,ghsl_5816_cell_00063
ghsl_5816,ghsl_5816_cell_00064
ghsl_5816,ghsl_5816_cell_00065
ghsl_5816,ghsl_5816_cell_00066
ghsl_5816,ghsl_5816_cell_00067
ghsl_5816,ghsl_5816_cell_00068
ghsl_5816,ghsl_5816_cell_00069
ghsl_5816,ghsl_5816_cell_00070
ghsl_5816,ghsl_5816_cell_00071
ghsl_5816,ghsl_5816_cell_00072
ghsl_5816,ghsl_5816_cell_00073
ghsl_5816,ghsl_5816_cell_00074
ghsl_5816,ghsl_5816_cell_00075
ghsl_5816,ghsl_5816_cell_00076
ghsl_5816,ghsl_5816_cell_00077
ghsl_5816,ghsl_5816_cell_00078
ghsl_5816,ghsl_5816_cell_00079
ghsl_5816,ghsl_5816_cell_00080
ghsl_5816,ghsl_5816_cell_00081
ghsl_5816,ghsl_5816_cell_00082
ghsl_5816,ghsl_5816_cell_00083
ghsl_5816,ghsl_5816_cell_00084
ghsl_5816,ghsl_5816_cell_00085
ghsl_5816,ghsl_5816_cell_00086
ghsl_5816,ghsl_5816_cell_00087
ghsl_5816,ghsl_5816_cell_00088
ghsl_5816,ghsl_5816_cell_00089
ghsl_5816,ghsl_5816_cell_00090
ghsl_5816,ghsl_5816_cell_00091
ghsl_5816,ghsl_5816_cell_00092
ghsl_5816,ghsl_5816_cell_00093
ghsl_5816,ghsl_5816_cell_00094
ghsl_5816,ghsl_5816_cell_00095
ghsl_5816,ghsl_5816_cell_00096
ghsl_5816,ghsl_5816_cell_00097
ghsl_5816,ghsl_5816_cell_00098
ghsl_5816,ghsl_5816_cell_00099
ghsl_5816,ghsl_5816_cell_00100
ghsl_5816,ghsl_5816_cell_00101
ghsl_5816,ghsl_5816_cell_00102
ghsl_5816,ghsl_5816_cell_00103
ghsl_5816,ghsl_5816_cell_00104
ghsl_5816,ghsl_5816_cell_00105
ghsl_5816,ghsl_5816_cell_00106
ghsl_5816,ghsl_5816_cell_00107
ghsl_5816,ghsl_5816_cell_00108
ghsl_5816,ghsl_5816_cell_00109
ghsl_5816,ghsl_5816_cell_00110
ghsl_5816,ghsl_5816_cell_00111
ghsl_5816,ghsl_5816_cell_00112
ghsl_5816,ghsl_5816_cell_00113
ghsl_5816,ghsl_5816_cell_00114
ghsl_5816,ghsl_5816_cell_00115
ghsl_5816,ghsl_5816_cell_00116
ghsl_5816,ghsl_5816_cell_00117
ghsl_5816,ghsl_5816_cell_00118
ghsl_5816,ghsl_5816_cell_00119
ghsl_5816,ghsl_5816_cell_00120
ghsl_5816,ghsl_5816_cell_00121
ghsl_5816,ghsl_5816_cell_00122
ghsl_5816,ghsl_5816_cell_00123
ghsl_5816,ghsl_5816_cell_00124
ghsl_5816,ghsl_5816_cell_00125
ghsl_5816,ghsl_5816_cell_00126
ghsl_5816,ghsl_5816_cell_00127
ghsl_5816,ghsl_5816_cell_00128
ghsl_5816,ghsl_5816_cell_00129
ghsl_5816,ghsl_5816_cell_00130
ghsl_5816,ghsl_5816_cell_00131
ghsl_5816,ghsl_5816_cell_00132
ghsl_5816,ghsl_5816_cell_00133
ghsl_5816,ghsl_5816_cell_00134
ghsl_5816,ghsl_5816_cell_00135
ghsl_5816,ghsl_5816_cell_00136
ghsl_5816,ghsl_5816_cell_00137
ghsl_5816,ghsl_5816_cell_00138
ghsl_5816,ghsl_5816_cell_00139
ghsl_5816,ghsl_5816_cell_00140
ghsl_5816,ghsl_5816_cell_00141
ghsl_5816,ghsl_5816_cell_00142
ghsl_5816,ghsl_5816_cell_00143
ghsl_5816,ghsl_5816_cell_00144
ghsl_5816,ghsl_5816_cell_00145
ghsl_5816,ghsl_5816_cell_00146
ghsl_5816,ghsl_5816_cell_00147
ghsl_5816,ghsl_5816_cell_00148
ghsl_5816,ghsl_5816_cell_00149
ghsl_5816,ghsl_5816_cell_00150
ghsl_5816,ghsl_5816_cell_00151
ghsl_5816,ghsl_5816_cell_00152
ghsl_5816,ghsl_5816_cell_00153
ghsl_5816,ghsl_5816_cell_00154
ghsl_5816,ghsl_5816_cell_00155
ghsl_5816,ghsl_5816_cell_00156
ghsl_5816,ghsl_5816_cell_00157
ghsl_5816,ghsl_5816_cell_00158
ghsl_5816,ghsl_5816_cell_00159
ghsl_5816,ghsl_5816_cell_00160
ghsl_5816,ghsl_5816_cell_00161
ghsl_5816,ghsl_5816_cell_00162
ghsl_5816,ghsl_5816_cell_00163
ghsl_5816,ghsl_5816_cell_00164
ghsl_5816,ghsl_5816_cell_00165
ghsl_5816,ghsl_5816_cell_00166
ghsl_5816,ghsl_5816_cell_00167
ghsl_5816,ghsl_5816_cell_00168
ghsl_5816,ghsl_5816_cell_00169
ghsl_5816,ghsl_5816_cell_00170
ghsl_5816,ghsl_5816_cell_00171
ghsl_5816,ghsl_5816_cell_00172
ghsl_5816,ghsl_5816_cell_00173
ghsl_5816,ghsl_5816_cell_00174
ghsl_5816,ghsl_5816_cell_00175
ghsl_5816,ghsl_5816_cell_00176
ghsl_5816,ghsl_5816_cell_00177
ghsl_5816,ghsl_5816_cell_00178
ghsl_5816,ghsl_5816_cell_00179
ghsl_5816,ghsl_5816_cell_00180
ghsl_5816,ghsl_5816_cell_00181
ghsl_5816,ghsl_5816_cell_00182
ghsl_5816,ghsl_5816_cell_00183
ghsl_5816,ghsl_5816_cell_00184
ghsl_5816,ghsl_5816_cell_00185
ghsl_5816,ghsl_5816_cell_00186
ghsl_5816,ghsl_5816_cell_00187
ghsl_5816,ghsl_5816_cell_00188
ghsl_5816,ghsl_5816_cell_00189
ghsl_5816,ghsl_5816_cell_00190
ghsl_5816,ghsl_5816_cell_00191
ghsl_5816,ghsl_5816_cell_00192
ghsl_5816,ghsl_5816_cell_00193
ghsl_5816,ghsl_5816_cell_00194
ghsl_5816,ghsl_5816_cell_00195
ghsl_5816,ghsl_5816_cell_00196
ghsl_5816,ghsl_5816_cell_00197
ghsl_5816,ghsl_5816_cell_00198
ghsl_5816,ghsl_5816_cell_00199
ghsl_5816,ghsl_5816_cell_00200
ghsl_5816,ghsl_5816_cell_00201
ghsl_5816,ghsl_5816_cell_00202
ghsl_5816,ghsl_5816_cell_00203
ghsl_5816,ghsl_5816_cell_00204
ghsl_5816,ghsl_5816_cell_00205
ghsl_5816,ghsl_5816_cell_00206
ghsl_5816,ghsl_5816_cell_00207
ghsl_5816,ghsl_5816_cell_00208
ghsl_5816,ghsl_5816_cell_00209
ghsl_5816,ghsl_5816_cell_00210
ghsl_5816,ghsl_5816_cell_00211
ghsl_5816,ghsl_5816_cell_00212
ghsl_5816,ghsl_5816_cell_00213
ghsl_5816,ghsl_5816_cell_00214
ghsl_5816,ghsl_5816_cell_00215
ghsl_5816,ghsl_5816_cell_00216
ghsl_5816,ghsl_5816_cell_00217
ghsl_5816,ghsl_5816_cell_00218
ghsl_5816,ghsl_5816_cell_00219
ghsl_5816,ghsl_5816_cell_00220
ghsl_5816,ghsl_5816_cell_00221
ghsl_5816,ghsl_5816_cell_00222
ghsl_5816,ghsl_5816_cell_00223
ghsl_5816,ghsl_5816_cell_00224
ghsl_5816,ghsl_5816_cell_00225
ghsl_5816,ghsl_5816_cell_00226
ghsl_5816,ghsl_5816_cell_00227
ghsl_5816,ghsl_5816_cell_00228
ghsl_5816,ghsl_5816_cell_00229
ghsl_5816,ghsl_5816_cell_00230
ghsl_5816,ghsl_5816_cell_00231
ghsl_5816,ghsl_5816_cell_00232
ghsl_5816,ghsl_5816_cell_00233
ghsl_5816,ghsl_5816_cell_00234
ghsl_5816,ghsl_5816_cell_00235
ghsl_5816,ghsl_5816_cell_00236
ghsl_5816,ghsl_5816_cell_00237
ghsl_5816,ghsl_5816_cell_00238
ghsl_5816,ghsl_5816_cell_00239
ghsl_5816,ghsl_5816_cell_00240
ghsl_5816,ghsl_5816_cell_00241
ghsl_5816,ghsl_5816_cell_00242
ghsl_5816,ghsl_5816_cell_00243
ghsl_5816,ghsl_5816_cell_00244
ghsl_5816,ghsl_5816_cell_00245
ghsl_5816,ghsl_5816_cell_00246
ghsl_5816,ghsl_5816_cell_00247
ghsl_5816,ghsl_5816_cell_00248
ghsl_5816,ghsl_5816_cell_00249
ghsl_5816,ghsl_5816_cell_00250
ghsl_5816,ghsl_5816_cell_00251
ghsl_5816,ghsl_5816_cell_00252
ghsl_5816,ghsl_5816_cell_00253
ghsl_5816,ghsl_5816_cell_00254
ghsl_5816,ghsl_5816_cell_00255
ghsl_5816,ghsl_5816_cell_00256
ghsl_5816,ghsl_5816_cell_00257
ghsl_5816,ghsl_5816_cell_00258
ghsl_5816,ghsl_5816_cell_00259
ghsl_5816,ghsl_5816_cell_00260
ghsl_5816,ghsl_5816_cell_00261
ghsl_5816,ghsl_5816_cell_00262
ghsl_5816,ghsl_5816_cell_00263
ghsl_5816,ghsl_5816_cell_00264
ghsl_5816,ghsl_5816_cell_00265
ghsl_5816,ghsl_5816_cell_00266
ghsl_5816,ghsl_5816_cell_00267
ghsl_5816,ghsl_5816_cell_00268
ghsl_5816,ghsl_5816_cell_00269
ghsl_5816,ghsl_5816_cell_00270
ghsl_5816,ghsl_5816_cell_00271
ghsl_5816,ghsl_5816_cell_00272
ghsl_5816,ghsl_5816_cell_00273
ghsl_5816,ghsl_5816_cell_00274
ghsl_5816,ghsl_5816_cell_00275
ghsl_5816,ghsl_5816_cell_00276
ghsl_5816,ghsl_5816_cell_00277
ghsl_5816,ghsl_5816_cell_00278
ghsl_5816,ghsl_5816_cell_00279
ghsl_5816,ghsl_5816_cell_00280
ghsl_5816,ghsl_5816_cell_00281
ghsl_5816,ghsl_5816_cell_00282
ghsl_5816,ghsl_5816_cell_00283
ghsl_5816,ghsl_5816_cell_00284
ghsl_5816,ghsl_5816_cell_00285
ghsl_5816,ghsl_5816_cell_00286
ghsl_5816,ghsl_5816_cell_00287
ghsl_5816,ghsl_5816_cell_00288
ghsl_5816,ghsl_5816_cell_00289
ghsl_5816,ghsl_5816_cell_00290
ghsl_5816,ghsl_5816_cell_00291
ghsl_5816,ghsl_5816_cell_00292
ghsl_5816,ghsl_5816_cell_00293
ghsl_5816,ghsl_5816_cell_00294
ghsl_5816,ghsl_5816_cell_00295
ghsl_5816,ghsl_5816_cell_00296
ghsl_5816,ghsl_5816_cell_00297
ghsl_5816,ghsl_5816_cell_00298
ghsl_5816,ghsl_5816_cell_00299
ghsl_5816,ghsl_5816_cell_00300
ghsl_5816,ghsl_5816_cell_00301
ghsl_5816,ghsl_5816_cell_00302
ghsl_5816,ghsl_5816_cell_00303
ghsl_5816,ghsl_5816_cell_00304
ghsl_5816,ghsl_5816_cell_00305
ghsl_5816,ghsl_5816_cell_00306
ghsl_5816,ghsl_5816_cell_00307
ghsl_5816,ghsl_5816_cell_00308
ghsl_5816,ghsl_5816_cell_00309
ghsl_5816,ghsl_5816_cell_00310
ghsl_5816,ghsl_5816_cell_00311
ghsl_5816,ghsl_5816_cell_00312
ghsl_5816,ghsl_5816_cell_00313
ghsl_5816,ghsl_5816_cell_00314
ghsl_5816,ghsl_5816_cell_00315
ghsl_5816,ghsl_5816_cell_00316
ghsl_5816,ghsl_5816_cell_00317
ghsl_5816,ghsl_5816_cell_00318
ghsl_5816,ghsl_5816_cell_00319
ghsl_5816,ghsl_5816_cell_00320
ghsl_5816,ghsl_5816_cell_00321
ghsl_5816,ghsl_5816_cell_00322
ghsl_5816,ghsl_5816_cell_00323
ghsl_5816,ghsl_5816_cell_00324
ghsl_5816,ghsl_5816_cell_00325
ghsl_5816,ghsl_5816_cell_00326
ghsl_5816,ghsl_5816_cell_00327
ghsl_5816,ghsl_5816_cell_00328
ghsl_5816,ghsl_5816_cell_00329
ghsl_5816,ghsl_5816_cell_00330
ghsl_5816,ghsl_5816_cell_00331
ghsl_5816,ghsl_5816_cell_00332
ghsl_5816,ghsl_5816_cell_00333
ghsl_5816,ghsl_5816_cell_00334
ghsl_5816,ghsl_5816_cell_00335
ghsl_5816,ghsl_5816_cell_00336
ghsl_5816,ghsl_5816_cell_00337
ghsl_5816,ghsl_5816_cell_00338
ghsl_5816,ghsl_5816_cell_00339
ghsl_5816,ghsl_5816_cell_00340
ghsl_5816,ghsl_5816_cell_00341
ghsl_5816,ghsl_5816_cell_00342
ghsl_5816,ghsl_5816_cell_00343
ghsl_5816,ghsl_5816_cell_00344
ghsl_5816,ghsl_5816_cell_00345
ghsl_5816,ghsl_5816_cell_00346
ghsl_5816,ghsl_5816_cell_00347
ghsl_5816,ghsl_5816_cell_00348
ghsl_5816,ghsl_5816_cell_00349
ghsl_5816,ghsl_5816_cell_00350
ghsl_5816,ghsl_5816_cell_00351
ghsl_5816,ghsl_5816_cell_00352
ghsl_5816,ghsl_5816_cell_00353
ghsl_5816,ghsl_5816_cell_00354
ghsl_5816,ghsl_5816_cell_00355
ghsl_5816,ghsl_5816_cell_00356
ghsl_5816,ghsl_5816_cell_00357
ghsl_5816,ghsl_5816_cell_00358
ghsl_5816,ghsl_5816_cell_00359
ghsl_5816,ghsl_5816_cell_00360
ghsl_5816,ghsl_5816_cell_00361
ghsl_5816,ghsl_5816_cell_00362
ghsl_5816,ghsl_5816_cell_00363
ghsl_5816,ghsl_5816_cell_00364
ghsl_5816,ghsl_5816_cell_00365
ghsl_5816,ghsl_5816_cell_00366
ghsl_5816,ghsl_5816_cell_00367
ghsl_5816,ghsl_5816_cell_00368
ghsl_5816,ghsl_5816_cell_00369
ghsl_5816,ghsl_5816_cell_00370
ghsl_5816,ghsl_5816_cell_00371
ghsl_5816,ghsl_5816_cell_00372
ghsl_5816,ghsl_5816_cell_00373
ghsl_5816,ghsl_5816_cell_00374
ghsl_5816,ghsl_5816_cell_00375
ghsl_5816,ghsl_5816_cell_00376
ghsl_5816,ghsl_5816_cell_00377
ghsl_5816,ghsl_5816_cell_00378
ghsl_5816,ghsl_5816_cell_00379
ghsl_5816,ghsl_5816_cell_00380
ghsl_5816,ghsl_5816_cell_00381
ghsl_5816,ghsl_5816_cell_00382
ghsl_5816,ghsl_5816_cell_00383
ghsl_5816,ghsl_5816_cell_00384
ghsl_5816,ghsl_5816_cell_00385
ghsl_5816,ghsl_5816_cell_00386
ghsl_5816,ghsl_5816_cell_00387
ghsl_5816,ghsl_5816_cell_00388
ghsl_5816,ghsl_5816_cell_00389
ghsl_5816,ghsl_5816_cell_00390
ghsl_5816,ghsl_5816_cell_00391
ghsl_5816,ghsl_5816_cell_00392
ghsl_5816,ghsl_5816_cell_00393
ghsl_5816,ghsl_5816_cell_00394
ghsl_5816,ghsl_5816_cell_00395
ghsl_5816,ghsl_5816_cell_00396
ghsl_5816,ghsl_5816_cell_00397
ghsl_5816,ghsl_5816_cell_00398
ghsl_5816,ghsl_5816_cell_00399
ghsl_5816,ghsl_5816_cell_00400
ghsl_5816,ghsl_5816_cell_00401
ghsl_5816,ghsl_5816_cell_00402
ghsl_5816,ghsl_5816_cell_00403
ghsl_5816,ghsl_5816_cell_00404
ghsl_5816,ghsl_5816_cell_00405
ghsl_5816,ghsl_5816_cell_00406
ghsl_5816,ghsl_5816_cell_00407
ghsl_5816,ghsl_5816_cell_00408
ghsl_5816,ghsl_5816_cell_00409
ghsl_5816,ghsl_5816_cell_00410
ghsl_5816,ghsl_5816_cell_00411
ghsl_5816,ghsl_5816_cell_00412
ghsl_5816,ghsl_5816_cell_00413
ghsl_5816,ghsl_5816_cell_00414
ghsl_5816,ghsl_5816_cell_00415
ghsl_5816,ghsl_5816_cell_00416
ghsl_5816,ghsl_5816_cell_00417
ghsl_5816,ghsl_5816_cell_00418
ghsl_5816,ghsl_5816_cell_00419
ghsl_5816,ghsl_5816_cell_00420
ghsl_5816,ghsl_5816_cell_00421
ghsl_5816,ghsl_5816_cell_00422
ghsl_5816,ghsl_5816_cell_00423
ghsl_5816,ghsl_5816_cell_00424
ghsl_5816,ghsl_5816_cell_00425
ghsl_5816,ghsl_5816_cell_00426
ghsl_5816,ghsl_5816_cell_00427
ghsl_5816,ghsl_5816_cell_00428
ghsl_5816,ghsl_5816_cell_00429
ghsl_5816,ghsl_5816_cell_00430
ghsl_5816,ghsl_5816_cell_00431
ghsl_5816,ghsl_5816_cell_00432
ghsl_5816,ghsl_5816_cell_00433
ghsl_5816,ghsl_5816_cell_00434
ghsl_5816,ghsl_5816_cell_00435
ghsl_5816,ghsl_5816_cell_00436
ghsl_5816,ghsl_5816_cell_00437
ghsl_5816,ghsl_5816_cell_00438
ghsl_5816,ghsl_5816_cell_00439
ghsl_5816,ghsl_5816_cell_00440
ghsl_5816,ghsl_5816_cell_00441
ghsl_5816,ghsl_5816_cell_00442
ghsl_5816,ghsl_5816_cell_00443
ghsl_5816,ghsl_5816_cell_00444
ghsl_5816,ghsl_5816_cell_00445
ghsl_5816,ghsl_5816_cell_00446
ghsl_5816,ghsl_5816_cell_00447
ghsl_5816,ghsl_5816_cell_00448
ghsl_5816,ghsl_5816_cell_00449
ghsl_5816,ghsl_5816_cell_00450
ghsl_5816,ghsl_5816_cell_00451
ghsl_5816,ghsl_5816_cell_00452
ghsl_5816,ghsl_5816_cell_00453
ghsl_5816,ghsl_5816_cell_00454
ghsl_5816,ghsl_5816_cell_00455
ghsl_5816,ghsl_5816_cell_00456
ghsl_5816,ghsl_5816_cell_00457
ghsl_5816,ghsl_5816_cell_00458
ghsl_5816,ghsl_5816_cell_00459
ghsl_5816,ghsl_5816_cell_00460
ghsl_5816,ghsl_5816_cell_00461
ghsl_5816,ghsl_5816_cell_00462
ghsl_5816,ghsl_5816_cell_00463
ghsl_5816,ghsl_5816_cell_00464
ghsl_5816,ghsl_5816_cell_00465
ghsl_5816,ghsl_5816_cell_00466
ghsl_5816,ghsl_5816_cell_00467
ghsl_5816,ghsl_5816_cell_00468
ghsl_5816,ghsl_5816_cell_00469
ghsl_5816,ghsl_5816_cell_00470
ghsl_5816,ghsl_5816_cell_00471
ghsl_5816,ghsl_5816_cell_00472
ghsl_5816,ghsl_5816_cell_00473
ghsl_5816,ghsl_5816_cell_00474
ghsl_5816,ghsl_5816_cell_00475
ghsl_5816,ghsl_5816_cell_00476
ghsl_5816,ghsl_5816_cell_00477
ghsl_5816,ghsl_5816_cell_00478
ghsl_5816,ghsl_5816_cell_00479
ghsl_5816,ghsl_5816_cell_00480
ghsl_5816,ghsl_5816_cell_00481
ghsl_5816,ghsl_5816_cell_00482
ghsl_5816,ghsl_5816_cell_00483
ghsl_5816,ghsl_5816_cell_00484
ghsl_5816,ghsl_5816_cell_00485
ghsl_5816,ghsl_5816_cell_00486
ghsl_5816,ghsl_5816_cell_00487
ghsl_5816,ghsl_5816_cell_00488
ghsl_5816,ghsl_5816_cell_00489
ghsl_5816,ghsl_5816_cell_00490
ghsl_5816,ghsl_5816_cell_00491
ghsl_5816,ghsl_5816_cell_00492
ghsl_5816,ghsl_5816_cell_00493
ghsl_5816,ghsl_5816_cell_00494
ghsl_5816,ghsl_5816_cell_00495
ghsl_5816,ghsl_5816_cell_00496
ghsl_5816,ghsl_5816_cell_00497
ghsl_5816,ghsl_5816_cell_00498
ghsl_5816,ghsl_5816_cell_00499
ghsl_5816,ghsl_5816_cell_00500
ghsl_5816,ghsl_5816_cell_00501
ghsl_5816,ghsl_5816_cell_00502
ghsl_5816,ghsl_5816_cell_00503
ghsl_5816,ghsl_5816_cell_00504
ghsl_5816,ghsl_5816_cell_00505
ghsl_5816,ghsl_5816_cell_00506
ghsl_5816,ghsl_5816_cell_00507
ghsl_5816,ghsl_5816_cell_00508
ghsl_5816,ghsl_5816_cell_00509
ghsl_5816,ghsl_5816_cell_00510
ghsl_5816,ghsl_5816_cell_00511
ghsl_5816,ghsl_5816_cell_00512
ghsl_5816,ghsl_5816_cell_00513
ghsl_5816,ghsl_5816_cell_00514
ghsl_5816,ghsl_5816_cell_00515
ghsl_5816,ghsl_5816_cell_00516
ghsl_5816,ghsl_5816_cell_00517
ghsl_5816,ghsl_5816_cell_00518
ghsl_5816,ghsl_5816_cell_00519
ghsl_5816,ghsl_5816_cell_00520
ghsl_5816,ghsl_5816_cell_00521
ghsl_5816,ghsl_5816_cell_00522
ghsl_5816,ghsl_5816_cell_00523
ghsl_5816,ghsl_5816_cell_00524
ghsl_5816,ghsl_5816_cell_00525
ghsl_5816,ghsl_5816_cell_00526
ghsl_5816,ghsl_5816_cell_00527
ghsl_5816,ghsl_5816_cell_00528
ghsl_5816,ghsl_5816_cell_00529
ghsl_5816,ghsl_5816_cell_00530
ghsl_5816,ghsl_5816_cell_00531
ghsl_5816,ghsl_5816_cell_00532
ghsl_5816,ghsl_5816_cell_00533
ghsl_5816,ghsl_5816_cell_00534
ghsl_5816,ghsl_5816_cell_00535
ghsl_5816,ghsl_5816_cell_00536
ghsl_5816,ghsl_5816_cell_00537
ghsl_5816,ghsl_5816_cell_00538
ghsl_5816,ghsl_5816_cell_00539
ghsl_5816,ghsl_5816_cell_00540
ghsl_5816,ghsl_5816_cell_00541
ghsl_5816,ghsl_5816_cell_00542
ghsl_5816,ghsl_5816_cell_00543
ghsl_5816,ghsl_5816_cell_00544
ghsl_5816,ghsl_5816_cell_00545
ghsl_5816,ghsl_5816_cell_00546
ghsl_5816,ghsl_5816_cell_00547
ghsl_5816,ghsl_5816_cell_00548
ghsl_5816,ghsl_5816_cell_00549
ghsl_5816,ghsl_5816_cell_00550
ghsl_5816,ghsl_5816_cell_00551
ghsl_5816,ghsl_5816_cell_00552
ghsl_5816,ghsl_5816_cell_00553
ghsl_5816,ghsl_5816_cell_00554
ghsl_5816,ghsl_5816_cell_00555
ghsl_5816,ghsl_5816_cell_00556
ghsl_5816,ghsl_5816_cell_00557
ghsl_5816,ghsl_5816_cell_00558
ghsl_5816,ghsl_5816_cell_00559
ghsl_5816,ghsl_5816_cell_00560
ghsl_5816,ghsl_5816_cell_00561
ghsl_5816,ghsl_5816_cell_00562
ghsl_5816,ghsl_5816_cell_00563
ghsl_5816,ghsl_5816_cell_00564
ghsl_5816,ghsl_5816_cell_00565
ghsl_5816,ghsl_5816_cell_00566
ghsl_5816,ghsl_5816_cell_00567
ghsl_5816,ghsl_5816_cell_00568
ghsl_5816,ghsl_5816_cell_00569
ghsl_5816,ghsl_5816_cell_00570
ghsl_5816,ghsl_5816_cell_00571
ghsl_5816,ghsl_5816_cell_00572
ghsl_5816,ghsl_5816_cell_00573
ghsl_5816,ghsl_5816_cell_00574
ghsl_5816,ghsl_5816_cell_00575
ghsl_5816,ghsl_5816_cell_00576
ghsl_5816,ghsl_5816_cell_00577
ghsl_5816,ghsl_5816_cell_00578
ghsl_5816,ghsl_5816_cell_00579
ghsl_5816,ghsl_5816_cell_00580
ghsl_5816,ghsl_5816_cell_00581
ghsl_5816,ghsl_5816_cell_00582
ghsl_5816,ghsl_5816_cell_00583
ghsl_5816,ghsl_5816_cell_00584
ghsl_5816,ghsl_5816_cell_00585
ghsl_5816,ghsl_5816_cell_00586
ghsl_5816,ghsl_5816_cell_00587
ghsl_5816,ghsl_5816_cell_00588
ghsl_5816,ghsl_5816_cell_00589
ghsl_5816,ghsl_5816_cell_00590
ghsl_5816,ghsl_5816_cell_00591
ghsl_5816,ghsl_5816_cell_00592
ghsl_5816,ghsl_5816_cell_00593
ghsl_5816,ghsl_5816_cell_00594
ghsl_5816,ghsl_5816_cell_00595
ghsl_5816,ghsl_5816_cell_00596
ghsl_5816,ghsl_5816_cell_00597
ghsl_5816,ghsl_5816_cell_00598
ghsl_5816,ghsl_5816_cell_00599
ghsl_5816,ghsl_5816_cell_00600
ghsl_5816,ghsl_5816_cell_00601
ghsl_5816,ghsl_5816_cell_00602
ghsl_5816,ghsl_5816_cell_00603
ghsl_5816,ghsl_5816_cell_00604
ghsl_5816,ghsl_5816_cell_00605
ghsl_5816,ghsl_5816_cell_00606
ghsl_5816,ghsl_5816_cell_00607
ghsl_5816,ghsl_5816_cell_00608
ghsl_5816,ghsl_5816_cell_00609
ghsl_5816,ghsl_5816_cell_00610
ghsl_5816,ghsl_5816_cell_00611
ghsl_5816,ghsl_5816_cell_00612
ghsl_5816,ghsl_5816_cell_00613
ghsl_5816,ghsl_5816_cell_00614
ghsl_5816,ghsl_5816_cell_00615
ghsl_5816,ghsl_5816_cell_00616
ghsl_5816,ghsl_5816_cell_00617
ghsl_5816,ghsl_5816_cell_00618
ghsl_5816,ghsl_5816_cell_00619
ghsl_5816,ghsl_5816_cell_00620
ghsl_5816,ghsl_5816_cell_00621
ghsl_5816,ghsl_5816_cell_00622
ghsl_5816,ghsl_5816_cell_00623
ghsl_5816,ghsl_5816_cell_00624
ghsl_5816,ghsl_5816_cell_00625
ghsl_5816,ghsl_5816_cell_00626
ghsl_5816,ghsl_5816_cell_00627
ghsl_5816,ghsl_5816_cell_00628
ghsl_5816,ghsl_5816_cell_00629
ghsl_5816,ghsl_5816_cell_00630
ghsl_5816,ghsl_5816_cell_00631
ghsl_5816,ghsl_5816_cell_00632
ghsl_5816,ghsl_5816_cell_00633
ghsl_5816,ghsl_5816_cell_00634
ghsl_5816,ghsl_5816_cell_00635
ghsl_5816,ghsl_5816_cell_00636
ghsl_5816,ghsl_5816_cell_00637
ghsl_5816,ghsl_5816_cell_00638
ghsl_5816,ghsl_5816_cell_00639
ghsl_5816,ghsl_5816_cell_00640
ghsl_5816,ghsl_5816_cell_00641
ghsl_5816,ghsl_5816_cell_00642
ghsl_5816,ghsl_5816_cell_00643
ghsl_5816,ghsl_5816_cell_00644
ghsl_5816,ghsl_5816_cell_00645
ghsl_5816,ghsl_5816_cell_00646
ghsl_5816,ghsl_5816_cell_00647
ghsl_5816,ghsl_5816_cell_00648
ghsl_5816,ghsl_5816_cell_00649
ghsl_5816,ghsl_5816_cell_00650
ghsl_5816,ghsl_5816_cell_00651
ghsl_5816,ghsl_5816_cell_00652
ghsl_5816,ghsl_5816_cell_00653
ghsl_5816,ghsl_5816_cell_00654
ghsl_5816,ghsl_5816_cell_00655
ghsl_5816,ghsl_5816_cell_00656
ghsl_5816,ghsl_5816_cell_00657
ghsl_5816,ghsl_5816_cell_00658
ghsl_5816,ghsl_5816_cell_00659
ghsl_5816,ghsl_5816_cell_00660
ghsl_5816,ghsl_5816_cell_00661
ghsl_5816,ghsl_5816_cell_00662
ghsl_5816,ghsl_5816_cell_00663
ghsl_5816,ghsl_5816_cell_00664
ghsl_5816,ghsl_5816_cell_00665
ghsl_5816,ghsl_5816_cell_00666
ghsl_5816,ghsl_5816_cell_00667
ghsl_5816,ghsl_5816_cell_00668
ghsl_5816,ghsl_5816_cell_00669
ghsl_5816,ghsl_5816_cell_00670
ghsl_5816,ghsl_5816_cell_00671
ghsl_5816,ghsl_5816_cell_00672
ghsl_5816,ghsl_5816_cell_00673
ghsl_5816,ghsl_5816_cell_00674
ghsl_5816,ghsl_5816_cell_00675
ghsl_5816,ghsl_5816_cell_00676
ghsl_5816,ghsl_5816_cell_00677
ghsl_5816,ghsl_5816_cell_00678
ghsl_5816,ghsl_5816_cell_00679
ghsl_5816,ghsl_5816_cell_00680
ghsl_5816,ghsl_5816_cell_00681
ghsl_5816,ghsl_5816_cell_00682
ghsl_5816,ghsl_5816_cell_00683
ghsl_5816,ghsl_5816_cell_00684
ghsl_5816,ghsl_5816_cell_00685
ghsl_5816,ghsl_5816_cell_00686
ghsl_5816,ghsl_5816_cell_00687
ghsl_5816,ghsl_5816_cell_00688
ghsl_5816,ghsl_5816_cell_00689
ghsl_5816,ghsl_5816_cell_00690
ghsl_5816,ghsl_5816_cell_00691
ghsl_5816,ghsl_5816_cell_00692
ghsl_5816,ghsl_5816_cell_00693
ghsl_5816,ghsl_5816_cell_00694
ghsl_5816,ghsl_5816_cell_00695
ghsl_5816,ghsl_5816_cell_00696
ghsl_5816,ghsl_5816_cell_00697
ghsl_5816,ghsl_5816_cell_00698
ghsl_5816,ghsl_5816_cell_00699
ghsl_5816,ghsl_5816_cell_00700
ghsl_5816,ghsl_5816_cell_00701
ghsl_5816,ghsl_5816_cell_00702
ghsl_5816,ghsl_5816_cell_00703
ghsl_5816,ghsl_5816_cell_00704
ghsl_5816,ghsl_5816_cell_00705
ghsl_5816,ghsl_5816_cell_00706
ghsl_5816,ghsl_5816_cell_00707
ghsl_5816,ghsl_5816_cell_00708
ghsl_5816,ghsl_5816_cell_00709
ghsl_5816,ghsl_5816_cell_00710
ghsl_5816,ghsl_5816_cell_00711
ghsl_5816,ghsl_5816_cell_00712
ghsl_5816,ghsl_5816_cell_00713
ghsl_5816,ghsl_5816_cell_00714
ghsl_5816,ghsl_5816_cell_00715
ghsl_5816,ghsl_5816_cell_00716
ghsl_5816,ghsl_5816_cell_00717
ghsl_5816,ghsl_5816_cell_00718
ghsl_5816,ghsl_5816_cell_00719
ghsl_5816,ghsl_5816_cell_00720
ghsl_5816,ghsl_5816_cell_00721
ghsl_5816,ghsl_5816_cell_00722
ghsl_5816,ghsl_5816_cell_00723
ghsl_5816,ghsl_5816_cell_00724
ghsl_5816,ghsl_5816_cell_00725
ghsl_5816,ghsl_5816_cell_00726
ghsl_5816,ghsl_5816_cell_00727
ghsl_5816,ghsl_5816_cell_00728
ghsl_5816,ghsl_5816_cell_00729
ghsl_5816,ghsl_5816_cell_00730
ghsl_5816,ghsl_5816_cell_00731
ghsl_5816,ghsl_5816_cell_00732
ghsl_5816,ghsl_5816_cell_00733
ghsl_5816,ghsl_5816_cell_00734
ghsl_5816,ghsl_5816_cell_00735
ghsl_5816,ghsl_5816_cell_00736
ghsl_5816,ghsl_5816_cell_00737
ghsl_5816,ghsl_5816_cell_00738
ghsl_5816,ghsl_5816_cell_00739
ghsl_5816,ghsl_5816_cell_00740
ghsl_5816,ghsl_5816_cell_00741
ghsl_5816,ghsl_5816_cell_00742
ghsl_5816,ghsl_5816_cell_00743
ghsl_5816,ghsl_5816_cell_00744
ghsl_5816,ghsl_5816_cell_00745
ghsl_5816,ghsl_5816_cell_00746
ghsl_5816,ghsl_5816_cell_00747
ghsl_5816,ghsl_5816_cell_00748
ghsl_5816,ghsl_5816_cell_00749
ghsl_5816,ghsl_5816_cell_00750
ghsl_5816,ghsl_5816_cell_00751
ghsl_5816,ghsl_5816_cell_00752
ghsl_5816,ghsl_5816_cell_00753
ghsl_5816,ghsl_5816_cell_00754
ghsl_5816,ghsl_5816_cell_00755
ghsl_5816,ghsl_5816_cell_00756
ghsl_5816,ghsl_5816_cell_00757
ghsl_5816,ghsl_5816_cell_00758
ghsl_5816,ghsl_5816_cell_00759
ghsl_5816,ghsl_5816_cell_00760
ghsl_5816,ghsl_5816_cell_00761
ghsl_5816,ghsl_5816_cell_00762
ghsl_5816,ghsl_5816_cell_00763
ghsl_5816,ghsl_5816_cell_00764
ghsl_5816,ghsl_5816_cell_00765
ghsl_5816,ghsl_5816_cell_00766
ghsl_5816,ghsl_5816_cell_00767
ghsl_5816,ghsl_5816_cell_00768
ghsl_5816,ghsl_5816_cell_00769
ghsl_5816,ghsl_5816_cell_00770
ghsl_5816,ghsl_5816_cell_00771
ghsl_5816,ghsl_5816_cell_00772
ghsl_5816,ghsl_5816_cell_00773
ghsl_5816,ghsl_5816_cell_00774
ghsl_5816,ghsl_5816_cell_00775
ghsl_5816,ghsl_5816_cell_00776
ghsl_5816,ghsl_5816_cell_00777
ghsl_5816,ghsl_5816_cell_00778
ghsl_5816,ghsl_5816_cell_00779
ghsl_5816,ghsl_5816_cell_00780
ghsl_5816,ghsl_5816_cell_00781
ghsl_5816,ghsl_5816_cell_00782
ghsl_5816,ghsl_5816_cell_00783
ghsl_5816,ghsl_5816_cell_00784
ghsl_5816,ghsl_5816_cell_00785
ghsl_5816,ghsl_5816_cell_00786
ghsl_5816,ghsl_5816_cell_00787
ghsl_5816,ghsl_5816_cell_00788
ghsl_5816,ghsl_5816_cell_00789
ghsl_5816,ghsl_5816_cell_00790
ghsl_5816,ghsl_5816_cell_00791
ghsl_5816,ghsl_5816_cell_00792
ghsl_5816,ghsl_5816_cell_00793
ghsl_5816,ghsl_5816_cell_00794
ghsl_5816,ghsl_5816_cell_00795
ghsl_5816,ghsl_5816_cell_00796
ghsl_5816,ghsl_5816_cell_00797
ghsl_5816,ghsl_5816_cell_00798
ghsl_5816,ghsl_5816_cell_00799
ghsl_5816,ghsl_5816_cell_00800
ghsl_5816,ghsl_5816_cell_00801
ghsl_5816,ghsl_5816_cell_00802
ghsl_5816,ghsl_5816_cell_00803
ghsl_5816,ghsl_5816_cell_00804
ghsl_5816,ghsl_5816_cell_00805
ghsl_5816,ghsl_5816_cell_00806
ghsl_5816,ghsl_5816_cell_00807
ghsl_5816,ghsl_5816_cell_00808
ghsl_5816,ghsl_5816_cell_00809
ghsl_5816,ghsl_5816_cell_00810
ghsl_5816,ghsl_5816_cell_00811
ghsl_5816,ghsl_5816_cell_00812
ghsl_5816,ghsl_5816_cell_00813
ghsl_5816,ghsl_5816_cell_00814
ghsl_5816,ghsl_5816_cell_00815
ghsl_5816,ghsl_5816_cell_00816
ghsl_5816,ghsl_5816_cell_00817
ghsl_5816,ghsl_5816_cell_00818
ghsl_5816,ghsl_5816_cell_00819
ghsl_5816,ghsl_5816_cell_00820
ghsl_5816,ghsl_5816_cell_00821
ghsl_5816,ghsl_5816_cell_00822
ghsl_5816,ghsl_5816_cell_00823
ghsl_5816,ghsl_5816_cell_00824
ghsl_5816,ghsl_5816_cell_00825
ghsl_5816,ghsl_5816_cell_00826
ghsl_5816,ghsl_5816_cell_00827
ghsl_5816,ghsl_5816_cell_00828
ghsl_5816,ghsl_5816_cell_00829
ghsl_5816,ghsl_5816_cell_00830
ghsl_5816,ghsl_5816_cell_00831
ghsl_5816,ghsl_5816_cell_00832
ghsl_5816,ghsl_5816_cell_00833
ghsl_5816,ghsl_5816_cell_00834
ghsl_5816,ghsl_5816_cell_00835
ghsl_5816,ghsl_5816_cell_00836
ghsl_5816,ghsl_5816_cell_00837
ghsl_5816,ghsl_5816_cell_00838
ghsl_5816,ghsl_5816_cell_00839
ghsl_5816,ghsl_5816_cell_00840
ghsl_5816,ghsl_5816_cell_00841
ghsl_5816,ghsl_5816_cell_00842
ghsl_5816,ghsl_5816_cell_00843
ghsl_5816,ghsl_5816_cell_00844
ghsl_5816,ghsl_5816_cell_00845
ghsl_5816,ghsl_5816_cell_00846
ghsl_5816,ghsl_5816_cell_00847
ghsl_5816,ghsl_5816_cell_00848
ghsl_5816,ghsl_5816_cell_00849
ghsl_5816,ghsl_5816_cell_00850
ghsl_5816,ghsl_5816_cell_00851
ghsl_5816,ghsl_5816_cell_00852
ghsl_5816,ghsl_5816_cell_00853
ghsl_5816,ghsl_5816_cell_00854
ghsl_5816,ghsl_5816_cell_00855
ghsl_5816,ghsl_5816_cell_00856
ghsl_5816,ghsl_5816_cell_00857
ghsl_5816,ghsl_5816_cell_00858
ghsl_5816,ghsl_5816_cell_00859
ghsl_5816,ghsl_5816_cell_00860
ghsl_5816,ghsl_5816_cell_00861
ghsl_5816,ghsl_5816_cell_00862
ghsl_5816,ghsl_5816_cell_00863
ghsl_5816,ghsl_5816_cell_00864
ghsl_5816,ghsl_5816_cell_00865
ghsl_5816,ghsl_5816_cell_00866
ghsl_5816,ghsl_5816_cell_00867
ghsl_5816,ghsl_5816_cell_00868
ghsl_5816,ghsl_5816_cell_00869
ghsl_5816,ghsl_5816_cell_00870
ghsl_5816,ghsl_5816_cell_00871
ghsl_5816,ghsl_5816_cell_00872
ghsl_5816,ghsl_5816_cell_00873
ghsl_5816,ghsl_5816_cell_00874
ghsl_5816,ghsl_5816_cell_00875
ghsl_5816,ghsl_5816_cell_00876
ghsl_5816,ghsl_5816_cell_00877
ghsl_5816,ghsl_5816_cell_00878
ghsl_5816,ghsl_5816_cell_00879
ghsl_5816,ghsl_5816_cell_00880
ghsl_5816,ghsl_5816_cell_00881
ghsl_5816,ghsl_5816_cell_00882
ghsl_5816,ghsl_5816_cell_00883
ghsl_5816,ghsl_5816_cell_00884
ghsl_5816,ghsl_5816_cell_00885
ghsl_5816,ghsl_5816_cell_00886
ghsl_5816,ghsl_5816_cell_00887
ghsl_5816,ghsl_5816_cell_00888
ghsl_5816,ghsl_5816_cell_00889
ghsl_5816,ghsl_5816_cell_00890
ghsl_5816,ghsl_5816_cell_00891
ghsl_5816,ghsl_5816_cell_00892
ghsl_5816,ghsl_5816_cell_00893
ghsl_5816,ghsl_5816_cell_00894
ghsl_5816,ghsl_5816_cell_00895
ghsl_5816,ghsl_5816_cell_00896
ghsl_5816,ghsl_5816_cell_00897
ghsl_5816,ghsl_5816_cell_00898
ghsl_5816,ghsl_5816_cell_00899
ghsl_5816,ghsl_5816_cell_00900
ghsl_5816,ghsl_5816_cell_00901
ghsl_5816,ghsl_5816_cell_00902
ghsl_5816,ghsl_5816_cell_00903
ghsl_5816,ghsl_5816_cell_00904
ghsl_5816,ghsl_5816_cell_00905
ghsl_5816,ghsl_5816_cell_00906
ghsl_5816,ghsl_5816_cell_00907
ghsl_5816,ghsl_5816_cell_00908
ghsl_5816,ghsl_5816_cell_00909
ghsl_5816,ghsl_5816_cell_00910
ghsl_5816,ghsl_5816_cell_00911
ghsl_5816,ghsl_5816_cell_00912
ghsl_5816,ghsl_5816_cell_00913
ghsl_5816,ghsl_5816_cell_00914
ghsl_5816,ghsl_5816_cell_00915
ghsl_5816,ghsl_5816_cell_00916
ghsl_5816,ghsl_5816_cell_00917
ghsl_5816,ghsl_5816_cell_00918
ghsl_5816,ghsl_5816_cell_00919
ghsl_5816,ghsl_5816_cell_00920
ghsl_5816,ghsl_5816_cell_00921
ghsl_5816,ghsl_5816_cell_00922
ghsl_5816,ghsl_5816_cell_00923
ghsl_5816,ghsl_5816_cell_00924
ghsl_5816,ghsl_5816_cell_00925
ghsl_5816,ghsl_5816_cell_00926
ghsl_5816,ghsl_5816_cell_00927
ghsl_5816,ghsl_5816_cell_00928
ghsl_5816,ghsl_5816_cell_00929
ghsl_5816,ghsl_5816_cell_00930
ghsl_5816,ghsl_5816_cell_00931
ghsl_5816,ghsl_5816_cell_00932
ghsl_5816,ghsl_5816_cell_00933
ghsl_5816,ghsl_5816_cell_00934
ghsl_5816,ghsl_5816_cell_00935
ghsl_5816,ghsl_5816_cell_00936
ghsl_5816,ghsl_5816_cell_00937
ghsl_5816,ghsl_5816_cell_00938
ghsl_5816,ghsl_5816_cell_00939
ghsl_5816,ghsl_5816_cell_00940
ghsl_5816,ghsl_5816_cell_00941
ghsl_5816,ghsl_5816_cell_00942
ghsl_5816,ghsl_5816_cell_00943
ghsl_5816,ghsl_5816_cell_00944
ghsl_5816,ghsl_5816_cell_00945
ghsl_5816,ghsl_5816_cell_00946
ghsl_5816,ghsl_5816_cell_00947
ghsl_5816,ghsl_5816_cell_00948
ghsl_5816,ghsl_5816_cell_00949
ghsl_5816,ghsl_5816_cell_00950
ghsl_5816,ghsl_5816_cell_00951
ghsl_5816,ghsl_5816_cell_00952
ghsl_5816,ghsl_5816_cell_00953
ghsl_5816,ghsl_5816_cell_00954
ghsl_5816,ghsl_5816_cell_00955
ghsl_5816,ghsl_5816_cell_00956
ghsl_5816,ghsl_5816_cell_00957
ghsl_5816,ghsl_5816_cell_00958
ghsl_5816,ghsl_5816_cell_00959
ghsl_5816,ghsl_5816_cell_00960
ghsl_5816,ghsl_5816_cell_00961
ghsl_5816,ghsl_5816_cell_00962
ghsl_5816,ghsl_5816_cell_00963
ghsl_5816,ghsl_5816_cell_00964
ghsl_5816,ghsl_5816_cell_00965
ghsl_5816,ghsl_5816_cell_00966
ghsl_5816,ghsl_5816_cell_00967
ghsl_5816,ghsl_5816_cell_00968
ghsl_5816,ghsl_5816_cell_00969
ghsl_5816,ghsl_5816_cell_00970
ghsl_5816,ghsl_5816_cell_00971
ghsl_5816,ghsl_5816_cell_00972
ghsl_5816,ghsl_5816_cell_00973
ghsl_5816,ghsl_5816_cell_00974
ghsl_5816,ghsl_5816_cell_00975
ghsl_5816,ghsl_5816_cell_00976
ghsl_5816,ghsl_5816_cell_00977
ghsl_5816,ghsl_5816_cell_00978
ghsl_5816,ghsl_5816_cell_00979
ghsl_5816,ghsl_5816_cell_00980
ghsl_5816,ghsl_5816_cell_00981
ghsl_5816,ghsl_5816_cell_00982
ghsl_5816,ghsl_5816_cell_00983
ghsl_5816,ghsl_5816_cell_00984
ghsl_5816,ghsl_5816_cell_00985
ghsl_5816,ghsl_5816_cell_00986
ghsl_5816,ghsl_5816_cell_00987
ghsl_5816,ghsl_5816_cell_00988
ghsl_5816,ghsl_5816_cell_00989
ghsl_5816,ghsl_5816_cell_00990
ghsl_5816,ghsl_5816_cell_00991
ghsl_5816,ghsl_5816_cell_00992
ghsl_5816,ghsl_5816_cell_00993
ghsl_5816,ghsl_5816_cell_00994
ghsl_5816,ghsl_5816_cell_00995
ghsl_5816,ghsl_5816_cell_00996
ghsl_5816,ghsl_5816_cell_00997
ghsl_5816,ghsl_5816_cell_00998
ghsl_5816,ghsl_5816_cell_00999
ghsl_5816,ghsl_5816_cell_01000
ghsl_5816,ghsl_5816_cell_01001
ghsl_5816,ghsl_5816_cell_01002
ghsl_5816,ghsl_5816_cell_01003
ghsl_5816,ghsl_5816_cell_01004
ghsl_5816,ghsl_5816_cell_01005
ghsl_5816,ghsl_5816_cell_01006
ghsl_5816,ghsl_5816_cell_01007
ghsl_5816,ghsl_5816_cell_01008
ghsl_5816,ghsl_5816_cell_01009
ghsl_5816,ghsl_5816_cell_01010
ghsl_5816,ghsl_5816_cell_01011
ghsl_5816,ghsl_5816_cell_01012
ghsl_5816,ghsl_5816_cell_01013
ghsl_5816,ghsl_5816_cell_01014
ghsl_5816,ghsl_5816_cell_01015
ghsl_5816,ghsl_5816_cell_01016
ghsl_5816,ghsl_5816_cell_01017
ghsl_5816,ghsl_5816_cell_01018
ghsl_5816,ghsl_5816_cell_01019
ghsl_5816,ghsl_5816_cell_01020
ghsl_5816,ghsl_5816_cell_01021
ghsl_5816,ghsl_5816_cell_01022
ghsl_5816,ghsl_5816_cell_01023
ghsl_5816,ghsl_5816_cell_01024
ghsl_5816,ghsl_5816_cell_01025
ghsl_5816,ghsl_5816_cell_01026
ghsl_5816,ghsl_5816_cell_01027
ghsl_5816,ghsl_5816_cell_01028
ghsl_5816,ghsl_5816_cell_01029
ghsl_5816,ghsl_5816_cell_01030
ghsl_5816,ghsl_5816_cell_01031
ghsl_5816,ghsl_5816_cell_01032
ghsl_5816,ghsl_5816_cell_01033
ghsl_5816,ghsl_5816_cell_01034
ghsl_5816,ghsl_5816_cell_01035
ghsl_5816,ghsl_5816_cell_01036
ghsl_5816,ghsl_5816_cell_01037
ghsl_5816,ghsl_5816_cell_01038
ghsl_5816,ghsl_5816_cell_01039
ghsl_5816,ghsl_5816_cell_01040
ghsl_5816,ghsl_5816_cell_01041
ghsl_5816,ghsl_5816_cell_01042
ghsl_5816,ghsl_5816_cell_01043
ghsl_5816,ghsl_5816_cell_01044
ghsl_5816,ghsl_5816_cell_01045
ghsl_5816,ghsl_5816_cell_01046
ghsl_5816,ghsl_5816_cell_01047
ghsl_5816,ghsl_5816_cell_01048
ghsl_5816,ghsl_5816_cell_01049
ghsl_5816,ghsl_5816_cell_01050
ghsl_5816,ghsl_5816_cell_01051
ghsl_5816,ghsl_5816_cell_01052
ghsl_5816,ghsl_5816_cell_01053
ghsl_5816,ghsl_5816_cell_01054
ghsl_5816,ghsl_5816_cell_01055
ghsl_5816,ghsl_5816_cell_01056
ghsl_5816,ghsl_5816_cell_01057
ghsl_5816,ghsl_5816_cell_01058
ghsl_5816,ghsl_5816_cell_01059
ghsl_5816,ghsl_5816_cell_01060
ghsl_5816,ghsl_5816_cell_01061
ghsl_5816,ghsl_5816_cell_01062
ghsl_5816,ghsl_5816_cell_01063
ghsl_5816,ghsl_5816_cell_01064
ghsl_5816,ghsl_5816_cell_01065
ghsl_5816,ghsl_5816_cell_01066
ghsl_5816,ghsl_5816_cell_01067
ghsl_5816,ghsl_5816_cell_01068
ghsl_5816,ghsl_5816_cell_01069
ghsl_5816,ghsl_5816_cell_01070
ghsl_5816,ghsl_5816_cell_01071
ghsl_5816,ghsl_5816_cell_01072
ghsl_5816,ghsl_5816_cell_01073
ghsl_5816,ghsl_5816_cell_01074
ghsl_5816,ghsl_5816_cell_01075
ghsl_5816,ghsl_5816_cell_01076
ghsl_5816,ghsl_5816_cell_01077
ghsl_5816,ghsl_5816_cell_01078
ghsl_5816,ghsl_5816_cell_01079
ghsl_5816,ghsl_5816_cell_01080
ghsl_5816,ghsl_5816_cell_01081
ghsl_5816,ghsl_5816_cell_01082
ghsl_5816,ghsl_5816_cell_01083
ghsl_5816,ghsl_5816_cell_01084
ghsl_5816,ghsl_5816_cell_01085
ghsl_5816,ghsl_5816_cell_01086
ghsl_5816,ghsl_5816_cell_01087
ghsl_5816,ghsl_5816_cell_01088
ghsl_5816,ghsl_5816_cell_01089
ghsl_5816,ghsl_5816_cell_01090
ghsl_5816,ghsl_5816_cell_01091
ghsl_5816,ghsl_5816_cell_01092
ghsl_5816,ghsl_5816_cell_01093
ghsl_5816,ghsl_5816_cell_01094
ghsl_5816,ghsl_5816_cell_01095
ghsl_5816,ghsl_5816_cell_01096
ghsl_5816,ghsl_5816_cell_01097
ghsl_5816,ghsl_5816_cell_01098
ghsl_5816,ghsl_5816_cell_01099
ghsl_5816,ghsl_5816_cell_01100
ghsl_5816,ghsl_5816_cell_01101
ghsl_5816,ghsl_5816_cell_01102
ghsl_5816,ghsl_5816_cell_01103
ghsl_5816,ghsl_5816_cell_01104
ghsl_5816,ghsl_5816_cell_01105
ghsl_5816,ghsl_5816_cell_01106
ghsl_5816,ghsl_5816_cell_01107
ghsl_5816,ghsl_5816_cell_01108
ghsl_5816,ghsl_5816_cell_01109
ghsl_5816,ghsl_5816_cell_01110
ghsl_5816,ghsl_5816_cell_01111
ghsl_5816,ghsl_5816_cell_01112
ghsl_5816,ghsl_5816_cell_01113
ghsl_5816,ghsl_5816_cell_01114
ghsl_5816,ghsl_5816_cell_01115
ghsl_5816,ghsl_5816_cell_01116
ghsl_5816,ghsl_5816_cell_01117
ghsl_5816,ghsl_5816_cell_01118
ghsl_5816,ghsl_5816_cell_01119
ghsl_5816,ghsl_5816_cell_01120
ghsl_5816,ghsl_5816_cell_01121
ghsl_5816,ghsl_5816_cell_01122
ghsl_5816,ghsl_5816_cell_01123
ghsl_5816,ghsl_5816_cell_01124
ghsl_5816,ghsl_5816_cell_01125
ghsl_5816,ghsl_5816_cell_01126
ghsl_5816,ghsl_5816_cell_01127
ghsl_5816,ghsl_5816_cell_01128
ghsl_5816,ghsl_5816_cell_01129
ghsl_5816,ghsl_5816_cell_01130
ghsl_5816,ghsl_5816_cell_01131
ghsl_5816,ghsl_5816_cell_01132
ghsl_5816,ghsl_5816_cell_01133
ghsl_5816,ghsl_5816_cell_01134
ghsl_5816,ghsl_5816_cell_01135
ghsl_5816,ghsl_5816_cell_01136
ghsl_5816,ghsl_5816_cell_01137
ghsl_5816,ghsl_5816_cell_01138
ghsl_5816,ghsl_5816_cell_01139
ghsl_5816,ghsl_5816_cell_01140
ghsl_5816,ghsl_5816_cell_01141
ghsl_5816,ghsl_5816_cell_01142
ghsl_5816,ghsl_5816_cell_01143
ghsl_5816,ghsl_5816_cell_01144
ghsl_5816,ghsl_5816_cell_01145
ghsl_5816,ghsl_5816_cell_01146
ghsl_5816,ghsl_5816_cell_01147
ghsl_5816,ghsl_5816_cell_01148
ghsl_5816,ghsl_5816_cell_01149
ghsl_5816,ghsl_5816_cell_01150
ghsl_5816,ghsl_5816_cell_01151
ghsl_5816,ghsl_5816_cell_01152
ghsl_5816,ghsl_5816_cell_01153
ghsl_5816,ghsl_5816_cell_01154
ghsl_5816,ghsl_5816_cell_01155
ghsl_5816,ghsl_5816_cell_01156
ghsl_5816,ghsl_5816_cell_01157
ghsl_5816,ghsl_5816_cell_01158
ghsl_5816,ghsl_5816_cell_01159
ghsl_5816,ghsl_5816_cell_01160
ghsl_5816,ghsl_5816_cell_01161
ghsl_5816,ghsl_5816_cell_01162
ghsl_5816,ghsl_5816_cell_01163
ghsl_5816,ghsl_5816_cell_01164
ghsl_5816,ghsl_5816_cell_01165
ghsl_5816,ghsl_5816_cell_01166
ghsl_5816,ghsl_5816_cell_01167
ghsl_5816,ghsl_5816_cell_01168
ghsl_5816,ghsl_5816_cell_01169
ghsl_5816,ghsl_5816_cell_01170
ghsl_5816,ghsl_5816_cell_01171
ghsl_5816,ghsl_5816_cell_01172
ghsl_5816,ghsl_5816_cell_01173
ghsl_5816,ghsl_5816_cell_01174
ghsl_5816,ghsl_5816_cell_01175
ghsl_5816,ghsl_5816_cell_01176
ghsl_5816,ghsl_5816_cell_01177
ghsl_5816,ghsl_5816_cell_01178
ghsl_5816,ghsl_5816_cell_01179
ghsl_5816,ghsl_5816_cell_01180
ghsl_5816,ghsl_5816_cell_01181
ghsl_5816,ghsl_5816_cell_01182
ghsl_5816,ghsl_5816_cell_01183
ghsl_5816,ghsl_5816_cell_01184
ghsl_5816,ghsl_5816_cell_01185
ghsl_5816,ghsl_5816_cell_01186
ghsl_5816,ghsl_5816_cell_01187
ghsl_5816,ghsl_5816_cell_01188
ghsl_5816,ghsl_5816_cell_01189
ghsl_5816,ghsl_5816_cell_01190
ghsl_5816,ghsl_5816_cell_01191
ghsl_5816,ghsl_5816_cell_01192
ghsl_5816,ghsl_5816_cell_01193
ghsl_5816,ghsl_5816_cell_01194
ghsl_5816,ghsl_5816_cell_01195
ghsl_5816,ghsl_5816_cell_01196
ghsl_5816,ghsl_5816_cell_01197
ghsl_5816,ghsl_5816_cell_01198
ghsl_5816,ghsl_5816_cell_01199
ghsl_5816,ghsl_5816_cell_01200
ghsl_5816,ghsl_5816_cell_01201
ghsl_5816,ghsl_5816_cell_01202
ghsl_5816,ghsl_5816_cell_01203
ghsl_5816,ghsl_5816_cell_01204
ghsl_5816,ghsl_5816_cell_01205
ghsl_5816,ghsl_5816_cell_01206
ghsl_5816,ghsl_5816_cell_01207
ghsl_5816,ghsl_5816_cell_01208
ghsl_5816,ghsl_5816_cell_01209
ghsl_5816,ghsl_5816_cell_01210
ghsl_5816,ghsl_5816_cell_01211
ghsl_5816,ghsl_5816_cell_01212
ghsl_5816,ghsl_5816_cell_01213
ghsl_5816,ghsl_5816_cell_01214
ghsl_5816,ghsl_5816_cell_01215
ghsl_5816,ghsl_5816_cell_01216
ghsl_5816,ghsl_5816_cell_01217
ghsl_5816,ghsl_5816_cell_01218
ghsl_5816,ghsl_5816_cell_01219
ghsl_5816,ghsl_5816_cell_01220
ghsl_5816,ghsl_5816_cell_01221
ghsl_5816,ghsl_5816_cell_01222
ghsl_5816,ghsl_5816_cell_01223
ghsl_5816,ghsl_5816_cell_01224
ghsl_5816,ghsl_5816_cell_01225
ghsl_5816,ghsl_5816_cell_01226
ghsl_5816,ghsl_5816_cell_01227
ghsl_5816,ghsl_5816_cell_01228
ghsl_5816,ghsl_5816_cell_01229
ghsl_5816,ghsl_5816_cell_01230
ghsl_5816,ghsl_5816_cell_01231
ghsl_5816,ghsl_5816_cell_01232
ghsl_5816,ghsl_5816_cell_01233
ghsl_5816,ghsl_5816_cell_01234
ghsl_5816,ghsl_5816_cell_01235
ghsl_5816,ghsl_5816_cell_01236
ghsl_5816,ghsl_5816_cell_01237
ghsl_5816,ghsl_5816_cell_01238
ghsl_5816,ghsl_5816_cell_01239
ghsl_5816,ghsl_5816_cell_01240
ghsl_5816,ghsl_5816_cell_01241
ghsl_5816,ghsl_5816_cell_01242
ghsl_5816,ghsl_5816_cell_01243
ghsl_5816,ghsl_5816_cell_01244
ghsl_5816,ghsl_5816_cell_01245
ghsl_5816,ghsl_5816_cell_01246
ghsl_5816,ghsl_5816_cell_01247
ghsl_5816,ghsl_5816_cell_01248
ghsl_5816,ghsl_5816_cell_01249
ghsl_5816,ghsl_5816_cell_01250
ghsl_5816,ghsl_5816_cell_01251
ghsl_5816,ghsl_5816_cell_01252
ghsl_5816,ghsl_5816_cell_01253
ghsl_5816,ghsl_5816_cell_01254
ghsl_5816,ghsl_5816_cell_01255
ghsl_5816,ghsl_5816_cell_01256
ghsl_5816,ghsl_5816_cell_01257
ghsl_5816,ghsl_5816_cell_01258
ghsl_5816,ghsl_5816_cell_01259
ghsl_5816,ghsl_5816_cell_01260
ghsl_5816,ghsl_5816_cell_01261
ghsl_5816,ghsl_5816_cell_01262
ghsl_5816,ghsl_5816_cell_01263
ghsl_5816,ghsl_5816_cell_01264
ghsl_5816,ghsl_5816_cell_01265
ghsl_5816,ghsl_5816_cell_01266
ghsl_5816,ghsl_5816_cell_01267
ghsl_5816,ghsl_5816_cell_01268
ghsl_5816,ghsl_5816_cell_01269
ghsl_5816,ghsl_5816_cell_01270
ghsl_5816,ghsl_5816_cell_01271
ghsl_5816,ghsl_5816_cell_01272
ghsl_5816,ghsl_5816_cell_01273
ghsl_5816,ghsl_5816_cell_01274
ghsl_5816,ghsl_5816_cell_01275
ghsl_5816,ghsl_5816_cell_01276
ghsl_5816,ghsl_5816_cell_01277
ghsl_5816,ghsl_5816_cell_01278
ghsl_5816,ghsl_5816_cell_01279
ghsl_5816,ghsl_5816_cell_01280
ghsl_5816,ghsl_5816_cell_01281
ghsl_5816,ghsl_5816_cell_01282
ghsl_5816,ghsl_5816_cell_01283
ghsl_5816,ghsl_5816_cell_01284
ghsl_5816,ghsl_5816_cell_01285
ghsl_5816,ghsl_5816_cell_01286
ghsl_5816,ghsl_5816_cell_01287
ghsl_5816,ghsl_5816_cell_01288
ghsl_5816,ghsl_5816_cell_01289
ghsl_5816,ghsl_5816_cell_01290
ghsl_5816,ghsl_5816_cell_01291
ghsl_5816,ghsl_5816_cell_01292
ghsl_5816,ghsl_5816_cell_01293
ghsl_5816,ghsl_5816_cell_01294
ghsl_5816,ghsl_5816_cell_01295
ghsl_5816,ghsl_5816_cell_01296
ghsl_5816,ghsl_5816_cell_01297
ghsl_5816,ghsl_5816_cell_01298
ghsl_5816,ghsl_5816_cell_01299
ghsl_5816,ghsl_5816_cell_01300
ghsl_5816,ghsl_5816_cell_01301
ghsl_5816,ghsl_5816_cell_01302
ghsl_5816,ghsl_5816_cell_01303
ghsl_5816,ghsl_5816_cell_01304
ghsl_5816,ghsl_5816_cell_01305
ghsl_5816,ghsl_5816_cell_01306
ghsl_5816,ghsl_5816_cell_01307
ghsl_5816,ghsl_5816_cell_01308
ghsl_5816,ghsl_5816_cell_01309
ghsl_5816,ghsl_5816_cell_01310
ghsl_5816,ghsl_5816_cell_01311
ghsl_5816,ghsl_5816_cell_01312
ghsl_5816,ghsl_5816_cell_01313
ghsl_5816,ghsl_5816_cell_01314
ghsl_5816,ghsl_5816_cell_01315
ghsl_5816,ghsl_5816_cell_01316
ghsl_5816,ghsl_5816_cell_01317
ghsl_5816,ghsl_5816_cell_01318
ghsl_5816,ghsl_5816_cell_01319
ghsl_5816,ghsl_5816_cell_01320
ghsl_5816,ghsl_5816_cell_01321
ghsl_5816,ghsl_5816_cell_01322
ghsl_5816,ghsl_5816_cell_01323
ghsl_5816,ghsl_5816_cell_01324
ghsl_5816,ghsl_5816_cell_01325
ghsl_5816,ghsl_5816_cell_01326
ghsl_5816,ghsl_5816_cell_01327
ghsl_5816,ghsl_5816_cell_01328
ghsl_5816,ghsl_5816_cell_01329
ghsl_5816,ghsl_5816_cell_01330
ghsl_5816,ghsl_5816_cell_01331
ghsl_5816,ghsl_5816_cell_01332
ghsl_5816,ghsl_5816_cell_01333
ghsl_5816,ghsl_5816_cell_01334
ghsl_5816,ghsl_5816_cell_01335
ghsl_5816,ghsl_5816_cell_01336
ghsl_5816,ghsl_5816_cell_01337
ghsl_5816,ghsl_5816_cell_01338
ghsl_5816,ghsl_5816_cell_01339
ghsl_5816,ghsl_5816_cell_01340
ghsl_5816,ghsl_5816_cell_01341
ghsl_5816,ghsl_5816_cell_01342
ghsl_5816,ghsl_5816_cell_01343
ghsl_5816,ghsl_5816_cell_01344
ghsl_5816,ghsl_5816_cell_01345
ghsl_5816,ghsl_5816_cell_01346
ghsl_5816,ghsl_5816_cell_01347
ghsl_5816,ghsl_5816_cell_01348
ghsl_5816,ghsl_5816_cell_01349
ghsl_5816,ghsl_5816_cell_01350
ghsl_5816,ghsl_5816_cell_01351
ghsl_5816,ghsl_5816_cell_01352
ghsl_5816,ghsl_5816_cell_01353
ghsl_5816,ghsl_5816_cell_01354
ghsl_5816,ghsl_5816_cell_01355
ghsl_5816,ghsl_5816_cell_01356
ghsl_5816,ghsl_5816_cell_01357
ghsl_5816,ghsl_5816_cell_01358
ghsl_5816,ghsl_5816_cell_01359
ghsl_5816,ghsl_5816_cell_01360
ghsl_5816,ghsl_5816_cell_01361
ghsl_5816,ghsl_5816_cell_01362
ghsl_5816,ghsl_5816_cell_01363
ghsl_5816,ghsl_5816_cell_01364
ghsl_5816,ghsl_5816_cell_01365
ghsl_5816,ghsl_5816_cell_01366
ghsl_5816,ghsl_5816_cell_01367
ghsl_5816,ghsl_5816_cell_01368
ghsl_5816,ghsl_5816_cell_01369
ghsl_5816,ghsl_5816_cell_01370
ghsl_5816,ghsl_5816_cell_01371
ghsl_5816,ghsl_5816_cell_01372
ghsl_5816,ghsl_5816_cell_01373
ghsl_5816,ghsl_5816_cell_01374
ghsl_5816,ghsl_5816_cell_01375
ghsl_5816,ghsl_5816_cell_01376
ghsl_5816,ghsl_5816_cell_01377
ghsl_5816,ghsl_5816_cell_01378
ghsl_5816,ghsl_5816_cell_01379
ghsl_5816,ghsl_5816_cell_01380
ghsl_5816,ghsl_5816_cell_01381
ghsl_5816,ghsl_5816_cell_01382
ghsl_5816,ghsl_5816_cell_01383
ghsl_5816,ghsl_5816_cell_01384
ghsl_5816,ghsl_5816_cell_01385
ghsl_5816,ghsl_5816_cell_01386
ghsl_5816,ghsl_5816_cell_01387
ghsl_5816,ghsl_5816_cell_01388
ghsl_5816,ghsl_5816_cell_01389
ghsl_5816,ghsl_5816_cell_01390
ghsl_5816,ghsl_5816_cell_01391
ghsl_5816,ghsl_5816_cell_01392
ghsl_5816,ghsl_5816_cell_01393
ghsl_5816,ghsl_5816_cell_01394
ghsl_5816,ghsl_5816_cell_01395
ghsl_5816,ghsl_5816_cell_01396
ghsl_5816,ghsl_5816_cell_01397
ghsl_5816,ghsl_5816_cell_01398
ghsl_5816,ghsl_5816_cell_01399
ghsl_5816,ghsl_5816_cell_01400
ghsl_5816,ghsl_5816_cell_01401
ghsl_5816,ghsl_5816_cell_01402
ghsl_5816,ghsl_5816_cell_01403
ghsl_5816,ghsl_5816_cell_01404
ghsl_5816,ghsl_5816_cell_01405
ghsl_5816,ghsl_5816_cell_01406
ghsl_5816,ghsl_5816_cell_01407
ghsl_5816,ghsl_5816_cell_01408
ghsl_5816,ghsl_5816_cell_01409
ghsl_5816,ghsl_5816_cell_01410
ghsl_5816,ghsl_5816_cell_01411
ghsl_5816,ghsl_5816_cell_01412
ghsl_5816,ghsl_5816_cell_01413
ghsl_5816,ghsl_5816_cell_01414
ghsl_5816,ghsl_5816_cell_01415
ghsl_5816,ghsl_5816_cell_01416
ghsl_5816,ghsl_5816_cell_01417
ghsl_5816,ghsl_5816_cell_01418
ghsl_5816,ghsl_5816_cell_01419
ghsl_5816,ghsl_5816_cell_01420
ghsl_5816,ghsl_5816_cell_01421
ghsl_5816,ghsl_5816_cell_01422
ghsl_5816,ghsl_5816_cell_01423
ghsl_5816,ghsl_5816_cell_01424
ghsl_5816,ghsl_5816_cell_01425
ghsl_5816,ghsl_5816_cell_01426
ghsl_5816,ghsl_5816_cell_01427
ghsl_5816,ghsl_5816_cell_01428
ghsl_5816,ghsl_5816_cell_01429
ghsl_5816,ghsl_5816_cell_01430
ghsl_5816,ghsl_5816_cell_01431
ghsl_5816,ghsl_5816_cell_01432
ghsl_5816,ghsl_5816_cell_01433
ghsl_5816,ghsl_5816_cell_01434
ghsl_5816,ghsl_5816_cell_01435
ghsl_5816,ghsl_5816_cell_01436
ghsl_5816,ghsl_5816_cell_01437
ghsl_5816,ghsl_5816_cell_01438
ghsl_5816,ghsl_5816_cell_01439
ghsl_5816,ghsl_5816_cell_01440
ghsl_5816,ghsl_5816_cell_01441
ghsl_5816,ghsl_5816_cell_01442
ghsl_5816,ghsl_5816_cell_01443
ghsl_5816,ghsl_5816_cell_01444
ghsl_5816,ghsl_5816_cell_01445
ghsl_5816,ghsl_5816_cell_01446
ghsl_5816,ghsl_5816_cell_01447
ghsl_5816,ghsl_5816_cell_01448
ghsl_5816,ghsl_5816_cell_01449
ghsl_5816,ghsl_5816_cell_01450
ghsl_5816,ghsl_5816_cell_01451
ghsl_5816,ghsl_5816_cell_01452
ghsl_5816,ghsl_5816_cell_01453
ghsl_5816,ghsl_5816_cell_01454
ghsl_5816,ghsl_5816_cell_01455
ghsl_5816,ghsl_5816_cell_01456
ghsl_5816,ghsl_5816_cell_01457
ghsl_5816,ghsl_5816_cell_01458
ghsl_5816,ghsl_5816_cell_01459
ghsl_5816,ghsl_5816_cell_01460
ghsl_5816,ghsl_5816_cell_01461
ghsl_5816,ghsl_5816_cell_01462
ghsl_5816,ghsl_5816_cell_01463
ghsl_5816,ghsl_5816_cell_01464
ghsl_5816,ghsl_5816_cell_01465
ghsl_5816,ghsl_5816_cell_01466
ghsl_5816,ghsl_5816_cell_01467
ghsl_5816,ghsl_5816_cell_01468
ghsl_5816,ghsl_5816_cell_01469
ghsl_5816,ghsl_5816_cell_01470
ghsl_5816,ghsl_5816_cell_01471
ghsl_5816,ghsl_5816_cell_01472
ghsl_5816,ghsl_5816_cell_01473
ghsl_5816,ghsl_5816_cell_01474
ghsl_5816,ghsl_5816_cell_01475
ghsl_5816,ghsl_5816_cell_01476
ghsl_5816,ghsl_5816_cell_01477
ghsl_5816,ghsl_5816_cell_01478
ghsl_5816,ghsl_5816_cell_01479
ghsl_5816,ghsl_5816_cell_01480
ghsl_5816,ghsl_5816_cell_01481
ghsl_5816,ghsl_5816_cell_01482
ghsl_5816,ghsl_5816_cell_01483
ghsl_5816,ghsl_5816_cell_01484
ghsl_5816,ghsl_5816_cell_01485
ghsl_5816,ghsl_5816_cell_01486
ghsl_5816,ghsl_5816_cell_01487
ghsl_5816,ghsl_5816_cell_01488
ghsl_5816,ghsl_5816_cell_01489
ghsl_5816,ghsl_5816_cell_01490
ghsl_5816,ghsl_5816_cell_01491
ghsl_5816,ghsl_5816_cell_01492
ghsl_5816,ghsl_5816_cell_01493
ghsl_5816,ghsl_5816_cell_01494
ghsl_5816,ghsl_5816_cell_01495
ghsl_5816,ghsl_5816_cell_01496
ghsl_5816,ghsl_5816_cell_01497
ghsl_5816,ghsl_5816_cell_01498
ghsl_5816,ghsl_5816_cell_01499
ghsl_5816,ghsl_5816_cell_01500
ghsl_5816,ghsl_5816_cell_01501
ghsl_5816,ghsl_5816_cell_01502
ghsl_5816,ghsl_5816_cell_01503
ghsl_5816,ghsl_5816_cell_01504
ghsl_5816,ghsl_5816_cell_01505
ghsl_5816,ghsl_5816_cell_01506
ghsl_5816,ghsl_5816_cell_01507
ghsl_5816,ghsl_5816_cell_01508
ghsl_5816,ghsl_5816_cell_01509
ghsl_5816,ghsl_5816_cell_01510
ghsl_5816,ghsl_5816_cell_01511
ghsl_5816,ghsl_5816_cell_01512
ghsl_5816,ghsl_5816_cell_01513
ghsl_5816,ghsl_5816_cell_01514
ghsl_5816,ghsl_5816_cell_01515
ghsl_5816,ghsl_5816_cell_01516
ghsl_5816,ghsl_5816_cell_01517
ghsl_5816,ghsl_5816_cell_01518
ghsl_5816,ghsl_5816_cell_01519
ghsl_5816,ghsl_5816_cell_01520
ghsl_5816,ghsl_5816_cell_01521
ghsl_5816,ghsl_5816_cell_01522
ghsl_5816,ghsl_5816_cell_01523
ghsl_5816,ghsl_5816_cell_01524
ghsl_5816,ghsl_5816_cell_01525
ghsl_5816,ghsl_5816_cell_01526
ghsl_5816,ghsl_5816_cell_01527
ghsl_5816,ghsl_5816_cell_01528
ghsl_5816,ghsl_5816_cell_01529
ghsl_5816,ghsl_5816_cell_01530
ghsl_5816,ghsl_5816_cell_01531
ghsl_5816,ghsl_5816_cell_01532
ghsl_5816,ghsl_5816_cell_01533
ghsl_5816,ghsl_5816_cell_01534
ghsl_5816,ghsl_5816_cell_01535
ghsl_5816,ghsl_5816_cell_01536
ghsl_5816,ghsl_5816_cell_01537
ghsl_5816,ghsl_5816_cell_01538
ghsl_5816,ghsl_5816_cell_01539
ghsl_5816,ghsl_5816_cell_01540
ghsl_5816,ghsl_5816_cell_01541
ghsl_5816,ghsl_5816_cell_01542
ghsl_5816,ghsl_5816_cell_01543
ghsl_5816,ghsl_5816_cell_01544
ghsl_5816,ghsl_5816_cell_01545
ghsl_5816,ghsl_5816_cell_01546
ghsl_5816,ghsl_5816_cell_01547
ghsl_5816,ghsl_5816_cell_01548
ghsl_5816,ghsl_5816_cell_01549
ghsl_5816,ghsl_5816_cell_01550
ghsl_5816,ghsl_5816_cell_01551
ghsl_5816,ghsl_5816_cell_01552
ghsl_5816,ghsl_5816_cell_01553
ghsl_5816,ghsl_5816_cell_01554
ghsl_5816,ghsl_5816_cell_01555
ghsl_5816,ghsl_5816_cell_01556
ghsl_5816,ghsl_5816_cell_01557
ghsl_5816,ghsl_5816_cell_01558
ghsl_5816,ghsl_5816_cell_01559
ghsl_5816,ghsl_5816_cell_01560
ghsl_5816,ghsl_5816_cell_01561
ghsl_5816,ghsl_5816_cell_01562
ghsl_5816,ghsl_5816_cell_01563
ghsl_5816,ghsl_5816_cell_01564
ghsl_5816,ghsl_5816_cell_01565
ghsl_5816,ghsl_5816_cell_01566
ghsl_5816,ghsl_5816_cell_01567
ghsl_5816,ghsl_5816_cell_01568
ghsl_5816,ghsl_5816_cell_01569
ghsl_5816,ghsl_5816_cell_01570
ghsl_5816,ghsl_5816_cell_01571
ghsl_5816,ghsl_5816_cell_01572
ghsl_5816,ghsl_5816_cell_01573
ghsl_5816,ghsl_5816_cell_01574
ghsl_5816,ghsl_5816_cell_01575
ghsl_5816,ghsl_5816_cell_01576
ghsl_5816,ghsl_5816_cell_01577
ghsl_5816,ghsl_5816_cell_01578
ghsl_5816,ghsl_5816_cell_01579
ghsl_5816,ghsl_5816_cell_01580
ghsl_5816,ghsl_5816_cell_01581
ghsl_5816,ghsl_5816_cell_01582
ghsl_5816,ghsl_5816_cell_01583
ghsl_5816,ghsl_5816_cell_01584
ghsl_5816,ghsl_5816_cell_01585
ghsl_5816,ghsl_5816_cell_01586
ghsl_5816,ghsl_5816_cell_01587
ghsl_5816,ghsl_5816_cell_01588
ghsl_5816,ghsl_5816_cell_01589
ghsl_5816,ghsl_5816_cell_01590
ghsl_5816,ghsl_5816_cell_01591
ghsl_5816,ghsl_5816_cell_01592
ghsl_5816,ghsl_5816_cell_01593
ghsl_5816,ghsl_5816_cell_01594
ghsl_5816,ghsl_5816_cell_01595
ghsl_5816,ghsl_5816_cell_01596
ghsl_5816,ghsl_5816_cell_01597
ghsl_5816,ghsl_5816_cell_01598
ghsl_5816,ghsl_5816_cell_01599
ghsl_5816,ghsl_5816_cell_01600
ghsl_5816,ghsl_5816_cell_01601
ghsl_5816,ghsl_5816_cell_01602
ghsl_5816,ghsl_5816_cell_01603
ghsl_5816,ghsl_5816_cell_01604
ghsl_5816,ghsl_5816_cell_01605
ghsl_5816,ghsl_5816_cell_01606
ghsl_5816,ghsl_5816_cell_01607
ghsl_5816,ghsl_5816_cell_01608
ghsl_5816,ghsl_5816_cell_01609
ghsl_5816,ghsl_5816_cell_01610
ghsl_5816,ghsl_5816_cell_01611
ghsl_5816,ghsl_5816_cell_01612
ghsl_5816,ghsl_5816_cell_01613
ghsl_5816,ghsl_5816_cell_01614
ghsl_5816,ghsl_5816_cell_01615
ghsl_5816,ghsl_5816_cell_01616
ghsl_5816,ghsl_5816_cell_01617
ghsl_5816,ghsl_5816_cell_01618
ghsl_5816,ghsl_5816_cell_01619
ghsl_5816,ghsl_5816_cell_01620
ghsl_5816,ghsl_5816_cell_01621
ghsl_5816,ghsl_5816_cell_01622
ghsl_5816,ghsl_5816_cell_01623
ghsl_5816,ghsl_5816_cell_01624
ghsl_5816,ghsl_5816_cell_01625
ghsl_5816,ghsl_5816_cell_01626
ghsl_5816,ghsl_5816_cell_01627
ghsl_5816,ghsl_5816_cell_01628
ghsl_5816,ghsl_5816_cell_01629
ghsl_5816,ghsl_5816_cell_01630
ghsl_5816,ghsl_5816_cell_01631
ghsl_5816,ghsl_5816_cell_01632
ghsl_5816,ghsl_5816_cell_01633
ghsl_5816,ghsl_5816_cell_01634
ghsl_5816,ghsl_5816_cell_01635
ghsl_5816,ghsl_5816_cell_01636
ghsl_5816,ghsl_5816_cell_01637
ghsl_5816,ghsl_5816_cell_01638
ghsl_5816,ghsl_5816_cell_01639
ghsl_5816,ghsl_5816_cell_01640
ghsl_5816,ghsl_5816_cell_01641
ghsl_5816,ghsl_5816_cell_01642
ghsl_5816,ghsl_5816_cell_01643
ghsl_5816,ghsl_5816_cell_01644
ghsl_5816,ghsl_5816_cell_01645
ghsl_5816,ghsl_5816_cell_01646
ghsl_5816,ghsl_5816_cell_01647
ghsl_5816,ghsl_5816_cell_01648
ghsl_2878,ghsl_2878_cell_00000
ghsl_2878,ghsl_2878_cell_00001
ghsl_2878,ghsl_2878_cell_00002
ghsl_2878,ghsl_2878_cell_00003
ghsl_2878,ghsl_2878_cell_00004
ghsl_2878,ghsl_2878_cell_00005
ghsl_2878,ghsl_2878_cell_00006
ghsl_2878,ghsl_2878_cell_00007
ghsl_2878,ghsl_2878_cell_00008
ghsl_2878,ghsl_2878_cell_00009
ghsl_2878,ghsl_2878_cell_00010
ghsl_2878,ghsl_2878_cell_00011
ghsl_2878,ghsl_2878_cell_00012
ghsl_2878,ghsl_2878_cell_00013
ghsl_2878,ghsl_2878_cell_00014
ghsl_2878,ghsl_2878_cell_00015
ghsl_2878,ghsl_2878_cell_00016
ghsl_2878,ghsl_2878_cell_00017
ghsl_2878,ghsl_2878_cell_00018
ghsl_2878,ghsl_2878_cell_00019
ghsl_2878,ghsl_2878_cell_00020
ghsl_2878,ghsl_2878_cell_00021
ghsl_2878,ghsl_2878_cell_00022
ghsl_2878,ghsl_2878_cell_00023
ghsl_2878,ghsl_2878_cell_00024
ghsl_2878,ghsl_2878_cell_00025
ghsl_2878,ghsl_2878_cell_00026
ghsl_2878,ghsl_2878_cell_00027
ghsl_2878,ghsl_2878_cell_00028
ghsl_2878,ghsl_2878_cell_00029
ghsl_2878,ghsl_2878_cell_00030
ghsl_2878,ghsl_2878_cell_00031
ghsl_2878,ghsl_2878_cell_00032
ghsl_2878,ghsl_2878_cell_00033
ghsl_2878,ghsl_2878_cell_00034
ghsl_2878,ghsl_2878_cell_00035
ghsl_2878,ghsl_2878_cell_00036
ghsl_2878,ghsl_2878_cell_00037
ghsl_2878,ghsl_2878_cell_00038
ghsl_2878,ghsl_2878_cell_00039
ghsl_2878,ghsl_2878_cell_00040
ghsl_2878,ghsl_2878_cell_00041
ghsl_2878,ghsl_2878_cell_00042
ghsl_2878,ghsl_2878_cell_00043
ghsl_2878,ghsl_2878_cell_00044
ghsl_2878,ghsl_2878_cell_00045
ghsl_2878,ghsl_2878_cell_00046
ghsl_2878,ghsl_2878_cell_00047
ghsl_2878,ghsl_2878_cell_00048
ghsl_2878,ghsl_2878_cell_00049
ghsl_2878,ghsl_2878_cell_00050
ghsl_2878,ghsl_2878_cell_00051
ghsl_2878,ghsl_2878_cell_00052
ghsl_2878,ghsl_2878_cell_00053
ghsl_2878,ghsl_2878_cell_00054
ghsl_2878,ghsl_2878_cell_00055
ghsl_2878,ghsl_2878_cell_00056
ghsl_2878,ghsl_2878_cell_00057
ghsl_2878,ghsl_2878_cell_00058
ghsl_2878,ghsl_2878_cell_00059
ghsl_2878,ghsl_2878_cell_00060
ghsl_2878,ghsl_2878_cell_00061
ghsl_2878,ghsl_2878_cell_00062
ghsl_2878,ghsl_2878_cell_00063
ghsl_2878,ghsl_2878_cell_00064
ghsl_2878,ghsl_2878_cell_00065
ghsl_2878,ghsl_2878_cell_00066
ghsl_2878,ghsl_2878_cell_00067
ghsl_2878,ghsl_2878_cell_00068
ghsl_2878,ghsl_2878_cell_00069
ghsl_2878,ghsl_2878_cell_00070
ghsl_2878,ghsl_2878_cell_00071
ghsl_2878,ghsl_2878_cell_00072
ghsl_2878,ghsl_2878_cell_00073
ghsl_2878,ghsl_2878_cell_00074
ghsl_2878,ghsl_2878_cell_00075
ghsl_2878,ghsl_2878_cell_00076
ghsl_2878,ghsl_2878_cell_00077
ghsl_2878,ghsl_2878_cell_00078
ghsl_2878,ghsl_2878_cell_00079
ghsl_2878,ghsl_2878_cell_00080
ghsl_2878,ghsl_2878_cell_00081
ghsl_2878,ghsl_2878_cell_00082
ghsl_2878,ghsl_2878_cell_00083
ghsl_2878,ghsl_2878_cell_00084
ghsl_2878,ghsl_2878_cell_00085
ghsl_2878,ghsl_2878_cell_00086
ghsl_2878,ghsl_2878_cell_00087
ghsl_2878,ghsl_2878_cell_00088
ghsl_2878,ghsl_2878_cell_00089
ghsl_2878,ghsl_2878_cell_00090
ghsl_2878,ghsl_2878_cell_00091
ghsl_2878,ghsl_2878_cell_00092
ghsl_2878,ghsl_2878_cell_00093
ghsl_2878,ghsl_2878_cell_00094
ghsl_2878,ghsl_2878_cell_00095
ghsl_2878,ghsl_2878_cell_00096
ghsl_2878,ghsl_2878_cell_00097
ghsl_2878,ghsl_2878_cell_00098
ghsl_2878,ghsl_2878_cell_00099
ghsl_2878,ghsl_2878_cell_00100
ghsl_2878,ghsl_2878_cell_00101
ghsl_2878,ghsl_2878_cell_00102
ghsl_2878,ghsl_2878_cell_00103
ghsl_2878,ghsl_2878_cell_00104
ghsl_2878,ghsl_2878_cell_00105
ghsl_2878,ghsl_2878_cell_00106
ghsl_2878,ghsl_2878_cell_00107
ghsl_2878,ghsl_2878_cell_00108
ghsl_2878,ghsl_2878_cell_00109
ghsl_2878,ghsl_2878_cell_00110
ghsl_2878,ghsl_2878_cell_00111
ghsl_2878,ghsl_2878_cell_00112
ghsl_2878,ghsl_2878_cell_00113
ghsl_2878,ghsl_2878_cell_00114
ghsl_2878,ghsl_2878_cell_00115
ghsl_2878,ghsl_2878_cell_00116
ghsl_2878,ghsl_2878_cell_00117
ghsl_2878,ghsl_2878_cell_00118
ghsl_2878,ghsl_2878_cell_00119
ghsl_2878,ghsl_2878_cell_00120
ghsl_2878,ghsl_2878_cell_00121
ghsl_2878,ghsl_2878_cell_00122
ghsl_2878,ghsl_2878_cell_00123
ghsl_2878,ghsl_2878_cell_00124
ghsl_2878,ghsl_2878_cell_00125
ghsl_2878,ghsl_2878_cell_00126
ghsl_2878,ghsl_2878_cell_00127
ghsl_2878,ghsl_2878_cell_00128
ghsl_2878,ghsl_2878_cell_00129
ghsl_2878,ghsl_2878_cell_00130
ghsl_2878,ghsl_2878_cell_00131
ghsl_2878,ghsl_2878_cell_00132
ghsl_2878,ghsl_2878_cell_00133
ghsl_2878,ghsl_2878_cell_00134
ghsl_2878,ghsl_2878_cell_00135
ghsl_2878,ghsl_2878_cell_00136
ghsl_2878,ghsl_2878_cell_00137
ghsl_2878,ghsl_2878_cell_00138
ghsl_2878,ghsl_2878_cell_00139
ghsl_2878,ghsl_2878_cell_00140
ghsl_2878,ghsl_2878_cell_00141
ghsl_2878,ghsl_2878_cell_00142
ghsl_2878,ghsl_2878_cell_00143
ghsl_2878,ghsl_2878_cell_00144
ghsl_2878,ghsl_2878_cell_00145
ghsl_2878,ghsl_2878_cell_00146
ghsl_2878,ghsl_2878_cell_00147
ghsl_2878,ghsl_2878_cell_00148
ghsl_2878,ghsl_2878_cell_00149
ghsl_2878,ghsl_2878_cell_00150
ghsl_2878,ghsl_2878_cell_00151
ghsl_2878,ghsl_2878_cell_00152
ghsl_2878,ghsl_2878_cell_00153
ghsl_2878,ghsl_2878_cell_00154
ghsl_2878,ghsl_2878_cell_00155
ghsl_2878,ghsl_2878_cell_00156
ghsl_2878,ghsl_2878_cell_00157
ghsl_2878,ghsl_2878_cell_00158
ghsl_2878,ghsl_2878_cell_00159
ghsl_2878,ghsl_2878_cell_00160
ghsl_2878,ghsl_2878_cell_00161
ghsl_2878,ghsl_2878_cell_00162
ghsl_2878,ghsl_2878_cell_00163
ghsl_2878,ghsl_2878_cell_00164
ghsl_2878,ghsl_2878_cell_00165
ghsl_2878,ghsl_2878_cell_00166
ghsl_2878,ghsl_2878_cell_00167
ghsl_2878,ghsl_2878_cell_00168
ghsl_2878,ghsl_2878_cell_00169
ghsl_2878,ghsl_2878_cell_00170
ghsl_2878,ghsl_2878_cell_00171
ghsl_2878,ghsl_2878_cell_00172
ghsl_2878,ghsl_2878_cell_00173
ghsl_2878,ghsl_2878_cell_00174
ghsl_2878,ghsl_2878_cell_00175
ghsl_2878,ghsl_2878_cell_00176
ghsl_2878,ghsl_2878_cell_00177
ghsl_2878,ghsl_2878_cell_00178
ghsl_2878,ghsl_2878_cell_00179
ghsl_2878,ghsl_2878_cell_00180
ghsl_2878,ghsl_2878_cell_00181
ghsl_2878,ghsl_2878_cell_00182
ghsl_2878,ghsl_2878_cell_00183
ghsl_2878,ghsl_2878_cell_00184
ghsl_2878,ghsl_2878_cell_00185
ghsl_2878,ghsl_2878_cell_00186
ghsl_2878,ghsl_2878_cell_00187
ghsl_2878,ghsl_2878_cell_00188
ghsl_2878,ghsl_2878_cell_00189
ghsl_2878,ghsl_2878_cell_00190
ghsl_2878,ghsl_2878_cell_00191
ghsl_2878,ghsl_2878_cell_00192
ghsl_2878,ghsl_2878_cell_00193
ghsl_2878,ghsl_2878_cell_00194
ghsl_2878,ghsl_2878_cell_00195
ghsl_2878,ghsl_2878_cell_00196
ghsl_2878,ghsl_2878_cell_00197
ghsl_2878,ghsl_2878_cell_00198
ghsl_2878,ghsl_2878_cell_00199
ghsl_2878,ghsl_2878_cell_00200
ghsl_2878,ghsl_2878_cell_00201
ghsl_2878,ghsl_2878_cell_00202
ghsl_2878,ghsl_2878_cell_00203
ghsl_2878,ghsl_2878_cell_00204
ghsl_2878,ghsl_2878_cell_00205
ghsl_2878,ghsl_2878_cell_00206
ghsl_2878,ghsl_2878_cell_00207
ghsl_2878,ghsl_2878_cell_00208
ghsl_2878,ghsl_2878_cell_00209
ghsl_2878,ghsl_2878_cell_00210
ghsl_2878,ghsl_2878_cell_00211
ghsl_2878,ghsl_2878_cell_00212
ghsl_2878,ghsl_2878_cell_00213
ghsl_2878,ghsl_2878_cell_00214
ghsl_2878,ghsl_2878_cell_00215
ghsl_2878,ghsl_2878_cell_00216
ghsl_2878,ghsl_2878_cell_00217
ghsl_2878,ghsl_2878_cell_00218
ghsl_2878,ghsl_2878_cell_00219
ghsl_2878,ghsl_2878_cell_00220
ghsl_2878,ghsl_2878_cell_00221
ghsl_2878,ghsl_2878_cell_00222
ghsl_2878,ghsl_2878_cell_00223
ghsl_2878,ghsl_2878_cell_00224
ghsl_2878,ghsl_2878_cell_00225
ghsl_2878,ghsl_2878_cell_00226
ghsl_2878,ghsl_2878_cell_00227
ghsl_2878,ghsl_2878_cell_00228
ghsl_2878,ghsl_2878_cell_00229
ghsl_2878,ghsl_2878_cell_00230
ghsl_2878,ghsl_2878_cell_00231
ghsl_2878,ghsl_2878_cell_00232
ghsl_2878,ghsl_2878_cell_00233
ghsl_2878,ghsl_2878_cell_00234
ghsl_2878,ghsl_2878_cell_00235
ghsl_2878,ghsl_2878_cell_00236
ghsl_2878,ghsl_2878_cell_00237
ghsl_2878,ghsl_2878_cell_00238
ghsl_2878,ghsl_2878_cell_00239
ghsl_2878,ghsl_2878_cell_00240
ghsl_2878,ghsl_2878_cell_00241
ghsl_2878,ghsl_2878_cell_00242
ghsl_2878,ghsl_2878_cell_00243
ghsl_2878,ghsl_2878_cell_00244
ghsl_2878,ghsl_2878_cell_00245
ghsl_2878,ghsl_2878_cell_00246
ghsl_2878,ghsl_2878_cell_00247
ghsl_2878,ghsl_2878_cell_00248
ghsl_2878,ghsl_2878_cell_00249
ghsl_2878,ghsl_2878_cell_00250
ghsl_2878,ghsl_2878_cell_00251
ghsl_2878,ghsl_2878_cell_00252
ghsl_2878,ghsl_2878_cell_00253
ghsl_2878,ghsl_2878_cell_00254
ghsl_2878,ghsl_2878_cell_00255
ghsl_2878,ghsl_2878_cell_00256
ghsl_2878,ghsl_2878_cell_00257
ghsl_2878,ghsl_2878_cell_00258
ghsl_2878,ghsl_2878_cell_00259
ghsl_2878,ghsl_2878_cell_00260
ghsl_2878,ghsl_2878_cell_00261
ghsl_2878,ghsl_2878_cell_00262
ghsl_2878,ghsl_2878_cell_00263
ghsl_2878,ghsl_2878_cell_00264
ghsl_2878,ghsl_2878_cell_00265
ghsl_2878,ghsl_2878_cell_00266
ghsl_2878,ghsl_2878_cell_00267
ghsl_2878,ghsl_2878_cell_00268
ghsl_2878,ghsl_2878_cell_00269
ghsl_2878,ghsl_2878_cell_00270
ghsl_2878,ghsl_2878_cell_00271
ghsl_2878,ghsl_2878_cell_00272
ghsl_2878,ghsl_2878_cell_00273
ghsl_2878,ghsl_2878_cell_00274
ghsl_2878,ghsl_2878_cell_00275
ghsl_2878,ghsl_2878_cell_00276
ghsl_2878,ghsl_2878_cell_00277
ghsl_2878,ghsl_2878_cell_00278
ghsl_2878,ghsl_2878_cell_00279
ghsl_2878,ghsl_2878_cell_00280
ghsl_2878,ghsl_2878_cell_00281
ghsl_2878,ghsl_2878_cell_00282
ghsl_2878,ghsl_2878_cell_00283
ghsl_2878,ghsl_2878_cell_00284
ghsl_2878,ghsl_2878_cell_00285
ghsl_2878,ghsl_2878_cell_00286
ghsl_2878,ghsl_2878_cell_00287
ghsl_2878,ghsl_2878_cell_00288
ghsl_2878,ghsl_2878_cell_00289
ghsl_2878,ghsl_2878_cell_00290
ghsl_2878,ghsl_2878_cell_00291
ghsl_2878,ghsl_2878_cell_00292
ghsl_2878,ghsl_2878_cell_00293
ghsl_2878,ghsl_2878_cell_00294
ghsl_2878,ghsl_2878_cell_00295
ghsl_2878,ghsl_2878_cell_00296
ghsl_2878,ghsl_2878_cell_00297
ghsl_2878,ghsl_2878_cell_00298
ghsl_2878,ghsl_2878_cell_00299
ghsl_2878,ghsl_2878_cell_00300
ghsl_2878,ghsl_2878_cell_00301
ghsl_2878,ghsl_2878_cell_00302
ghsl_2878,ghsl_2878_cell_00303
ghsl_2878,ghsl_2878_cell_00304
ghsl_2878,ghsl_2878_cell_00305
ghsl_2878,ghsl_2878_cell_00306
ghsl_2878,ghsl_2878_cell_00307
ghsl_2878,ghsl_2878_cell_00308
ghsl_2878,ghsl_2878_cell_00309
ghsl_2878,ghsl_2878_cell_00310
ghsl_2878,ghsl_2878_cell_00311
ghsl_2878,ghsl_2878_cell_00312
ghsl_2878,ghsl_2878_cell_00313
ghsl_2878,ghsl_2878_cell_00314
ghsl_2878,ghsl_2878_cell_00315
ghsl_2878,ghsl_2878_cell_00316
ghsl_2878,ghsl_2878_cell_00317
ghsl_2878,ghsl_2878_cell_00318
ghsl_2878,ghsl_2878_cell_00319
ghsl_2878,ghsl_2878_cell_00320
ghsl_2878,ghsl_2878_cell_00321
ghsl_2878,ghsl_2878_cell_00322
ghsl_2878,ghsl_2878_cell_00323
ghsl_2878,ghsl_2878_cell_00324
ghsl_2878,ghsl_2878_cell_00325
ghsl_2878,ghsl_2878_cell_00326
ghsl_2878,ghsl_2878_cell_00327
ghsl_2878,ghsl_2878_cell_00328
ghsl_2878,ghsl_2878_cell_00329
ghsl_2878,ghsl_2878_cell_00330
ghsl_2878,ghsl_2878_cell_00331
ghsl_2878,ghsl_2878_cell_00332
ghsl_2878,ghsl_2878_cell_00333
ghsl_2878,ghsl_2878_cell_00334
ghsl_2878,ghsl_2878_cell_00335
ghsl_2878,ghsl_2878_cell_00336
ghsl_2878,ghsl_2878_cell_00337
ghsl_2878,ghsl_2878_cell_00338
ghsl_2878,ghsl_2878_cell_00339
ghsl_2878,ghsl_2878_cell_00340
ghsl_2878,ghsl_2878_cell_00341
ghsl_2878,ghsl_2878_cell_00342
ghsl_2878,ghsl_2878_cell_00343
ghsl_2878,ghsl_2878_cell_00344
ghsl_2878,ghsl_2878_cell_00345
ghsl_2878,ghsl_2878_cell_00346
ghsl_2878,ghsl_2878_cell_00347
ghsl_2878,ghsl_2878_cell_00348
ghsl_2878,ghsl_2878_cell_00349
ghsl_2878,ghsl_2878_cell_00350
ghsl_2878,ghsl_2878_cell_00351
ghsl_2878,ghsl_2878_cell_00352
ghsl_2878,ghsl_2878_cell_00353
ghsl_2878,ghsl_2878_cell_00354
ghsl_2878,ghsl_2878_cell_00355
ghsl_2878,ghsl_2878_cell_00356
ghsl_2878,ghsl_2878_cell_00357
ghsl_2878,ghsl_2878_cell_00358
ghsl_2878,ghsl_2878_cell_00359
ghsl_2878,ghsl_2878_cell_00360
ghsl_2878,ghsl_2878_cell_00361
ghsl_2878,ghsl_2878_cell_00362
ghsl_2878,ghsl_2878_cell_00363
ghsl_2878,ghsl_2878_cell_00364
ghsl_2878,ghsl_2878_cell_00365
ghsl_2878,ghsl_2878_cell_00366
ghsl_2878,ghsl_2878_cell_00367
ghsl_2878,ghsl_2878_cell_00368
ghsl_2878,ghsl_2878_cell_00369
ghsl_2878,ghsl_2878_cell_00370
ghsl_2878,ghsl_2878_cell_00371
ghsl_2878,ghsl_2878_cell_00372
ghsl_2878,ghsl_2878_cell_00373
ghsl_2878,ghsl_2878_cell_00374
ghsl_2878,ghsl_2878_cell_00375
ghsl_2878,ghsl_2878_cell_00376
ghsl_2878,ghsl_2878_cell_00377
ghsl_2878,ghsl_2878_cell_00378
ghsl_2878,ghsl_2878_cell_00379
ghsl_2878,ghsl_2878_cell_00380
ghsl_2878,ghsl_2878_cell_00381
ghsl_2878,ghsl_2878_cell_00382
ghsl_2878,ghsl_2878_cell_00383
ghsl_2878,ghsl_2878_cell_00384
ghsl_2878,ghsl_2878_cell_00385
ghsl_2878,ghsl_2878_cell_00386
ghsl_2878,ghsl_2878_cell_00387
ghsl_2878,ghsl_2878_cell_00388
ghsl_2878,ghsl_2878_cell_00389
ghsl_2878,ghsl_2878_cell_00390
ghsl_2878,ghsl_2878_cell_00391
ghsl_2878,ghsl_2878_cell_00392
ghsl_2878,ghsl_2878_cell_00393
ghsl_2878,ghsl_2878_cell_00394
ghsl_2878,ghsl_2878_cell_00395
ghsl_2878,ghsl_2878_cell_00396
ghsl_2878,ghsl_2878_cell_00397
ghsl_2878,ghsl_2878_cell_00398
ghsl_2878,ghsl_2878_cell_00399
ghsl_2878,ghsl_2878_cell_00400
ghsl_2878,ghsl_2878_cell_00401
ghsl_2878,ghsl_2878_cell_00402
ghsl_2878,ghsl_2878_cell_00403
ghsl_2878,ghsl_2878_cell_00404
ghsl_2878,ghsl_2878_cell_00405
ghsl_2878,ghsl_2878_cell_00406
ghsl_2878,ghsl_2878_cell_00407
ghsl_2878,ghsl_2878_cell_00408
ghsl_2878,ghsl_2878_cell_00409
ghsl_2878,ghsl_2878_cell_00410
ghsl_2878,ghsl_2878_cell_00411
ghsl_2878,ghsl_2878_cell_00412
ghsl_2878,ghsl_2878_cell_00413
ghsl_2878,ghsl_2878_cell_00414
ghsl_2878,ghsl_2878_cell_00415
ghsl_2878,ghsl_2878_cell_00416
ghsl_2878,ghsl_2878_cell_00417
ghsl_2878,ghsl_2878_cell_00418
ghsl_2878,ghsl_2878_cell_00419
ghsl_2878,ghsl_2878_cell_00420
ghsl_2878,ghsl_2878_cell_00421
ghsl_2878,ghsl_2878_cell_00422
ghsl_2878,ghsl_2878_cell_00423
ghsl_2878,ghsl_2878_cell_00424
ghsl_2878,ghsl_2878_cell_00425
ghsl_2878,ghsl_2878_cell_00426
ghsl_2878,ghsl_2878_cell_00427
ghsl_2878,ghsl_2878_cell_00428
ghsl_2878,ghsl_2878_cell_00429
ghsl_2878,ghsl_2878_cell_00430
ghsl_2878,ghsl_2878_cell_00431
ghsl_2878,ghsl_2878_cell_00432
ghsl_2878,ghsl_2878_cell_00433
ghsl_2878,ghsl_2878_cell_00434
ghsl_2878,ghsl_2878_cell_00435
ghsl_2878,ghsl_2878_cell_00436
ghsl_2878,ghsl_2878_cell_00437
ghsl_2878,ghsl_2878_cell_00438
ghsl_2878,ghsl_2878_cell_00439
ghsl_2878,ghsl_2878_cell_00440
ghsl_2878,ghsl_2878_cell_00441
ghsl_2878,ghsl_2878_cell_00442
ghsl_2878,ghsl_2878_cell_00443
ghsl_2878,ghsl_2878_cell_00444
ghsl_2878,ghsl_2878_cell_00445
ghsl_2878,ghsl_2878_cell_00446
ghsl_2878,ghsl_2878_cell_00447
ghsl_2878,ghsl_2878_cell_00448
ghsl_2878,ghsl_2878_cell_00449
ghsl_2878,ghsl_2878_cell_00450
ghsl_2878,ghsl_2878_cell_00451
ghsl_2878,ghsl_2878_cell_00452
ghsl_2878,ghsl_2878_cell_00453
ghsl_2878,ghsl_2878_cell_00454
ghsl_2878,ghsl_2878_cell_00455
ghsl_2878,ghsl_2878_cell_00456
ghsl_2878,ghsl_2878_cell_00457
ghsl_2878,ghsl_2878_cell_00458
ghsl_2878,ghsl_2878_cell_00459
ghsl_2878,ghsl_2878_cell_00460
ghsl_2878,ghsl_2878_cell_00461
ghsl_2878,ghsl_2878_cell_00462
ghsl_2878,ghsl_2878_cell_00463
ghsl_2878,ghsl_2878_cell_00464
ghsl_2878,ghsl_2878_cell_00465
ghsl_2878,ghsl_2878_cell_00466
ghsl_2878,ghsl_2878_cell_00467
ghsl_2878,ghsl_2878_cell_00468
ghsl_2878,ghsl_2878_cell_00469
ghsl_2878,ghsl_2878_cell_00470
ghsl_2878,ghsl_2878_cell_00471
ghsl_2878,ghsl_2878_cell_00472
ghsl_2878,ghsl_2878_cell_00473
ghsl_2878,ghsl_2878_cell_00474
ghsl_2878,ghsl_2878_cell_00475
ghsl_2878,ghsl_2878_cell_00476
ghsl_2878,ghsl_2878_cell_00477
ghsl_2878,ghsl_2878_cell_00478
ghsl_2878,ghsl_2878_cell_00479
ghsl_2878,ghsl_2878_cell_00480
ghsl_2878,ghsl_2878_cell_00481
ghsl_2878,ghsl_2878_cell_00482
ghsl_2878,ghsl_2878_cell_00483
ghsl_2878,ghsl_2878_cell_00484
ghsl_2878,ghsl_2878_cell_00485
ghsl_2878,ghsl_2878_cell_00486
ghsl_2878,ghsl_2878_cell_00487
ghsl_2878,ghsl_2878_cell_00488
ghsl_2878,ghsl_2878_cell_00489
ghsl_2878,ghsl_2878_cell_00490
ghsl_2878,ghsl_2878_cell_00491
ghsl_2878,ghsl_2878_cell_00492
ghsl_2878,ghsl_2878_cell_00493
ghsl_2878,ghsl_2878_cell_00494
ghsl_2878,ghsl_2878_cell_00495
ghsl_2878,ghsl_2878_cell_00496
ghsl_2878,ghsl_2878_cell_00497
ghsl_2878,ghsl_2878_cell_00498
ghsl_2878,ghsl_2878_cell_00499
ghsl_2878,ghsl_2878_cell_00500
ghsl_2878,ghsl_2878_cell_00501
ghsl_2878,ghsl_2878_cell_00502
ghsl_2878,ghsl_2878_cell_00503
ghsl_2878,ghsl_2878_cell_00504
ghsl_2878,ghsl_2878_cell_00505
ghsl_2878,ghsl_2878_cell_00506
ghsl_2878,ghsl_2878_cell_00507
ghsl_2878,ghsl_2878_cell_00508
ghsl_2878,ghsl_2878_cell_00509
ghsl_2878,ghsl_2878_cell_00510
ghsl_2878,ghsl_2878_cell_00511
ghsl_2878,ghsl_2878_cell_00512
ghsl_2878,ghsl_2878_cell_00513
ghsl_2878,ghsl_2878_cell_00514
ghsl_2878,ghsl_2878_cell_00515
ghsl_2878,ghsl_2878_cell_00516
ghsl_2878,ghsl_2878_cell_00517
ghsl_2878,ghsl_2878_cell_00518
ghsl_2878,ghsl_2878_cell_00519
ghsl_2878,ghsl_2878_cell_00520
ghsl_2878,ghsl_2878_cell_00521
ghsl_2878,ghsl_2878_cell_00522
ghsl_2878,ghsl_2878_cell_00523
ghsl_2878,ghsl_2878_cell_00524
ghsl_2878,ghsl_2878_cell_00525
ghsl_2878,ghsl_2878_cell_00526
ghsl_2878,ghsl_2878_cell_00527
ghsl_2878,ghsl_2878_cell_00528
ghsl_2878,ghsl_2878_cell_00529
ghsl_2878,ghsl_2878_cell_00530
ghsl_2878,ghsl_2878_cell_00531
ghsl_2878,ghsl_2878_cell_00532
ghsl_2878,ghsl_2878_cell_00533
ghsl_2878,ghsl_2878_cell_00534
ghsl_2878,ghsl_2878_cell_00535
ghsl_2878,ghsl_2878_cell_00536
ghsl_2878,ghsl_2878_cell_00537
ghsl_2878,ghsl_2878_cell_00538
ghsl_2878,ghsl_2878_cell_00539
ghsl_2878,ghsl_2878_cell_00540
ghsl_2878,ghsl_2878_cell_00541
ghsl_2878,ghsl_2878_cell_00542
ghsl_2878,ghsl_2878_cell_00543
ghsl_2878,ghsl_2878_cell_00544
ghsl_2878,ghsl_2878_cell_00545
ghsl_2878,ghsl_2878_cell_00546
ghsl_2878,ghsl_2878_cell_00547
ghsl_2878,ghsl_2878_cell_00548
ghsl_2878,ghsl_2878_cell_00549
ghsl_2878,ghsl_2878_cell_00550
ghsl_2878,ghsl_2878_cell_00551
ghsl_2878,ghsl_2878_cell_00552
ghsl_2878,ghsl_2878_cell_00553
ghsl_2878,ghsl_2878_cell_00554
ghsl_2878,ghsl_2878_cell_00555
ghsl_2878,ghsl_2878_cell_00556
ghsl_2878,ghsl_2878_cell_00557
ghsl_2878,ghsl_2878_cell_00558
ghsl_2878,ghsl_2878_cell_00559
ghsl_2878,ghsl_2878_cell_00560
ghsl_2878,ghsl_2878_cell_00561
ghsl_2878,ghsl_2878_cell_00562
ghsl_2878,ghsl_2878_cell_00563
ghsl_2878,ghsl_2878_cell_00564
ghsl_2878,ghsl_2878_cell_00565
ghsl_2878,ghsl_2878_cell_00566
ghsl_2878,ghsl_2878_cell_00567
ghsl_2878,ghsl_2878_cell_00568
ghsl_2878,ghsl_2878_cell_00569
ghsl_2878,ghsl_2878_cell_00570
ghsl_2878,ghsl_2878_cell_00571
ghsl_2878,ghsl_2878_cell_00572
ghsl_2878,ghsl_2878_cell_00573
ghsl_2878,ghsl_2878_cell_00574
ghsl_2878,ghsl_2878_cell_00575
ghsl_2878,ghsl_2878_cell_00576
ghsl_2878,ghsl_2878_cell_00577
ghsl_2878,ghsl_2878_cell_00578
ghsl_2878,ghsl_2878_cell_00579
ghsl_2878,ghsl_2878_cell_00580
ghsl_2878,ghsl_2878_cell_00581
ghsl_2878,ghsl_2878_cell_00582
ghsl_2878,ghsl_2878_cell_00583
ghsl_2878,ghsl_2878_cell_00584
ghsl_2878,ghsl_2878_cell_00585
ghsl_2878,ghsl_2878_cell_00586
ghsl_2878,ghsl_2878_cell_00587
ghsl_2878,ghsl_2878_cell_00588
ghsl_2878,ghsl_2878_cell_00589
ghsl_2878,ghsl_2878_cell_00590
ghsl_2878,ghsl_2878_cell_00591
ghsl_2878,ghsl_2878_cell_00592
ghsl_2878,ghsl_2878_cell_00593
ghsl_2878,ghsl_2878_cell_00594
ghsl_2878,ghsl_2878_cell_00595
ghsl_2878,ghsl_2878_cell_00596
ghsl_2878,ghsl_2878_cell_00597
ghsl_2878,ghsl_2878_cell_00598
ghsl_2878,ghsl_2878_cell_00599
ghsl_2878,ghsl_2878_cell_00600
ghsl_2878,ghsl_2878_cell_00601
ghsl_2878,ghsl_2878_cell_00602
ghsl_2878,ghsl_2878_cell_00603
ghsl_2878,ghsl_2878_cell_00604
ghsl_2878,ghsl_2878_cell_00605
ghsl_2878,ghsl_2878_cell_00606
ghsl_2878,ghsl_2878_cell_00607
ghsl_2878,ghsl_2878_cell_00608
ghsl_2878,ghsl_2878_cell_00609
ghsl_2878,ghsl_2878_cell_00610
ghsl_2878,ghsl_2878_cell_00611
ghsl_2878,ghsl_2878_cell_00612
ghsl_2878,ghsl_2878_cell_00613
ghsl_2878,ghsl_2878_cell_00614
ghsl_2878,ghsl_2878_cell_00615
ghsl_2878,ghsl_2878_cell_00616
ghsl_2878,ghsl_2878_cell_00617
ghsl_2878,ghsl_2878_cell_00618
ghsl_2878,ghsl_2878_cell_00619
ghsl_2878,ghsl_2878_cell_00620
ghsl_2878,ghsl_2878_cell_00621
ghsl_2878,ghsl_2878_cell_00622
ghsl_2878,ghsl_2878_cell_00623
ghsl_2878,ghsl_2878_cell_00624
ghsl_2878,ghsl_2878_cell_00625
ghsl_2878,ghsl_2878_cell_00626
ghsl_2878,ghsl_2878_cell_00627
ghsl_2878,ghsl_2878_cell_00628
ghsl_2878,ghsl_2878_cell_00629
ghsl_2878,ghsl_2878_cell_00630
ghsl_2878,ghsl_2878_cell_00631
ghsl_2878,ghsl_2878_cell_00632
ghsl_2878,ghsl_2878_cell_00633
ghsl_2878,ghsl_2878_cell_00634
ghsl_2878,ghsl_2878_cell_00635
ghsl_2878,ghsl_2878_cell_00636
ghsl_2878,ghsl_2878_cell_00637
ghsl_2878,ghsl_2878_cell_00638
ghsl_2878,ghsl_2878_cell_00639
ghsl_2878,ghsl_2878_cell_00640
ghsl_2878,ghsl_2878_cell_00641
ghsl_2878,ghsl_2878_cell_00642
ghsl_2878,ghsl_2878_cell_00643
ghsl_2878,ghsl_2878_cell_00644
ghsl_2878,ghsl_2878_cell_00645
ghsl_2878,ghsl_2878_cell_00646
ghsl_2878,ghsl_2878_cell_00647
ghsl_2878,ghsl_2878_cell_00648
ghsl_2878,ghsl_2878_cell_00649
ghsl_2878,ghsl_2878_cell_00650
ghsl_2878,ghsl_2878_cell_00651
ghsl_2878,ghsl_2878_cell_00652
ghsl_2878,ghsl_2878_cell_00653
ghsl_2878,ghsl_2878_cell_00654
ghsl_2878,ghsl_2878_cell_00655
ghsl_2878,ghsl_2878_cell_00656
ghsl_2878,ghsl_2878_cell_00657
ghsl_2878,ghsl_2878_cell_00658
ghsl_2878,ghsl_2878_cell_00659
ghsl_2878,ghsl_2878_cell_00660
ghsl_2878,ghsl_2878_cell_00661
ghsl_2878,ghsl_2878_cell_00662
ghsl_2878,ghsl_2878_cell_00663
ghsl_2878,ghsl_2878_cell_00664
ghsl_2878,ghsl_2878_cell_00665
ghsl_2878,ghsl_2878_cell_00666
ghsl_2878,ghsl_2878_cell_00667
ghsl_2878,ghsl_2878_cell_00668
ghsl_2878,ghsl_2878_cell_00669
ghsl_2878,ghsl_2878_cell_00670
ghsl_2878,ghsl_2878_cell_00671
ghsl_2878,ghsl_2878_cell_00672
ghsl_2878,ghsl_2878_cell_00673
ghsl_2878,ghsl_2878_cell_00674
ghsl_2878,ghsl_2878_cell_00675
ghsl_2878,ghsl_2878_cell_00676
ghsl_2878,ghsl_2878_cell_00677
ghsl_2878,ghsl_2878_cell_00678
ghsl_2878,ghsl_2878_cell_00679
ghsl_2878,ghsl_2878_cell_00680
ghsl_2878,ghsl_2878_cell_00681
ghsl_2878,ghsl_2878_cell_00682
ghsl_2878,ghsl_2878_cell_00683
ghsl_2878,ghsl_2878_cell_00684
ghsl_2878,ghsl_2878_cell_00685
ghsl_2878,ghsl_2878_cell_00686
ghsl_2878,ghsl_2878_cell_00687
ghsl_2878,ghsl_2878_cell_00688
ghsl_2878,ghsl_2878_cell_00689
ghsl_2878,ghsl_2878_cell_00690
ghsl_2878,ghsl_2878_cell_00691
ghsl_2878,ghsl_2878_cell_00692
ghsl_2878,ghsl_2878_cell_00693
ghsl_2878,ghsl_2878_cell_00694
ghsl_2878,ghsl_2878_cell_00695
ghsl_2878,ghsl_2878_cell_00696
ghsl_2878,ghsl_2878_cell_00697
ghsl_2878,ghsl_2878_cell_00698
ghsl_2878,ghsl_2878_cell_00699
ghsl_2878,ghsl_2878_cell_00700
ghsl_2878,ghsl_2878_cell_00701
ghsl_2878,ghsl_2878_cell_00702
ghsl_2878,ghsl_2878_cell_00703
ghsl_2878,ghsl_2878_cell_00704
ghsl_2878,ghsl_2878_cell_00705
ghsl_2878,ghsl_2878_cell_00706
ghsl_2878,ghsl_2878_cell_00707
ghsl_2878,ghsl_2878_cell_00708
ghsl_2878,ghsl_2878_cell_00709
ghsl_2878,ghsl_2878_cell_00710
ghsl_2878,ghsl_2878_cell_00711
ghsl_2878,ghsl_2878_cell_00712
ghsl_2878,ghsl_2878_cell_00713
ghsl_2878,ghsl_2878_cell_00714
ghsl_2878,ghsl_2878_cell_00715
ghsl_2878,ghsl_2878_cell_00716
ghsl_2878,ghsl_2878_cell_00717
ghsl_2878,ghsl_2878_cell_00718
ghsl_2878,ghsl_2878_cell_00719
ghsl_2878,ghsl_2878_cell_00720
ghsl_2878,ghsl_2878_cell_00721
ghsl_2878,ghsl_2878_cell_00722
ghsl_2878,ghsl_2878_cell_00723
ghsl_2878,ghsl_2878_cell_00724
ghsl_2878,ghsl_2878_cell_00725
ghsl_2878,ghsl_2878_cell_00726
ghsl_2878,ghsl_2878_cell_00727
ghsl_2878,ghsl_2878_cell_00728
ghsl_2878,ghsl_2878_cell_00729
ghsl_2878,ghsl_2878_cell_00730
ghsl_2878,ghsl_2878_cell_00731
ghsl_2878,ghsl_2878_cell_00732
ghsl_2878,ghsl_2878_cell_00733
ghsl_2878,ghsl_2878_cell_00734
ghsl_2878,ghsl_2878_cell_00735
ghsl_2878,ghsl_2878_cell_00736
ghsl_2878,ghsl_2878_cell_00737
ghsl_2878,ghsl_2878_cell_00738
ghsl_2878,ghsl_2878_cell_00739
ghsl_2878,ghsl_2878_cell_00740
ghsl_2878,ghsl_2878_cell_00741
ghsl_2878,ghsl_2878_cell_00742
ghsl_2878,ghsl_2878_cell_00743
ghsl_2878,ghsl_2878_cell_00744
ghsl_2878,ghsl_2878_cell_00745
ghsl_2878,ghsl_2878_cell_00746
ghsl_2878,ghsl_2878_cell_00747
ghsl_2878,ghsl_2878_cell_00748
ghsl_2878,ghsl_2878_cell_00749
ghsl_2878,ghsl_2878_cell_00750
ghsl_2878,ghsl_2878_cell_00751
ghsl_2878,ghsl_2878_cell_00752
ghsl_2878,ghsl_2878_cell_00753
ghsl_2878,ghsl_2878_cell_00754
ghsl_2878,ghsl_2878_cell_00755
ghsl_2878,ghsl_2878_cell_00756
ghsl_2878,ghsl_2878_cell_00757
ghsl_2878,ghsl_2878_cell_00758
ghsl_2878,ghsl_2878_cell_00759
ghsl_2878,ghsl_2878_cell_00760
ghsl_2878,ghsl_2878_cell_00761
ghsl_2878,ghsl_2878_cell_00762
ghsl_2878,ghsl_2878_cell_00763
ghsl_2878,ghsl_2878_cell_00764
ghsl_2878,ghsl_2878_cell_00765
ghsl_2878,ghsl_2878_cell_00766
ghsl_2878,ghsl_2878_cell_00767
ghsl_2878,ghsl_2878_cell_00768
ghsl_2878,ghsl_2878_cell_00769
ghsl_2878,ghsl_2878_cell_00770
ghsl_2878,ghsl_2878_cell_00771
ghsl_2878,ghsl_2878_cell_00772
ghsl_2878,ghsl_2878_cell_00773
ghsl_2878,ghsl_2878_cell_00774
ghsl_2878,ghsl_2878_cell_00775
ghsl_2878,ghsl_2878_cell_00776
ghsl_2878,ghsl_2878_cell_00777
ghsl_2878,ghsl_2878_cell_00778
ghsl_2878,ghsl_2878_cell_00779
ghsl_2878,ghsl_2878_cell_00780
ghsl_2878,ghsl_2878_cell_00781
ghsl_2878,ghsl_2878_cell_00782
ghsl_2878,ghsl_2878_cell_00783
ghsl_2878,ghsl_2878_cell_00784
ghsl_2878,ghsl_2878_cell_00785
ghsl_2878,ghsl_2878_cell_00786
ghsl_2878,ghsl_2878_cell_00787
ghsl_2878,ghsl_2878_cell_00788
ghsl_2878,ghsl_2878_cell_00789
ghsl_2878,ghsl_2878_cell_00790
ghsl_2878,ghsl_2878_cell_00791
ghsl_2878,ghsl_2878_cell_00792
ghsl_2878,ghsl_2878_cell_00793
ghsl_2878,ghsl_2878_cell_00794
ghsl_2878,ghsl_2878_cell_00795
ghsl_2878,ghsl_2878_cell_00796
ghsl_2878,ghsl_2878_cell_00797
ghsl_2878,ghsl_2878_cell_00798
ghsl_2878,ghsl_2878_cell_00799
ghsl_2878,ghsl_2878_cell_00800
ghsl_2878,ghsl_2878_cell_00801
ghsl_2878,ghsl_2878_cell_00802
ghsl_2878,ghsl_2878_cell_00803
ghsl_2878,ghsl_2878_cell_00804
ghsl_2878,ghsl_2878_cell_00805
ghsl_2878,ghsl_2878_cell_00806
ghsl_2878,ghsl_2878_cell_00807
ghsl_2878,ghsl_2878_cell_00808
ghsl_2878,ghsl_2878_cell_00809
ghsl_2878,ghsl_2878_cell_00810
ghsl_2878,ghsl_2878_cell_00811
ghsl_2878,ghsl_2878_cell_00812
ghsl_2878,ghsl_2878_cell_00813
ghsl_2878,ghsl_2878_cell_00814
ghsl_2878,ghsl_2878_cell_00815
ghsl_2878,ghsl_2878_cell_00816
ghsl_2878,ghsl_2878_cell_00817
ghsl_2878,ghsl_2878_cell_00818
ghsl_2878,ghsl_2878_cell_00819
ghsl_2878,ghsl_2878_cell_00820
ghsl_2878,ghsl_2878_cell_00821
ghsl_2878,ghsl_2878_cell_00822
ghsl_2878,ghsl_2878_cell_00823
ghsl_2878,ghsl_2878_cell_00824
ghsl_2878,ghsl_2878_cell_00825
ghsl_2878,ghsl_2878_cell_00826
ghsl_2878,ghsl_2878_cell_00827
ghsl_2878,ghsl_2878_cell_00828
ghsl_2878,ghsl_2878_cell_00829
ghsl_2878,ghsl_2878_cell_00830
ghsl_2878,ghsl_2878_cell_00831
ghsl_2878,ghsl_2878_cell_00832
ghsl_2878,ghsl_2878_cell_00833
ghsl_2878,ghsl_2878_cell_00834
ghsl_2878,ghsl_2878_cell_00835
ghsl_2878,ghsl_2878_cell_00836
ghsl_2878,ghsl_2878_cell_00837
ghsl_2878,ghsl_2878_cell_00838
ghsl_2878,ghsl_2878_cell_00839
ghsl_2878,ghsl_2878_cell_00840
ghsl_2878,ghsl_2878_cell_00841
ghsl_2878,ghsl_2878_cell_00842
ghsl_2878,ghsl_2878_cell_00843
ghsl_2878,ghsl_2878_cell_00844
ghsl_2878,ghsl_2878_cell_00845
ghsl_2878,ghsl_2878_cell_00846
ghsl_2878,ghsl_2878_cell_00847
ghsl_2878,ghsl_2878_cell_00848
ghsl_2878,ghsl_2878_cell_00849
ghsl_2878,ghsl_2878_cell_00850
ghsl_2878,ghsl_2878_cell_00851
ghsl_2878,ghsl_2878_cell_00852
ghsl_2878,ghsl_2878_cell_00853
ghsl_2878,ghsl_2878_cell_00854
ghsl_2878,ghsl_2878_cell_00855
ghsl_2878,ghsl_2878_cell_00856
ghsl_2878,ghsl_2878_cell_00857
ghsl_2878,ghsl_2878_cell_00858
ghsl_2878,ghsl_2878_cell_00859
ghsl_2878,ghsl_2878_cell_00860
ghsl_2878,ghsl_2878_cell_00861
ghsl_2878,ghsl_2878_cell_00862
ghsl_2878,ghsl_2878_cell_00863
ghsl_2878,ghsl_2878_cell_00864
ghsl_2878,ghsl_2878_cell_00865
ghsl_2878,ghsl_2878_cell_00866
ghsl_2878,ghsl_2878_cell_00867
ghsl_2878,ghsl_2878_cell_00868
ghsl_2878,ghsl_2878_cell_00869
ghsl_2878,ghsl_2878_cell_00870
ghsl_2878,ghsl_2878_cell_00871
ghsl_2878,ghsl_2878_cell_00872
ghsl_2878,ghsl_2878_cell_00873
ghsl_2878,ghsl_2878_cell_00874
ghsl_2878,ghsl_2878_cell_00875
ghsl_2878,ghsl_2878_cell_00876
ghsl_2878,ghsl_2878_cell_00877
ghsl_2878,ghsl_2878_cell_00878
ghsl_2878,ghsl_2878_cell_00879
ghsl_2878,ghsl_2878_cell_00880
ghsl_2878,ghsl_2878_cell_00881
ghsl_2878,ghsl_2878_cell_00882
ghsl_2878,ghsl_2878_cell_00883
ghsl_2878,ghsl_2878_cell_00884
ghsl_2878,ghsl_2878_cell_00885
ghsl_2878,ghsl_2878_cell_00886
ghsl_2878,ghsl_2878_cell_00887
ghsl_2878,ghsl_2878_cell_00888
ghsl_2878,ghsl_2878_cell_00889
ghsl_2878,ghsl_2878_cell_00890
ghsl_2878,ghsl_2878_cell_00891
ghsl_2878,ghsl_2878_cell_00892
ghsl_2878,ghsl_2878_cell_00893
ghsl_2878,ghsl_2878_cell_00894
ghsl_2878,ghsl_2878_cell_00895
ghsl_2878,ghsl_2878_cell_00896
ghsl_2878,ghsl_2878_cell_00897
ghsl_2878,ghsl_2878_cell_00898
ghsl_2878,ghsl_2878_cell_00899
ghsl_2878,ghsl_2878_cell_00900
ghsl_2878,ghsl_2878_cell_00901
ghsl_2878,ghsl_2878_cell_00902
ghsl_2878,ghsl_2878_cell_00903
ghsl_2878,ghsl_2878_cell_00904
ghsl_2878,ghsl_2878_cell_00905
ghsl_2878,ghsl_2878_cell_00906
ghsl_2878,ghsl_2878_cell_00907
ghsl_2878,ghsl_2878_cell_00908
ghsl_2878,ghsl_2878_cell_00909
ghsl_2878,ghsl_2878_cell_00910
ghsl_2878,ghsl_2878_cell_00911
ghsl_2878,ghsl_2878_cell_00912
ghsl_2878,ghsl_2878_cell_00913
ghsl_2878,ghsl_2878_cell_00914
ghsl_2878,ghsl_2878_cell_00915
ghsl_2878,ghsl_2878_cell_00916
ghsl_2878,ghsl_2878_cell_00917
ghsl_2878,ghsl_2878_cell_00918
ghsl_2878,ghsl_2878_cell_00919
ghsl_2878,ghsl_2878_cell_00920
ghsl_2878,ghsl_2878_cell_00921
ghsl_2878,ghsl_2878_cell_00922
ghsl_2878,ghsl_2878_cell_00923
ghsl_2878,ghsl_2878_cell_00924
ghsl_2878,ghsl_2878_cell_00925
ghsl_2878,ghsl_2878_cell_00926
ghsl_2878,ghsl_2878_cell_00927
ghsl_2878,ghsl_2878_cell_00928
ghsl_2878,ghsl_2878_cell_00929
ghsl_2878,ghsl_2878_cell_00930
ghsl_2878,ghsl_2878_cell_00931
ghsl_2878,ghsl_2878_cell_00932
ghsl_2878,ghsl_2878_cell_00933
ghsl_2878,ghsl_2878_cell_00934
ghsl_2878,ghsl_2878_cell_00935
ghsl_2878,ghsl_2878_cell_00936
ghsl_2878,ghsl_2878_cell_00937
ghsl_2878,ghsl_2878_cell_00938
ghsl_2878,ghsl_2878_cell_00939
ghsl_2878,ghsl_2878_cell_00940
ghsl_2878,ghsl_2878_cell_00941
ghsl_2878,ghsl_2878_cell_00942
ghsl_2878,ghsl_2878_cell_00943
ghsl_2878,ghsl_2878_cell_00944
ghsl_2878,ghsl_2878_cell_00945
ghsl_2878,ghsl_2878_cell_00946
ghsl_2878,ghsl_2878_cell_00947
ghsl_2878,ghsl_2878_cell_00948
ghsl_2878,ghsl_2878_cell_00949
ghsl_2878,ghsl_2878_cell_00950
ghsl_2878,ghsl_2878_cell_00951
ghsl_2878,ghsl_2878_cell_00952
ghsl_2878,ghsl_2878_cell_00953
ghsl_2878,ghsl_2878_cell_00954
ghsl_2878,ghsl_2878_cell_00955
ghsl_2878,ghsl_2878_cell_00956
ghsl_2878,ghsl_2878_cell_00957
ghsl_2878,ghsl_2878_cell_00958
ghsl_2878,ghsl_2878_cell_00959
ghsl_2878,ghsl_2878_cell_00960
ghsl_2878,ghsl_2878_cell_00961
ghsl_2878,ghsl_2878_cell_00962
ghsl_2878,ghsl_2878_cell_00963
ghsl_2878,ghsl_2878_cell_00964
ghsl_2878,ghsl_2878_cell_00965
ghsl_2878,ghsl_2878_cell_00966
ghsl_2878,ghsl_2878_cell_00967
ghsl_2878,ghsl_2878_cell_00968
ghsl_2878,ghsl_2878_cell_00969
ghsl_2878,ghsl_2878_cell_00970
ghsl_2878,ghsl_2878_cell_00971
ghsl_2878,ghsl_2878_cell_00972
ghsl_2878,ghsl_2878_cell_00973
ghsl_2878,ghsl_2878_cell_00974
ghsl_2878,ghsl_2878_cell_00975
ghsl_2878,ghsl_2878_cell_00976
ghsl_2878,ghsl_2878_cell_00977
ghsl_2878,ghsl_2878_cell_00978
ghsl_2878,ghsl_2878_cell_00979
ghsl_2878,ghsl_2878_cell_00980
ghsl_2878,ghsl_2878_cell_00981
ghsl_2878,ghsl_2878_cell_00982
ghsl_2878,ghsl_2878_cell_00983
ghsl_2878,ghsl_2878_cell_00984
ghsl_2878,ghsl_2878_cell_00985
ghsl_2878,ghsl_2878_cell_00986
ghsl_2878,ghsl_2878_cell_00987
ghsl_2878,ghsl_2878_cell_00988
ghsl_2878,ghsl_2878_cell_00989
ghsl_2878,ghsl_2878_cell_00990
ghsl_2878,ghsl_2878_cell_00991
ghsl_2878,ghsl_2878_cell_00992
ghsl_2878,ghsl_2878_cell_00993
ghsl_2878,ghsl_2878_cell_00994
ghsl_2878,ghsl_2878_cell_00995
ghsl_2878,ghsl_2878_cell_00996
ghsl_2878,ghsl_2878_cell_00997
ghsl_2878,ghsl_2878_cell_00998
ghsl_2878,ghsl_2878_cell_00999
ghsl_2878,ghsl_2878_cell_01000
ghsl_2878,ghsl_2878_cell_01001
ghsl_2878,ghsl_2878_cell_01002
ghsl_2878,ghsl_2878_cell_01003
ghsl_2878,ghsl_2878_cell_01004
ghsl_2878,ghsl_2878_cell_01005
ghsl_2878,ghsl_2878_cell_01006
ghsl_2878,ghsl_2878_cell_01007
ghsl_2878,ghsl_2878_cell_01008
ghsl_2878,ghsl_2878_cell_01009
ghsl_2878,ghsl_2878_cell_01010
ghsl_2878,ghsl_2878_cell_01011
ghsl_2878,ghsl_2878_cell_01012
ghsl_2878,ghsl_2878_cell_01013
ghsl_2878,ghsl_2878_cell_01014
ghsl_2878,ghsl_2878_cell_01015
ghsl_2878,ghsl_2878_cell_01016
ghsl_2878,ghsl_2878_cell_01017
ghsl_2878,ghsl_2878_cell_01018
ghsl_2878,ghsl_2878_cell_01019
ghsl_2878,ghsl_2878_cell_01020
ghsl_2878,ghsl_2878_cell_01021
ghsl_2878,ghsl_2878_cell_01022
ghsl_2878,ghsl_2878_cell_01023
ghsl_2878,ghsl_2878_cell_01024
ghsl_2878,ghsl_2878_cell_01025
ghsl_2878,ghsl_2878_cell_01026
ghsl_2878,ghsl_2878_cell_01027
ghsl_2878,ghsl_2878_cell_01028
ghsl_2878,ghsl_2878_cell_01029
ghsl_2878,ghsl_2878_cell_01030
ghsl_2878,ghsl_2878_cell_01031
ghsl_2878,ghsl_2878_cell_01032
ghsl_2878,ghsl_2878_cell_01033
ghsl_2878,ghsl_2878_cell_01034
ghsl_2878,ghsl_2878_cell_01035
ghsl_2878,ghsl_2878_cell_01036
ghsl_2878,ghsl_2878_cell_01037
ghsl_2878,ghsl_2878_cell_01038
ghsl_2878,ghsl_2878_cell_01039
ghsl_2878,ghsl_2878_cell_01040
ghsl_2878,ghsl_2878_cell_01041
ghsl_2878,ghsl_2878_cell_01042
ghsl_2878,ghsl_2878_cell_01043
ghsl_2878,ghsl_2878_cell_01044
ghsl_2878,ghsl_2878_cell_01045
ghsl_2878,ghsl_2878_cell_01046
ghsl_2878,ghsl_2878_cell_01047
ghsl_2878,ghsl_2878_cell_01048
ghsl_2878,ghsl_2878_cell_01049
ghsl_2878,ghsl_2878_cell_01050
ghsl_2878,ghsl_2878_cell_01051
ghsl_2878,ghsl_2878_cell_01052
ghsl_2878,ghsl_2878_cell_01053
ghsl_2878,ghsl_2878_cell_01054
ghsl_2878,ghsl_2878_cell_01055
ghsl_2878,ghsl_2878_cell_01056
ghsl_2878,ghsl_2878_cell_01057
ghsl_2878,ghsl_2878_cell_01058
ghsl_2878,ghsl_2878_cell_01059
ghsl_2878,ghsl_2878_cell_01060
ghsl_2878,ghsl_2878_cell_01061
ghsl_2878,ghsl_2878_cell_01062
ghsl_2878,ghsl_2878_cell_01063
ghsl_2878,ghsl_2878_cell_01064
ghsl_2878,ghsl_2878_cell_01065
ghsl_2878,ghsl_2878_cell_01066
ghsl_2878,ghsl_2878_cell_01067
ghsl_2878,ghsl_2878_cell_01068
ghsl_2878,ghsl_2878_cell_01069
ghsl_2878,ghsl_2878_cell_01070
ghsl_2878,ghsl_2878_cell_01071
ghsl_2878,ghsl_2878_cell_01072
ghsl_2878,ghsl_2878_cell_01073
ghsl_2878,ghsl_2878_cell_01074
ghsl_2878,ghsl_2878_cell_01075
ghsl_2878,ghsl_2878_cell_01076
ghsl_2878,ghsl_2878_cell_01077
ghsl_2878,ghsl_2878_cell_01078
ghsl_2878,ghsl_2878_cell_01079
ghsl_2878,ghsl_2878_cell_01080
ghsl_2878,ghsl_2878_cell_01081
ghsl_2878,ghsl_2878_cell_01082
ghsl_2878,ghsl_2878_cell_01083
ghsl_2878,ghsl_2878_cell_01084
ghsl_2878,ghsl_2878_cell_01085
ghsl_2878,ghsl_2878_cell_01086
ghsl_2878,ghsl_2878_cell_01087
ghsl_2878,ghsl_2878_cell_01088
ghsl_2878,ghsl_2878_cell_01089
ghsl_2878,ghsl_2878_cell_01090
ghsl_2878,ghsl_2878_cell_01091
ghsl_2878,ghsl_2878_cell_01092
ghsl_2878,ghsl_2878_cell_01093
ghsl_2878,ghsl_2878_cell_01094
ghsl_2878,ghsl_2878_cell_01095
ghsl_2878,ghsl_2878_cell_01096
ghsl_2878,ghsl_2878_cell_01097
ghsl_2878,ghsl_2878_cell_01098
ghsl_2878,ghsl_2878_cell_01099
ghsl_2878,ghsl_2878_cell_01100
ghsl_2878,ghsl_2878_cell_01101
ghsl_2878,ghsl_2878_cell_01102
ghsl_2878,ghsl_2878_cell_01103
ghsl_2878,ghsl_2878_cell_01104
ghsl_2878,ghsl_2878_cell_01105
ghsl_2878,ghsl_2878_cell_01106
ghsl_2878,ghsl_2878_cell_01107
ghsl_2878,ghsl_2878_cell_01108
ghsl_2878,ghsl_2878_cell_01109
ghsl_2878,ghsl_2878_cell_01110
ghsl_2878,ghsl_2878_cell_01111
ghsl_2878,ghsl_2878_cell_01112
ghsl_2878,ghsl_2878_cell_01113
ghsl_2878,ghsl_2878_cell_01114
ghsl_2878,ghsl_2878_cell_01115
ghsl_2878,ghsl_2878_cell_01116
ghsl_2878,ghsl_2878_cell_01117
ghsl_2878,ghsl_2878_cell_01118
ghsl_2878,ghsl_2878_cell_01119
ghsl_2878,ghsl_2878_cell_01120
ghsl_2878,ghsl_2878_cell_01121
ghsl_2878,ghsl_2878_cell_01122
ghsl_2878,ghsl_2878_cell_01123
ghsl_2878,ghsl_2878_cell_01124
ghsl_2878,ghsl_2878_cell_01125
ghsl_2878,ghsl_2878_cell_01126
ghsl_2878,ghsl_2878_cell_01127
ghsl_2878,ghsl_2878_cell_01128
ghsl_2878,ghsl_2878_cell_01129
ghsl_2878,ghsl_2878_cell_01130
ghsl_2878,ghsl_2878_cell_01131
ghsl_2878,ghsl_2878_cell_01132
ghsl_2878,ghsl_2878_cell_01133
ghsl_2878,ghsl_2878_cell_01134
ghsl_2878,ghsl_2878_cell_01135
ghsl_2878,ghsl_2878_cell_01136
ghsl_2878,ghsl_2878_cell_01137
ghsl_2878,ghsl_2878_cell_01138
ghsl_2878,ghsl_2878_cell_01139
ghsl_2878,ghsl_2878_cell_01140
ghsl_2878,ghsl_2878_cell_01141
ghsl_2878,ghsl_2878_cell_01142
ghsl_2878,ghsl_2878_cell_01143
ghsl_2878,ghsl_2878_cell_01144
ghsl_2878,ghsl_2878_cell_01145
ghsl_2878,ghsl_2878_cell_01146
ghsl_2878,ghsl_2878_cell_01147
ghsl_2878,ghsl_2878_cell_01148
ghsl_2878,ghsl_2878_cell_01149
ghsl_2878,ghsl_2878_cell_01150
ghsl_2878,ghsl_2878_cell_01151
ghsl_2878,ghsl_2878_cell_01152
ghsl_2878,ghsl_2878_cell_01153
ghsl_2878,ghsl_2878_cell_01154
ghsl_2878,ghsl_2878_cell_01155
ghsl_2878,ghsl_2878_cell_01156
ghsl_2878,ghsl_2878_cell_01157
ghsl_2878,ghsl_2878_cell_01158
ghsl_2878,ghsl_2878_cell_01159
ghsl_2878,ghsl_2878_cell_01160
ghsl_2878,ghsl_2878_cell_01161
ghsl_2878,ghsl_2878_cell_01162
ghsl_2878,ghsl_2878_cell_01163
ghsl_2878,ghsl_2878_cell_01164
ghsl_2878,ghsl_2878_cell_01165
ghsl_2878,ghsl_2878_cell_01166
ghsl_2878,ghsl_2878_cell_01167
ghsl_2878,ghsl_2878_cell_01168
ghsl_2878,ghsl_2878_cell_01169
ghsl_2878,ghsl_2878_cell_01170
ghsl_2878,ghsl_2878_cell_01171
ghsl_2878,ghsl_2878_cell_01172
ghsl_2878,ghsl_2878_cell_01173
ghsl_2878,ghsl_2878_cell_01174
ghsl_2878,ghsl_2878_cell_01175
ghsl_2878,ghsl_2878_cell_01176
ghsl_2878,ghsl_2878_cell_01177
ghsl_2878,ghsl_2878_cell_01178
ghsl_2878,ghsl_2878_cell_01179
ghsl_2878,ghsl_2878_cell_01180
ghsl_2878,ghsl_2878_cell_01181
ghsl_2878,ghsl_2878_cell_01182
ghsl_2878,ghsl_2878_cell_01183
ghsl_2878,ghsl_2878_cell_01184
ghsl_2878,ghsl_2878_cell_01185
ghsl_2878,ghsl_2878_cell_01186
ghsl_2878,ghsl_2878_cell_01187
ghsl_2878,ghsl_2878_cell_01188
ghsl_2878,ghsl_2878_cell_01189
ghsl_2878,ghsl_2878_cell_01190
ghsl_2878,ghsl_2878_cell_01191
ghsl_2878,ghsl_2878_cell_01192
ghsl_2878,ghsl_2878_cell_01193
ghsl_2878,ghsl_2878_cell_01194
ghsl_2878,ghsl_2878_cell_01195
ghsl_2878,ghsl_2878_cell_01196
ghsl_2878,ghsl_2878_cell_01197
ghsl_2878,ghsl_2878_cell_01198
ghsl_2878,ghsl_2878_cell_01199
ghsl_2878,ghsl_2878_cell_01200
ghsl_2878,ghsl_2878_cell_01201
ghsl_2878,ghsl_2878_cell_01202
ghsl_2878,ghsl_2878_cell_01203
ghsl_2878,ghsl_2878_cell_01204
ghsl_2878,ghsl_2878_cell_01205
ghsl_2878,ghsl_2878_cell_01206
ghsl_2878,ghsl_2878_cell_01207
ghsl_2878,ghsl_2878_cell_01208
ghsl_2878,ghsl_2878_cell_01209
ghsl_2878,ghsl_2878_cell_01210
ghsl_2878,ghsl_2878_cell_01211
ghsl_2878,ghsl_2878_cell_01212
ghsl_2878,ghsl_2878_cell_01213
ghsl_2878,ghsl_2878_cell_01214
ghsl_2878,ghsl_2878_cell_01215
ghsl_2878,ghsl_2878_cell_01216
ghsl_2878,ghsl_2878_cell_01217
ghsl_2878,ghsl_2878_cell_01218
ghsl_2878,ghsl_2878_cell_01219
ghsl_2878,ghsl_2878_cell_01220
ghsl_2878,ghsl_2878_cell_01221
ghsl_2878,ghsl_2878_cell_01222
ghsl_2878,ghsl_2878_cell_01223
ghsl_2878,ghsl_2878_cell_01224
ghsl_2878,ghsl_2878_cell_01225
ghsl_2878,ghsl_2878_cell_01226
ghsl_2878,ghsl_2878_cell_01227
ghsl_2878,ghsl_2878_cell_01228
ghsl_2878,ghsl_2878_cell_01229
ghsl_2878,ghsl_2878_cell_01230
ghsl_2878,ghsl_2878_cell_01231
ghsl_2878,ghsl_2878_cell_01232
ghsl_2878,ghsl_2878_cell_01233
ghsl_2878,ghsl_2878_cell_01234
ghsl_2878,ghsl_2878_cell_01235
ghsl_2878,ghsl_2878_cell_01236
ghsl_2878,ghsl_2878_cell_01237
ghsl_2878,ghsl_2878_cell_01238
ghsl_2878,ghsl_2878_cell_01239
ghsl_2878,ghsl_2878_cell_01240
ghsl_2878,ghsl_2878_cell_01241
ghsl_2878,ghsl_2878_cell_01242
ghsl_2878,ghsl_2878_cell_01243
ghsl_2878,ghsl_2878_cell_01244
ghsl_2878,ghsl_2878_cell_01245
ghsl_2878,ghsl_2878_cell_01246
ghsl_2878,ghsl_2878_cell_01247
ghsl_2878,ghsl_2878_cell_01248
ghsl_2878,ghsl_2878_cell_01249
ghsl_2878,ghsl_2878_cell_01250
ghsl_2878,ghsl_2878_cell_01251
ghsl_2878,ghsl_2878_cell_01252
ghsl_2878,ghsl_2878_cell_01253
ghsl_2878,ghsl_2878_cell_01254
ghsl_2878,ghsl_2878_cell_01255
ghsl_2878,ghsl_2878_cell_01256
ghsl_2878,ghsl_2878_cell_01257
ghsl_2878,ghsl_2878_cell_01258
ghsl_2878,ghsl_2878_cell_01259
ghsl_2878,ghsl_2878_cell_01260
ghsl_2878,ghsl_2878_cell_01261
ghsl_2878,ghsl_2878_cell_01262
ghsl_2878,ghsl_2878_cell_01263
ghsl_2878,ghsl_2878_cell_01264
ghsl_2878,ghsl_2878_cell_01265
ghsl_2878,ghsl_2878_cell_01266
ghsl_2878,ghsl_2878_cell_01267
ghsl_2878,ghsl_2878_cell_01268
ghsl_2878,ghsl_2878_cell_01269
ghsl_2878,ghsl_2878_cell_01270
ghsl_2878,ghsl_2878_cell_01271
ghsl_2878,ghsl_2878_cell_01272
ghsl_2878,ghsl_2878_cell_01273
ghsl_2878,ghsl_2878_cell_01274
ghsl_2878,ghsl_2878_cell_01275
ghsl_2878,ghsl_2878_cell_01276
ghsl_2878,ghsl_2878_cell_01277
ghsl_2878,ghsl_2878_cell_01278
ghsl_2878,ghsl_2878_cell_01279
ghsl_2878,ghsl_2878_cell_01280
ghsl_2878,ghsl_2878_cell_01281
ghsl_2878,ghsl_2878_cell_01282
ghsl_2878,ghsl_2878_cell_01283
ghsl_2878,ghsl_2878_cell_01284
ghsl_2878,ghsl_2878_cell_01285
ghsl_2878,ghsl_2878_cell_01286
ghsl_2878,ghsl_2878_cell_01287
ghsl_2878,ghsl_2878_cell_01288
ghsl_2878,ghsl_2878_cell_01289
ghsl_2878,ghsl_2878_cell_01290
ghsl_2878,ghsl_2878_cell_01291
ghsl_2878,ghsl_2878_cell_01292
ghsl_2878,ghsl_2878_cell_01293
ghsl_2878,ghsl_2878_cell_01294
ghsl_2878,ghsl_2878_cell_01295
ghsl_2878,ghsl_2878_cell_01296
ghsl_2878,ghsl_2878_cell_01297
ghsl_2878,ghsl_2878_cell_01298
ghsl_2878,ghsl_2878_cell_01299
ghsl_2878,ghsl_2878_cell_01300
ghsl_2878,ghsl_2878_cell_01301
ghsl_2878,ghsl_2878_cell_01302
ghsl_2878,ghsl_2878_cell_01303
ghsl_2878,ghsl_2878_cell_01304
ghsl_2878,ghsl_2878_cell_01305
ghsl_2878,ghsl_2878_cell_01306
ghsl_2878,ghsl_2878_cell_01307
ghsl_2878,ghsl_2878_cell_01308
ghsl_2878,ghsl_2878_cell_01309
ghsl_2878,ghsl_2878_cell_01310
ghsl_2878,ghsl_2878_cell_01311
ghsl_2878,ghsl_2878_cell_01312
ghsl_2878,ghsl_2878_cell_01313
ghsl_2878,ghsl_2878_cell_01314
ghsl_2878,ghsl_2878_cell_01315
ghsl_2878,ghsl_2878_cell_01316
ghsl_2878,ghsl_2878_cell_01317
ghsl_2878,ghsl_2878_cell_01318
ghsl_2878,ghsl_2878_cell_01319
ghsl_2878,ghsl_2878_cell_01320
ghsl_2878,ghsl_2878_cell_01321
ghsl_2878,ghsl_2878_cell_01322
ghsl_2878,ghsl_2878_cell_01323
ghsl_2878,ghsl_2878_cell_01324
ghsl_2878,ghsl_2878_cell_01325
ghsl_2878,ghsl_2878_cell_01326
ghsl_2878,ghsl_2878_cell_01327
ghsl_2878,ghsl_2878_cell_01328
ghsl_2878,ghsl_2878_cell_01329
ghsl_2878,ghsl_2878_cell_01330
ghsl_2878,ghsl_2878_cell_01331
ghsl_2878,ghsl_2878_cell_01332
ghsl_2878,ghsl_2878_cell_01333
ghsl_2878,ghsl_2878_cell_01334
ghsl_2878,ghsl_2878_cell_01335
ghsl_2878,ghsl_2878_cell_01336
ghsl_2878,ghsl_2878_cell_01337
ghsl_2878,ghsl_2878_cell_01338
ghsl_2878,ghsl_2878_cell_01339
ghsl_2878,ghsl_2878_cell_01340
ghsl_2878,ghsl_2878_cell_01341
ghsl_2878,ghsl_2878_cell_01342
ghsl_2878,ghsl_2878_cell_01343
ghsl_2878,ghsl_2878_cell_01344
ghsl_2878,ghsl_2878_cell_01345
ghsl_2878,ghsl_2878_cell_01346
ghsl_2878,ghsl_2878_cell_01347
ghsl_2878,ghsl_2878_cell_01348
ghsl_2878,ghsl_2878_cell_01349
ghsl_2878,ghsl_2878_cell_01350
ghsl_2878,ghsl_2878_cell_01351
ghsl_2878,ghsl_2878_cell_01352
ghsl_2878,ghsl_2878_cell_01353
ghsl_2878,ghsl_2878_cell_01354
ghsl_2878,ghsl_2878_cell_01355
ghsl_2878,ghsl_2878_cell_01356
ghsl_2878,ghsl_2878_cell_01357
ghsl_2878,ghsl_2878_cell_01358
ghsl_2878,ghsl_2878_cell_01359
ghsl_2878,ghsl_2878_cell_01360
ghsl_2878,ghsl_2878_cell_01361
ghsl_2878,ghsl_2878_cell_01362
ghsl_2878,ghsl_2878_cell_01363
ghsl_2878,ghsl_2878_cell_01364
ghsl_2878,ghsl_2878_cell_01365
ghsl_2878,ghsl_2878_cell_01366
ghsl_2878,ghsl_2878_cell_01367
ghsl_2878,ghsl_2878_cell_01368
ghsl_2878,ghsl_2878_cell_01369
ghsl_2878,ghsl_2878_cell_01370
ghsl_2878,ghsl_2878_cell_01371
ghsl_2878,ghsl_2878_cell_01372
ghsl_2878,ghsl_2878_cell_01373
ghsl_2878,ghsl_2878_cell_01374
ghsl_2878,ghsl_2878_cell_01375
ghsl_2878,ghsl_2878_cell_01376
ghsl_2878,ghsl_2878_cell_01377
ghsl_2878,ghsl_2878_cell_01378
ghsl_2878,ghsl_2878_cell_01379
ghsl_2878,ghsl_2878_cell_01380
ghsl_2878,ghsl_2878_cell_01381
ghsl_2878,ghsl_2878_cell_01382
ghsl_2878,ghsl_2878_cell_01383
ghsl_2878,ghsl_2878_cell_01384
ghsl_2878,ghsl_2878_cell_01385
ghsl_2878,ghsl_2878_cell_01386
ghsl_2878,ghsl_2878_cell_01387
ghsl_2878,ghsl_2878_cell_01388
ghsl_2878,ghsl_2878_cell_01389
ghsl_2878,ghsl_2878_cell_01390
ghsl_2878,ghsl_2878_cell_01391
ghsl_2878,ghsl_2878_cell_01392
ghsl_2878,ghsl_2878_cell_01393
ghsl_2878,ghsl_2878_cell_01394
ghsl_2878,ghsl_2878_cell_01395
ghsl_2878,ghsl_2878_cell_01396
ghsl_2878,ghsl_2878_cell_01397
ghsl_2878,ghsl_2878_cell_01398
ghsl_2878,ghsl_2878_cell_01399
ghsl_2878,ghsl_2878_cell_01400
ghsl_2878,ghsl_2878_cell_01401
ghsl_2878,ghsl_2878_cell_01402
ghsl_2878,ghsl_2878_cell_01403
ghsl_2878,ghsl_2878_cell_01404
ghsl_2878,ghsl_2878_cell_01405
ghsl_2878,ghsl_2878_cell_01406
ghsl_2878,ghsl_2878_cell_01407
ghsl_2878,ghsl_2878_cell_01408
ghsl_2878,ghsl_2878_cell_01409
ghsl_2878,ghsl_2878_cell_01410
ghsl_2878,ghsl_2878_cell_01411
ghsl_2878,ghsl_2878_cell_01412
ghsl_2878,ghsl_2878_cell_01413
ghsl_2878,ghsl_2878_cell_01414
ghsl_2878,ghsl_2878_cell_01415
ghsl_2878,ghsl_2878_cell_01416
ghsl_2878,ghsl_2878_cell_01417
ghsl_2878,ghsl_2878_cell_01418
ghsl_2878,ghsl_2878_cell_01419
ghsl_2878,ghsl_2878_cell_01420
ghsl_8099,ghsl_8099_cell_00000
ghsl_8099,ghsl_8099_cell_00001
ghsl_8099,ghsl_8099_cell_00002
ghsl_8099,ghsl_8099_cell_00003
ghsl_8099,ghsl_8099_cell_00004
ghsl_8099,ghsl_8099_cell_00005
ghsl_8099,ghsl_8099_cell_00006
ghsl_8099,ghsl_8099_cell_00007
ghsl_8099,ghsl_8099_cell_00008
ghsl_8099,ghsl_8099_cell_00009
ghsl_8099,ghsl_8099_cell_00010
ghsl_8099,ghsl_8099_cell_00011
ghsl_8099,ghsl_8099_cell_00012
ghsl_8099,ghsl_8099_cell_00013
ghsl_8099,ghsl_8099_cell_00014
ghsl_8099,ghsl_8099_cell_00015
ghsl_8099,ghsl_8099_cell_00016
ghsl_8099,ghsl_8099_cell_00017
ghsl_8099,ghsl_8099_cell_00018
ghsl_8099,ghsl_8099_cell_00019
ghsl_8099,ghsl_8099_cell_00020
ghsl_8099,ghsl_8099_cell_00021
ghsl_8099,ghsl_8099_cell_00022
ghsl_8099,ghsl_8099_cell_00023
ghsl_8099,ghsl_8099_cell_00024
ghsl_8099,ghsl_8099_cell_00025
ghsl_8099,ghsl_8099_cell_00026
ghsl_8099,ghsl_8099_cell_00027
ghsl_8099,ghsl_8099_cell_00028
ghsl_8099,ghsl_8099_cell_00029
ghsl_8099,ghsl_8099_cell_00030
ghsl_8099,ghsl_8099_cell_00031
ghsl_8099,ghsl_8099_cell_00032
ghsl_8099,ghsl_8099_cell_00033
ghsl_8099,ghsl_8099_cell_00034
ghsl_8099,ghsl_8099_cell_00035
ghsl_8099,ghsl_8099_cell_00036
ghsl_8099,ghsl_8099_cell_00037
ghsl_8099,ghsl_8099_cell_00038
ghsl_8099,ghsl_8099_cell_00039
ghsl_8099,ghsl_8099_cell_00040
ghsl_8099,ghsl_8099_cell_00041
ghsl_8099,ghsl_8099_cell_00042
ghsl_8099,ghsl_8099_cell_00043
ghsl_8099,ghsl_8099_cell_00044
ghsl_8099,ghsl_8099_cell_00045
ghsl_8099,ghsl_8099_cell_00046
ghsl_8099,ghsl_8099_cell_00047
ghsl_8099,ghsl_8099_cell_00048
ghsl_8099,ghsl_8099_cell_00049
ghsl_8099,ghsl_8099_cell_00050
ghsl_8099,ghsl_8099_cell_00051
ghsl_8099,ghsl_8099_cell_00052
ghsl_8099,ghsl_8099_cell_00053
ghsl_8099,ghsl_8099_cell_00054
ghsl_8099,ghsl_8099_cell_00055
ghsl_8099,ghsl_8099_cell_00056
ghsl_8099,ghsl_8099_cell_00057
ghsl_8099,ghsl_8099_cell_00058
ghsl_8099,ghsl_8099_cell_00059
ghsl_8099,ghsl_8099_cell_00060
ghsl_8099,ghsl_8099_cell_00061
ghsl_8099,ghsl_8099_cell_00062
ghsl_8099,ghsl_8099_cell_00063
ghsl_8099,ghsl_8099_cell_00064
ghsl_8099,ghsl_8099_cell_00065
ghsl_8099,ghsl_8099_cell_00066
ghsl_8099,ghsl_8099_cell_00067
ghsl_8099,ghsl_8099_cell_00068
ghsl_8099,ghsl_8099_cell_00069
ghsl_8099,ghsl_8099_cell_00070
ghsl_8099,ghsl_8099_cell_00071
ghsl_8099,ghsl_8099_cell_00072
ghsl_8099,ghsl_8099_cell_00073
ghsl_8099,ghsl_8099_cell_00074
ghsl_8099,ghsl_8099_cell_00075
ghsl_8099,ghsl_8099_cell_00076
ghsl_8099,ghsl_8099_cell_00077
ghsl_8099,ghsl_8099_cell_00078
ghsl_8099,ghsl_8099_cell_00079
ghsl_8099,ghsl_8099_cell_00080
ghsl_8099,ghsl_8099_cell_00081
ghsl_8099,ghsl_8099_cell_00082
ghsl_8099,ghsl_8099_cell_00083
ghsl_8099,ghsl_8099_cell_00084
ghsl_8099,ghsl_8099_cell_00085
ghsl_8099,ghsl_8099_cell_00086
ghsl_8099,ghsl_8099_cell_00087
ghsl_8099,ghsl_8099_cell_00088
ghsl_8099,ghsl_8099_cell_00089
ghsl_8099,ghsl_8099_cell_00090
ghsl_8099,ghsl_8099_cell_00091
ghsl_8099,ghsl_8099_cell_00092
ghsl_8099,ghsl_8099_cell_00093
ghsl_8099,ghsl_8099_cell_00094
ghsl_8099,ghsl_8099_cell_00095
ghsl_8099,ghsl_8099_cell_00096
ghsl_8099,ghsl_8099_cell_00097
ghsl_8099,ghsl_8099_cell_00098
ghsl_8099,ghsl_8099_cell_00099
ghsl_8099,ghsl_8099_cell_00100
ghsl_8099,ghsl_8099_cell_00101
ghsl_8099,ghsl_8099_cell_00102
ghsl_8099,ghsl_8099_cell_00103
ghsl_8099,ghsl_8099_cell_00104
ghsl_8099,ghsl_8099_cell_00105
ghsl_8099,ghsl_8099_cell_00106
ghsl_8099,ghsl_8099_cell_00107
ghsl_8099,ghsl_8099_cell_00108
ghsl_8099,ghsl_8099_cell_00109
ghsl_8099,ghsl_8099_cell_00110
ghsl_8099,ghsl_8099_cell_00111
ghsl_8099,ghsl_8099_cell_00112
ghsl_8099,ghsl_8099_cell_00113
ghsl_8099,ghsl_8099_cell_00114
ghsl_8099,ghsl_8099_cell_00115
ghsl_8099,ghsl_8099_cell_00116
ghsl_8099,ghsl_8099_cell_00117
ghsl_8099,ghsl_8099_cell_00118
ghsl_8099,ghsl_8099_cell_00119
ghsl_8099,ghsl_8099_cell_00120
ghsl_8099,ghsl_8099_cell_00121
ghsl_8099,ghsl_8099_cell_00122
ghsl_8099,ghsl_8099_cell_00123
ghsl_8099,ghsl_8099_cell_00124
ghsl_8099,ghsl_8099_cell_00125
ghsl_8099,ghsl_8099_cell_00126
ghsl_8099,ghsl_8099_cell_00127
ghsl_8099,ghsl_8099_cell_00128
ghsl_8099,ghsl_8099_cell_00129
ghsl_8099,ghsl_8099_cell_00130
ghsl_8099,ghsl_8099_cell_00131
ghsl_8099,ghsl_8099_cell_00132
ghsl_8099,ghsl_8099_cell_00133
ghsl_8099,ghsl_8099_cell_00134
ghsl_8099,ghsl_8099_cell_00135
ghsl_8099,ghsl_8099_cell_00136
ghsl_8099,ghsl_8099_cell_00137
ghsl_8099,ghsl_8099_cell_00138
ghsl_8099,ghsl_8099_cell_00139
ghsl_8099,ghsl_8099_cell_00140
ghsl_8099,ghsl_8099_cell_00141
ghsl_8099,ghsl_8099_cell_00142
ghsl_8099,ghsl_8099_cell_00143
ghsl_8099,ghsl_8099_cell_00144
ghsl_8099,ghsl_8099_cell_00145
ghsl_8099,ghsl_8099_cell_00146
ghsl_8099,ghsl_8099_cell_00147
ghsl_8099,ghsl_8099_cell_00148
ghsl_8099,ghsl_8099_cell_00149
ghsl_8099,ghsl_8099_cell_00150
ghsl_8099,ghsl_8099_cell_00151
ghsl_8099,ghsl_8099_cell_00152
ghsl_8099,ghsl_8099_cell_00153
ghsl_8099,ghsl_8099_cell_00154
ghsl_8099,ghsl_8099_cell_00155
ghsl_8099,ghsl_8099_cell_00156
ghsl_8099,ghsl_8099_cell_00157
ghsl_8099,ghsl_8099_cell_00158
ghsl_8099,ghsl_8099_cell_00159
ghsl_8099,ghsl_8099_cell_00160
ghsl_8099,ghsl_8099_cell_00161
ghsl_8099,ghsl_8099_cell_00162
ghsl_8099,ghsl_8099_cell_00163
ghsl_8099,ghsl_8099_cell_00164
ghsl_8099,ghsl_8099_cell_00165
ghsl_8099,ghsl_8099_cell_00166
ghsl_8099,ghsl_8099_cell_00167
ghsl_8099,ghsl_8099_cell_00168
ghsl_8099,ghsl_8099_cell_00169
ghsl_8099,ghsl_8099_cell_00170
ghsl_8099,ghsl_8099_cell_00171
ghsl_8099,ghsl_8099_cell_00172
ghsl_8099,ghsl_8099_cell_00173
ghsl_8099,ghsl_8099_cell_00174
ghsl_8099,ghsl_8099_cell_00175
ghsl_8099,ghsl_8099_cell_00176
ghsl_8099,ghsl_8099_cell_00177
ghsl_8099,ghsl_8099_cell_00178
ghsl_8099,ghsl_8099_cell_00179
ghsl_8099,ghsl_8099_cell_00180
ghsl_8099,ghsl_8099_cell_00181
ghsl_8099,ghsl_8099_cell_00182
ghsl_8099,ghsl_8099_cell_00183
ghsl_8099,ghsl_8099_cell_00184
ghsl_8099,ghsl_8099_cell_00185
ghsl_8099,ghsl_8099_cell_00186
ghsl_8099,ghsl_8099_cell_00187
ghsl_8099,ghsl_8099_cell_00188
ghsl_8099,ghsl_8099_cell_00189
ghsl_8099,ghsl_8099_cell_00190
ghsl_8099,ghsl_8099_cell_00191
ghsl_8099,ghsl_8099_cell_00192
ghsl_8099,ghsl_8099_cell_00193
ghsl_8099,ghsl_8099_cell_00194
ghsl_8099,ghsl_8099_cell_00195
ghsl_8099,ghsl_8099_cell_00196
ghsl_8099,ghsl_8099_cell_00197
ghsl_8099,ghsl_8099_cell_00198
ghsl_8099,ghsl_8099_cell_00199
ghsl_8099,ghsl_8099_cell_00200
ghsl_8099,ghsl_8099_cell_00201
ghsl_8099,ghsl_8099_cell_00202
ghsl_8099,ghsl_8099_cell_00203
ghsl_8099,ghsl_8099_cell_00204
ghsl_8099,ghsl_8099_cell_00205
ghsl_8099,ghsl_8099_cell_00206
ghsl_8099,ghsl_8099_cell_00207
ghsl_8099,ghsl_8099_cell_00208
ghsl_8099,ghsl_8099_cell_00209
ghsl_8099,ghsl_8099_cell_00210
ghsl_8099,ghsl_8099_cell_00211
ghsl_8099,ghsl_8099_cell_00212
ghsl_8099,ghsl_8099_cell_00213
ghsl_8099,ghsl_8099_cell_00214
ghsl_8099,ghsl_8099_cell_00215
ghsl_8099,ghsl_8099_cell_00216
ghsl_8099,ghsl_8099_cell_00217
ghsl_8099,ghsl_8099_cell_00218
ghsl_8099,ghsl_8099_cell_00219
ghsl_8099,ghsl_8099_cell_00220
ghsl_8099,ghsl_8099_cell_00221
ghsl_8099,ghsl_8099_cell_00222
ghsl_8099,ghsl_8099_cell_00223
ghsl_8099,ghsl_8099_cell_00224
ghsl_8099,ghsl_8099_cell_00225
ghsl_8099,ghsl_8099_cell_00226
ghsl_8099,ghsl_8099_cell_00227
ghsl_8099,ghsl_8099_cell_00228
ghsl_8099,ghsl_8099_cell_00229
ghsl_8099,ghsl_8099_cell_00230
ghsl_8099,ghsl_8099_cell_00231
ghsl_8099,ghsl_8099_cell_00232
ghsl_8099,ghsl_8099_cell_00233
ghsl_8099,ghsl_8099_cell_00234
ghsl_8099,ghsl_8099_cell_00235
ghsl_8099,ghsl_8099_cell_00236
ghsl_8099,ghsl_8099_cell_00237
ghsl_8099,ghsl_8099_cell_00238
ghsl_8099,ghsl_8099_cell_00239
ghsl_8099,ghsl_8099_cell_00240
ghsl_8099,ghsl_8099_cell_00241
ghsl_8099,ghsl_8099_cell_00242
ghsl_8099,ghsl_8099_cell_00243
ghsl_8099,ghsl_8099_cell_00244
ghsl_8099,ghsl_8099_cell_00245
ghsl_8099,ghsl_8099_cell_00246
ghsl_8099,ghsl_8099_cell_00247
ghsl_8099,ghsl_8099_cell_00248
ghsl_8099,ghsl_8099_cell_00249
ghsl_8099,ghsl_8099_cell_00250
ghsl_8099,ghsl_8099_cell_00251
ghsl_8099,ghsl_8099_cell_00252
ghsl_8099,ghsl_8099_cell_00253
ghsl_8099,ghsl_8099_cell_00254
ghsl_8099,ghsl_8099_cell_00255
ghsl_8099,ghsl_8099_cell_00256
ghsl_8099,ghsl_8099_cell_00257
ghsl_8099,ghsl_8099_cell_00258
ghsl_8099,ghsl_8099_cell_00259
ghsl_8099,ghsl_8099_cell_00260
ghsl_8099,ghsl_8099_cell_00261
ghsl_8099,ghsl_8099_cell_00262
ghsl_8099,ghsl_8099_cell_00263
ghsl_8099,ghsl_8099_cell_00264
ghsl_8099,ghsl_8099_cell_00265
ghsl_8099,ghsl_8099_cell_00266
ghsl_8099,ghsl_8099_cell_00267
ghsl_8099,ghsl_8099_cell_00268
ghsl_8099,ghsl_8099_cell_00269
ghsl_8099,ghsl_8099_cell_00270
ghsl_8099,ghsl_8099_cell_00271
ghsl_8099,ghsl_8099_cell_00272
ghsl_8099,ghsl_8099_cell_00273
ghsl_8099,ghsl_8099_cell_00274
ghsl_8099,ghsl_8099_cell_00275
ghsl_8099,ghsl_8099_cell_00276
ghsl_8099,ghsl_8099_cell_00277
ghsl_8099,ghsl_8099_cell_00278
ghsl_8099,ghsl_8099_cell_00279
ghsl_8099,ghsl_8099_cell_00280
ghsl_8099,ghsl_8099_cell_00281
ghsl_8099,ghsl_8099_cell_00282
ghsl_8099,ghsl_8099_cell_00283
ghsl_8099,ghsl_8099_cell_00284
ghsl_8099,ghsl_8099_cell_00285
ghsl_8099,ghsl_8099_cell_00286
ghsl_8099,ghsl_8099_cell_00287
ghsl_8099,ghsl_8099_cell_00288
ghsl_8099,ghsl_8099_cell_00289
ghsl_8099,ghsl_8099_cell_00290
ghsl_8099,ghsl_8099_cell_00291
ghsl_8099,ghsl_8099_cell_00292
ghsl_8099,ghsl_8099_cell_00293
ghsl_8099,ghsl_8099_cell_00294
ghsl_8099,ghsl_8099_cell_00295
ghsl_8099,ghsl_8099_cell_00296
ghsl_8099,ghsl_8099_cell_00297
ghsl_8099,ghsl_8099_cell_00298
ghsl_8099,ghsl_8099_cell_00299
ghsl_8099,ghsl_8099_cell_00300
ghsl_8099,ghsl_8099_cell_00301
ghsl_8099,ghsl_8099_cell_00302
ghsl_8099,ghsl_8099_cell_00303
ghsl_8099,ghsl_8099_cell_00304
ghsl_8099,ghsl_8099_cell_00305
ghsl_8099,ghsl_8099_cell_00306
ghsl_8099,ghsl_8099_cell_00307
ghsl_8099,ghsl_8099_cell_00308
ghsl_8099,ghsl_8099_cell_00309
ghsl_8099,ghsl_8099_cell_00310
ghsl_8099,ghsl_8099_cell_00311
ghsl_8099,ghsl_8099_cell_00312
ghsl_8099,ghsl_8099_cell_00313
ghsl_8099,ghsl_8099_cell_00314
ghsl_8099,ghsl_8099_cell_00315
ghsl_8099,ghsl_8099_cell_00316
ghsl_8099,ghsl_8099_cell_00317
ghsl_8099,ghsl_8099_cell_00318
ghsl_8099,ghsl_8099_cell_00319
ghsl_8099,ghsl_8099_cell_00320
ghsl_8099,ghsl_8099_cell_00321
ghsl_8099,ghsl_8099_cell_00322
ghsl_8099,ghsl_8099_cell_00323
ghsl_8099,ghsl_8099_cell_00324
ghsl_8099,ghsl_8099_cell_00325
ghsl_8099,ghsl_8099_cell_00326
ghsl_8099,ghsl_8099_cell_00327
ghsl_8099,ghsl_8099_cell_00328
ghsl_8099,ghsl_8099_cell_00329
ghsl_8099,ghsl_8099_cell_00330
ghsl_8099,ghsl_8099_cell_00331
ghsl_8099,ghsl_8099_cell_00332
ghsl_8099,ghsl_8099_cell_00333
ghsl_8099,ghsl_8099_cell_00334
ghsl_8099,ghsl_8099_cell_00335
ghsl_8099,ghsl_8099_cell_00336
ghsl_8099,ghsl_8099_cell_00337
ghsl_8099,ghsl_8099_cell_00338
ghsl_8099,ghsl_8099_cell_00339
ghsl_8099,ghsl_8099_cell_00340
ghsl_8099,ghsl_8099_cell_00341
ghsl_8099,ghsl_8099_cell_00342
ghsl_8099,ghsl_8099_cell_00343
ghsl_8099,ghsl_8099_cell_00344
ghsl_8099,ghsl_8099_cell_00345
ghsl_8099,ghsl_8099_cell_00346
ghsl_8099,ghsl_8099_cell_00347
ghsl_8099,ghsl_8099_cell_00348
ghsl_8099,ghsl_8099_cell_00349
ghsl_8099,ghsl_8099_cell_00350
ghsl_8099,ghsl_8099_cell_00351
ghsl_8099,ghsl_8099_cell_00352
ghsl_8099,ghsl_8099_cell_00353
ghsl_8099,ghsl_8099_cell_00354
ghsl_8099,ghsl_8099_cell_00355
ghsl_8099,ghsl_8099_cell_00356
ghsl_8099,ghsl_8099_cell_00357
ghsl_8099,ghsl_8099_cell_00358
ghsl_8099,ghsl_8099_cell_00359
ghsl_8099,ghsl_8099_cell_00360
ghsl_8099,ghsl_8099_cell_00361
ghsl_8099,ghsl_8099_cell_00362
ghsl_8099,ghsl_8099_cell_00363
ghsl_8099,ghsl_8099_cell_00364
ghsl_8099,ghsl_8099_cell_00365
ghsl_8099,ghsl_8099_cell_00366
ghsl_8099,ghsl_8099_cell_00367
ghsl_8099,ghsl_8099_cell_00368
ghsl_8099,ghsl_8099_cell_00369
ghsl_8099,ghsl_8099_cell_00370
ghsl_8099,ghsl_8099_cell_00371
ghsl_8099,ghsl_8099_cell_00372
ghsl_8099,ghsl_8099_cell_00373
ghsl_8099,ghsl_8099_cell_00374
ghsl_8099,ghsl_8099_cell_00375
ghsl_8099,ghsl_8099_cell_00376
ghsl_8099,ghsl_8099_cell_00377
ghsl_8099,ghsl_8099_cell_00378
ghsl_8099,ghsl_8099_cell_00379
ghsl_8099,ghsl_8099_cell_00380
ghsl_8099,ghsl_8099_cell_00381
ghsl_8099,ghsl_8099_cell_00382
ghsl_8099,ghsl_8099_cell_00383
ghsl_8099,ghsl_8099_cell_00384
ghsl_8099,ghsl_8099_cell_00385
ghsl_8099,ghsl_8099_cell_00386
ghsl_8099,ghsl_8099_cell_00387
ghsl_8099,ghsl_8099_cell_00388
ghsl_8099,ghsl_8099_cell_00389
ghsl_8099,ghsl_8099_cell_00390
ghsl_8099,ghsl_8099_cell_00391
ghsl_8099,ghsl_8099_cell_00392
ghsl_8099,ghsl_8099_cell_00393
ghsl_8099,ghsl_8099_cell_00394
ghsl_8099,ghsl_8099_cell_00395
ghsl_8099,ghsl_8099_cell_00396
ghsl_8099,ghsl_8099_cell_00397
ghsl_8099,ghsl_8099_cell_00398
ghsl_8099,ghsl_8099_cell_00399
ghsl_8099,ghsl_8099_cell_00400
ghsl_8099,ghsl_8099_cell_00401
ghsl_8099,ghsl_8099_cell_00402
ghsl_8099,ghsl_8099_cell_00403
ghsl_8099,ghsl_8099_cell_00404
ghsl_8099,ghsl_8099_cell_00405
ghsl_8099,ghsl_8099_cell_00406
ghsl_8099,ghsl_8099_cell_00407
ghsl_8099,ghsl_8099_cell_00408
ghsl_8099,ghsl_8099_cell_00409
ghsl_8099,ghsl_8099_cell_00410
ghsl_8099,ghsl_8099_cell_00411
ghsl_8099,ghsl_8099_cell_00412
ghsl_8099,ghsl_8099_cell_00413
ghsl_8099,ghsl_8099_cell_00414
ghsl_8099,ghsl_8099_cell_00415
ghsl_8099,ghsl_8099_cell_00416
ghsl_8099,ghsl_8099_cell_00417
ghsl_8099,ghsl_8099_cell_00418
ghsl_8099,ghsl_8099_cell_00419
ghsl_8099,ghsl_8099_cell_00420
ghsl_8099,ghsl_8099_cell_00421
ghsl_8099,ghsl_8099_cell_00422
ghsl_8099,ghsl_8099_cell_00423
ghsl_8099,ghsl_8099_cell_00424
ghsl_8099,ghsl_8099_cell_00425
ghsl_8099,ghsl_8099_cell_00426
ghsl_8099,ghsl_8099_cell_00427
ghsl_8099,ghsl_8099_cell_00428
ghsl_8099,ghsl_8099_cell_00429
ghsl_8099,ghsl_8099_cell_00430
ghsl_8099,ghsl_8099_cell_00431
ghsl_8099,ghsl_8099_cell_00432
ghsl_8099,ghsl_8099_cell_00433
ghsl_8099,ghsl_8099_cell_00434
ghsl_8099,ghsl_8099_cell_00435
ghsl_8099,ghsl_8099_cell_00436
ghsl_8099,ghsl_8099_cell_00437
ghsl_8099,ghsl_8099_cell_00438
ghsl_8099,ghsl_8099_cell_00439
ghsl_8099,ghsl_8099_cell_00440
ghsl_8099,ghsl_8099_cell_00441
ghsl_8099,ghsl_8099_cell_00442
ghsl_8099,ghsl_8099_cell_00443
ghsl_8099,ghsl_8099_cell_00444
ghsl_8099,ghsl_8099_cell_00445
ghsl_8099,ghsl_8099_cell_00446
ghsl_8099,ghsl_8099_cell_00447
ghsl_8099,ghsl_8099_cell_00448
ghsl_8099,ghsl_8099_cell_00449
ghsl_8099,ghsl_8099_cell_00450
ghsl_8099,ghsl_8099_cell_00451
ghsl_8099,ghsl_8099_cell_00452
ghsl_8099,ghsl_8099_cell_00453
ghsl_8099,ghsl_8099_cell_00454
ghsl_8099,ghsl_8099_cell_00455
ghsl_8099,ghsl_8099_cell_00456
ghsl_8099,ghsl_8099_cell_00457
ghsl_8099,ghsl_8099_cell_00458
ghsl_8099,ghsl_8099_cell_00459
ghsl_8099,ghsl_8099_cell_00460
ghsl_8099,ghsl_8099_cell_00461
ghsl_8099,ghsl_8099_cell_00462
ghsl_8099,ghsl_8099_cell_00463
ghsl_8099,ghsl_8099_cell_00464
ghsl_8099,ghsl_8099_cell_00465
ghsl_8099,ghsl_8099_cell_00466
ghsl_8099,ghsl_8099_cell_00467
ghsl_8099,ghsl_8099_cell_00468
ghsl_8099,ghsl_8099_cell_00469
ghsl_8099,ghsl_8099_cell_00470
ghsl_8099,ghsl_8099_cell_00471
ghsl_8099,ghsl_8099_cell_00472
ghsl_8099,ghsl_8099_cell_00473
ghsl_8099,ghsl_8099_cell_00474
ghsl_8099,ghsl_8099_cell_00475
ghsl_8099,ghsl_8099_cell_00476
ghsl_8099,ghsl_8099_cell_00477
ghsl_8099,ghsl_8099_cell_00478
ghsl_8099,ghsl_8099_cell_00479
ghsl_8099,ghsl_8099_cell_00480
ghsl_8099,ghsl_8099_cell_00481
ghsl_8099,ghsl_8099_cell_00482
ghsl_8099,ghsl_8099_cell_00483
ghsl_8099,ghsl_8099_cell_00484
ghsl_8099,ghsl_8099_cell_00485
ghsl_8099,ghsl_8099_cell_00486
ghsl_8099,ghsl_8099_cell_00487
ghsl_8099,ghsl_8099_cell_00488
ghsl_8099,ghsl_8099_cell_00489
ghsl_8099,ghsl_8099_cell_00490
ghsl_8099,ghsl_8099_cell_00491
ghsl_8099,ghsl_8099_cell_00492
ghsl_8099,ghsl_8099_cell_00493
ghsl_8099,ghsl_8099_cell_00494
ghsl_8099,ghsl_8099_cell_00495
ghsl_8099,ghsl_8099_cell_00496
ghsl_8099,ghsl_8099_cell_00497
ghsl_8099,ghsl_8099_cell_00498
ghsl_8099,ghsl_8099_cell_00499
ghsl_8099,ghsl_8099_cell_00500
ghsl_8099,ghsl_8099_cell_00501
ghsl_8099,ghsl_8099_cell_00502
ghsl_8099,ghsl_8099_cell_00503
ghsl_8099,ghsl_8099_cell_00504
ghsl_8099,ghsl_8099_cell_00505
ghsl_8099,ghsl_8099_cell_00506
ghsl_8099,ghsl_8099_cell_00507
ghsl_8099,ghsl_8099_cell_00508
ghsl_8099,ghsl_8099_cell_00509
ghsl_8099,ghsl_8099_cell_00510
ghsl_8099,ghsl_8099_cell_00511
ghsl_8099,ghsl_8099_cell_00512
ghsl_8099,ghsl_8099_cell_00513
ghsl_8099,ghsl_8099_cell_00514
ghsl_8099,ghsl_8099_cell_00515
ghsl_8099,ghsl_8099_cell_00516
ghsl_8099,ghsl_8099_cell_00517
ghsl_8099,ghsl_8099_cell_00518
ghsl_8099,ghsl_8099_cell_00519
ghsl_8099,ghsl_8099_cell_00520
ghsl_8099,ghsl_8099_cell_00521
ghsl_8099,ghsl_8099_cell_00522
ghsl_8099,ghsl_8099_cell_00523
ghsl_8099,ghsl_8099_cell_00524
ghsl_8099,ghsl_8099_cell_00525
ghsl_8099,ghsl_8099_cell_00526
ghsl_8099,ghsl_8099_cell_00527
ghsl_8099,ghsl_8099_cell_00528
ghsl_8099,ghsl_8099_cell_00529
ghsl_8099,ghsl_8099_cell_00530
ghsl_8099,ghsl_8099_cell_00531
ghsl_8099,ghsl_8099_cell_00532
ghsl_8099,ghsl_8099_cell_00533
ghsl_8099,ghsl_8099_cell_00534
ghsl_8099,ghsl_8099_cell_00535
ghsl_8099,ghsl_8099_cell_00536
ghsl_8099,ghsl_8099_cell_00537
ghsl_8099,ghsl_8099_cell_00538
ghsl_8099,ghsl_8099_cell_00539
ghsl_8099,ghsl_8099_cell_00540
ghsl_8099,ghsl_8099_cell_00541
ghsl_8099,ghsl_8099_cell_00542
ghsl_8099,ghsl_8099_cell_00543
ghsl_8099,ghsl_8099_cell_00544
ghsl_8099,ghsl_8099_cell_00545
ghsl_8099,ghsl_8099_cell_00546
ghsl_8099,ghsl_8099_cell_00547
ghsl_8099,ghsl_8099_cell_00548
ghsl_8099,ghsl_8099_cell_00549
ghsl_8099,ghsl_8099_cell_00550
ghsl_8099,ghsl_8099_cell_00551
ghsl_8099,ghsl_8099_cell_00552
ghsl_8099,ghsl_8099_cell_00553
ghsl_8099,ghsl_8099_cell_00554
ghsl_8099,ghsl_8099_cell_00555
ghsl_8099,ghsl_8099_cell_00556
ghsl_8099,ghsl_8099_cell_00557
ghsl_8099,ghsl_8099_cell_00558
ghsl_8099,ghsl_8099_cell_00559
ghsl_8099,ghsl_8099_cell_00560
ghsl_8099,ghsl_8099_cell_00561
ghsl_8099,ghsl_8099_cell_00562
ghsl_8099,ghsl_8099_cell_00563
ghsl_8099,ghsl_8099_cell_00564
ghsl_8099,ghsl_8099_cell_00565
ghsl_8099,ghsl_8099_cell_00566
ghsl_8099,ghsl_8099_cell_00567
ghsl_8099,ghsl_8099_cell_00568
ghsl_8099,ghsl_8099_cell_00569
ghsl_8099,ghsl_8099_cell_00570
ghsl_8099,ghsl_8099_cell_00571
ghsl_8099,ghsl_8099_cell_00572
ghsl_8099,ghsl_8099_cell_00573
ghsl_8099,ghsl_8099_cell_00574
ghsl_8099,ghsl_8099_cell_00575
ghsl_8099,ghsl_8099_cell_00576
ghsl_8099,ghsl_8099_cell_00577
ghsl_8099,ghsl_8099_cell_00578
ghsl_8099,ghsl_8099_cell_00579
ghsl_8099,ghsl_8099_cell_00580
ghsl_8099,ghsl_8099_cell_00581
ghsl_8099,ghsl_8099_cell_00582
ghsl_8099,ghsl_8099_cell_00583
ghsl_8099,ghsl_8099_cell_00584
ghsl_8099,ghsl_8099_cell_00585
ghsl_8099,ghsl_8099_cell_00586
ghsl_8099,ghsl_8099_cell_00587
ghsl_8099,ghsl_8099_cell_00588
ghsl_8099,ghsl_8099_cell_00589
ghsl_8099,ghsl_8099_cell_00590
ghsl_8099,ghsl_8099_cell_00591
ghsl_8099,ghsl_8099_cell_00592
ghsl_8099,ghsl_8099_cell_00593
ghsl_8099,ghsl_8099_cell_00594
ghsl_8099,ghsl_8099_cell_00595
ghsl_8099,ghsl_8099_cell_00596
ghsl_8099,ghsl_8099_cell_00597
ghsl_8099,ghsl_8099_cell_00598
ghsl_8099,ghsl_8099_cell_00599
ghsl_8099,ghsl_8099_cell_00600
ghsl_8099,ghsl_8099_cell_00601
ghsl_8099,ghsl_8099_cell_00602
ghsl_8099,ghsl_8099_cell_00603
ghsl_8099,ghsl_8099_cell_00604
ghsl_8099,ghsl_8099_cell_00605
ghsl_8099,ghsl_8099_cell_00606
ghsl_8099,ghsl_8099_cell_00607
ghsl_8099,ghsl_8099_cell_00608
ghsl_8099,ghsl_8099_cell_00609
ghsl_8099,ghsl_8099_cell_00610
ghsl_8099,ghsl_8099_cell_00611
ghsl_8099,ghsl_8099_cell_00612
ghsl_8099,ghsl_8099_cell_00613
ghsl_8099,ghsl_8099_cell_00614
ghsl_8099,ghsl_8099_cell_00615
ghsl_8099,ghsl_8099_cell_00616
ghsl_8099,ghsl_8099_cell_00617
ghsl_8099,ghsl_8099_cell_00618
ghsl_8099,ghsl_8099_cell_00619
ghsl_8099,ghsl_8099_cell_00620
ghsl_8099,ghsl_8099_cell_00621
ghsl_8099,ghsl_8099_cell_00622
ghsl_8099,ghsl_8099_cell_00623
ghsl_8099,ghsl_8099_cell_00624
ghsl_8099,ghsl_8099_cell_00625
ghsl_8099,ghsl_8099_cell_00626
ghsl_8099,ghsl_8099_cell_00627
ghsl_8099,ghsl_8099_cell_00628
ghsl_8099,ghsl_8099_cell_00629
ghsl_8099,ghsl_8099_cell_00630
ghsl_8099,ghsl_8099_cell_00631
ghsl_8099,ghsl_8099_cell_00632
ghsl_8099,ghsl_8099_cell_00633
ghsl_8099,ghsl_8099_cell_00634
ghsl_8099,ghsl_8099_cell_00635
ghsl_8099,ghsl_8099_cell_00636
ghsl_8099,ghsl_8099_cell_00637
ghsl_8099,ghsl_8099_cell_00638
ghsl_8099,ghsl_8099_cell_00639
ghsl_8099,ghsl_8099_cell_00640
ghsl_8099,ghsl_8099_cell_00641
ghsl_8099,ghsl_8099_cell_00642
ghsl_8099,ghsl_8099_cell_00643
ghsl_8099,ghsl_8099_cell_00644
ghsl_8099,ghsl_8099_cell_00645
ghsl_8099,ghsl_8099_cell_00646
ghsl_8099,ghsl_8099_cell_00647
ghsl_8099,ghsl_8099_cell_00648
ghsl_8099,ghsl_8099_cell_00649
ghsl_8099,ghsl_8099_cell_00650
ghsl_8099,ghsl_8099_cell_00651
ghsl_8099,ghsl_8099_cell_00652
ghsl_8099,ghsl_8099_cell_00653
ghsl_8099,ghsl_8099_cell_00654
ghsl_8099,ghsl_8099_cell_00655
ghsl_8099,ghsl_8099_cell_00656
ghsl_8099,ghsl_8099_cell_00657
ghsl_8099,ghsl_8099_cell_00658
ghsl_8099,ghsl_8099_cell_00659
ghsl_8099,ghsl_8099_cell_00660
ghsl_8099,ghsl_8099_cell_00661
ghsl_8099,ghsl_8099_cell_00662
ghsl_8099,ghsl_8099_cell_00663
ghsl_8099,ghsl_8099_cell_00664
ghsl_8099,ghsl_8099_cell_00665
ghsl_8099,ghsl_8099_cell_00666
ghsl_8099,ghsl_8099_cell_00667
ghsl_8099,ghsl_8099_cell_00668
ghsl_8099,ghsl_8099_cell_00669
ghsl_8099,ghsl_8099_cell_00670
ghsl_8099,ghsl_8099_cell_00671
ghsl_8099,ghsl_8099_cell_00672
ghsl_8099,ghsl_8099_cell_00673
ghsl_8099,ghsl_8099_cell_00674
ghsl_8099,ghsl_8099_cell_00675
ghsl_8099,ghsl_8099_cell_00676
ghsl_8099,ghsl_8099_cell_00677
ghsl_8099,ghsl_8099_cell_00678
ghsl_8099,ghsl_8099_cell_00679
ghsl_8099,ghsl_8099_cell_00680
ghsl_8099,ghsl_8099_cell_00681
ghsl_8099,ghsl_8099_cell_00682
ghsl_8099,ghsl_8099_cell_00683
ghsl_8099,ghsl_8099_cell_00684
ghsl_8099,ghsl_8099_cell_00685
ghsl_8099,ghsl_8099_cell_00686
ghsl_8099,ghsl_8099_cell_00687
ghsl_8099,ghsl_8099_cell_00688
ghsl_8099,ghsl_8099_cell_00689
ghsl_8099,ghsl_8099_cell_00690
ghsl_8099,ghsl_8099_cell_00691
ghsl_8099,ghsl_8099_cell_00692
ghsl_8099,ghsl_8099_cell_00693
ghsl_8099,ghsl_8099_cell_00694
ghsl_8099,ghsl_8099_cell_00695
ghsl_8099,ghsl_8099_cell_00696
ghsl_8099,ghsl_8099_cell_00697
ghsl_8099,ghsl_8099_cell_00698
ghsl_8099,ghsl_8099_cell_00699
ghsl_8099,ghsl_8099_cell_00700
ghsl_8099,ghsl_8099_cell_00701
ghsl_8099,ghsl_8099_cell_00702
ghsl_8099,ghsl_8099_cell_00703
ghsl_8099,ghsl_8099_cell_00704
ghsl_8099,ghsl_8099_cell_00705
ghsl_8099,ghsl_8099_cell_00706
ghsl_8099,ghsl_8099_cell_00707
ghsl_8099,ghsl_8099_cell_00708
ghsl_8099,ghsl_8099_cell_00709
ghsl_8099,ghsl_8099_cell_00710
ghsl_8099,ghsl_8099_cell_00711
ghsl_8099,ghsl_8099_cell_00712
ghsl_8099,ghsl_8099_cell_00713
ghsl_8099,ghsl_8099_cell_00714
ghsl_8099,ghsl_8099_cell_00715
ghsl_8099,ghsl_8099_cell_00716
ghsl_8099,ghsl_8099_cell_00717
ghsl_8099,ghsl_8099_cell_00718
ghsl_8099,ghsl_8099_cell_00719
ghsl_8099,ghsl_8099_cell_00720
ghsl_8099,ghsl_8099_cell_00721
ghsl_8099,ghsl_8099_cell_00722
ghsl_8099,ghsl_8099_cell_00723
ghsl_8099,ghsl_8099_cell_00724
ghsl_8099,ghsl_8099_cell_00725
ghsl_8099,ghsl_8099_cell_00726
ghsl_8099,ghsl_8099_cell_00727
ghsl_8099,ghsl_8099_cell_00728
ghsl_8099,ghsl_8099_cell_00729
ghsl_8099,ghsl_8099_cell_00730
ghsl_8099,ghsl_8099_cell_00731
ghsl_8099,ghsl_8099_cell_00732
ghsl_8099,ghsl_8099_cell_00733
ghsl_8099,ghsl_8099_cell_00734
ghsl_8099,ghsl_8099_cell_00735
ghsl_8099,ghsl_8099_cell_00736
ghsl_8099,ghsl_8099_cell_00737
ghsl_8099,ghsl_8099_cell_00738
ghsl_8099,ghsl_8099_cell_00739
ghsl_8099,ghsl_8099_cell_00740
ghsl_8099,ghsl_8099_cell_00741
ghsl_8099,ghsl_8099_cell_00742
ghsl_8099,ghsl_8099_cell_00743
ghsl_8099,ghsl_8099_cell_00744
ghsl_8099,ghsl_8099_cell_00745
ghsl_8099,ghsl_8099_cell_00746
ghsl_8099,ghsl_8099_cell_00747
ghsl_8099,ghsl_8099_cell_00748
ghsl_8099,ghsl_8099_cell_00749
ghsl_8099,ghsl_8099_cell_00750
ghsl_8099,ghsl_8099_cell_00751
ghsl_8099,ghsl_8099_cell_00752
ghsl_8099,ghsl_8099_cell_00753
ghsl_8099,ghsl_8099_cell_00754
ghsl_8099,ghsl_8099_cell_00755
ghsl_8099,ghsl_8099_cell_00756
ghsl_8099,ghsl_8099_cell_00757
ghsl_8099,ghsl_8099_cell_00758
ghsl_8099,ghsl_8099_cell_00759
ghsl_8099,ghsl_8099_cell_00760
ghsl_8099,ghsl_8099_cell_00761
ghsl_8099,ghsl_8099_cell_00762
ghsl_8099,ghsl_8099_cell_00763
ghsl_8099,ghsl_8099_cell_00764
ghsl_8099,ghsl_8099_cell_00765
ghsl_8099,ghsl_8099_cell_00766
ghsl_8099,ghsl_8099_cell_00767
ghsl_8099,ghsl_8099_cell_00768
ghsl_8099,ghsl_8099_cell_00769
ghsl_8099,ghsl_8099_cell_00770
ghsl_8099,ghsl_8099_cell_00771
ghsl_8099,ghsl_8099_cell_00772
ghsl_8099,ghsl_8099_cell_00773
ghsl_8099,ghsl_8099_cell_00774
ghsl_8099,ghsl_8099_cell_00775
ghsl_8099,ghsl_8099_cell_00776
ghsl_8099,ghsl_8099_cell_00777
ghsl_8099,ghsl_8099_cell_00778
ghsl_8099,ghsl_8099_cell_00779
ghsl_8099,ghsl_8099_cell_00780
ghsl_8099,ghsl_8099_cell_00781
ghsl_8099,ghsl_8099_cell_00782
ghsl_8099,ghsl_8099_cell_00783
ghsl_8099,ghsl_8099_cell_00784
ghsl_8099,ghsl_8099_cell_00785
ghsl_8099,ghsl_8099_cell_00786
ghsl_8099,ghsl_8099_cell_00787
ghsl_8099,ghsl_8099_cell_00788
ghsl_8099,ghsl_8099_cell_00789
ghsl_8099,ghsl_8099_cell_00790
ghsl_8099,ghsl_8099_cell_00791
ghsl_8099,ghsl_8099_cell_00792
ghsl_8099,ghsl_8099_cell_00793
ghsl_8099,ghsl_8099_cell_00794
ghsl_8099,ghsl_8099_cell_00795
ghsl_8099,ghsl_8099_cell_00796
ghsl_8099,ghsl_8099_cell_00797
ghsl_8099,ghsl_8099_cell_00798
ghsl_8099,ghsl_8099_cell_00799
ghsl_8099,ghsl_8099_cell_00800
ghsl_8099,ghsl_8099_cell_00801
ghsl_8099,ghsl_8099_cell_00802
ghsl_8099,ghsl_8099_cell_00803
ghsl_8099,ghsl_8099_cell_00804
ghsl_8099,ghsl_8099_cell_00805
ghsl_8099,ghsl_8099_cell_00806
ghsl_8099,ghsl_8099_cell_00807
ghsl_8099,ghsl_8099_cell_00808
ghsl_8099,ghsl_8099_cell_00809
ghsl_8099,ghsl_8099_cell_00810
ghsl_8099,ghsl_8099_cell_00811
ghsl_8099,ghsl_8099_cell_00812
ghsl_8099,ghsl_8099_cell_00813
ghsl_8099,ghsl_8099_cell_00814
ghsl_8099,ghsl_8099_cell_00815
ghsl_8099,ghsl_8099_cell_00816
ghsl_8099,ghsl_8099_cell_00817
ghsl_8099,ghsl_8099_cell_00818
ghsl_8099,ghsl_8099_cell_00819
ghsl_8099,ghsl_8099_cell_00820
ghsl_8099,ghsl_8099_cell_00821
ghsl_8099,ghsl_8099_cell_00822
ghsl_8099,ghsl_8099_cell_00823
ghsl_8099,ghsl_8099_cell_00824
ghsl_8099,ghsl_8099_cell_00825
ghsl_8099,ghsl_8099_cell_00826
ghsl_8099,ghsl_8099_cell_00827
ghsl_8099,ghsl_8099_cell_00828
ghsl_8099,ghsl_8099_cell_00829
ghsl_8099,ghsl_8099_cell_00830
ghsl_8099,ghsl_8099_cell_00831
ghsl_8099,ghsl_8099_cell_00832
ghsl_8099,ghsl_8099_cell_00833
ghsl_8099,ghsl_8099_cell_00834
ghsl_8099,ghsl_8099_cell_00835
ghsl_8099,ghsl_8099_cell_00836
ghsl_8099,ghsl_8099_cell_00837
ghsl_8099,ghsl_8099_cell_00838
ghsl_8099,ghsl_8099_cell_00839
ghsl_8099,ghsl_8099_cell_00840
ghsl_8099,ghsl_8099_cell_00841
ghsl_8099,ghsl_8099_cell_00842
ghsl_8099,ghsl_8099_cell_00843
ghsl_8099,ghsl_8099_cell_00844
ghsl_8099,ghsl_8099_cell_00845
ghsl_8099,ghsl_8099_cell_00846
ghsl_8099,ghsl_8099_cell_00847
ghsl_8099,ghsl_8099_cell_00848
ghsl_8099,ghsl_8099_cell_00849
ghsl_8099,ghsl_8099_cell_00850
ghsl_8099,ghsl_8099_cell_00851
ghsl_8099,ghsl_8099_cell_00852
ghsl_8099,ghsl_8099_cell_00853
ghsl_8099,ghsl_8099_cell_00854
ghsl_8099,ghsl_8099_cell_00855
ghsl_8099,ghsl_8099_cell_00856
ghsl_8099,ghsl_8099_cell_00857
ghsl_8099,ghsl_8099_cell_00858
ghsl_8099,ghsl_8099_cell_00859
ghsl_8099,ghsl_8099_cell_00860
ghsl_8099,ghsl_8099_cell_00861
ghsl_8099,ghsl_8099_cell_00862
ghsl_8099,ghsl_8099_cell_00863
ghsl_8099,ghsl_8099_cell_00864
ghsl_8099,ghsl_8099_cell_00865
ghsl_8099,ghsl_8099_cell_00866
ghsl_8099,ghsl_8099_cell_00867
ghsl_8099,ghsl_8099_cell_00868
ghsl_8099,ghsl_8099_cell_00869
ghsl_8099,ghsl_8099_cell_00870
ghsl_8099,ghsl_8099_cell_00871
ghsl_8099,ghsl_8099_cell_00872
ghsl_8099,ghsl_8099_cell_00873
ghsl_8099,ghsl_8099_cell_00874
ghsl_8099,ghsl_8099_cell_00875
ghsl_8099,ghsl_8099_cell_00876
ghsl_8099,ghsl_8099_cell_00877
ghsl_8099,ghsl_8099_cell_00878
ghsl_8099,ghsl_8099_cell_00879
ghsl_8099,ghsl_8099_cell_00880
ghsl_8099,ghsl_8099_cell_00881
ghsl_8099,ghsl_8099_cell_00882
ghsl_8099,ghsl_8099_cell_00883
ghsl_8099,ghsl_8099_cell_00884
ghsl_8099,ghsl_8099_cell_00885
ghsl_8099,ghsl_8099_cell_00886
ghsl_8099,ghsl_8099_cell_00887
ghsl_8099,ghsl_8099_cell_00888
ghsl_8099,ghsl_8099_cell_00889
ghsl_8099,ghsl_8099_cell_00890
ghsl_8099,ghsl_8099_cell_00891
ghsl_8099,ghsl_8099_cell_00892
ghsl_8099,ghsl_8099_cell_00893
ghsl_8099,ghsl_8099_cell_00894
ghsl_8099,ghsl_8099_cell_00895
ghsl_8099,ghsl_8099_cell_00896
ghsl_8099,ghsl_8099_cell_00897
ghsl_8099,ghsl_8099_cell_00898
ghsl_8099,ghsl_8099_cell_00899
ghsl_8099,ghsl_8099_cell_00900
ghsl_8099,ghsl_8099_cell_00901
ghsl_8099,ghsl_8099_cell_00902
ghsl_8099,ghsl_8099_cell_00903
ghsl_8099,ghsl_8099_cell_00904
ghsl_8099,ghsl_8099_cell_00905
ghsl_8099,ghsl_8099_cell_00906
ghsl_8099,ghsl_8099_cell_00907
ghsl_8099,ghsl_8099_cell_00908
ghsl_8099,ghsl_8099_cell_00909
ghsl_8099,ghsl_8099_cell_00910
ghsl_8099,ghsl_8099_cell_00911
ghsl_8099,ghsl_8099_cell_00912
ghsl_8099,ghsl_8099_cell_00913
ghsl_8099,ghsl_8099_cell_00914
ghsl_8099,ghsl_8099_cell_00915
ghsl_8099,ghsl_8099_cell_00916
ghsl_8099,ghsl_8099_cell_00917
ghsl_8099,ghsl_8099_cell_00918
ghsl_8099,ghsl_8099_cell_00919
ghsl_8099,ghsl_8099_cell_00920
ghsl_8099,ghsl_8099_cell_00921
ghsl_8099,ghsl_8099_cell_00922
ghsl_8099,ghsl_8099_cell_00923
ghsl_8099,ghsl_8099_cell_00924
ghsl_8099,ghsl_8099_cell_00925
ghsl_8099,ghsl_8099_cell_00926
ghsl_8099,ghsl_8099_cell_00927
ghsl_8099,ghsl_8099_cell_00928
ghsl_8099,ghsl_8099_cell_00929
ghsl_8099,ghsl_8099_cell_00930
ghsl_8099,ghsl_8099_cell_00931
ghsl_8099,ghsl_8099_cell_00932
ghsl_8099,ghsl_8099_cell_00933
ghsl_8099,ghsl_8099_cell_00934
ghsl_8099,ghsl_8099_cell_00935
ghsl_8099,ghsl_8099_cell_00936
ghsl_8099,ghsl_8099_cell_00937
ghsl_8099,ghsl_8099_cell_00938
ghsl_8099,ghsl_8099_cell_00939
ghsl_8099,ghsl_8099_cell_00940
ghsl_8099,ghsl_8099_cell_00941
ghsl_8099,ghsl_8099_cell_00942
ghsl_8099,ghsl_8099_cell_00943
ghsl_8099,ghsl_8099_cell_00944
ghsl_8099,ghsl_8099_cell_00945
ghsl_8099,ghsl_8099_cell_00946
ghsl_8099,ghsl_8099_cell_00947
ghsl_8099,ghsl_8099_cell_00948
ghsl_8099,ghsl_8099_cell_00949
ghsl_8099,ghsl_8099_cell_00950
ghsl_8099,ghsl_8099_cell_00951
ghsl_8099,ghsl_8099_cell_00952
ghsl_8099,ghsl_8099_cell_00953
ghsl_8099,ghsl_8099_cell_00954
ghsl_8099,ghsl_8099_cell_00955
ghsl_8099,ghsl_8099_cell_00956
ghsl_8099,ghsl_8099_cell_00957
ghsl_8099,ghsl_8099_cell_00958
ghsl_8099,ghsl_8099_cell_00959
ghsl_8099,ghsl_8099_cell_00960
ghsl_8099,ghsl_8099_cell_00961
ghsl_8099,ghsl_8099_cell_00962
ghsl_8099,ghsl_8099_cell_00963
ghsl_8099,ghsl_8099_cell_00964
ghsl_8099,ghsl_8099_cell_00965
ghsl_8099,ghsl_8099_cell_00966
ghsl_8099,ghsl_8099_cell_00967
ghsl_8099,ghsl_8099_cell_00968
ghsl_8099,ghsl_8099_cell_00969
ghsl_8099,ghsl_8099_cell_00970
ghsl_8099,ghsl_8099_cell_00971
ghsl_8099,ghsl_8099_cell_00972
ghsl_8099,ghsl_8099_cell_00973
ghsl_8099,ghsl_8099_cell_00974
ghsl_8099,ghsl_8099_cell_00975
ghsl_8099,ghsl_8099_cell_00976
ghsl_8099,ghsl_8099_cell_00977
ghsl_8099,ghsl_8099_cell_00978
ghsl_8099,ghsl_8099_cell_00979
ghsl_8099,ghsl_8099_cell_00980
ghsl_8099,ghsl_8099_cell_00981
ghsl_8099,ghsl_8099_cell_00982
ghsl_8099,ghsl_8099_cell_00983
ghsl_8099,ghsl_8099_cell_00984
ghsl_8099,ghsl_8099_cell_00985
ghsl_8099,ghsl_8099_cell_00986
ghsl_8099,ghsl_8099_cell_00987
ghsl_8099,ghsl_8099_cell_00988
ghsl_8099,ghsl_8099_cell_00989
ghsl_8099,ghsl_8099_cell_00990
ghsl_8099,ghsl_8099_cell_00991
ghsl_8099,ghsl_8099_cell_00992
ghsl_8099,ghsl_8099_cell_00993
ghsl_8099,ghsl_8099_cell_00994
ghsl_8099,ghsl_8099_cell_00995
ghsl_8099,ghsl_8099_cell_00996
ghsl_8099,ghsl_8099_cell_00997
ghsl_8099,ghsl_8099_cell_00998
ghsl_8099,ghsl_8099_cell_00999
ghsl_8099,ghsl_8099_cell_01000
ghsl_8099,ghsl_8099_cell_01001
ghsl_8099,ghsl_8099_cell_01002
ghsl_8099,ghsl_8099_cell_01003
ghsl_8099,ghsl_8099_cell_01004
ghsl_8099,ghsl_8099_cell_01005
ghsl_8099,ghsl_8099_cell_01006
ghsl_8099,ghsl_8099_cell_01007
ghsl_8099,ghsl_8099_cell_01008
ghsl_8099,ghsl_8099_cell_01009
ghsl_8099,ghsl_8099_cell_01010
ghsl_8099,ghsl_8099_cell_01011
ghsl_8099,ghsl_8099_cell_01012
ghsl_8099,ghsl_8099_cell_01013
ghsl_8099,ghsl_8099_cell_01014
ghsl_8099,ghsl_8099_cell_01015
ghsl_8099,ghsl_8099_cell_01016
ghsl_8099,ghsl_8099_cell_01017
ghsl_8099,ghsl_8099_cell_01018
ghsl_8099,ghsl_8099_cell_01019
ghsl_8099,ghsl_8099_cell_01020
ghsl_8099,ghsl_8099_cell_01021
ghsl_8099,ghsl_8099_cell_01022
ghsl_8099,ghsl_8099_cell_01023
ghsl_8099,ghsl_8099_cell_01024
ghsl_8099,ghsl_8099_cell_01025
ghsl_8099,ghsl_8099_cell_01026
ghsl_8099,ghsl_8099_cell_01027
ghsl_8099,ghsl_8099_cell_01028
ghsl_8099,ghsl_8099_cell_01029
ghsl_8099,ghsl_8099_cell_01030
ghsl_8099,ghsl_8099_cell_01031
ghsl_8099,ghsl_8099_cell_01032
ghsl_8099,ghsl_8099_cell_01033
ghsl_8099,ghsl_8099_cell_01034
ghsl_8099,ghsl_8099_cell_01035
ghsl_8099,ghsl_8099_cell_01036
ghsl_8099,ghsl_8099_cell_01037
ghsl_8099,ghsl_8099_cell_01038
ghsl_8099,ghsl_8099_cell_01039
ghsl_8099,ghsl_8099_cell_01040
ghsl_8099,ghsl_8099_cell_01041
ghsl_8099,ghsl_8099_cell_01042
ghsl_8099,ghsl_8099_cell_01043
ghsl_8099,ghsl_8099_cell_01044
ghsl_8099,ghsl_8099_cell_01045
ghsl_8099,ghsl_8099_cell_01046
ghsl_8099,ghsl_8099_cell_01047
ghsl_8099,ghsl_8099_cell_01048
ghsl_8099,ghsl_8099_cell_01049
ghsl_8099,ghsl_8099_cell_01050
ghsl_8099,ghsl_8099_cell_01051
ghsl_8099,ghsl_8099_cell_01052
ghsl_8099,ghsl_8099_cell_01053
ghsl_8099,ghsl_8099_cell_01054
ghsl_8099,ghsl_8099_cell_01055
ghsl_8099,ghsl_8099_cell_01056
ghsl_8099,ghsl_8099_cell_01057
ghsl_8099,ghsl_8099_cell_01058
ghsl_8099,ghsl_8099_cell_01059
ghsl_8099,ghsl_8099_cell_01060
ghsl_8099,ghsl_8099_cell_01061
ghsl_8099,ghsl_8099_cell_01062
ghsl_8099,ghsl_8099_cell_01063
ghsl_8099,ghsl_8099_cell_01064
ghsl_8099,ghsl_8099_cell_01065
ghsl_8099,ghsl_8099_cell_01066
ghsl_8099,ghsl_8099_cell_01067
ghsl_8099,ghsl_8099_cell_01068
ghsl_8099,ghsl_8099_cell_01069
ghsl_8099,ghsl_8099_cell_01070
ghsl_8099,ghsl_8099_cell_01071
ghsl_8099,ghsl_8099_cell_01072
ghsl_8099,ghsl_8099_cell_01073
ghsl_8099,ghsl_8099_cell_01074
ghsl_8099,ghsl_8099_cell_01075
ghsl_8099,ghsl_8099_cell_01076
ghsl_8099,ghsl_8099_cell_01077
ghsl_8099,ghsl_8099_cell_01078
ghsl_8099,ghsl_8099_cell_01079
ghsl_8099,ghsl_8099_cell_01080
ghsl_8099,ghsl_8099_cell_01081
ghsl_8099,ghsl_8099_cell_01082
ghsl_8099,ghsl_8099_cell_01083
ghsl_8099,ghsl_8099_cell_01084
ghsl_8099,ghsl_8099_cell_01085
ghsl_8099,ghsl_8099_cell_01086
ghsl_8099,ghsl_8099_cell_01087
ghsl_8099,ghsl_8099_cell_01088
ghsl_8099,ghsl_8099_cell_01089
ghsl_8099,ghsl_8099_cell_01090
ghsl_8099,ghsl_8099_cell_01091
ghsl_8099,ghsl_8099_cell_01092
ghsl_8099,ghsl_8099_cell_01093
ghsl_8099,ghsl_8099_cell_01094
ghsl_8099,ghsl_8099_cell_01095
ghsl_8099,ghsl_8099_cell_01096
ghsl_8099,ghsl_8099_cell_01097
ghsl_8099,ghsl_8099_cell_01098
ghsl_8099,ghsl_8099_cell_01099
ghsl_8099,ghsl_8099_cell_01100
ghsl_8099,ghsl_8099_cell_01101
ghsl_8099,ghsl_8099_cell_01102
ghsl_8099,ghsl_8099_cell_01103
ghsl_8099,ghsl_8099_cell_01104
ghsl_8099,ghsl_8099_cell_01105
ghsl_8099,ghsl_8099_cell_01106
ghsl_8099,ghsl_8099_cell_01107
ghsl_8099,ghsl_8099_cell_01108
ghsl_8099,ghsl_8099_cell_01109
ghsl_8099,ghsl_8099_cell_01110
ghsl_8099,ghsl_8099_cell_01111
ghsl_8099,ghsl_8099_cell_01112
ghsl_8099,ghsl_8099_cell_01113
ghsl_8099,ghsl_8099_cell_01114
ghsl_8099,ghsl_8099_cell_01115
ghsl_8099,ghsl_8099_cell_01116
ghsl_8099,ghsl_8099_cell_01117
ghsl_8099,ghsl_8099_cell_01118
ghsl_8099,ghsl_8099_cell_01119
ghsl_8099,ghsl_8099_cell_01120
ghsl_8099,ghsl_8099_cell_01121
ghsl_8099,ghsl_8099_cell_01122
ghsl_8099,ghsl_8099_cell_01123
ghsl_8099,ghsl_8099_cell_01124
ghsl_8099,ghsl_8099_cell_01125
ghsl_8099,ghsl_8099_cell_01126
ghsl_8099,ghsl_8099_cell_01127
ghsl_8099,ghsl_8099_cell_01128
ghsl_8099,ghsl_8099_cell_01129
ghsl_8099,ghsl_8099_cell_01130
ghsl_8099,ghsl_8099_cell_01131
ghsl_8099,ghsl_8099_cell_01132
ghsl_8099,ghsl_8099_cell_01133
ghsl_8099,ghsl_8099_cell_01134
ghsl_8099,ghsl_8099_cell_01135
ghsl_8099,ghsl_8099_cell_01136
ghsl_8099,ghsl_8099_cell_01137
ghsl_8099,ghsl_8099_cell_01138
ghsl_8099,ghsl_8099_cell_01139
ghsl_8099,ghsl_8099_cell_01140
ghsl_8099,ghsl_8099_cell_01141
ghsl_8099,ghsl_8099_cell_01142
ghsl_8099,ghsl_8099_cell_01143
ghsl_8099,ghsl_8099_cell_01144
ghsl_8099,ghsl_8099_cell_01145
ghsl_8099,ghsl_8099_cell_01146
ghsl_8099,ghsl_8099_cell_01147
ghsl_8099,ghsl_8099_cell_01148
ghsl_8099,ghsl_8099_cell_01149
ghsl_8099,ghsl_8099_cell_01150
ghsl_8099,ghsl_8099_cell_01151
ghsl_8099,ghsl_8099_cell_01152
ghsl_8099,ghsl_8099_cell_01153
ghsl_8099,ghsl_8099_cell_01154
ghsl_8099,ghsl_8099_cell_01155
ghsl_8099,ghsl_8099_cell_01156
ghsl_8099,ghsl_8099_cell_01157
ghsl_8099,ghsl_8099_cell_01158
ghsl_8099,ghsl_8099_cell_01159
ghsl_8099,ghsl_8099_cell_01160
ghsl_8099,ghsl_8099_cell_01161
ghsl_8099,ghsl_8099_cell_01162
ghsl_8099,ghsl_8099_cell_01163
ghsl_8099,ghsl_8099_cell_01164
ghsl_8099,ghsl_8099_cell_01165
ghsl_8099,ghsl_8099_cell_01166
ghsl_8099,ghsl_8099_cell_01167
ghsl_8099,ghsl_8099_cell_01168
ghsl_8099,ghsl_8099_cell_01169
ghsl_8099,ghsl_8099_cell_01170
ghsl_8099,ghsl_8099_cell_01171
ghsl_8099,ghsl_8099_cell_01172
ghsl_8099,ghsl_8099_cell_01173
ghsl_8099,ghsl_8099_cell_01174
ghsl_8099,ghsl_8099_cell_01175
ghsl_8099,ghsl_8099_cell_01176
ghsl_8099,ghsl_8099_cell_01177
ghsl_8099,ghsl_8099_cell_01178
ghsl_8099,ghsl_8099_cell_01179
ghsl_8099,ghsl_8099_cell_01180
ghsl_8099,ghsl_8099_cell_01181
ghsl_8099,ghsl_8099_cell_01182
ghsl_8099,ghsl_8099_cell_01183
ghsl_8099,ghsl_8099_cell_01184
ghsl_8099,ghsl_8099_cell_01185
ghsl_8099,ghsl_8099_cell_01186
ghsl_8099,ghsl_8099_cell_01187
ghsl_8099,ghsl_8099_cell_01188
ghsl_8099,ghsl_8099_cell_01189
ghsl_8099,ghsl_8099_cell_01190
ghsl_8099,ghsl_8099_cell_01191
ghsl_8099,ghsl_8099_cell_01192
ghsl_8099,ghsl_8099_cell_01193
ghsl_8099,ghsl_8099_cell_01194
ghsl_8099,ghsl_8099_cell_01195
ghsl_8099,ghsl_8099_cell_01196
ghsl_8099,ghsl_8099_cell_01197
ghsl_8099,ghsl_8099_cell_01198
ghsl_8099,ghsl_8099_cell_01199
ghsl_8099,ghsl_8099_cell_01200
ghsl_8099,ghsl_8099_cell_01201
ghsl_8099,ghsl_8099_cell_01202
ghsl_8099,ghsl_8099_cell_01203
ghsl_8099,ghsl_8099_cell_01204
ghsl_8099,ghsl_8099_cell_01205
ghsl_8099,ghsl_8099_cell_01206
ghsl_8099,ghsl_8099_cell_01207
ghsl_8099,ghsl_8099_cell_01208
ghsl_8099,ghsl_8099_cell_01209
ghsl_8099,ghsl_8099_cell_01210
ghsl_8099,ghsl_8099_cell_01211
ghsl_8099,ghsl_8099_cell_01212
ghsl_8099,ghsl_8099_cell_01213
ghsl_8099,ghsl_8099_cell_01214
ghsl_8099,ghsl_8099_cell_01215
ghsl_8099,ghsl_8099_cell_01216
ghsl_8099,ghsl_8099_cell_01217
ghsl_8099,ghsl_8099_cell_01218
ghsl_8099,ghsl_8099_cell_01219
ghsl_8099,ghsl_8099_cell_01220
ghsl_8099,ghsl_8099_cell_01221
ghsl_8099,ghsl_8099_cell_01222
ghsl_8099,ghsl_8099_cell_01223
ghsl_8099,ghsl_8099_cell_01224
ghsl_8099,ghsl_8099_cell_01225
ghsl_8099,ghsl_8099_cell_01226
ghsl_8099,ghsl_8099_cell_01227
ghsl_8099,ghsl_8099_cell_01228
ghsl_8099,ghsl_8099_cell_01229
ghsl_8099,ghsl_8099_cell_01230
ghsl_8099,ghsl_8099_cell_01231
ghsl_8099,ghsl_8099_cell_01232
ghsl_8099,ghsl_8099_cell_01233
ghsl_8099,ghsl_8099_cell_01234
ghsl_8099,ghsl_8099_cell_01235
ghsl_8099,ghsl_8099_cell_01236
ghsl_8099,ghsl_8099_cell_01237
ghsl_8099,ghsl_8099_cell_01238
ghsl_8099,ghsl_8099_cell_01239
ghsl_8099,ghsl_8099_cell_01240
ghsl_8099,ghsl_8099_cell_01241
ghsl_8099,ghsl_8099_cell_01242
ghsl_8099,ghsl_8099_cell_01243
ghsl_8099,ghsl_8099_cell_01244
ghsl_8099,ghsl_8099_cell_01245
ghsl_8099,ghsl_8099_cell_01246
ghsl_8099,ghsl_8099_cell_01247
ghsl_8099,ghsl_8099_cell_01248
ghsl_8099,ghsl_8099_cell_01249
ghsl_8099,ghsl_8099_cell_01250
ghsl_8099,ghsl_8099_cell_01251
ghsl_8099,ghsl_8099_cell_01252
ghsl_8099,ghsl_8099_cell_01253
ghsl_8099,ghsl_8099_cell_01254
ghsl_8099,ghsl_8099_cell_01255
ghsl_8099,ghsl_8099_cell_01256
ghsl_8099,ghsl_8099_cell_01257
ghsl_8099,ghsl_8099_cell_01258
ghsl_8099,ghsl_8099_cell_01259
ghsl_8099,ghsl_8099_cell_01260
ghsl_8099,ghsl_8099_cell_01261
ghsl_8099,ghsl_8099_cell_01262
ghsl_8099,ghsl_8099_cell_01263
ghsl_8099,ghsl_8099_cell_01264
ghsl_8099,ghsl_8099_cell_01265
ghsl_8099,ghsl_8099_cell_01266
ghsl_8099,ghsl_8099_cell_01267
ghsl_8099,ghsl_8099_cell_01268
ghsl_8099,ghsl_8099_cell_01269
ghsl_8099,ghsl_8099_cell_01270
ghsl_8099,ghsl_8099_cell_01271
ghsl_8099,ghsl_8099_cell_01272
ghsl_8099,ghsl_8099_cell_01273
ghsl_8099,ghsl_8099_cell_01274
ghsl_8099,ghsl_8099_cell_01275
ghsl_8099,ghsl_8099_cell_01276
ghsl_8099,ghsl_8099_cell_01277
ghsl_8099,ghsl_8099_cell_01278
ghsl_8099,ghsl_8099_cell_01279
ghsl_8099,ghsl_8099_cell_01280
ghsl_8099,ghsl_8099_cell_01281
ghsl_8099,ghsl_8099_cell_01282
ghsl_8099,ghsl_8099_cell_01283
ghsl_8099,ghsl_8099_cell_01284
ghsl_8099,ghsl_8099_cell_01285
ghsl_8099,ghsl_8099_cell_01286
ghsl_8099,ghsl_8099_cell_01287
ghsl_8099,ghsl_8099_cell_01288
ghsl_8099,ghsl_8099_cell_01289
ghsl_8099,ghsl_8099_cell_01290
ghsl_8099,ghsl_8099_cell_01291
ghsl_8099,ghsl_8099_cell_01292
ghsl_8099,ghsl_8099_cell_01293
ghsl_8099,ghsl_8099_cell_01294
ghsl_8099,ghsl_8099_cell_01295
ghsl_8099,ghsl_8099_cell_01296
ghsl_8099,ghsl_8099_cell_01297
ghsl_8099,ghsl_8099_cell_01298
ghsl_8099,ghsl_8099_cell_01299
ghsl_8099,ghsl_8099_cell_01300
ghsl_8099,ghsl_8099_cell_01301
ghsl_8099,ghsl_8099_cell_01302
ghsl_8099,ghsl_8099_cell_01303
ghsl_8099,ghsl_8099_cell_01304
ghsl_8099,ghsl_8099_cell_01305
ghsl_8099,ghsl_8099_cell_01306
ghsl_8099,ghsl_8099_cell_01307
ghsl_8099,ghsl_8099_cell_01308
ghsl_8099,ghsl_8099_cell_01309
ghsl_8099,ghsl_8099_cell_01310
ghsl_8099,ghsl_8099_cell_01311
ghsl_8099,ghsl_8099_cell_01312
ghsl_8099,ghsl_8099_cell_01313
ghsl_8099,ghsl_8099_cell_01314
ghsl_8099,ghsl_8099_cell_01315
ghsl_8099,ghsl_8099_cell_01316
ghsl_8099,ghsl_8099_cell_01317
ghsl_8099,ghsl_8099_cell_01318
ghsl_8099,ghsl_8099_cell_01319
ghsl_8099,ghsl_8099_cell_01320
ghsl_8099,ghsl_8099_cell_01321
ghsl_8099,ghsl_8099_cell_01322
ghsl_8099,ghsl_8099_cell_01323
ghsl_8099,ghsl_8099_cell_01324
ghsl_8099,ghsl_8099_cell_01325
ghsl_8099,ghsl_8099_cell_01326
ghsl_8099,ghsl_8099_cell_01327
ghsl_8099,ghsl_8099_cell_01328
ghsl_8099,ghsl_8099_cell_01329
ghsl_8099,ghsl_8099_cell_01330
ghsl_8099,ghsl_8099_cell_01331
ghsl_8099,ghsl_8099_cell_01332
ghsl_8099,ghsl_8099_cell_01333
ghsl_8099,ghsl_8099_cell_01334
ghsl_8099,ghsl_8099_cell_01335
ghsl_8099,ghsl_8099_cell_01336
ghsl_8099,ghsl_8099_cell_01337
ghsl_8099,ghsl_8099_cell_01338
ghsl_8099,ghsl_8099_cell_01339
ghsl_8099,ghsl_8099_cell_01340
ghsl_8099,ghsl_8099_cell_01341
ghsl_8099,ghsl_8099_cell_01342
ghsl_8099,ghsl_8099_cell_01343
ghsl_8099,ghsl_8099_cell_01344
ghsl_8099,ghsl_8099_cell_01345
ghsl_8099,ghsl_8099_cell_01346
ghsl_8099,ghsl_8099_cell_01347
ghsl_8099,ghsl_8099_cell_01348
ghsl_8099,ghsl_8099_cell_01349
ghsl_8099,ghsl_8099_cell_01350
ghsl_8099,ghsl_8099_cell_01351
ghsl_8099,ghsl_8099_cell_01352
ghsl_8099,ghsl_8099_cell_01353
ghsl_8099,ghsl_8099_cell_01354
ghsl_8099,ghsl_8099_cell_01355
ghsl_8099,ghsl_8099_cell_01356
ghsl_8099,ghsl_8099_cell_01357
ghsl_8099,ghsl_8099_cell_01358
ghsl_8099,ghsl_8099_cell_01359
ghsl_8099,ghsl_8099_cell_01360
ghsl_8099,ghsl_8099_cell_01361
ghsl_8099,ghsl_8099_cell_01362
ghsl_8099,ghsl_8099_cell_01363
ghsl_8099,ghsl_8099_cell_01364
ghsl_8099,ghsl_8099_cell_01365
ghsl_8099,ghsl_8099_cell_01366
ghsl_8099,ghsl_8099_cell_01367
ghsl_8099,ghsl_8099_cell_01368
ghsl_8099,ghsl_8099_cell_01369
ghsl_8099,ghsl_8099_cell_01370
ghsl_8099,ghsl_8099_cell_01371
ghsl_8099,ghsl_8099_cell_01372
ghsl_8099,ghsl_8099_cell_01373
ghsl_8099,ghsl_8099_cell_01374
ghsl_8099,ghsl_8099_cell_01375
ghsl_8099,ghsl_8099_cell_01376
ghsl_8099,ghsl_8099_cell_01377
ghsl_8099,ghsl_8099_cell_01378
ghsl_8099,ghsl_8099_cell_01379
ghsl_8099,ghsl_8099_cell_01380
ghsl_8099,ghsl_8099_cell_01381
ghsl_8099,ghsl_8099_cell_01382
ghsl_8099,ghsl_8099_cell_01383
ghsl_8099,ghsl_8099_cell_01384
ghsl_8099,ghsl_8099_cell_01385
ghsl_8099,ghsl_8099_cell_01386
ghsl_8099,ghsl_8099_cell_01387
ghsl_8099,ghsl_8099_cell_01388
ghsl_8099,ghsl_8099_cell_01389
ghsl_8099,ghsl_8099_cell_01390
ghsl_8099,ghsl_8099_cell_01391
ghsl_8099,ghsl_8099_cell_01392
ghsl_8099,ghsl_8099_cell_01393
ghsl_8099,ghsl_8099_cell_01394
ghsl_8099,ghsl_8099_cell_01395
ghsl_8099,ghsl_8099_cell_01396
ghsl_8099,ghsl_8099_cell_01397
ghsl_8099,ghsl_8099_cell_01398
ghsl_8099,ghsl_8099_cell_01399
ghsl_8099,ghsl_8099_cell_01400
ghsl_8099,ghsl_8099_cell_01401
ghsl_8099,ghsl_8099_cell_01402
ghsl_8099,ghsl_8099_cell_01403
ghsl_8099,ghsl_8099_cell_01404
ghsl_8099,ghsl_8099_cell_01405
ghsl_8099,ghsl_8099_cell_01406
ghsl_8099,ghsl_8099_cell_01407
ghsl_8099,ghsl_8099_cell_01408
ghsl_8099,ghsl_8099_cell_01409
ghsl_8099,ghsl_8099_cell_01410
ghsl_8099,ghsl_8099_cell_01411
ghsl_8099,ghsl_8099_cell_01412
ghsl_8099,ghsl_8099_cell_01413
ghsl_8099,ghsl_8099_cell_01414
ghsl_8099,ghsl_8099_cell_01415
ghsl_8099,ghsl_8099_cell_01416
ghsl_8099,ghsl_8099_cell_01417
ghsl_8099,ghsl_8099_cell_01418
ghsl_8099,ghsl_8099_cell_01419
ghsl_8099,ghsl_8099_cell_01420
ghsl_8099,ghsl_8099_cell_01421
ghsl_8099,ghsl_8099_cell_01422
ghsl_8099,ghsl_8099_cell_01423
ghsl_8099,ghsl_8099_cell_01424
ghsl_8099,ghsl_8099_cell_01425
ghsl_8099,ghsl_8099_cell_01426
ghsl_8099,ghsl_8099_cell_01427
ghsl_8099,ghsl_8099_cell_01428
ghsl_8099,ghsl_8099_cell_01429
ghsl_8099,ghsl_8099_cell_01430
ghsl_8099,ghsl_8099_cell_01431
ghsl_8099,ghsl_8099_cell_01432
ghsl_8099,ghsl_8099_cell_01433
ghsl_8099,ghsl_8099_cell_01434
ghsl_8099,ghsl_8099_cell_01435
ghsl_8099,ghsl_8099_cell_01436
ghsl_8099,ghsl_8099_cell_01437
ghsl_8099,ghsl_8099_cell_01438
ghsl_8099,ghsl_8099_cell_01439
ghsl_8099,ghsl_8099_cell_01440
ghsl_8099,ghsl_8099_cell_01441
ghsl_8099,ghsl_8099_cell_01442
ghsl_8099,ghsl_8099_cell_01443
ghsl_8099,ghsl_8099_cell_01444
ghsl_8099,ghsl_8099_cell_01445
ghsl_8099,ghsl_8099_cell_01446
ghsl_8099,ghsl_8099_cell_01447
ghsl_8099,ghsl_8099_cell_01448
ghsl_8099,ghsl_8099_cell_01449
ghsl_8099,ghsl_8099_cell_01450
ghsl_8099,ghsl_8099_cell_01451
ghsl_8099,ghsl_8099_cell_01452
ghsl_8099,ghsl_8099_cell_01453
ghsl_8099,ghsl_8099_cell_01454
ghsl_8099,ghsl_8099_cell_01455
ghsl_8099,ghsl_8099_cell_01456
ghsl_8099,ghsl_8099_cell_01457
ghsl_8099,ghsl_8099_cell_01458
ghsl_8099,ghsl_8099_cell_01459
ghsl_8099,ghsl_8099_cell_01460
ghsl_8099,ghsl_8099_cell_01461
ghsl_8099,ghsl_8099_cell_01462
ghsl_8099,ghsl_8099_cell_01463
ghsl_8099,ghsl_8099_cell_01464
ghsl_8099,ghsl_8099_cell_01465
ghsl_8099,ghsl_8099_cell_01466
ghsl_8099,ghsl_8099_cell_01467
ghsl_8099,ghsl_8099_cell_01468
ghsl_8099,ghsl_8099_cell_01469
ghsl_8099,ghsl_8099_cell_01470
ghsl_8099,ghsl_8099_cell_01471
ghsl_8099,ghsl_8099_cell_01472
ghsl_8099,ghsl_8099_cell_01473
ghsl_8099,ghsl_8099_cell_01474
ghsl_8099,ghsl_8099_cell_01475
ghsl_8099,ghsl_8099_cell_01476
ghsl_8099,ghsl_8099_cell_01477
ghsl_8099,ghsl_8099_cell_01478
ghsl_8099,ghsl_8099_cell_01479
ghsl_8099,ghsl_8099_cell_01480
ghsl_8099,ghsl_8099_cell_01481
ghsl_8099,ghsl_8099_cell_01482
ghsl_8099,ghsl_8099_cell_01483
ghsl_8099,ghsl_8099_cell_01484
ghsl_8099,ghsl_8099_cell_01485
ghsl_8099,ghsl_8099_cell_01486
ghsl_8099,ghsl_8099_cell_01487
ghsl_8099,ghsl_8099_cell_01488
ghsl_8099,ghsl_8099_cell_01489
ghsl_8099,ghsl_8099_cell_01490
ghsl_8099,ghsl_8099_cell_01491
ghsl_8099,ghsl_8099_cell_01492
ghsl_8099,ghsl_8099_cell_01493
ghsl_8099,ghsl_8099_cell_01494
ghsl_8099,ghsl_8099_cell_01495
ghsl_8099,ghsl_8099_cell_01496
ghsl_8099,ghsl_8099_cell_01497
ghsl_8099,ghsl_8099_cell_01498
ghsl_8099,ghsl_8099_cell_01499
ghsl_8099,ghsl_8099_cell_01500
ghsl_8099,ghsl_8099_cell_01501
ghsl_8099,ghsl_8099_cell_01502
ghsl_8099,ghsl_8099_cell_01503
ghsl_8099,ghsl_8099_cell_01504
ghsl_8099,ghsl_8099_cell_01505
ghsl_8099,ghsl_8099_cell_01506
ghsl_8099,ghsl_8099_cell_01507
ghsl_8099,ghsl_8099_cell_01508
ghsl_8099,ghsl_8099_cell_01509
ghsl_8099,ghsl_8099_cell_01510
ghsl_8099,ghsl_8099_cell_01511
ghsl_8099,ghsl_8099_cell_01512
ghsl_8099,ghsl_8099_cell_01513
ghsl_8099,ghsl_8099_cell_01514
ghsl_8099,ghsl_8099_cell_01515
ghsl_8099,ghsl_8099_cell_01516
ghsl_8099,ghsl_8099_cell_01517
ghsl_8099,ghsl_8099_cell_01518
ghsl_8099,ghsl_8099_cell_01519
ghsl_8099,ghsl_8099_cell_01520
ghsl_8099,ghsl_8099_cell_01521
ghsl_8099,ghsl_8099_cell_01522
ghsl_8099,ghsl_8099_cell_01523
ghsl_8099,ghsl_8099_cell_01524
ghsl_8099,ghsl_8099_cell_01525
ghsl_8099,ghsl_8099_cell_01526
ghsl_8099,ghsl_8099_cell_01527
ghsl_8099,ghsl_8099_cell_01528
ghsl_8099,ghsl_8099_cell_01529
ghsl_8099,ghsl_8099_cell_01530
ghsl_8099,ghsl_8099_cell_01531
ghsl_8099,ghsl_8099_cell_01532
ghsl_8099,ghsl_8099_cell_01533
ghsl_8099,ghsl_8099_cell_01534
ghsl_8099,ghsl_8099_cell_01535
ghsl_8099,ghsl_8099_cell_01536
ghsl_8099,ghsl_8099_cell_01537
ghsl_8099,ghsl_8099_cell_01538
ghsl_8099,ghsl_8099_cell_01539
ghsl_8099,ghsl_8099_cell_01540
ghsl_8099,ghsl_8099_cell_01541
ghsl_8099,ghsl_8099_cell_01542
ghsl_8099,ghsl_8099_cell_01543
ghsl_8099,ghsl_8099_cell_01544
ghsl_8099,ghsl_8099_cell_01545
ghsl_8099,ghsl_8099_cell_01546
ghsl_8099,ghsl_8099_cell_01547
ghsl_8099,ghsl_8099_cell_01548
ghsl_8099,ghsl_8099_cell_01549
ghsl_8099,ghsl_8099_cell_01550
ghsl_8099,ghsl_8099_cell_01551
ghsl_8099,ghsl_8099_cell_01552
ghsl_8099,ghsl_8099_cell_01553
ghsl_8099,ghsl_8099_cell_01554
ghsl_8099,ghsl_8099_cell_01555
ghsl_8099,ghsl_8099_cell_01556
ghsl_8099,ghsl_8099_cell_01557
ghsl_8099,ghsl_8099_cell_01558
ghsl_8099,ghsl_8099_cell_01559
ghsl_8099,ghsl_8099_cell_01560
ghsl_8099,ghsl_8099_cell_01561
ghsl_8099,ghsl_8099_cell_01562
ghsl_8099,ghsl_8099_cell_01563
ghsl_8099,ghsl_8099_cell_01564
ghsl_8099,ghsl_8099_cell_01565
ghsl_8099,ghsl_8099_cell_01566
ghsl_8099,ghsl_8099_cell_01567
ghsl_8099,ghsl_8099_cell_01568
ghsl_8099,ghsl_8099_cell_01569
ghsl_8099,ghsl_8099_cell_01570
ghsl_8099,ghsl_8099_cell_01571
ghsl_8099,ghsl_8099_cell_01572
ghsl_8099,ghsl_8099_cell_01573
ghsl_8099,ghsl_8099_cell_01574
ghsl_8099,ghsl_8099_cell_01575
ghsl_8099,ghsl_8099_cell_01576
ghsl_8099,ghsl_8099_cell_01577
ghsl_8099,ghsl_8099_cell_01578
ghsl_8099,ghsl_8099_cell_01579
ghsl_8099,ghsl_8099_cell_01580
ghsl_8099,ghsl_8099_cell_01581
ghsl_8099,ghsl_8099_cell_01582
ghsl_8099,ghsl_8099_cell_01583
ghsl_8099,ghsl_8099_cell_01584
ghsl_8099,ghsl_8099_cell_01585
ghsl_8099,ghsl_8099_cell_01586
ghsl_8099,ghsl_8099_cell_01587
ghsl_8099,ghsl_8099_cell_01588
ghsl_8099,ghsl_8099_cell_01589
ghsl_8099,ghsl_8099_cell_01590
ghsl_8099,ghsl_8099_cell_01591
ghsl_8099,ghsl_8099_cell_01592
ghsl_8099,ghsl_8099_cell_01593
ghsl_8099,ghsl_8099_cell_01594
ghsl_8099,ghsl_8099_cell_01595
ghsl_8099,ghsl_8099_cell_01596
ghsl_8099,ghsl_8099_cell_01597
ghsl_8099,ghsl_8099_cell_01598
ghsl_8099,ghsl_8099_cell_01599
ghsl_8099,ghsl_8099_cell_01600
ghsl_8099,ghsl_8099_cell_01601
ghsl_8099,ghsl_8099_cell_01602
ghsl_8099,ghsl_8099_cell_01603
ghsl_8099,ghsl_8099_cell_01604
ghsl_8099,ghsl_8099_cell_01605
ghsl_8099,ghsl_8099_cell_01606
ghsl_8099,ghsl_8099_cell_01607
ghsl_8099,ghsl_8099_cell_01608
ghsl_8099,ghsl_8099_cell_01609
ghsl_8099,ghsl_8099_cell_01610
ghsl_8099,ghsl_8099_cell_01611
ghsl_8099,ghsl_8099_cell_01612
ghsl_8099,ghsl_8099_cell_01613
ghsl_8099,ghsl_8099_cell_01614
ghsl_8099,ghsl_8099_cell_01615
ghsl_8099,ghsl_8099_cell_01616
ghsl_8099,ghsl_8099_cell_01617
ghsl_8099,ghsl_8099_cell_01618
ghsl_8099,ghsl_8099_cell_01619
ghsl_8099,ghsl_8099_cell_01620
ghsl_8099,ghsl_8099_cell_01621
ghsl_8099,ghsl_8099_cell_01622
ghsl_8099,ghsl_8099_cell_01623
ghsl_8099,ghsl_8099_cell_01624
ghsl_8099,ghsl_8099_cell_01625
ghsl_8099,ghsl_8099_cell_01626
ghsl_8099,ghsl_8099_cell_01627
ghsl_8099,ghsl_8099_cell_01628
ghsl_8099,ghsl_8099_cell_01629
ghsl_8099,ghsl_8099_cell_01630
ghsl_8099,ghsl_8099_cell_01631
ghsl_8099,ghsl_8099_cell_01632
ghsl_8099,ghsl_8099_cell_01633
ghsl_8099,ghsl_8099_cell_01634
ghsl_8099,ghsl_8099_cell_01635
ghsl_8099,ghsl_8099_cell_01636
ghsl_8099,ghsl_8099_cell_01637
ghsl_8099,ghsl_8099_cell_01638
ghsl_8099,ghsl_8099_cell_01639
ghsl_8099,ghsl_8099_cell_01640
ghsl_8099,ghsl_8099_cell_01641
ghsl_8099,ghsl_8099_cell_01642
ghsl_8099,ghsl_8099_cell_01643
ghsl_8099,ghsl_8099_cell_01644
ghsl_8099,ghsl_8099_cell_01645
ghsl_8099,ghsl_8099_cell_01646
ghsl_8099,ghsl_8099_cell_01647
ghsl_8099,ghsl_8099_cell_01648
ghsl_8099,ghsl_8099_cell_01649
ghsl_8099,ghsl_8099_cell_01650
ghsl_8099,ghsl_8099_cell_01651
ghsl_8099,ghsl_8099_cell_01652
ghsl_8099,ghsl_8099_cell_01653
ghsl_8099,ghsl_8099_cell_01654
ghsl_8099,ghsl_8099_cell_01655
ghsl_8099,ghsl_8099_cell_01656
ghsl_8099,ghsl_8099_cell_01657
ghsl_8099,ghsl_8099_cell_01658
ghsl_8099,ghsl_8099_cell_01659
ghsl_8099,ghsl_8099_cell_01660
ghsl_8099,ghsl_8099_cell_01661
ghsl_8099,ghsl_8099_cell_01662
ghsl_8099,ghsl_8099_cell_01663
ghsl_8099,ghsl_8099_cell_01664
ghsl_8099,ghsl_8099_cell_01665
ghsl_8099,ghsl_8099_cell_01666
ghsl_8099,ghsl_8099_cell_01667
ghsl_8099,ghsl_8099_cell_01668
ghsl_8099,ghsl_8099_cell_01669
ghsl_8099,ghsl_8099_cell_01670
ghsl_8099,ghsl_8099_cell_01671
ghsl_8099,ghsl_8099_cell_01672
ghsl_8099,ghsl_8099_cell_01673
ghsl_8099,ghsl_8099_cell_01674
ghsl_8099,ghsl_8099_cell_01675
ghsl_8099,ghsl_8099_cell_01676
ghsl_8099,ghsl_8099_cell_01677
ghsl_8099,ghsl_8099_cell_01678
ghsl_8099,ghsl_8099_cell_01679
ghsl_8099,ghsl_8099_cell_01680
ghsl_8099,ghsl_8099_cell_01681
ghsl_8099,ghsl_8099_cell_01682
ghsl_8099,ghsl_8099_cell_01683
ghsl_8099,ghsl_8099_cell_01684
ghsl_8099,ghsl_8099_cell_01685
ghsl_8099,ghsl_8099_cell_01686
ghsl_8099,ghsl_8099_cell_01687
ghsl_8099,ghsl_8099_cell_01688
ghsl_8099,ghsl_8099_cell_01689
ghsl_8099,ghsl_8099_cell_01690
ghsl_8099,ghsl_8099_cell_01691
ghsl_8099,ghsl_8099_cell_01692
ghsl_8099,ghsl_8099_cell_01693
ghsl_8099,ghsl_8099_cell_01694
ghsl_8099,ghsl_8099_cell_01695
ghsl_8099,ghsl_8099_cell_01696
ghsl_8099,ghsl_8099_cell_01697
ghsl_8099,ghsl_8099_cell_01698
ghsl_8099,ghsl_8099_cell_01699
ghsl_8099,ghsl_8099_cell_01700
ghsl_8099,ghsl_8099_cell_01701
ghsl_8099,ghsl_8099_cell_01702
ghsl_8099,ghsl_8099_cell_01703
ghsl_8099,ghsl_8099_cell_01704
ghsl_8099,ghsl_8099_cell_01705
ghsl_8099,ghsl_8099_cell_01706
ghsl_8099,ghsl_8099_cell_01707
ghsl_8099,ghsl_8099_cell_01708
ghsl_8099,ghsl_8099_cell_01709
ghsl_8099,ghsl_8099_cell_01710
ghsl_8099,ghsl_8099_cell_01711
ghsl_8099,ghsl_8099_cell_01712
ghsl_8099,ghsl_8099_cell_01713
ghsl_8099,ghsl_8099_cell_01714
ghsl_8099,ghsl_8099_cell_01715
ghsl_8099,ghsl_8099_cell_01716
ghsl_8099,ghsl_8099_cell_01717
ghsl_8099,ghsl_8099_cell_01718
ghsl_8099,ghsl_8099_cell_01719
ghsl_8099,ghsl_8099_cell_01720
ghsl_8099,ghsl_8099_cell_01721
ghsl_8099,ghsl_8099_cell_01722
ghsl_8099,ghsl_8099_cell_01723
ghsl_8099,ghsl_8099_cell_01724
ghsl_8099,ghsl_8099_cell_01725
ghsl_8099,ghsl_8099_cell_01726
ghsl_8099,ghsl_8099_cell_01727
ghsl_8099,ghsl_8099_cell_01728
ghsl_8099,ghsl_8099_cell_01729
ghsl_8099,ghsl_8099_cell_01730
ghsl_8099,ghsl_8099_cell_01731
ghsl_8099,ghsl_8099_cell_01732
ghsl_8099,ghsl_8099_cell_01733
ghsl_8099,ghsl_8099_cell_01734
ghsl_8099,ghsl_8099_cell_01735
ghsl_8099,ghsl_8099_cell_01736
ghsl_8099,ghsl_8099_cell_01737
ghsl_8099,ghsl_8099_cell_01738
ghsl_8099,ghsl_8099_cell_01739
ghsl_8099,ghsl_8099_cell_01740
ghsl_8099,ghsl_8099_cell_01741
ghsl_8099,ghsl_8099_cell_01742
ghsl_8099,ghsl_8099_cell_01743
ghsl_8099,ghsl_8099_cell_01744
ghsl_8099,ghsl_8099_cell_01745
ghsl_8099,ghsl_8099_cell_01746
ghsl_8099,ghsl_8099_cell_01747
ghsl_8099,ghsl_8099_cell_01748
ghsl_8099,ghsl_8099_cell_01749
ghsl_8099,ghsl_8099_cell_01750
ghsl_8099,ghsl_8099_cell_01751
ghsl_8099,ghsl_8099_cell_01752
ghsl_8099,ghsl_8099_cell_01753
ghsl_8099,ghsl_8099_cell_01754
ghsl_8099,ghsl_8099_cell_01755
ghsl_8099,ghsl_8099_cell_01756
ghsl_8099,ghsl_8099_cell_01757
ghsl_8099,ghsl_8099_cell_01758
ghsl_8099,ghsl_8099_cell_01759
ghsl_8099,ghsl_8099_cell_01760
ghsl_8099,ghsl_8099_cell_01761
ghsl_8099,ghsl_8099_cell_01762
ghsl_8099,ghsl_8099_cell_01763
ghsl_8099,ghsl_8099_cell_01764
ghsl_8099,ghsl_8099_cell_01765
ghsl_8099,ghsl_8099_cell_01766
ghsl_8099,ghsl_8099_cell_01767
ghsl_8099,ghsl_8099_cell_01768
ghsl_8099,ghsl_8099_cell_01769
ghsl_8099,ghsl_8099_cell_01770
ghsl_8099,ghsl_8099_cell_01771
ghsl_8099,ghsl_8099_cell_01772
ghsl_8099,ghsl_8099_cell_01773
ghsl_8099,ghsl_8099_cell_01774
ghsl_8099,ghsl_8099_cell_01775
ghsl_8099,ghsl_8099_cell_01776
ghsl_8099,ghsl_8099_cell_01777
ghsl_8099,ghsl_8099_cell_01778
ghsl_8099,ghsl_8099_cell_01779
ghsl_8099,ghsl_8099_cell_01780
ghsl_8099,ghsl_8099_cell_01781
ghsl_8099,ghsl_8099_cell_01782
ghsl_8099,ghsl_8099_cell_01783
ghsl_8099,ghsl_8099_cell_01784
ghsl_8099,ghsl_8099_cell_01785
ghsl_8099,ghsl_8099_cell_01786
ghsl_8099,ghsl_8099_cell_01787
ghsl_8099,ghsl_8099_cell_01788
ghsl_8099,ghsl_8099_cell_01789
ghsl_8099,ghsl_8099_cell_01790
ghsl_8099,ghsl_8099_cell_01791
ghsl_8099,ghsl_8099_cell_01792
ghsl_8099,ghsl_8099_cell_01793
ghsl_8099,ghsl_8099_cell_01794
ghsl_8099,ghsl_8099_cell_01795
ghsl_8099,ghsl_8099_cell_01796
ghsl_8099,ghsl_8099_cell_01797
ghsl_8099,ghsl_8099_cell_01798
ghsl_8099,ghsl_8099_cell_01799
ghsl_8099,ghsl_8099_cell_01800
ghsl_8099,ghsl_8099_cell_01801
ghsl_8099,ghsl_8099_cell_01802
ghsl_8099,ghsl_8099_cell_01803
ghsl_8099,ghsl_8099_cell_01804
ghsl_8099,ghsl_8099_cell_01805
ghsl_8099,ghsl_8099_cell_01806
ghsl_8099,ghsl_8099_cell_01807
ghsl_8099,ghsl_8099_cell_01808
ghsl_8099,ghsl_8099_cell_01809
ghsl_8099,ghsl_8099_cell_01810
ghsl_8099,ghsl_8099_cell_01811
ghsl_8099,ghsl_8099_cell_01812
ghsl_8099,ghsl_8099_cell_01813
ghsl_8099,ghsl_8099_cell_01814
ghsl_8099,ghsl_8099_cell_01815
ghsl_8099,ghsl_8099_cell_01816
ghsl_8099,ghsl_8099_cell_01817
ghsl_8099,ghsl_8099_cell_01818
ghsl_8099,ghsl_8099_cell_01819
ghsl_8099,ghsl_8099_cell_01820
ghsl_8099,ghsl_8099_cell_01821
ghsl_8099,ghsl_8099_cell_01822
ghsl_8099,ghsl_8099_cell_01823
ghsl_8099,ghsl_8099_cell_01824
ghsl_8099,ghsl_8099_cell_01825
ghsl_8099,ghsl_8099_cell_01826
ghsl_8099,ghsl_8099_cell_01827
ghsl_8099,ghsl_8099_cell_01828
ghsl_8099,ghsl_8099_cell_01829
ghsl_8099,ghsl_8099_cell_01830
ghsl_8099,ghsl_8099_cell_01831
ghsl_8099,ghsl_8099_cell_01832
ghsl_8099,ghsl_8099_cell_01833
ghsl_8099,ghsl_8099_cell_01834
ghsl_8099,ghsl_8099_cell_01835
ghsl_8099,ghsl_8099_cell_01836
ghsl_8099,ghsl_8099_cell_01837
ghsl_8099,ghsl_8099_cell_01838
ghsl_8099,ghsl_8099_cell_01839
ghsl_8099,ghsl_8099_cell_01840
ghsl_8099,ghsl_8099_cell_01841
ghsl_8099,ghsl_8099_cell_01842
ghsl_8099,ghsl_8099_cell_01843
ghsl_8099,ghsl_8099_cell_01844
ghsl_8099,ghsl_8099_cell_01845
ghsl_8099,ghsl_8099_cell_01846
ghsl_8099,ghsl_8099_cell_01847
ghsl_8099,ghsl_8099_cell_01848
ghsl_8099,ghsl_8099_cell_01849
ghsl_8099,ghsl_8099_cell_01850
ghsl_8099,ghsl_8099_cell_01851
ghsl_8099,ghsl_8099_cell_01852
ghsl_8099,ghsl_8099_cell_01853
ghsl_8099,ghsl_8099_cell_01854
ghsl_8099,ghsl_8099_cell_01855
ghsl_8099,ghsl_8099_cell_01856
ghsl_8099,ghsl_8099_cell_01857
ghsl_8099,ghsl_8099_cell_01858
ghsl_8099,ghsl_8099_cell_01859
ghsl_8099,ghsl_8099_cell_01860
ghsl_8099,ghsl_8099_cell_01861
ghsl_8099,ghsl_8099_cell_01862
ghsl_8099,ghsl_8099_cell_01863
ghsl_8099,ghsl_8099_cell_01864
ghsl_8099,ghsl_8099_cell_01865
ghsl_8099,ghsl_8099_cell_01866
ghsl_8099,ghsl_8099_cell_01867
ghsl_8099,ghsl_8099_cell_01868
ghsl_8099,ghsl_8099_cell_01869
ghsl_8099,ghsl_8099_cell_01870
ghsl_8099,ghsl_8099_cell_01871
ghsl_8099,ghsl_8099_cell_01872
ghsl_8099,ghsl_8099_cell_01873
ghsl_8099,ghsl_8099_cell_01874
ghsl_8099,ghsl_8099_cell_01875
ghsl_8099,ghsl_8099_cell_01876
ghsl_8099,ghsl_8099_cell_01877
ghsl_8099,ghsl_8099_cell_01878
ghsl_8099,ghsl_8099_cell_01879
ghsl_8099,ghsl_8099_cell_01880
ghsl_8099,ghsl_8099_cell_01881
ghsl_8099,ghsl_8099_cell_01882
ghsl_8099,ghsl_8099_cell_01883
ghsl_8099,ghsl_8099_cell_01884
ghsl_8099,ghsl_8099_cell_01885
ghsl_8099,ghsl_8099_cell_01886
ghsl_8099,ghsl_8099_cell_01887
ghsl_8099,ghsl_8099_cell_01888
ghsl_8099,ghsl_8099_cell_01889
ghsl_8099,ghsl_8099_cell_01890
ghsl_8099,ghsl_8099_cell_01891
ghsl_8099,ghsl_8099_cell_01892
ghsl_8099,ghsl_8099_cell_01893
ghsl_8099,ghsl_8099_cell_01894
ghsl_8099,ghsl_8099_cell_01895
ghsl_8099,ghsl_8099_cell_01896
ghsl_8099,ghsl_8099_cell_01897
ghsl_8099,ghsl_8099_cell_01898
ghsl_8099,ghsl_8099_cell_01899
ghsl_8099,ghsl_8099_cell_01900
ghsl_8099,ghsl_8099_cell_01901
ghsl_8099,ghsl_8099_cell_01902
ghsl_8099,ghsl_8099_cell_01903
ghsl_8099,ghsl_8099_cell_01904
ghsl_8099,ghsl_8099_cell_01905
ghsl_8099,ghsl_8099_cell_01906
ghsl_8099,ghsl_8099_cell_01907
ghsl_8099,ghsl_8099_cell_01908
ghsl_8099,ghsl_8099_cell_01909
ghsl_8099,ghsl_8099_cell_01910
ghsl_8099,ghsl_8099_cell_01911
ghsl_8099,ghsl_8099_cell_01912
ghsl_8099,ghsl_8099_cell_01913
ghsl_8099,ghsl_8099_cell_01914
ghsl_8099,ghsl_8099_cell_01915
ghsl_8099,ghsl_8099_cell_01916
ghsl_8099,ghsl_8099_cell_01917
ghsl_8099,ghsl_8099_cell_01918
ghsl_8099,ghsl_8099_cell_01919
ghsl_8099,ghsl_8099_cell_01920
ghsl_8099,ghsl_8099_cell_01921
ghsl_8099,ghsl_8099_cell_01922
ghsl_8099,ghsl_8099_cell_01923
ghsl_8099,ghsl_8099_cell_01924
ghsl_8099,ghsl_8099_cell_01925
ghsl_8099,ghsl_8099_cell_01926
ghsl_8099,ghsl_8099_cell_01927
ghsl_8099,ghsl_8099_cell_01928
ghsl_8099,ghsl_8099_cell_01929
ghsl_8099,ghsl_8099_cell_01930
ghsl_8099,ghsl_8099_cell_01931
ghsl_8099,ghsl_8099_cell_01932
ghsl_8099,ghsl_8099_cell_01933
ghsl_8099,ghsl_8099_cell_01934
ghsl_8099,ghsl_8099_cell_01935
ghsl_8099,ghsl_8099_cell_01936
ghsl_8099,ghsl_8099_cell_01937
ghsl_8099,ghsl_8099_cell_01938
ghsl_8099,ghsl_8099_cell_01939
ghsl_8099,ghsl_8099_cell_01940
ghsl_8099,ghsl_8099_cell_01941
ghsl_8099,ghsl_8099_cell_01942
ghsl_8099,ghsl_8099_cell_01943
ghsl_8099,ghsl_8099_cell_01944
ghsl_8099,ghsl_8099_cell_01945
ghsl_8099,ghsl_8099_cell_01946
ghsl_8099,ghsl_8099_cell_01947
ghsl_8099,ghsl_8099_cell_01948
ghsl_8099,ghsl_8099_cell_01949
ghsl_8099,ghsl_8099_cell_01950
ghsl_8099,ghsl_8099_cell_01951
ghsl_8099,ghsl_8099_cell_01952
ghsl_8099,ghsl_8099_cell_01953
ghsl_8099,ghsl_8099_cell_01954
ghsl_8099,ghsl_8099_cell_01955
ghsl_8099,ghsl_8099_cell_01956
ghsl_8099,ghsl_8099_cell_01957
ghsl_8099,ghsl_8099_cell_01958
ghsl_8099,ghsl_8099_cell_01959
ghsl_8099,ghsl_8099_cell_01960
ghsl_8099,ghsl_8099_cell_01961
ghsl_8099,ghsl_8099_cell_01962
ghsl_8099,ghsl_8099_cell_01963
ghsl_8099,ghsl_8099_cell_01964
ghsl_8099,ghsl_8099_cell_01965
ghsl_8099,ghsl_8099_cell_01966
ghsl_8099,ghsl_8099_cell_01967
ghsl_8099,ghsl_8099_cell_01968
ghsl_8099,ghsl_8099_cell_01969
ghsl_8099,ghsl_8099_cell_01970
ghsl_8099,ghsl_8099_cell_01971
ghsl_8099,ghsl_8099_cell_01972
ghsl_8099,ghsl_8099_cell_01973
ghsl_8099,ghsl_8099_cell_01974
ghsl_8099,ghsl_8099_cell_01975
ghsl_8099,ghsl_8099_cell_01976
ghsl_8099,ghsl_8099_cell_01977
ghsl_8099,ghsl_8099_cell_01978
ghsl_8099,ghsl_8099_cell_01979
ghsl_8099,ghsl_8099_cell_01980
ghsl_8099,ghsl_8099_cell_01981
ghsl_8099,ghsl_8099_cell_01982
ghsl_8099,ghsl_8099_cell_01983
ghsl_8099,ghsl_8099_cell_01984
ghsl_8099,ghsl_8099_cell_01985
ghsl_8099,ghsl_8099_cell_01986
ghsl_8099,ghsl_8099_cell_01987
ghsl_8099,ghsl_8099_cell_01988
ghsl_8099,ghsl_8099_cell_01989
ghsl_8099,ghsl_8099_cell_01990
ghsl_8099,ghsl_8099_cell_01991
ghsl_8099,ghsl_8099_cell_01992
ghsl_8099,ghsl_8099_cell_01993
ghsl_8099,ghsl_8099_cell_01994
ghsl_8099,ghsl_8099_cell_01995
ghsl_8099,ghsl_8099_cell_01996
ghsl_8099,ghsl_8099_cell_01997
ghsl_8099,ghsl_8099_cell_01998
ghsl_8099,ghsl_8099_cell_01999
ghsl_8099,ghsl_8099_cell_02000
ghsl_8099,ghsl_8099_cell_02001
ghsl_8099,ghsl_8099_cell_02002
ghsl_8099,ghsl_8099_cell_02003
ghsl_8099,ghsl_8099_cell_02004
ghsl_8099,ghsl_8099_cell_02005
ghsl_8099,ghsl_8099_cell_02006
ghsl_8099,ghsl_8099_cell_02007
ghsl_8099,ghsl_8099_cell_02008
ghsl_8099,ghsl_8099_cell_02009
ghsl_8099,ghsl_8099_cell_02010
ghsl_8099,ghsl_8099_cell_02011
ghsl_8099,ghsl_8099_cell_02012
ghsl_8099,ghsl_8099_cell_02013
ghsl_8099,ghsl_8099_cell_02014
ghsl_8099,ghsl_8099_cell_02015
ghsl_8099,ghsl_8099_cell_02016
ghsl_8099,ghsl_8099_cell_02017
ghsl_8099,ghsl_8099_cell_02018
ghsl_8099,ghsl_8099_cell_02019
ghsl_8099,ghsl_8099_cell_02020
ghsl_8099,ghsl_8099_cell_02021
ghsl_8099,ghsl_8099_cell_02022
ghsl_8099,ghsl_8099_cell_02023
ghsl_8099,ghsl_8099_cell_02024
ghsl_8099,ghsl_8099_cell_02025
ghsl_8099,ghsl_8099_cell_02026
ghsl_8099,ghsl_8099_cell_02027
ghsl_8099,ghsl_8099_cell_02028
ghsl_8099,ghsl_8099_cell_02029
ghsl_8099,ghsl_8099_cell_02030
ghsl_8099,ghsl_8099_cell_02031
ghsl_8099,ghsl_8099_cell_02032
ghsl_8099,ghsl_8099_cell_02033
ghsl_8099,ghsl_8099_cell_02034
ghsl_8099,ghsl_8099_cell_02035
ghsl_8099,ghsl_8099_cell_02036
ghsl_8099,ghsl_8099_cell_02037
ghsl_8099,ghsl_8099_cell_02038
ghsl_8099,ghsl_8099_cell_02039
ghsl_8099,ghsl_8099_cell_02040
ghsl_8099,ghsl_8099_cell_02041
ghsl_8099,ghsl_8099_cell_02042
ghsl_8099,ghsl_8099_cell_02043
ghsl_8099,ghsl_8099_cell_02044
ghsl_8099,ghsl_8099_cell_02045
ghsl_8099,ghsl_8099_cell_02046
ghsl_8099,ghsl_8099_cell_02047
ghsl_8099,ghsl_8099_cell_02048
ghsl_8099,ghsl_8099_cell_02049
ghsl_8099,ghsl_8099_cell_02050
ghsl_8099,ghsl_8099_cell_02051
ghsl_8099,ghsl_8099_cell_02052
ghsl_8099,ghsl_8099_cell_02053
ghsl_8099,ghsl_8099_cell_02054
ghsl_8099,ghsl_8099_cell_02055
ghsl_8099,ghsl_8099_cell_02056
ghsl_8099,ghsl_8099_cell_02057
ghsl_8099,ghsl_8099_cell_02058
ghsl_8099,ghsl_8099_cell_02059
ghsl_8099,ghsl_8099_cell_02060
ghsl_8099,ghsl_8099_cell_02061
ghsl_8099,ghsl_8099_cell_02062
ghsl_8099,ghsl_8099_cell_02063
ghsl_8099,ghsl_8099_cell_02064
ghsl_8099,ghsl_8099_cell_02065
ghsl_8099,ghsl_8099_cell_02066
ghsl_8099,ghsl_8099_cell_02067
ghsl_8099,ghsl_8099_cell_02068
ghsl_8099,ghsl_8099_cell_02069
ghsl_8099,ghsl_8099_cell_02070
ghsl_8099,ghsl_8099_cell_02071
ghsl_8099,ghsl_8099_cell_02072
ghsl_8099,ghsl_8099_cell_02073
ghsl_8099,ghsl_8099_cell_02074
ghsl_8099,ghsl_8099_cell_02075
ghsl_8099,ghsl_8099_cell_02076
ghsl_8099,ghsl_8099_cell_02077
ghsl_8099,ghsl_8099_cell_02078
ghsl_8099,ghsl_8099_cell_02079
ghsl_8099,ghsl_8099_cell_02080
ghsl_8099,ghsl_8099_cell_02081
ghsl_8099,ghsl_8099_cell_02082
ghsl_8099,ghsl_8099_cell_02083
ghsl_8099,ghsl_8099_cell_02084
ghsl_8099,ghsl_8099_cell_02085
ghsl_8099,ghsl_8099_cell_02086
ghsl_8099,ghsl_8099_cell_02087
ghsl_8099,ghsl_8099_cell_02088
ghsl_8099,ghsl_8099_cell_02089
ghsl_8099,ghsl_8099_cell_02090
ghsl_8099,ghsl_8099_cell_02091
ghsl_8099,ghsl_8099_cell_02092
ghsl_8099,ghsl_8099_cell_02093
ghsl_8099,ghsl_8099_cell_02094
ghsl_8099,ghsl_8099_cell_02095
ghsl_8099,ghsl_8099_cell_02096
ghsl_8099,ghsl_8099_cell_02097
ghsl_8099,ghsl_8099_cell_02098
ghsl_8099,ghsl_8099_cell_02099
ghsl_8099,ghsl_8099_cell_02100
ghsl_8099,ghsl_8099_cell_02101
ghsl_8099,ghsl_8099_cell_02102
ghsl_8099,ghsl_8099_cell_02103
ghsl_8099,ghsl_8099_cell_02104
ghsl_8099,ghsl_8099_cell_02105
ghsl_8099,ghsl_8099_cell_02106
ghsl_8099,ghsl_8099_cell_02107
ghsl_8099,ghsl_8099_cell_02108
ghsl_8099,ghsl_8099_cell_02109
ghsl_8099,ghsl_8099_cell_02110
ghsl_8099,ghsl_8099_cell_02111
ghsl_8099,ghsl_8099_cell_02112
ghsl_8099,ghsl_8099_cell_02113
ghsl_8099,ghsl_8099_cell_02114
ghsl_8099,ghsl_8099_cell_02115
ghsl_8099,ghsl_8099_cell_02116
ghsl_8099,ghsl_8099_cell_02117
ghsl_8099,ghsl_8099_cell_02118
ghsl_8099,ghsl_8099_cell_02119
ghsl_8099,ghsl_8099_cell_02120
ghsl_8099,ghsl_8099_cell_02121
ghsl_8099,ghsl_8099_cell_02122
ghsl_8099,ghsl_8099_cell_02123
ghsl_8099,ghsl_8099_cell_02124
ghsl_8099,ghsl_8099_cell_02125
ghsl_8099,ghsl_8099_cell_02126
ghsl_8099,ghsl_8099_cell_02127
ghsl_8099,ghsl_8099_cell_02128
ghsl_8099,ghsl_8099_cell_02129
ghsl_8099,ghsl_8099_cell_02130
ghsl_8099,ghsl_8099_cell_02131
ghsl_8099,ghsl_8099_cell_02132
ghsl_8099,ghsl_8099_cell_02133
ghsl_8099,ghsl_8099_cell_02134
ghsl_8099,ghsl_8099_cell_02135
ghsl_8099,ghsl_8099_cell_02136
ghsl_8099,ghsl_8099_cell_02137
ghsl_8099,ghsl_8099_cell_02138
ghsl_8099,ghsl_8099_cell_02139
ghsl_8099,ghsl_8099_cell_02140
ghsl_8099,ghsl_8099_cell_02141
ghsl_8099,ghsl_8099_cell_02142
ghsl_8099,ghsl_8099_cell_02143
ghsl_8099,ghsl_8099_cell_02144
ghsl_8099,ghsl_8099_cell_02145
ghsl_8099,ghsl_8099_cell_02146
ghsl_8099,ghsl_8099_cell_02147
ghsl_8099,ghsl_8099_cell_02148
ghsl_8099,ghsl_8099_cell_02149
ghsl_8099,ghsl_8099_cell_02150
ghsl_8099,ghsl_8099_cell_02151
ghsl_8099,ghsl_8099_cell_02152
ghsl_8099,ghsl_8099_cell_02153
ghsl_8099,ghsl_8099_cell_02154
ghsl_8099,ghsl_8099_cell_02155
ghsl_8099,ghsl_8099_cell_02156
ghsl_8099,ghsl_8099_cell_02157
ghsl_8099,ghsl_8099_cell_02158
ghsl_8099,ghsl_8099_cell_02159
ghsl_8099,ghsl_8099_cell_02160
ghsl_8099,ghsl_8099_cell_02161
ghsl_8099,ghsl_8099_cell_02162
ghsl_8099,ghsl_8099_cell_02163
ghsl_8099,ghsl_8099_cell_02164
ghsl_8099,ghsl_8099_cell_02165
ghsl_8099,ghsl_8099_cell_02166
ghsl_8099,ghsl_8099_cell_02167
ghsl_8099,ghsl_8099_cell_02168
ghsl_8099,ghsl_8099_cell_02169
ghsl_8099,ghsl_8099_cell_02170
ghsl_8099,ghsl_8099_cell_02171
ghsl_8099,ghsl_8099_cell_02172
ghsl_8099,ghsl_8099_cell_02173
ghsl_8099,ghsl_8099_cell_02174
ghsl_8099,ghsl_8099_cell_02175
ghsl_8099,ghsl_8099_cell_02176
ghsl_8099,ghsl_8099_cell_02177
ghsl_8099,ghsl_8099_cell_02178
ghsl_8099,ghsl_8099_cell_02179
ghsl_8099,ghsl_8099_cell_02180
ghsl_8099,ghsl_8099_cell_02181
ghsl_8099,ghsl_8099_cell_02182
ghsl_8099,ghsl_8099_cell_02183
ghsl_8099,ghsl_8099_cell_02184
ghsl_8099,ghsl_8099_cell_02185
ghsl_8099,ghsl_8099_cell_02186
ghsl_8099,ghsl_8099_cell_02187
ghsl_8099,ghsl_8099_cell_02188
ghsl_8099,ghsl_8099_cell_02189
ghsl_8099,ghsl_8099_cell_02190
ghsl_8099,ghsl_8099_cell_02191
ghsl_8099,ghsl_8099_cell_02192
ghsl_8099,ghsl_8099_cell_02193
ghsl_8099,ghsl_8099_cell_02194
ghsl_8099,ghsl_8099_cell_02195
ghsl_8099,ghsl_8099_cell_02196
ghsl_8099,ghsl_8099_cell_02197
ghsl_8099,ghsl_8099_cell_02198
ghsl_8099,ghsl_8099_cell_02199
ghsl_8099,ghsl_8099_cell_02200
ghsl_8099,ghsl_8099_cell_02201
ghsl_8099,ghsl_8099_cell_02202
ghsl_8099,ghsl_8099_cell_02203
ghsl_8099,ghsl_8099_cell_02204
ghsl_8099,ghsl_8099_cell_02205
ghsl_8099,ghsl_8099_cell_02206
ghsl_8099,ghsl_8099_cell_02207
ghsl_8099,ghsl_8099_cell_02208
ghsl_8099,ghsl_8099_cell_02209
ghsl_8099,ghsl_8099_cell_02210
ghsl_8099,ghsl_8099_cell_02211
ghsl_8099,ghsl_8099_cell_02212
ghsl_8099,ghsl_8099_cell_02213
ghsl_8099,ghsl_8099_cell_02214
ghsl_8099,ghsl_8099_cell_02215
ghsl_8099,ghsl_8099_cell_02216
ghsl_8099,ghsl_8099_cell_02217
ghsl_8099,ghsl_8099_cell_02218
ghsl_8099,ghsl_8099_cell_02219
ghsl_8099,ghsl_8099_cell_02220
ghsl_8099,ghsl_8099_cell_02221
ghsl_8099,ghsl_8099_cell_02222
ghsl_8099,ghsl_8099_cell_02223
ghsl_8099,ghsl_8099_cell_02224
ghsl_8099,ghsl_8099_cell_02225
ghsl_8099,ghsl_8099_cell_02226
ghsl_8099,ghsl_8099_cell_02227
ghsl_8099,ghsl_8099_cell_02228
ghsl_8099,ghsl_8099_cell_02229
ghsl_8099,ghsl_8099_cell_02230
ghsl_8099,ghsl_8099_cell_02231
ghsl_8099,ghsl_8099_cell_02232
ghsl_8099,ghsl_8099_cell_02233
ghsl_8099,ghsl_8099_cell_02234
ghsl_8099,ghsl_8099_cell_02235
ghsl_8099,ghsl_8099_cell_02236
ghsl_8099,ghsl_8099_cell_02237
ghsl_8099,ghsl_8099_cell_02238
ghsl_8099,ghsl_8099_cell_02239
ghsl_8099,ghsl_8099_cell_02240
ghsl_8099,ghsl_8099_cell_02241
ghsl_8099,ghsl_8099_cell_02242
ghsl_8099,ghsl_8099_cell_02243
ghsl_8099,ghsl_8099_cell_02244
ghsl_8099,ghsl_8099_cell_02245
ghsl_8099,ghsl_8099_cell_02246
ghsl_8099,ghsl_8099_cell_02247
ghsl_8099,ghsl_8099_cell_02248
ghsl_8099,ghsl_8099_cell_02249
ghsl_8099,ghsl_8099_cell_02250
ghsl_8099,ghsl_8099_cell_02251
ghsl_8099,ghsl_8099_cell_02252
ghsl_8099,ghsl_8099_cell_02253
ghsl_8099,ghsl_8099_cell_02254
ghsl_8099,ghsl_8099_cell_02255
ghsl_8099,ghsl_8099_cell_02256
ghsl_8099,ghsl_8099_cell_02257
ghsl_8099,ghsl_8099_cell_02258
ghsl_8099,ghsl_8099_cell_02259
ghsl_8099,ghsl_8099_cell_02260
ghsl_8099,ghsl_8099_cell_02261
ghsl_8099,ghsl_8099_cell_02262
ghsl_8099,ghsl_8099_cell_02263
ghsl_8099,ghsl_8099_cell_02264
ghsl_8099,ghsl_8099_cell_02265
ghsl_8099,ghsl_8099_cell_02266
ghsl_8099,ghsl_8099_cell_02267
ghsl_8099,ghsl_8099_cell_02268
ghsl_8099,ghsl_8099_cell_02269
ghsl_8099,ghsl_8099_cell_02270
ghsl_8099,ghsl_8099_cell_02271
ghsl_8099,ghsl_8099_cell_02272
ghsl_8099,ghsl_8099_cell_02273
ghsl_8099,ghsl_8099_cell_02274
ghsl_8099,ghsl_8099_cell_02275
ghsl_8099,ghsl_8099_cell_02276
ghsl_8099,ghsl_8099_cell_02277
ghsl_8099,ghsl_8099_cell_02278
ghsl_8099,ghsl_8099_cell_02279
ghsl_8099,ghsl_8099_cell_02280
ghsl_8099,ghsl_8099_cell_02281
ghsl_8099,ghsl_8099_cell_02282
ghsl_8099,ghsl_8099_cell_02283
ghsl_8099,ghsl_8099_cell_02284
ghsl_8099,ghsl_8099_cell_02285
ghsl_8099,ghsl_8099_cell_02286
ghsl_8099,ghsl_8099_cell_02287
ghsl_8099,ghsl_8099_cell_02288
ghsl_8099,ghsl_8099_cell_02289
ghsl_8099,ghsl_8099_cell_02290
ghsl_8099,ghsl_8099_cell_02291
ghsl_8099,ghsl_8099_cell_02292
ghsl_8099,ghsl_8099_cell_02293
ghsl_8099,ghsl_8099_cell_02294
ghsl_8099,ghsl_8099_cell_02295
ghsl_8099,ghsl_8099_cell_02296
ghsl_8099,ghsl_8099_cell_02297
ghsl_8099,ghsl_8099_cell_02298
ghsl_8099,ghsl_8099_cell_02299
ghsl_8099,ghsl_8099_cell_02300
ghsl_8099,ghsl_8099_cell_02301
ghsl_8099,ghsl_8099_cell_02302
ghsl_8099,ghsl_8099_cell_02303
ghsl_8099,ghsl_8099_cell_02304
ghsl_8099,ghsl_8099_cell_02305
ghsl_8099,ghsl_8099_cell_02306
ghsl_8099,ghsl_8099_cell_02307
ghsl_8099,ghsl_8099_cell_02308
ghsl_8099,ghsl_8099_cell_02309
ghsl_8099,ghsl_8099_cell_02310
ghsl_8099,ghsl_8099_cell_02311
ghsl_8099,ghsl_8099_cell_02312
ghsl_8099,ghsl_8099_cell_02313
ghsl_8099,ghsl_8099_cell_02314
ghsl_8099,ghsl_8099_cell_02315
ghsl_8099,ghsl_8099_cell_02316
ghsl_8099,ghsl_8099_cell_02317
ghsl_8099,ghsl_8099_cell_02318
ghsl_8099,ghsl_8099_cell_02319
ghsl_8099,ghsl_8099_cell_02320
ghsl_8099,ghsl_8099_cell_02321
ghsl_8099,ghsl_8099_cell_02322
ghsl_8099,ghsl_8099_cell_02323
ghsl_8099,ghsl_8099_cell_02324
ghsl_8099,ghsl_8099_cell_02325
ghsl_8099,ghsl_8099_cell_02326
ghsl_8099,ghsl_8099_cell_02327
ghsl_8099,ghsl_8099_cell_02328
ghsl_8099,ghsl_8099_cell_02329
ghsl_8099,ghsl_8099_cell_02330
ghsl_8099,ghsl_8099_cell_02331
ghsl_8099,ghsl_8099_cell_02332
ghsl_8099,ghsl_8099_cell_02333
ghsl_8099,ghsl_8099_cell_02334
ghsl_8099,ghsl_8099_cell_02335
ghsl_8099,ghsl_8099_cell_02336
ghsl_8099,ghsl_8099_cell_02337
ghsl_8099,ghsl_8099_cell_02338
ghsl_8099,ghsl_8099_cell_02339
ghsl_8099,ghsl_8099_cell_02340
ghsl_8099,ghsl_8099_cell_02341
ghsl_8099,ghsl_8099_cell_02342
ghsl_8099,ghsl_8099_cell_02343
ghsl_8099,ghsl_8099_cell_02344
ghsl_8099,ghsl_8099_cell_02345
ghsl_8099,ghsl_8099_cell_02346
ghsl_8099,ghsl_8099_cell_02347
ghsl_8099,ghsl_8099_cell_02348
ghsl_8099,ghsl_8099_cell_02349
ghsl_8099,ghsl_8099_cell_02350
ghsl_8099,ghsl_8099_cell_02351
ghsl_8099,ghsl_8099_cell_02352
ghsl_8099,ghsl_8099_cell_02353
ghsl_8099,ghsl_8099_cell_02354
ghsl_8099,ghsl_8099_cell_02355
ghsl_8099,ghsl_8099_cell_02356
ghsl_8099,ghsl_8099_cell_02357
ghsl_8099,ghsl_8099_cell_02358
ghsl_8099,ghsl_8099_cell_02359
ghsl_8099,ghsl_8099_cell_02360
ghsl_8099,ghsl_8099_cell_02361
ghsl_8099,ghsl_8099_cell_02362
ghsl_8099,ghsl_8099_cell_02363
ghsl_8099,ghsl_8099_cell_02364
ghsl_8099,ghsl_8099_cell_02365
ghsl_8099,ghsl_8099_cell_02366
ghsl_8099,ghsl_8099_cell_02367
ghsl_8099,ghsl_8099_cell_02368
ghsl_8099,ghsl_8099_cell_02369
ghsl_8099,ghsl_8099_cell_02370
ghsl_8099,ghsl_8099_cell_02371
ghsl_8099,ghsl_8099_cell_02372
ghsl_8099,ghsl_8099_cell_02373
ghsl_8099,ghsl_8099_cell_02374
ghsl_8099,ghsl_8099_cell_02375
ghsl_8099,ghsl_8099_cell_02376
ghsl_8099,ghsl_8099_cell_02377
ghsl_8099,ghsl_8099_cell_02378
ghsl_8099,ghsl_8099_cell_02379
ghsl_8099,ghsl_8099_cell_02380
ghsl_8099,ghsl_8099_cell_02381
ghsl_8099,ghsl_8099_cell_02382
ghsl_8099,ghsl_8099_cell_02383
ghsl_8099,ghsl_8099_cell_02384
ghsl_8099,ghsl_8099_cell_02385
ghsl_8099,ghsl_8099_cell_02386
ghsl_8099,ghsl_8099_cell_02387
ghsl_8099,ghsl_8099_cell_02388
ghsl_8099,ghsl_8099_cell_02389
ghsl_8099,ghsl_8099_cell_02390
ghsl_8099,ghsl_8099_cell_02391
ghsl_8099,ghsl_8099_cell_02392
ghsl_8099,ghsl_8099_cell_02393
ghsl_8099,ghsl_8099_cell_02394
ghsl_8099,ghsl_8099_cell_02395
ghsl_8099,ghsl_8099_cell_02396
ghsl_8099,ghsl_8099_cell_02397
ghsl_8099,ghsl_8099_cell_02398
ghsl_8099,ghsl_8099_cell_02399
ghsl_8099,ghsl_8099_cell_02400
ghsl_8099,ghsl_8099_cell_02401
ghsl_8099,ghsl_8099_cell_02402
ghsl_8099,ghsl_8099_cell_02403
ghsl_8099,ghsl_8099_cell_02404
ghsl_8099,ghsl_8099_cell_02405
ghsl_8099,ghsl_8099_cell_02406
ghsl_8099,ghsl_8099_cell_02407
ghsl_8099,ghsl_8099_cell_02408
ghsl_8099,ghsl_8099_cell_02409
ghsl_8099,ghsl_8099_cell_02410
ghsl_8099,ghsl_8099_cell_02411
ghsl_8099,ghsl_8099_cell_02412
ghsl_8099,ghsl_8099_cell_02413
ghsl_8099,ghsl_8099_cell_02414
ghsl_8099,ghsl_8099_cell_02415
ghsl_8099,ghsl_8099_cell_02416
ghsl_8099,ghsl_8099_cell_02417
ghsl_8099,ghsl_8099_cell_02418
ghsl_8099,ghsl_8099_cell_02419
ghsl_8099,ghsl_8099_cell_02420
ghsl_8099,ghsl_8099_cell_02421
ghsl_8099,ghsl_8099_cell_02422
ghsl_8099,ghsl_8099_cell_02423
ghsl_8099,ghsl_8099_cell_02424
ghsl_8099,ghsl_8099_cell_02425
ghsl_8099,ghsl_8099_cell_02426
ghsl_8099,ghsl_8099_cell_02427
ghsl_8099,ghsl_8099_cell_02428
ghsl_8099,ghsl_8099_cell_02429
ghsl_8099,ghsl_8099_cell_02430
ghsl_8099,ghsl_8099_cell_02431
ghsl_8099,ghsl_8099_cell_02432
ghsl_8099,ghsl_8099_cell_02433
ghsl_8099,ghsl_8099_cell_02434
ghsl_8099,ghsl_8099_cell_02435
ghsl_8099,ghsl_8099_cell_02436
ghsl_8099,ghsl_8099_cell_02437
ghsl_8099,ghsl_8099_cell_02438
ghsl_8099,ghsl_8099_cell_02439
ghsl_8099,ghsl_8099_cell_02440
ghsl_8099,ghsl_8099_cell_02441
ghsl_8099,ghsl_8099_cell_02442
ghsl_8099,ghsl_8099_cell_02443
ghsl_8099,ghsl_8099_cell_02444
ghsl_8099,ghsl_8099_cell_02445
ghsl_8099,ghsl_8099_cell_02446
ghsl_8099,ghsl_8099_cell_02447
ghsl_8099,ghsl_8099_cell_02448
ghsl_8099,ghsl_8099_cell_02449
ghsl_8099,ghsl_8099_cell_02450
ghsl_8099,ghsl_8099_cell_02451
ghsl_8099,ghsl_8099_cell_02452
ghsl_8099,ghsl_8099_cell_02453
ghsl_8099,ghsl_8099_cell_02454
ghsl_8099,ghsl_8099_cell_02455
ghsl_8099,ghsl_8099_cell_02456
ghsl_8099,ghsl_8099_cell_02457
ghsl_8099,ghsl_8099_cell_02458
ghsl_8099,ghsl_8099_cell_02459
ghsl_8099,ghsl_8099_cell_02460
ghsl_8099,ghsl_8099_cell_02461
ghsl_8099,ghsl_8099_cell_02462
ghsl_8099,ghsl_8099_cell_02463
ghsl_8099,ghsl_8099_cell_02464
ghsl_8099,ghsl_8099_cell_02465
ghsl_8099,ghsl_8099_cell_02466
ghsl_8099,ghsl_8099_cell_02467
ghsl_8099,ghsl_8099_cell_02468
ghsl_8099,ghsl_8099_cell_02469
ghsl_8099,ghsl_8099_cell_02470
ghsl_8099,ghsl_8099_cell_02471
ghsl_8099,ghsl_8099_cell_02472
ghsl_8099,ghsl_8099_cell_02473
ghsl_8099,ghsl_8099_cell_02474
ghsl_8099,ghsl_8099_cell_02475
ghsl_8099,ghsl_8099_cell_02476
ghsl_8099,ghsl_8099_cell_02477
ghsl_8099,ghsl_8099_cell_02478
ghsl_8099,ghsl_8099_cell_02479
ghsl_8099,ghsl_8099_cell_02480
ghsl_8099,ghsl_8099_cell_02481
ghsl_8099,ghsl_8099_cell_02482
ghsl_8099,ghsl_8099_cell_02483
ghsl_8099,ghsl_8099_cell_02484
ghsl_8099,ghsl_8099_cell_02485
ghsl_8099,ghsl_8099_cell_02486
ghsl_8099,ghsl_8099_cell_02487
ghsl_8099,ghsl_8099_cell_02488
ghsl_8099,ghsl_8099_cell_02489
ghsl_8099,ghsl_8099_cell_02490
ghsl_8099,ghsl_8099_cell_02491
ghsl_8099,ghsl_8099_cell_02492
ghsl_8099,ghsl_8099_cell_02493
ghsl_8099,ghsl_8099_cell_02494
ghsl_8099,ghsl_8099_cell_02495
ghsl_8099,ghsl_8099_cell_02496
ghsl_8099,ghsl_8099_cell_02497
ghsl_8099,ghsl_8099_cell_02498
ghsl_8099,ghsl_8099_cell_02499
ghsl_8099,ghsl_8099_cell_02500
ghsl_8099,ghsl_8099_cell_02501
ghsl_8099,ghsl_8099_cell_02502
ghsl_8099,ghsl_8099_cell_02503
ghsl_8099,ghsl_8099_cell_02504
ghsl_8099,ghsl_8099_cell_02505
ghsl_8099,ghsl_8099_cell_02506
ghsl_8099,ghsl_8099_cell_02507
ghsl_8099,ghsl_8099_cell_02508
ghsl_8099,ghsl_8099_cell_02509
ghsl_8099,ghsl_8099_cell_02510
ghsl_8099,ghsl_8099_cell_02511
ghsl_8099,ghsl_8099_cell_02512
ghsl_8099,ghsl_8099_cell_02513
ghsl_8099,ghsl_8099_cell_02514
ghsl_8099,ghsl_8099_cell_02515
ghsl_8099,ghsl_8099_cell_02516
ghsl_8099,ghsl_8099_cell_02517
ghsl_8099,ghsl_8099_cell_02518
ghsl_8099,ghsl_8099_cell_02519
ghsl_8099,ghsl_8099_cell_02520
ghsl_8099,ghsl_8099_cell_02521
ghsl_8099,ghsl_8099_cell_02522
ghsl_8099,ghsl_8099_cell_02523
ghsl_8099,ghsl_8099_cell_02524
ghsl_8099,ghsl_8099_cell_02525
ghsl_8099,ghsl_8099_cell_02526
ghsl_8099,ghsl_8099_cell_02527
ghsl_8099,ghsl_8099_cell_02528
ghsl_8099,ghsl_8099_cell_02529
ghsl_8099,ghsl_8099_cell_02530
ghsl_8099,ghsl_8099_cell_02531
ghsl_8099,ghsl_8099_cell_02532
ghsl_8099,ghsl_8099_cell_02533
ghsl_8099,ghsl_8099_cell_02534
ghsl_8099,ghsl_8099_cell_02535
ghsl_8099,ghsl_8099_cell_02536
ghsl_8099,ghsl_8099_cell_02537
ghsl_8099,ghsl_8099_cell_02538
ghsl_8099,ghsl_8099_cell_02539
ghsl_8099,ghsl_8099_cell_02540
ghsl_8099,ghsl_8099_cell_02541
ghsl_8099,ghsl_8099_cell_02542
ghsl_8099,ghsl_8099_cell_02543
ghsl_8099,ghsl_8099_cell_02544
ghsl_8099,ghsl_8099_cell_02545
ghsl_8099,ghsl_8099_cell_02546
ghsl_8099,ghsl_8099_cell_02547
ghsl_8099,ghsl_8099_cell_02548
ghsl_8099,ghsl_8099_cell_02549
ghsl_8099,ghsl_8099_cell_02550
ghsl_8099,ghsl_8099_cell_02551
ghsl_8099,ghsl_8099_cell_02552
ghsl_8099,ghsl_8099_cell_02553
ghsl_8099,ghsl_8099_cell_02554
ghsl_8099,ghsl_8099_cell_02555
ghsl_8099,ghsl_8099_cell_02556
ghsl_8099,ghsl_8099_cell_02557
ghsl_8099,ghsl_8099_cell_02558
ghsl_8099,ghsl_8099_cell_02559
ghsl_8099,ghsl_8099_cell_02560
ghsl_8099,ghsl_8099_cell_02561
ghsl_8099,ghsl_8099_cell_02562
ghsl_8099,ghsl_8099_cell_02563
ghsl_8099,ghsl_8099_cell_02564
ghsl_8099,ghsl_8099_cell_02565
ghsl_8099,ghsl_8099_cell_02566
ghsl_8099,ghsl_8099_cell_02567
ghsl_8099,ghsl_8099_cell_02568
ghsl_8099,ghsl_8099_cell_02569
ghsl_8099,ghsl_8099_cell_02570
ghsl_8099,ghsl_8099_cell_02571
ghsl_8099,ghsl_8099_cell_02572
ghsl_8099,ghsl_8099_cell_02573
ghsl_8099,ghsl_8099_cell_02574
ghsl_8099,ghsl_8099_cell_02575
ghsl_8099,ghsl_8099_cell_02576
ghsl_8099,ghsl_8099_cell_02577
ghsl_8099,ghsl_8099_cell_02578
ghsl_8099,ghsl_8099_cell_02579
ghsl_8099,ghsl_8099_cell_02580
ghsl_8099,ghsl_8099_cell_02581
ghsl_8099,ghsl_8099_cell_02582
ghsl_8099,ghsl_8099_cell_02583
ghsl_8099,ghsl_8099_cell_02584
ghsl_8099,ghsl_8099_cell_02585
ghsl_8099,ghsl_8099_cell_02586
ghsl_8099,ghsl_8099_cell_02587
ghsl_8099,ghsl_8099_cell_02588
ghsl_8099,ghsl_8099_cell_02589
ghsl_8099,ghsl_8099_cell_02590
ghsl_8099,ghsl_8099_cell_02591
ghsl_8099,ghsl_8099_cell_02592
ghsl_8099,ghsl_8099_cell_02593
ghsl_8099,ghsl_8099_cell_02594
ghsl_8099,ghsl_8099_cell_02595
ghsl_8099,ghsl_8099_cell_02596
ghsl_8099,ghsl_8099_cell_02597
ghsl_8099,ghsl_8099_cell_02598
ghsl_8099,ghsl_8099_cell_02599
ghsl_8099,ghsl_8099_cell_02600
ghsl_8099,ghsl_8099_cell_02601
ghsl_8099,ghsl_8099_cell_02602
ghsl_8099,ghsl_8099_cell_02603
ghsl_8099,ghsl_8099_cell_02604
ghsl_8099,ghsl_8099_cell_02605
ghsl_8099,ghsl_8099_cell_02606
ghsl_8099,ghsl_8099_cell_02607
ghsl_8099,ghsl_8099_cell_02608
ghsl_8099,ghsl_8099_cell_02609
ghsl_8099,ghsl_8099_cell_02610
ghsl_8099,ghsl_8099_cell_02611
ghsl_8099,ghsl_8099_cell_02612
ghsl_8099,ghsl_8099_cell_02613
ghsl_8099,ghsl_8099_cell_02614
ghsl_8099,ghsl_8099_cell_02615
ghsl_8099,ghsl_8099_cell_02616
ghsl_8099,ghsl_8099_cell_02617
ghsl_8099,ghsl_8099_cell_02618
ghsl_8099,ghsl_8099_cell_02619
ghsl_8099,ghsl_8099_cell_02620
ghsl_8099,ghsl_8099_cell_02621
ghsl_8099,ghsl_8099_cell_02622
ghsl_8099,ghsl_8099_cell_02623
ghsl_8099,ghsl_8099_cell_02624
ghsl_8099,ghsl_8099_cell_02625
ghsl_8099,ghsl_8099_cell_02626
ghsl_8099,ghsl_8099_cell_02627
ghsl_8099,ghsl_8099_cell_02628
ghsl_8099,ghsl_8099_cell_02629
ghsl_8099,ghsl_8099_cell_02630
ghsl_8099,ghsl_8099_cell_02631
ghsl_8099,ghsl_8099_cell_02632
ghsl_8099,ghsl_8099_cell_02633
ghsl_8099,ghsl_8099_cell_02634
ghsl_8099,ghsl_8099_cell_02635
ghsl_8099,ghsl_8099_cell_02636
ghsl_8099,ghsl_8099_cell_02637
ghsl_8099,ghsl_8099_cell_02638
ghsl_8099,ghsl_8099_cell_02639
ghsl_8099,ghsl_8099_cell_02640
ghsl_8099,ghsl_8099_cell_02641
ghsl_8099,ghsl_8099_cell_02642
ghsl_8099,ghsl_8099_cell_02643
ghsl_8099,ghsl_8099_cell_02644
ghsl_8099,ghsl_8099_cell_02645
ghsl_8099,ghsl_8099_cell_02646
ghsl_8099,ghsl_8099_cell_02647
ghsl_8099,ghsl_8099_cell_02648
ghsl_8099,ghsl_8099_cell_02649
ghsl_8099,ghsl_8099_cell_02650
ghsl_8099,ghsl_8099_cell_02651
ghsl_8099,ghsl_8099_cell_02652
ghsl_8099,ghsl_8099_cell_02653
ghsl_8099,ghsl_8099_cell_02654
ghsl_8099,ghsl_8099_cell_02655
ghsl_8099,ghsl_8099_cell_02656
ghsl_8099,ghsl_8099_cell_02657
ghsl_8099,ghsl_8099_cell_02658
ghsl_8099,ghsl_8099_cell_02659
ghsl_8099,ghsl_8099_cell_02660
ghsl_8099,ghsl_8099_cell_02661
ghsl_8099,ghsl_8099_cell_02662
ghsl_8099,ghsl_8099_cell_02663
ghsl_8099,ghsl_8099_cell_02664
ghsl_8099,ghsl_8099_cell_02665
ghsl_8099,ghsl_8099_cell_02666
ghsl_8099,ghsl_8099_cell_02667
ghsl_8099,ghsl_8099_cell_02668
ghsl_8099,ghsl_8099_cell_02669
ghsl_8099,ghsl_8099_cell_02670
ghsl_8099,ghsl_8099_cell_02671
ghsl_8099,ghsl_8099_cell_02672
ghsl_8099,ghsl_8099_cell_02673
ghsl_8099,ghsl_8099_cell_02674
ghsl_8099,ghsl_8099_cell_02675
ghsl_8099,ghsl_8099_cell_02676
ghsl_8099,ghsl_8099_cell_02677
ghsl_8099,ghsl_8099_cell_02678
ghsl_8099,ghsl_8099_cell_02679
ghsl_8099,ghsl_8099_cell_02680
ghsl_8099,ghsl_8099_cell_02681
ghsl_8099,ghsl_8099_cell_02682
ghsl_8099,ghsl_8099_cell_02683
ghsl_8099,ghsl_8099_cell_02684
ghsl_8099,ghsl_8099_cell_02685
ghsl_8099,ghsl_8099_cell_02686
ghsl_8099,ghsl_8099_cell_02687
ghsl_8099,ghsl_8099_cell_02688
ghsl_8099,ghsl_8099_cell_02689
ghsl_8099,ghsl_8099_cell_02690
ghsl_8099,ghsl_8099_cell_02691
ghsl_8099,ghsl_8099_cell_02692
ghsl_8099,ghsl_8099_cell_02693
ghsl_8099,ghsl_8099_cell_02694
ghsl_8099,ghsl_8099_cell_02695
ghsl_8099,ghsl_8099_cell_02696
ghsl_8099,ghsl_8099_cell_02697
ghsl_8099,ghsl_8099_cell_02698
ghsl_8099,ghsl_8099_cell_02699
ghsl_8099,ghsl_8099_cell_02700
ghsl_8099,ghsl_8099_cell_02701
ghsl_8099,ghsl_8099_cell_02702
ghsl_8099,ghsl_8099_cell_02703
ghsl_8099,ghsl_8099_cell_02704
ghsl_8099,ghsl_8099_cell_02705
ghsl_8099,ghsl_8099_cell_02706
ghsl_8099,ghsl_8099_cell_02707
ghsl_8099,ghsl_8099_cell_02708
ghsl_8099,ghsl_8099_cell_02709
ghsl_8099,ghsl_8099_cell_02710
ghsl_8099,ghsl_8099_cell_02711
ghsl_8099,ghsl_8099_cell_02712
ghsl_8099,ghsl_8099_cell_02713
ghsl_8099,ghsl_8099_cell_02714
ghsl_8099,ghsl_8099_cell_02715
ghsl_8099,ghsl_8099_cell_02716
ghsl_8099,ghsl_8099_cell_02717
ghsl_8099,ghsl_8099_cell_02718
ghsl_8099,ghsl_8099_cell_02719
ghsl_8099,ghsl_8099_cell_02720
ghsl_8099,ghsl_8099_cell_02721
ghsl_8099,ghsl_8099_cell_02722
ghsl_8099,ghsl_8099_cell_02723
ghsl_8099,ghsl_8099_cell_02724
ghsl_8099,ghsl_8099_cell_02725
ghsl_8099,ghsl_8099_cell_02726
ghsl_8099,ghsl_8099_cell_02727
ghsl_8099,ghsl_8099_cell_02728
ghsl_8099,ghsl_8099_cell_02729
ghsl_8099,ghsl_8099_cell_02730
ghsl_8099,ghsl_8099_cell_02731
ghsl_8099,ghsl_8099_cell_02732
ghsl_8099,ghsl_8099_cell_02733
ghsl_8099,ghsl_8099_cell_02734
ghsl_8099,ghsl_8099_cell_02735
ghsl_8099,ghsl_8099_cell_02736
ghsl_8099,ghsl_8099_cell_02737
ghsl_8099,ghsl_8099_cell_02738
ghsl_8099,ghsl_8099_cell_02739
ghsl_8099,ghsl_8099_cell_02740
ghsl_8099,ghsl_8099_cell_02741
ghsl_8099,ghsl_8099_cell_02742
ghsl_8099,ghsl_8099_cell_02743
ghsl_8099,ghsl_8099_cell_02744
ghsl_8099,ghsl_8099_cell_02745
ghsl_8099,ghsl_8099_cell_02746
ghsl_8099,ghsl_8099_cell_02747
ghsl_8099,ghsl_8099_cell_02748
ghsl_8099,ghsl_8099_cell_02749
ghsl_8099,ghsl_8099_cell_02750
ghsl_8099,ghsl_8099_cell_02751
ghsl_8099,ghsl_8099_cell_02752
ghsl_8099,ghsl_8099_cell_02753
ghsl_8099,ghsl_8099_cell_02754
ghsl_8099,ghsl_8099_cell_02755
ghsl_8099,ghsl_8099_cell_02756
ghsl_8099,ghsl_8099_cell_02757
ghsl_8099,ghsl_8099_cell_02758
ghsl_8099,ghsl_8099_cell_02759
ghsl_8099,ghsl_8099_cell_02760
ghsl_8099,ghsl_8099_cell_02761
ghsl_8099,ghsl_8099_cell_02762
ghsl_8099,ghsl_8099_cell_02763
ghsl_8099,ghsl_8099_cell_02764
ghsl_8099,ghsl_8099_cell_02765
ghsl_8099,ghsl_8099_cell_02766
ghsl_8099,ghsl_8099_cell_02767
ghsl_8099,ghsl_8099_cell_02768
ghsl_8099,ghsl_8099_cell_02769
ghsl_8099,ghsl_8099_cell_02770
ghsl_8099,ghsl_8099_cell_02771
ghsl_8099,ghsl_8099_cell_02772
ghsl_8099,ghsl_8099_cell_02773
ghsl_8099,ghsl_8099_cell_02774
ghsl_8099,ghsl_8099_cell_02775
ghsl_8099,ghsl_8099_cell_02776
ghsl_8099,ghsl_8099_cell_02777
ghsl_8099,ghsl_8099_cell_02778
ghsl_8099,ghsl_8099_cell_02779
ghsl_8099,ghsl_8099_cell_02780
ghsl_8099,ghsl_8099_cell_02781
ghsl_8099,ghsl_8099_cell_02782
ghsl_8099,ghsl_8099_cell_02783
ghsl_8099,ghsl_8099_cell_02784
ghsl_8099,ghsl_8099_cell_02785
ghsl_8099,ghsl_8099_cell_02786
ghsl_8099,ghsl_8099_cell_02787
ghsl_8099,ghsl_8099_cell_02788
ghsl_8099,ghsl_8099_cell_02789
ghsl_8099,ghsl_8099_cell_02790
ghsl_8099,ghsl_8099_cell_02791
ghsl_8099,ghsl_8099_cell_02792
ghsl_8099,ghsl_8099_cell_02793
ghsl_8099,ghsl_8099_cell_02794
ghsl_8099,ghsl_8099_cell_02795
ghsl_8099,ghsl_8099_cell_02796
ghsl_8099,ghsl_8099_cell_02797
ghsl_8099,ghsl_8099_cell_02798
ghsl_8099,ghsl_8099_cell_02799
ghsl_8099,ghsl_8099_cell_02800
ghsl_8099,ghsl_8099_cell_02801
ghsl_8099,ghsl_8099_cell_02802
ghsl_8099,ghsl_8099_cell_02803
ghsl_8099,ghsl_8099_cell_02804
ghsl_8099,ghsl_8099_cell_02805
ghsl_8099,ghsl_8099_cell_02806
ghsl_8099,ghsl_8099_cell_02807
ghsl_8099,ghsl_8099_cell_02808
ghsl_8099,ghsl_8099_cell_02809
ghsl_8099,ghsl_8099_cell_02810
ghsl_8099,ghsl_8099_cell_02811
ghsl_8099,ghsl_8099_cell_02812
ghsl_8099,ghsl_8099_cell_02813
ghsl_8099,ghsl_8099_cell_02814
ghsl_8099,ghsl_8099_cell_02815
ghsl_8099,ghsl_8099_cell_02816
ghsl_8099,ghsl_8099_cell_02817
ghsl_8099,ghsl_8099_cell_02818
ghsl_8099,ghsl_8099_cell_02819
ghsl_8099,ghsl_8099_cell_02820
ghsl_8099,ghsl_8099_cell_02821
ghsl_8099,ghsl_8099_cell_02822
ghsl_8099,ghsl_8099_cell_02823
ghsl_8099,ghsl_8099_cell_02824
ghsl_8099,ghsl_8099_cell_02825
ghsl_8099,ghsl_8099_cell_02826
ghsl_8099,ghsl_8099_cell_02827
ghsl_8099,ghsl_8099_cell_02828
ghsl_8099,ghsl_8099_cell_02829
ghsl_8099,ghsl_8099_cell_02830
ghsl_8099,ghsl_8099_cell_02831
ghsl_8099,ghsl_8099_cell_02832
ghsl_8099,ghsl_8099_cell_02833
ghsl_8099,ghsl_8099_cell_02834
ghsl_8099,ghsl_8099_cell_02835
ghsl_8099,ghsl_8099_cell_02836
ghsl_8099,ghsl_8099_cell_02837
ghsl_8099,ghsl_8099_cell_02838
ghsl_8099,ghsl_8099_cell_02839
ghsl_8099,ghsl_8099_cell_02840
ghsl_8099,ghsl_8099_cell_02841
ghsl_8099,ghsl_8099_cell_02842
ghsl_8099,ghsl_8099_cell_02843
ghsl_8099,ghsl_8099_cell_02844
ghsl_8099,ghsl_8099_cell_02845
ghsl_8099,ghsl_8099_cell_02846
ghsl_8099,ghsl_8099_cell_02847
ghsl_8099,ghsl_8099_cell_02848
ghsl_8099,ghsl_8099_cell_02849
ghsl_8099,ghsl_8099_cell_02850
ghsl_8099,ghsl_8099_cell_02851
ghsl_8099,ghsl_8099_cell_02852
ghsl_8099,ghsl_8099_cell_02853
ghsl_8099,ghsl_8099_cell_02854
ghsl_8099,ghsl_8099_cell_02855
ghsl_8099,ghsl_8099_cell_02856
ghsl_8099,ghsl_8099_cell_02857
ghsl_8099,ghsl_8099_cell_02858
ghsl_8099,ghsl_8099_cell_02859
ghsl_8099,ghsl_8099_cell_02860
ghsl_8099,ghsl_8099_cell_02861
ghsl_8099,ghsl_8099_cell_02862
ghsl_8099,ghsl_8099_cell_02863
ghsl_8099,ghsl_8099_cell_02864
ghsl_8099,ghsl_8099_cell_02865
ghsl_8099,ghsl_8099_cell_02866
ghsl_8099,ghsl_8099_cell_02867
ghsl_8099,ghsl_8099_cell_02868
ghsl_8099,ghsl_8099_cell_02869
ghsl_8099,ghsl_8099_cell_02870
ghsl_8099,ghsl_8099_cell_02871
ghsl_8099,ghsl_8099_cell_02872
ghsl_8099,ghsl_8099_cell_02873
ghsl_8099,ghsl_8099_cell_02874
ghsl_8099,ghsl_8099_cell_02875
ghsl_8099,ghsl_8099_cell_02876
ghsl_8099,ghsl_8099_cell_02877
ghsl_8099,ghsl_8099_cell_02878
ghsl_8099,ghsl_8099_cell_02879
ghsl_8099,ghsl_8099_cell_02880
ghsl_8099,ghsl_8099_cell_02881
ghsl_8099,ghsl_8099_cell_02882
ghsl_8099,ghsl_8099_cell_02883
ghsl_8099,ghsl_8099_cell_02884
ghsl_8099,ghsl_8099_cell_02885
ghsl_8099,ghsl_8099_cell_02886
ghsl_8099,ghsl_8099_cell_02887
ghsl_8099,ghsl_8099_cell_02888
ghsl_8099,ghsl_8099_cell_02889
ghsl_8099,ghsl_8099_cell_02890
ghsl_8099,ghsl_8099_cell_02891
ghsl_8099,ghsl_8099_cell_02892
ghsl_8099,ghsl_8099_cell_02893
ghsl_8099,ghsl_8099_cell_02894
ghsl_8099,ghsl_8099_cell_02895
ghsl_8099,ghsl_8099_cell_02896
ghsl_8099,ghsl_8099_cell_02897
ghsl_8099,ghsl_8099_cell_02898
ghsl_8099,ghsl_8099_cell_02899
ghsl_8099,ghsl_8099_cell_02900
ghsl_8099,ghsl_8099_cell_02901
ghsl_8099,ghsl_8099_cell_02902
ghsl_8099,ghsl_8099_cell_02903
ghsl_8099,ghsl_8099_cell_02904
ghsl_8099,ghsl_8099_cell_02905
ghsl_8099,ghsl_8099_cell_02906
ghsl_8099,ghsl_8099_cell_02907
ghsl_8099,ghsl_8099_cell_02908
ghsl_8099,ghsl_8099_cell_02909
ghsl_8099,ghsl_8099_cell_02910
ghsl_8099,ghsl_8099_cell_02911
ghsl_8099,ghsl_8099_cell_02912
ghsl_8099,ghsl_8099_cell_02913
ghsl_8099,ghsl_8099_cell_02914
ghsl_8099,ghsl_8099_cell_02915
ghsl_8099,ghsl_8099_cell_02916
ghsl_8099,ghsl_8099_cell_02917
ghsl_8099,ghsl_8099_cell_02918
ghsl_8099,ghsl_8099_cell_02919
ghsl_8099,ghsl_8099_cell_02920
ghsl_8099,ghsl_8099_cell_02921
ghsl_8099,ghsl_8099_cell_02922
ghsl_8099,ghsl_8099_cell_02923
ghsl_8099,ghsl_8099_cell_02924
ghsl_8099,ghsl_8099_cell_02925
ghsl_8099,ghsl_8099_cell_02926
ghsl_8099,ghsl_8099_cell_02927
ghsl_8099,ghsl_8099_cell_02928
ghsl_8099,ghsl_8099_cell_02929
ghsl_8099,ghsl_8099_cell_02930
ghsl_8099,ghsl_8099_cell_02931
ghsl_8099,ghsl_8099_cell_02932
ghsl_8099,ghsl_8099_cell_02933
ghsl_8099,ghsl_8099_cell_02934
ghsl_8099,ghsl_8099_cell_02935
ghsl_8099,ghsl_8099_cell_02936
ghsl_8099,ghsl_8099_cell_02937
ghsl_8099,ghsl_8099_cell_02938
ghsl_8099,ghsl_8099_cell_02939
ghsl_8099,ghsl_8099_cell_02940
ghsl_8099,ghsl_8099_cell_02941
ghsl_8099,ghsl_8099_cell_02942
ghsl_8099,ghsl_8099_cell_02943
ghsl_8099,ghsl_8099_cell_02944
ghsl_8099,ghsl_8099_cell_02945
ghsl_8099,ghsl_8099_cell_02946
ghsl_8099,ghsl_8099_cell_02947
ghsl_8099,ghsl_8099_cell_02948
ghsl_8099,ghsl_8099_cell_02949
ghsl_8099,ghsl_8099_cell_02950
ghsl_8099,ghsl_8099_cell_02951
ghsl_8099,ghsl_8099_cell_02952
ghsl_8099,ghsl_8099_cell_02953
ghsl_8099,ghsl_8099_cell_02954
ghsl_8099,ghsl_8099_cell_02955
ghsl_8099,ghsl_8099_cell_02956
ghsl_8099,ghsl_8099_cell_02957
ghsl_8099,ghsl_8099_cell_02958
ghsl_8099,ghsl_8099_cell_02959
ghsl_8099,ghsl_8099_cell_02960
ghsl_8099,ghsl_8099_cell_02961
ghsl_8099,ghsl_8099_cell_02962
ghsl_8099,ghsl_8099_cell_02963
ghsl_8099,ghsl_8099_cell_02964
ghsl_8099,ghsl_8099_cell_02965
ghsl_8099,ghsl_8099_cell_02966
ghsl_8099,ghsl_8099_cell_02967
ghsl_8099,ghsl_8099_cell_02968
ghsl_8099,ghsl_8099_cell_02969
ghsl_8099,ghsl_8099_cell_02970
ghsl_8099,ghsl_8099_cell_02971
ghsl_8099,ghsl_8099_cell_02972
ghsl_8099,ghsl_8099_cell_02973
ghsl_8099,ghsl_8099_cell_02974
ghsl_8099,ghsl_8099_cell_02975
ghsl_8099,ghsl_8099_cell_02976
ghsl_8099,ghsl_8099_cell_02977
ghsl_8099,ghsl_8099_cell_02978
ghsl_8099,ghsl_8099_cell_02979
ghsl_8099,ghsl_8099_cell_02980
ghsl_8099,ghsl_8099_cell_02981
ghsl_8099,ghsl_8099_cell_02982
ghsl_8099,ghsl_8099_cell_02983
ghsl_8099,ghsl_8099_cell_02984
ghsl_8099,ghsl_8099_cell_02985
ghsl_8099,ghsl_8099_cell_02986
ghsl_8099,ghsl_8099_cell_02987
ghsl_8099,ghsl_8099_cell_02988
ghsl_8099,ghsl_8099_cell_02989
ghsl_8099,ghsl_8099_cell_02990
ghsl_8099,ghsl_8099_cell_02991
ghsl_8099,ghsl_8099_cell_02992
ghsl_8099,ghsl_8099_cell_02993
ghsl_8099,ghsl_8099_cell_02994
ghsl_8099,ghsl_8099_cell_02995
ghsl_8099,ghsl_8099_cell_02996
ghsl_8099,ghsl_8099_cell_02997
ghsl_8099,ghsl_8099_cell_02998
ghsl_8099,ghsl_8099_cell_02999
ghsl_8099,ghsl_8099_cell_03000
ghsl_8099,ghsl_8099_cell_03001
ghsl_8099,ghsl_8099_cell_03002
ghsl_8099,ghsl_8099_cell_03003
ghsl_8099,ghsl_8099_cell_03004
ghsl_8099,ghsl_8099_cell_03005
ghsl_8099,ghsl_8099_cell_03006
ghsl_8099,ghsl_8099_cell_03007
ghsl_8099,ghsl_8099_cell_03008
ghsl_8099,ghsl_8099_cell_03009
ghsl_8099,ghsl_8099_cell_03010
ghsl_8099,ghsl_8099_cell_03011
ghsl_8099,ghsl_8099_cell_03012
ghsl_8099,ghsl_8099_cell_03013
ghsl_8099,ghsl_8099_cell_03014
ghsl_8099,ghsl_8099_cell_03015
ghsl_8099,ghsl_8099_cell_03016
ghsl_8099,ghsl_8099_cell_03017
ghsl_8099,ghsl_8099_cell_03018
ghsl_8099,ghsl_8099_cell_03019
ghsl_8099,ghsl_8099_cell_03020
ghsl_8099,ghsl_8099_cell_03021
ghsl_8099,ghsl_8099_cell_03022
ghsl_8099,ghsl_8099_cell_03023
ghsl_8099,ghsl_8099_cell_03024
ghsl_8099,ghsl_8099_cell_03025
ghsl_8099,ghsl_8099_cell_03026
ghsl_8099,ghsl_8099_cell_03027
ghsl_8099,ghsl_8099_cell_03028
ghsl_8099,ghsl_8099_cell_03029
ghsl_8099,ghsl_8099_cell_03030
